<?xml version="1.0" encoding="UTF-8"?>
<gpx xmlns="http://www.topografix.com/GPX/1/1" version="1.1" creator="FME(R) 2021.1.0.1">
	<metadata>
		<time>2025-10-20T13:45:31+02:00</time>
		<bounds minlat="51.374843943219119" minlon="11.356291235022059" maxlat="53.439301837394673" maxlon="14.756256084241592"/>
	</metadata>
	<wpt lat="52.75823464629525" lon="13.783403171115157">
		<name>1679</name>
		<cmt>Tuchen; Ortsausgang Tuchen in Richtung Grüntal</cmt>
		<desc>Tuchen; Ortsausgang Tuchen in Richtung Grüntal</desc>
		<src>LB Forst Brandenburg</src>
	</wpt>
	<wpt lat="51.415833561518532" lon="13.769647065178683">
		<name>1822</name>
		<cmt>Frauendorf; Ortslage Feuerwehr</cmt>
		<desc>Frauendorf; Ortslage Feuerwehr</desc>
		<src>LB Forst Brandenburg</src>
	</wpt>
	<wpt lat="52.109656230639231" lon="12.749921752541564">
		<name>2114</name>
		<cmt>Grabow; Ortsausgang Grabow nach Haseloff</cmt>
		<desc>Grabow; Ortsausgang Grabow nach Haseloff</desc>
		<src>LB Forst Brandenburg</src>
	</wpt>
	<wpt lat="52.112121526726234" lon="12.821720983198201">
		<name>2104</name>
		<cmt>Nichel; Ortsausgang Nichel nach Treuenbrietzen</cmt>
		<desc>Nichel; Ortsausgang Nichel nach Treuenbrietzen</desc>
		<src>LB Forst Brandenburg</src>
	</wpt>
	<wpt lat="51.992799675645202" lon="12.581505324854405">
		<name>2111</name>
		<cmt>Rabenstein, Groß Marzehns; Am Teich</cmt>
		<desc>Rabenstein, Groß Marzehns; Am Teich</desc>
		<src>LB Forst Brandenburg</src>
	</wpt>
	<wpt lat="51.511422712240289" lon="13.982795629911665">
		<name>1892</name>
		<cmt>Senftenberg; Feuerwehr Senftenberg</cmt>
		<desc>Senftenberg; Feuerwehr Senftenberg</desc>
		<src>LB Forst Brandenburg</src>
	</wpt>
	<wpt lat="53.149733649647601" lon="13.449261552941058">
		<name>1395</name>
		<cmt>Templin; Albertshof, Abzweig Alt-Placht</cmt>
		<desc>Templin; Albertshof, Abzweig Alt-Placht</desc>
		<src>LB Forst Brandenburg</src>
	</wpt>
	<wpt lat="52.709268832331141" lon="12.793852571335991">
		<name>1674</name>
		<cmt>Fehrbellin, Königshorst; Kita</cmt>
		<desc>Fehrbellin, Königshorst; Kita</desc>
		<src>LB Forst Brandenburg</src>
	</wpt>
	<wpt lat="51.880828592854918" lon="13.348754952336101">
		<name>2394</name>
		<cmt>Ihlow,  Ilmersdorf; B102, Bushaltestelle</cmt>
		<desc>Ihlow,  Ilmersdorf; B102, Bushaltestelle</desc>
		<src>LB Forst Brandenburg</src>
	</wpt>
	<wpt lat="52.283267543191052" lon="13.988598062248219">
		<name>1080</name>
		<cmt>Kolpin; Bushaltestelle Neuer Weg; Neu Reichenwalde</cmt>
		<desc>Kolpin; Bushaltestelle Neuer Weg; Neu Reichenwalde</desc>
		<src>LB Forst Brandenburg</src>
	</wpt>
	<wpt lat="51.62115" lon="13.09632">
		<name>EE BF-005</name>
		<cmt>Züllsdorf-Zwethauer Weg</cmt>
		<desc>Züllsdorf-Zwethauer Weg</desc>
		<src>Bundesforst</src>
	</wpt>
	<wpt lat="52.894766160681485" lon="12.036790309285635">
		<name>RP2</name>
		<cmt>19339 Plattenburg, Glöwen L10 Nitzow-Quitzöbel, in Kurve Einfahrt rechts</cmt>
		<desc>19339 Plattenburg, Glöwen L10 Nitzow-Quitzöbel, in Kurve Einfahrt rechts</desc>
		<src>Bundesforst</src>
	</wpt>
	<wpt lat="52.210255000591431" lon="12.789320999847561">
		<name>SRP 3</name>
		<cmt>14822 Brück B246, Brück Ausbau, Platzrandstraße</cmt>
		<desc>14822 Brück B246, Brück Ausbau, Platzrandstraße</desc>
		<src>Bundesforst</src>
	</wpt>
	<wpt lat="52.260457000528199" lon="12.812908999649634">
		<name>SRP 2</name>
		<cmt>14822 Borkwalde Lehniner Straße</cmt>
		<desc>14822 Borkwalde Lehniner Straße</desc>
		<src>Bundesforst</src>
	</wpt>
	<wpt lat="52.29322400115479" lon="12.805106000518268">
		<name>SRP 1</name>
		<cmt>14797 Kloster Lehnin L88 Busendorf-Emstal, Abzweig Platzrandstraße</cmt>
		<desc>14797 Kloster Lehnin L88 Busendorf-Emstal, Abzweig Platzrandstraße</desc>
		<src>Bundesforst</src>
	</wpt>
	<wpt lat="51.640133999879872" lon="13.088846999703778">
		<name>EE BF-002</name>
		<cmt>Einfahrt Züllsdorf-Peisker Weg</cmt>
		<desc>Einfahrt Züllsdorf-Peisker Weg</desc>
		<src>Bundesforst</src>
	</wpt>
	<wpt lat="52.293553000464719" lon="12.733552">
		<name>SRP 6</name>
		<cmt>14797 Kloster Lehnin, Rädel TrÜbPl</cmt>
		<desc>14797 Kloster Lehnin, Rädel TrÜbPl</desc>
		<src>Bundesforst</src>
	</wpt>
	<wpt lat="52.900557221081769" lon="12.025435089538224">
		<name>RP3</name>
		<cmt>19339 Plattenburg, Glöwen L10 Abzweig K7006 Richtung Roddan, nach 1km Einfahrt in Rechtskurve</cmt>
		<desc>19339 Plattenburg, Glöwen L10 Abzweig K7006 Richtung Roddan, nach 1km Einfahrt in Rechtskurve</desc>
		<src>Bundesforst</src>
	</wpt>
	<wpt lat="51.658964999840762" lon="13.162359">
		<name>EE BF-004</name>
		<cmt>Straße von Buckau-Waldkante</cmt>
		<desc>Straße von Buckau-Waldkante</desc>
		<src>Bundesforst</src>
	</wpt>
	<wpt lat="52.24705700088245" lon="12.705772999923814">
		<name>SRP 4</name>
		<cmt>14822 Planebruch, Damelang</cmt>
		<desc>14822 Planebruch, Damelang</desc>
		<src>Bundesforst</src>
	</wpt>
	<wpt lat="51.69908" lon="13.16087">
		<name>EE BF-003</name>
		<cmt>MSB-Einfahrt Mahdel</cmt>
		<desc>MSB-Einfahrt Mahdel</desc>
		<src>Bundesforst</src>
	</wpt>
	<wpt lat="52.902646240877928" lon="12.064362079836815">
		<name>RP4</name>
		<cmt>19339 Plattenburg, Glöwen B107, Abzweig K7005 Richtung Roddan, nach 350m Einfahrt links</cmt>
		<desc>19339 Plattenburg, Glöwen B107, Abzweig K7005 Richtung Roddan, nach 350m Einfahrt links</desc>
		<src>Bundesforst</src>
	</wpt>
	<wpt lat="51.6553" lon="13.11351">
		<name>EE BF-001</name>
		<cmt>OV Züllsdorf-Annaburg, Waldeinfahrt</cmt>
		<desc>OV Züllsdorf-Annaburg, Waldeinfahrt</desc>
		<src>Bundesforst</src>
	</wpt>
	<wpt lat="52.265977001014051" lon="12.685082999395364">
		<name>SRP 5</name>
		<cmt>14822 Planebruch, Cammer TrÜbPl</cmt>
		<desc>14822 Planebruch, Cammer TrÜbPl</desc>
		<src>Bundesforst</src>
	</wpt>
	<wpt lat="52.887351191303331" lon="12.049638759384592">
		<name>RP5</name>
		<cmt>19339 Plattenburg, Glöwen L10 Nitzow - Quitzöbel, Nitzow</cmt>
		<desc>19339 Plattenburg, Glöwen L10 Nitzow - Quitzöbel, Nitzow</desc>
		<src>Bundesforst</src>
	</wpt>
	<wpt lat="52.893728231371824" lon="12.066790479413307">
		<name>RP1</name>
		<cmt>19339 Plattenburg, Glöwen Friedrichswalde, Straße zum StOÜbPl</cmt>
		<desc>19339 Plattenburg, Glöwen Friedrichswalde, Straße zum StOÜbPl</desc>
		<src>Bundesforst</src>
	</wpt>
	<wpt lat="52.906876330510805" lon="12.025346749282104">
		<name>RP6</name>
		<cmt>19339 Plattenburg, Glöwen K7005 Roddan Richtung Glöwen, Abzweig K7006, ca 650m Einfahrt links</cmt>
		<desc>19339 Plattenburg, Glöwen K7005 Roddan Richtung Glöwen, Abzweig K7006, ca 650m Einfahrt links</desc>
		<src>Bundesforst</src>
	</wpt>
	<wpt lat="51.511383729227802" lon="13.803177950496012">
		<name>1830</name>
		<cmt>Lauchhammer - Ost; L 60, Kreuzung Lauchhammer - Ost, Kostebrau, Lichterfeld</cmt>
		<desc>Lauchhammer - Ost; L 60, Kreuzung Lauchhammer - Ost, Kostebrau, Lichterfeld</desc>
		<src>LB Forst Brandenburg</src>
	</wpt>
	<wpt lat="52.305651734940206" lon="13.111454333946686">
		<name>2868</name>
		<cmt>Nuthetal, Saarmund; Am Flugplatz</cmt>
		<desc>Nuthetal, Saarmund; Am Flugplatz</desc>
		<src>LB Forst Brandenburg</src>
	</wpt>
	<wpt lat="51.857916568476078" lon="13.856728148615714">
		<name>2373</name>
		<cmt>Hindenburg; Gaststätte Kartoffelnest</cmt>
		<desc>Hindenburg; Gaststätte Kartoffelnest</desc>
		<src>LB Forst Brandenburg</src>
	</wpt>
	<wpt lat="52.16955143752147" lon="13.381892567803279">
		<name>1055</name>
		<cmt>Am Mellensee, Rehagen; Sportplatz Rehhagen</cmt>
		<desc>Am Mellensee, Rehagen; Sportplatz Rehhagen</desc>
		<src>LB Forst Brandenburg</src>
	</wpt>
	<wpt lat="51.97817256698788" lon="14.191170689441373">
		<name>2321</name>
		<cmt>Mochow; Mochower Dorstr. 2,  Gaststätte "Graßmehl"</cmt>
		<desc>Mochow; Mochower Dorstr. 2,  Gaststätte "Graßmehl"</desc>
		<src>LB Forst Brandenburg</src>
	</wpt>
	<wpt lat="52.040278430525937" lon="13.139111169437832">
		<name>2260</name>
		<cmt>Jüterbog, Neuhof; Dorfstraße, Gemeindehaus</cmt>
		<desc>Jüterbog, Neuhof; Dorfstraße, Gemeindehaus</desc>
		<src>LB Forst Brandenburg</src>
	</wpt>
	<wpt lat="51.81912072972186" lon="13.530081897385461">
		<name>2377</name>
		<cmt>Dahme, Altsorgefeld; Dorfstraße, Ortsmitte  Kreuzung</cmt>
		<desc>Dahme, Altsorgefeld; Dorfstraße, Ortsmitte  Kreuzung</desc>
		<src>LB Forst Brandenburg</src>
	</wpt>
	<wpt lat="52.23315350554612" lon="12.427607361182336">
		<name>2476</name>
		<cmt>Gräben; Ortsmitte An der Kirche</cmt>
		<desc>Gräben; Ortsmitte An der Kirche</desc>
		<src>LB Forst Brandenburg</src>
	</wpt>
	<wpt lat="52.750684597640728" lon="12.351794355273849">
		<name>1612</name>
		<cmt>Rhinow; Turmstraße</cmt>
		<desc>Rhinow; Turmstraße</desc>
		<src>LB Forst Brandenburg</src>
	</wpt>
	<wpt lat="52.995098166770049" lon="11.898945561510901">
		<name>1522</name>
		<cmt>Bad Wilsnack; L10 Forsthaus Jackel</cmt>
		<desc>Bad Wilsnack; L10 Forsthaus Jackel</desc>
		<src>LB Forst Brandenburg</src>
	</wpt>
	<wpt lat="51.510174958804946" lon="13.674988496494205">
		<name>1756</name>
		<cmt>Lauchhammer, Grünewalde; Grünewalder Lauch, Abzweig Bungalowsiedlung</cmt>
		<desc>Lauchhammer, Grünewalde; Grünewalder Lauch, Abzweig Bungalowsiedlung</desc>
		<src>LB Forst Brandenburg</src>
	</wpt>
	<wpt lat="51.515587038924011" lon="13.893850222725748">
		<name>1891</name>
		<cmt>Schipkau; Freiwillige Feuerwehr Schipkau</cmt>
		<desc>Schipkau; Freiwillige Feuerwehr Schipkau</desc>
		<src>LB Forst Brandenburg</src>
	</wpt>
	<wpt lat="51.630859246295437" lon="13.690625769871012">
		<name>1857</name>
		<cmt>Finsterwalde; Am Tierpark</cmt>
		<desc>Finsterwalde; Am Tierpark</desc>
		<src>LB Forst Brandenburg</src>
	</wpt>
	<wpt lat="51.638054592454743" lon="14.284266196221854">
		<name>2526</name>
		<cmt>Drebkau, Rehnsdorf; Abzweig Radweg nach Gr. Döbbern</cmt>
		<desc>Drebkau, Rehnsdorf; Abzweig Radweg nach Gr. Döbbern</desc>
		<src>LB Forst Brandenburg</src>
	</wpt>
	<wpt lat="51.641486716770324" lon="14.507429642471543">
		<name>2568</name>
		<cmt>Hornow; Sportplatz</cmt>
		<desc>Hornow; Sportplatz</desc>
		<src>LB Forst Brandenburg</src>
	</wpt>
	<wpt lat="51.646378594373608" lon="14.137507520463533">
		<name>2450</name>
		<cmt>Drebkau, Greifenhain; Kirche</cmt>
		<desc>Drebkau, Greifenhain; Kirche</desc>
		<src>LB Forst Brandenburg</src>
	</wpt>
	<wpt lat="51.65518487232864" lon="14.224651218918396">
		<name>2451</name>
		<cmt>Drebkau; Drebkauer Hauptstraße 12, Oberförsterei Drebkau</cmt>
		<desc>Drebkau; Drebkauer Hauptstraße 12, Oberförsterei Drebkau</desc>
		<src>LB Forst Brandenburg</src>
	</wpt>
	<wpt lat="52.3436" lon="12.99499">
		<name>PM-5001</name>
		<cmt>Caputher See/Gertrud-Feiertag-Weg</cmt>
		<desc>Caputher See/Gertrud-Feiertag-Weg</desc>
		<src>Gemeinde Schwielowsee - Verwaltung</src>
	</wpt>
	<wpt lat="52.34074" lon="12.99857">
		<name>PM-5002</name>
		<cmt>Caputher See/Seestraße</cmt>
		<desc>Caputher See/Seestraße</desc>
		<src>Gemeinde Schwielowsee - Verwaltung</src>
	</wpt>
	<wpt lat="51.663347572995569" lon="14.262474130913173">
		<name>2529</name>
		<cmt>Drebkau, Löschen; Aurasserstr. Hotel Löschener Wald</cmt>
		<desc>Drebkau, Löschen; Aurasserstr. Hotel Löschener Wald</desc>
		<src>LB Forst Brandenburg</src>
	</wpt>
	<wpt lat="51.665639643841317" lon="14.185294395499914">
		<name>2452</name>
		<cmt>Drebkau; L52 Drebkau-Casel,  "Altes Zollhaus" am Abzweig Radensdorf</cmt>
		<desc>Drebkau; L52 Drebkau-Casel,  "Altes Zollhaus" am Abzweig Radensdorf</desc>
		<src>LB Forst Brandenburg</src>
	</wpt>
	<wpt lat="51.972546898061594" lon="13.882262753269051">
		<name>2217</name>
		<cmt>Hartmannsdorf; Am Dorfanger Nr. 19, Gasthof</cmt>
		<desc>Hartmannsdorf; Am Dorfanger Nr. 19, Gasthof</desc>
		<src>LB Forst Brandenburg</src>
	</wpt>
	<wpt lat="51.979419381858634" lon="14.533119773499561">
		<name>2518</name>
		<cmt>Pinnow; B 320,Querweg am Sportplatz</cmt>
		<desc>Pinnow; B 320,Querweg am Sportplatz</desc>
		<src>LB Forst Brandenburg</src>
	</wpt>
	<wpt lat="52.129641569367216" lon="13.447712336585356">
		<name>1246</name>
		<cmt>Fernneuendorf; Wiese am Forsthaus Adlershorst</cmt>
		<desc>Fernneuendorf; Wiese am Forsthaus Adlershorst</desc>
		<src>LB Forst Brandenburg</src>
	</wpt>
	<wpt lat="52.289114676488339" lon="13.240669783611345">
		<name>1011</name>
		<cmt>Ludwigsfelde,; L793 Siethener Str., Waldparkplatz</cmt>
		<desc>Ludwigsfelde,; L793 Siethener Str., Waldparkplatz</desc>
		<src>LB Forst Brandenburg</src>
	</wpt>
	<wpt lat="52.465952333260248" lon="13.859616383307978">
		<name>2714</name>
		<cmt>Herzfelde; L 23, Gewerbegebiet, Möllenstraße</cmt>
		<desc>Herzfelde; L 23, Gewerbegebiet, Möllenstraße</desc>
		<src>LB Forst Brandenburg</src>
	</wpt>
	<wpt lat="51.733175339564454" lon="13.679375656544803">
		<name>1882</name>
		<cmt>Weißack; B 96 Solarpark Parkplatz</cmt>
		<desc>Weißack; B 96 Solarpark Parkplatz</desc>
		<src>LB Forst Brandenburg</src>
	</wpt>
	<wpt lat="52.588898451778569" lon="12.638351816225903">
		<name>1575</name>
		<cmt>Märkisch Luch,  Buschow; Feuerwehr  Buschow</cmt>
		<desc>Märkisch Luch,  Buschow; Feuerwehr  Buschow</desc>
		<src>LB Forst Brandenburg</src>
	</wpt>
	<wpt lat="52.926331884837104" lon="11.976027969326658">
		<name>1529</name>
		<cmt>Legde; Radweg Legde - Bad Wilsnack</cmt>
		<desc>Legde; Radweg Legde - Bad Wilsnack</desc>
		<src>LB Forst Brandenburg</src>
	</wpt>
	<wpt lat="52.709143505870202" lon="13.71923217491431">
		<name>1995</name>
		<cmt>Tempelfelde; An der Kirche</cmt>
		<desc>Tempelfelde; An der Kirche</desc>
		<src>LB Forst Brandenburg</src>
	</wpt>
	<wpt lat="51.699828679304296" lon="13.976470308249583">
		<name>1159</name>
		<cmt>Luckaitztal, Gosda; Aussichtsturm Gosda</cmt>
		<desc>Luckaitztal, Gosda; Aussichtsturm Gosda</desc>
		<src>LB Forst Brandenburg</src>
	</wpt>
	<wpt lat="51.374843943219119" lon="13.723742199597726">
		<name>1819</name>
		<cmt>Großkmehlen; Ortslage Blochwitzer Straße, Einmündung Oberweg</cmt>
		<desc>Großkmehlen; Ortslage Blochwitzer Straße, Einmündung Oberweg</desc>
		<src>LB Forst Brandenburg</src>
	</wpt>
	<wpt lat="51.380921139669312" lon="13.613669586453632">
		<name>1818</name>
		<cmt>Hirschfeld; Ortslage Arztpraxis</cmt>
		<desc>Hirschfeld; Ortslage Arztpraxis</desc>
		<src>LB Forst Brandenburg</src>
	</wpt>
	<wpt lat="51.383648824632289" lon="13.795514074107377">
		<name>1823</name>
		<cmt>Kroppen; Ortslage Feuerwehr</cmt>
		<desc>Kroppen; Ortslage Feuerwehr</desc>
		<src>LB Forst Brandenburg</src>
	</wpt>
	<wpt lat="51.386992907072532" lon="13.985113764506531">
		<name>1827</name>
		<cmt>Grünewald, Ortsteil Sella; Sella Feuwehrgebäude</cmt>
		<desc>Grünewald, Ortsteil Sella; Sella Feuwehrgebäude</desc>
		<src>LB Forst Brandenburg</src>
	</wpt>
	<wpt lat="51.389055131994702" lon="13.904696993670195">
		<name>1814</name>
		<cmt>Hermsdorf, Lipsa; Lindenstraße 23, Dienstgebäude der Oberförsterei</cmt>
		<desc>Hermsdorf, Lipsa; Lindenstraße 23, Dienstgebäude der Oberförsterei</desc>
		<src>LB Forst Brandenburg</src>
	</wpt>
	<wpt lat="51.400656210467659" lon="13.996247689246678">
		<name>1828</name>
		<cmt>Grünewald; Grünewald Feuerwehrgebäude</cmt>
		<desc>Grünewald; Grünewald Feuerwehrgebäude</desc>
		<src>LB Forst Brandenburg</src>
	</wpt>
	<wpt lat="51.401544636372797" lon="13.852780489585244">
		<name>1813</name>
		<cmt>Hermsdorf, Jannowitz; L 55 , Ortslage  Ruhlander Straße, Rettungswache</cmt>
		<desc>Hermsdorf, Jannowitz; L 55 , Ortslage  Ruhlander Straße, Rettungswache</desc>
		<src>LB Forst Brandenburg</src>
	</wpt>
	<wpt lat="51.400357203610334" lon="13.729883172394297">
		<name>1821</name>
		<cmt>Lindenau,Lindenau; K6607  Solarpark</cmt>
		<desc>Lindenau,Lindenau; K6607  Solarpark</desc>
		<src>LB Forst Brandenburg</src>
	</wpt>
	<wpt lat="51.39963510339939" lon="13.564536565348837">
		<name>1817</name>
		<cmt>Gröden; Großenhainer Straße 25,  Amtsverwaltung Schradenland</cmt>
		<desc>Gröden; Großenhainer Straße 25,  Amtsverwaltung Schradenland</desc>
		<src>LB Forst Brandenburg</src>
	</wpt>
	<wpt lat="51.404936852854142" lon="13.894907504506504">
		<name>1835</name>
		<cmt>Hermsdorf; Hermsdorf Feuerwehrgebäude</cmt>
		<desc>Hermsdorf; Hermsdorf Feuerwehrgebäude</desc>
		<src>LB Forst Brandenburg</src>
	</wpt>
	<wpt lat="51.40286870624405" lon="13.541271935283072">
		<name>1816</name>
		<cmt>Merzdorf; L 59, Ortslage Feuerwehr</cmt>
		<desc>Merzdorf; L 59, Ortslage Feuerwehr</desc>
		<src>LB Forst Brandenburg</src>
	</wpt>
	<wpt lat="51.425610215776935" lon="13.919844606649288">
		<name>1824</name>
		<cmt>Guteborn; Feuerwehr</cmt>
		<desc>Guteborn; Feuerwehr</desc>
		<src>LB Forst Brandenburg</src>
	</wpt>
	<wpt lat="51.42674332329883" lon="13.738499433431834">
		<name>1820</name>
		<cmt>Tettau; Wasserwerk</cmt>
		<desc>Tettau; Wasserwerk</desc>
		<src>LB Forst Brandenburg</src>
	</wpt>
	<wpt lat="51.429623101982294" lon="14.013771873267126">
		<name>1815</name>
		<cmt>Hohenbocka; Feuerwehrgebäude</cmt>
		<desc>Hohenbocka; Feuerwehrgebäude</desc>
		<src>LB Forst Brandenburg</src>
	</wpt>
	<wpt lat="51.429140588815329" lon="13.857734061696846">
		<name>1837</name>
		<cmt>Arnsdorf; Freiwillige Feuerwehr</cmt>
		<desc>Arnsdorf; Freiwillige Feuerwehr</desc>
		<src>LB Forst Brandenburg</src>
	</wpt>
	<wpt lat="51.4338209407505" lon="13.462776380980559">
		<name>1774</name>
		<cmt>Stolzenhain a.d. Röder; L59 vor Ortseingang Stolzenhain a.d. Röder; Kreuzung L59 und Hoher Weg in Stolzenhain</cmt>
		<desc>Stolzenhain a.d. Röder; L59 vor Ortseingang Stolzenhain a.d. Röder; Kreuzung L59 und Hoher Weg in Stolzenhain</desc>
		<src>LB Forst Brandenburg</src>
	</wpt>
	<wpt lat="51.447779884727169" lon="13.851622082789229">
		<name>1812</name>
		<cmt>Ruhland; Neugrabenweg, Beginn Radweg "Schönburgsau"</cmt>
		<desc>Ruhland; Neugrabenweg, Beginn Radweg "Schönburgsau"</desc>
		<src>LB Forst Brandenburg</src>
	</wpt>
	<wpt lat="51.449388602698406" lon="13.933073493141299">
		<name>1834</name>
		<cmt>Schwarzbach; Feuerwehrgebäude</cmt>
		<desc>Schwarzbach; Feuerwehrgebäude</desc>
		<src>LB Forst Brandenburg</src>
	</wpt>
	<wpt lat="51.450311936931904" lon="13.976553455300941">
		<name>1833</name>
		<cmt>Senftenberg, Peickwitz; Wanderparkplatz Peickwitzer Teiche</cmt>
		<desc>Senftenberg, Peickwitz; Wanderparkplatz Peickwitzer Teiche</desc>
		<src>LB Forst Brandenburg</src>
	</wpt>
	<wpt lat="51.452496515630564" lon="14.025962086068132">
		<name>1829</name>
		<cmt>Senftenberg, Hosena; Feuerwehr Hosena</cmt>
		<desc>Senftenberg, Hosena; Feuerwehr Hosena</desc>
		<src>LB Forst Brandenburg</src>
	</wpt>
	<wpt lat="51.452507772707058" lon="13.65117979146325">
		<name>1770</name>
		<cmt>Plessa; L 631 Plessa- Schraden,; Abzw. rechts alte Försterei</cmt>
		<desc>Plessa; L 631 Plessa- Schraden,; Abzw. rechts alte Försterei</desc>
		<src>LB Forst Brandenburg</src>
	</wpt>
	<wpt lat="51.464197552053754" lon="13.981209554345078">
		<name>1825</name>
		<cmt>Senftenberg, Peickwitz; Ortslage Feuerwehr</cmt>
		<desc>Senftenberg, Peickwitz; Ortslage Feuerwehr</desc>
		<src>LB Forst Brandenburg</src>
	</wpt>
	<wpt lat="51.470607264865976" lon="13.611524123672998">
		<name>1782</name>
		<cmt>Plessa; L 621 Ortslage Plessa, Parkplatz Kraftwerk Haupteingang</cmt>
		<desc>Plessa; L 621 Ortslage Plessa, Parkplatz Kraftwerk Haupteingang</desc>
		<src>LB Forst Brandenburg</src>
	</wpt>
	<wpt lat="51.478131844302077" lon="13.320260438078574">
		<name>1773</name>
		<cmt>Bad Liebenwerda, Möglenz; L66 Försterei Möglenz</cmt>
		<desc>Bad Liebenwerda, Möglenz; L66 Försterei Möglenz</desc>
		<src>LB Forst Brandenburg</src>
	</wpt>
	<wpt lat="51.481849117187465" lon="13.585062573450587">
		<name>1777</name>
		<cmt>Plessa, Döllingen; Am Pomologischen Schaugarten</cmt>
		<desc>Plessa, Döllingen; Am Pomologischen Schaugarten</desc>
		<src>LB Forst Brandenburg</src>
	</wpt>
	<wpt lat="51.485476630248257" lon="13.832052649100181">
		<name>1889</name>
		<cmt>Schwarzheide-West; Freiwillige Feuerwehr</cmt>
		<desc>Schwarzheide-West; Freiwillige Feuerwehr</desc>
		<src>LB Forst Brandenburg</src>
	</wpt>
	<wpt lat="51.495147233979814" lon="14.05684627664068">
		<name>1826</name>
		<cmt>Senftenberg, Großkoschen; Feuerwehr Großkoschen Feuerwehr</cmt>
		<desc>Senftenberg, Großkoschen; Feuerwehr Großkoschen Feuerwehr</desc>
		<src>LB Forst Brandenburg</src>
	</wpt>
	<wpt lat="51.492670177491178" lon="13.509473761423376">
		<name>1772</name>
		<cmt>Kraupa; K6209 Parkplatz am Sportplatz, neben Feuerwehr, von Hohenleipisch kommend links am Ortseingang</cmt>
		<desc>Kraupa; K6209 Parkplatz am Sportplatz, neben Feuerwehr, von Hohenleipisch kommend links am Ortseingang</desc>
		<src>LB Forst Brandenburg</src>
	</wpt>
	<wpt lat="51.499456868955846" lon="13.962651787479873">
		<name>1890</name>
		<cmt>Brieske; Freiwillige Feuerwehr Brieske-Dorf</cmt>
		<desc>Brieske; Freiwillige Feuerwehr Brieske-Dorf</desc>
		<src>LB Forst Brandenburg</src>
	</wpt>
	<wpt lat="51.505207414409135" lon="14.066964412329785">
		<name>1895</name>
		<cmt>Senftenberg, Kleinkoschen; Feuerwehr Kleinkoschen</cmt>
		<desc>Senftenberg, Kleinkoschen; Feuerwehr Kleinkoschen</desc>
		<src>LB Forst Brandenburg</src>
	</wpt>
	<wpt lat="51.502946731434555" lon="13.455135898223613">
		<name>1771</name>
		<cmt>Röderland, Haida; Kreuzung L593 und B101, Elsterwerda Richtung Bad Liebenwerda, Abzweig links in L593; gegenüber Waldbad Zeischa</cmt>
		<desc>Röderland, Haida; Kreuzung L593 und B101, Elsterwerda Richtung Bad Liebenwerda, Abzweig links in L593; gegenüber Waldbad Zeischa</desc>
		<src>LB Forst Brandenburg</src>
	</wpt>
	<wpt lat="51.506649436003386" lon="13.561252107033374">
		<name>1778</name>
		<cmt>Hohenleipisch; L 62 Hohenleipisch Richtung Gorden, Ortsausgangstafel Hohenleipisch</cmt>
		<desc>Hohenleipisch; L 62 Hohenleipisch Richtung Gorden, Ortsausgangstafel Hohenleipisch</desc>
		<src>LB Forst Brandenburg</src>
	</wpt>
	<wpt lat="51.519022047487773" lon="13.706238998555955">
		<name>2744</name>
		<cmt>Lauchhammer, Grünewalde; L 63 Richtung Staupitz, Ortsausgang, Info - Tafel Stadt Lauchhammer</cmt>
		<desc>Lauchhammer, Grünewalde; L 63 Richtung Staupitz, Ortsausgang, Info - Tafel Stadt Lauchhammer</desc>
		<src>LB Forst Brandenburg</src>
	</wpt>
	<wpt lat="51.519452682575128" lon="13.650800484898046">
		<name>1757</name>
		<cmt>Gorden, Lauch; Zufahrt zum Naherholungsgebiet, Nordstraße Müllplatz</cmt>
		<desc>Gorden, Lauch; Zufahrt zum Naherholungsgebiet, Nordstraße Müllplatz</desc>
		<src>LB Forst Brandenburg</src>
	</wpt>
	<wpt lat="51.525655757865309" lon="13.955789031910808">
		<name>1893</name>
		<cmt>Hörlitz; Einmündung Straße zur Deponie Hörlitz</cmt>
		<desc>Hörlitz; Einmündung Straße zur Deponie Hörlitz</desc>
		<src>LB Forst Brandenburg</src>
	</wpt>
	<wpt lat="51.52689093419837" lon="14.099280506447576">
		<name>1896</name>
		<cmt>Senftenberg, Kleinkoschen; Landmarke " Rostiger Nagel"</cmt>
		<desc>Senftenberg, Kleinkoschen; Landmarke " Rostiger Nagel"</desc>
		<src>LB Forst Brandenburg</src>
	</wpt>
	<wpt lat="51.531964976415615" lon="13.593905102749881">
		<name>1779</name>
		<cmt>Hohenleipisch; L 62 Hohenleipisch Richtung Gorden, rechts Floßgrabenbrücke</cmt>
		<desc>Hohenleipisch; L 62 Hohenleipisch Richtung Gorden, rechts Floßgrabenbrücke</desc>
		<src>LB Forst Brandenburg</src>
	</wpt>
	<wpt lat="51.534467101894528" lon="13.433866356776226">
		<name>1798</name>
		<cmt>Thalberg; Maasdorfer Teiche L653, Parkplatz zwischen Teichen</cmt>
		<desc>Thalberg; Maasdorfer Teiche L653, Parkplatz zwischen Teichen</desc>
		<src>LB Forst Brandenburg</src>
	</wpt>
	<wpt lat="51.540227066159666" lon="13.665809956284821">
		<name>1781</name>
		<cmt>Staupitz; L 62 Staupitz Richtung Sorno, Abzw. links Düngerschuppenweg</cmt>
		<desc>Staupitz; L 62 Staupitz Richtung Sorno, Abzw. links Düngerschuppenweg</desc>
		<src>LB Forst Brandenburg</src>
	</wpt>
	<wpt lat="51.542856093311201" lon="13.894553623271412">
		<name>1894</name>
		<cmt>Klettwitz; Marktplatz</cmt>
		<desc>Klettwitz; Marktplatz</desc>
		<src>LB Forst Brandenburg</src>
	</wpt>
	<wpt lat="51.54701928799561" lon="14.040623194630687">
		<name>1898</name>
		<cmt>Senftenberg, Sedlitz; Feuerwachturn Reppist</cmt>
		<desc>Senftenberg, Sedlitz; Feuerwachturn Reppist</desc>
		<src>LB Forst Brandenburg</src>
	</wpt>
	<wpt lat="51.548945321315443" lon="14.057475050784772">
		<name>1897</name>
		<cmt>Senftenberg, Sedlitz; Feruerwehr Sedlitz</cmt>
		<desc>Senftenberg, Sedlitz; Feruerwehr Sedlitz</desc>
		<src>LB Forst Brandenburg</src>
	</wpt>
	<wpt lat="51.556774035052932" lon="14.317220253104864">
		<name>2545</name>
		<cmt>Spremberg; Senftenberger Str. 67, hinter Reiterhof Wuttke, auf Zuckerstr. abbiegend nach ca. 100m rechts</cmt>
		<desc>Spremberg; Senftenberger Str. 67, hinter Reiterhof Wuttke, auf Zuckerstr. abbiegend nach ca. 100m rechts</desc>
		<src>LB Forst Brandenburg</src>
	</wpt>
	<wpt lat="51.553729709845577" lon="13.591950990513801">
		<name>1784</name>
		<cmt>Rückersdorf, Oppelhain; Ortslage Oppelhain, Ffw Oppelhain</cmt>
		<desc>Rückersdorf, Oppelhain; Ortslage Oppelhain, Ffw Oppelhain</desc>
		<src>LB Forst Brandenburg</src>
	</wpt>
	<wpt lat="51.565161181338077" lon="14.664670782667601">
		<name>2411</name>
		<cmt>Jämlitz; Parkplatz Gaststätte</cmt>
		<desc>Jämlitz; Parkplatz Gaststätte</desc>
		<src>LB Forst Brandenburg</src>
	</wpt>
	<wpt lat="51.564847276699147" lon="14.40095046777053">
		<name>2530</name>
		<cmt>Spremberg; Hubertusweg 3 ,Ehem. Forsthaus(Turbine - Sportplatz)</cmt>
		<desc>Spremberg; Hubertusweg 3 ,Ehem. Forsthaus(Turbine - Sportplatz)</desc>
		<src>LB Forst Brandenburg</src>
	</wpt>
	<wpt lat="51.561222608823705" lon="13.521313396082753">
		<name>1851</name>
		<cmt>Gruhno; an der L653 Friedersdorf Richtung Gruhno</cmt>
		<desc>Gruhno; an der L653 Friedersdorf Richtung Gruhno</desc>
		<src>LB Forst Brandenburg</src>
	</wpt>
	<wpt lat="51.569303268827504" lon="14.407332569306201">
		<name>2544</name>
		<cmt>Spremberg; Schlosserstr., Industriegebiet-Ost an der B 156</cmt>
		<desc>Spremberg; Schlosserstr., Industriegebiet-Ost an der B 156</desc>
		<src>LB Forst Brandenburg</src>
	</wpt>
	<wpt lat="51.569733685666435" lon="14.463775500990481">
		<name>2531</name>
		<cmt>Graustein; Abzweig Umspannwerk;</cmt>
		<desc>Graustein; Abzweig Umspannwerk;</desc>
		<src>LB Forst Brandenburg</src>
	</wpt>
	<wpt lat="51.56221102122737" lon="13.481896511191898">
		<name>2741</name>
		<cmt>Schönborn, Schadewitz; L653, Ortslage Elsterbrücke</cmt>
		<desc>Schönborn, Schadewitz; L653, Ortslage Elsterbrücke</desc>
		<src>LB Forst Brandenburg</src>
	</wpt>
	<wpt lat="51.573261782198678" lon="14.499155806249524">
		<name>2429</name>
		<cmt>Schönheide; Gaststätte an B156;Dorfkrug</cmt>
		<desc>Schönheide; Gaststätte an B156;Dorfkrug</desc>
		<src>LB Forst Brandenburg</src>
	</wpt>
	<wpt lat="51.569542029145332" lon="13.922889117964214">
		<name>1839</name>
		<cmt>Schipkau, Drochow; Buswendestelle am Restloch 6</cmt>
		<desc>Schipkau, Drochow; Buswendestelle am Restloch 6</desc>
		<src>LB Forst Brandenburg</src>
	</wpt>
	<wpt lat="51.568532491211364" lon="13.563338399370721">
		<name>1852</name>
		<cmt>Rückersdorf; Ortslage Friedersdorfer Str Ecke Friedersdorfer Hauptstr</cmt>
		<desc>Rückersdorf; Ortslage Friedersdorfer Str Ecke Friedersdorfer Hauptstr</desc>
		<src>LB Forst Brandenburg</src>
	</wpt>
	<wpt lat="51.581356715569697" lon="14.384892817901138">
		<name>2532</name>
		<cmt>Spremberg, Weeskow; Weeskower Allee 2 a, Bundesforstamt</cmt>
		<desc>Spremberg, Weeskow; Weeskower Allee 2 a, Bundesforstamt</desc>
		<src>LB Forst Brandenburg</src>
	</wpt>
	<wpt lat="51.588162285582477" lon="14.532054398435427">
		<name>2573</name>
		<cmt>Reuthen; Dienststelle ehem. Obf Reuthen Obf- Gelände</cmt>
		<desc>Reuthen; Dienststelle ehem. Obf Reuthen Obf- Gelände</desc>
		<src>LB Forst Brandenburg</src>
	</wpt>
	<wpt lat="51.579530172615478" lon="13.323093793578993">
		<name>1861</name>
		<cmt>Uebigau-Wahrenbrück; Holzabfuhrweg, K 6217</cmt>
		<desc>Uebigau-Wahrenbrück; Holzabfuhrweg, K 6217</desc>
		<src>LB Forst Brandenburg</src>
	</wpt>
	<wpt lat="51.59026368908809" lon="14.372580388733409">
		<name>2533</name>
		<cmt>Spremberg; Wilhelmsthaler Weg ,Brücke Wilhelmsthal (Blindenheim)</cmt>
		<desc>Spremberg; Wilhelmsthaler Weg ,Brücke Wilhelmsthal (Blindenheim)</desc>
		<src>LB Forst Brandenburg</src>
	</wpt>
	<wpt lat="51.588076272914911" lon="14.038256876288852">
		<name>1899</name>
		<cmt>Großräschen Ost; Agrargenossenschaft Großräschen</cmt>
		<desc>Großräschen Ost; Agrargenossenschaft Großräschen</desc>
		<src>LB Forst Brandenburg</src>
	</wpt>
	<wpt lat="51.58849821515669" lon="13.921854586236934">
		<name>1838</name>
		<cmt>Saalhausen; B 96  Einfahrt zur Kiesgrube</cmt>
		<desc>Saalhausen; B 96  Einfahrt zur Kiesgrube</desc>
		<src>LB Forst Brandenburg</src>
	</wpt>
	<wpt lat="51.6039149234606" lon="14.731349513365148">
		<name>2543</name>
		<cmt>Jeriscke; 200 m südlich an der Ortsteilzufahrt Pusack, Kreuzungsbereich der  Brandschutzstreifen</cmt>
		<desc>Jeriscke; 200 m südlich an der Ortsteilzufahrt Pusack, Kreuzungsbereich der  Brandschutzstreifen</desc>
		<src>LB Forst Brandenburg</src>
	</wpt>
	<wpt lat="51.595074706593977" lon="13.433074536591919">
		<name>1786</name>
		<cmt>Tröbitz; L65,  Ortslage, Tankstelle an L 65 Richt. Rothstein</cmt>
		<desc>Tröbitz; L65,  Ortslage, Tankstelle an L 65 Richt. Rothstein</desc>
		<src>LB Forst Brandenburg</src>
	</wpt>
	<wpt lat="51.597231787305077" lon="13.495015170781546">
		<name>1785</name>
		<cmt>Schönborn; L60 Ortsmitte Bäckerei Harnisch</cmt>
		<desc>Schönborn; L60 Ortsmitte Bäckerei Harnisch</desc>
		<src>LB Forst Brandenburg</src>
	</wpt>
	<wpt lat="51.606414572477654" lon="14.629878645044997">
		<name>2569</name>
		<cmt>Döbern, Eichwege; nördlich an der K 7101, Sportplatz Döbern-Eichwege</cmt>
		<desc>Döbern, Eichwege; nördlich an der K 7101, Sportplatz Döbern-Eichwege</desc>
		<src>LB Forst Brandenburg</src>
	</wpt>
	<wpt lat="51.606438015923771" lon="14.390649094253574">
		<name>2525</name>
		<cmt>Spremberg, Sellessen; L 52 Bühlower Str.,Parkplatz am Radweg Bühlow-Sellessen rechts</cmt>
		<desc>Spremberg, Sellessen; L 52 Bühlower Str.,Parkplatz am Radweg Bühlow-Sellessen rechts</desc>
		<src>LB Forst Brandenburg</src>
	</wpt>
	<wpt lat="51.601516745765593" lon="13.459104814384929">
		<name>1788</name>
		<cmt>Schönborn; L 60 Schönborn-Richtung Tröbitz, Siedlung Eichwald, Ortsausgang Abzweig rechts</cmt>
		<desc>Schönborn; L 60 Schönborn-Richtung Tröbitz, Siedlung Eichwald, Ortsausgang Abzweig rechts</desc>
		<src>LB Forst Brandenburg</src>
	</wpt>
	<wpt lat="51.611716354594222" lon="14.71722329325341">
		<name>2414</name>
		<cmt>Jerischke; K 7101 , Waldparkplatz am Abzweig zum Ortsteil Pusack</cmt>
		<desc>Jerischke; K 7101 , Waldparkplatz am Abzweig zum Ortsteil Pusack</desc>
		<src>LB Forst Brandenburg</src>
	</wpt>
	<wpt lat="51.619859804851799" lon="14.267350899615714">
		<name>2524</name>
		<cmt>Drebkau; Laubag-Straße Nord, Abzweig Papproth</cmt>
		<desc>Drebkau; Laubag-Straße Nord, Abzweig Papproth</desc>
		<src>LB Forst Brandenburg</src>
	</wpt>
	<wpt lat="51.614003202610867" lon="13.425754068385276">
		<name>1842</name>
		<cmt>Tröbitz; Kreuzung Radweg Torgauer Straße/ Tröbitz -Prießen</cmt>
		<desc>Tröbitz; Kreuzung Radweg Torgauer Straße/ Tröbitz -Prießen</desc>
		<src>LB Forst Brandenburg</src>
	</wpt>
	<wpt lat="51.625489180774956" lon="14.362720127013153">
		<name>2458</name>
		<cmt>Spremberg; B 97,Spremberg- Cottbus unter Hochspannungsleitung, links Höhe Stausee</cmt>
		<desc>Spremberg; B 97,Spremberg- Cottbus unter Hochspannungsleitung, links Höhe Stausee</desc>
		<src>LB Forst Brandenburg</src>
	</wpt>
	<wpt lat="51.626251057222817" lon="14.215952688895506">
		<name>2536</name>
		<cmt>Drebkau, Steinitz; Bushaltestelle Steinitz</cmt>
		<desc>Drebkau, Steinitz; Bushaltestelle Steinitz</desc>
		<src>LB Forst Brandenburg</src>
	</wpt>
	<wpt lat="51.635715013008685" lon="14.305080896784597">
		<name>2448</name>
		<cmt>Spremberg; L52 Spremberg -Drebkau, Aussichtspnkt Buckwitzberg Parkplatz</cmt>
		<desc>Spremberg; L52 Spremberg -Drebkau, Aussichtspnkt Buckwitzberg Parkplatz</desc>
		<src>LB Forst Brandenburg</src>
	</wpt>
	<wpt lat="51.671455517498487" lon="14.17206639344132">
		<name>2537</name>
		<cmt>Drebkau; L52 Drebkau- Casel Waldparkplatz hinter der ehem. Bahnüberführung an der Illmersdorf Kippe</cmt>
		<desc>Drebkau; L52 Drebkau- Casel Waldparkplatz hinter der ehem. Bahnüberführung an der Illmersdorf Kippe</desc>
		<src>LB Forst Brandenburg</src>
	</wpt>
	<wpt lat="51.671075520029866" lon="14.108096256019959">
		<name>2455</name>
		<cmt>Drebkau, Göritz; Greifenhainer Str. 2,Gaststätte Ortseingang</cmt>
		<desc>Drebkau, Göritz; Greifenhainer Str. 2,Gaststätte Ortseingang</desc>
		<src>LB Forst Brandenburg</src>
	</wpt>
	<wpt lat="51.678294532577539" lon="14.307037519974793">
		<name>2456</name>
		<cmt>Drebkau, Olsnig; Ortseingang Oelssnig ,aus Richtung Auras</cmt>
		<desc>Drebkau, Olsnig; Ortseingang Oelssnig ,aus Richtung Auras</desc>
		<src>LB Forst Brandenburg</src>
	</wpt>
	<wpt lat="51.680996894720472" lon="14.152153293747734">
		<name>2453</name>
		<cmt>Drebkau; L52 Drebkau- Casel, Parkplatz Restloch Casel</cmt>
		<desc>Drebkau; L52 Drebkau- Casel, Parkplatz Restloch Casel</desc>
		<src>LB Forst Brandenburg</src>
	</wpt>
	<wpt lat="51.687188495136425" lon="14.133278513977851">
		<name>2454</name>
		<cmt>Drebkau; L52 Drebkau- Casel, Buswendeplatz Ortseingang Casel</cmt>
		<desc>Drebkau; L52 Drebkau- Casel, Buswendeplatz Ortseingang Casel</desc>
		<src>LB Forst Brandenburg</src>
	</wpt>
	<wpt lat="51.693154930209332" lon="14.172367985155772">
		<name>2457</name>
		<cmt>Drebkau, Illmersdorf; Dorfstr.1,Forsthaus Grubert</cmt>
		<desc>Drebkau, Illmersdorf; Dorfstr.1,Forsthaus Grubert</desc>
		<src>LB Forst Brandenburg</src>
	</wpt>
	<wpt lat="51.694827340718334" lon="14.256710604362137">
		<name>2483</name>
		<cmt>Drebkau, Leuthen; Bahnhof</cmt>
		<desc>Drebkau, Leuthen; Bahnhof</desc>
		<src>LB Forst Brandenburg</src>
	</wpt>
	<wpt lat="51.694590622034234" lon="14.169962417364436">
		<name>2548</name>
		<cmt>Illmersdorf; Wiese hinter Forstscheune</cmt>
		<desc>Illmersdorf; Wiese hinter Forstscheune</desc>
		<src>LB Forst Brandenburg</src>
	</wpt>
	<wpt lat="51.698313851175335" lon="14.389711931705284">
		<name>2460</name>
		<cmt>Neuhausen, Frauendorf; Radweg n. Neuhausen</cmt>
		<desc>Neuhausen, Frauendorf; Radweg n. Neuhausen</desc>
		<src>LB Forst Brandenburg</src>
	</wpt>
	<wpt lat="51.703151843619452" lon="13.413361573064622">
		<name>1875</name>
		<cmt>Schlieben, Frankenhain; Parkplatz, Frankenhain Nr. 4</cmt>
		<desc>Schlieben, Frankenhain; Parkplatz, Frankenhain Nr. 4</desc>
		<src>LB Forst Brandenburg</src>
	</wpt>
	<wpt lat="51.725089337434468" lon="13.693400301003708">
		<name>1880</name>
		<cmt>Sonnewalde, Gahro; L56, Firma Galle</cmt>
		<desc>Sonnewalde, Gahro; L56, Firma Galle</desc>
		<src>LB Forst Brandenburg</src>
	</wpt>
	<wpt lat="51.746141716490058" lon="14.352678127566723">
		<name>2462</name>
		<cmt>Cottbus, Branitz; Parkplatz am Tierpark</cmt>
		<desc>Cottbus, Branitz; Parkplatz am Tierpark</desc>
		<src>LB Forst Brandenburg</src>
	</wpt>
	<wpt lat="51.74028945844335" lon="13.16739451523539">
		<name>1793</name>
		<cmt>Herzberg, Arnsnesta; K 6248, Ortlslage Kriegsdenkmal an der Elsterbrücke</cmt>
		<desc>Herzberg, Arnsnesta; K 6248, Ortlslage Kriegsdenkmal an der Elsterbrücke</desc>
		<src>LB Forst Brandenburg</src>
	</wpt>
	<wpt lat="51.754520206727079" lon="13.577794017465717">
		<name>2335</name>
		<cmt>Schwarzenburg; K6132 Ortsverbindungsstraße Schwarzenburg-Wehnsdorf, Einfahrt Alte Poststraße</cmt>
		<desc>Schwarzenburg; K6132 Ortsverbindungsstraße Schwarzenburg-Wehnsdorf, Einfahrt Alte Poststraße</desc>
		<src>LB Forst Brandenburg</src>
	</wpt>
	<wpt lat="51.784059657816954" lon="13.401339631654309">
		<name>1884</name>
		<cmt>Lebusa, Freileben; Waldstr. / Lärcheneck / Sportanlage</cmt>
		<desc>Lebusa, Freileben; Waldstr. / Lärcheneck / Sportanlage</desc>
		<src>LB Forst Brandenburg</src>
	</wpt>
	<wpt lat="51.799924950803842" lon="14.4573838471147">
		<name>2444</name>
		<cmt>Teichland; Parkplatz Hochkippe, L473 nach Neuendorf</cmt>
		<desc>Teichland; Parkplatz Hochkippe, L473 nach Neuendorf</desc>
		<src>LB Forst Brandenburg</src>
	</wpt>
	<wpt lat="51.877947042370614" lon="14.066717771297647">
		<name>2318</name>
		<cmt>Burg; Gaststätte Pohlenzschaenke, Pohlenzweg</cmt>
		<desc>Burg; Gaststätte Pohlenzschaenke, Pohlenzweg</desc>
		<src>LB Forst Brandenburg</src>
	</wpt>
	<wpt lat="51.890591740083671" lon="14.32262398124892">
		<name>2481</name>
		<cmt>Drachhausen; Kirche</cmt>
		<desc>Drachhausen; Kirche</desc>
		<src>LB Forst Brandenburg</src>
	</wpt>
	<wpt lat="51.87845065532521" lon="13.082012984319576">
		<name>2234</name>
		<cmt>Niedergörsdorf, Zellendorf; Borgisdorfer Straße, nach Linda ab südlichen Bahnübergang 1,6 Km auf Waldweg bis Waldrand</cmt>
		<desc>Niedergörsdorf, Zellendorf; Borgisdorfer Straße, nach Linda ab südlichen Bahnübergang 1,6 Km auf Waldweg bis Waldrand</desc>
		<src>LB Forst Brandenburg</src>
	</wpt>
	<wpt lat="51.88000028449467" lon="13.054446672031373">
		<name>2233</name>
		<cmt>Niedergörsdorf, Zellendorf; L 715 - Dorfstraße, von Zellendorf nach Mügeln - vom südl. Bahnübergang 1,5 Km am Waldrand</cmt>
		<desc>Niedergörsdorf, Zellendorf; L 715 - Dorfstraße, von Zellendorf nach Mügeln - vom südl. Bahnübergang 1,5 Km am Waldrand</desc>
		<src>LB Forst Brandenburg</src>
	</wpt>
	<wpt lat="51.900248694408553" lon="13.815082742108251">
		<name>2383</name>
		<cmt>Duben, Kaden; von B87/A 13 Abfahrt Duben nach Ortslage Kaden abfahren RP rechte Seite am Waldrand RP</cmt>
		<desc>Duben, Kaden; von B87/A 13 Abfahrt Duben nach Ortslage Kaden abfahren RP rechte Seite am Waldrand RP</desc>
		<src>LB Forst Brandenburg</src>
	</wpt>
	<wpt lat="51.898469660436319" lon="13.552632606210231">
		<name>2340</name>
		<cmt>Dahmetal, Wildau-Wentdorf; Bushaltestelle Wildau-Wentdorf</cmt>
		<desc>Dahmetal, Wildau-Wentdorf; Bushaltestelle Wildau-Wentdorf</desc>
		<src>LB Forst Brandenburg</src>
	</wpt>
	<wpt lat="51.896865294392214" lon="13.215978168073706">
		<name>2387</name>
		<cmt>Niederer Fläming, Reinsdorf; L 714, 750 m nach Ortsausgang am Abzweig  Richtung Flugplatz</cmt>
		<desc>Niederer Fläming, Reinsdorf; L 714, 750 m nach Ortsausgang am Abzweig  Richtung Flugplatz</desc>
		<src>LB Forst Brandenburg</src>
	</wpt>
	<wpt lat="51.909911160089749" lon="13.894591039452397">
		<name>2362</name>
		<cmt>Lübben, Ellerborn; B115 Richtung Lübbenau, Forsthaus links</cmt>
		<desc>Lübben, Ellerborn; B115 Richtung Lübbenau, Forsthaus links</desc>
		<src>LB Forst Brandenburg</src>
	</wpt>
	<wpt lat="51.901959653982935" lon="13.062561212845937">
		<name>2231</name>
		<cmt>Niedergörsdorf, Zellendorf; Flugplatz Zellendorf</cmt>
		<desc>Niedergörsdorf, Zellendorf; Flugplatz Zellendorf</desc>
		<src>LB Forst Brandenburg</src>
	</wpt>
	<wpt lat="51.905108552457847" lon="13.025068960733249">
		<name>2279</name>
		<cmt>Niedergörsdor, Oehna; L811 Oehna - Mügeln, Ortsausgang Richtung Mügeln ca. 2,5 Km bis Waldrand</cmt>
		<desc>Niedergörsdor, Oehna; L811 Oehna - Mügeln, Ortsausgang Richtung Mügeln ca. 2,5 Km bis Waldrand</desc>
		<src>LB Forst Brandenburg</src>
	</wpt>
	<wpt lat="51.921003506454895" lon="14.348009144319215">
		<name>2478</name>
		<cmt>Peitz-Lieberose; B 168/D-Gestell linke Seite am Funkturm</cmt>
		<desc>Peitz-Lieberose; B 168/D-Gestell linke Seite am Funkturm</desc>
		<src>LB Forst Brandenburg</src>
	</wpt>
	<wpt lat="51.916187033875289" lon="13.60318694888347">
		<name>2332</name>
		<cmt>Drahnsdorf, Krossen; K6138 Ortsverbindungsstraße Krossen-Kümmritz, Schranke zum NSG Krossener Busch</cmt>
		<desc>Drahnsdorf, Krossen; K6138 Ortsverbindungsstraße Krossen-Kümmritz, Schranke zum NSG Krossener Busch</desc>
		<src>LB Forst Brandenburg</src>
	</wpt>
	<wpt lat="51.928300174745779" lon="14.518947263573265">
		<name>2441</name>
		<cmt>Spree Neiße, Bärenklau; L 50 Bushaltestelle WS-Kleinsee;</cmt>
		<desc>Spree Neiße, Bärenklau; L 50 Bushaltestelle WS-Kleinsee;</desc>
		<src>LB Forst Brandenburg</src>
	</wpt>
	<wpt lat="51.91958049780316" lon="13.087060312364887">
		<name>2232</name>
		<cmt>Niedergörsdorf, Langenlipsdorf; K7210 - Dorfstraße, Ortseingang von Bochow kommend</cmt>
		<desc>Niedergörsdorf, Langenlipsdorf; K7210 - Dorfstraße, Ortseingang von Bochow kommend</desc>
		<src>LB Forst Brandenburg</src>
	</wpt>
	<wpt lat="51.925612934937348" lon="13.334489673836263">
		<name>2393</name>
		<cmt>Niederer Fläming, Heinsdorf; Hauptstr., Feuerwehr</cmt>
		<desc>Niederer Fläming, Heinsdorf; Hauptstr., Feuerwehr</desc>
		<src>LB Forst Brandenburg</src>
	</wpt>
	<wpt lat="51.939524486262933" lon="14.410674813448688">
		<name>2559</name>
		<cmt>nördlich Solarpark Lieberose; nördlich Solarpark;alte Rollbahn</cmt>
		<desc>nördlich Solarpark Lieberose; nördlich Solarpark;alte Rollbahn</desc>
		<src>LB Forst Brandenburg</src>
	</wpt>
	<wpt lat="51.92718276019032" lon="13.032506644815687">
		<name>2277</name>
		<cmt>Niedergörsdorf, Oehna; L811 Mügelner Straße, Ortsausgang Richtung Mügeln</cmt>
		<desc>Niedergörsdorf, Oehna; L811 Mügelner Straße, Ortsausgang Richtung Mügeln</desc>
		<src>LB Forst Brandenburg</src>
	</wpt>
	<wpt lat="51.94333157549859" lon="13.989354877599949">
		<name>2221</name>
		<cmt>Radensdorf; Radensdorfer Hauptstr. 42, Gaststätte an der B320</cmt>
		<desc>Radensdorf; Radensdorfer Hauptstr. 42, Gaststätte an der B320</desc>
		<src>LB Forst Brandenburg</src>
	</wpt>
	<wpt lat="51.951403431221927" lon="14.610078982686559">
		<name>2515</name>
		<cmt>Schenkendöbern; Parktasche an der B 320</cmt>
		<desc>Schenkendöbern; Parktasche an der B 320</desc>
		<src>LB Forst Brandenburg</src>
	</wpt>
	<wpt lat="51.946644106847572" lon="13.846313444475905">
		<name>2212</name>
		<cmt>Lübben, Klein Lubolz; Lübben Richtung BAB 13, auf der B 115, Abzweig Treppendorf</cmt>
		<desc>Lübben, Klein Lubolz; Lübben Richtung BAB 13, auf der B 115, Abzweig Treppendorf</desc>
		<src>LB Forst Brandenburg</src>
	</wpt>
	<wpt lat="51.96403540547076" lon="13.932606397207966">
		<name>2213</name>
		<cmt>Lübben, Börnichen; L 42  Börnichen Nr. 6, Waldschule "Zum Specht"</cmt>
		<desc>Lübben, Börnichen; L 42  Börnichen Nr. 6, Waldschule "Zum Specht"</desc>
		<src>LB Forst Brandenburg</src>
	</wpt>
	<wpt lat="51.974347864890966" lon="14.629113205019436">
		<name>2528</name>
		<cmt>Schenkendöbern, Grano; Dorfplatz</cmt>
		<desc>Schenkendöbern, Grano; Dorfplatz</desc>
		<src>LB Forst Brandenburg</src>
	</wpt>
	<wpt lat="51.980303376973858" lon="14.297261604498475">
		<name>2497</name>
		<cmt>Lieberose, Lieberose; B 320 Kreisel, Abfahrt Kl. Liebitz</cmt>
		<desc>Lieberose, Lieberose; B 320 Kreisel, Abfahrt Kl. Liebitz</desc>
		<src>LB Forst Brandenburg</src>
	</wpt>
	<wpt lat="51.997541080786696" lon="14.621950646613387">
		<name>2561</name>
		<cmt>Schenkendöbern, Lauschütz; L 46, südwestlich vom Ortseingang Lauschütz</cmt>
		<desc>Schenkendöbern, Lauschütz; L 46, südwestlich vom Ortseingang Lauschütz</desc>
		<src>LB Forst Brandenburg</src>
	</wpt>
	<wpt lat="51.995890936411776" lon="13.782672314974679">
		<name>2218</name>
		<cmt>Schönwald, Schönwalde; 200 m nach Ortsausgang Schönwalde, Richtung Krausnick auf der L 71</cmt>
		<desc>Schönwald, Schönwalde; 200 m nach Ortsausgang Schönwalde, Richtung Krausnick auf der L 71</desc>
		<src>LB Forst Brandenburg</src>
	</wpt>
	<wpt lat="52.00560546257902" lon="14.588355773390981">
		<name>2517</name>
		<cmt>Schenkendöbern, Gr. Drewitz; Kastanienstr., Kastanienhof</cmt>
		<desc>Schenkendöbern, Gr. Drewitz; Kastanienstr., Kastanienhof</desc>
		<src>LB Forst Brandenburg</src>
	</wpt>
	<wpt lat="51.990469645442204" lon="13.008490174516536">
		<name>2224</name>
		<cmt>Niedergörsdorf, Dennewitz; Ortsverbindungsstraße Niedergörsdorf-Neues Lager, Bahnübergang</cmt>
		<desc>Niedergörsdorf, Dennewitz; Ortsverbindungsstraße Niedergörsdorf-Neues Lager, Bahnübergang</desc>
		<src>LB Forst Brandenburg</src>
	</wpt>
	<wpt lat="52.013636364406267" lon="13.834865364726875">
		<name>2220</name>
		<cmt>Krausnick/Groß Wasserburg, Krausnick; Meierei 1, Alte Oberförsterei</cmt>
		<desc>Krausnick/Groß Wasserburg, Krausnick; Meierei 1, Alte Oberförsterei</desc>
		<src>LB Forst Brandenburg</src>
	</wpt>
	<wpt lat="52.030468400619512" lon="14.467816585936047">
		<name>2492</name>
		<cmt>Reicherskreuz; 50m hinterm Ortsschild Richtung L43</cmt>
		<desc>Reicherskreuz; 50m hinterm Ortsschild Richtung L43</desc>
		<src>LB Forst Brandenburg</src>
	</wpt>
	<wpt lat="52.021284950971562" lon="13.318629238809509">
		<name>2244</name>
		<cmt>Nuthe-Urstromtal, Stülpe; 2 km entfernt von Stülpe (Kreuzung Magistrale), L 70 Stülpe-Ließen</cmt>
		<desc>Nuthe-Urstromtal, Stülpe; 2 km entfernt von Stülpe (Kreuzung Magistrale), L 70 Stülpe-Ließen</desc>
		<src>LB Forst Brandenburg</src>
	</wpt>
	<wpt lat="52.015550636258531" lon="12.6146617781821">
		<name>2112</name>
		<cmt>Rabenstein, Klein Marzehns; Garreyer Weg</cmt>
		<desc>Rabenstein, Klein Marzehns; Garreyer Weg</desc>
		<src>LB Forst Brandenburg</src>
	</wpt>
	<wpt lat="52.015211235284433" lon="12.583451963134612">
		<name>2145</name>
		<cmt>Rabenstein, Groß Marzehns; L831, Autobahnauffahrt BAB 9 Klein Marzehns</cmt>
		<desc>Rabenstein, Groß Marzehns; L831, Autobahnauffahrt BAB 9 Klein Marzehns</desc>
		<src>LB Forst Brandenburg</src>
	</wpt>
	<wpt lat="52.040760546261986" lon="14.181672690383424">
		<name>2323</name>
		<cmt>Schwielochsee, Zaue; Zauer Dorfstr. 11,  Gasthaus Zernia</cmt>
		<desc>Schwielochsee, Zaue; Zauer Dorfstr. 11,  Gasthaus Zernia</desc>
		<src>LB Forst Brandenburg</src>
	</wpt>
	<wpt lat="52.034976496062022" lon="12.945823035571605">
		<name>2092</name>
		<cmt>Treuenbrietzen, Tiefenbrunnen; B 102 Rasthaus Tiefenbrunnen</cmt>
		<desc>Treuenbrietzen, Tiefenbrunnen; B 102 Rasthaus Tiefenbrunnen</desc>
		<src>LB Forst Brandenburg</src>
	</wpt>
	<wpt lat="52.028593792005175" lon="12.440143756897507">
		<name>2248</name>
		<cmt>Wiesenburg; Setzsteig Ortsmitte</cmt>
		<desc>Wiesenburg; Setzsteig Ortsmitte</desc>
		<src>LB Forst Brandenburg</src>
	</wpt>
	<wpt lat="52.032785570025816" lon="12.551520626788298">
		<name>2305</name>
		<cmt>Wiesenburg, Klepzig; Alte Försterei Zehrensdorf</cmt>
		<desc>Wiesenburg, Klepzig; Alte Försterei Zehrensdorf</desc>
		<src>LB Forst Brandenburg</src>
	</wpt>
	<wpt lat="52.041607142248992" lon="12.867099982331249">
		<name>2098</name>
		<cmt>Treuenbrietzen, Lüdendorf; nördlich vom Friedhof</cmt>
		<desc>Treuenbrietzen, Lüdendorf; nördlich vom Friedhof</desc>
		<src>LB Forst Brandenburg</src>
	</wpt>
	<wpt lat="52.048607623114144" lon="13.277936565801037">
		<name>2354</name>
		<cmt>Nuthe-Urstromtal, Holbeck; Eichenallee (L73) an der Feuerwehr</cmt>
		<desc>Nuthe-Urstromtal, Holbeck; Eichenallee (L73) an der Feuerwehr</desc>
		<src>LB Forst Brandenburg</src>
	</wpt>
	<wpt lat="52.048876493795092" lon="12.942900899176925">
		<name>2093</name>
		<cmt>Treuenbrietzen, Klausdorf; Kreuzung Ortsmitte</cmt>
		<desc>Treuenbrietzen, Klausdorf; Kreuzung Ortsmitte</desc>
		<src>LB Forst Brandenburg</src>
	</wpt>
	<wpt lat="52.073102163247931" lon="14.45006251723216">
		<name>2577</name>
		<cmt>Grunow-Dammendorf, Dammendorf; L 43; Waldeinfahrt am Rähdensee</cmt>
		<desc>Grunow-Dammendorf, Dammendorf; L 43; Waldeinfahrt am Rähdensee</desc>
		<src>LB Forst Brandenburg</src>
	</wpt>
	<wpt lat="52.073626656356033" lon="14.402456187679366">
		<name>2618</name>
		<cmt>Chossewitz; L 43, Abzweig  K 6710</cmt>
		<desc>Chossewitz; L 43, Abzweig  K 6710</desc>
		<src>LB Forst Brandenburg</src>
	</wpt>
	<wpt lat="52.087482150023774" lon="14.356014489780831">
		<name>2619</name>
		<cmt>Weichensdorf; L43, Bahnübergang</cmt>
		<desc>Weichensdorf; L43, Bahnübergang</desc>
		<src>LB Forst Brandenburg</src>
	</wpt>
	<wpt lat="52.074205857190719" lon="12.934857467855704">
		<name>2095</name>
		<cmt>Treuenbrietzen, Bardenitz; Ortsausgang nach Treuenbrietzen</cmt>
		<desc>Treuenbrietzen, Bardenitz; Ortsausgang nach Treuenbrietzen</desc>
		<src>LB Forst Brandenburg</src>
	</wpt>
	<wpt lat="52.090042578976004" lon="14.137447542776838">
		<name>1096</name>
		<cmt>Trebatsch, Rocher; Dorfmitte</cmt>
		<desc>Trebatsch, Rocher; Dorfmitte</desc>
		<src>LB Forst Brandenburg</src>
	</wpt>
	<wpt lat="52.071410153553614" lon="12.700229631487547">
		<name>2107</name>
		<cmt>Stadt Niemegk; Waldstraße Schule</cmt>
		<desc>Stadt Niemegk; Waldstraße Schule</desc>
		<src>LB Forst Brandenburg</src>
	</wpt>
	<wpt lat="52.076343028506244" lon="12.865125366769471">
		<name>2094</name>
		<cmt>Treuenbrietzen; Steinmühlenstraße Forsthaus Neue Hufen</cmt>
		<desc>Treuenbrietzen; Steinmühlenstraße Forsthaus Neue Hufen</desc>
		<src>LB Forst Brandenburg</src>
	</wpt>
	<wpt lat="52.089197736465046" lon="13.32646463734231">
		<name>1056</name>
		<cmt>Kummersdorf Gut; L70 Str. nach Luckenwalde, Richtung; Schönefeld, Kurve Abzweig Gottow</cmt>
		<desc>Kummersdorf Gut; L70 Str. nach Luckenwalde, Richtung; Schönefeld, Kurve Abzweig Gottow</desc>
		<src>LB Forst Brandenburg</src>
	</wpt>
	<wpt lat="52.095041538581569" lon="13.406461805637775">
		<name>2775</name>
		<cmt>Baruth/Mark, Horstwalde; Verwaltungsgebäude BAM (gesperrtes Waldgebiet)</cmt>
		<desc>Baruth/Mark, Horstwalde; Verwaltungsgebäude BAM (gesperrtes Waldgebiet)</desc>
		<src>LB Forst Brandenburg</src>
	</wpt>
	<wpt lat="52.080553817796812" lon="12.499724231445677">
		<name>2308</name>
		<cmt>Wiesenburg, Welsigke; Alte Försterei Welsigke</cmt>
		<desc>Wiesenburg, Welsigke; Alte Försterei Welsigke</desc>
		<src>LB Forst Brandenburg</src>
	</wpt>
	<wpt lat="52.108031733288506" lon="14.462411813221481">
		<name>2578</name>
		<cmt>Grunow-Dammendorf, Dammendorf; An Jacobseer Pflasterstraße, Abzweig zur Kieselwitzer Mühle</cmt>
		<desc>Grunow-Dammendorf, Dammendorf; An Jacobseer Pflasterstraße, Abzweig zur Kieselwitzer Mühle</desc>
		<src>LB Forst Brandenburg</src>
	</wpt>
	<wpt lat="52.107383246825918" lon="14.122334429566381">
		<name>1099</name>
		<cmt>Briescht; Dorfstrasse, am Feuerwehrhaus</cmt>
		<desc>Briescht; Dorfstrasse, am Feuerwehrhaus</desc>
		<src>LB Forst Brandenburg</src>
	</wpt>
	<wpt lat="52.110906874544128" lon="14.425146250782142">
		<name>2613</name>
		<cmt>Chossewitz, Jankemühle; Oberförsterei</cmt>
		<desc>Chossewitz, Jankemühle; Oberförsterei</desc>
		<src>LB Forst Brandenburg</src>
	</wpt>
	<wpt lat="52.091730738825923" lon="12.701824866337304">
		<name>2302</name>
		<cmt>Stadt Niemegk; Industriegebiet,Altdorfer Weg- Einfahrt Wald</cmt>
		<desc>Stadt Niemegk; Industriegebiet,Altdorfer Weg- Einfahrt Wald</desc>
		<src>LB Forst Brandenburg</src>
	</wpt>
	<wpt lat="52.105545678925978" lon="13.376579287927324">
		<name>1057</name>
		<cmt>Kummersdorf Gut; Sportplatz</cmt>
		<desc>Kummersdorf Gut; Sportplatz</desc>
		<src>LB Forst Brandenburg</src>
	</wpt>
	<wpt lat="52.11435290726358" lon="13.584518919357494">
		<name>1175</name>
		<cmt>Teupitz, Neuendorf; Dornswalder Staße, Stromleitungstrasse</cmt>
		<desc>Teupitz, Neuendorf; Dornswalder Staße, Stromleitungstrasse</desc>
		<src>LB Forst Brandenburg</src>
	</wpt>
	<wpt lat="52.115205443029325" lon="13.525259986560016">
		<name>1151</name>
		<cmt>Zossen, Zesch am See; Am Dorfplatz 11, Oberförsterei</cmt>
		<desc>Zossen, Zesch am See; Am Dorfplatz 11, Oberförsterei</desc>
		<src>LB Forst Brandenburg</src>
	</wpt>
	<wpt lat="52.127172098818185" lon="14.495088007551574">
		<name>2597</name>
		<cmt>Schlaubetal, Bremsdorf; Waldbeginn an der Straße nach Kieselwitz</cmt>
		<desc>Schlaubetal, Bremsdorf; Waldbeginn an der Straße nach Kieselwitz</desc>
		<src>LB Forst Brandenburg</src>
	</wpt>
	<wpt lat="52.120215014918948" lon="13.483924177665163">
		<name>1152</name>
		<cmt>Zossen, Lindenbrück; Wünsdorf B96,Richtung Baruth, am Gehöft</cmt>
		<desc>Zossen, Lindenbrück; Wünsdorf B96,Richtung Baruth, am Gehöft</desc>
		<src>LB Forst Brandenburg</src>
	</wpt>
	<wpt lat="52.111015069332574" lon="12.881168871084073">
		<name>2106</name>
		<cmt>Treuenbrietzen; Schlalacher Straße Revierfoersterei Treuenbrietzen</cmt>
		<desc>Treuenbrietzen; Schlalacher Straße Revierfoersterei Treuenbrietzen</desc>
		<src>LB Forst Brandenburg</src>
	</wpt>
	<wpt lat="52.119158294875191" lon="13.394362495309531">
		<name>1053</name>
		<cmt>Fernneuendorf; Dorfstr., Friedhof</cmt>
		<desc>Fernneuendorf; Dorfstr., Friedhof</desc>
		<src>LB Forst Brandenburg</src>
	</wpt>
	<wpt lat="52.131226118417878" lon="14.324526800312995">
		<name>2626</name>
		<cmt>Reudnitz; K 6714, Kirche-Dorfmitte</cmt>
		<desc>Reudnitz; K 6714, Kirche-Dorfmitte</desc>
		<src>LB Forst Brandenburg</src>
	</wpt>
	<wpt lat="52.137988094363216" lon="13.980229183378638">
		<name>1253</name>
		<cmt>Storkow, Schwenow; K 6726 ,  Wald-Rastplatz am Blocksberg</cmt>
		<desc>Storkow, Schwenow; K 6726 ,  Wald-Rastplatz am Blocksberg</desc>
		<src>LB Forst Brandenburg</src>
	</wpt>
	<wpt lat="52.144383773481124" lon="14.546498386348039">
		<name>2586</name>
		<cmt>Fünfeichen; B 246,Ortseingang von Eisenhüttenstadt kommend links, am ehemaligen Feuerwachturm</cmt>
		<desc>Fünfeichen; B 246,Ortseingang von Eisenhüttenstadt kommend links, am ehemaligen Feuerwachturm</desc>
		<src>LB Forst Brandenburg</src>
	</wpt>
	<wpt lat="52.144939206069793" lon="14.381064057554225">
		<name>2593</name>
		<cmt>Grunow-Dammendorf, Grunow; Waldeinfahrt an der Ölsener Mühle</cmt>
		<desc>Grunow-Dammendorf, Grunow; Waldeinfahrt an der Ölsener Mühle</desc>
		<src>LB Forst Brandenburg</src>
	</wpt>
	<wpt lat="52.140776172038166" lon="13.359438618541057">
		<name>1059</name>
		<cmt>Am Mellensee, Sperenberg; Puschkinstr., am Bahnübergang Grundschule Sperenberg</cmt>
		<desc>Am Mellensee, Sperenberg; Puschkinstr., am Bahnübergang Grundschule Sperenberg</desc>
		<src>LB Forst Brandenburg</src>
	</wpt>
	<wpt lat="52.149667299206726" lon="14.091619565775131">
		<name>1111</name>
		<cmt>Görsdorf; Straße des Friedens; Feuerwehr</cmt>
		<desc>Görsdorf; Straße des Friedens; Feuerwehr</desc>
		<src>LB Forst Brandenburg</src>
	</wpt>
	<wpt lat="52.139400908779592" lon="13.120507601784253">
		<name>2405</name>
		<cmt>Nuthe-Urstromtal, Berkenbrück; Str.n. Luckenwalde L73,Parkplatz Gaststätte</cmt>
		<desc>Nuthe-Urstromtal, Berkenbrück; Str.n. Luckenwalde L73,Parkplatz Gaststätte</desc>
		<src>LB Forst Brandenburg</src>
	</wpt>
	<wpt lat="52.151381336081428" lon="13.884062792721691">
		<name>1117</name>
		<cmt>Storkow, Groß Eichholz; Kolonie Nr.3; Forsthaus</cmt>
		<desc>Storkow, Groß Eichholz; Kolonie Nr.3; Forsthaus</desc>
		<src>LB Forst Brandenburg</src>
	</wpt>
	<wpt lat="52.159692197772628" lon="14.014310817073881">
		<name>1254</name>
		<cmt>Storkow, Limsdorf; L42 Dorfstraße,  am Feuerwehrhaus</cmt>
		<desc>Storkow, Limsdorf; L42 Dorfstraße,  am Feuerwehrhaus</desc>
		<src>LB Forst Brandenburg</src>
	</wpt>
	<wpt lat="52.17025302586741" lon="14.598492071292215">
		<name>2582</name>
		<cmt>Eisenhüttenstadt; Eisenhüttenstadt; ESSO-Tankstelle (an der B112)</cmt>
		<desc>Eisenhüttenstadt; Eisenhüttenstadt; ESSO-Tankstelle (an der B112)</desc>
		<src>LB Forst Brandenburg</src>
	</wpt>
	<wpt lat="52.14734775381352" lon="12.573650911352003">
		<name>2739</name>
		<cmt>Belzig; Forstweg 8, Forst Belzig</cmt>
		<desc>Belzig; Forstweg 8, Forst Belzig</desc>
		<src>LB Forst Brandenburg</src>
	</wpt>
	<wpt lat="52.165530256804985" lon="13.545753939690846">
		<name>1154</name>
		<cmt>Mittenwalde, Töpchin; L74 Wünsdorfer Str, Kreisgrenze</cmt>
		<desc>Mittenwalde, Töpchin; L74 Wünsdorfer Str, Kreisgrenze</desc>
		<src>LB Forst Brandenburg</src>
	</wpt>
	<wpt lat="52.165455019908826" lon="13.326130340475592">
		<name>1054</name>
		<cmt>Am Mellensee, Alexanderdorf; L70 Klosterstr., Richtung Trebbin, Ortsausgang am  Kloster</cmt>
		<desc>Am Mellensee, Alexanderdorf; L70 Klosterstr., Richtung Trebbin, Ortsausgang am  Kloster</desc>
		<src>LB Forst Brandenburg</src>
	</wpt>
	<wpt lat="52.171719230391865" lon="13.101119164284761">
		<name>2298</name>
		<cmt>Nuthe-Urstromtal, Hennickendorf; Am Funkturm, Stangenhagener Straße ca. 250m Ortsausgang</cmt>
		<desc>Nuthe-Urstromtal, Hennickendorf; Am Funkturm, Stangenhagener Straße ca. 250m Ortsausgang</desc>
		<src>LB Forst Brandenburg</src>
	</wpt>
	<wpt lat="52.164991884957914" lon="12.722471154379042">
		<name>2170</name>
		<cmt>Brück, Gömnigk; B246, Abfahrt Trebitzer Weg</cmt>
		<desc>Brück, Gömnigk; B246, Abfahrt Trebitzer Weg</desc>
		<src>LB Forst Brandenburg</src>
	</wpt>
	<wpt lat="52.175549004792273" lon="13.237581346177803">
		<name>1016</name>
		<cmt>Trebbin, Wiesenhagen; Platz der Jugend</cmt>
		<desc>Trebbin, Wiesenhagen; Platz der Jugend</desc>
		<src>LB Forst Brandenburg</src>
	</wpt>
	<wpt lat="52.18736824845741" lon="14.428968006295417">
		<name>2608</name>
		<cmt>Mixdorf,  Kupferhammer; K 6718, Waldeinfahrt Kupferhammer</cmt>
		<desc>Mixdorf,  Kupferhammer; K 6718, Waldeinfahrt Kupferhammer</desc>
		<src>LB Forst Brandenburg</src>
	</wpt>
	<wpt lat="52.178098037345357" lon="13.214814338321151">
		<name>1018</name>
		<cmt>Trebbin, Kliestow; gegenüber Zelle Nr.8</cmt>
		<desc>Trebbin, Kliestow; gegenüber Zelle Nr.8</desc>
		<src>LB Forst Brandenburg</src>
	</wpt>
	<wpt lat="52.181238160975887" lon="12.975884003413686">
		<name>2125</name>
		<cmt>Beelitz, Wittbrietzen; Ortsmitte, Riebner Straße, an der Freiwilligen Feuerwehr</cmt>
		<desc>Beelitz, Wittbrietzen; Ortsmitte, Riebner Straße, an der Freiwilligen Feuerwehr</desc>
		<src>LB Forst Brandenburg</src>
	</wpt>
	<wpt lat="52.197656486065398" lon="14.30010661688253">
		<name>1130</name>
		<cmt>Ragow; B87, Gewerbepark 1, BLV Landmaschinenvertrieb</cmt>
		<desc>Ragow; B87, Gewerbepark 1, BLV Landmaschinenvertrieb</desc>
		<src>LB Forst Brandenburg</src>
	</wpt>
	<wpt lat="52.188953450080902" lon="13.323942240546584">
		<name>1045</name>
		<cmt>Gadsdorf; Dorfstr., Dorfplatz</cmt>
		<desc>Gadsdorf; Dorfstr., Dorfplatz</desc>
		<src>LB Forst Brandenburg</src>
	</wpt>
	<wpt lat="52.191010402355623" lon="13.038951788740139">
		<name>2121</name>
		<cmt>Beelitz, Rieben; L 73, An der Kirche</cmt>
		<desc>Beelitz, Rieben; L 73, An der Kirche</desc>
		<src>LB Forst Brandenburg</src>
	</wpt>
	<wpt lat="52.194453367196132" lon="13.243648733287335">
		<name>1037</name>
		<cmt>Trebbin, Klein Schulzendorf; Feuerwehr Klein Schulzendorf</cmt>
		<desc>Trebbin, Klein Schulzendorf; Feuerwehr Klein Schulzendorf</desc>
		<src>LB Forst Brandenburg</src>
	</wpt>
	<wpt lat="52.185728035805269" lon="12.615882072708905">
		<name>2207</name>
		<cmt>Bad Belzig, Lütte; B 102, Abzweig Rothebach</cmt>
		<desc>Bad Belzig, Lütte; B 102, Abzweig Rothebach</desc>
		<src>LB Forst Brandenburg</src>
	</wpt>
	<wpt lat="52.199996680686517" lon="13.20945869044537">
		<name>1019</name>
		<cmt>Trebbin, Kliestow; Feuerewehr Kliestow</cmt>
		<desc>Trebbin, Kliestow; Feuerewehr Kliestow</desc>
		<src>LB Forst Brandenburg</src>
	</wpt>
	<wpt lat="52.213590208836941" lon="14.412400291773031">
		<name>2671</name>
		<cmt>Mixdorf; Waldbeginn an der L 435</cmt>
		<desc>Mixdorf; Waldbeginn an der L 435</desc>
		<src>LB Forst Brandenburg</src>
	</wpt>
	<wpt lat="52.215306770658124" lon="14.449883455804601">
		<name>2639</name>
		<cmt>Müllrose, Kallinenberg; Alte Försterei Kallinberg; L37, Bushaltestelle</cmt>
		<desc>Müllrose, Kallinenberg; Alte Försterei Kallinberg; L37, Bushaltestelle</desc>
		<src>LB Forst Brandenburg</src>
	</wpt>
	<wpt lat="52.202797889371311" lon="12.957500906741217">
		<name>2122</name>
		<cmt>Beelitz, Elsholz; B 2, Höhe Elsholz Abzweig zur Fettschmelze</cmt>
		<desc>Beelitz, Elsholz; B 2, Höhe Elsholz Abzweig zur Fettschmelze</desc>
		<src>LB Forst Brandenburg</src>
	</wpt>
	<wpt lat="52.215113129624946" lon="13.873283121038749">
		<name>1123</name>
		<cmt>Storkow, Selchow; Dorfstraße Gaststätte</cmt>
		<desc>Storkow, Selchow; Dorfstraße Gaststätte</desc>
		<src>LB Forst Brandenburg</src>
	</wpt>
	<wpt lat="52.199693013289206" lon="12.605909071448014">
		<name>2210</name>
		<cmt>Bad Belzig, Lütte; B 102, Lütte Ortsmitte Abfahrt Lindenstraße</cmt>
		<desc>Bad Belzig, Lütte; B 102, Lütte Ortsmitte Abfahrt Lindenstraße</desc>
		<src>LB Forst Brandenburg</src>
	</wpt>
	<wpt lat="52.209928181794417" lon="13.098741499601434">
		<name>1024</name>
		<cmt>Trebbin, Stangenhagen; Gemeindehaus Stangenhagen</cmt>
		<desc>Trebbin, Stangenhagen; Gemeindehaus Stangenhagen</desc>
		<src>LB Forst Brandenburg</src>
	</wpt>
	<wpt lat="52.21314166227782" lon="13.25509271814882">
		<name>1022</name>
		<cmt>Trebbin, Klein Schulzendorf; B 246, Abzweig Wirtschaftsweg vor Auffahrt B101 in Richtung Zossen</cmt>
		<desc>Trebbin, Klein Schulzendorf; B 246, Abzweig Wirtschaftsweg vor Auffahrt B101 in Richtung Zossen</desc>
		<src>LB Forst Brandenburg</src>
	</wpt>
	<wpt lat="52.226022026978711" lon="14.371307468496747">
		<name>2646</name>
		<cmt>Müllrose; Wendeplatz vor dem Gut Zeisigberg</cmt>
		<desc>Müllrose; Wendeplatz vor dem Gut Zeisigberg</desc>
		<src>LB Forst Brandenburg</src>
	</wpt>
	<wpt lat="52.206969212912696" lon="12.786691030386935">
		<name>2171</name>
		<cmt>Brück; B246, Brück Ausbau,Abfahrt Bundeswehr</cmt>
		<desc>Brück; B246, Brück Ausbau,Abfahrt Bundeswehr</desc>
		<src>LB Forst Brandenburg</src>
	</wpt>
	<wpt lat="52.215854965760727" lon="13.300321534116405">
		<name>1035</name>
		<cmt>Trebbin, Christinendorf; B246,Abzweig Gadsdorf</cmt>
		<desc>Trebbin, Christinendorf; B246,Abzweig Gadsdorf</desc>
		<src>LB Forst Brandenburg</src>
	</wpt>
	<wpt lat="52.213636118424148" lon="13.145762608199181">
		<name>1023</name>
		<cmt>Trebbin, Schönhagen; Feuerwehr Schönhagen</cmt>
		<desc>Trebbin, Schönhagen; Feuerwehr Schönhagen</desc>
		<src>LB Forst Brandenburg</src>
	</wpt>
	<wpt lat="52.227240100868862" lon="14.176030706163212">
		<name>1107</name>
		<cmt>Rietz-Neuendorf; Einfahrt Gemeinde Amt Rietz-Neuendorf</cmt>
		<desc>Rietz-Neuendorf; Einfahrt Gemeinde Amt Rietz-Neuendorf</desc>
		<src>LB Forst Brandenburg</src>
	</wpt>
	<wpt lat="52.216866996972534" lon="13.201513272596028">
		<name>1020</name>
		<cmt>Trebbin, Löwendorf; Ahrensd. Str., Bushaltestelle Einmündung in B246 Beelitzer Str.</cmt>
		<desc>Trebbin, Löwendorf; Ahrensd. Str., Bushaltestelle Einmündung in B246 Beelitzer Str.</desc>
		<src>LB Forst Brandenburg</src>
	</wpt>
	<wpt lat="52.218657823884875" lon="13.21819787261126">
		<name>1038</name>
		<cmt>Trebbin; Feuerwehr Trebbin</cmt>
		<desc>Trebbin; Feuerwehr Trebbin</desc>
		<src>LB Forst Brandenburg</src>
	</wpt>
	<wpt lat="52.231155292612364" lon="14.430314121499967">
		<name>2678</name>
		<cmt>Müllrose,; Bahnübergang Wustrow an L 37</cmt>
		<desc>Müllrose,; Bahnübergang Wustrow an L 37</desc>
		<src>LB Forst Brandenburg</src>
	</wpt>
	<wpt lat="52.231784497506105" lon="14.057634265769893">
		<name>1141</name>
		<cmt>Diensdorf- Radlow, Radlow; L35 Radlow Dorf, Bushaltestelle</cmt>
		<desc>Diensdorf- Radlow, Radlow; L35 Radlow Dorf, Bushaltestelle</desc>
		<src>LB Forst Brandenburg</src>
	</wpt>
	<wpt lat="52.222727844511844" lon="13.176894924712043">
		<name>1021</name>
		<cmt>Trebbin, Löwendorf; B 246 Priedel, Blankenseer Weg, gegeüber Waldrestaurant</cmt>
		<desc>Trebbin, Löwendorf; B 246 Priedel, Blankenseer Weg, gegeüber Waldrestaurant</desc>
		<src>LB Forst Brandenburg</src>
	</wpt>
	<wpt lat="52.221131738786731" lon="12.921542829033298">
		<name>2172</name>
		<cmt>Beelitz, Reesdorf; B246, Reesdorfer Dorfstr.32, vor dem Dorfgemeinschaftshaus und der Feuerwehr</cmt>
		<desc>Beelitz, Reesdorf; B246, Reesdorfer Dorfstr.32, vor dem Dorfgemeinschaftshaus und der Feuerwehr</desc>
		<src>LB Forst Brandenburg</src>
	</wpt>
	<wpt lat="52.22077856264734" lon="12.588427288965173">
		<name>2254</name>
		<cmt>Bad Belzig, Dippmannsdorf; Gaststätte Paradies, Am Sportplatz 10</cmt>
		<desc>Bad Belzig, Dippmannsdorf; Gaststätte Paradies, Am Sportplatz 10</desc>
		<src>LB Forst Brandenburg</src>
	</wpt>
	<wpt lat="52.243190561467877" lon="14.436980555545093">
		<name>2637</name>
		<cmt>Müllrose; Obf.Müllrose Kirchsteig 3</cmt>
		<desc>Müllrose; Obf.Müllrose Kirchsteig 3</desc>
		<src>LB Forst Brandenburg</src>
	</wpt>
	<wpt lat="52.233483574008098" lon="13.136588827229479">
		<name>1025</name>
		<cmt>Trebbin, Blankensee; Ruhemannweg, Parkplatz Schule</cmt>
		<desc>Trebbin, Blankensee; Ruhemannweg, Parkplatz Schule</desc>
		<src>LB Forst Brandenburg</src>
	</wpt>
	<wpt lat="52.240438505646594" lon="13.168077089101489">
		<name>1026</name>
		<cmt>Trebbin, Glau; Feuerwehr Glau</cmt>
		<desc>Trebbin, Glau; Feuerwehr Glau</desc>
		<src>LB Forst Brandenburg</src>
	</wpt>
	<wpt lat="52.242774841772068" lon="13.292771914290212">
		<name>1039</name>
		<cmt>Trebbin, Märkisch Wilmersdorf; Feuerwehr Märk. Wilmersdorf, Alte Parkstr.</cmt>
		<desc>Trebbin, Märkisch Wilmersdorf; Feuerwehr Märk. Wilmersdorf, Alte Parkstr.</desc>
		<src>LB Forst Brandenburg</src>
	</wpt>
	<wpt lat="52.258416819260482" lon="14.422782620424035">
		<name>2647</name>
		<cmt>Müllrose; Jugendwaldheim, Hohenwalder Weg 33</cmt>
		<desc>Müllrose; Jugendwaldheim, Hohenwalder Weg 33</desc>
		<src>LB Forst Brandenburg</src>
	</wpt>
	<wpt lat="52.244367236598492" lon="12.949224522972285">
		<name>2193</name>
		<cmt>Beelitz; L88, Straße nach Fichtenwalde, Einfahrt zur Siedlung am Kiefernwald</cmt>
		<desc>Beelitz; L88, Straße nach Fichtenwalde, Einfahrt zur Siedlung am Kiefernwald</desc>
		<src>LB Forst Brandenburg</src>
	</wpt>
	<wpt lat="52.24696923242346" lon="13.081124412629194">
		<name>2126</name>
		<cmt>Michendorf, Stücken; L 73, von Fresdorf 200 m nach Ortseingang rechts Parkplatz</cmt>
		<desc>Michendorf, Stücken; L 73, von Fresdorf 200 m nach Ortseingang rechts Parkplatz</desc>
		<src>LB Forst Brandenburg</src>
	</wpt>
	<wpt lat="52.252504984720183" lon="13.239117802115995">
		<name>1005</name>
		<cmt>Trebbin, Thyrow; Feuerwehr Thyrow</cmt>
		<desc>Trebbin, Thyrow; Feuerwehr Thyrow</desc>
		<src>LB Forst Brandenburg</src>
	</wpt>
	<wpt lat="52.678434458381474" lon="12.244346780233482">
		<name>1616</name>
		<cmt>Havelaue, Parey; Kirche  Parey</cmt>
		<desc>Havelaue, Parey; Kirche  Parey</desc>
		<src>LB Forst Brandenburg</src>
	</wpt>
	<wpt lat="52.264404785398838" lon="14.366351636574326">
		<name>2645</name>
		<cmt>Müllrose, Biegenbrück; K 6720, Einfahrt Grenzweg</cmt>
		<desc>Müllrose, Biegenbrück; K 6720, Einfahrt Grenzweg</desc>
		<src>LB Forst Brandenburg</src>
	</wpt>
	<wpt lat="52.260748639187895" lon="13.73713413415833">
		<name>1201</name>
		<cmt>Heidesee, Gussow; Straße Am Strandbad- am Sportplatz</cmt>
		<desc>Heidesee, Gussow; Straße Am Strandbad- am Sportplatz</desc>
		<src>LB Forst Brandenburg</src>
	</wpt>
	<wpt lat="52.251726182199093" lon="12.986554559089601">
		<name>2206</name>
		<cmt>Beelitz; B2, Abzweig Kähnsdorfer Weg, Parkplatz am Spargelhof Jakobs</cmt>
		<desc>Beelitz; B2, Abzweig Kähnsdorfer Weg, Parkplatz am Spargelhof Jakobs</desc>
		<src>LB Forst Brandenburg</src>
	</wpt>
	<wpt lat="52.255723017946025" lon="13.1614252561911">
		<name>1028</name>
		<cmt>Ludwigsfelde, Mietgendorf; Feuerwehr Mietgendorf</cmt>
		<desc>Ludwigsfelde, Mietgendorf; Feuerwehr Mietgendorf</desc>
		<src>LB Forst Brandenburg</src>
	</wpt>
	<wpt lat="52.270364972207268" lon="14.391153789345246">
		<name>2825</name>
		<cmt>Müllrose, Dubrow; L37, Einfahrt Briesener Landstraße</cmt>
		<desc>Müllrose, Dubrow; L37, Einfahrt Briesener Landstraße</desc>
		<src>LB Forst Brandenburg</src>
	</wpt>
	<wpt lat="52.247353644685582" lon="12.579356133704341">
		<name>2271</name>
		<cmt>Bad Belzig,  Ragösen; Ragösen Ende Feldstrasse Feldscheune</cmt>
		<desc>Bad Belzig,  Ragösen; Ragösen Ende Feldstrasse Feldscheune</desc>
		<src>LB Forst Brandenburg</src>
	</wpt>
	<wpt lat="52.253075560323701" lon="12.835408191358965">
		<name>2146</name>
		<cmt>Borkwalde; Ernst-Thälmann-Str., Kreisverkehr</cmt>
		<desc>Borkwalde; Ernst-Thälmann-Str., Kreisverkehr</desc>
		<src>LB Forst Brandenburg</src>
	</wpt>
	<wpt lat="52.270180203855261" lon="14.161975834684105">
		<name>1138</name>
		<cmt>Pfaffendorf; B168 Pfaffendorfer Chaussee, OA Richtung Fürstenwalde</cmt>
		<desc>Pfaffendorf; B168 Pfaffendorfer Chaussee, OA Richtung Fürstenwalde</desc>
		<src>LB Forst Brandenburg</src>
	</wpt>
	<wpt lat="52.272324538247986" lon="14.447858127386251">
		<name>2821</name>
		<cmt>Frankfurt (Oder), Siedlung Junkerfeld; Informationstafel Hauptstraße Junkerfeld</cmt>
		<desc>Frankfurt (Oder), Siedlung Junkerfeld; Informationstafel Hauptstraße Junkerfeld</desc>
		<src>LB Forst Brandenburg</src>
	</wpt>
	<wpt lat="52.26208051576576" lon="13.204323607979809">
		<name>1006</name>
		<cmt>Trebbin, Großbeuthen; gegenüber Schäferei Großbeuthen</cmt>
		<desc>Trebbin, Großbeuthen; gegenüber Schäferei Großbeuthen</desc>
		<src>LB Forst Brandenburg</src>
	</wpt>
	<wpt lat="52.263903493839372" lon="13.263964602051313">
		<name>1036</name>
		<cmt>Ludwigsfelde, Kerzendorf; Brücke neue B101</cmt>
		<desc>Ludwigsfelde, Kerzendorf; Brücke neue B101</desc>
		<src>LB Forst Brandenburg</src>
	</wpt>
	<wpt lat="52.268005884877539" lon="13.360130407377834">
		<name>1032</name>
		<cmt>Ludwigsfelde, Groß Schulzendorf; Friedhof Orstausgang Richtung Glinick</cmt>
		<desc>Ludwigsfelde, Groß Schulzendorf; Friedhof Orstausgang Richtung Glinick</desc>
		<src>LB Forst Brandenburg</src>
	</wpt>
	<wpt lat="52.279022496328814" lon="14.4998350343964">
		<name>2641</name>
		<cmt>Frankfurt (Oder), Malchow; Am Helenesee Rezeption Helenesee AG</cmt>
		<desc>Frankfurt (Oder), Malchow; Am Helenesee Rezeption Helenesee AG</desc>
		<src>LB Forst Brandenburg</src>
	</wpt>
	<wpt lat="52.271129152874359" lon="13.332611704473607">
		<name>1042</name>
		<cmt>Ludwigsfelde, Groß Schulzendorf; L 79 zwischen Wietstock und Groß Schulzendorf</cmt>
		<desc>Ludwigsfelde, Groß Schulzendorf; L 79 zwischen Wietstock und Groß Schulzendorf</desc>
		<src>LB Forst Brandenburg</src>
	</wpt>
	<wpt lat="52.273351976889295" lon="13.450609543167287">
		<name>1048</name>
		<cmt>Groß Machnow; Prahmsdorfer Straße</cmt>
		<desc>Groß Machnow; Prahmsdorfer Straße</desc>
		<src>LB Forst Brandenburg</src>
	</wpt>
	<wpt lat="52.27482697721868" lon="13.299788245834581">
		<name>1012</name>
		<cmt>Ludwigsfelde, Wietstock; L79 Kastanienallee, Waldkante Richtung Wietstock</cmt>
		<desc>Ludwigsfelde, Wietstock; L79 Kastanienallee, Waldkante Richtung Wietstock</desc>
		<src>LB Forst Brandenburg</src>
	</wpt>
	<wpt lat="52.273824905680719" lon="13.176985071931032">
		<name>1007</name>
		<cmt>Ludwigsfelde, Jütchendorf; Feuerwehr</cmt>
		<desc>Ludwigsfelde, Jütchendorf; Feuerwehr</desc>
		<src>LB Forst Brandenburg</src>
	</wpt>
	<wpt lat="52.285089628280879" lon="14.152972293011297">
		<name>1144</name>
		<cmt>Rietz- Neuendorf, Kunersdorf; Dorfstr., OA in Richtung B 168</cmt>
		<desc>Rietz- Neuendorf, Kunersdorf; Dorfstr., OA in Richtung B 168</desc>
		<src>LB Forst Brandenburg</src>
	</wpt>
	<wpt lat="52.287035618375654" lon="14.48807669724917">
		<name>2824</name>
		<cmt>Frankfurt (Oder), Markendorf; Tobias-Magirus-Straße- Parkplatz Firma Becker &amp; Armbrust</cmt>
		<desc>Frankfurt (Oder), Markendorf; Tobias-Magirus-Straße- Parkplatz Firma Becker &amp; Armbrust</desc>
		<src>LB Forst Brandenburg</src>
	</wpt>
	<wpt lat="52.283879056965318" lon="13.9435174999601">
		<name>1079</name>
		<cmt>Spreenhagen, Lebbin; Lebbiner Str., Richtung Storkow, kurz vor Lebbiner See</cmt>
		<desc>Spreenhagen, Lebbin; Lebbiner Str., Richtung Storkow, kurz vor Lebbiner See</desc>
		<src>LB Forst Brandenburg</src>
	</wpt>
	<wpt lat="52.270988267995726" lon="12.898184240902889">
		<name>2127</name>
		<cmt>Beelitz, Fichtenwalde; L 88, Ortseingang Fichtenwalde von Beelitz kommend</cmt>
		<desc>Beelitz, Fichtenwalde; L 88, Ortseingang Fichtenwalde von Beelitz kommend</desc>
		<src>LB Forst Brandenburg</src>
	</wpt>
	<wpt lat="52.27453942389652" lon="13.003360298602493">
		<name>2128</name>
		<cmt>Seddiner See, Seddin; B 2, Gasthof "Jägerhof"</cmt>
		<desc>Seddiner See, Seddin; B 2, Gasthof "Jägerhof"</desc>
		<src>LB Forst Brandenburg</src>
	</wpt>
	<wpt lat="52.289278324807732" lon="14.143639575988779">
		<name>1146</name>
		<cmt>Alt-Golm; B168, Einfahrt Kiesgrube</cmt>
		<desc>Alt-Golm; B168, Einfahrt Kiesgrube</desc>
		<src>LB Forst Brandenburg</src>
	</wpt>
	<wpt lat="52.290417873360333" lon="14.23032153342362">
		<name>1142</name>
		<cmt>Rietz- Neuendorf, Drahendorf; K6728 Am Spreeufer, Buswendeschleife vor der Brücke</cmt>
		<desc>Rietz- Neuendorf, Drahendorf; K6728 Am Spreeufer, Buswendeschleife vor der Brücke</desc>
		<src>LB Forst Brandenburg</src>
	</wpt>
	<wpt lat="52.282169429495788" lon="13.210925353607964">
		<name>1010</name>
		<cmt>Ludwigsfelde, Siehten; Feuerwehr Siethen</cmt>
		<desc>Ludwigsfelde, Siehten; Feuerwehr Siethen</desc>
		<src>LB Forst Brandenburg</src>
	</wpt>
	<wpt lat="52.283110500078585" lon="13.184526463848243">
		<name>1009</name>
		<cmt>Ludwigsfelde, Gröben; Am Siethener See, Einfahrt Bugalowberg</cmt>
		<desc>Ludwigsfelde, Gröben; Am Siethener See, Einfahrt Bugalowberg</desc>
		<src>LB Forst Brandenburg</src>
	</wpt>
	<wpt lat="52.278124142610487" lon="12.609534125865595">
		<name>2151</name>
		<cmt>Golzow; Freiwillige Feuerwehr Golzow Brückerlandstrasse</cmt>
		<desc>Golzow; Freiwillige Feuerwehr Golzow Brückerlandstrasse</desc>
		<src>LB Forst Brandenburg</src>
	</wpt>
	<wpt lat="52.290393669138844" lon="13.259686609984664">
		<name>1014</name>
		<cmt>Ludwigsfelde; Tertianweg, Friedhof</cmt>
		<desc>Ludwigsfelde; Tertianweg, Friedhof</desc>
		<src>LB Forst Brandenburg</src>
	</wpt>
	<wpt lat="52.30091352433503" lon="14.183712655797912">
		<name>1256</name>
		<cmt>Langewahl, Streitberg; Langes Gestell, Kreuzung Abt. 2576/ 2577</cmt>
		<desc>Langewahl, Streitberg; Langes Gestell, Kreuzung Abt. 2576/ 2577</desc>
		<src>LB Forst Brandenburg</src>
	</wpt>
	<wpt lat="52.277185098220713" lon="12.411877424748594">
		<name>2054</name>
		<cmt>Glienecke; L93 Glienecke Rtg.Grüningen, Abzwg. K6946 Boecke,</cmt>
		<desc>Glienecke; L93 Glienecke Rtg.Grüningen, Abzwg. K6946 Boecke,</desc>
		<src>LB Forst Brandenburg</src>
	</wpt>
	<wpt lat="52.296778265061455" lon="13.412283510085746">
		<name>1004</name>
		<cmt>Rangsdorf; Lindenallee, Sportplatz</cmt>
		<desc>Rangsdorf; Lindenallee, Sportplatz</desc>
		<src>LB Forst Brandenburg</src>
	</wpt>
	<wpt lat="52.288777845385788" lon="12.854601713407595">
		<name>2147</name>
		<cmt>Beelitz, Klaistow; L88 Glindower Chaussee, Ecke Fichtenwalder Str.</cmt>
		<desc>Beelitz, Klaistow; L88 Glindower Chaussee, Ecke Fichtenwalder Str.</desc>
		<src>LB Forst Brandenburg</src>
	</wpt>
	<wpt lat="52.306453192817678" lon="13.9978583108752">
		<name>1084</name>
		<cmt>Rauen; L 361 Chausseestr., Richtung Kolpin 1,8 km nach Autobahnunterführung (Balkenweg)</cmt>
		<desc>Rauen; L 361 Chausseestr., Richtung Kolpin 1,8 km nach Autobahnunterführung (Balkenweg)</desc>
		<src>LB Forst Brandenburg</src>
	</wpt>
	<wpt lat="52.301966418513175" lon="13.394514965386994">
		<name>1003</name>
		<cmt>Blankenfelde- Mahlow, Jünsdorf; Lankeweg, Kompostieranlage</cmt>
		<desc>Blankenfelde- Mahlow, Jünsdorf; Lankeweg, Kompostieranlage</desc>
		<src>LB Forst Brandenburg</src>
	</wpt>
	<wpt lat="52.311678350972961" lon="13.974041144111009">
		<name>1085</name>
		<cmt>Spreenhagen, Briesenluch; Briesenluch Nr. 9, Obf. Kolpin</cmt>
		<desc>Spreenhagen, Briesenluch; Briesenluch Nr. 9, Obf. Kolpin</desc>
		<src>LB Forst Brandenburg</src>
	</wpt>
	<wpt lat="52.288494717970622" lon="12.405354227298865">
		<name>2487</name>
		<cmt>Wenzlow, Boecke; K6946 Boecke Rtg. L93, Kreuzung Gasleitung,</cmt>
		<desc>Wenzlow, Boecke; K6946 Boecke Rtg. L93, Kreuzung Gasleitung,</desc>
		<src>LB Forst Brandenburg</src>
	</wpt>
	<wpt lat="52.30422746077052" lon="13.230462490378075">
		<name>1013</name>
		<cmt>Ludwigsfelde; Ende Neckarstraße</cmt>
		<desc>Ludwigsfelde; Ende Neckarstraße</desc>
		<src>LB Forst Brandenburg</src>
	</wpt>
	<wpt lat="52.313765984184968" lon="14.005501508502865">
		<name>1083</name>
		<cmt>Spreenhagen, Rauen; L 361 Chausseestr., Richtung Kolpin 850 m nach Autobahnunterführung (Eichendreieck)</cmt>
		<desc>Spreenhagen, Rauen; L 361 Chausseestr., Richtung Kolpin 850 m nach Autobahnunterführung (Eichendreieck)</desc>
		<src>LB Forst Brandenburg</src>
	</wpt>
	<wpt lat="52.304229054261" lon="12.970313579800683">
		<name>2129</name>
		<cmt>Schwielowsee, Ferch; Oberförsterei Ferch, Am Bahnhof Lienewitz 2</cmt>
		<desc>Schwielowsee, Ferch; Oberförsterei Ferch, Am Bahnhof Lienewitz 2</desc>
		<src>LB Forst Brandenburg</src>
	</wpt>
	<wpt lat="52.311296717895118" lon="13.258648233106022">
		<name>1000</name>
		<cmt>Ludwigsfelde; Krankenhaus, Notaufnahme</cmt>
		<desc>Ludwigsfelde; Krankenhaus, Notaufnahme</desc>
		<src>LB Forst Brandenburg</src>
	</wpt>
	<wpt lat="52.318506614481294" lon="13.767156136739432">
		<name>1215</name>
		<cmt>Heidesee, Frierichshof; Friedrichshof; K6153 in Richtung Dannenreich, Ortsausgang</cmt>
		<desc>Heidesee, Frierichshof; Friedrichshof; K6153 in Richtung Dannenreich, Ortsausgang</desc>
		<src>LB Forst Brandenburg</src>
	</wpt>
	<wpt lat="52.301024614824378" lon="12.579659869131815">
		<name>2085</name>
		<cmt>Golzow, Grüneiche; Strasse zwischen Grüneiche und Krahne Abfahrt zur Agra Genossenschaft Golzow</cmt>
		<desc>Golzow, Grüneiche; Strasse zwischen Grüneiche und Krahne Abfahrt zur Agra Genossenschaft Golzow</desc>
		<src>LB Forst Brandenburg</src>
	</wpt>
	<wpt lat="52.325124052017863" lon="14.346648961584046">
		<name>2660</name>
		<cmt>Jacobsdorf; L 37, Gewerbegebiet</cmt>
		<desc>Jacobsdorf; L 37, Gewerbegebiet</desc>
		<src>LB Forst Brandenburg</src>
	</wpt>
	<wpt lat="52.316717838712577" lon="13.387989355196915">
		<name>1002</name>
		<cmt>Blankenfelde; Trebbiner Damm, Milchviehanlage</cmt>
		<desc>Blankenfelde; Trebbiner Damm, Milchviehanlage</desc>
		<src>LB Forst Brandenburg</src>
	</wpt>
	<wpt lat="52.3167346789986" lon="13.199888494719126">
		<name>1015</name>
		<cmt>Ludwigsfelde, Ahrensdorf; Feuerwehr Ahrensdorf</cmt>
		<desc>Ludwigsfelde, Ahrensdorf; Feuerwehr Ahrensdorf</desc>
		<src>LB Forst Brandenburg</src>
	</wpt>
	<wpt lat="52.335844792566704" lon="14.382771388891454">
		<name>2658</name>
		<cmt>Pillgram; K 6739,Jacobsdorfer Str., nördlich Bahnübergang</cmt>
		<desc>Pillgram; K 6739,Jacobsdorfer Str., nördlich Bahnübergang</desc>
		<src>LB Forst Brandenburg</src>
	</wpt>
	<wpt lat="52.321640922774627" lon="13.03510086617228">
		<name>2184</name>
		<cmt>Michendorf, Michendorf; Potsdamer Straße, OA Michendorf Richtung Potsdam Höhe Abfahrt B─KO</cmt>
		<desc>Michendorf, Michendorf; Potsdamer Straße, OA Michendorf Richtung Potsdam Höhe Abfahrt B─KO</desc>
		<src>LB Forst Brandenburg</src>
	</wpt>
	<wpt lat="52.339158128082872" lon="14.251491011004054">
		<name>2655</name>
		<cmt>Briesen (Mark); Kersdorfer Mühle, Kurve Richtung Überführung A12,</cmt>
		<desc>Briesen (Mark); Kersdorfer Mühle, Kurve Richtung Überführung A12,</desc>
		<src>LB Forst Brandenburg</src>
	</wpt>
	<wpt lat="52.335864481171697" lon="13.792854977615706">
		<name>2823</name>
		<cmt>Spreenhagen, Hartmannsdorf; Deupo-Straße Kreuzung Gasleitung</cmt>
		<desc>Spreenhagen, Hartmannsdorf; Deupo-Straße Kreuzung Gasleitung</desc>
		<src>LB Forst Brandenburg</src>
	</wpt>
	<wpt lat="52.323654488995309" lon="12.901210364253021">
		<name>2131</name>
		<cmt>Schwielowsee, Ferch; Ortsverbindungsstraße Ferch-Kammerode,K6907 Bushaltestelle Kammerode</cmt>
		<desc>Schwielowsee, Ferch; Ortsverbindungsstraße Ferch-Kammerode,K6907 Bushaltestelle Kammerode</desc>
		<src>LB Forst Brandenburg</src>
	</wpt>
	<wpt lat="52.331523353793017" lon="13.300429835724447">
		<name>1008</name>
		<cmt>Ludwigsfelde, Genshagen; B 101 alt, Waldparkplatz Genshagener Busch</cmt>
		<desc>Ludwigsfelde, Genshagen; B 101 alt, Waldparkplatz Genshagener Busch</desc>
		<src>LB Forst Brandenburg</src>
	</wpt>
	<wpt lat="52.156314135442798" lon="14.31779545028655">
		<name>2627</name>
		<cmt>Krügersdorf; B 246, Bushaltestelle</cmt>
		<desc>Krügersdorf; B 246, Bushaltestelle</desc>
		<src>LB Forst Brandenburg</src>
	</wpt>
	<wpt lat="52.340412534294401" lon="13.796253840426985">
		<name>1216</name>
		<cmt>Spreenhage, Hartmannsdorf; Hartmannsdorf; Triebsch 1, Försterei Triebsch</cmt>
		<desc>Spreenhage, Hartmannsdorf; Hartmannsdorf; Triebsch 1, Försterei Triebsch</desc>
		<src>LB Forst Brandenburg</src>
	</wpt>
	<wpt lat="52.329209767673703" lon="12.966571274594187">
		<name>2130</name>
		<cmt>Schwielowsee, Caputh; Ortsverbindungsstraße Ferch-Caputh, Bushaltestelle Flottstelle</cmt>
		<desc>Schwielowsee, Caputh; Ortsverbindungsstraße Ferch-Caputh, Bushaltestelle Flottstelle</desc>
		<src>LB Forst Brandenburg</src>
	</wpt>
	<wpt lat="52.348492764126242" lon="14.468991813955018">
		<name>2818</name>
		<cmt>Frankfurt (Oder); Parkplatz Wildpark am Stadtwald</cmt>
		<desc>Frankfurt (Oder); Parkplatz Wildpark am Stadtwald</desc>
		<src>LB Forst Brandenburg</src>
	</wpt>
	<wpt lat="52.349156993948419" lon="14.283670777660364">
		<name>2819</name>
		<cmt>Briesen (Mark); Frankfurter Str. 7, Oberförsterei Briesen</cmt>
		<desc>Briesen (Mark); Frankfurter Str. 7, Oberförsterei Briesen</desc>
		<src>LB Forst Brandenburg</src>
	</wpt>
	<wpt lat="52.335185234225705" lon="13.017499364029401">
		<name>2185</name>
		<cmt>Michendorf, Wilhelmshorst; Caputher Chaussee, zwischen Michendorf und Caputh Höhe Wasser- und Freileitungstrasse</cmt>
		<desc>Michendorf, Wilhelmshorst; Caputher Chaussee, zwischen Michendorf und Caputh Höhe Wasser- und Freileitungstrasse</desc>
		<src>LB Forst Brandenburg</src>
	</wpt>
	<wpt lat="52.336826146152298" lon="13.073554763032922">
		<name>2187</name>
		<cmt>Michendorf, Wilhelmshorst; An den Bergen, Gasstation 200 m im Wald in Verlängerung "An den Bergen"</cmt>
		<desc>Michendorf, Wilhelmshorst; An den Bergen, Gasstation 200 m im Wald in Verlängerung "An den Bergen"</desc>
		<src>LB Forst Brandenburg</src>
	</wpt>
	<wpt lat="52.357014601053429" lon="14.164926911235113">
		<name>2667</name>
		<cmt>Berkenbrück; L 38, südlich Bahnhof, Waldeinfahrt</cmt>
		<desc>Berkenbrück; L 38, südlich Bahnhof, Waldeinfahrt</desc>
		<src>LB Forst Brandenburg</src>
	</wpt>
	<wpt lat="52.346351973234881" lon="13.151876800403036">
		<name>2188</name>
		<cmt>Nuthetal, Nudow; Trebbiner Straße, Forsthaus Nudow/Ahrensdorf</cmt>
		<desc>Nuthetal, Nudow; Trebbiner Straße, Forsthaus Nudow/Ahrensdorf</desc>
		<src>LB Forst Brandenburg</src>
	</wpt>
	<wpt lat="52.354362493628415" lon="13.758800604405206">
		<name>1219</name>
		<cmt>Spreenhagen, Neu Zittau; L39 in Richtg. Oder-Spree-Kanal, 3400 m Unterführg A10</cmt>
		<desc>Spreenhagen, Neu Zittau; L39 in Richtg. Oder-Spree-Kanal, 3400 m Unterführg A10</desc>
		<src>LB Forst Brandenburg</src>
	</wpt>
	<wpt lat="52.338973622029151" lon="12.438995944114138">
		<name>2059</name>
		<cmt>Brandenburg, Mahlenzien; Ortsverbindungsweg Mahlenzien-Kirchmöser, Abzweig Wilhelmsdorf/Malge, 950 m nördlich von Mahlenzien</cmt>
		<desc>Brandenburg, Mahlenzien; Ortsverbindungsweg Mahlenzien-Kirchmöser, Abzweig Wilhelmsdorf/Malge, 950 m nördlich von Mahlenzien</desc>
		<src>LB Forst Brandenburg</src>
	</wpt>
	<wpt lat="52.355165945355296" lon="13.04363269129013">
		<name>2186</name>
		<cmt>Potsdam, Potsdam; B 2 Michendorfer Chaussee, Parkplatz Nesselgrundbrücke</cmt>
		<desc>Potsdam, Potsdam; B 2 Michendorfer Chaussee, Parkplatz Nesselgrundbrücke</desc>
		<src>LB Forst Brandenburg</src>
	</wpt>
	<wpt lat="52.356863658295339" lon="13.089147526841257">
		<name>2194</name>
		<cmt>Potsdam, Waldstadt; Caputher Heuweg, Waldeinfahrt von Waldstadt II in den Caputher Heuweg</cmt>
		<desc>Potsdam, Waldstadt; Caputher Heuweg, Waldeinfahrt von Waldstadt II in den Caputher Heuweg</desc>
		<src>LB Forst Brandenburg</src>
	</wpt>
	<wpt lat="52.361477908761131" lon="13.34456774707879">
		<name>1001</name>
		<cmt>Großbeeren, Kleinbeeren; Mahlower Weg, Waldkante</cmt>
		<desc>Großbeeren, Kleinbeeren; Mahlower Weg, Waldkante</desc>
		<src>LB Forst Brandenburg</src>
	</wpt>
	<wpt lat="52.347676845250753" lon="12.500873332152029">
		<name>2062</name>
		<cmt>Brandenburg, Wilhelmsdorf; L 93,   Abzweig Neue Mühle</cmt>
		<desc>Brandenburg, Wilhelmsdorf; L 93,   Abzweig Neue Mühle</desc>
		<src>LB Forst Brandenburg</src>
	</wpt>
	<wpt lat="52.373018388403381" lon="13.786339034876521">
		<name>1218</name>
		<cmt>Spreenhagen, Steinfurth; Steinfurt 1 ; Buswendeschleife Steinfurt</cmt>
		<desc>Spreenhagen, Steinfurth; Steinfurt 1 ; Buswendeschleife Steinfurt</desc>
		<src>LB Forst Brandenburg</src>
	</wpt>
	<wpt lat="52.365770993204393" lon="13.009371462411236">
		<name>2201</name>
		<cmt>Potsdam, Pirscheide; An der Pirschheide 40, Parkplatz vor Hotel Seminaris</cmt>
		<desc>Potsdam, Pirscheide; An der Pirschheide 40, Parkplatz vor Hotel Seminaris</desc>
		<src>LB Forst Brandenburg</src>
	</wpt>
	<wpt lat="52.369051004374008" lon="13.164915236426957">
		<name>2190</name>
		<cmt>Stahnsdorf, Güterfelde; Priesterweg, Gewerbehof Priesterweg</cmt>
		<desc>Stahnsdorf, Güterfelde; Priesterweg, Gewerbehof Priesterweg</desc>
		<src>LB Forst Brandenburg</src>
	</wpt>
	<wpt lat="52.37035376802573" lon="13.088178121647589">
		<name>2192</name>
		<cmt>Potsdam, Potsdam; Heinrich-Mann-Allee 93a, Liegenschaft Oberförsterei Potsdam</cmt>
		<desc>Potsdam, Potsdam; Heinrich-Mann-Allee 93a, Liegenschaft Oberförsterei Potsdam</desc>
		<src>LB Forst Brandenburg</src>
	</wpt>
	<wpt lat="52.368873404367342" lon="12.993225147499761">
		<name>2200</name>
		<cmt>Potsdam, Wildpark; B 1 Zeppelinstraße, Forsthaus Südtor zwischen Potsdam und Geltow</cmt>
		<desc>Potsdam, Wildpark; B 1 Zeppelinstraße, Forsthaus Südtor zwischen Potsdam und Geltow</desc>
		<src>LB Forst Brandenburg</src>
	</wpt>
	<wpt lat="52.359029337732743" lon="12.468020219983417">
		<name>2061</name>
		<cmt>Brandenburg, Wilhelmsdorf; Heerstraße Richtung Kirchmöser/Mahlenzien, Parkplatz Buckaubrücke, ca 3,0 km nach Ortsausgang</cmt>
		<desc>Brandenburg, Wilhelmsdorf; Heerstraße Richtung Kirchmöser/Mahlenzien, Parkplatz Buckaubrücke, ca 3,0 km nach Ortsausgang</desc>
		<src>LB Forst Brandenburg</src>
	</wpt>
	<wpt lat="52.37008070583029" lon="13.048334292054191">
		<name>2195</name>
		<cmt>Potsdam, Templiner Vorstadt; B 2 Michendorfer Chaussee, Waldeinfahrt gegenüber Kriegsgräberstätte</cmt>
		<desc>Potsdam, Templiner Vorstadt; B 2 Michendorfer Chaussee, Waldeinfahrt gegenüber Kriegsgräberstätte</desc>
		<src>LB Forst Brandenburg</src>
	</wpt>
	<wpt lat="52.384647882277442" lon="14.238281238257855">
		<name>2657</name>
		<cmt>Falkenberg; K 6735, ehem. Bündelbude (Einfahrt Alvensleben)</cmt>
		<desc>Falkenberg; K 6735, ehem. Bündelbude (Einfahrt Alvensleben)</desc>
		<src>LB Forst Brandenburg</src>
	</wpt>
	<wpt lat="52.380876829448631" lon="13.768795612301124">
		<name>1220</name>
		<cmt>Spreenhagen, Burig; Straße nach Steinfurt, Ortsausgang</cmt>
		<desc>Spreenhagen, Burig; Straße nach Steinfurt, Ortsausgang</desc>
		<src>LB Forst Brandenburg</src>
	</wpt>
	<wpt lat="52.359953124003809" lon="12.436350730859976">
		<name>2060</name>
		<cmt>Brandenburg, Kirchmöser; Ortsverbindungsweg Kirchmöser-Mahlenzien, Parkplatz Fauler See, 900 m süd-östl. vom Ortsausgangsschild Kirchmöser</cmt>
		<desc>Brandenburg, Kirchmöser; Ortsverbindungsweg Kirchmöser-Mahlenzien, Parkplatz Fauler See, 900 m süd-östl. vom Ortsausgangsschild Kirchmöser</desc>
		<src>LB Forst Brandenburg</src>
	</wpt>
	<wpt lat="52.386433587508691" lon="14.1066257397987">
		<name>2669</name>
		<cmt>Neuendorf im Sande; L 36, Sportplatz</cmt>
		<desc>Neuendorf im Sande; L 36, Sportplatz</desc>
		<src>LB Forst Brandenburg</src>
	</wpt>
	<wpt lat="52.375940439189428" lon="13.146445646992916">
		<name>2189</name>
		<cmt>Potsdam, Drewitz; Sternstraße, Platz vor dem Jagdschloss Stern</cmt>
		<desc>Potsdam, Drewitz; Sternstraße, Platz vor dem Jagdschloss Stern</desc>
		<src>LB Forst Brandenburg</src>
	</wpt>
	<wpt lat="52.37049012556286" lon="12.717756368674198">
		<name>2068</name>
		<cmt>Kloster Lehnin, Trechwitz; Schenkenberger Straße, Einfahrt Reiterhof</cmt>
		<desc>Kloster Lehnin, Trechwitz; Schenkenberger Straße, Einfahrt Reiterhof</desc>
		<src>LB Forst Brandenburg</src>
	</wpt>
	<wpt lat="52.387488840141167" lon="13.737364748592482">
		<name>1034</name>
		<cmt>Gosen-Neu Zittau; Wernsdorfer Straße , Abt.:6470</cmt>
		<desc>Gosen-Neu Zittau; Wernsdorfer Straße , Abt.:6470</desc>
		<src>LB Forst Brandenburg</src>
	</wpt>
	<wpt lat="52.380627522268725" lon="13.172592589996126">
		<name>2191</name>
		<cmt>Stahnsdorf, Güterfelde; Potsdamer Damm, Einfahrt Gruener Weg gegenüber Einfahrt Stolper Weg</cmt>
		<desc>Stahnsdorf, Güterfelde; Potsdamer Damm, Einfahrt Gruener Weg gegenüber Einfahrt Stolper Weg</desc>
		<src>LB Forst Brandenburg</src>
	</wpt>
	<wpt lat="52.381707488133586" lon="13.043856167577376">
		<name>2197</name>
		<cmt>Potsdam, Templiner Vorstadt; Templiner Straße, Waldeinfahrt gegenüber Einfahrt Hoffbauerstiftung</cmt>
		<desc>Potsdam, Templiner Vorstadt; Templiner Straße, Waldeinfahrt gegenüber Einfahrt Hoffbauerstiftung</desc>
		<src>LB Forst Brandenburg</src>
	</wpt>
	<wpt lat="52.38332434306642" lon="13.067099088335974">
		<name>2196</name>
		<cmt>Potsdam, Temliner Vorstadt; Albert-Einstein-Straße, vor Einfahrt Geoforschungszentrum</cmt>
		<desc>Potsdam, Temliner Vorstadt; Albert-Einstein-Straße, vor Einfahrt Geoforschungszentrum</desc>
		<src>LB Forst Brandenburg</src>
	</wpt>
	<wpt lat="52.39297219510194" lon="13.768621763741033">
		<name>1222</name>
		<cmt>Erkner, Hohenbinde; Gottesbrücker Weg, Buswendestelle</cmt>
		<desc>Erkner, Hohenbinde; Gottesbrücker Weg, Buswendestelle</desc>
		<src>LB Forst Brandenburg</src>
	</wpt>
	<wpt lat="52.385272191594787" lon="13.001266265969754">
		<name>2198</name>
		<cmt>Potsdam, Wildpark; Im Wildpark 2, Wildmeisterei/Waldschule</cmt>
		<desc>Potsdam, Wildpark; Im Wildpark 2, Wildmeisterei/Waldschule</desc>
		<src>LB Forst Brandenburg</src>
	</wpt>
	<wpt lat="52.397746024149825" lon="13.917700886926825">
		<name>1060</name>
		<cmt>Grünheide, Hangelsberg; L38 Berliner Damm 9, Oberförsterei</cmt>
		<desc>Grünheide, Hangelsberg; L38 Berliner Damm 9, Oberförsterei</desc>
		<src>LB Forst Brandenburg</src>
	</wpt>
	<wpt lat="52.402335991479553" lon="13.879253023146271">
		<name>1062</name>
		<cmt>Grünheide; L38, Richtung Grünheide ab OA ca. 2,3 km, rechts Klein Waller Weg</cmt>
		<desc>Grünheide; L38, Richtung Grünheide ab OA ca. 2,3 km, rechts Klein Waller Weg</desc>
		<src>LB Forst Brandenburg</src>
	</wpt>
	<wpt lat="52.387796212595632" lon="12.764646768846264">
		<name>2067</name>
		<cmt>Groß Kreutz, Bochow; L86, Einfahrt Fruchthof</cmt>
		<desc>Groß Kreutz, Bochow; L86, Einfahrt Fruchthof</desc>
		<src>LB Forst Brandenburg</src>
	</wpt>
	<wpt lat="52.405894334796741" lon="13.825537857087898">
		<name>1233</name>
		<cmt>Grünheide, Fangschleuse; L23 Chausseestr., Parkplatz Süd am Bhf. Fangschleuse</cmt>
		<desc>Grünheide, Fangschleuse; L23 Chausseestr., Parkplatz Süd am Bhf. Fangschleuse</desc>
		<src>LB Forst Brandenburg</src>
	</wpt>
	<wpt lat="52.410269420253556" lon="13.011567187980427">
		<name>2202</name>
		<cmt>Potsdam, Eiche; Lindstedter Chaussee, Höhe Schloss Lindstedt</cmt>
		<desc>Potsdam, Eiche; Lindstedter Chaussee, Höhe Schloss Lindstedt</desc>
		<src>LB Forst Brandenburg</src>
	</wpt>
	<wpt lat="52.410185110816926" lon="12.777018954758214">
		<name>2166</name>
		<cmt>Groß Kreutz; Bahnhofstraße, Bahnhof</cmt>
		<desc>Groß Kreutz; Bahnhofstraße, Bahnhof</desc>
		<src>LB Forst Brandenburg</src>
	</wpt>
	<wpt lat="52.410592010525477" lon="12.727434776708577">
		<name>2165</name>
		<cmt>Groß Kreutz, Götz; Ringstraße</cmt>
		<desc>Groß Kreutz, Götz; Ringstraße</desc>
		<src>LB Forst Brandenburg</src>
	</wpt>
	<wpt lat="52.429735473504522" lon="13.944567617423386">
		<name>1071</name>
		<cmt>Grünheide, Hangelsberg; L385 Richtung Kienbaum Waldparkplatz rechts</cmt>
		<desc>Grünheide, Hangelsberg; L385 Richtung Kienbaum Waldparkplatz rechts</desc>
		<src>LB Forst Brandenburg</src>
	</wpt>
	<wpt lat="52.416626638046154" lon="12.486940182208922">
		<name>2063</name>
		<cmt>Brandenburg; Quenzsiedlung;   B1, Abfahrt Klinikallee, Tankstelle</cmt>
		<desc>Brandenburg; Quenzsiedlung;   B1, Abfahrt Klinikallee, Tankstelle</desc>
		<src>LB Forst Brandenburg</src>
	</wpt>
	<wpt lat="52.428495129279447" lon="13.096813907964805">
		<name>2491</name>
		<cmt>Potsdam, Sacrow; Krampnitzer Straße, Ecke Fährstraße</cmt>
		<desc>Potsdam, Sacrow; Krampnitzer Straße, Ecke Fährstraße</desc>
		<src>LB Forst Brandenburg</src>
	</wpt>
	<wpt lat="52.43583837371245" lon="13.051453936914612">
		<name>2204</name>
		<cmt>Potsdam, Nedlitz; Nedlitzer Straße, Waldeinfahrt an der Ecke Amundsenstraße</cmt>
		<desc>Potsdam, Nedlitz; Nedlitzer Straße, Waldeinfahrt an der Ecke Amundsenstraße</desc>
		<src>LB Forst Brandenburg</src>
	</wpt>
	<wpt lat="52.452009024982956" lon="13.867030523865143">
		<name>1241</name>
		<cmt>Grünheide, Möllensee; L23 Abzweig L232, Herzfelder Kreuzung</cmt>
		<desc>Grünheide, Möllensee; L23 Abzweig L232, Herzfelder Kreuzung</desc>
		<src>LB Forst Brandenburg</src>
	</wpt>
	<wpt lat="52.457025968530836" lon="13.90886872735669">
		<name>1244</name>
		<cmt>Grünheide, Kagel; L232 Erknerstr., Buswendeschleife beim Weg zur Sportschule Kienbaum</cmt>
		<desc>Grünheide, Kagel; L232 Erknerstr., Buswendeschleife beim Weg zur Sportschule Kienbaum</desc>
		<src>LB Forst Brandenburg</src>
	</wpt>
	<wpt lat="52.444302039034412" lon="12.782473469908672">
		<name>2034</name>
		<cmt>Groß Kreutz, Deetz; Am Sportlerheim</cmt>
		<desc>Groß Kreutz, Deetz; Am Sportlerheim</desc>
		<src>LB Forst Brandenburg</src>
	</wpt>
	<wpt lat="52.464161316672211" lon="13.821329069422699">
		<name>2712</name>
		<cmt>Rüdersdorf; Russenlager - Forstschranke</cmt>
		<desc>Rüdersdorf; Russenlager - Forstschranke</desc>
		<src>LB Forst Brandenburg</src>
	</wpt>
	<wpt lat="52.4467316902143" lon="12.515111605492082">
		<name>2064</name>
		<cmt>Brandenburg, Butterlake; Hohenstücken; B102, Abzweig Butterlake, Schafdamm</cmt>
		<desc>Brandenburg, Butterlake; Hohenstücken; B102, Abzweig Butterlake, Schafdamm</desc>
		<src>LB Forst Brandenburg</src>
	</wpt>
	<wpt lat="52.457383507554184" lon="13.059636397561535">
		<name>2205</name>
		<cmt>Potsdam, Krampnitz; Rotkehlchenweg 5, Revierförsterei Krampnitz</cmt>
		<desc>Potsdam, Krampnitz; Rotkehlchenweg 5, Revierförsterei Krampnitz</desc>
		<src>LB Forst Brandenburg</src>
	</wpt>
	<wpt lat="52.451671983296585" lon="12.496541493184225">
		<name>2065</name>
		<cmt>Brandenburg; Altstädtische Heide;   B102, Abzweig Krahnepuhler Weg</cmt>
		<desc>Brandenburg; Altstädtische Heide;   B102, Abzweig Krahnepuhler Weg</desc>
		<src>LB Forst Brandenburg</src>
	</wpt>
	<wpt lat="52.468055992192532" lon="13.095733627857566">
		<name>2496</name>
		<cmt>Potsdam, Groß Glienicke; Potsdamerchaussee, Ecke Am Schlahn</cmt>
		<desc>Potsdam, Groß Glienicke; Potsdamerchaussee, Ecke Am Schlahn</desc>
		<src>LB Forst Brandenburg</src>
	</wpt>
	<wpt lat="52.480317189395514" lon="13.910943060302376">
		<name>2683</name>
		<cmt>Lichtenow; Kreuzung B 1/5 zur L 232, Tankstelle</cmt>
		<desc>Lichtenow; Kreuzung B 1/5 zur L 232, Tankstelle</desc>
		<src>LB Forst Brandenburg</src>
	</wpt>
	<wpt lat="52.463122966604537" lon="12.591028535971343">
		<name>2032</name>
		<cmt>Beetzseeheide, Mötzow; L911, Am Vielfruchthof</cmt>
		<desc>Beetzseeheide, Mötzow; L911, Am Vielfruchthof</desc>
		<src>LB Forst Brandenburg</src>
	</wpt>
	<wpt lat="52.488530227809363" lon="14.216098193226619">
		<name>2677</name>
		<cmt>Heinersdorf; L 36, Waldparkplatz</cmt>
		<desc>Heinersdorf; L 36, Waldparkplatz</desc>
		<src>LB Forst Brandenburg</src>
	</wpt>
	<wpt lat="52.486319567106072" lon="13.7432784">
		<name>2792</name>
		<cmt>Rüdersdorf, Grüne Linde; K 6421 Richtung B1/5, Einfahrt Vogelsdorfer Straße</cmt>
		<desc>Rüdersdorf, Grüne Linde; K 6421 Richtung B1/5, Einfahrt Vogelsdorfer Straße</desc>
		<src>LB Forst Brandenburg</src>
	</wpt>
	<wpt lat="52.484599720695535" lon="13.123834550059671">
		<name>2499</name>
		<cmt>Potsdam, Groß Glienicke; Waldsiedlung Einfahrt Behördenzentrum</cmt>
		<desc>Potsdam, Groß Glienicke; Waldsiedlung Einfahrt Behördenzentrum</desc>
		<src>LB Forst Brandenburg</src>
	</wpt>
	<wpt lat="52.492004231923204" lon="13.637876267246604">
		<name>2721</name>
		<cmt>Hoppegarten, Waldesruh; Einfahrt zum Schießplatz Diana Waldesruh</cmt>
		<desc>Hoppegarten, Waldesruh; Einfahrt zum Schießplatz Diana Waldesruh</desc>
		<src>LB Forst Brandenburg</src>
	</wpt>
	<wpt lat="52.496523902055948" lon="14.060736585758088">
		<name>2680</name>
		<cmt>Müncheberg, Bienenwerder; B1/5, Parkplatz Bienenwerder</cmt>
		<desc>Müncheberg, Bienenwerder; B1/5, Parkplatz Bienenwerder</desc>
		<src>LB Forst Brandenburg</src>
	</wpt>
	<wpt lat="52.480422454349906" lon="12.623760719932687">
		<name>2030</name>
		<cmt>Beetzseeheide, Grabow; K6941 zwischen L911 und Grabow, Einfahrt zum Lindenhof</cmt>
		<desc>Beetzseeheide, Grabow; K6941 zwischen L911 und Grabow, Einfahrt zum Lindenhof</desc>
		<src>LB Forst Brandenburg</src>
	</wpt>
	<wpt lat="52.502647828877876" lon="13.665252325446877">
		<name>2713</name>
		<cmt>Hoppegarten; Bollensdorfer Weg Parkplatz Pflanzenkölle</cmt>
		<desc>Hoppegarten; Bollensdorfer Weg Parkplatz Pflanzenkölle</desc>
		<src>LB Forst Brandenburg</src>
	</wpt>
	<wpt lat="52.510142848599713" lon="13.98625119260296">
		<name>2684</name>
		<cmt>Rehfelde, Werder; L 232, (Schäferei)</cmt>
		<desc>Rehfelde, Werder; L 232, (Schäferei)</desc>
		<src>LB Forst Brandenburg</src>
	</wpt>
	<wpt lat="52.517036952616081" lon="13.80446242720077">
		<name>2719</name>
		<cmt>Petershagen/Eggersdorf; Zwischen L303 und Waldsportplatz</cmt>
		<desc>Petershagen/Eggersdorf; Zwischen L303 und Waldsportplatz</desc>
		<src>LB Forst Brandenburg</src>
	</wpt>
	<wpt lat="52.524759848965552" lon="14.039720082009449">
		<name>2815</name>
		<cmt>Waldsieversdorf; Moorhof, Kontrollverband, Bahnübergang Rotes Luch</cmt>
		<desc>Waldsieversdorf; Moorhof, Kontrollverband, Bahnübergang Rotes Luch</desc>
		<src>LB Forst Brandenburg</src>
	</wpt>
	<wpt lat="52.527834403534456" lon="14.081354493446081">
		<name>2790</name>
		<cmt>Müncheberg, Dahmsdorf; B168, am Kesselsee</cmt>
		<desc>Müncheberg, Dahmsdorf; B168, am Kesselsee</desc>
		<src>LB Forst Brandenburg</src>
	</wpt>
	<wpt lat="52.528899779319687" lon="13.974787607421993">
		<name>2685</name>
		<cmt>Rehfelde-Garzau; K 6417, Garzau-Anitz</cmt>
		<desc>Rehfelde-Garzau; K 6417, Garzau-Anitz</desc>
		<src>LB Forst Brandenburg</src>
	</wpt>
	<wpt lat="52.530725299625075" lon="13.679871541545202">
		<name>2710</name>
		<cmt>Neuenhagen; Hönower Chaussee, Trainierbahn Neuenhagen</cmt>
		<desc>Neuenhagen; Hönower Chaussee, Trainierbahn Neuenhagen</desc>
		<src>LB Forst Brandenburg</src>
	</wpt>
	<wpt lat="52.533524782319219" lon="13.946334732970914">
		<name>2686</name>
		<cmt>Rehfelde, Garzau; K 6417, Kirche</cmt>
		<desc>Rehfelde, Garzau; K 6417, Kirche</desc>
		<src>LB Forst Brandenburg</src>
	</wpt>
	<wpt lat="52.540227515843107" lon="14.056384374204491">
		<name>2681</name>
		<cmt>Waldsieversdorf; B 168, Oberförsterei Waldsieversdorf</cmt>
		<desc>Waldsieversdorf; B 168, Oberförsterei Waldsieversdorf</desc>
		<src>LB Forst Brandenburg</src>
	</wpt>
	<wpt lat="52.517088981464795" lon="12.404202419310096">
		<name>2025</name>
		<cmt>Premnitz, Gapel; An der B 102</cmt>
		<desc>Premnitz, Gapel; An der B 102</desc>
		<src>LB Forst Brandenburg</src>
	</wpt>
	<wpt lat="52.520098406610941" lon="12.535490898486536">
		<name>2737</name>
		<cmt>Beetzsee, Marzahne; L 98 Marzahne-Mützlitz, Waldeingang</cmt>
		<desc>Beetzsee, Marzahne; L 98 Marzahne-Mützlitz, Waldeingang</desc>
		<src>LB Forst Brandenburg</src>
	</wpt>
	<wpt lat="52.542434892596276" lon="14.086116573539019">
		<name>2696</name>
		<cmt>Waldsieversdorf; Bahnhof Waldsieversdorf, ZR 1</cmt>
		<desc>Waldsieversdorf; Bahnhof Waldsieversdorf, ZR 1</desc>
		<src>LB Forst Brandenburg</src>
	</wpt>
	<wpt lat="52.516323501433298" lon="12.301141790502001">
		<name>2020</name>
		<cmt>Milower Land, Milow; Wolfsmühle</cmt>
		<desc>Milower Land, Milow; Wolfsmühle</desc>
		<src>LB Forst Brandenburg</src>
	</wpt>
	<wpt lat="52.542149626670266" lon="13.015065939099198">
		<name>2731</name>
		<cmt>Wustermark, Elstal; Zum Hakenberg</cmt>
		<desc>Wustermark, Elstal; Zum Hakenberg</desc>
		<src>LB Forst Brandenburg</src>
	</wpt>
	<wpt lat="52.558500974752441" lon="13.818424376108158">
		<name>2700</name>
		<cmt>Eggersdorf; Altlandsberger Chaussee L33, Gulaschkanone</cmt>
		<desc>Eggersdorf; Altlandsberger Chaussee L33, Gulaschkanone</desc>
		<src>LB Forst Brandenburg</src>
	</wpt>
	<wpt lat="52.56059251746634" lon="14.038806288994975">
		<name>2698</name>
		<cmt>Buckow, Hasenholz; B 168, gegenüber der Abfahrt Hasenholz</cmt>
		<desc>Buckow, Hasenholz; B 168, gegenüber der Abfahrt Hasenholz</desc>
		<src>LB Forst Brandenburg</src>
	</wpt>
	<wpt lat="52.559525072513154" lon="13.630086708780736">
		<name>2007</name>
		<cmt>Hoppegarten, Hönow; Mehrower Strasse</cmt>
		<desc>Hoppegarten, Hönow; Mehrower Strasse</desc>
		<src>LB Forst Brandenburg</src>
	</wpt>
	<wpt lat="52.565308593242534" lon="13.861152469262517">
		<name>2707</name>
		<cmt>Strausberg; Spitzmühlenweg, 23, Parkplatz an der Umgehungsstraße</cmt>
		<desc>Strausberg; Spitzmühlenweg, 23, Parkplatz an der Umgehungsstraße</desc>
		<src>LB Forst Brandenburg</src>
	</wpt>
	<wpt lat="52.566637094017125" lon="13.897905673157533">
		<name>2722</name>
		<cmt>Strausberg; Strausberg Ost; L 233, Garzauer Chaussee Ortseingang Strausberg</cmt>
		<desc>Strausberg; Strausberg Ost; L 233, Garzauer Chaussee Ortseingang Strausberg</desc>
		<src>LB Forst Brandenburg</src>
	</wpt>
	<wpt lat="52.554984334769358" lon="12.867657775784561">
		<name>2729</name>
		<cmt>Nauen, Neugarten; L 86 Abzweig Neugarten</cmt>
		<desc>Nauen, Neugarten; L 86 Abzweig Neugarten</desc>
		<src>LB Forst Brandenburg</src>
	</wpt>
	<wpt lat="52.5745775638566" lon="14.084993261450535">
		<name>2699</name>
		<cmt>Buckow; Naturparkverwaltung Buckow (Märkische Schweiz)</cmt>
		<desc>Buckow; Naturparkverwaltung Buckow (Märkische Schweiz)</desc>
		<src>LB Forst Brandenburg</src>
	</wpt>
	<wpt lat="52.579013751765586" lon="13.826480746101579">
		<name>2709</name>
		<cmt>Strausberg, Spitzmühle; Wasswerk Spitzmühle</cmt>
		<desc>Strausberg, Spitzmühle; Wasswerk Spitzmühle</desc>
		<src>LB Forst Brandenburg</src>
	</wpt>
	<wpt lat="52.565311816099076" lon="12.70850130504107">
		<name>1396</name>
		<cmt>Nauen, Klein Behnitz; Feuerwehr Klein Behnitz</cmt>
		<desc>Nauen, Klein Behnitz; Feuerwehr Klein Behnitz</desc>
		<src>LB Forst Brandenburg</src>
	</wpt>
	<wpt lat="52.591065185078804" lon="13.950508538322465">
		<name>2704</name>
		<cmt>Klosterdorf; K 6414, Hauptstrasse, Bushaltestelle</cmt>
		<desc>Klosterdorf; K 6414, Hauptstrasse, Bushaltestelle</desc>
		<src>LB Forst Brandenburg</src>
	</wpt>
	<wpt lat="52.596681739997706" lon="14.236223553029683">
		<name>2689</name>
		<cmt>Neuhardenberg; B 167, Reweparkplatz</cmt>
		<desc>Neuhardenberg; B 167, Reweparkplatz</desc>
		<src>LB Forst Brandenburg</src>
	</wpt>
	<wpt lat="52.587717973450246" lon="13.027249482889232">
		<name>2023</name>
		<cmt>Brieselang; Finkenkruger Straße. L202, ca. 600m hinter Ortsausgang Brieselang (Abzweig Backofengestell)</cmt>
		<desc>Brieselang; Finkenkruger Straße. L202, ca. 600m hinter Ortsausgang Brieselang (Abzweig Backofengestell)</desc>
		<src>LB Forst Brandenburg</src>
	</wpt>
	<wpt lat="52.601174948591698" lon="13.906905871120287">
		<name>2778</name>
		<cmt>Strausberg; Nordweg, An der Wanderhütte (West), Strasse vom Finazamt nach Wilkendorf</cmt>
		<desc>Strausberg; Nordweg, An der Wanderhütte (West), Strasse vom Finazamt nach Wilkendorf</desc>
		<src>LB Forst Brandenburg</src>
	</wpt>
	<wpt lat="52.606911686925621" lon="13.870352278887092">
		<name>2716</name>
		<cmt>Altlandsberg, Gielsdorf; L 23, Parkplatz Gaststätte zur Palme</cmt>
		<desc>Altlandsberg, Gielsdorf; L 23, Parkplatz Gaststätte zur Palme</desc>
		<src>LB Forst Brandenburg</src>
	</wpt>
	<wpt lat="52.605524113392605" lon="13.035256784066508">
		<name>2022</name>
		<cmt>Falkensee; Nauenener Chaussee 12, Waldeinfahrt gegenüber</cmt>
		<desc>Falkensee; Nauenener Chaussee 12, Waldeinfahrt gegenüber</desc>
		<src>LB Forst Brandenburg</src>
	</wpt>
	<wpt lat="52.607517129320399" lon="13.120699263378594">
		<name>1259</name>
		<cmt>Schönwalde- Glien, Schönwalde Siedlung; L20 Falkenseer Straße, gegenüber Tankstelle</cmt>
		<desc>Schönwalde- Glien, Schönwalde Siedlung; L20 Falkenseer Straße, gegenüber Tankstelle</desc>
		<src>LB Forst Brandenburg</src>
	</wpt>
	<wpt lat="52.614872773839721" lon="13.590109723313807">
		<name>1707</name>
		<cmt>Bernau, Birkholz; Birkholzer Straße, Ecke Straße nach Blumberg, Einfahrt Reiterhof "Birkhof"</cmt>
		<desc>Bernau, Birkholz; Birkholzer Straße, Ecke Straße nach Blumberg, Einfahrt Reiterhof "Birkhof"</desc>
		<src>LB Forst Brandenburg</src>
	</wpt>
	<wpt lat="52.621390188909729" lon="14.069521068718149">
		<name>2702</name>
		<cmt>Oberbarnim, Ihlow; K 6414, Sternkreuzung im Dorf</cmt>
		<desc>Oberbarnim, Ihlow; K 6414, Sternkreuzung im Dorf</desc>
		<src>LB Forst Brandenburg</src>
	</wpt>
	<wpt lat="52.612224964915505" lon="13.005922165665186">
		<name>2024</name>
		<cmt>Brieselang, Altbrieselang; Alt Brieselang 1, Försterei Alt Brieselang</cmt>
		<desc>Brieselang, Altbrieselang; Alt Brieselang 1, Försterei Alt Brieselang</desc>
		<src>LB Forst Brandenburg</src>
	</wpt>
	<wpt lat="52.62514301168752" lon="13.968122959229991">
		<name>2701</name>
		<cmt>Prötzel; L 33, Prötzler Chaussee  Haus Kreuzinger</cmt>
		<desc>Prötzel; L 33, Prötzler Chaussee  Haus Kreuzinger</desc>
		<src>LB Forst Brandenburg</src>
	</wpt>
	<wpt lat="52.62542248254082" lon="12.753640372087022">
		<name>1402</name>
		<cmt>Nauen, Ribbeck; Feuerwehr Ribbeck</cmt>
		<desc>Nauen, Ribbeck; Feuerwehr Ribbeck</desc>
		<src>LB Forst Brandenburg</src>
	</wpt>
	<wpt lat="52.624880167656421" lon="12.684857955243354">
		<name>1577</name>
		<cmt>Retzow; Feuerwehr Retzow</cmt>
		<desc>Retzow; Feuerwehr Retzow</desc>
		<src>LB Forst Brandenburg</src>
	</wpt>
	<wpt lat="52.647737218142495" lon="13.915154324528293">
		<name>2723</name>
		<cmt>Prötzel, Stadtstelle; B 168, Stadtstelle</cmt>
		<desc>Prötzel, Stadtstelle; B 168, Stadtstelle</desc>
		<src>LB Forst Brandenburg</src>
	</wpt>
	<wpt lat="52.639724778714083" lon="13.084880912331636">
		<name>1848</name>
		<cmt>Schönwalde- Glien, Wansdorf; Feuerwehrdepot am Kirschweg</cmt>
		<desc>Schönwalde- Glien, Wansdorf; Feuerwehrdepot am Kirschweg</desc>
		<src>LB Forst Brandenburg</src>
	</wpt>
	<wpt lat="52.652204267910783" lon="13.96779074260445">
		<name>2717</name>
		<cmt>Prötzel; B 168, Biesower Pflaster,ehem. Hammelstall jetzt Huskystation</cmt>
		<desc>Prötzel; B 168, Biesower Pflaster,ehem. Hammelstall jetzt Huskystation</desc>
		<src>LB Forst Brandenburg</src>
	</wpt>
	<wpt lat="52.651243313558325" lon="13.510965973112233">
		<name>2827</name>
		<cmt>Zeperrnick; Wendeplatte Buchenallee 49</cmt>
		<desc>Zeperrnick; Wendeplatte Buchenallee 49</desc>
		<src>LB Forst Brandenburg</src>
	</wpt>
	<wpt lat="52.648932099056076" lon="13.119804428205544">
		<name>1996</name>
		<cmt>Oberkrämer, Bötzow; K6505 Wansdorfer Chaussee Richtung Wansdorf, Abzweig rechts Alte Hamburger Poststraße (Schleiftechnick GmbH)</cmt>
		<desc>Oberkrämer, Bötzow; K6505 Wansdorfer Chaussee Richtung Wansdorf, Abzweig rechts Alte Hamburger Poststraße (Schleiftechnick GmbH)</desc>
		<src>LB Forst Brandenburg</src>
	</wpt>
	<wpt lat="52.648269393088292" lon="13.004232024216515">
		<name>2029</name>
		<cmt>Schönwalde- Glien, Perwenitz; Kreuzung L16 / L161</cmt>
		<desc>Schönwalde- Glien, Perwenitz; Kreuzung L16 / L161</desc>
		<src>LB Forst Brandenburg</src>
	</wpt>
	<wpt lat="52.669586074504075" lon="13.647211801828307">
		<name>1998</name>
		<cmt>Bernau, Börnicke; Thaerfelder Chaussee</cmt>
		<desc>Bernau, Börnicke; Thaerfelder Chaussee</desc>
		<src>LB Forst Brandenburg</src>
	</wpt>
	<wpt lat="52.659755513700951" lon="12.924770788620625">
		<name>2038</name>
		<cmt>Schönwalde- Glien, Grünefeld; Am Forsthaus 1</cmt>
		<desc>Schönwalde- Glien, Grünefeld; Am Forsthaus 1</desc>
		<src>LB Forst Brandenburg</src>
	</wpt>
	<wpt lat="52.665878493921127" lon="13.304961630710448">
		<name>1982</name>
		<cmt>Hohen Neuendorf, Bergfelde; L171 Hohen Neuendorfer Straße in Richtung Schönfließ, Abzweig August-Müller-Straße</cmt>
		<desc>Hohen Neuendorf, Bergfelde; L171 Hohen Neuendorfer Straße in Richtung Schönfließ, Abzweig August-Müller-Straße</desc>
		<src>LB Forst Brandenburg</src>
	</wpt>
	<wpt lat="52.676713325211431" lon="13.984922824700272">
		<name>2814</name>
		<cmt>Sternebeck; Alte Berliner Straße, Ortsausgang Sternebeck</cmt>
		<desc>Sternebeck; Alte Berliner Straße, Ortsausgang Sternebeck</desc>
		<src>LB Forst Brandenburg</src>
	</wpt>
	<wpt lat="52.678441447148451" lon="13.929313822987043">
		<name>2724</name>
		<cmt>Prötzel, Biesow; Biesower Pflaster Ortseingang Biesow</cmt>
		<desc>Prötzel, Biesow; Biesower Pflaster Ortseingang Biesow</desc>
		<src>LB Forst Brandenburg</src>
	</wpt>
	<wpt lat="52.659404860666534" lon="12.453185324623989">
		<name>1593</name>
		<cmt>Stechow-Ferchesar, Ferchesar; Forsthaus  Ferchesar</cmt>
		<desc>Stechow-Ferchesar, Ferchesar; Forsthaus  Ferchesar</desc>
		<src>LB Forst Brandenburg</src>
	</wpt>
	<wpt lat="52.682197033553628" lon="13.532518149013081">
		<name>1993</name>
		<cmt>Bernau, Schönow; Parkplatz Friedhof, Am Lanker Weg</cmt>
		<desc>Bernau, Schönow; Parkplatz Friedhof, Am Lanker Weg</desc>
		<src>LB Forst Brandenburg</src>
	</wpt>
	<wpt lat="52.686325508010214" lon="13.882123700194386">
		<name>2727</name>
		<cmt>Leuenberg Höhenland; Bahnhofstraße, vor Gaststätte Forsthaus</cmt>
		<desc>Leuenberg Höhenland; Bahnhofstraße, vor Gaststätte Forsthaus</desc>
		<src>LB Forst Brandenburg</src>
	</wpt>
	<wpt lat="52.674745507538304" lon="12.966443742173386">
		<name>2039</name>
		<cmt>Schönwalde- Glien, Grünefeld; Feuerwehrdepot</cmt>
		<desc>Schönwalde- Glien, Grünefeld; Feuerwehrdepot</desc>
		<src>LB Forst Brandenburg</src>
	</wpt>
	<wpt lat="52.691647137311442" lon="13.862064592394686">
		<name>2715</name>
		<cmt>Tiefensee; B 158, Strecke Tiefensee - Leuenberg Wald-Feld-Grenze</cmt>
		<desc>Tiefensee; B 158, Strecke Tiefensee - Leuenberg Wald-Feld-Grenze</desc>
		<src>LB Forst Brandenburg</src>
	</wpt>
	<wpt lat="52.676727526868611" lon="12.710617897382761">
		<name>1586</name>
		<cmt>Paulinenaue; Feuerwehr  Paulinenaue</cmt>
		<desc>Paulinenaue; Feuerwehr  Paulinenaue</desc>
		<src>LB Forst Brandenburg</src>
	</wpt>
	<wpt lat="52.673625216402229" lon="12.485335959398613">
		<name>1408</name>
		<cmt>Kotzen, Rhinsmühlen; Waldmast  Schweinemastanlage-alte Heerstr.(Abt.7332)</cmt>
		<desc>Kotzen, Rhinsmühlen; Waldmast  Schweinemastanlage-alte Heerstr.(Abt.7332)</desc>
		<src>LB Forst Brandenburg</src>
	</wpt>
	<wpt lat="52.693338313730926" lon="13.619951688859116">
		<name>1994</name>
		<cmt>Bernau, Ladeburg; Gewerbegebiet Albertshof, Lise Meitnerstraße</cmt>
		<desc>Bernau, Ladeburg; Gewerbegebiet Albertshof, Lise Meitnerstraße</desc>
		<src>LB Forst Brandenburg</src>
	</wpt>
	<wpt lat="52.694223876259777" lon="13.367210443514605">
		<name>1986</name>
		<cmt>Mühlenbecker Land, Summt; Parkplatz Liebenwalder Straße,Nordufer</cmt>
		<desc>Mühlenbecker Land, Summt; Parkplatz Liebenwalder Straße,Nordufer</desc>
		<src>LB Forst Brandenburg</src>
	</wpt>
	<wpt lat="52.700308367605537" lon="13.217277726999319">
		<name>1992</name>
		<cmt>Velten; L20 Pinnower Chaussee Richtung Borgsdorf, Einfahrt Parkplatz Bernsteinsee</cmt>
		<desc>Velten; L20 Pinnower Chaussee Richtung Borgsdorf, Einfahrt Parkplatz Bernsteinsee</desc>
		<src>LB Forst Brandenburg</src>
	</wpt>
	<wpt lat="52.709523794447783" lon="13.929678740784231">
		<name>2735</name>
		<cmt>Steinbeck; L 341 Richtg Haselberg rechte Seite</cmt>
		<desc>Steinbeck; L 341 Richtg Haselberg rechte Seite</desc>
		<src>LB Forst Brandenburg</src>
	</wpt>
	<wpt lat="52.699655245289613" lon="13.052738812037969">
		<name>1950</name>
		<cmt>Oberkrämer, Neu Vehlefanz; Am Krämerwald  -WBS Krämer-</cmt>
		<desc>Oberkrämer, Neu Vehlefanz; Am Krämerwald  -WBS Krämer-</desc>
		<src>LB Forst Brandenburg</src>
	</wpt>
	<wpt lat="52.706754694390675" lon="13.537600366333281">
		<name>1708</name>
		<cmt>Bernau; ehem. Forstschule Bernau, Wandlitzer Chaussee 55 16321 Bernau</cmt>
		<desc>Bernau; ehem. Forstschule Bernau, Wandlitzer Chaussee 55 16321 Bernau</desc>
		<src>LB Forst Brandenburg</src>
	</wpt>
	<wpt lat="52.688497297643636" lon="12.447650753055724">
		<name>1410</name>
		<cmt>Stecho-Ferchesar, Lochow; Ortsausgang  Lochow in Richtung B 188</cmt>
		<desc>Stecho-Ferchesar, Lochow; Ortsausgang  Lochow in Richtung B 188</desc>
		<src>LB Forst Brandenburg</src>
	</wpt>
	<wpt lat="52.716329267775947" lon="13.526250074693861">
		<name>2795</name>
		<cmt>Bernau, Waldfrieden; L304 Wandlitzer Chaussee 76 gegenüber "Bello Inn" Einfahrt Liegenschaft</cmt>
		<desc>Bernau, Waldfrieden; L304 Wandlitzer Chaussee 76 gegenüber "Bello Inn" Einfahrt Liegenschaft</desc>
		<src>LB Forst Brandenburg</src>
	</wpt>
	<wpt lat="52.714084256638586" lon="12.975842645706955">
		<name>1999</name>
		<cmt>Kremmen, Staffelde; B273  Richtung Börnicke, Parkplatz ca. 400 m hinter Brücke BAB24 (Poststraße)</cmt>
		<desc>Kremmen, Staffelde; B273  Richtung Börnicke, Parkplatz ca. 400 m hinter Brücke BAB24 (Poststraße)</desc>
		<src>LB Forst Brandenburg</src>
	</wpt>
	<wpt lat="52.711141245426354" lon="12.643529397992683">
		<name>1604</name>
		<cmt>Wiesenaue, Warsow; Feuerwehrgerätehaus, Dorfstraße</cmt>
		<desc>Wiesenaue, Warsow; Feuerwehrgerätehaus, Dorfstraße</desc>
		<src>LB Forst Brandenburg</src>
	</wpt>
	<wpt lat="52.725469521699083" lon="13.497484767652415">
		<name>1850</name>
		<cmt>Bernau, Waldsiedlung; B 273 (Brandenburgklinik) Parkplatz Friedwald an Offenbachstraße</cmt>
		<desc>Bernau, Waldsiedlung; B 273 (Brandenburgklinik) Parkplatz Friedwald an Offenbachstraße</desc>
		<src>LB Forst Brandenburg</src>
	</wpt>
	<wpt lat="52.72691503656889" lon="13.566898789304522">
		<name>2797</name>
		<cmt>Lobetal, Woltersdorf; L31 Ladeburg Richtung Lanke bei Woltersdorf, Einfahrt Liegenschaft</cmt>
		<desc>Lobetal, Woltersdorf; L31 Ladeburg Richtung Lanke bei Woltersdorf, Einfahrt Liegenschaft</desc>
		<src>LB Forst Brandenburg</src>
	</wpt>
	<wpt lat="52.724401773706276" lon="13.176844240650304">
		<name>1990</name>
		<cmt>Oberkrämer, Bärenklau; K6506 Leegebrucher Chaussee, Kreisverkehr Richtung Bärenklau - Parkplatz ca. 150 m rechts</cmt>
		<desc>Oberkrämer, Bärenklau; K6506 Leegebrucher Chaussee, Kreisverkehr Richtung Bärenklau - Parkplatz ca. 150 m rechts</desc>
		<src>LB Forst Brandenburg</src>
	</wpt>
	<wpt lat="52.729764496281192" lon="13.305826195647931">
		<name>2812</name>
		<cmt>Oranienburg, Lehnitz; L211 Fahrtrichtung Lehnitz in Richtung Summt nach ca. 2,6 km auf der linken Seite, Transformatorenhaus</cmt>
		<desc>Oranienburg, Lehnitz; L211 Fahrtrichtung Lehnitz in Richtung Summt nach ca. 2,6 km auf der linken Seite, Transformatorenhaus</desc>
		<src>LB Forst Brandenburg</src>
	</wpt>
	<wpt lat="52.740104500252933" lon="13.485434231914914">
		<name>1706</name>
		<cmt>Bernau; B273, Imbiss- Parkplatz</cmt>
		<desc>Bernau; B273, Imbiss- Parkplatz</desc>
		<src>LB Forst Brandenburg</src>
	</wpt>
	<wpt lat="52.726973817833326" lon="12.627722678904719">
		<name>1628</name>
		<cmt>Wiesenaue, Vietznitz; Feuerwehrgerätehaus, Warsower Straße</cmt>
		<desc>Wiesenaue, Vietznitz; Feuerwehrgerätehaus, Warsower Straße</desc>
		<src>LB Forst Brandenburg</src>
	</wpt>
	<wpt lat="52.738239072721619" lon="13.203212018328928">
		<name>2806</name>
		<cmt>Oranienburg,  Leegebruch; B96N Abfahrt "Leegebruch" Bärenklauer Weg in Richtung Leegebruch nach Ende des Brückenbauwerks rechts</cmt>
		<desc>Oranienburg,  Leegebruch; B96N Abfahrt "Leegebruch" Bärenklauer Weg in Richtung Leegebruch nach Ende des Brückenbauwerks rechts</desc>
		<src>LB Forst Brandenburg</src>
	</wpt>
	<wpt lat="52.723880859464472" lon="12.358837836256733">
		<name>1423</name>
		<cmt>Rhinow; Abzweig Schönholzer Weg-B102</cmt>
		<desc>Rhinow; Abzweig Schönholzer Weg-B102</desc>
		<src>LB Forst Brandenburg</src>
	</wpt>
	<wpt lat="52.734115549015783" lon="12.647467573800457">
		<name>1649</name>
		<cmt>Wiesenaue, Vietznitz; Bahnhofstraße 3, Brücke über Kleinen Havelländischen Hauptkanal bei Leischke, Waldzufahrt</cmt>
		<desc>Wiesenaue, Vietznitz; Bahnhofstraße 3, Brücke über Kleinen Havelländischen Hauptkanal bei Leischke, Waldzufahrt</desc>
		<src>LB Forst Brandenburg</src>
	</wpt>
	<wpt lat="52.752761649681709" lon="13.591475195761042">
		<name>1984</name>
		<cmt>Hellmühle; Hellmühler Weg</cmt>
		<desc>Hellmühle; Hellmühler Weg</desc>
		<src>LB Forst Brandenburg</src>
	</wpt>
	<wpt lat="52.740449004467273" lon="12.496360369954466">
		<name>1606</name>
		<cmt>Kleßen; Feuerwehrdepot  Kleßen</cmt>
		<desc>Kleßen; Feuerwehrdepot  Kleßen</desc>
		<src>LB Forst Brandenburg</src>
	</wpt>
	<wpt lat="52.755486724595727" lon="13.277975118057629">
		<name>1847</name>
		<cmt>Oranienburg, Lehnitz; Magnus-Hirschfeld-Straße Kreuzung Seegestell</cmt>
		<desc>Oranienburg, Lehnitz; Magnus-Hirschfeld-Straße Kreuzung Seegestell</desc>
		<src>LB Forst Brandenburg</src>
	</wpt>
	<wpt lat="52.757417969215382" lon="13.316947986184086">
		<name>2811</name>
		<cmt>Oranienburg, Schmachtenhagen Süd; Steinpilzweg Ecke Maronenweg</cmt>
		<desc>Oranienburg, Schmachtenhagen Süd; Steinpilzweg Ecke Maronenweg</desc>
		<src>LB Forst Brandenburg</src>
	</wpt>
	<wpt lat="52.769438969022993" lon="14.032383189467422">
		<name>1623</name>
		<cmt>Bad Freienwalde; Köhlerei, Sonnenburger Str. 3c</cmt>
		<desc>Bad Freienwalde; Köhlerei, Sonnenburger Str. 3c</desc>
		<src>LB Forst Brandenburg</src>
	</wpt>
	<wpt lat="52.771411827550764" lon="13.717852250259339">
		<name>1683</name>
		<cmt>Melchow; Ortsausgang Melchow Richtung Schönholz beim Tierarzt Valentien</cmt>
		<desc>Melchow; Ortsausgang Melchow Richtung Schönholz beim Tierarzt Valentien</desc>
		<src>LB Forst Brandenburg</src>
	</wpt>
	<wpt lat="52.766191861923026" lon="13.277828210227806">
		<name>1972</name>
		<cmt>Oranienburg, Oranienburg; Parkplatz B 273 Lehnitzschleuse am Abzweig zum Gewerbegebiet Nord</cmt>
		<desc>Oranienburg, Oranienburg; Parkplatz B 273 Lehnitzschleuse am Abzweig zum Gewerbegebiet Nord</desc>
		<src>LB Forst Brandenburg</src>
	</wpt>
	<wpt lat="52.767444922996958" lon="13.209805963608673">
		<name>2808</name>
		<cmt>Oranienburg, Tiergarten; Elsenweg in Richtung Tiergartensiedlung nach Überführung über B96N</cmt>
		<desc>Oranienburg, Tiergarten; Elsenweg in Richtung Tiergartensiedlung nach Überführung über B96N</desc>
		<src>LB Forst Brandenburg</src>
	</wpt>
	<wpt lat="52.758963515535505" lon="12.672483269732776">
		<name>1650</name>
		<cmt>Friesack, Briesener Zootzen; Bushaltestelle Wiesenweg</cmt>
		<desc>Friesack, Briesener Zootzen; Bushaltestelle Wiesenweg</desc>
		<src>LB Forst Brandenburg</src>
	</wpt>
	<wpt lat="52.778838209790145" lon="13.614358656061384">
		<name>1983</name>
		<cmt>Biesenthal; Ruhlsdorfer Straße, Ortseingang</cmt>
		<desc>Biesenthal; Ruhlsdorfer Straße, Ortseingang</desc>
		<src>LB Forst Brandenburg</src>
	</wpt>
	<wpt lat="52.78063965948423" lon="13.712148882214182">
		<name>1682</name>
		<cmt>Melchow; Ortseingang Melchow aus Eberswalde kommend</cmt>
		<desc>Melchow; Ortseingang Melchow aus Eberswalde kommend</desc>
		<src>LB Forst Brandenburg</src>
	</wpt>
	<wpt lat="52.785451829675949" lon="13.404406919517745">
		<name>1846</name>
		<cmt>Oranienburg, Zehlendorf; L 29 Stolzenhagener Chaussee, Abzweig Ausbau Rickbyhl</cmt>
		<desc>Oranienburg, Zehlendorf; L 29 Stolzenhagener Chaussee, Abzweig Ausbau Rickbyhl</desc>
		<src>LB Forst Brandenburg</src>
	</wpt>
	<wpt lat="52.773365051642941" lon="12.638668736035484">
		<name>1651</name>
		<cmt>Friesack, Kleeßener Zootzen; Bushaltestelle Dorfstraße</cmt>
		<desc>Friesack, Kleeßener Zootzen; Bushaltestelle Dorfstraße</desc>
		<src>LB Forst Brandenburg</src>
	</wpt>
	<wpt lat="52.7764426016074" lon="12.764000214354922">
		<name>1675</name>
		<cmt>Fehrbellin, Betzin; Wasserwerk Betziner Heide</cmt>
		<desc>Fehrbellin, Betzin; Wasserwerk Betziner Heide</desc>
		<src>LB Forst Brandenburg</src>
	</wpt>
	<wpt lat="52.788135980101501" lon="13.292875236296416">
		<name>1954</name>
		<cmt>Oranienburg, Schmachtenhagen; Malzer Weg, Richtung Oder-Havel-Kanal (ca. 800 m davor) - Abzweig Internationaler Radweg</cmt>
		<desc>Oranienburg, Schmachtenhagen; Malzer Weg, Richtung Oder-Havel-Kanal (ca. 800 m davor) - Abzweig Internationaler Radweg</desc>
		<src>LB Forst Brandenburg</src>
	</wpt>
	<wpt lat="52.791537840606921" lon="13.481578262618191">
		<name>1698</name>
		<cmt>Wandlitz, Klosterfelde; an der Kirche B 109</cmt>
		<desc>Wandlitz, Klosterfelde; an der Kirche B 109</desc>
		<src>LB Forst Brandenburg</src>
	</wpt>
	<wpt lat="52.793054982302571" lon="13.204255539387274">
		<name>1931</name>
		<cmt>Oranienburg, Teerofen; L191 Ortslage Teerofen, Försterei Teerofen 1</cmt>
		<desc>Oranienburg, Teerofen; L191 Ortslage Teerofen, Försterei Teerofen 1</desc>
		<src>LB Forst Brandenburg</src>
	</wpt>
	<wpt lat="52.810516355676647" lon="13.448036764495308">
		<name>2780</name>
		<cmt>Liebenwalde, Kreuzbruch; Ehem. NVA-Kaserne (in Klosterfelde von B109 in Triftstr., nach 30m links in Liebenwalder Damm abbiegen, ca. 2,5km geradeaus bis zum Ende der Teerstr.)</cmt>
		<desc>Liebenwalde, Kreuzbruch; Ehem. NVA-Kaserne (in Klosterfelde von B109 in Triftstr., nach 30m links in Liebenwalder Damm abbiegen, ca. 2,5km geradeaus bis zum Ende der Teerstr.)</desc>
		<src>LB Forst Brandenburg</src>
	</wpt>
	<wpt lat="52.814191092779645" lon="13.407384739688171">
		<name>1958</name>
		<cmt>Liebenwalde, Kreuzbruch; L21 Berliner Chaussee Richtung Zehlendorf, Abzweig Rehmate</cmt>
		<desc>Liebenwalde, Kreuzbruch; L21 Berliner Chaussee Richtung Zehlendorf, Abzweig Rehmate</desc>
		<src>LB Forst Brandenburg</src>
	</wpt>
	<wpt lat="52.802975808313988" lon="12.581047585354499">
		<name>1663</name>
		<cmt>Friesack, Wutzetz; Bushaltestelle und Feuerwehr, Dorfring</cmt>
		<desc>Friesack, Wutzetz; Bushaltestelle und Feuerwehr, Dorfring</desc>
		<src>LB Forst Brandenburg</src>
	</wpt>
	<wpt lat="52.816537904828436" lon="13.246557923389314">
		<name>1973</name>
		<cmt>Löwenberger Land, Nassenheide; L 213 Waldeinfahrt DERO Baustoffe Schweinemastweg</cmt>
		<desc>Löwenberger Land, Nassenheide; L 213 Waldeinfahrt DERO Baustoffe Schweinemastweg</desc>
		<src>LB Forst Brandenburg</src>
	</wpt>
	<wpt lat="52.822475577591113" lon="13.214508047837125">
		<name>2209</name>
		<cmt>Löwenberger Land, Nassenheide; B96, Richtung Teschendorf -Tankstelle Q1</cmt>
		<desc>Löwenberger Land, Nassenheide; B96, Richtung Teschendorf -Tankstelle Q1</desc>
		<src>LB Forst Brandenburg</src>
	</wpt>
	<wpt lat="52.824052092813432" lon="13.26481657293286">
		<name>1974</name>
		<cmt>Liebenwalde, Freienhagen; L 213 hinter Ortsausgang Richtung Nassenheide erster Waldweg nördlich zum krummen Berg</cmt>
		<desc>Liebenwalde, Freienhagen; L 213 hinter Ortsausgang Richtung Nassenheide erster Waldweg nördlich zum krummen Berg</desc>
		<src>LB Forst Brandenburg</src>
	</wpt>
	<wpt lat="52.81214336293111" lon="12.541343773926632">
		<name>1487</name>
		<cmt>Wusterhausen, Nackel; B 5  Abzweig Nackel, Plattenstraße</cmt>
		<desc>Wusterhausen, Nackel; B 5  Abzweig Nackel, Plattenstraße</desc>
		<src>LB Forst Brandenburg</src>
	</wpt>
	<wpt lat="52.843762526402784" lon="13.455165570325924">
		<name>1965</name>
		<cmt>Liebenwalde, Kreuzbruch; Kreuzbrucher Straße, Ortsausgang Richtung Zerpenschleuse - Waldanfang</cmt>
		<desc>Liebenwalde, Kreuzbruch; Kreuzbrucher Straße, Ortsausgang Richtung Zerpenschleuse - Waldanfang</desc>
		<src>LB Forst Brandenburg</src>
	</wpt>
	<wpt lat="52.853874354628367" lon="13.914826586311523">
		<name>1652</name>
		<cmt>Liepe; L 291 Einfahrt Klosterbrücke</cmt>
		<desc>Liepe; L 291 Einfahrt Klosterbrücke</desc>
		<src>LB Forst Brandenburg</src>
	</wpt>
	<wpt lat="52.857879925482884" lon="13.953017204955191">
		<name>1653</name>
		<cmt>Liepe; Sportplatz Liepe</cmt>
		<desc>Liepe; Sportplatz Liepe</desc>
		<src>LB Forst Brandenburg</src>
	</wpt>
	<wpt lat="52.856288144850744" lon="13.649969083831879">
		<name>1716</name>
		<cmt>Schorfheide, Finowfurt; Kreuzung B 167/198 Finowfurt Richtung Zerpenschleuse, Kreuzung nach Eichhorst</cmt>
		<desc>Schorfheide, Finowfurt; Kreuzung B 167/198 Finowfurt Richtung Zerpenschleuse, Kreuzung nach Eichhorst</desc>
		<src>LB Forst Brandenburg</src>
	</wpt>
	<wpt lat="52.847867313390857" lon="12.887860065351225">
		<name>1927</name>
		<cmt>Fehrbellin,  Altfriesack; Bushaltestelle</cmt>
		<desc>Fehrbellin,  Altfriesack; Bushaltestelle</desc>
		<src>LB Forst Brandenburg</src>
	</wpt>
	<wpt lat="52.860051516398308" lon="13.420621308772963">
		<name>1969</name>
		<cmt>Liebenwalde, Rehhorst; Angra Pequena, Waldeingang aus Richtung Liebenwalde kommend</cmt>
		<desc>Liebenwalde, Rehhorst; Angra Pequena, Waldeingang aus Richtung Liebenwalde kommend</desc>
		<src>LB Forst Brandenburg</src>
	</wpt>
	<wpt lat="52.86607195878576" lon="13.511459291297735">
		<name>1978</name>
		<cmt>Zerpenschleuse; Einfahrt Forststraße</cmt>
		<desc>Zerpenschleuse; Einfahrt Forststraße</desc>
		<src>LB Forst Brandenburg</src>
	</wpt>
	<wpt lat="52.87495552900323" lon="13.831081966218431">
		<name>1459</name>
		<cmt>Britz; Kolonie Britz am Ende der Wiesenstraße</cmt>
		<desc>Britz; Kolonie Britz am Ende der Wiesenstraße</desc>
		<src>LB Forst Brandenburg</src>
	</wpt>
	<wpt lat="52.869937378469984" lon="13.145782141616923">
		<name>2048</name>
		<cmt>Löwenberger Land, Linde; Ortslage Grundmühle, An der Mühle/Mühlenbrücke</cmt>
		<desc>Löwenberger Land, Linde; Ortslage Grundmühle, An der Mühle/Mühlenbrücke</desc>
		<src>LB Forst Brandenburg</src>
	</wpt>
	<wpt lat="52.880457115157583" lon="13.868518309695151">
		<name>1645</name>
		<cmt>Chorin, Sandkrug; L 200 (B 2) Abzweig Mühlenhaus/Sandkrug</cmt>
		<desc>Chorin, Sandkrug; L 200 (B 2) Abzweig Mühlenhaus/Sandkrug</desc>
		<src>LB Forst Brandenburg</src>
	</wpt>
	<wpt lat="52.891992463927011" lon="14.057022270422763">
		<name>1629</name>
		<cmt>Oderberg, Neuendorf; Neuendorf 1, Gaststätte "Großer Stein"</cmt>
		<desc>Oderberg, Neuendorf; Neuendorf 1, Gaststätte "Großer Stein"</desc>
		<src>LB Forst Brandenburg</src>
	</wpt>
	<wpt lat="52.890315023098722" lon="13.638927638444235">
		<name>1714</name>
		<cmt>Schorfheide, Eichhorst; Eichhorst Ortslage vor der Brücke Abfahrt nach Altenhof</cmt>
		<desc>Schorfheide, Eichhorst; Eichhorst Ortslage vor der Brücke Abfahrt nach Altenhof</desc>
		<src>LB Forst Brandenburg</src>
	</wpt>
	<wpt lat="52.890447228932345" lon="13.267453774827388">
		<name>1930</name>
		<cmt>Löwenberger Land, Liebenberg; B167 in Richtung Falkenthal, 200 m hinter dem Ortsausgang Liebenberg, Abzweig Hertefelder Weg - Parkplatz</cmt>
		<desc>Löwenberger Land, Liebenberg; B167 in Richtung Falkenthal, 200 m hinter dem Ortsausgang Liebenberg, Abzweig Hertefelder Weg - Parkplatz</desc>
		<src>LB Forst Brandenburg</src>
	</wpt>
	<wpt lat="52.885333746645145" lon="12.911955156454644">
		<name>1932</name>
		<cmt>Neuruppin, Radensleben; Ortsausgang Richtung Herzberg</cmt>
		<desc>Neuruppin, Radensleben; Ortsausgang Richtung Herzberg</desc>
		<src>LB Forst Brandenburg</src>
	</wpt>
	<wpt lat="52.902539218610059" lon="13.871606544236464">
		<name>1657</name>
		<cmt>Chorin; Dorfkirche Chorin,</cmt>
		<desc>Chorin; Dorfkirche Chorin,</desc>
		<src>LB Forst Brandenburg</src>
	</wpt>
	<wpt lat="52.902848013788898" lon="13.644822093247276">
		<name>1723</name>
		<cmt>Schorfheide, Eichhorst; Einfahrt ehem. Oberförsterei Pechteich, Eichhorster Straße zur Schorfheide 36</cmt>
		<desc>Schorfheide, Eichhorst; Einfahrt ehem. Oberförsterei Pechteich, Eichhorster Straße zur Schorfheide 36</desc>
		<src>LB Forst Brandenburg</src>
	</wpt>
	<wpt lat="52.896646672951711" lon="13.039889318348337">
		<name>1946</name>
		<cmt>Löwenberger Land, Grieben; B167 Ortslage Grieben, Abzweig Rüthnicker Weg</cmt>
		<desc>Löwenberger Land, Grieben; B167 Ortslage Grieben, Abzweig Rüthnicker Weg</desc>
		<src>LB Forst Brandenburg</src>
	</wpt>
	<wpt lat="52.905311691870651" lon="13.527880316155445">
		<name>1731</name>
		<cmt>Schorfheide, Groß Schönebeck; Oberförsterei Gross-Schönebeck</cmt>
		<desc>Schorfheide, Groß Schönebeck; Oberförsterei Gross-Schönebeck</desc>
		<src>LB Forst Brandenburg</src>
	</wpt>
	<wpt lat="52.911201773927402" lon="13.96141591035606">
		<name>1655</name>
		<cmt>Chorin, Brodowin; Brodowinwe Dorfstraße Abzweig Partstein</cmt>
		<desc>Chorin, Brodowin; Brodowinwe Dorfstraße Abzweig Partstein</desc>
		<src>LB Forst Brandenburg</src>
	</wpt>
	<wpt lat="52.907570463153228" lon="13.588719476737644">
		<name>1721</name>
		<cmt>Schorfheide, Groß Schönebeck; Einfahrt zum Gut Sarnow, Straße zwischen Eichhorst und Gross-Schönebeck</cmt>
		<desc>Schorfheide, Groß Schönebeck; Einfahrt zum Gut Sarnow, Straße zwischen Eichhorst und Gross-Schönebeck</desc>
		<src>LB Forst Brandenburg</src>
	</wpt>
	<wpt lat="52.909083348847133" lon="13.707534269896016">
		<name>1719</name>
		<cmt>Schorfheide, Altenhof; Abzweig nach Eichhorst (EU Radweg) Bettenhaus</cmt>
		<desc>Schorfheide, Altenhof; Abzweig nach Eichhorst (EU Radweg) Bettenhaus</desc>
		<src>LB Forst Brandenburg</src>
	</wpt>
	<wpt lat="52.911585459574383" lon="13.807566506102152">
		<name>1658</name>
		<cmt>Chorin, Golzow; Dorfkirche Golzow</cmt>
		<desc>Chorin, Golzow; Dorfkirche Golzow</desc>
		<src>LB Forst Brandenburg</src>
	</wpt>
	<wpt lat="52.911346505434004" lon="13.65749408049124">
		<name>1725</name>
		<cmt>Schorfheide, Eichhorst; Parkplatz am Spring, kurz hinter Eichhorst in Richtung Joachimsthal auf der rechten Seite</cmt>
		<desc>Schorfheide, Eichhorst; Parkplatz am Spring, kurz hinter Eichhorst in Richtung Joachimsthal auf der rechten Seite</desc>
		<src>LB Forst Brandenburg</src>
	</wpt>
	<wpt lat="52.921296772737918" lon="14.028837001968">
		<name>1632</name>
		<cmt>Parsteinsee; Parkplatz Parsteinsee, aus Parstein kommend</cmt>
		<desc>Parsteinsee; Parkplatz Parsteinsee, aus Parstein kommend</desc>
		<src>LB Forst Brandenburg</src>
	</wpt>
	<wpt lat="52.891336752403731" lon="12.08429548961008">
		<name>1531</name>
		<cmt>Glöwen; B 107 Richtung Havelberg  - OT Friedrichswalde</cmt>
		<desc>Glöwen; B 107 Richtung Havelberg  - OT Friedrichswalde</desc>
		<src>LB Forst Brandenburg</src>
	</wpt>
	<wpt lat="52.894284565033239" lon="12.004989891980809">
		<name>1528</name>
		<cmt>Quitzöbel; L10-Quitzöbel - Havelberg</cmt>
		<desc>Quitzöbel; L10-Quitzöbel - Havelberg</desc>
		<src>LB Forst Brandenburg</src>
	</wpt>
	<wpt lat="52.90207276521577" lon="12.319725122911597">
		<name>2754</name>
		<cmt>Stüdenitz-Schönermark, Schönermark; Dorfstraße 51, Kirche Schönermark</cmt>
		<desc>Stüdenitz-Schönermark, Schönermark; Dorfstraße 51, Kirche Schönermark</desc>
		<src>LB Forst Brandenburg</src>
	</wpt>
	<wpt lat="52.924915304010703" lon="13.575880618177342">
		<name>1724</name>
		<cmt>Schorfheide, Groß Schönebeck; Waldparkplatz Nähe Objekt Wildfang, Alte Joachimsthaler Str. 16a</cmt>
		<desc>Schorfheide, Groß Schönebeck; Waldparkplatz Nähe Objekt Wildfang, Alte Joachimsthaler Str. 16a</desc>
		<src>LB Forst Brandenburg</src>
	</wpt>
	<wpt lat="52.924371085151421" lon="13.508313461399096">
		<name>1732</name>
		<cmt>Schorfheide, Groß Schönebeck; Richtung Schluft am Abzweig Glasowsee an der K 6011</cmt>
		<desc>Schorfheide, Groß Schönebeck; Richtung Schluft am Abzweig Glasowsee an der K 6011</desc>
		<src>LB Forst Brandenburg</src>
	</wpt>
	<wpt lat="52.92357314449599" lon="13.43763658481743">
		<name>1737</name>
		<cmt>Schorfheide; Revierförsterei Prötze, Groß Schönebeck Richtung Schluft ca. 2,8 km dann links Richtung Prötze</cmt>
		<desc>Schorfheide; Revierförsterei Prötze, Groß Schönebeck Richtung Schluft ca. 2,8 km dann links Richtung Prötze</desc>
		<src>LB Forst Brandenburg</src>
	</wpt>
	<wpt lat="52.90360195942587" lon="12.285967502973907">
		<name>2756</name>
		<cmt>Stüdenitz- Schönermark, Stüdenitz; Am Berg 1,  Einfahrt Milchviehanlage</cmt>
		<desc>Stüdenitz- Schönermark, Stüdenitz; Am Berg 1,  Einfahrt Milchviehanlage</desc>
		<src>LB Forst Brandenburg</src>
	</wpt>
	<wpt lat="52.932333082750219" lon="13.858904374565848">
		<name>1659</name>
		<cmt>Chorin, Senftenhütte; Dorfkirche Senftenhütte</cmt>
		<desc>Chorin, Senftenhütte; Dorfkirche Senftenhütte</desc>
		<src>LB Forst Brandenburg</src>
	</wpt>
	<wpt lat="52.93541230890348" lon="13.929056348796992">
		<name>1662</name>
		<cmt>Chorin, Serwest; Dorfkirche Serwest</cmt>
		<desc>Chorin, Serwest; Dorfkirche Serwest</desc>
		<src>LB Forst Brandenburg</src>
	</wpt>
	<wpt lat="52.932789274120779" lon="13.484241708728533">
		<name>1734</name>
		<cmt>Schorfheide, Groß Schönebeck; Richtung Schluft am Abzweig Liebenthal, an der K 6011</cmt>
		<desc>Schorfheide, Groß Schönebeck; Richtung Schluft am Abzweig Liebenthal, an der K 6011</desc>
		<src>LB Forst Brandenburg</src>
	</wpt>
	<wpt lat="52.934416444229598" lon="13.552349378523864">
		<name>1730</name>
		<cmt>Schorfheide; L 100 ehem. Revierförsterei Hirschberg, 2,1 km vom OA Groß Schönebeck Richtung Prenzlau rechte Seite</cmt>
		<desc>Schorfheide; L 100 ehem. Revierförsterei Hirschberg, 2,1 km vom OA Groß Schönebeck Richtung Prenzlau rechte Seite</desc>
		<src>LB Forst Brandenburg</src>
	</wpt>
	<wpt lat="52.916833200439051" lon="12.433152155604615">
		<name>1507</name>
		<cmt>Kyritz, Heinrichsfelde; Einfahrt Flugplatz</cmt>
		<desc>Kyritz, Heinrichsfelde; Einfahrt Flugplatz</desc>
		<src>LB Forst Brandenburg</src>
	</wpt>
	<wpt lat="52.937892263093623" lon="13.605676068002301">
		<name>1727</name>
		<cmt>Schorfheide, Groß Schönebeck; Revierförsterei Wildfang, Joachimsthaler Straße  Gross-Schönebeck</cmt>
		<desc>Schorfheide, Groß Schönebeck; Revierförsterei Wildfang, Joachimsthaler Straße  Gross-Schönebeck</desc>
		<src>LB Forst Brandenburg</src>
	</wpt>
	<wpt lat="52.911306233300415" lon="12.027842746976507">
		<name>1530</name>
		<cmt>Roddan; K 7005 Roddan -  Glöwen</cmt>
		<desc>Roddan; K 7005 Roddan -  Glöwen</desc>
		<src>LB Forst Brandenburg</src>
	</wpt>
	<wpt lat="52.914579839542206" lon="12.115638383779602">
		<name>1532</name>
		<cmt>Glöwen; K7003</cmt>
		<desc>Glöwen; K7003</desc>
		<src>LB Forst Brandenburg</src>
	</wpt>
	<wpt lat="52.924340982205237" lon="12.541764398677932">
		<name>1499</name>
		<cmt>Wusterhausen, Trieplatz; Ortseingang Trieplatz aus Richtung Dessow</cmt>
		<desc>Wusterhausen, Trieplatz; Ortseingang Trieplatz aus Richtung Dessow</desc>
		<src>LB Forst Brandenburg</src>
	</wpt>
	<wpt lat="52.93336465857967" lon="12.326426949408772">
		<name>2755</name>
		<cmt>Kyritz, Wilhelmsgrille; Bushaltestelle</cmt>
		<desc>Kyritz, Wilhelmsgrille; Bushaltestelle</desc>
		<src>LB Forst Brandenburg</src>
	</wpt>
	<wpt lat="52.93691061405903" lon="12.452766932504138">
		<name>1498</name>
		<cmt>Wusterhausen, Bantikow; Dorfstraße 34, Schloss Bantikow</cmt>
		<desc>Wusterhausen, Bantikow; Dorfstraße 34, Schloss Bantikow</desc>
		<src>LB Forst Brandenburg</src>
	</wpt>
	<wpt lat="52.937628753060238" lon="12.436985252184147">
		<name>1506</name>
		<cmt>Kyritz, Kyritz; Seestraße 110, Parkplatz Hotel Waldschlösschen</cmt>
		<desc>Kyritz, Kyritz; Seestraße 110, Parkplatz Hotel Waldschlösschen</desc>
		<src>LB Forst Brandenburg</src>
	</wpt>
	<wpt lat="53.086057449911081" lon="11.894865353603485">
		<name>1566</name>
		<cmt>Perleberg, Spiegelhagen; Feuerwehr Spiegelhagen</cmt>
		<desc>Perleberg, Spiegelhagen; Feuerwehr Spiegelhagen</desc>
		<src>LB Forst Brandenburg</src>
	</wpt>
	<wpt lat="52.956459729301486" lon="13.489011638665886">
		<name>1735</name>
		<cmt>Schorfheide, Schluft; Ortsverbindudng  Schluft -Kurtschlag ca. 2 km hinter Schluft, (Kurtschläger Damm)</cmt>
		<desc>Schorfheide, Schluft; Ortsverbindudng  Schluft -Kurtschlag ca. 2 km hinter Schluft, (Kurtschläger Damm)</desc>
		<src>LB Forst Brandenburg</src>
	</wpt>
	<wpt lat="52.957802454197676" lon="13.458450359986276">
		<name>1738</name>
		<cmt>Schorfheide, Schluft; Revierförsterei Trämmersee</cmt>
		<desc>Schorfheide, Schluft; Revierförsterei Trämmersee</desc>
		<src>LB Forst Brandenburg</src>
	</wpt>
	<wpt lat="52.945569995860403" lon="12.570868866931109">
		<name>1500</name>
		<cmt>Wusterhausen, Blankenberg; Ortseingang Blankenberg aus Richtung Lögow</cmt>
		<desc>Wusterhausen, Blankenberg; Ortseingang Blankenberg aus Richtung Lögow</desc>
		<src>LB Forst Brandenburg</src>
	</wpt>
	<wpt lat="52.957362621670967" lon="12.524795472666106">
		<name>1501</name>
		<cmt>Wusterhausen, Tramnitz; Ortschaft Tramnitz Bushaltestelle</cmt>
		<desc>Wusterhausen, Tramnitz; Ortschaft Tramnitz Bushaltestelle</desc>
		<src>LB Forst Brandenburg</src>
	</wpt>
	<wpt lat="52.976182408278412" lon="13.580182649904467">
		<name>1728</name>
		<cmt>Schorfheide; L 100 Parkplatz Rarangsee, 8 km von 0A Groß Schönebeck Richtung Prenzlau rechte Seite</cmt>
		<desc>Schorfheide; L 100 Parkplatz Rarangsee, 8 km von 0A Groß Schönebeck Richtung Prenzlau rechte Seite</desc>
		<src>LB Forst Brandenburg</src>
	</wpt>
	<wpt lat="52.969531106651672" lon="12.937718564767541">
		<name>1939</name>
		<cmt>Lindow (Mark), Gühlen; Straße nach Gühlen, Ortseingang Gühlen</cmt>
		<desc>Lindow (Mark), Gühlen; Straße nach Gühlen, Ortseingang Gühlen</desc>
		<src>LB Forst Brandenburg</src>
	</wpt>
	<wpt lat="52.964522075551976" lon="12.473956296324326">
		<name>1503</name>
		<cmt>Wusterhausen, Sechzehneichen; Ortseingang Sechzehneichen aus Richtung Stolpe</cmt>
		<desc>Wusterhausen, Sechzehneichen; Ortseingang Sechzehneichen aus Richtung Stolpe</desc>
		<src>LB Forst Brandenburg</src>
	</wpt>
	<wpt lat="52.966667110926323" lon="12.434280612468605">
		<name>1505</name>
		<cmt>Kyritz, Stolpe; Bushaltestelle</cmt>
		<desc>Kyritz, Stolpe; Bushaltestelle</desc>
		<src>LB Forst Brandenburg</src>
	</wpt>
	<wpt lat="52.958148479198897" lon="11.988054360170024">
		<name>1525</name>
		<cmt>Bad Wilsnack; Weg Bad Wilsnack - Glöwen</cmt>
		<desc>Bad Wilsnack; Weg Bad Wilsnack - Glöwen</desc>
		<src>LB Forst Brandenburg</src>
	</wpt>
	<wpt lat="52.974094863257967" lon="12.50965464643539">
		<name>1502</name>
		<cmt>Wusterhausen, Schönberg; am Funkmast D1</cmt>
		<desc>Wusterhausen, Schönberg; am Funkmast D1</desc>
		<src>LB Forst Brandenburg</src>
	</wpt>
	<wpt lat="52.992649170434092" lon="13.47858339339553">
		<name>1295</name>
		<cmt>Zehdenick, Kurtschlag; Ortsausgang Richtung Schluft</cmt>
		<desc>Zehdenick, Kurtschlag; Ortsausgang Richtung Schluft</desc>
		<src>LB Forst Brandenburg</src>
	</wpt>
	<wpt lat="52.994536739398626" lon="13.59242643000162">
		<name>1746</name>
		<cmt>Schorfheide, Döllner Heide; Einfahrt Maschinenhof Döllnsee an der L 100 (nähe Döllnsee)</cmt>
		<desc>Schorfheide, Döllner Heide; Einfahrt Maschinenhof Döllnsee an der L 100 (nähe Döllnsee)</desc>
		<src>LB Forst Brandenburg</src>
	</wpt>
	<wpt lat="53.000916846356617" lon="13.789917064350744">
		<name>1751</name>
		<cmt>Joachimsthal, Bärendickte; Glambecker Straße (L239) - Parkplatz Dovinsee</cmt>
		<desc>Joachimsthal, Bärendickte; Glambecker Straße (L239) - Parkplatz Dovinsee</desc>
		<src>LB Forst Brandenburg</src>
	</wpt>
	<wpt lat="52.9980007729257" lon="13.424338294048901">
		<name>1293</name>
		<cmt>Zehdenick, Kappe; Ortsverbindungsstraße Kappe-Kurtschlag, Abzweig Blockhausdamm</cmt>
		<desc>Zehdenick, Kappe; Ortsverbindungsstraße Kappe-Kurtschlag, Abzweig Blockhausdamm</desc>
		<src>LB Forst Brandenburg</src>
	</wpt>
	<wpt lat="52.992981849317957" lon="12.899724251480501">
		<name>1924</name>
		<cmt>Neuruppin, Zippelsförde; B122, Parkplatz Fischerei</cmt>
		<desc>Neuruppin, Zippelsförde; B122, Parkplatz Fischerei</desc>
		<src>LB Forst Brandenburg</src>
	</wpt>
	<wpt lat="53.000290029514971" lon="13.348813537489182">
		<name>1288</name>
		<cmt>Zehdenick; An der Templiner Chaussee, 200 m hinter Ortsausgangsschild Richtung Templin</cmt>
		<desc>Zehdenick; An der Templiner Chaussee, 200 m hinter Ortsausgangsschild Richtung Templin</desc>
		<src>LB Forst Brandenburg</src>
	</wpt>
	<wpt lat="52.989613992675324" lon="12.487731174559926">
		<name>1511</name>
		<cmt>Wusterhausen, Wulkow; Revierförsterei Tramnitz, Schönberger Str.7</cmt>
		<desc>Wusterhausen, Wulkow; Revierförsterei Tramnitz, Schönberger Str.7</desc>
		<src>LB Forst Brandenburg</src>
	</wpt>
	<wpt lat="52.988670820102698" lon="12.396647485798052">
		<name>1509</name>
		<cmt>Kyritz, Drewen; Kirche</cmt>
		<desc>Kyritz, Drewen; Kirche</desc>
		<src>LB Forst Brandenburg</src>
	</wpt>
	<wpt lat="52.989912242488586" lon="12.439380227429856">
		<name>1504</name>
		<cmt>Kyritz, Karnzow; Karnzow 4, Verwaltungsgebäude</cmt>
		<desc>Kyritz, Karnzow; Karnzow 4, Verwaltungsgebäude</desc>
		<src>LB Forst Brandenburg</src>
	</wpt>
	<wpt lat="53.011829608007346" lon="13.752828878874576">
		<name>1750</name>
		<cmt>Friedrichswalde, Parlow; Parlower Straße - Einfahrt Radweg (K 6017)</cmt>
		<desc>Friedrichswalde, Parlow; Parlower Straße - Einfahrt Radweg (K 6017)</desc>
		<src>LB Forst Brandenburg</src>
	</wpt>
	<wpt lat="53.0015773613422" lon="12.779807252597209">
		<name>1916</name>
		<cmt>Neuruppin, Stendenitz; L16, Abzweig nach Stendenitz (Grafendamm)</cmt>
		<desc>Neuruppin, Stendenitz; L16, Abzweig nach Stendenitz (Grafendamm)</desc>
		<src>LB Forst Brandenburg</src>
	</wpt>
	<wpt lat="53.016537429032518" lon="13.406977976950754">
		<name>1292</name>
		<cmt>Zehdenick, Deutschboden; L 215 Verbindungsstraße Zehdenick-Groß Dölln, Abzweig Deutschboden</cmt>
		<desc>Zehdenick, Deutschboden; L 215 Verbindungsstraße Zehdenick-Groß Dölln, Abzweig Deutschboden</desc>
		<src>LB Forst Brandenburg</src>
	</wpt>
	<wpt lat="53.012581717911772" lon="12.700224799127909">
		<name>1909</name>
		<cmt>Storbeck-Frankendorf, Frankendorf; Altdorf, Revierförsterei</cmt>
		<desc>Storbeck-Frankendorf, Frankendorf; Altdorf, Revierförsterei</desc>
		<src>LB Forst Brandenburg</src>
	</wpt>
	<wpt lat="53.017662537908627" lon="12.846186799376653">
		<name>1919</name>
		<cmt>Neuruppin, Fristow; Försterei Fristow</cmt>
		<desc>Neuruppin, Fristow; Försterei Fristow</desc>
		<src>LB Forst Brandenburg</src>
	</wpt>
	<wpt lat="53.012028177101641" lon="12.546493535599284">
		<name>1942</name>
		<cmt>Temnitzquell, Horst; Ortseingang</cmt>
		<desc>Temnitzquell, Horst; Ortseingang</desc>
		<src>LB Forst Brandenburg</src>
	</wpt>
	<wpt lat="53.019613880752097" lon="12.810159182986727">
		<name>1926</name>
		<cmt>Neuruppin, Rottstiel; Försterei Rottstiel 1</cmt>
		<desc>Neuruppin, Rottstiel; Försterei Rottstiel 1</desc>
		<src>LB Forst Brandenburg</src>
	</wpt>
	<wpt lat="53.017812476733475" lon="12.507983007405665">
		<name>1512</name>
		<cmt>Kyritz, Teetz; Kirche</cmt>
		<desc>Kyritz, Teetz; Kirche</desc>
		<src>LB Forst Brandenburg</src>
	</wpt>
	<wpt lat="53.017060382765798" lon="12.443343538808953">
		<name>1413</name>
		<cmt>Kyritz, Lellichow; Waldparkplatz Pristerweg (zw.Karnzow und Lellichow)</cmt>
		<desc>Kyritz, Lellichow; Waldparkplatz Pristerweg (zw.Karnzow und Lellichow)</desc>
		<src>LB Forst Brandenburg</src>
	</wpt>
	<wpt lat="53.026152016792743" lon="12.430212784058492">
		<name>1510</name>
		<cmt>Kyritz, Bork; Kirche</cmt>
		<desc>Kyritz, Bork; Kirche</desc>
		<src>LB Forst Brandenburg</src>
	</wpt>
	<wpt lat="53.045648989420933" lon="13.132395506689676">
		<name>1303</name>
		<cmt>Sonnenberg, Rauschendorf; L222 Kreuzung Neulögow / Rauschendorf</cmt>
		<desc>Sonnenberg, Rauschendorf; L222 Kreuzung Neulögow / Rauschendorf</desc>
		<src>LB Forst Brandenburg</src>
	</wpt>
	<wpt lat="53.028328362833832" lon="12.224459356496805">
		<name>1542</name>
		<cmt>Dannenwalde; Wegkreuzung Straße n. Friedheim</cmt>
		<desc>Dannenwalde; Wegkreuzung Straße n. Friedheim</desc>
		<src>LB Forst Brandenburg</src>
	</wpt>
	<wpt lat="53.02539084449522" lon="11.965200033189413">
		<name>1543</name>
		<cmt>Plattenburg, Ponitz; Ponitzer Straße Waldeingang</cmt>
		<desc>Plattenburg, Ponitz; Ponitzer Straße Waldeingang</desc>
		<src>LB Forst Brandenburg</src>
	</wpt>
	<wpt lat="53.051202653202637" lon="13.0909857954769">
		<name>1302</name>
		<cmt>Großwoltersdorf, Wolfsruh; Rauschendorfer Weg 4</cmt>
		<desc>Großwoltersdorf, Wolfsruh; Rauschendorfer Weg 4</desc>
		<src>LB Forst Brandenburg</src>
	</wpt>
	<wpt lat="53.025188339733226" lon="11.675138231502658">
		<name>1589</name>
		<cmt>Revierförsterei Wentdorf; Revierförsterei Wentdorf</cmt>
		<desc>Revierförsterei Wentdorf; Revierförsterei Wentdorf</desc>
		<src>LB Forst Brandenburg</src>
	</wpt>
	<wpt lat="53.053980548106999" lon="12.906970609372578">
		<name>2045</name>
		<cmt>Rheinsberg, Zechow; Dorfstraße, Ortsausgang Richtung Schwanow - Abzweig Rheinshagen</cmt>
		<desc>Rheinsberg, Zechow; Dorfstraße, Ortsausgang Richtung Schwanow - Abzweig Rheinshagen</desc>
		<src>LB Forst Brandenburg</src>
	</wpt>
	<wpt lat="53.064301601769458" lon="13.288282614944345">
		<name>1298</name>
		<cmt>Fürstenberg, Tornow; Bushaltestelle an der Kreuzung in Richtung Fürstenberg</cmt>
		<desc>Fürstenberg, Tornow; Bushaltestelle an der Kreuzung in Richtung Fürstenberg</desc>
		<src>LB Forst Brandenburg</src>
	</wpt>
	<wpt lat="53.187705754733024" lon="13.089598691225939">
		<name>1378</name>
		<cmt>Steinförde; Steinerne Furth 14, Oberförsterei Steinförde</cmt>
		<desc>Steinförde; Steinerne Furth 14, Oberförsterei Steinförde</desc>
		<src>LB Forst Brandenburg</src>
	</wpt>
	<wpt lat="53.061286002879747" lon="12.950384501379899">
		<name>1338</name>
		<cmt>Rheinsberg, Köpernitz; Ortsverbindung Köpernitz Richtung Neuköpernitz, 200m hinter Ortsausgang Köpernitz links Einfahrt zur Mühle</cmt>
		<desc>Rheinsberg, Köpernitz; Ortsverbindung Köpernitz Richtung Neuköpernitz, 200m hinter Ortsausgang Köpernitz links Einfahrt zur Mühle</desc>
		<src>LB Forst Brandenburg</src>
	</wpt>
	<wpt lat="53.076826679995349" lon="14.232001656843604">
		<name>1767</name>
		<cmt>Schwedt; Revierförsterei Berkholz, Bahnübergang Rcihtung Berkholz</cmt>
		<desc>Schwedt; Revierförsterei Berkholz, Bahnübergang Rcihtung Berkholz</desc>
		<src>LB Forst Brandenburg</src>
	</wpt>
	<wpt lat="53.039666836736956" lon="11.857515983984463">
		<name>1438</name>
		<cmt>Perleberg, Perleberg; L 10 2 km südlich Perleberg X Jeetzebrücke (Heli-tauglich)</cmt>
		<desc>Perleberg, Perleberg; L 10 2 km südlich Perleberg X Jeetzebrücke (Heli-tauglich)</desc>
		<src>LB Forst Brandenburg</src>
	</wpt>
	<wpt lat="53.038987275448477" lon="11.810335232188679">
		<name>1518</name>
		<cmt>Perleberg, Perleberg; B189 ALT Perleberg - Weisen Bahnübergang</cmt>
		<desc>Perleberg, Perleberg; B189 ALT Perleberg - Weisen Bahnübergang</desc>
		<src>LB Forst Brandenburg</src>
	</wpt>
	<wpt lat="53.076479407116999" lon="13.747754907023952">
		<name>1344</name>
		<cmt>Milmersdorf, Hohenwalde; Ortsmitte</cmt>
		<desc>Milmersdorf, Hohenwalde; Ortsmitte</desc>
		<src>LB Forst Brandenburg</src>
	</wpt>
	<wpt lat="53.069844004033179" lon="12.532613276187222">
		<name>1435</name>
		<cmt>Wittstock, Fretzdorf; Autohof Herzsprung</cmt>
		<desc>Wittstock, Fretzdorf; Autohof Herzsprung</desc>
		<src>LB Forst Brandenburg</src>
	</wpt>
	<wpt lat="53.080288575687405" lon="13.001900739680821">
		<name>1309</name>
		<cmt>Stechlin, Dollgow; Abzweig Schulzenhof</cmt>
		<desc>Stechlin, Dollgow; Abzweig Schulzenhof</desc>
		<src>LB Forst Brandenburg</src>
	</wpt>
	<wpt lat="53.057387188102901" lon="11.856532206060194">
		<name>1516</name>
		<cmt>Perleberg, Perleberg; L 10 Perleberg Vorderheide - Einfahrt Kläranlge</cmt>
		<desc>Perleberg, Perleberg; L 10 Perleberg Vorderheide - Einfahrt Kläranlge</desc>
		<src>LB Forst Brandenburg</src>
	</wpt>
	<wpt lat="53.05941103215504" lon="11.89343122466652">
		<name>1515</name>
		<cmt>Perleberg, Düpow; Friedhof</cmt>
		<desc>Perleberg, Düpow; Friedhof</desc>
		<src>LB Forst Brandenburg</src>
	</wpt>
	<wpt lat="53.086316830128332" lon="12.910733396942407">
		<name>1341</name>
		<cmt>Rheinsberg, Rheinsberg; direkt Bahnübergang/ Ortseingang B122 bzw.Berliner Chaussee</cmt>
		<desc>Rheinsberg, Rheinsberg; direkt Bahnübergang/ Ortseingang B122 bzw.Berliner Chaussee</desc>
		<src>LB Forst Brandenburg</src>
	</wpt>
	<wpt lat="53.088312213875604" lon="12.897258353248597">
		<name>1336</name>
		<cmt>Rheinsberg; Ortsausgang Richtung Zechow, Lindenallee, direkt am Waldrand</cmt>
		<desc>Rheinsberg; Ortsausgang Richtung Zechow, Lindenallee, direkt am Waldrand</desc>
		<src>LB Forst Brandenburg</src>
	</wpt>
	<wpt lat="53.063423397429851" lon="11.648469027076786">
		<name>1448</name>
		<cmt>Lanz, Bernheide; Bärwinkel 1, Parkplatz</cmt>
		<desc>Lanz, Bernheide; Bärwinkel 1, Parkplatz</desc>
		<src>LB Forst Brandenburg</src>
	</wpt>
	<wpt lat="53.080087621381232" lon="11.934731979760359">
		<name>1514</name>
		<cmt>Perleberg, Rosenhagen; Ortsausgang Richtung Gr. Gottschow</cmt>
		<desc>Perleberg, Rosenhagen; Ortsausgang Richtung Gr. Gottschow</desc>
		<src>LB Forst Brandenburg</src>
	</wpt>
	<wpt lat="53.078561447115447" lon="11.809621744901486">
		<name>1567</name>
		<cmt>Perleberg, Sükow; Ortsausgang Sükow --&amp;gt; Perleberg</cmt>
		<desc>Perleberg, Sükow; Ortsausgang Sükow --&amp;gt; Perleberg</desc>
		<src>LB Forst Brandenburg</src>
	</wpt>
	<wpt lat="53.06563893560844" lon="11.356291235022059">
		<name>1463</name>
		<cmt>Wootz; Gaststätte "Wootzer Eck"</cmt>
		<desc>Wootz; Gaststätte "Wootzer Eck"</desc>
		<src>LB Forst Brandenburg</src>
	</wpt>
	<wpt lat="53.119833686943089" lon="14.307848429403228">
		<name>1760</name>
		<cmt>Hohenfelde; Revierförsterei Wildbahn, B 2 Richtung Gartz-Kolonie Wildbahn</cmt>
		<desc>Hohenfelde; Revierförsterei Wildbahn, B 2 Richtung Gartz-Kolonie Wildbahn</desc>
		<src>LB Forst Brandenburg</src>
	</wpt>
	<wpt lat="53.109286669606419" lon="12.973899638603532">
		<name>1311</name>
		<cmt>Stechlin, Menz; L15 Abzweig Beerenbusch / Dollgow</cmt>
		<desc>Stechlin, Menz; L15 Abzweig Beerenbusch / Dollgow</desc>
		<src>LB Forst Brandenburg</src>
	</wpt>
	<wpt lat="53.099006364513897" lon="12.430822560286233">
		<name>1415</name>
		<cmt>Wittstock, Papenbruch; Natteheide, Alte Försterei</cmt>
		<desc>Wittstock, Papenbruch; Natteheide, Alte Försterei</desc>
		<src>LB Forst Brandenburg</src>
	</wpt>
	<wpt lat="53.112803046422499" lon="13.12776991037998">
		<name>1307</name>
		<cmt>Großwoltersdorf, Buchholz; Forststraße 5 Revierförsterei Seilershof</cmt>
		<desc>Großwoltersdorf, Buchholz; Forststraße 5 Revierförsterei Seilershof</desc>
		<src>LB Forst Brandenburg</src>
	</wpt>
	<wpt lat="53.111662873664692" lon="13.046219957843988">
		<name>1317</name>
		<cmt>Stechlin, Menz; Roofenstraße 23 Revierförsterei</cmt>
		<desc>Stechlin, Menz; Roofenstraße 23 Revierförsterei</desc>
		<src>LB Forst Brandenburg</src>
	</wpt>
	<wpt lat="53.111431051816247" lon="12.997370194751531">
		<name>1316</name>
		<cmt>Stechlin, Menz; L15 Krummer Damm</cmt>
		<desc>Stechlin, Menz; L15 Krummer Damm</desc>
		<src>LB Forst Brandenburg</src>
	</wpt>
	<wpt lat="53.081525901115263" lon="11.62427585821046">
		<name>1470</name>
		<cmt>Lanz, Gadow; Forsthof Gadow</cmt>
		<desc>Lanz, Gadow; Forsthof Gadow</desc>
		<src>LB Forst Brandenburg</src>
	</wpt>
	<wpt lat="53.106174800460465" lon="12.48496001501721">
		<name>1407</name>
		<cmt>Wittstock, Fretzdorf; L 14, Autobahnbrücke, Waldschranke</cmt>
		<desc>Wittstock, Fretzdorf; L 14, Autobahnbrücke, Waldschranke</desc>
		<src>LB Forst Brandenburg</src>
	</wpt>
	<wpt lat="53.095789518920064" lon="11.866826526827371">
		<name>2788</name>
		<cmt>Perleberg, Perleberg; Gemeindestr. Perleberg - Groß Buchholz, Einfahrt Hochwasserdamm</cmt>
		<desc>Perleberg, Perleberg; Gemeindestr. Perleberg - Groß Buchholz, Einfahrt Hochwasserdamm</desc>
		<src>LB Forst Brandenburg</src>
	</wpt>
	<wpt lat="53.125776076497907" lon="13.070792154221373">
		<name>1318</name>
		<cmt>Stechlin, Menz; Neuroofen 3 Eichkater</cmt>
		<desc>Stechlin, Menz; Neuroofen 3 Eichkater</desc>
		<src>LB Forst Brandenburg</src>
	</wpt>
	<wpt lat="53.137057170565726" lon="13.729833968393956">
		<name>2771</name>
		<cmt>Friedenfelde, Gerswalde; Friedenfelde Gutshaus</cmt>
		<desc>Friedenfelde, Gerswalde; Friedenfelde Gutshaus</desc>
		<src>LB Forst Brandenburg</src>
	</wpt>
	<wpt lat="53.131273522701854" lon="13.015674481272208">
		<name>1319</name>
		<cmt>Stechlin, Menz; Roofenstraße Richtung KKW - Krummer Damm</cmt>
		<desc>Stechlin, Menz; Roofenstraße Richtung KKW - Krummer Damm</desc>
		<src>LB Forst Brandenburg</src>
	</wpt>
	<wpt lat="53.099382808240719" lon="11.56690327073378">
		<name>1471</name>
		<cmt>Ferbitz; Gaststätte Bauer</cmt>
		<desc>Ferbitz; Gaststätte Bauer</desc>
		<src>LB Forst Brandenburg</src>
	</wpt>
	<wpt lat="53.136723793265617" lon="13.244172920656581">
		<name>1374</name>
		<cmt>Fürstenberg / Havel, Bredereiche; Templiner Str. 1</cmt>
		<desc>Fürstenberg / Havel, Bredereiche; Templiner Str. 1</desc>
		<src>LB Forst Brandenburg</src>
	</wpt>
	<wpt lat="53.112849385930346" lon="11.655369048507209">
		<name>1417</name>
		<cmt>Mankmuß, Birkholz; Bushaltestelle Birkholz</cmt>
		<desc>Mankmuß, Birkholz; Bushaltestelle Birkholz</desc>
		<src>LB Forst Brandenburg</src>
	</wpt>
	<wpt lat="53.147507533169176" lon="13.152749228584947">
		<name>1377</name>
		<cmt>Fürstenberg / Havel, Drögen; Drögen 10, Revierförsterei Fürstenberg/ Havel</cmt>
		<desc>Fürstenberg / Havel, Drögen; Drögen 10, Revierförsterei Fürstenberg/ Havel</desc>
		<src>LB Forst Brandenburg</src>
	</wpt>
	<wpt lat="53.110890499206825" lon="11.512092077647155">
		<name>1460</name>
		<cmt>Lenzen, Rudow; Forsthaus Rudow/Revierförsterei Lenzen</cmt>
		<desc>Lenzen, Rudow; Forsthaus Rudow/Revierförsterei Lenzen</desc>
		<src>LB Forst Brandenburg</src>
	</wpt>
	<wpt lat="53.153156934114101" lon="13.21460274012354">
		<name>1375</name>
		<cmt>Fürstenberg / Havel, Zootzen; Hauptstraße 23,</cmt>
		<desc>Fürstenberg / Havel, Zootzen; Hauptstraße 23,</desc>
		<src>LB Forst Brandenburg</src>
	</wpt>
	<wpt lat="53.113878089905242" lon="11.438986849062101">
		<name>1462</name>
		<cmt>Eldenburg; Eldenburg Feuerwehr</cmt>
		<desc>Eldenburg; Eldenburg Feuerwehr</desc>
		<src>LB Forst Brandenburg</src>
	</wpt>
	<wpt lat="53.122706933031957" lon="11.573416279293406">
		<name>1451</name>
		<cmt>Nausdorf; Nausdorf Abt.4420 (Brache)</cmt>
		<desc>Nausdorf; Nausdorf Abt.4420 (Brache)</desc>
		<src>LB Forst Brandenburg</src>
	</wpt>
	<wpt lat="53.126857997691907" lon="11.457617622444143">
		<name>1452</name>
		<cmt>Moor; Eldenburg Moor Schwarzer See</cmt>
		<desc>Moor; Eldenburg Moor Schwarzer See</desc>
		<src>LB Forst Brandenburg</src>
	</wpt>
	<wpt lat="53.170446357016104" lon="13.239741546966194">
		<name>1380</name>
		<cmt>Fürstenberg / Havel, Himmelpfort; Stolpseestraße 35, Ortseingang</cmt>
		<desc>Fürstenberg / Havel, Himmelpfort; Stolpseestraße 35, Ortseingang</desc>
		<src>LB Forst Brandenburg</src>
	</wpt>
	<wpt lat="53.144741930569019" lon="11.616442753204817">
		<name>1466</name>
		<cmt>Boberow; Gemeindehaus Boberow</cmt>
		<desc>Boberow; Gemeindehaus Boberow</desc>
		<src>LB Forst Brandenburg</src>
	</wpt>
	<wpt lat="53.167769248814643" lon="12.193859855749798">
		<name>1559</name>
		<cmt>Pritzwalk, Hainholz; An der Waldschule Hainholz</cmt>
		<desc>Pritzwalk, Hainholz; An der Waldschule Hainholz</desc>
		<src>LB Forst Brandenburg</src>
	</wpt>
	<wpt lat="53.183157666069114" lon="12.923734847791133">
		<name>1327</name>
		<cmt>Rheinsberg, Kleinzerlang; Umgehungsstraße, Kreuzung Adamswalder Weg</cmt>
		<desc>Rheinsberg, Kleinzerlang; Umgehungsstraße, Kreuzung Adamswalder Weg</desc>
		<src>LB Forst Brandenburg</src>
	</wpt>
	<wpt lat="53.175037293291332" lon="12.384430056807998">
		<name>1578</name>
		<cmt>Heiligengrabe, Maulbeerwalde; Verbindungsstraße Maulbeerwalde nach Zaatzke</cmt>
		<desc>Heiligengrabe, Maulbeerwalde; Verbindungsstraße Maulbeerwalde nach Zaatzke</desc>
		<src>LB Forst Brandenburg</src>
	</wpt>
	<wpt lat="53.189937143615026" lon="13.138353266458962">
		<name>1376</name>
		<cmt>Fürstenberg/ Havel; Kiefernweg 1, Revierförsterei Ravensbrück</cmt>
		<desc>Fürstenberg/ Havel; Kiefernweg 1, Revierförsterei Ravensbrück</desc>
		<src>LB Forst Brandenburg</src>
	</wpt>
	<wpt lat="53.194054894617672" lon="13.042859129838723">
		<name>1392</name>
		<cmt>Groß Menow; Forsthaus Groß Menow</cmt>
		<desc>Groß Menow; Forsthaus Groß Menow</desc>
		<src>LB Forst Brandenburg</src>
	</wpt>
	<wpt lat="53.199700380994514" lon="13.202696994873033">
		<name>1393</name>
		<cmt>Fürstenberg/ Havel; L15 Richtung Lychen, Abzweig Himmelpfort Neuthymen</cmt>
		<desc>Fürstenberg/ Havel; L15 Richtung Lychen, Abzweig Himmelpfort Neuthymen</desc>
		<src>LB Forst Brandenburg</src>
	</wpt>
	<wpt lat="53.19669459061523" lon="12.654481444529395">
		<name>1332</name>
		<cmt>Wittstock, Griebsee; Griebseer Weg, Einfahrt Kyritz-Ruppiner-Heide</cmt>
		<desc>Wittstock, Griebsee; Griebseer Weg, Einfahrt Kyritz-Ruppiner-Heide</desc>
		<src>LB Forst Brandenburg</src>
	</wpt>
	<wpt lat="53.217456299532323" lon="13.125848166356526">
		<name>1385</name>
		<cmt>Fürstenberg/ Havel; B 96 in Richtung Neustrelitz, Parkplatz rechte Seite</cmt>
		<desc>Fürstenberg/ Havel; B 96 in Richtung Neustrelitz, Parkplatz rechte Seite</desc>
		<src>LB Forst Brandenburg</src>
	</wpt>
	<wpt lat="53.219379699284062" lon="13.168103564585001">
		<name>1384</name>
		<cmt>Fürstenberg / Havel,  Altthymen; Am Thymensee 1, ehem. Revierförsterei Altthymen</cmt>
		<desc>Fürstenberg / Havel,  Altthymen; Am Thymensee 1, ehem. Revierförsterei Altthymen</desc>
		<src>LB Forst Brandenburg</src>
	</wpt>
	<wpt lat="53.227477852155388" lon="13.45509910804452">
		<name>1367</name>
		<cmt>Boitzenburger Land, Mahlendorf; Boitzenburger Land; OT Mahlendorf</cmt>
		<desc>Boitzenburger Land, Mahlendorf; Boitzenburger Land; OT Mahlendorf</desc>
		<src>LB Forst Brandenburg</src>
	</wpt>
	<wpt lat="53.211583737822423" lon="12.387935555838764">
		<name>1564</name>
		<cmt>Heiligengrabe, Volkwig; Volkwiger Straße Bushaltestelle Wendeschleife</cmt>
		<desc>Heiligengrabe, Volkwig; Volkwiger Straße Bushaltestelle Wendeschleife</desc>
		<src>LB Forst Brandenburg</src>
	</wpt>
	<wpt lat="53.221816332807009" lon="12.650210531378733">
		<name>1399</name>
		<cmt>Wittstock, Dranse; Kuhlmühle ehem. Militärobjekt</cmt>
		<desc>Wittstock, Dranse; Kuhlmühle ehem. Militärobjekt</desc>
		<src>LB Forst Brandenburg</src>
	</wpt>
	<wpt lat="53.220802151935885" lon="12.558913177492563">
		<name>1403</name>
		<cmt>Wittstock, Berlinchen; Schießstand Alt Daber</cmt>
		<desc>Wittstock, Berlinchen; Schießstand Alt Daber</desc>
		<src>LB Forst Brandenburg</src>
	</wpt>
	<wpt lat="53.223730598991516" lon="12.686894002323024">
		<name>1398</name>
		<cmt>Wittstock, Sewekow; Kreuzung am Radweg Abt.600 zu 690 zu 689 zu 688</cmt>
		<desc>Wittstock, Sewekow; Kreuzung am Radweg Abt.600 zu 690 zu 689 zu 688</desc>
		<src>LB Forst Brandenburg</src>
	</wpt>
	<wpt lat="53.264030858455889" lon="13.602093999242427">
		<name>1388</name>
		<cmt>Boitzenburg; Goethestraße 21, Obf.Boitzenburg</cmt>
		<desc>Boitzenburg; Goethestraße 21, Obf.Boitzenburg</desc>
		<src>LB Forst Brandenburg</src>
	</wpt>
	<wpt lat="53.246169022543413" lon="12.304522298071168">
		<name>1569</name>
		<cmt>Halenbeck-Rohlsdorf, Halenbeck; L 154 Halenbeck Ortsausgang Richtung Brügge/Rohlsdorf</cmt>
		<desc>Halenbeck-Rohlsdorf, Halenbeck; L 154 Halenbeck Ortsausgang Richtung Brügge/Rohlsdorf</desc>
		<src>LB Forst Brandenburg</src>
	</wpt>
	<wpt lat="53.253419414201588" lon="12.552597225866849">
		<name>1405</name>
		<cmt>Wittstock, Berlinchen; Kiever Wegkreuzung Abt.39 zu 48</cmt>
		<desc>Wittstock, Berlinchen; Kiever Wegkreuzung Abt.39 zu 48</desc>
		<src>LB Forst Brandenburg</src>
	</wpt>
	<wpt lat="53.272412565818676" lon="12.224822312176489">
		<name>1565</name>
		<cmt>Schmolde, Penzlin - Süd; B 103, Höhe Penzlin - Süd, Reiterhof</cmt>
		<desc>Schmolde, Penzlin - Süd; B 103, Höhe Penzlin - Süd, Reiterhof</desc>
		<src>LB Forst Brandenburg</src>
	</wpt>
	<wpt lat="53.314846426584253" lon="13.614641630658351">
		<name>2826</name>
		<cmt>Nordwestuckermark, Weggun; Alte Försterei, Waldsiedlung 5a,</cmt>
		<desc>Nordwestuckermark, Weggun; Alte Försterei, Waldsiedlung 5a,</desc>
		<src>LB Forst Brandenburg</src>
	</wpt>
	<wpt lat="53.335468404986322" lon="13.616803038160697">
		<name>2765</name>
		<cmt>Nordwestuckermark, Arendsee; Haupstraße Abzweig Am Zionsberg</cmt>
		<desc>Nordwestuckermark, Arendsee; Haupstraße Abzweig Am Zionsberg</desc>
		<src>LB Forst Brandenburg</src>
	</wpt>
	<wpt lat="53.322177852485567" lon="12.127265901405698">
		<name>1581</name>
		<cmt>Marienfließ, Stepenitz; Ortsausgang Richtung Jännersdorf</cmt>
		<desc>Marienfließ, Stepenitz; Ortsausgang Richtung Jännersdorf</desc>
		<src>LB Forst Brandenburg</src>
	</wpt>
	<wpt lat="53.329451804255498" lon="12.222962867637349">
		<name>1585</name>
		<cmt>Meyenburg; Klärwerk</cmt>
		<desc>Meyenburg; Klärwerk</desc>
		<src>LB Forst Brandenburg</src>
	</wpt>
	<wpt lat="53.394013665581518" lon="13.743712103083167">
		<name>2763</name>
		<cmt>Nordwestuckermark, Zernikow; Neusiedlerstraße 16,  Feuerwehr</cmt>
		<desc>Nordwestuckermark, Zernikow; Neusiedlerstraße 16,  Feuerwehr</desc>
		<src>LB Forst Brandenburg</src>
	</wpt>
	<wpt lat="53.439301837394673" lon="13.646750786951378">
		<name>2764</name>
		<cmt>Uckerland, Wolfshagen; Prenzlauer Straße 33, Denkmalsäule</cmt>
		<desc>Uckerland, Wolfshagen; Prenzlauer Straße 33, Denkmalsäule</desc>
		<src>LB Forst Brandenburg</src>
	</wpt>
	<wpt lat="52.194878659422521" lon="13.372921811344467">
		<name>1047</name>
		<cmt>Am Mellensee, Saalow; Dorfstraße Saalow, Ecke Horstweg Saalow</cmt>
		<desc>Am Mellensee, Saalow; Dorfstraße Saalow, Ecke Horstweg Saalow</desc>
		<src>LB Forst Brandenburg</src>
	</wpt>
	<wpt lat="52.134336958156553" lon="13.445496029734899">
		<name>1051</name>
		<cmt>Zossen, Neuhof; Einfahrt gegenüber Weg zum Forsthaus Adlershorst, K7226</cmt>
		<desc>Zossen, Neuhof; Einfahrt gegenüber Weg zum Forsthaus Adlershorst, K7226</desc>
		<src>LB Forst Brandenburg</src>
	</wpt>
	<wpt lat="52.131670185534297" lon="13.424265200497917">
		<name>1052</name>
		<cmt>Am Mellensee, Sperenberg; Waldparkplatz</cmt>
		<desc>Am Mellensee, Sperenberg; Waldparkplatz</desc>
		<src>LB Forst Brandenburg</src>
	</wpt>
	<wpt lat="52.543584755917578" lon="12.595853728754692">
		<name>2490</name>
		<cmt>Märkisch Luch, Garlitz; L99, Kreuzung alte Heerstraße</cmt>
		<desc>Märkisch Luch, Garlitz; L99, Kreuzung alte Heerstraße</desc>
		<src>LB Forst Brandenburg</src>
	</wpt>
	<wpt lat="52.763481671897686" lon="12.81687779879632">
		<name>1928</name>
		<cmt>Fehrbellin, Dechtow; Forsthaus Dechtow</cmt>
		<desc>Fehrbellin, Dechtow; Forsthaus Dechtow</desc>
		<src>LB Forst Brandenburg</src>
	</wpt>
	<wpt lat="51.796667804566454" lon="13.860504765727764">
		<name>2369</name>
		<cmt>Zinnitz; L52 Calau in Richtung Luckau, vor  Zinnitz rechts - Kippeneinfahrt</cmt>
		<desc>Zinnitz; L52 Calau in Richtung Luckau, vor  Zinnitz rechts - Kippeneinfahrt</desc>
		<src>LB Forst Brandenburg</src>
	</wpt>
	<wpt lat="52.747450477350455" lon="13.108741886127234">
		<name>1619</name>
		<cmt>Oberkrämer, Sommerswalde; L273 Ortslage Sommerswalde, Abzweig nach Döringsbrück (am Schloß Sommerswalde)</cmt>
		<desc>Oberkrämer, Sommerswalde; L273 Ortslage Sommerswalde, Abzweig nach Döringsbrück (am Schloß Sommerswalde)</desc>
		<src>LB Forst Brandenburg</src>
	</wpt>
	<wpt lat="52.771114827477682" lon="13.047329805521983">
		<name>1936</name>
		<cmt>Kremmen; L19 in Richtung Sommerfeld, Abzweig  Waldstraße (Siedlung am Verlorenorter Weg)</cmt>
		<desc>Kremmen; L19 in Richtung Sommerfeld, Abzweig  Waldstraße (Siedlung am Verlorenorter Weg)</desc>
		<src>LB Forst Brandenburg</src>
	</wpt>
	<wpt lat="52.087604528301398" lon="13.262018329421505">
		<name>2288</name>
		<cmt>Nuthe-Urstromtal, Gottow; Am Hammerfließ,  Parkplatz am Gottower See</cmt>
		<desc>Nuthe-Urstromtal, Gottow; Am Hammerfließ,  Parkplatz am Gottower See</desc>
		<src>LB Forst Brandenburg</src>
	</wpt>
	<wpt lat="52.094995776146902" lon="13.074685878246816">
		<name>2262</name>
		<cmt>Nuthe Urstromtal, Frankenförde; Buckewitzer Weg, südl. am Ende</cmt>
		<desc>Nuthe Urstromtal, Frankenförde; Buckewitzer Weg, südl. am Ende</desc>
		<src>LB Forst Brandenburg</src>
	</wpt>
	<wpt lat="53.033484888024148" lon="13.38615059512305">
		<name>1290</name>
		<cmt>Vogelsang; Zehdenicker Straße 27, kurz hinterm Kreuzungsbereich in Richtung Templin</cmt>
		<desc>Vogelsang; Zehdenicker Straße 27, kurz hinterm Kreuzungsbereich in Richtung Templin</desc>
		<src>LB Forst Brandenburg</src>
	</wpt>
	<wpt lat="52.975876021303492" lon="13.480997298919666">
		<name>1294</name>
		<cmt>Zehdenick, Kappe; Verbindungsstraße Kurtschlag-Schluft, Abzweig Kappe</cmt>
		<desc>Zehdenick, Kappe; Verbindungsstraße Kurtschlag-Schluft, Abzweig Kappe</desc>
		<src>LB Forst Brandenburg</src>
	</wpt>
	<wpt lat="52.45138404967954" lon="12.384795427942594">
		<name>2036</name>
		<cmt>Milower Land, Wendeberg; Am Forsthaus</cmt>
		<desc>Milower Land, Wendeberg; Am Forsthaus</desc>
		<src>LB Forst Brandenburg</src>
	</wpt>
	<wpt lat="52.567996430134201" lon="12.411347375792136">
		<name>2013</name>
		<cmt>Nennhausen, Spolierenberg; Ortsmitte, Wegekreuzung</cmt>
		<desc>Nennhausen, Spolierenberg; Ortsmitte, Wegekreuzung</desc>
		<src>LB Forst Brandenburg</src>
	</wpt>
	<wpt lat="52.300325028999772" lon="12.449270504374224">
		<name>2057</name>
		<cmt>Wenzlow; Ortslage, FFW;</cmt>
		<desc>Wenzlow; Ortslage, FFW;</desc>
		<src>LB Forst Brandenburg</src>
	</wpt>
	<wpt lat="52.282798375156233" lon="12.44369626875597">
		<name>2055</name>
		<cmt>Wenzlow, Grüningen; L93 Grüningen Rtg. Glienecke, Abzwg. Überführung über BAB2 Rtg. Wollin,</cmt>
		<desc>Wenzlow, Grüningen; L93 Grüningen Rtg. Glienecke, Abzwg. Überführung über BAB2 Rtg. Wollin,</desc>
		<src>LB Forst Brandenburg</src>
	</wpt>
	<wpt lat="51.952362035949292" lon="13.234380904023858">
		<name>2385</name>
		<cmt>Niederer Fläming, Riesdorf; L 715, Dorfstraße, Bushaltestelle</cmt>
		<desc>Niederer Fläming, Riesdorf; L 715, Dorfstraße, Bushaltestelle</desc>
		<src>LB Forst Brandenburg</src>
	</wpt>
	<wpt lat="52.278873678325873" lon="12.373334936390663">
		<name>2051</name>
		<cmt>Ziesar, Glienecke; L93 Ortslage / Abzwg. Eulenmühle</cmt>
		<desc>Ziesar, Glienecke; L93 Ortslage / Abzwg. Eulenmühle</desc>
		<src>LB Forst Brandenburg</src>
	</wpt>
	<wpt lat="52.061115251325639" lon="13.643583235617537">
		<name>2361</name>
		<cmt>Massow; Verbindungsstraße Radeland K7225-A 13 K6 150, Abzweig Massow-Trafostation</cmt>
		<desc>Massow; Verbindungsstraße Radeland K7225-A 13 K6 150, Abzweig Massow-Trafostation</desc>
		<src>LB Forst Brandenburg</src>
	</wpt>
	<wpt lat="52.021170024786265" lon="13.541727200242033">
		<name>2360</name>
		<cmt>Baruth/ Mark, Klasdorf; B 115, Abzweig Pechhüttener Weg u. Wildpark Johannismühle</cmt>
		<desc>Baruth/ Mark, Klasdorf; B 115, Abzweig Pechhüttener Weg u. Wildpark Johannismühle</desc>
		<src>LB Forst Brandenburg</src>
	</wpt>
	<wpt lat="52.010721449543027" lon="13.469547520949749">
		<name>2357</name>
		<cmt>Baruth/ Mark, Kemlitz; Kemlitzer Hauptstraße, L712; Bushaltestelle- Dorfteich</cmt>
		<desc>Baruth/ Mark, Kemlitz; Kemlitzer Hauptstraße, L712; Bushaltestelle- Dorfteich</desc>
		<src>LB Forst Brandenburg</src>
	</wpt>
	<wpt lat="52.012320256250391" lon="13.449201072197127">
		<name>2356</name>
		<cmt>Baruth/ Mark, Kemlitz; B115, 2,5 km ab Ortsausgang Merzdorf in Ri. Baruth, Abzweig Feldweg</cmt>
		<desc>Baruth/ Mark, Kemlitz; B115, 2,5 km ab Ortsausgang Merzdorf in Ri. Baruth, Abzweig Feldweg</desc>
		<src>LB Forst Brandenburg</src>
	</wpt>
	<wpt lat="52.084096194779683" lon="13.417376339680731">
		<name>2352</name>
		<cmt>Baruth/Mark, Horstwalde; L 707 (K7225) Ortsverbindungsstraße Horstwalde-Baruth, Forsthaus Wunder Ortsausgang</cmt>
		<desc>Baruth/Mark, Horstwalde; L 707 (K7225) Ortsverbindungsstraße Horstwalde-Baruth, Forsthaus Wunder Ortsausgang</desc>
		<src>LB Forst Brandenburg</src>
	</wpt>
	<wpt lat="52.047604830549545" lon="13.391119756162098">
		<name>2350</name>
		<cmt>Nuthe-Urstromtal, Lynow; L 73,Baruther Landstraße, Ortslage an der Feuerwehr</cmt>
		<desc>Nuthe-Urstromtal, Lynow; L 73,Baruther Landstraße, Ortslage an der Feuerwehr</desc>
		<src>LB Forst Brandenburg</src>
	</wpt>
	<wpt lat="52.052211461001647" lon="13.430499530943717">
		<name>2349</name>
		<cmt>Baruth/Mark, Schöbendorf; L 73, Ortslage Bushaltestelle</cmt>
		<desc>Baruth/Mark, Schöbendorf; L 73, Ortslage Bushaltestelle</desc>
		<src>LB Forst Brandenburg</src>
	</wpt>
	<wpt lat="52.046749376001351" lon="13.500786953057002">
		<name>2347</name>
		<cmt>Baruth/ Mark; Ernst-Thälmann-Platz 3a, Oberförsterei Baruth</cmt>
		<desc>Baruth/ Mark; Ernst-Thälmann-Platz 3a, Oberförsterei Baruth</desc>
		<src>LB Forst Brandenburg</src>
	</wpt>
	<wpt lat="52.079549186416706" lon="13.519978342336229">
		<name>2344</name>
		<cmt>Baruth/Mark; An der Birkenpfuhlheide 10, Gewerbegebiet Bernhardsmüh, Löschwasserentnahmestelle</cmt>
		<desc>Baruth/Mark; An der Birkenpfuhlheide 10, Gewerbegebiet Bernhardsmüh, Löschwasserentnahmestelle</desc>
		<src>LB Forst Brandenburg</src>
	</wpt>
	<wpt lat="52.058220613195303" lon="13.554365075986155">
		<name>2343</name>
		<cmt>Baruth/ Mark, Radeland; K7225, Ortsverbindungsstraße Radeland-Dornswalde, Abzweig Neuendorfer Weg</cmt>
		<desc>Baruth/ Mark, Radeland; K7225, Ortsverbindungsstraße Radeland-Dornswalde, Abzweig Neuendorfer Weg</desc>
		<src>LB Forst Brandenburg</src>
	</wpt>
	<wpt lat="52.046884502297893" lon="13.600013813162169">
		<name>2342</name>
		<cmt>Baruth/ Mark, Dornswalde; Dornswalder Str.- Am Zuckerberg, Abzweig Glashütte</cmt>
		<desc>Baruth/ Mark, Dornswalde; Dornswalder Str.- Am Zuckerberg, Abzweig Glashütte</desc>
		<src>LB Forst Brandenburg</src>
	</wpt>
	<wpt lat="52.026228770604156" lon="13.584427709066475">
		<name>2341</name>
		<cmt>Baruth/ Mark, Glashütte; Hüttenweg 12, Bosdorfeiche</cmt>
		<desc>Baruth/ Mark, Glashütte; Hüttenweg 12, Bosdorfeiche</desc>
		<src>LB Forst Brandenburg</src>
	</wpt>
	<wpt lat="51.908762010895678" lon="14.186940203144792">
		<name>2505</name>
		<cmt>Byhleguhre-Byhlen, Byhlen; Byhlener Dorfstraße, Ortsmitte Eiche</cmt>
		<desc>Byhleguhre-Byhlen, Byhlen; Byhlener Dorfstraße, Ortsmitte Eiche</desc>
		<src>LB Forst Brandenburg</src>
	</wpt>
	<wpt lat="52.159269118027183" lon="13.187476285559546">
		<name>2300</name>
		<cmt>Nuthe-Urstromtal, Märtensmühle; Lindenallee- K 7220, Angelteich an der Brücke "Nuthe"</cmt>
		<desc>Nuthe-Urstromtal, Märtensmühle; Lindenallee- K 7220, Angelteich an der Brücke "Nuthe"</desc>
		<src>LB Forst Brandenburg</src>
	</wpt>
	<wpt lat="52.165956849292805" lon="13.060465379250669">
		<name>2297</name>
		<cmt>Nuthe-Urstromtal, Dobrikow; Am Vordersee 36- Weinbergstraße an der Feuerwehr</cmt>
		<desc>Nuthe-Urstromtal, Dobrikow; Am Vordersee 36- Weinbergstraße an der Feuerwehr</desc>
		<src>LB Forst Brandenburg</src>
	</wpt>
	<wpt lat="52.152014765680278" lon="13.051905874531739">
		<name>2296</name>
		<cmt>Nuthe-Urstromtal, Nettgendorf; Nettgendorfer Hauptstraße, K7219, Ortsausgang nach Dobbrikow</cmt>
		<desc>Nuthe-Urstromtal, Nettgendorf; Nettgendorfer Hauptstraße, K7219, Ortsausgang nach Dobbrikow</desc>
		<src>LB Forst Brandenburg</src>
	</wpt>
	<wpt lat="52.128744464273687" lon="13.075437308239241">
		<name>2295</name>
		<cmt>Nuthe-Urstromtal, Gottsdorf; Am Sprint-An der Obermühle- Am Rothpfuhl</cmt>
		<desc>Nuthe-Urstromtal, Gottsdorf; Am Sprint-An der Obermühle- Am Rothpfuhl</desc>
		<src>LB Forst Brandenburg</src>
	</wpt>
	<wpt lat="52.139177733499878" lon="12.986358048804769">
		<name>2294</name>
		<cmt>Nuthe-Urstromtal, Kemnitz; L80 Kemnitzer Hauptstraße, Kirche- Wiegestation</cmt>
		<desc>Nuthe-Urstromtal, Kemnitz; L80 Kemnitzer Hauptstraße, Kirche- Wiegestation</desc>
		<src>LB Forst Brandenburg</src>
	</wpt>
	<wpt lat="52.116089957031733" lon="13.02495574680575">
		<name>2293</name>
		<cmt>Nuthe-Urstromtal, Zülichendorf; Kemnitzer Landstraße L 80, Ortsausgang n. Luckenwalde</cmt>
		<desc>Nuthe-Urstromtal, Zülichendorf; Kemnitzer Landstraße L 80, Ortsausgang n. Luckenwalde</desc>
		<src>LB Forst Brandenburg</src>
	</wpt>
	<wpt lat="52.069090056698727" lon="13.208147807648031">
		<name>2290</name>
		<cmt>Nuthe-Urstromtal, Woltersdorf; Baumschulenweg 1, Forstbaumschule Luckenwalde</cmt>
		<desc>Nuthe-Urstromtal, Woltersdorf; Baumschulenweg 1, Forstbaumschule Luckenwalde</desc>
		<src>LB Forst Brandenburg</src>
	</wpt>
	<wpt lat="52.690442351567626" lon="12.422719390618662">
		<name>1594</name>
		<cmt>Seeblick, Witzke; Feuerwehrdepot  Witzke</cmt>
		<desc>Seeblick, Witzke; Feuerwehrdepot  Witzke</desc>
		<src>LB Forst Brandenburg</src>
	</wpt>
	<wpt lat="52.695096032382239" lon="12.374932834949998">
		<name>1610</name>
		<cmt>Seeblick, Elslaake; Bushaltestelle  Elslaake</cmt>
		<desc>Seeblick, Elslaake; Bushaltestelle  Elslaake</desc>
		<src>LB Forst Brandenburg</src>
	</wpt>
	<wpt lat="52.719901510812605" lon="12.413151552431231">
		<name>1607</name>
		<cmt>Gollenberg, Schönholz; Feuerwehrdepot  Schönholz</cmt>
		<desc>Gollenberg, Schönholz; Feuerwehrdepot  Schönholz</desc>
		<src>LB Forst Brandenburg</src>
	</wpt>
	<wpt lat="52.71583160273056" lon="12.266112192648597">
		<name>1614</name>
		<cmt>Havelaue, Wolsier; Gemeindehaus Wolsier</cmt>
		<desc>Havelaue, Wolsier; Gemeindehaus Wolsier</desc>
		<src>LB Forst Brandenburg</src>
	</wpt>
	<wpt lat="52.089290231075047" lon="13.207625421043979">
		<name>2289</name>
		<cmt>Nuthe-Urstromtal, Woltersdorf; K 7222 (Gottower Chaussee) zw. Luckenwalde-Gottow , Einfahrt Forsthaus Lindhorst 1</cmt>
		<desc>Nuthe-Urstromtal, Woltersdorf; K 7222 (Gottower Chaussee) zw. Luckenwalde-Gottow , Einfahrt Forsthaus Lindhorst 1</desc>
		<src>LB Forst Brandenburg</src>
	</wpt>
	<wpt lat="52.121071827210272" lon="13.246745163942057">
		<name>2286</name>
		<cmt>Nuthe-Urstromtal, Scharfenbrück; Kummersdorfer Weg, Waldrand</cmt>
		<desc>Nuthe-Urstromtal, Scharfenbrück; Kummersdorfer Weg, Waldrand</desc>
		<src>LB Forst Brandenburg</src>
	</wpt>
	<wpt lat="52.075242708396985" lon="13.158284824995174">
		<name>2284</name>
		<cmt>Luckenwalde; K 7216 Ortsausgang Luck.walde Richtung Kloster Zinna Einfahrt "Forsthaus Klosterheide"</cmt>
		<desc>Luckenwalde; K 7216 Ortsausgang Luck.walde Richtung Kloster Zinna Einfahrt "Forsthaus Klosterheide"</desc>
		<src>LB Forst Brandenburg</src>
	</wpt>
	<wpt lat="52.110152345927496" lon="13.199897282480439">
		<name>2280</name>
		<cmt>Nuthe-Urstromtal, Woltersdorf; Oberförsterei Nr.7- Darre (alte Lehrwerkstatt)</cmt>
		<desc>Nuthe-Urstromtal, Woltersdorf; Oberförsterei Nr.7- Darre (alte Lehrwerkstatt)</desc>
		<src>LB Forst Brandenburg</src>
	</wpt>
	<wpt lat="52.089838661140263" lon="13.025554629329275">
		<name>2261</name>
		<cmt>Nuthe-Urstromtal, Felgentreu; Zinnaer Straße 18 gegenüber Pension Konsolke</cmt>
		<desc>Nuthe-Urstromtal, Felgentreu; Zinnaer Straße 18 gegenüber Pension Konsolke</desc>
		<src>LB Forst Brandenburg</src>
	</wpt>
	<wpt lat="51.992205088136693" lon="13.264231248322778">
		<name>2253</name>
		<cmt>Jüterbog, Markendorf; Str.von Markendorf nach Charlottenfelde, Abzweig Schlenzer, B 115-Abzweig L 715</cmt>
		<desc>Jüterbog, Markendorf; Str.von Markendorf nach Charlottenfelde, Abzweig Schlenzer, B 115-Abzweig L 715</desc>
		<src>LB Forst Brandenburg</src>
	</wpt>
	<wpt lat="51.985208139547481" lon="13.303409245962248">
		<name>2251</name>
		<cmt>Baruth/ Mark, Charlottenfelde; B115 Dorfstraße, Ortslage am Trafohaus</cmt>
		<desc>Baruth/ Mark, Charlottenfelde; B115 Dorfstraße, Ortslage am Trafohaus</desc>
		<src>LB Forst Brandenburg</src>
	</wpt>
	<wpt lat="51.990043705989891" lon="13.359722888219025">
		<name>2249</name>
		<cmt>Baruth/Mark, Petkus; Parkplatz vor Turnhalle; Merzdorfer Straße</cmt>
		<desc>Baruth/Mark, Petkus; Parkplatz vor Turnhalle; Merzdorfer Straße</desc>
		<src>LB Forst Brandenburg</src>
	</wpt>
	<wpt lat="52.845219955833556" lon="13.010964073852286">
		<name>1934</name>
		<cmt>Kremmen. Ludwigsaue; L19 zwischen Beetz und Rüthnick, Abzweig Ludwigsaue</cmt>
		<desc>Kremmen. Ludwigsaue; L19 zwischen Beetz und Rüthnick, Abzweig Ludwigsaue</desc>
		<src>LB Forst Brandenburg</src>
	</wpt>
	<wpt lat="53.043188162244206" lon="13.322130040795111">
		<name>1291</name>
		<cmt>Zehdenick, Burgwall; Ziegelei Ausbau, Alte Revierförsterei Burgwall, L 214 Ortsverbindungsstraße Burwall-Zehdenick</cmt>
		<desc>Zehdenick, Burgwall; Ziegelei Ausbau, Alte Revierförsterei Burgwall, L 214 Ortsverbindungsstraße Burwall-Zehdenick</desc>
		<src>LB Forst Brandenburg</src>
	</wpt>
	<wpt lat="52.968711497131309" lon="13.441493112147569">
		<name>1286</name>
		<cmt>Zehdenick, Kappe; Ortseingang aus Richtung Wesendorf</cmt>
		<desc>Zehdenick, Kappe; Ortseingang aus Richtung Wesendorf</desc>
		<src>LB Forst Brandenburg</src>
	</wpt>
	<wpt lat="52.980448727584751" lon="13.399626221557792">
		<name>1287</name>
		<cmt>Zehdenick, Wesendorf; Wesendorfer Str. 20, Ortsverbindungsstraße Wesendorf-Kappe, ca. 100 m nach Einfahrt in den Wald</cmt>
		<desc>Zehdenick, Wesendorf; Wesendorfer Str. 20, Ortsverbindungsstraße Wesendorf-Kappe, ca. 100 m nach Einfahrt in den Wald</desc>
		<src>LB Forst Brandenburg</src>
	</wpt>
	<wpt lat="52.946026461561281" lon="13.377063182146145">
		<name>2770</name>
		<cmt>Zehdenick, Krewelin; Havelkanalbrücke</cmt>
		<desc>Zehdenick, Krewelin; Havelkanalbrücke</desc>
		<src>LB Forst Brandenburg</src>
	</wpt>
	<wpt lat="52.995983261070101" lon="13.251551872137155">
		<name>1289</name>
		<cmt>Zehdenick, Badingen; Kreuzung L 22- Badinger Dorfstrasse</cmt>
		<desc>Zehdenick, Badingen; Kreuzung L 22- Badinger Dorfstrasse</desc>
		<src>LB Forst Brandenburg</src>
	</wpt>
	<wpt lat="52.466949839814497" lon="12.483264876149777">
		<name>2066</name>
		<cmt>Stadt Havelsee, Fohrde; An der B 102, Einfahrt Mörtelwerk Fohrde</cmt>
		<desc>Stadt Havelsee, Fohrde; An der B 102, Einfahrt Mörtelwerk Fohrde</desc>
		<src>LB Forst Brandenburg</src>
	</wpt>
	<wpt lat="52.486249717532935" lon="12.347108264124298">
		<name>2027</name>
		<cmt>Milower Land, Jerchel; Weg nach Bahnitz, Feuerwehrdepot</cmt>
		<desc>Milower Land, Jerchel; Weg nach Bahnitz, Feuerwehrdepot</desc>
		<src>LB Forst Brandenburg</src>
	</wpt>
	<wpt lat="52.539082487952754" lon="12.351598915203372">
		<name>2182</name>
		<cmt>Premnitz; Bergstraße, Parkplatz FIT-Point</cmt>
		<desc>Premnitz; Bergstraße, Parkplatz FIT-Point</desc>
		<src>LB Forst Brandenburg</src>
	</wpt>
	<wpt lat="52.557997981750404" lon="12.509544254396136">
		<name>2072</name>
		<cmt>Nennhausen, Mützlitz; Döberitzer Straße, Kreuzung L 98</cmt>
		<desc>Nennhausen, Mützlitz; Döberitzer Straße, Kreuzung L 98</desc>
		<src>LB Forst Brandenburg</src>
	</wpt>
	<wpt lat="52.306390439534923" lon="12.471444655136331">
		<name>2056</name>
		<cmt>Wenzlow, Grüningen; L93 Grüningen-Brandenburg, Abzweig zur 1. Autobahnüberführung,</cmt>
		<desc>Wenzlow, Grüningen; L93 Grüningen-Brandenburg, Abzweig zur 1. Autobahnüberführung,</desc>
		<src>LB Forst Brandenburg</src>
	</wpt>
	<wpt lat="51.96443048165785" lon="13.251926282841517">
		<name>2384</name>
		<cmt>Niederer Fläming, Schlenzer; Dorfstraße, Feuerwehrhaus</cmt>
		<desc>Niederer Fläming, Schlenzer; Dorfstraße, Feuerwehrhaus</desc>
		<src>LB Forst Brandenburg</src>
	</wpt>
	<wpt lat="52.261494259450792" lon="12.364475773534839">
		<name>2484</name>
		<cmt>Buckautal, Steinberg; K6945 Steinberg Rtg. Grebs, rechtsseitig unweit Ortsausgang</cmt>
		<desc>Buckautal, Steinberg; K6945 Steinberg Rtg. Grebs, rechtsseitig unweit Ortsausgang</desc>
		<src>LB Forst Brandenburg</src>
	</wpt>
	<wpt lat="52.25268306390489" lon="12.394580616484026">
		<name>2050</name>
		<cmt>Glienecke, Grebs; K6945 Grebs Rtg. Gräben, Ortsausgang Grebs</cmt>
		<desc>Glienecke, Grebs; K6945 Grebs Rtg. Gräben, Ortsausgang Grebs</desc>
		<src>LB Forst Brandenburg</src>
	</wpt>
	<wpt lat="52.282714346371414" lon="12.327493989782674">
		<name>2052</name>
		<cmt>Ziesar, Bücknitz; L 96 Ortslage, Bushaltestell/Friedhof</cmt>
		<desc>Ziesar, Bücknitz; L 96 Ortslage, Bushaltestell/Friedhof</desc>
		<src>LB Forst Brandenburg</src>
	</wpt>
	<wpt lat="52.270558727557528" lon="12.286397208454114">
		<name>2733</name>
		<cmt>Ziesar; B107 Ortslage Ziesar, Einmündung Fiener Weg</cmt>
		<desc>Ziesar; B107 Ortslage Ziesar, Einmündung Fiener Weg</desc>
		<src>LB Forst Brandenburg</src>
	</wpt>
	<wpt lat="52.931425035824084" lon="13.069136244123532">
		<name>1943</name>
		<cmt>Löwenberger Land, Glambeck; K6512,am Friedhof Glambeck</cmt>
		<desc>Löwenberger Land, Glambeck; K6512,am Friedhof Glambeck</desc>
		<src>LB Forst Brandenburg</src>
	</wpt>
	<wpt lat="52.899049678975146" lon="13.08409537399306">
		<name>1944</name>
		<cmt>Löwenberger Land, Grieben; B167 in Richtung Linde, Abzweig Schwarzer Weg</cmt>
		<desc>Löwenberger Land, Grieben; B167 in Richtung Linde, Abzweig Schwarzer Weg</desc>
		<src>LB Forst Brandenburg</src>
	</wpt>
	<wpt lat="52.890234751534805" lon="13.122681480834522">
		<name>2047</name>
		<cmt>Löwenberger Land, Linde; Dorfstraße, Abzweig Straße am Lindesee</cmt>
		<desc>Löwenberger Land, Linde; Dorfstraße, Abzweig Straße am Lindesee</desc>
		<src>LB Forst Brandenburg</src>
	</wpt>
	<wpt lat="52.898630036663739" lon="13.202800537106956">
		<name>2208</name>
		<cmt>Löwenberger Land, Neulöwenberg; B167 in Richtung Liebenberg, Abzweig Kirschenallee</cmt>
		<desc>Löwenberger Land, Neulöwenberg; B167 in Richtung Liebenberg, Abzweig Kirschenallee</desc>
		<src>LB Forst Brandenburg</src>
	</wpt>
	<wpt lat="52.490290445097571" lon="12.537388560059325">
		<name>2083</name>
		<cmt>Betzsee, Brielow; L98 Brielow-Marzahne, Ausfahrt Russengraben</cmt>
		<desc>Betzsee, Brielow; L98 Brielow-Marzahne, Ausfahrt Russengraben</desc>
		<src>LB Forst Brandenburg</src>
	</wpt>
	<wpt lat="51.943819170609679" lon="14.131613034090105">
		<name>2313</name>
		<cmt>Laasow; K6109, Ortsausgang Richtung Waldow</cmt>
		<desc>Laasow; K6109, Ortsausgang Richtung Waldow</desc>
		<src>LB Forst Brandenburg</src>
	</wpt>
	<wpt lat="52.523067071200551" lon="12.641630678996716">
		<name>2087</name>
		<cmt>Beetzseeheide,Gortz; L911von Gortz nach Barnewitz, Einfahrt Jagdhausstraße</cmt>
		<desc>Beetzseeheide,Gortz; L911von Gortz nach Barnewitz, Einfahrt Jagdhausstraße</desc>
		<src>LB Forst Brandenburg</src>
	</wpt>
	<wpt lat="52.655889136806195" lon="13.187809777232781">
		<name>1989</name>
		<cmt>Hennigsdorf; L17 Marwitzer Straße, gegenüber Parkplatz Oberhavel Kliniken</cmt>
		<desc>Hennigsdorf; L17 Marwitzer Straße, gegenüber Parkplatz Oberhavel Kliniken</desc>
		<src>LB Forst Brandenburg</src>
	</wpt>
	<wpt lat="52.653598796917848" lon="13.246630578044545">
		<name>1951</name>
		<cmt>Hohen Neuendorf, Stolpe; L171, Schwarzer Weg,gegenüber Autobahnauffahrt</cmt>
		<desc>Hohen Neuendorf, Stolpe; L171, Schwarzer Weg,gegenüber Autobahnauffahrt</desc>
		<src>LB Forst Brandenburg</src>
	</wpt>
	<wpt lat="52.685213069861227" lon="13.298061806939943">
		<name>1981</name>
		<cmt>Hohen Neuendorf, Bergfelde; B96a Birkenwerder Straße, Abzweig Richtung Bergfelde (Heideplan)</cmt>
		<desc>Hohen Neuendorf, Bergfelde; B96a Birkenwerder Straße, Abzweig Richtung Bergfelde (Heideplan)</desc>
		<src>LB Forst Brandenburg</src>
	</wpt>
	<wpt lat="52.649664548752185" lon="13.338148427172104">
		<name>1952</name>
		<cmt>Mühlenbecker Land, Schönfließ; L30, Glienicker Chaussee,Abzweig Kindelweg, Parkplatz Wille</cmt>
		<desc>Mühlenbecker Land, Schönfließ; L30, Glienicker Chaussee,Abzweig Kindelweg, Parkplatz Wille</desc>
		<src>LB Forst Brandenburg</src>
	</wpt>
	<wpt lat="52.092994775761611" lon="14.633008032334983">
		<name>2592</name>
		<cmt>Neuzelle; B 112, Feuerwehr</cmt>
		<desc>Neuzelle; B 112, Feuerwehr</desc>
		<src>LB Forst Brandenburg</src>
	</wpt>
	<wpt lat="52.715458546420095" lon="13.267326954454795">
		<name>1988</name>
		<cmt>Hohen Neuendorf, Borgsdorf; Bahnhofstraße 35, Parkplatz Sportplatz Borgsdorf</cmt>
		<desc>Hohen Neuendorf, Borgsdorf; Bahnhofstraße 35, Parkplatz Sportplatz Borgsdorf</desc>
		<src>LB Forst Brandenburg</src>
	</wpt>
	<wpt lat="52.705687655944125" lon="13.299769364471656">
		<name>1987</name>
		<cmt>Birkenwerder, Briese; Briese 17, Försterei Briese</cmt>
		<desc>Birkenwerder, Briese; Briese 17, Försterei Briese</desc>
		<src>LB Forst Brandenburg</src>
	</wpt>
	<wpt lat="52.670969925100287" lon="13.21618376565131">
		<name>1991</name>
		<cmt>Velten, Hohenschöpping; Hohenschöppinger Straße Richtung BAB111, Parkplatz Baumarkt Hornbach - 900 m bis BAB111</cmt>
		<desc>Velten, Hohenschöpping; Hohenschöppinger Straße Richtung BAB111, Parkplatz Baumarkt Hornbach - 900 m bis BAB111</desc>
		<src>LB Forst Brandenburg</src>
	</wpt>
	<wpt lat="52.877820999827996" lon="12.406978804999499">
		<name>1508</name>
		<cmt>Neustadt(Doss),Plänitz; Alte Poststraße 20, Kirche</cmt>
		<desc>Neustadt(Doss),Plänitz; Alte Poststraße 20, Kirche</desc>
		<src>LB Forst Brandenburg</src>
	</wpt>
	<wpt lat="51.978812841589381" lon="13.619261331746559">
		<name>2326</name>
		<cmt>Golßen, Prierow; Radweg zum "Golßener Gehege" an der Dahmebrücke.</cmt>
		<desc>Golßen, Prierow; Radweg zum "Golßener Gehege" an der Dahmebrücke.</desc>
		<src>LB Forst Brandenburg</src>
	</wpt>
	<wpt lat="51.949193862406943" lon="13.544599539565379">
		<name>2389</name>
		<cmt>Sellendorf, Hohendorf; Landstraße Sellendorf-Hohendorf, in der Kurve/Wald-Feldkante.</cmt>
		<desc>Sellendorf, Hohendorf; Landstraße Sellendorf-Hohendorf, in der Kurve/Wald-Feldkante.</desc>
		<src>LB Forst Brandenburg</src>
	</wpt>
	<wpt lat="51.951351116027809" lon="13.467108024414031">
		<name>2392</name>
		<cmt>Steinreich, Schenkendorf; L 711 in Richtung Damsdorf, Ortsausgang</cmt>
		<desc>Steinreich, Schenkendorf; L 711 in Richtung Damsdorf, Ortsausgang</desc>
		<src>LB Forst Brandenburg</src>
	</wpt>
	<wpt lat="52.063820553285147" lon="12.827192109814947">
		<name>2103</name>
		<cmt>Treuenbrietzen; Treuenbrietzen - Dietersdorf; B 2 Kreuzung Weg Lüdendorf - Rietz(Gastrasse)</cmt>
		<desc>Treuenbrietzen; Treuenbrietzen - Dietersdorf; B 2 Kreuzung Weg Lüdendorf - Rietz(Gastrasse)</desc>
		<src>LB Forst Brandenburg</src>
	</wpt>
	<wpt lat="52.069920664028828" lon="12.770855983763916">
		<name>2108</name>
		<cmt>Treuenbrietzen, Neu-Rietz; Ortsausgang Neu Rietz nach Rietz</cmt>
		<desc>Treuenbrietzen, Neu-Rietz; Ortsausgang Neu Rietz nach Rietz</desc>
		<src>LB Forst Brandenburg</src>
	</wpt>
	<wpt lat="52.04750865350217" lon="12.708322525308741">
		<name>2109</name>
		<cmt>Niemegk, Hohenwerbig; Feuerwehr</cmt>
		<desc>Niemegk, Hohenwerbig; Feuerwehr</desc>
		<src>LB Forst Brandenburg</src>
	</wpt>
	<wpt lat="52.009903118397318" lon="12.723354398195097">
		<name>2100</name>
		<cmt>Treuenbrietzen, Lobbese; Ortsausgang Lobbese nach Zeuden</cmt>
		<desc>Treuenbrietzen, Lobbese; Ortsausgang Lobbese nach Zeuden</desc>
		<src>LB Forst Brandenburg</src>
	</wpt>
	<wpt lat="52.032506153157783" lon="12.761375996425276">
		<name>2099</name>
		<cmt>Treuenbrietzen, Pflügkuff; Feuerwehr</cmt>
		<desc>Treuenbrietzen, Pflügkuff; Feuerwehr</desc>
		<src>LB Forst Brandenburg</src>
	</wpt>
	<wpt lat="52.00402918061701" lon="12.78204653300161">
		<name>2102</name>
		<cmt>Treuenbrietzen, Marzahna; Ortsausgang Marzahna nach Treuenbrietzen, Tankstelle</cmt>
		<desc>Treuenbrietzen, Marzahna; Ortsausgang Marzahna nach Treuenbrietzen, Tankstelle</desc>
		<src>LB Forst Brandenburg</src>
	</wpt>
	<wpt lat="52.139395927695695" lon="12.312213152254152">
		<name>2469</name>
		<cmt>Wiesenburg, Reppinichen; Ortslage Reppinichen Bushaltestelle</cmt>
		<desc>Wiesenburg, Reppinichen; Ortslage Reppinichen Bushaltestelle</desc>
		<src>LB Forst Brandenburg</src>
	</wpt>
	<wpt lat="52.123464531015735" lon="12.349011484385993">
		<name>2440</name>
		<cmt>Wiesenburg, Reetz; Kreisstraße Reetz-Reppinichen von Reetzkommend erste Waldeinfahrt</cmt>
		<desc>Wiesenburg, Reetz; Kreisstraße Reetz-Reppinichen von Reetzkommend erste Waldeinfahrt</desc>
		<src>LB Forst Brandenburg</src>
	</wpt>
	<wpt lat="52.100089942538951" lon="12.316261829508958">
		<name>2359</name>
		<cmt>Wiesenburg, Reetz; Ortslage Zipsdorf</cmt>
		<desc>Wiesenburg, Reetz; Ortslage Zipsdorf</desc>
		<src>LB Forst Brandenburg</src>
	</wpt>
	<wpt lat="52.095864880141669" lon="12.361353998320572">
		<name>2345</name>
		<cmt>Wiesenburg, Reetz; Ortslage Grüner Grund</cmt>
		<desc>Wiesenburg, Reetz; Ortslage Grüner Grund</desc>
		<src>LB Forst Brandenburg</src>
	</wpt>
	<wpt lat="52.117544001510574" lon="12.377290463574409">
		<name>2409</name>
		<cmt>Wiesenburg, Reetz; Ortslage Mahlsdorf</cmt>
		<desc>Wiesenburg, Reetz; Ortslage Mahlsdorf</desc>
		<src>LB Forst Brandenburg</src>
	</wpt>
	<wpt lat="52.23257189901053" lon="12.585355009865264">
		<name>2255</name>
		<cmt>Bad Belzig, Ragösen; B 102, Ortseingang Ragösen von Dippmannsdorf</cmt>
		<desc>Bad Belzig, Ragösen; B 102, Ortseingang Ragösen von Dippmannsdorf</desc>
		<src>LB Forst Brandenburg</src>
	</wpt>
	<wpt lat="52.11986865429401" lon="12.429321955391735">
		<name>2330</name>
		<cmt>Wiesenburg, Neuehütten; Ortslage Neuehütten Bushaltestelle</cmt>
		<desc>Wiesenburg, Neuehütten; Ortslage Neuehütten Bushaltestelle</desc>
		<src>LB Forst Brandenburg</src>
	</wpt>
	<wpt lat="52.149357667351069" lon="12.724753872181365">
		<name>2169</name>
		<cmt>Stadt Brück, Gömnigk; Wühlmühle, Kreuzung 100 m Richtung Gömnigk</cmt>
		<desc>Stadt Brück, Gömnigk; Wühlmühle, Kreuzung 100 m Richtung Gömnigk</desc>
		<src>LB Forst Brandenburg</src>
	</wpt>
	<wpt lat="52.130267645082085" lon="12.445776023913927">
		<name>2329</name>
		<cmt>Wiesenburg, Schlamau; Ortslage Schlamau Bushaltestelle</cmt>
		<desc>Wiesenburg, Schlamau; Ortslage Schlamau Bushaltestelle</desc>
		<src>LB Forst Brandenburg</src>
	</wpt>
	<wpt lat="52.152927178049097" lon="12.435120658517222">
		<name>2407</name>
		<cmt>Wiesenburg,  Arensnest; Ortslage Arensnest</cmt>
		<desc>Wiesenburg,  Arensnest; Ortslage Arensnest</desc>
		<src>LB Forst Brandenburg</src>
	</wpt>
	<wpt lat="52.162094850874844" lon="12.487426522991477">
		<name>2133</name>
		<cmt>Bad Belzig, Lübnitz; L 95 nach Benken, nach 3,4 km Waldeinfahrt zwischen Schäferei "Steindorf" und Kreuzung "Werbig"</cmt>
		<desc>Bad Belzig, Lübnitz; L 95 nach Benken, nach 3,4 km Waldeinfahrt zwischen Schäferei "Steindorf" und Kreuzung "Werbig"</desc>
		<src>LB Forst Brandenburg</src>
	</wpt>
	<wpt lat="52.166514621557312" lon="14.231941542966085">
		<name>1128</name>
		<cmt>Beeskow; B246 Storkower Str., Parkplatz Hauptfriedhof</cmt>
		<desc>Beeskow; B246 Storkower Str., Parkplatz Hauptfriedhof</desc>
		<src>LB Forst Brandenburg</src>
	</wpt>
	<wpt lat="52.360752144754585" lon="12.805250746314675">
		<name>2158</name>
		<cmt>Kloster Lehnin, Göhlsdorf; Kirchstraße, Gasthof" Zur Mühle"</cmt>
		<desc>Kloster Lehnin, Göhlsdorf; Kirchstraße, Gasthof" Zur Mühle"</desc>
		<src>LB Forst Brandenburg</src>
	</wpt>
	<wpt lat="51.911139127588477" lon="14.120114410728744">
		<name>2315</name>
		<cmt>Straupitz; Lübbenerstr. 59, Feuerwehr Straupitz</cmt>
		<desc>Straupitz; Lübbenerstr. 59, Feuerwehr Straupitz</desc>
		<src>LB Forst Brandenburg</src>
	</wpt>
	<wpt lat="52.302237871988631" lon="12.796062056249465">
		<name>2071</name>
		<cmt>Kloster Lehnin, Emstal; L88, Kalksandsteinwerk</cmt>
		<desc>Kloster Lehnin, Emstal; L88, Kalksandsteinwerk</desc>
		<src>LB Forst Brandenburg</src>
	</wpt>
	<wpt lat="52.304240829402097" lon="12.696902622775243">
		<name>2082</name>
		<cmt>Kloster Lehnin, Michelsdorf; L86, Zufahrt zu Sandgrube</cmt>
		<desc>Kloster Lehnin, Michelsdorf; L86, Zufahrt zu Sandgrube</desc>
		<src>LB Forst Brandenburg</src>
	</wpt>
	<wpt lat="52.286708394813992" lon="12.658102086393866">
		<name>2168</name>
		<cmt>Planebruch, Oberjünne; L86-Chausseestraße, Bushaltestelle Forsthaus Heidehaus</cmt>
		<desc>Planebruch, Oberjünne; L86-Chausseestraße, Bushaltestelle Forsthaus Heidehaus</desc>
		<src>LB Forst Brandenburg</src>
	</wpt>
	<wpt lat="52.40984598700387" lon="12.364015242913563">
		<name>2080</name>
		<cmt>Wusterwitz, Bensdorf; von Brandenburg kommend, Ortseingang Neubensdorf linke Seite, Normamarkt</cmt>
		<desc>Wusterwitz, Bensdorf; von Brandenburg kommend, Ortseingang Neubensdorf linke Seite, Normamarkt</desc>
		<src>LB Forst Brandenburg</src>
	</wpt>
	<wpt lat="52.258470045061181" lon="14.257282652478841">
		<name>1133</name>
		<cmt>Raßmannsdorf; L411, OA Richtung Neubrück</cmt>
		<desc>Raßmannsdorf; L411, OA Richtung Neubrück</desc>
		<src>LB Forst Brandenburg</src>
	</wpt>
	<wpt lat="51.962836123879399" lon="13.332696508398358">
		<name>2388</name>
		<cmt>Dahme, Wahlsdorf; L 70 Straße Wahlsdorf Richtung Petkus, Waldanfang</cmt>
		<desc>Dahme, Wahlsdorf; L 70 Straße Wahlsdorf Richtung Petkus, Waldanfang</desc>
		<src>LB Forst Brandenburg</src>
	</wpt>
	<wpt lat="51.926515525156113" lon="13.397870503982498">
		<name>2391</name>
		<cmt>Dahme, Gebersdorf; L 705 von Gebersdorf in Richtung Buckow, Waldanfang</cmt>
		<desc>Dahme, Gebersdorf; L 705 von Gebersdorf in Richtung Buckow, Waldanfang</desc>
		<src>LB Forst Brandenburg</src>
	</wpt>
	<wpt lat="51.88494086108291" lon="13.378688408830701">
		<name>2395</name>
		<cmt>Ihlow, Rietdorf; Rietdorf Nr.17, gegenüber Getränkehandel Kreisler</cmt>
		<desc>Ihlow, Rietdorf; Rietdorf Nr.17, gegenüber Getränkehandel Kreisler</desc>
		<src>LB Forst Brandenburg</src>
	</wpt>
	<wpt lat="51.907954111551575" lon="13.485638548920885">
		<name>2390</name>
		<cmt>Dahmetal, Görsdorf; L 712 Görsdorf, Friedhof</cmt>
		<desc>Dahmetal, Görsdorf; L 712 Görsdorf, Friedhof</desc>
		<src>LB Forst Brandenburg</src>
	</wpt>
	<wpt lat="52.267238584580028" lon="14.29669356499001">
		<name>1134</name>
		<cmt>Neubrück; L411 Neuhaus, OA Richtung Müllrose, Buswendeschleife</cmt>
		<desc>Neubrück; L411 Neuhaus, OA Richtung Müllrose, Buswendeschleife</desc>
		<src>LB Forst Brandenburg</src>
	</wpt>
	<wpt lat="52.021474262240218" lon="12.984603921642089">
		<name>2270</name>
		<cmt>Niedergörsdorf, Altes Lager; B102, Ortsausgang Richtung Treuenbrietzen ca. 250 m - alte Militärbahnüberquerung - Zufahrt zum Windpark (Muna)</cmt>
		<desc>Niedergörsdorf, Altes Lager; B102, Ortsausgang Richtung Treuenbrietzen ca. 250 m - alte Militärbahnüberquerung - Zufahrt zum Windpark (Muna)</desc>
		<src>LB Forst Brandenburg</src>
	</wpt>
	<wpt lat="52.730950915519628" lon="13.368077639086783">
		<name>1949</name>
		<cmt>Mühlenbecker Land, Zühlsdorf; Summter Chaussee 24, Försterei Zühlsdorf</cmt>
		<desc>Mühlenbecker Land, Zühlsdorf; Summter Chaussee 24, Försterei Zühlsdorf</desc>
		<src>LB Forst Brandenburg</src>
	</wpt>
	<wpt lat="52.417636878033534" lon="12.377754451942282">
		<name>2081</name>
		<cmt>Wusterwitz, Bensdorf; von Brandenburg kommend unmittelbar vor Abzweig Ziesar, rechts 1000 m in Richtung Norden, bis Kreuzung Charlottenhofer Weg</cmt>
		<desc>Wusterwitz, Bensdorf; von Brandenburg kommend unmittelbar vor Abzweig Ziesar, rechts 1000 m in Richtung Norden, bis Kreuzung Charlottenhofer Weg</desc>
		<src>LB Forst Brandenburg</src>
	</wpt>
	<wpt lat="52.118125010998213" lon="12.406481855010941">
		<name>2339</name>
		<cmt>Wiesenburg, Reetzerhütten; Ortslage Alte Hölle</cmt>
		<desc>Wiesenburg, Reetzerhütten; Ortslage Alte Hölle</desc>
		<src>LB Forst Brandenburg</src>
	</wpt>
	<wpt lat="52.12494651843717" lon="12.487846676697721">
		<name>2136</name>
		<cmt>Wiesenburg, Schmerwitz; B 246 nach Klein Glien, Abzweig Schmerwitz</cmt>
		<desc>Wiesenburg, Schmerwitz; B 246 nach Klein Glien, Abzweig Schmerwitz</desc>
		<src>LB Forst Brandenburg</src>
	</wpt>
	<wpt lat="51.909719607724497" lon="13.671352678953511">
		<name>2353</name>
		<cmt>Luckau, Rüdingsdorf; B96 von Rüdingsdorf Richtung Golssen linke Straßenseite am Waldrand</cmt>
		<desc>Luckau, Rüdingsdorf; B96 von Rüdingsdorf Richtung Golssen linke Straßenseite am Waldrand</desc>
		<src>LB Forst Brandenburg</src>
	</wpt>
	<wpt lat="52.825505797449011" lon="13.863318543398343">
		<name>1481</name>
		<cmt>Sommerfelde; B 167 Abzweig Sommerfelder Siedlung</cmt>
		<desc>Sommerfelde; B 167 Abzweig Sommerfelder Siedlung</desc>
		<src>LB Forst Brandenburg</src>
	</wpt>
	<wpt lat="52.813479752147735" lon="13.880669823270518">
		<name>1485</name>
		<cmt>Tornow; Zickenberg, Sportplatz, Trampe-Tornower Weg</cmt>
		<desc>Tornow; Zickenberg, Sportplatz, Trampe-Tornower Weg</desc>
		<src>LB Forst Brandenburg</src>
	</wpt>
	<wpt lat="52.262220630487434" lon="13.38110184385442">
		<name>1027</name>
		<cmt>Zossen, Glienick; Nördlich von Glienick angrenzend an Jühnsdorfer Straße-Nähe Reitsportanlage</cmt>
		<desc>Zossen, Glienick; Nördlich von Glienick angrenzend an Jühnsdorfer Straße-Nähe Reitsportanlage</desc>
		<src>LB Forst Brandenburg</src>
	</wpt>
	<wpt lat="53.089142138293795" lon="12.759971606109868">
		<name>1912</name>
		<cmt>Rheinsberg, Basdorf; L16, Abzweig nach Basdorf</cmt>
		<desc>Rheinsberg, Basdorf; L16, Abzweig nach Basdorf</desc>
		<src>LB Forst Brandenburg</src>
	</wpt>
	<wpt lat="53.093419229578039" lon="12.743446340497698">
		<name>1431</name>
		<cmt>Rheinsberg, Basdorf; vor Ortseingang</cmt>
		<desc>Rheinsberg, Basdorf; vor Ortseingang</desc>
		<src>LB Forst Brandenburg</src>
	</wpt>
	<wpt lat="53.064014323513561" lon="12.75830390868129">
		<name>1913</name>
		<cmt>Neuruppin, Neuglienicke; L16, Kreuzung Neuglienicke/ Rheinsberg Glienicke</cmt>
		<desc>Neuruppin, Neuglienicke; L16, Kreuzung Neuglienicke/ Rheinsberg Glienicke</desc>
		<src>LB Forst Brandenburg</src>
	</wpt>
	<wpt lat="52.979323840706328" lon="12.712752747957046">
		<name>1908</name>
		<cmt>Storbeck-Frankendorf, Woltersdorf-Baum; L18, Abzweig K6809 nach Darritz</cmt>
		<desc>Storbeck-Frankendorf, Woltersdorf-Baum; L18, Abzweig K6809 nach Darritz</desc>
		<src>LB Forst Brandenburg</src>
	</wpt>
	<wpt lat="52.984713693426329" lon="12.609936141414668">
		<name>1902</name>
		<cmt>Temnitzquell, Netzeband; westl. BAB 24- Brücke, Eichengrund</cmt>
		<desc>Temnitzquell, Netzeband; westl. BAB 24- Brücke, Eichengrund</desc>
		<src>LB Forst Brandenburg</src>
	</wpt>
	<wpt lat="52.218680755584835" lon="13.514668095408723">
		<name>1163</name>
		<cmt>Zossen, Schöneiche; Straße zum Waldstadion-südwestlich des Sportplatzes an Wendeschleife.</cmt>
		<desc>Zossen, Schöneiche; Straße zum Waldstadion-südwestlich des Sportplatzes an Wendeschleife.</desc>
		<src>LB Forst Brandenburg</src>
	</wpt>
	<wpt lat="52.854629068803689" lon="12.607830203674744">
		<name>1695</name>
		<cmt>Temnitztal, Rohrlack; L 166, Ortseingang von Wildberg kommend</cmt>
		<desc>Temnitztal, Rohrlack; L 166, Ortseingang von Wildberg kommend</desc>
		<src>LB Forst Brandenburg</src>
	</wpt>
	<wpt lat="52.134344073695814" lon="14.268059260314796">
		<name>2625</name>
		<cmt>Zeust; K 6717, Bushaltestelle-Dorfmitte</cmt>
		<desc>Zeust; K 6717, Bushaltestelle-Dorfmitte</desc>
		<src>LB Forst Brandenburg</src>
	</wpt>
	<wpt lat="51.965615679048952" lon="14.315318803509721">
		<name>2500</name>
		<cmt>Lieberose, Hollbrunn; B 168  Bushaltestelle Hollbrunn</cmt>
		<desc>Lieberose, Hollbrunn; B 168  Bushaltestelle Hollbrunn</desc>
		<src>LB Forst Brandenburg</src>
	</wpt>
	<wpt lat="52.752443159656409" lon="13.72776771333915">
		<name>1684</name>
		<cmt>Grüntal; Ortseingang Grüntal aus Melchow kommend</cmt>
		<desc>Grüntal; Ortseingang Grüntal aus Melchow kommend</desc>
		<src>LB Forst Brandenburg</src>
	</wpt>
	<wpt lat="52.211799892628953" lon="14.27037791268762">
		<name>1126</name>
		<cmt>Radinkendorf; Dorfstr. 23, Gaststätte "Storchennest"</cmt>
		<desc>Radinkendorf; Dorfstr. 23, Gaststätte "Storchennest"</desc>
		<src>LB Forst Brandenburg</src>
	</wpt>
	<wpt lat="52.231147345315534" lon="13.350940372997075">
		<name>1029</name>
		<cmt>Zossen, Schünow; Werbener Weg, nördlich des Friedhofes in Schünow.</cmt>
		<desc>Zossen, Schünow; Werbener Weg, nördlich des Friedhofes in Schünow.</desc>
		<src>LB Forst Brandenburg</src>
	</wpt>
	<wpt lat="52.244297098952408" lon="14.231966909281288">
		<name>1127</name>
		<cmt>Görzig; L 411/K 6730, Kreuzung Richtung Neubrück</cmt>
		<desc>Görzig; L 411/K 6730, Kreuzung Richtung Neubrück</desc>
		<src>LB Forst Brandenburg</src>
	</wpt>
	<wpt lat="52.669470523359934" lon="12.394415282837068">
		<name>1409</name>
		<cmt>Stechow-Ferchesar, Ferchesar; Waldausgang Wassersuppscher Weg vor Rhinbrücke</cmt>
		<desc>Stechow-Ferchesar, Ferchesar; Waldausgang Wassersuppscher Weg vor Rhinbrücke</desc>
		<src>LB Forst Brandenburg</src>
	</wpt>
	<wpt lat="52.247929187909264" lon="13.336066364858809">
		<name>1041</name>
		<cmt>Zossen, Werben; Westlich von Werben, Nähe der alten Ziegelei</cmt>
		<desc>Zossen, Werben; Westlich von Werben, Nähe der alten Ziegelei</desc>
		<src>LB Forst Brandenburg</src>
	</wpt>
	<wpt lat="52.226574637325527" lon="13.403501134993688">
		<name>1044</name>
		<cmt>Zossen, Nächst Neuendorf; Kreuzung Chausseehaus; Abzweig Glienick-Waldsiedlung Schünow</cmt>
		<desc>Zossen, Nächst Neuendorf; Kreuzung Chausseehaus; Abzweig Glienick-Waldsiedlung Schünow</desc>
		<src>LB Forst Brandenburg</src>
	</wpt>
	<wpt lat="52.246979277391347" lon="13.406115348823779">
		<name>1033</name>
		<cmt>Zossen, Dabendorf; Landstraße von Dabendorf n. Glienick, Einfahrt rechts an Brückenfundament am Waldbeginn.</cmt>
		<desc>Zossen, Dabendorf; Landstraße von Dabendorf n. Glienick, Einfahrt rechts an Brückenfundament am Waldbeginn.</desc>
		<src>LB Forst Brandenburg</src>
	</wpt>
	<wpt lat="52.532581532987493" lon="12.479366281010666">
		<name>2070</name>
		<cmt>Stadt Havelsee, Seelensdorf; Seelensdorfer Damm, Am Sägewerk</cmt>
		<desc>Stadt Havelsee, Seelensdorf; Seelensdorfer Damm, Am Sägewerk</desc>
		<src>LB Forst Brandenburg</src>
	</wpt>
	<wpt lat="52.171131189318238" lon="13.451843709224827">
		<name>1148</name>
		<cmt>Zossen, Wünsdorf; Mellenseestraße - nordwestlich von Wünsdorf an alter Mülldeponie</cmt>
		<desc>Zossen, Wünsdorf; Mellenseestraße - nordwestlich von Wünsdorf an alter Mülldeponie</desc>
		<src>LB Forst Brandenburg</src>
	</wpt>
	<wpt lat="53.115656828906751" lon="12.770512730569489">
		<name>1911</name>
		<cmt>Rheinsberg, Wallitz; L16, Ortseingang von Neuruppin kommend</cmt>
		<desc>Rheinsberg, Wallitz; L16, Ortseingang von Neuruppin kommend</desc>
		<src>LB Forst Brandenburg</src>
	</wpt>
	<wpt lat="52.152278052059906" lon="13.47924899881836">
		<name>1149</name>
		<cmt>Zossen, Wünsdorf; B96 Cottbuser Straße 1, Abzweig Koschewoi-Ring und Marschallstraße</cmt>
		<desc>Zossen, Wünsdorf; B96 Cottbuser Straße 1, Abzweig Koschewoi-Ring und Marschallstraße</desc>
		<src>LB Forst Brandenburg</src>
	</wpt>
	<wpt lat="53.06029950559919" lon="12.726789083925464">
		<name>1433</name>
		<cmt>Neuruppin, Neuglienicke; Waldrand westlich Neuglienicke</cmt>
		<desc>Neuruppin, Neuglienicke; Waldrand westlich Neuglienicke</desc>
		<src>LB Forst Brandenburg</src>
	</wpt>
	<wpt lat="53.048396856392948" lon="12.757275147054564">
		<name>1914</name>
		<cmt>Neuruppin, Gühlen Glienicke; L16, Ortseingang von Neuruppin kommend</cmt>
		<desc>Neuruppin, Gühlen Glienicke; L16, Ortseingang von Neuruppin kommend</desc>
		<src>LB Forst Brandenburg</src>
	</wpt>
	<wpt lat="52.186076282648479" lon="13.478519831053459">
		<name>1164</name>
		<cmt>Zossen, Wünsdorf-Waldstadt; Koschewoi - Ring am Abzweig Photovoltaikfeld</cmt>
		<desc>Zossen, Wünsdorf-Waldstadt; Koschewoi - Ring am Abzweig Photovoltaikfeld</desc>
		<src>LB Forst Brandenburg</src>
	</wpt>
	<wpt lat="51.954069123233261" lon="14.264367623362466">
		<name>2501</name>
		<cmt>Schwielochsee, Klein Liebitz; Kreuzung Lieberoser Straße aus Richtung Groß Liebitz</cmt>
		<desc>Schwielochsee, Klein Liebitz; Kreuzung Lieberoser Straße aus Richtung Groß Liebitz</desc>
		<src>LB Forst Brandenburg</src>
	</wpt>
	<wpt lat="52.169501080075349" lon="13.508032170884286">
		<name>1153</name>
		<cmt>Zossen, Wünsdorf; L74 von Wünsdorf in Richtung Töpchin linksseitig, Einfahrt Ehrenfriedhof Zehrensdorf.</cmt>
		<desc>Zossen, Wünsdorf; L74 von Wünsdorf in Richtung Töpchin linksseitig, Einfahrt Ehrenfriedhof Zehrensdorf.</desc>
		<src>LB Forst Brandenburg</src>
	</wpt>
	<wpt lat="52.991218134039009" lon="12.653929213506403">
		<name>1903</name>
		<cmt>Temnitzquell, Katerbow; L18, Ortseingang von Netzeband kommend</cmt>
		<desc>Temnitzquell, Katerbow; L18, Ortseingang von Netzeband kommend</desc>
		<src>LB Forst Brandenburg</src>
	</wpt>
	<wpt lat="52.206029998395444" lon="13.5549313506631">
		<name>1162</name>
		<cmt>Zossen, Kallinchen; Südlich von Kallinchen am Radweg Bergstraße - Beginn Kreuzung an Brachfläche</cmt>
		<desc>Zossen, Kallinchen; Südlich von Kallinchen am Radweg Bergstraße - Beginn Kreuzung an Brachfläche</desc>
		<src>LB Forst Brandenburg</src>
	</wpt>
	<wpt lat="53.015024849161499" lon="12.584173716542292">
		<name>1900</name>
		<cmt>Temnitzquell, Darsikow; östl. der Autobahnbrücke BAB 24</cmt>
		<desc>Temnitzquell, Darsikow; östl. der Autobahnbrücke BAB 24</desc>
		<src>LB Forst Brandenburg</src>
	</wpt>
	<wpt lat="52.89128639125866" lon="12.673197966347752">
		<name>1906</name>
		<cmt>Märkisch Linden, Lüchfeld; B167, Abzweig nach Lüchfeld (K 6805)</cmt>
		<desc>Märkisch Linden, Lüchfeld; B167, Abzweig nach Lüchfeld (K 6805)</desc>
		<src>LB Forst Brandenburg</src>
	</wpt>
	<wpt lat="52.834753938228346" lon="12.623313674792922">
		<name>1690</name>
		<cmt>Temnitztal, Vichel; L 166, Feuerwehr</cmt>
		<desc>Temnitztal, Vichel; L 166, Feuerwehr</desc>
		<src>LB Forst Brandenburg</src>
	</wpt>
	<wpt lat="52.840419184075408" lon="12.631892786882094">
		<name>1697</name>
		<cmt>Temnitztal, Garz; Luchdamm, Garzer Park</cmt>
		<desc>Temnitztal, Garz; Luchdamm, Garzer Park</desc>
		<src>LB Forst Brandenburg</src>
	</wpt>
	<wpt lat="53.031693250068152" lon="12.567487383974322">
		<name>1412</name>
		<cmt>Temnitzquell, Horst; Rossower Weg, an BAB 24</cmt>
		<desc>Temnitzquell, Horst; Rossower Weg, an BAB 24</desc>
		<src>LB Forst Brandenburg</src>
	</wpt>
	<wpt lat="53.12203006309057" lon="14.179611097509383">
		<name>1766</name>
		<cmt>Schwedt (Oder), Stendell; B166, Bushaltestelle Kavelheide</cmt>
		<desc>Schwedt (Oder), Stendell; B166, Bushaltestelle Kavelheide</desc>
		<src>LB Forst Brandenburg</src>
	</wpt>
	<wpt lat="51.964385557619558" lon="14.242294045036369">
		<name>2550</name>
		<cmt>Schwielochsee, Groß Liebitz; Ortseingang von Lamsfeld kommend rechts</cmt>
		<desc>Schwielochsee, Groß Liebitz; Ortseingang von Lamsfeld kommend rechts</desc>
		<src>LB Forst Brandenburg</src>
	</wpt>
	<wpt lat="51.944238375392878" lon="14.336218168057401">
		<name>2502</name>
		<cmt>Lieberose, Lieberose; Parkplatz B168 Aussichtspunkt, ehem. Truppenübungsplatz</cmt>
		<desc>Lieberose, Lieberose; Parkplatz B168 Aussichtspunkt, ehem. Truppenübungsplatz</desc>
		<src>LB Forst Brandenburg</src>
	</wpt>
	<wpt lat="51.963085477578531" lon="14.025469939178718">
		<name>2309</name>
		<cmt>Neu Zauche, Briesensee; L444 ,  Am See Rezeption Zeltplatz</cmt>
		<desc>Neu Zauche, Briesensee; L444 ,  Am See Rezeption Zeltplatz</desc>
		<src>LB Forst Brandenburg</src>
	</wpt>
	<wpt lat="51.95103348335364" lon="14.064469778416937">
		<name>2312</name>
		<cmt>Neu Zauche, Caminchen; Caminchener Dorfstr. 1, Forsthaus</cmt>
		<desc>Neu Zauche, Caminchen; Caminchener Dorfstr. 1, Forsthaus</desc>
		<src>LB Forst Brandenburg</src>
	</wpt>
	<wpt lat="53.062056078287412" lon="14.085831217678274">
		<name>2801</name>
		<cmt>Pinnow; Gutshof Pinnow</cmt>
		<desc>Pinnow; Gutshof Pinnow</desc>
		<src>LB Forst Brandenburg</src>
	</wpt>
	<wpt lat="52.132362588388467" lon="14.384613124164829">
		<name>2611</name>
		<cmt>Oelsen; L 435, Bushaltestelle</cmt>
		<desc>Oelsen; L 435, Bushaltestelle</desc>
		<src>LB Forst Brandenburg</src>
	</wpt>
	<wpt lat="53.16589998035488" lon="13.981456327798197">
		<name>1761</name>
		<cmt>Gramzow, Polßen; B198, Abzweig Fredersdorf</cmt>
		<desc>Gramzow, Polßen; B198, Abzweig Fredersdorf</desc>
		<src>LB Forst Brandenburg</src>
	</wpt>
	<wpt lat="52.378927140718588" lon="12.366460881813811">
		<name>2078</name>
		<cmt>Wusterwitz, Wusterwitz; L96 von Norden kommend, 1100 m nach Bahnübergang, rechts in Richtung Rosental, 1000 m bis Mitte Rosenthal</cmt>
		<desc>Wusterwitz, Wusterwitz; L96 von Norden kommend, 1100 m nach Bahnübergang, rechts in Richtung Rosental, 1000 m bis Mitte Rosenthal</desc>
		<src>LB Forst Brandenburg</src>
	</wpt>
	<wpt lat="52.00252028381027" lon="13.037787153640686">
		<name>2282</name>
		<cmt>Jüterbog; Bülowstraße, von Kreuzung B102 - Bülowstr. Richtung Neuheim ca. 400m in der Kurve inkls Einfahrt Richtung TÜP Jüterbog</cmt>
		<desc>Jüterbog; Bülowstraße, von Kreuzung B102 - Bülowstr. Richtung Neuheim ca. 400m in der Kurve inkls Einfahrt Richtung TÜP Jüterbog</desc>
		<src>LB Forst Brandenburg</src>
	</wpt>
	<wpt lat="52.011211784712359" lon="13.068913266210192">
		<name>2268</name>
		<cmt>Jüterbog; Kreuzung Bülowstr. - Straße nach Neuheim-Biogasanlage</cmt>
		<desc>Jüterbog; Kreuzung Bülowstr. - Straße nach Neuheim-Biogasanlage</desc>
		<src>LB Forst Brandenburg</src>
	</wpt>
	<wpt lat="52.358573126446267" lon="12.38703468859204">
		<name>2074</name>
		<cmt>Wusterwitz, Wusterwitz; L 96 von Ortausgang Wusterwitz, in Richtung Rogäsen</cmt>
		<desc>Wusterwitz, Wusterwitz; L 96 von Ortausgang Wusterwitz, in Richtung Rogäsen</desc>
		<src>LB Forst Brandenburg</src>
	</wpt>
	<wpt lat="52.01471754706607" lon="13.099307644154187">
		<name>2252</name>
		<cmt>Jüterbog; B101, Luckenwalder Straße, 170m hinter Bahnüberführung (Haussteiglust) Richtung Kloster Zinna</cmt>
		<desc>Jüterbog; B101, Luckenwalder Straße, 170m hinter Bahnüberführung (Haussteiglust) Richtung Kloster Zinna</desc>
		<src>LB Forst Brandenburg</src>
	</wpt>
	<wpt lat="51.986839475815316" lon="13.121476148795143">
		<name>2223</name>
		<cmt>Jüterbog; B115 - zw. Jüterbog u. Markendorf, Abzweig der Plattenstraße nach Werder</cmt>
		<desc>Jüterbog; B115 - zw. Jüterbog u. Markendorf, Abzweig der Plattenstraße nach Werder</desc>
		<src>LB Forst Brandenburg</src>
	</wpt>
	<wpt lat="52.344768777940111" lon="12.378453379248475">
		<name>2073</name>
		<cmt>Wusterwitz,Wusterwitz; L 96 von Ortausgang Wusterwitz, 1700 m in Richtung Rogäsen,  Waldeinfahrt rechtsseitig</cmt>
		<desc>Wusterwitz,Wusterwitz; L 96 von Ortausgang Wusterwitz, 1700 m in Richtung Rogäsen,  Waldeinfahrt rechtsseitig</desc>
		<src>LB Forst Brandenburg</src>
	</wpt>
	<wpt lat="52.367401432042648" lon="12.318125346800217">
		<name>2076</name>
		<cmt>Wusterwitz, Gollwitz; Ortsverbindungsstraße Warchau-Gollwitz, von Warchau kommend am Ortseingang Gollwitz, linke Seite, Buswendeschleife</cmt>
		<desc>Wusterwitz, Gollwitz; Ortsverbindungsstraße Warchau-Gollwitz, von Warchau kommend am Ortseingang Gollwitz, linke Seite, Buswendeschleife</desc>
		<src>LB Forst Brandenburg</src>
	</wpt>
	<wpt lat="52.037592687793008" lon="14.368560695060067">
		<name>2486</name>
		<cmt>Jamlitz, Ullersdorf; Kreuzung L 434 und Dorfstraße</cmt>
		<desc>Jamlitz, Ullersdorf; Kreuzung L 434 und Dorfstraße</desc>
		<src>LB Forst Brandenburg</src>
	</wpt>
	<wpt lat="52.418092314354091" lon="14.339646739985408">
		<name>2666</name>
		<cmt>Falkenhagen(Mark); Betonstraße</cmt>
		<desc>Falkenhagen(Mark); Betonstraße</desc>
		<src>LB Forst Brandenburg</src>
	</wpt>
	<wpt lat="51.896759697241954" lon="14.057610569308226">
		<name>2317</name>
		<cmt>Neu Zauche; Spreestraße, Kahnhafen Neu Zauche</cmt>
		<desc>Neu Zauche; Spreestraße, Kahnhafen Neu Zauche</desc>
		<src>LB Forst Brandenburg</src>
	</wpt>
	<wpt lat="51.907764484550441" lon="14.022257812417044">
		<name>2316</name>
		<cmt>Alt Zauche; Mühlweg, Kahnhafen Alt Zauche</cmt>
		<desc>Alt Zauche; Mühlweg, Kahnhafen Alt Zauche</desc>
		<src>LB Forst Brandenburg</src>
	</wpt>
	<wpt lat="52.32580681752097" lon="14.270018857046221">
		<name>2649</name>
		<cmt>Briesen (Mark); A12, AS Briesen; südlich</cmt>
		<desc>Briesen (Mark); A12, AS Briesen; südlich</desc>
		<src>LB Forst Brandenburg</src>
	</wpt>
	<wpt lat="52.317824234068858" lon="14.313579221021211">
		<name>2651</name>
		<cmt>Jacobsdorf; südlich A 12, Ökoberg</cmt>
		<desc>Jacobsdorf; südlich A 12, Ökoberg</desc>
		<src>LB Forst Brandenburg</src>
	</wpt>
	<wpt lat="52.778001021076221" lon="13.755184821325287">
		<name>1685</name>
		<cmt>Schönholz; Ortsausgang Schönholz in Richtung Melchow von der B 2 kommend</cmt>
		<desc>Schönholz; Ortsausgang Schönholz in Richtung Melchow von der B 2 kommend</desc>
		<src>LB Forst Brandenburg</src>
	</wpt>
	<wpt lat="52.009263073826212" lon="14.187059729121261">
		<name>2322</name>
		<cmt>Schwielochsee, Goyatz; Redeneck 12, Rösner Fleischwaren</cmt>
		<desc>Schwielochsee, Goyatz; Redeneck 12, Rösner Fleischwaren</desc>
		<src>LB Forst Brandenburg</src>
	</wpt>
	<wpt lat="52.782981185232202" lon="13.764404966776231">
		<name>1671</name>
		<cmt>Schönholz; Ortseingang Schönholz von der B 2 kommend</cmt>
		<desc>Schönholz; Ortseingang Schönholz von der B 2 kommend</desc>
		<src>LB Forst Brandenburg</src>
	</wpt>
	<wpt lat="52.310815577702535" lon="14.35663440917755">
		<name>2652</name>
		<cmt>Biegen; L 37, Friedhof</cmt>
		<desc>Biegen; L 37, Friedhof</desc>
		<src>LB Forst Brandenburg</src>
	</wpt>
	<wpt lat="51.667018695388919" lon="13.472085964211642">
		<name>1789</name>
		<cmt>Doberlug-Kirchhain, Dübrichen; L 702, Ortslage Bushaltestelle</cmt>
		<desc>Doberlug-Kirchhain, Dübrichen; L 702, Ortslage Bushaltestelle</desc>
		<src>LB Forst Brandenburg</src>
	</wpt>
	<wpt lat="52.112323971021929" lon="14.073081378978568">
		<name>1100</name>
		<cmt>Kossenblatt; L443 Hauptstraße, am Kindergarten</cmt>
		<desc>Kossenblatt; L443 Hauptstraße, am Kindergarten</desc>
		<src>LB Forst Brandenburg</src>
	</wpt>
	<wpt lat="51.609443667754412" lon="13.545302515006405">
		<name>1787</name>
		<cmt>Doberlug-Kirchhain, Doberlug; L 60 Ortsmitte Parkplatz am Schloß Klosterschänke</cmt>
		<desc>Doberlug-Kirchhain, Doberlug; L 60 Ortsmitte Parkplatz am Schloß Klosterschänke</desc>
		<src>LB Forst Brandenburg</src>
	</wpt>
	<wpt lat="52.147537577535353" lon="14.159193725132527">
		<name>1129</name>
		<cmt>Tauche; L443 Beeskower Chaussee 70, Gemeindeamt</cmt>
		<desc>Tauche; L443 Beeskower Chaussee 70, Gemeindeamt</desc>
		<src>LB Forst Brandenburg</src>
	</wpt>
	<wpt lat="52.243637282349674" lon="14.119372059276213">
		<name>1137</name>
		<cmt>Hartensdorf; L42 Hartensdorfer Str., Verbindungsweg Glienicke</cmt>
		<desc>Hartensdorf; L42 Hartensdorfer Str., Verbindungsweg Glienicke</desc>
		<src>LB Forst Brandenburg</src>
	</wpt>
	<wpt lat="52.043842974199016" lon="14.422867469700995">
		<name>2617</name>
		<cmt>Klein Muckrow; L 433, Bushaltestelle</cmt>
		<desc>Klein Muckrow; L 433, Bushaltestelle</desc>
		<src>LB Forst Brandenburg</src>
	</wpt>
	<wpt lat="52.302117154168194" lon="14.126795739695943">
		<name>1145</name>
		<cmt>Alt Golm; L412 Dorfstr., Feuerwehr</cmt>
		<desc>Alt Golm; L412 Dorfstr., Feuerwehr</desc>
		<src>LB Forst Brandenburg</src>
	</wpt>
	<wpt lat="52.424189606176796" lon="14.190754839524599">
		<name>2668</name>
		<cmt>Hasenfelde; K 6737, Sportplatz</cmt>
		<desc>Hasenfelde; K 6737, Sportplatz</desc>
		<src>LB Forst Brandenburg</src>
	</wpt>
	<wpt lat="52.450500130485032" lon="14.095642181702349">
		<name>2809</name>
		<cmt>Gölsdorf; Ortsausgang, Richtung Eggersdorf</cmt>
		<desc>Gölsdorf; Ortsausgang, Richtung Eggersdorf</desc>
		<src>LB Forst Brandenburg</src>
	</wpt>
	<wpt lat="52.203219684778603" lon="14.349627842903184">
		<name>1131</name>
		<cmt>Merz; K6718 Dorfstr., OA Richtung Mixdorf</cmt>
		<desc>Merz; K6718 Dorfstr., OA Richtung Mixdorf</desc>
		<src>LB Forst Brandenburg</src>
	</wpt>
	<wpt lat="52.225345945706493" lon="14.343185638589979">
		<name>1132</name>
		<cmt>Ragow; B87, Försterei Ragow 1</cmt>
		<desc>Ragow; B87, Försterei Ragow 1</desc>
		<src>LB Forst Brandenburg</src>
	</wpt>
	<wpt lat="52.272475318850432" lon="14.277310827735816">
		<name>1135</name>
		<cmt>Neubrück; Vorderheide, Feuerwehr</cmt>
		<desc>Neubrück; Vorderheide, Feuerwehr</desc>
		<src>LB Forst Brandenburg</src>
	</wpt>
	<wpt lat="52.388344244515409" lon="14.258915726845048">
		<name>2659</name>
		<cmt>Wilmersdorf; L 384, Kreuzung Vorwerk Wilmersdorf</cmt>
		<desc>Wilmersdorf; L 384, Kreuzung Vorwerk Wilmersdorf</desc>
		<src>LB Forst Brandenburg</src>
	</wpt>
	<wpt lat="52.377860688902437" lon="14.380760115336777">
		<name>2661</name>
		<cmt>Sieversdorf; L 38, ehemalige Schule (Richtung Putenställe)</cmt>
		<desc>Sieversdorf; L 38, ehemalige Schule (Richtung Putenställe)</desc>
		<src>LB Forst Brandenburg</src>
	</wpt>
	<wpt lat="52.379026723214665" lon="14.309348911159958">
		<name>2662</name>
		<cmt>Madlitz; L 37, Madlitzer Mühle( Parkplatz Hotel Fischerhaus)</cmt>
		<desc>Madlitz; L 37, Madlitzer Mühle( Parkplatz Hotel Fischerhaus)</desc>
		<src>LB Forst Brandenburg</src>
	</wpt>
	<wpt lat="52.102292902266456" lon="14.181466772591804">
		<name>1095</name>
		<cmt>Trebatsch; B87 Hauptstrasse, Einfahrt zur Kläranlage</cmt>
		<desc>Trebatsch; B87 Hauptstrasse, Einfahrt zur Kläranlage</desc>
		<src>LB Forst Brandenburg</src>
	</wpt>
	<wpt lat="52.073913547464677" lon="12.618390099677232">
		<name>2119</name>
		<cmt>Rabenstein, Buchholz; Ortsausgang Buchholz nach Luehnsdorf</cmt>
		<desc>Rabenstein, Buchholz; Ortsausgang Buchholz nach Luehnsdorf</desc>
		<src>LB Forst Brandenburg</src>
	</wpt>
	<wpt lat="52.073187090883096" lon="12.661530445442645">
		<name>2116</name>
		<cmt>Stadt Niemegk; Niemegk - Lühnsdorf; Werdermuehle Autobahnunterführung</cmt>
		<desc>Stadt Niemegk; Niemegk - Lühnsdorf; Werdermuehle Autobahnunterführung</desc>
		<src>LB Forst Brandenburg</src>
	</wpt>
	<wpt lat="52.101772827151279" lon="12.617872392840628">
		<name>2118</name>
		<cmt>Planetal, Kranepuhl; Ortsausgang Krahnepuhl nach Preussnitz</cmt>
		<desc>Planetal, Kranepuhl; Ortsausgang Krahnepuhl nach Preussnitz</desc>
		<src>LB Forst Brandenburg</src>
	</wpt>
	<wpt lat="52.120651749484217" lon="12.686658603142593">
		<name>2113</name>
		<cmt>Planetal, Mörz; Kirche in Moerz</cmt>
		<desc>Planetal, Mörz; Kirche in Moerz</desc>
		<src>LB Forst Brandenburg</src>
	</wpt>
	<wpt lat="51.65794841545776" lon="13.436325688033325">
		<name>2742</name>
		<cmt>Doberlug-Kirchhain, Prießen; L 702, Ortslage Friedhof</cmt>
		<desc>Doberlug-Kirchhain, Prießen; L 702, Ortslage Friedhof</desc>
		<src>LB Forst Brandenburg</src>
	</wpt>
	<wpt lat="52.115267154512459" lon="14.029256287067877">
		<name>1104</name>
		<cmt>Werder; K6726 Dorfstr. 22, Ortsmitte Spreewaldhotel</cmt>
		<desc>Werder; K6726 Dorfstr. 22, Ortsmitte Spreewaldhotel</desc>
		<src>LB Forst Brandenburg</src>
	</wpt>
	<wpt lat="52.175352490314388" lon="14.07587258721367">
		<name>1109</name>
		<cmt>Ahrensdorf; L42 Lindenstraße, Feuerwehr</cmt>
		<desc>Ahrensdorf; L42 Lindenstraße, Feuerwehr</desc>
		<src>LB Forst Brandenburg</src>
	</wpt>
	<wpt lat="51.628660613666682" lon="13.511266106485525">
		<name>2743</name>
		<cmt>Doberlug-Kirchhain, Kirchhain; Torgauer Straße ehemalige Lausitzkaserne, Buswendeschleife</cmt>
		<desc>Doberlug-Kirchhain, Kirchhain; Torgauer Straße ehemalige Lausitzkaserne, Buswendeschleife</desc>
		<src>LB Forst Brandenburg</src>
	</wpt>
	<wpt lat="51.610345937321696" lon="13.598476441708172">
		<name>1854</name>
		<cmt>Doberlug-Kirchhain, Lugau; L601, Ortslage, Sportplatz</cmt>
		<desc>Doberlug-Kirchhain, Lugau; L601, Ortslage, Sportplatz</desc>
		<src>LB Forst Brandenburg</src>
	</wpt>
	<wpt lat="52.054913469071828" lon="13.144987227476721">
		<name>2264</name>
		<cmt>Jüterbog, Kloster Zinna; K 7216 (alte B101) Luckenwalde - Jüterbog, ca. 1Km hinter Kolzenburger Kurve Richtung Jüterbog - 1. Panzerbahn</cmt>
		<desc>Jüterbog, Kloster Zinna; K 7216 (alte B101) Luckenwalde - Jüterbog, ca. 1Km hinter Kolzenburger Kurve Richtung Jüterbog - 1. Panzerbahn</desc>
		<src>LB Forst Brandenburg</src>
	</wpt>
	<wpt lat="52.04417549158071" lon="13.1194502749949">
		<name>2266</name>
		<cmt>Jüterbog, Kloster Zinna; K 7216 alte B101 Luckenwalde - Jüterbog, Einfahrt Forst Zinna</cmt>
		<desc>Jüterbog, Kloster Zinna; K 7216 alte B101 Luckenwalde - Jüterbog, Einfahrt Forst Zinna</desc>
		<src>LB Forst Brandenburg</src>
	</wpt>
	<wpt lat="52.01038313128408" lon="13.127498520633653">
		<name>2259</name>
		<cmt>Jüterbog, Werder; Dorfstraße, altes Feuerwehrhaus</cmt>
		<desc>Jüterbog, Werder; Dorfstraße, altes Feuerwehrhaus</desc>
		<src>LB Forst Brandenburg</src>
	</wpt>
	<wpt lat="51.985886279599569" lon="13.184506771728445">
		<name>2257</name>
		<cmt>Jüterbog, Markendorf; B115 Baruther Landstraße, Ortsausgang Richtung Petkus - Abzweig Fröhdener Holzweg nach Norden</cmt>
		<desc>Jüterbog, Markendorf; B115 Baruther Landstraße, Ortsausgang Richtung Petkus - Abzweig Fröhdener Holzweg nach Norden</desc>
		<src>LB Forst Brandenburg</src>
	</wpt>
	<wpt lat="52.80734510859763" lon="14.040096370472996">
		<name>1626</name>
		<cmt>Bad Freienwalde; Schiffmühle - U-Kurve Ecke ehm. Fährkrug</cmt>
		<desc>Bad Freienwalde; Schiffmühle - U-Kurve Ecke ehm. Fährkrug</desc>
		<src>LB Forst Brandenburg</src>
	</wpt>
	<wpt lat="51.995972473311546" lon="13.171823140510936">
		<name>2258</name>
		<cmt>Jüterbog, Markendorf; Waldsiedlung, Ortslage nordwestl. Hauptzufahrt zum TÜP Heidehof - Metallschranke</cmt>
		<desc>Jüterbog, Markendorf; Waldsiedlung, Ortslage nordwestl. Hauptzufahrt zum TÜP Heidehof - Metallschranke</desc>
		<src>LB Forst Brandenburg</src>
	</wpt>
	<wpt lat="51.985649636071081" lon="13.203868256859927">
		<name>2256</name>
		<cmt>Jüterbog, Markendorf; B115 Ortsausgang Richtung Petkus, ca. 500m vor  ehem. Abdeckerei, am Acker nördlich der B115</cmt>
		<desc>Jüterbog, Markendorf; B115 Ortsausgang Richtung Petkus, ca. 500m vor  ehem. Abdeckerei, am Acker nördlich der B115</desc>
		<src>LB Forst Brandenburg</src>
	</wpt>
	<wpt lat="51.953561280507735" lon="13.181959643923463">
		<name>2239</name>
		<cmt>Niederer Fläming, Werbig; Plattenweg Werbig - Fröhden, ZUMA Schweinemastanlage</cmt>
		<desc>Niederer Fläming, Werbig; Plattenweg Werbig - Fröhden, ZUMA Schweinemastanlage</desc>
		<src>LB Forst Brandenburg</src>
	</wpt>
	<wpt lat="52.940785447991608" lon="12.626244985368334">
		<name>1941</name>
		<cmt>Walsleben, Dannenfeld; Ortseingang von Walsleben kommend</cmt>
		<desc>Walsleben, Dannenfeld; Ortseingang von Walsleben kommend</desc>
		<src>LB Forst Brandenburg</src>
	</wpt>
	<wpt lat="52.068414536587319" lon="14.43253434865705">
		<name>2616</name>
		<cmt>Groß Muckrow; L 433, Bushaltestelle</cmt>
		<desc>Groß Muckrow; L 433, Bushaltestelle</desc>
		<src>LB Forst Brandenburg</src>
	</wpt>
	<wpt lat="52.112239046857866" lon="14.380239473139929">
		<name>2612</name>
		<cmt>Groß Briesen; L 435, Bushaltestelle</cmt>
		<desc>Groß Briesen; L 435, Bushaltestelle</desc>
		<src>LB Forst Brandenburg</src>
	</wpt>
	<wpt lat="53.113429125152763" lon="13.176634322391852">
		<name>1308</name>
		<cmt>Gramzow; B96, 16775 Gramzow</cmt>
		<desc>Gramzow; B96, 16775 Gramzow</desc>
		<src>LB Forst Brandenburg</src>
	</wpt>
	<wpt lat="52.969504144753913" lon="13.112666444906214">
		<name>1300</name>
		<cmt>Meseberg; Ortseingang von B96 kommend</cmt>
		<desc>Meseberg; Ortseingang von B96 kommend</desc>
		<src>LB Forst Brandenburg</src>
	</wpt>
	<wpt lat="52.926962671701688" lon="12.908336390608357">
		<name>1920</name>
		<cmt>Neuruppin, Wulkow; B167, hinter der JVA</cmt>
		<desc>Neuruppin, Wulkow; B167, hinter der JVA</desc>
		<src>LB Forst Brandenburg</src>
	</wpt>
	<wpt lat="51.992396879189627" lon="14.012858988687583">
		<name>2325</name>
		<cmt>Märkische Heide, Biebersdorf; Abt.2213, B87 Biebersdorf - Birkenhainchen</cmt>
		<desc>Märkische Heide, Biebersdorf; Abt.2213, B87 Biebersdorf - Birkenhainchen</desc>
		<src>LB Forst Brandenburg</src>
	</wpt>
	<wpt lat="53.142007885070157" lon="12.995771623031821">
		<name>1381</name>
		<cmt>Rheinsberg; Roofenstr. KKW Rheinsberg/Haupteingang</cmt>
		<desc>Rheinsberg; Roofenstr. KKW Rheinsberg/Haupteingang</desc>
		<src>LB Forst Brandenburg</src>
	</wpt>
	<wpt lat="53.105821902983564" lon="12.875533896754765">
		<name>1335</name>
		<cmt>Rheinsberg, Warenthin; Am Arboretum, Rheinsberg; Ortsverbindung Rheinsberg - Warenthin</cmt>
		<desc>Rheinsberg, Warenthin; Am Arboretum, Rheinsberg; Ortsverbindung Rheinsberg - Warenthin</desc>
		<src>LB Forst Brandenburg</src>
	</wpt>
	<wpt lat="52.970352053717605" lon="12.904900116614296">
		<name>1921</name>
		<cmt>Neuruppin, Klausheide; Klausheide Ablage am Möllensee</cmt>
		<desc>Neuruppin, Klausheide; Klausheide Ablage am Möllensee</desc>
		<src>LB Forst Brandenburg</src>
	</wpt>
	<wpt lat="53.171700487162056" lon="12.94464342818806">
		<name>1328</name>
		<cmt>Rheinsberg, Adamswalde; Waldparkplatz Pälitzsseablage südöstlich der Ortslage</cmt>
		<desc>Rheinsberg, Adamswalde; Waldparkplatz Pälitzsseablage südöstlich der Ortslage</desc>
		<src>LB Forst Brandenburg</src>
	</wpt>
	<wpt lat="52.95889008994881" lon="12.834810921961934">
		<name>2043</name>
		<cmt>Alt Ruppin; Neumühler Weg (Straße nach Molchow), Schleuse Neumühle</cmt>
		<desc>Alt Ruppin; Neumühler Weg (Straße nach Molchow), Schleuse Neumühle</desc>
		<src>LB Forst Brandenburg</src>
	</wpt>
	<wpt lat="52.944103236351275" lon="12.85162932667534">
		<name>1937</name>
		<cmt>Alt Ruppin; B167 Richtung Wulkow,neben Aldi Parkplatz</cmt>
		<desc>Alt Ruppin; B167 Richtung Wulkow,neben Aldi Parkplatz</desc>
		<src>LB Forst Brandenburg</src>
	</wpt>
	<wpt lat="52.959706293073062" lon="12.799029650609738">
		<name>1940</name>
		<cmt>Neuruppin; Kuhburgberg, L16 Abzweig L18 nach Wittstock</cmt>
		<desc>Neuruppin; Kuhburgberg, L16 Abzweig L18 nach Wittstock</desc>
		<src>LB Forst Brandenburg</src>
	</wpt>
	<wpt lat="52.837025629517981" lon="13.144237953195606">
		<name>1938</name>
		<cmt>Löwenberger Land, Neuendorf; Buswendeschleife; Plötzenstraße, Ortsausgang Richtung Neuhof</cmt>
		<desc>Löwenberger Land, Neuendorf; Buswendeschleife; Plötzenstraße, Ortsausgang Richtung Neuhof</desc>
		<src>LB Forst Brandenburg</src>
	</wpt>
	<wpt lat="52.802035779509758" lon="13.087928306062185">
		<name>1967</name>
		<cmt>Kremmen, Hohenbruch; L 191, Hohenbruch Richtung Sommerfeld, Abzweig Schleuener Heide</cmt>
		<desc>Kremmen, Hohenbruch; L 191, Hohenbruch Richtung Sommerfeld, Abzweig Schleuener Heide</desc>
		<src>LB Forst Brandenburg</src>
	</wpt>
	<wpt lat="52.779775749960002" lon="13.163793152994982">
		<name>1933</name>
		<cmt>Kremmen, Hohenbruch; Ablage bei Kanalbrücke Behrensbrück L172</cmt>
		<desc>Kremmen, Hohenbruch; Ablage bei Kanalbrücke Behrensbrück L172</desc>
		<src>LB Forst Brandenburg</src>
	</wpt>
	<wpt lat="52.641045654334079" lon="12.66519705465579">
		<name>1587</name>
		<cmt>Pessin; Feuerwehr  Pessin</cmt>
		<desc>Pessin; Feuerwehr  Pessin</desc>
		<src>LB Forst Brandenburg</src>
	</wpt>
	<wpt lat="52.580027925678721" lon="12.732767137676504">
		<name>1573</name>
		<cmt>Nauen, Groß Behnitz; Feuerwehr Groß Behnitz</cmt>
		<desc>Nauen, Groß Behnitz; Feuerwehr Groß Behnitz</desc>
		<src>LB Forst Brandenburg</src>
	</wpt>
	<wpt lat="52.633600683751382" lon="12.714057621910616">
		<name>1401</name>
		<cmt>Paulinenaue, Selbelang; Feuerwehr  Selbelang</cmt>
		<desc>Paulinenaue, Selbelang; Feuerwehr  Selbelang</desc>
		<src>LB Forst Brandenburg</src>
	</wpt>
	<wpt lat="51.995438048827076" lon="12.897113705743555">
		<name>2225</name>
		<cmt>Niedergörsdorf, Eckmannsdorf; K7215 - Dorfstraße, Ortsmitte - Kreuzung K7215 nach Dalichow/Blönsdorf</cmt>
		<desc>Niedergörsdorf, Eckmannsdorf; K7215 - Dorfstraße, Ortsmitte - Kreuzung K7215 nach Dalichow/Blönsdorf</desc>
		<src>LB Forst Brandenburg</src>
	</wpt>
	<wpt lat="52.094364079362535" lon="14.05639455060664">
		<name>1092</name>
		<cmt>Märkische Heide, Plattkow; Abt. 5583, L 443 Wittmannsdorf - Plattkow</cmt>
		<desc>Märkische Heide, Plattkow; Abt. 5583, L 443 Wittmannsdorf - Plattkow</desc>
		<src>LB Forst Brandenburg</src>
	</wpt>
	<wpt lat="52.028007936013324" lon="13.995007700830881">
		<name>2306</name>
		<cmt>Märkische Heide, Krugau; Abt. 2419, östlich Krugau</cmt>
		<desc>Märkische Heide, Krugau; Abt. 2419, östlich Krugau</desc>
		<src>LB Forst Brandenburg</src>
	</wpt>
	<wpt lat="52.096672865222239" lon="13.977506625187873">
		<name>1103</name>
		<cmt>Märkische Heide, Neu Schadow; Abt. 3533, Straße Pretschen - Alt Schadow</cmt>
		<desc>Märkische Heide, Neu Schadow; Abt. 3533, Straße Pretschen - Alt Schadow</desc>
		<src>LB Forst Brandenburg</src>
	</wpt>
	<wpt lat="52.125630879538654" lon="13.951738857873073">
		<name>1113</name>
		<cmt>Märkische Heide, Alt Schadow; Abt. 3665, L 42 nördlich Ortslage Alt Schadow</cmt>
		<desc>Märkische Heide, Alt Schadow; Abt. 3665, L 42 nördlich Ortslage Alt Schadow</desc>
		<src>LB Forst Brandenburg</src>
	</wpt>
	<wpt lat="52.062308256488706" lon="13.922691193178448">
		<name>1101</name>
		<cmt>Märkische Heide, Kuschkow; Abt. 3511, B 179 Kuschkow - Neu Lübbenau</cmt>
		<desc>Märkische Heide, Kuschkow; Abt. 3511, B 179 Kuschkow - Neu Lübbenau</desc>
		<src>LB Forst Brandenburg</src>
	</wpt>
	<wpt lat="52.079370094017442" lon="13.13047142442222">
		<name>2283</name>
		<cmt>Luckenwalde; B101-Kreuzung zur Straße "An den Ziegeleien", Einfahrt zum TÜP Jüterbog (Wildbahn)</cmt>
		<desc>Luckenwalde; B101-Kreuzung zur Straße "An den Ziegeleien", Einfahrt zum TÜP Jüterbog (Wildbahn)</desc>
		<src>LB Forst Brandenburg</src>
	</wpt>
	<wpt lat="52.28798570912997" lon="12.751995588176653">
		<name>2148</name>
		<cmt>Kloster Lehnin, Rädel; Hauptstraße, Freiwillige Feuerwehr</cmt>
		<desc>Kloster Lehnin, Rädel; Hauptstraße, Freiwillige Feuerwehr</desc>
		<src>LB Forst Brandenburg</src>
	</wpt>
	<wpt lat="52.336871735984992" lon="12.661510291620617">
		<name>2149</name>
		<cmt>Kloster Lehnin, Grebs; Dorfanger,Kindergarten</cmt>
		<desc>Kloster Lehnin, Grebs; Dorfanger,Kindergarten</desc>
		<src>LB Forst Brandenburg</src>
	</wpt>
	<wpt lat="52.320713087585403" lon="12.765742017417699">
		<name>2160</name>
		<cmt>Kloster Lehnin, Lehnin; Forsthaus Mittelheide,Potsdamer Str.</cmt>
		<desc>Kloster Lehnin, Lehnin; Forsthaus Mittelheide,Potsdamer Str.</desc>
		<src>LB Forst Brandenburg</src>
	</wpt>
	<wpt lat="52.314661492965008" lon="12.74166710698257">
		<name>2163</name>
		<cmt>Kloster Lehnin, Lehnin; Lindenstrasse, Autohaus Dibo</cmt>
		<desc>Kloster Lehnin, Lehnin; Lindenstrasse, Autohaus Dibo</desc>
		<src>LB Forst Brandenburg</src>
	</wpt>
	<wpt lat="52.16795657148095" lon="14.445106118294689">
		<name>2583</name>
		<cmt>Siehdichum; Försterfriedhof</cmt>
		<desc>Siehdichum; Försterfriedhof</desc>
		<src>LB Forst Brandenburg</src>
	</wpt>
	<wpt lat="52.783609439020253" lon="13.102043756684443">
		<name>1947</name>
		<cmt>Kremmen, Hohenbruch; Verlorenorter Weg 5, Försterei Döringsbrück</cmt>
		<desc>Kremmen, Hohenbruch; Verlorenorter Weg 5, Försterei Döringsbrück</desc>
		<src>LB Forst Brandenburg</src>
	</wpt>
	<wpt lat="52.195080072547995" lon="14.406016267882549">
		<name>2607</name>
		<cmt>Mixdorf; Mixdorf; L 435, Kirche</cmt>
		<desc>Mixdorf; Mixdorf; L 435, Kirche</desc>
		<src>LB Forst Brandenburg</src>
	</wpt>
	<wpt lat="52.193886222359879" lon="14.102614656082679">
		<name>1120</name>
		<cmt>Lindenberg; L42 Ahrensdorfer Str., Einfahrt Weg nach Premsdorf</cmt>
		<desc>Lindenberg; L42 Ahrensdorfer Str., Einfahrt Weg nach Premsdorf</desc>
		<src>LB Forst Brandenburg</src>
	</wpt>
	<wpt lat="52.165861226974776" lon="14.375074533279223">
		<name>2596</name>
		<cmt>Grunow- Dammendorf, Grunow; B 246, Beginn Radweg, Ortsausgang</cmt>
		<desc>Grunow- Dammendorf, Grunow; B 246, Beginn Radweg, Ortsausgang</desc>
		<src>LB Forst Brandenburg</src>
	</wpt>
	<wpt lat="52.134304105395117" lon="14.442378905407674">
		<name>2580</name>
		<cmt>Grunow-Dammendorf, Dammendorf; Einfahrt "Blockweg" an der B 246</cmt>
		<desc>Grunow-Dammendorf, Dammendorf; Einfahrt "Blockweg" an der B 246</desc>
		<src>LB Forst Brandenburg</src>
	</wpt>
	<wpt lat="52.336050932024939" lon="12.549308618007105">
		<name>2155</name>
		<cmt>Kloster Lehnin, Reckahn; Rekahner Hauptstraße, Gasthof"Dachsbau"</cmt>
		<desc>Kloster Lehnin, Reckahn; Rekahner Hauptstraße, Gasthof"Dachsbau"</desc>
		<src>LB Forst Brandenburg</src>
	</wpt>
	<wpt lat="51.796631911888184" lon="13.530806433605699">
		<name>2338</name>
		<cmt>Heideblick, Schwarzenburg / Neusorgefeld; B87, Abfahrt  Altsorgefeld / Schwarzenburg</cmt>
		<desc>Heideblick, Schwarzenburg / Neusorgefeld; B87, Abfahrt  Altsorgefeld / Schwarzenburg</desc>
		<src>LB Forst Brandenburg</src>
	</wpt>
	<wpt lat="51.770447496548137" lon="13.556350619223897">
		<name>2336</name>
		<cmt>Schwarzenburg; Schwarzenburg; B87 Abfahrt Schwarzenburg, ca. 5 km bis zur 110 KV Leitung Kreuzung Wand / Sonnewalder Straße</cmt>
		<desc>Schwarzenburg; Schwarzenburg; B87 Abfahrt Schwarzenburg, ca. 5 km bis zur 110 KV Leitung Kreuzung Wand / Sonnewalder Straße</desc>
		<src>LB Forst Brandenburg</src>
	</wpt>
	<wpt lat="51.758054104958248" lon="13.54082343417619">
		<name>2759</name>
		<cmt>Schwarzenburg; Dorfstraße, Gaststätte Wilder Eber</cmt>
		<desc>Schwarzenburg; Dorfstraße, Gaststätte Wilder Eber</desc>
		<src>LB Forst Brandenburg</src>
	</wpt>
	<wpt lat="51.87300858055827" lon="14.549480577484147">
		<name>2436</name>
		<cmt>Jänschwalde, Ost; B97 Ausfahrt Jänschwalde-Ost</cmt>
		<desc>Jänschwalde, Ost; B97 Ausfahrt Jänschwalde-Ost</desc>
		<src>LB Forst Brandenburg</src>
	</wpt>
	<wpt lat="53.282383851321164" lon="12.052339771375618">
		<name>1571</name>
		<cmt>Putlitz OT Nettelbeck; Nettelbeck - Hainholzweg</cmt>
		<desc>Putlitz OT Nettelbeck; Nettelbeck - Hainholzweg</desc>
		<src>LB Forst Brandenburg</src>
	</wpt>
	<wpt lat="52.543413603863513" lon="12.252177656269939">
		<name>2019</name>
		<cmt>Milower Land, Vieritz; Försterei Kater</cmt>
		<desc>Milower Land, Vieritz; Försterei Kater</desc>
		<src>LB Forst Brandenburg</src>
	</wpt>
	<wpt lat="52.182411286056301" lon="14.433306963651358">
		<name>2629</name>
		<cmt>Siedichum, Schernsdorf; Kupferhammer; K 6718, Parkplatz Kupferhammer</cmt>
		<desc>Siedichum, Schernsdorf; Kupferhammer; K 6718, Parkplatz Kupferhammer</desc>
		<src>LB Forst Brandenburg</src>
	</wpt>
	<wpt lat="52.058105208002047" lon="14.190176759628917">
		<name>1097</name>
		<cmt>an der Brücke; Verbindungsstraße zwischen Sawall und Zaue</cmt>
		<desc>an der Brücke; Verbindungsstraße zwischen Sawall und Zaue</desc>
		<src>LB Forst Brandenburg</src>
	</wpt>
	<wpt lat="52.067159853284217" lon="14.149665725480528">
		<name>1098</name>
		<cmt>Mittweide; B87 Hauptstr., Ortsausgang in Richtung Trebatsch</cmt>
		<desc>Mittweide; B87 Hauptstr., Ortsausgang in Richtung Trebatsch</desc>
		<src>LB Forst Brandenburg</src>
	</wpt>
	<wpt lat="52.081396660394567" lon="14.476077106622533">
		<name>2615</name>
		<cmt>Grunow-Dammendorf, Dammendorf; Reicherskreuz; L43 - Abzweig Reicherskreuz( Pflasterstraße Stern )</cmt>
		<desc>Grunow-Dammendorf, Dammendorf; Reicherskreuz; L43 - Abzweig Reicherskreuz( Pflasterstraße Stern )</desc>
		<src>LB Forst Brandenburg</src>
	</wpt>
	<wpt lat="52.059373749584317" lon="14.480082194467974">
		<name>2574</name>
		<cmt>Grunow-Dammendorf, Dammendorf; Straße nach Reicherskreuz; am Wegweiserstein</cmt>
		<desc>Grunow-Dammendorf, Dammendorf; Straße nach Reicherskreuz; am Wegweiserstein</desc>
		<src>LB Forst Brandenburg</src>
	</wpt>
	<wpt lat="52.16575140417325" lon="14.501005393467318">
		<name>2630</name>
		<cmt>Siedichum, Schernsdorf; K 6708, Alte Försterei Fünfeichen</cmt>
		<desc>Siedichum, Schernsdorf; K 6708, Alte Försterei Fünfeichen</desc>
		<src>LB Forst Brandenburg</src>
	</wpt>
	<wpt lat="52.171906107622064" lon="14.490173077454338">
		<name>2644</name>
		<cmt>Siehdichum; Dreitannen, Einfahrt Radweg</cmt>
		<desc>Siehdichum; Dreitannen, Einfahrt Radweg</desc>
		<src>LB Forst Brandenburg</src>
	</wpt>
	<wpt lat="52.188726062107136" lon="14.465026969273442">
		<name>2631</name>
		<cmt>Siedichum, Schernsdorf; K 6718, Gaststätte</cmt>
		<desc>Siedichum, Schernsdorf; K 6718, Gaststätte</desc>
		<src>LB Forst Brandenburg</src>
	</wpt>
	<wpt lat="52.203798969922097" lon="14.427428318380557">
		<name>2670</name>
		<cmt>Siedichum, Schernsdorf; Parkplatz an der Ragower Mühle</cmt>
		<desc>Siedichum, Schernsdorf; Parkplatz an der Ragower Mühle</desc>
		<src>LB Forst Brandenburg</src>
	</wpt>
	<wpt lat="52.330989148506283" lon="13.578088908644503">
		<name>1209</name>
		<cmt>Zeuthen, Miersdorf; L400 Berliner Straße, ab A10 ca. 2,8 km in Richtung Waltersdorf Revierförsterei Wüstemark</cmt>
		<desc>Zeuthen, Miersdorf; L400 Berliner Straße, ab A10 ca. 2,8 km in Richtung Waltersdorf Revierförsterei Wüstemark</desc>
		<src>LB Forst Brandenburg</src>
	</wpt>
	<wpt lat="51.685912964456634" lon="13.373690491745434">
		<name>1873</name>
		<cmt>Oelsig; An der Feuerwehr, Dorfstraße 26; Oelsiger Str. , An der Feuerwehr</cmt>
		<desc>Oelsig; An der Feuerwehr, Dorfstraße 26; Oelsiger Str. , An der Feuerwehr</desc>
		<src>LB Forst Brandenburg</src>
	</wpt>
	<wpt lat="51.773530581763794" lon="13.412578114163157">
		<name>1799</name>
		<cmt>Lebusa, Freileben; Weidmannsruh 1, Waldschule Weidmannsruh</cmt>
		<desc>Lebusa, Freileben; Weidmannsruh 1, Waldschule Weidmannsruh</desc>
		<src>LB Forst Brandenburg</src>
	</wpt>
	<wpt lat="51.697863189454416" lon="13.471994220396283">
		<name>1874</name>
		<cmt>Stechau; Feuerwehr Stechau,  Dorfstr. 72 a</cmt>
		<desc>Stechau; Feuerwehr Stechau,  Dorfstr. 72 a</desc>
		<src>LB Forst Brandenburg</src>
	</wpt>
	<wpt lat="51.603716384261581" lon="13.337969853151305">
		<name>1776</name>
		<cmt>Uebigau-Wahrenbrück, Langennaundorf; L 60 Richtung Uebigau, Parkplatz bei Fisch Suhr</cmt>
		<desc>Uebigau-Wahrenbrück, Langennaundorf; L 60 Richtung Uebigau, Parkplatz bei Fisch Suhr</desc>
		<src>LB Forst Brandenburg</src>
	</wpt>
	<wpt lat="51.636813004166861" lon="13.371654941258425">
		<name>1867</name>
		<cmt>Doberlug-Kirchhain, Nexdorf; Ortslage -Gemeindezentrum-Feuerwehr neben der Kirche</cmt>
		<desc>Doberlug-Kirchhain, Nexdorf; Ortslage -Gemeindezentrum-Feuerwehr neben der Kirche</desc>
		<src>LB Forst Brandenburg</src>
	</wpt>
	<wpt lat="51.646354719710182" lon="13.38768480197956">
		<name>1868</name>
		<cmt>Doberlug-Kirchhain, Buchhain; L 60, Ortslage, Bushaltestelle-Feuerwehr</cmt>
		<desc>Doberlug-Kirchhain, Buchhain; L 60, Ortslage, Bushaltestelle-Feuerwehr</desc>
		<src>LB Forst Brandenburg</src>
	</wpt>
	<wpt lat="51.660539977444245" lon="13.281702460591529">
		<name>1871</name>
		<cmt>Herzberg, Friedrichluga; Bushaltestell Friedrichluga an der B 101, Abfahrt Friedrichluga</cmt>
		<desc>Herzberg, Friedrichluga; Bushaltestell Friedrichluga an der B 101, Abfahrt Friedrichluga</desc>
		<src>LB Forst Brandenburg</src>
	</wpt>
	<wpt lat="51.681077941226263" lon="13.30199605271417">
		<name>1872</name>
		<cmt>Herzberg, Osteroda; Ortslage, Abzweig Richtung Redlin-Gaststätte</cmt>
		<desc>Herzberg, Osteroda; Ortslage, Abzweig Richtung Redlin-Gaststätte</desc>
		<src>LB Forst Brandenburg</src>
	</wpt>
	<wpt lat="52.38846622138351" lon="13.570521528992838">
		<name>1211</name>
		<cmt>Schönefeld, Waltersdorf; L 400, Richtung Bohnsdorf , ca. 100m vor der Stadtgrenze zu Berlin</cmt>
		<desc>Schönefeld, Waltersdorf; L 400, Richtung Bohnsdorf , ca. 100m vor der Stadtgrenze zu Berlin</desc>
		<src>LB Forst Brandenburg</src>
	</wpt>
	<wpt lat="52.149391098947156" lon="12.846476329416285">
		<name>2124</name>
		<cmt>Schlalach; L 851, An der alten Schule</cmt>
		<desc>Schlalach; L 851, An der alten Schule</desc>
		<src>LB Forst Brandenburg</src>
	</wpt>
	<wpt lat="52.11100791824672" lon="14.501679355226342">
		<name>2588</name>
		<cmt>Schlaubetal, Kieselwitz; K 6709, Bushaltestelle Kieselwitz</cmt>
		<desc>Schlaubetal, Kieselwitz; K 6709, Bushaltestelle Kieselwitz</desc>
		<src>LB Forst Brandenburg</src>
	</wpt>
	<wpt lat="51.638878750893888" lon="13.171608385102965">
		<name>1870</name>
		<cmt>Herzberg; Parkplatz Kreuzung an der B87 Richtung Züllsdorf, Fermerswalder Bahnhof</cmt>
		<desc>Herzberg; Parkplatz Kreuzung an der B87 Richtung Züllsdorf, Fermerswalder Bahnhof</desc>
		<src>LB Forst Brandenburg</src>
	</wpt>
	<wpt lat="51.641867993764002" lon="13.262099516517448">
		<name>1869</name>
		<cmt>Falkenberg,Kleinrössen; Kleirössen an der Buswendeschleife</cmt>
		<desc>Falkenberg,Kleinrössen; Kleirössen an der Buswendeschleife</desc>
		<src>LB Forst Brandenburg</src>
	</wpt>
	<wpt lat="52.508050941355144" lon="12.21617601588984">
		<name>2183</name>
		<cmt>Zollchow, Galm; Gasthof "Zur Linde"</cmt>
		<desc>Zollchow, Galm; Gasthof "Zur Linde"</desc>
		<src>LB Forst Brandenburg</src>
	</wpt>
	<wpt lat="52.289215571857717" lon="12.605037846479521">
		<name>2292</name>
		<cmt>Golzow, Pernitz; Lehniner Weg beim Hängerbau Gutsche</cmt>
		<desc>Golzow, Pernitz; Lehniner Weg beim Hängerbau Gutsche</desc>
		<src>LB Forst Brandenburg</src>
	</wpt>
	<wpt lat="51.796924867987791" lon="13.625770627902085">
		<name>2333</name>
		<cmt>Gehren; L562 Ortsverbindungsstraße Walddrehna-Gehren, Schwarze Brücke</cmt>
		<desc>Gehren; L562 Ortsverbindungsstraße Walddrehna-Gehren, Schwarze Brücke</desc>
		<src>LB Forst Brandenburg</src>
	</wpt>
	<wpt lat="52.289262641926477" lon="12.594154735019803">
		<name>2291</name>
		<cmt>Golzow; Ortsausgang Golzow Richtung Grüneiche große Kreuzung</cmt>
		<desc>Golzow; Ortsausgang Golzow Richtung Grüneiche große Kreuzung</desc>
		<src>LB Forst Brandenburg</src>
	</wpt>
	<wpt lat="52.281629014639535" lon="12.542868432994968">
		<name>2278</name>
		<cmt>Golzow; Ortsausgang Lucksfleiß Kreuzung</cmt>
		<desc>Golzow; Ortsausgang Lucksfleiß Kreuzung</desc>
		<src>LB Forst Brandenburg</src>
	</wpt>
	<wpt lat="52.30414962919766" lon="12.606011610113548">
		<name>2084</name>
		<cmt>Golzow, Pernitz; B102 zwischen Golzow und Rotscherlinde an der Abfahrt zu den Windrädern</cmt>
		<desc>Golzow, Pernitz; B102 zwischen Golzow und Rotscherlinde an der Abfahrt zu den Windrädern</desc>
		<src>LB Forst Brandenburg</src>
	</wpt>
	<wpt lat="51.777720002907316" lon="13.603050209449464">
		<name>2334</name>
		<cmt>Walddrehna, Pilzheide; Abzweig Straße nach Neusorgefeld</cmt>
		<desc>Walddrehna, Pilzheide; Abzweig Straße nach Neusorgefeld</desc>
		<src>LB Forst Brandenburg</src>
	</wpt>
	<wpt lat="52.323068511489303" lon="12.568044531990681">
		<name>2154</name>
		<cmt>Kloster Lehnin, Krahne; Krahner Hauptstraße, Gasthof"Rittergut Krahne"</cmt>
		<desc>Kloster Lehnin, Krahne; Krahner Hauptstraße, Gasthof"Rittergut Krahne"</desc>
		<src>LB Forst Brandenburg</src>
	</wpt>
	<wpt lat="52.332962862834123" lon="12.603913653135949">
		<name>2153</name>
		<cmt>Krahne, Rotscherlinde; B102 ,Parkpl. Gegenüber Beyer Erdbau</cmt>
		<desc>Krahne, Rotscherlinde; B102 ,Parkpl. Gegenüber Beyer Erdbau</desc>
		<src>LB Forst Brandenburg</src>
	</wpt>
	<wpt lat="52.258082782009453" lon="12.598795215094635">
		<name>2272</name>
		<cmt>Golzow, Müggenburg; B 102, Abfahrt Müggenburg</cmt>
		<desc>Golzow, Müggenburg; B 102, Abfahrt Müggenburg</desc>
		<src>LB Forst Brandenburg</src>
	</wpt>
	<wpt lat="51.806098494726463" lon="13.553656090556695">
		<name>2337</name>
		<cmt>Heideblick, Neusorgefeld; B87, Abzweig Neusorgefeld</cmt>
		<desc>Heideblick, Neusorgefeld; B87, Abzweig Neusorgefeld</desc>
		<src>LB Forst Brandenburg</src>
	</wpt>
	<wpt lat="53.075995422793575" lon="11.96889936982622">
		<name>1544</name>
		<cmt>Plattenburg, Groß Gottschow; Groß Gottschow Am Friedhof</cmt>
		<desc>Plattenburg, Groß Gottschow; Groß Gottschow Am Friedhof</desc>
		<src>LB Forst Brandenburg</src>
	</wpt>
	<wpt lat="52.324938933764557" lon="14.023216417479089">
		<name>1258</name>
		<cmt>Spreenhagen, Rauen; Rosenbaumplatz, Saarower Straße</cmt>
		<desc>Spreenhagen, Rauen; Rosenbaumplatz, Saarower Straße</desc>
		<src>LB Forst Brandenburg</src>
	</wpt>
	<wpt lat="51.774885031651415" lon="13.636719907163771">
		<name>1887</name>
		<cmt>Walddrehna, Saugatter; Walddrehna L561 Richtung B96, Saugatter</cmt>
		<desc>Walddrehna, Saugatter; Walddrehna L561 Richtung B96, Saugatter</desc>
		<src>LB Forst Brandenburg</src>
	</wpt>
	<wpt lat="51.913877968023094" lon="14.572322040765814">
		<name>2431</name>
		<cmt>Schenkendöbern, Grabko; Friedhof</cmt>
		<desc>Schenkendöbern, Grabko; Friedhof</desc>
		<src>LB Forst Brandenburg</src>
	</wpt>
	<wpt lat="51.756459652295185" lon="13.681178933708759">
		<name>1883</name>
		<cmt>Weißack; Kreuzung B96 - L561 / Weißack</cmt>
		<desc>Weißack; Kreuzung B96 - L561 / Weißack</desc>
		<src>LB Forst Brandenburg</src>
	</wpt>
	<wpt lat="51.786000921017802" lon="13.688756929618165">
		<name>1888</name>
		<cmt>Bornsdorf, Teiche; B 96 Zufahrt Campingplatz</cmt>
		<desc>Bornsdorf, Teiche; B 96 Zufahrt Campingplatz</desc>
		<src>LB Forst Brandenburg</src>
	</wpt>
	<wpt lat="52.214465315887871" lon="14.556612052667111">
		<name>2635</name>
		<cmt>Rautenkranz; am Oder-Spree-Kanal, Kreuzung an der Kanalbrücke</cmt>
		<desc>Rautenkranz; am Oder-Spree-Kanal, Kreuzung an der Kanalbrücke</desc>
		<src>LB Forst Brandenburg</src>
	</wpt>
	<wpt lat="52.568300201791793" lon="12.203276709375839">
		<name>2017</name>
		<cmt>Milower Land, Zollchow; L 97 Abzweig Plattenweg Forsthaus Hohenheide</cmt>
		<desc>Milower Land, Zollchow; L 97 Abzweig Plattenweg Forsthaus Hohenheide</desc>
		<src>LB Forst Brandenburg</src>
	</wpt>
	<wpt lat="51.853885175550239" lon="14.503934586933726">
		<name>2552</name>
		<cmt>Jänschwalde; Am Forsthaus, Straße Radewiese-Jänschwalde</cmt>
		<desc>Jänschwalde; Am Forsthaus, Straße Radewiese-Jänschwalde</desc>
		<src>LB Forst Brandenburg</src>
	</wpt>
	<wpt lat="52.563975081110854" lon="12.278950702742906">
		<name>2018</name>
		<cmt>Rathenow,Böhne; Böhner Schäferei</cmt>
		<desc>Rathenow,Böhne; Böhner Schäferei</desc>
		<src>LB Forst Brandenburg</src>
	</wpt>
	<wpt lat="52.19207809723369" lon="14.59537325885298">
		<name>2663</name>
		<cmt>Siehdichum, Pohlitz; Dorfstraße an der L371( Hubschrauberlandeplatz) am Flugplatz</cmt>
		<desc>Siehdichum, Pohlitz; Dorfstraße an der L371( Hubschrauberlandeplatz) am Flugplatz</desc>
		<src>LB Forst Brandenburg</src>
	</wpt>
	<wpt lat="52.171855557817295" lon="14.537255411741397">
		<name>2653</name>
		<cmt>Siehdichum, Rießen; Grubenweg zur Grube Puck ; Grünlandfläche</cmt>
		<desc>Siehdichum, Rießen; Grubenweg zur Grube Puck ; Grünlandfläche</desc>
		<src>LB Forst Brandenburg</src>
	</wpt>
	<wpt lat="51.879627171845371" lon="14.521742981250691">
		<name>2553</name>
		<cmt>Jänschwalde, Drewitz; Flugplatz Drewitz</cmt>
		<desc>Jänschwalde, Drewitz; Flugplatz Drewitz</desc>
		<src>LB Forst Brandenburg</src>
	</wpt>
	<wpt lat="52.184096717304108" lon="14.578095017886239">
		<name>2581</name>
		<cmt>Siehdichum, Pohlitz; L37 , Ortsmitte-Abzweig Wasserwerk (Gasthof Krüger)</cmt>
		<desc>Siehdichum, Pohlitz; L37 , Ortsmitte-Abzweig Wasserwerk (Gasthof Krüger)</desc>
		<src>LB Forst Brandenburg</src>
	</wpt>
	<wpt lat="52.162687801449565" lon="14.557226113210316">
		<name>2628</name>
		<cmt>Schlaubetal, Fünfeichen; Gemeindestraße zum Forsthaus Schierenberg</cmt>
		<desc>Schlaubetal, Fünfeichen; Gemeindestraße zum Forsthaus Schierenberg</desc>
		<src>LB Forst Brandenburg</src>
	</wpt>
	<wpt lat="52.148325149731178" lon="14.568160967750391">
		<name>2584</name>
		<cmt>Fünfeichen, Schierenberg; B246, Einfahrt Forellenhof, Forsthaus Schierenberg</cmt>
		<desc>Fünfeichen, Schierenberg; B246, Einfahrt Forellenhof, Forsthaus Schierenberg</desc>
		<src>LB Forst Brandenburg</src>
	</wpt>
	<wpt lat="52.133409127622478" lon="14.567678163556399">
		<name>2598</name>
		<cmt>Schlaubetal, Fünfeichen; Kreisstraße K6708; Ortsverbindungsstraße Fünfeichen Diehlo</cmt>
		<desc>Schlaubetal, Fünfeichen; Kreisstraße K6708; Ortsverbindungsstraße Fünfeichen Diehlo</desc>
		<src>LB Forst Brandenburg</src>
	</wpt>
	<wpt lat="52.198400420906204" lon="14.541891821278941">
		<name>2636</name>
		<cmt>Siehdichum, Rießen; Rautenkranzer Weg;am Sportplatz</cmt>
		<desc>Siehdichum, Rießen; Rautenkranzer Weg;am Sportplatz</desc>
		<src>LB Forst Brandenburg</src>
	</wpt>
	<wpt lat="52.208587128443853" lon="14.497452421625905">
		<name>2638</name>
		<cmt>Siehdichum, Rießen; am Blockweg an den Rotfließ Teichen</cmt>
		<desc>Siehdichum, Rießen; am Blockweg an den Rotfließ Teichen</desc>
		<src>LB Forst Brandenburg</src>
	</wpt>
	<wpt lat="52.76448930817233" lon="13.306887873663939">
		<name>1953</name>
		<cmt>Oranienburg, Schmachtenhagen; B273  Richtung Oranienburg,  Abzweig Massengräber Parkplatz</cmt>
		<desc>Oranienburg, Schmachtenhagen; B273  Richtung Oranienburg,  Abzweig Massengräber Parkplatz</desc>
		<src>LB Forst Brandenburg</src>
	</wpt>
	<wpt lat="52.747939928359244" lon="13.348041414592403">
		<name>2786</name>
		<cmt>Oranienburg, Schmachtenhagen Ost; Berliner Weg Ecke Lehnitzstraße südliche Waldzufahrt am Ende Bebauung</cmt>
		<desc>Oranienburg, Schmachtenhagen Ost; Berliner Weg Ecke Lehnitzstraße südliche Waldzufahrt am Ende Bebauung</desc>
		<src>LB Forst Brandenburg</src>
	</wpt>
	<wpt lat="52.786658422978988" lon="13.319539580881955">
		<name>1955</name>
		<cmt>Oranienburg, Schmachtenhagen; Verbindungsstraße Schmachtenhagen-Bernöwe, Waldparkplatz 1000 m linksseitig hinter Ortsausgang</cmt>
		<desc>Oranienburg, Schmachtenhagen; Verbindungsstraße Schmachtenhagen-Bernöwe, Waldparkplatz 1000 m linksseitig hinter Ortsausgang</desc>
		<src>LB Forst Brandenburg</src>
	</wpt>
	<wpt lat="52.787454933998049" lon="13.266966238618222">
		<name>1956</name>
		<cmt>Oranienburg, Friedrichsthal; K6507 Friedrichsthaler Chaussee, Kreuzung Wilhelmstraße, östliche Waldeinfahrt am Ortseingang</cmt>
		<desc>Oranienburg, Friedrichsthal; K6507 Friedrichsthaler Chaussee, Kreuzung Wilhelmstraße, östliche Waldeinfahrt am Ortseingang</desc>
		<src>LB Forst Brandenburg</src>
	</wpt>
	<wpt lat="52.781389853620972" lon="13.240118141289683">
		<name>2576</name>
		<cmt>Oranienburg, Sachsenhausen; B96 Granseer Straße in Richtung Nassenheide, Ortsausgang - Feuerwachturm</cmt>
		<desc>Oranienburg, Sachsenhausen; B96 Granseer Straße in Richtung Nassenheide, Ortsausgang - Feuerwachturm</desc>
		<src>LB Forst Brandenburg</src>
	</wpt>
	<wpt lat="52.793076773542779" lon="13.225674976819516">
		<name>2575</name>
		<cmt>Oranienburg, Sachsenhausen; B96,  Abzweig L191 in Richtung Teerofen, Waldeinfahrt südlich</cmt>
		<desc>Oranienburg, Sachsenhausen; B96,  Abzweig L191 in Richtung Teerofen, Waldeinfahrt südlich</desc>
		<src>LB Forst Brandenburg</src>
	</wpt>
	<wpt lat="52.832704768426041" lon="13.301043720465529">
		<name>1975</name>
		<cmt>Liebenwalde, Freienhagen; L 213 Hochspannungsleitung, Waldeinfahrt südlich</cmt>
		<desc>Liebenwalde, Freienhagen; L 213 Hochspannungsleitung, Waldeinfahrt südlich</desc>
		<src>LB Forst Brandenburg</src>
	</wpt>
	<wpt lat="52.806032056694875" lon="13.292204789511096">
		<name>1964</name>
		<cmt>Oranienburg, Malz; Freienhagener Straße, Ortsausgang Richtung Freienhagen -Sportplatz rechte Seite Waldanfang</cmt>
		<desc>Oranienburg, Malz; Freienhagener Straße, Ortsausgang Richtung Freienhagen -Sportplatz rechte Seite Waldanfang</desc>
		<src>LB Forst Brandenburg</src>
	</wpt>
	<wpt lat="52.814367696725078" lon="13.337581849700952">
		<name>1961</name>
		<cmt>Oranienburg, Bernöwe; Bernöwer Straße / Dorfstraße, Kreuzung Wittenberger Straße, alte Feuerwehr</cmt>
		<desc>Oranienburg, Bernöwe; Bernöwer Straße / Dorfstraße, Kreuzung Wittenberger Straße, alte Feuerwehr</desc>
		<src>LB Forst Brandenburg</src>
	</wpt>
	<wpt lat="52.845412198116165" lon="13.327745323285285">
		<name>1968</name>
		<cmt>Oranienburg; L213 Nassenheider Chaussee, Abzweig Neuholländer Weg</cmt>
		<desc>Oranienburg; L213 Nassenheider Chaussee, Abzweig Neuholländer Weg</desc>
		<src>LB Forst Brandenburg</src>
	</wpt>
	<wpt lat="52.839627540065344" lon="13.406426776122721">
		<name>1845</name>
		<cmt>Liebenwalde, Kreuzbruch; L21 Berliner Chaussee, Abzweig Radweg südlich vom Oder-Havel-Kanal</cmt>
		<desc>Liebenwalde, Kreuzbruch; L21 Berliner Chaussee, Abzweig Radweg südlich vom Oder-Havel-Kanal</desc>
		<src>LB Forst Brandenburg</src>
	</wpt>
	<wpt lat="52.822069438402551" lon="13.498447777652474">
		<name>1966</name>
		<cmt>Wandlitz, Klosterfelde; B109 Klosterfelder Chaussee 21, Försterei Lottsche, südliche Waldzufahrt</cmt>
		<desc>Wandlitz, Klosterfelde; B109 Klosterfelder Chaussee 21, Försterei Lottsche, südliche Waldzufahrt</desc>
		<src>LB Forst Brandenburg</src>
	</wpt>
	<wpt lat="52.876564130646457" lon="13.473783829579634">
		<name>1712</name>
		<cmt>Liebenwalde, Hammer; B 167 Hammer Richtung Zerpenschleuse, Waldanfang rechte Seite</cmt>
		<desc>Liebenwalde, Hammer; B 167 Hammer Richtung Zerpenschleuse, Waldanfang rechte Seite</desc>
		<src>LB Forst Brandenburg</src>
	</wpt>
	<wpt lat="52.906778368090606" lon="13.389689309353463">
		<name>1971</name>
		<cmt>Liebenwalde, Höpen; L21 Zehdenicker Chaussee, Richtung Zehdenick - Abzweig Prötzeweg</cmt>
		<desc>Liebenwalde, Höpen; L21 Zehdenicker Chaussee, Richtung Zehdenick - Abzweig Prötzeweg</desc>
		<src>LB Forst Brandenburg</src>
	</wpt>
	<wpt lat="52.883997909934727" lon="13.396218507649325">
		<name>1959</name>
		<cmt>Liebenwalde, Heidchen; L 21 Zehdenicker Chaussee, Waldeinfahrt westlich am Findling</cmt>
		<desc>Liebenwalde, Heidchen; L 21 Zehdenicker Chaussee, Waldeinfahrt westlich am Findling</desc>
		<src>LB Forst Brandenburg</src>
	</wpt>
	<wpt lat="52.869139529587109" lon="13.383398055504395">
		<name>1960</name>
		<cmt>Liebenwalde, Liebenwalde; B167 Ortsausgang Richtung Löwenberg, Abzweig Thürenweg links hinter Kanalbrücke</cmt>
		<desc>Liebenwalde, Liebenwalde; B167 Ortsausgang Richtung Löwenberg, Abzweig Thürenweg links hinter Kanalbrücke</desc>
		<src>LB Forst Brandenburg</src>
	</wpt>
	<wpt lat="52.242070087654376" lon="12.563665655486576">
		<name>2265</name>
		<cmt>Bad Belzig, Ragösen; Bullenberg Forststrasse 9 altes Forsthaus</cmt>
		<desc>Bad Belzig, Ragösen; Bullenberg Forststrasse 9 altes Forsthaus</desc>
		<src>LB Forst Brandenburg</src>
	</wpt>
	<wpt lat="52.238680734213048" lon="12.531752012536732">
		<name>2173</name>
		<cmt>Belzig, Klein Briesen; L941, 1 km Richtung Ragösen, Kurve im Waldgebiet (Einweiser)</cmt>
		<desc>Belzig, Klein Briesen; L941, 1 km Richtung Ragösen, Kurve im Waldgebiet (Einweiser)</desc>
		<src>LB Forst Brandenburg</src>
	</wpt>
	<wpt lat="52.951556511178879" lon="12.853410461620619">
		<name>2042</name>
		<cmt>Alt Ruppin; B122, Ortsausfahrt Richtung Dierberg am Stadion Alt Ruppin</cmt>
		<desc>Alt Ruppin; B122, Ortsausfahrt Richtung Dierberg am Stadion Alt Ruppin</desc>
		<src>LB Forst Brandenburg</src>
	</wpt>
	<wpt lat="51.718957369887164" lon="13.942395902950176">
		<name>1809</name>
		<cmt>Calau, Werchow Cabel; Ortslage Cabel Bushaltestelle</cmt>
		<desc>Calau, Werchow Cabel; Ortslage Cabel Bushaltestelle</desc>
		<src>LB Forst Brandenburg</src>
	</wpt>
	<wpt lat="52.25337676115273" lon="12.542585063479949">
		<name>2273</name>
		<cmt>Bad Belzig, Ragösen; Ortsverbindung Ragösen Wollin Kreuzung Gemarkungsgrenze Ragösen Groß Briesen</cmt>
		<desc>Bad Belzig, Ragösen; Ortsverbindung Ragösen Wollin Kreuzung Gemarkungsgrenze Ragösen Groß Briesen</desc>
		<src>LB Forst Brandenburg</src>
	</wpt>
	<wpt lat="52.253145840666718" lon="12.457110114945209">
		<name>2156</name>
		<cmt>Wollin; L 941 von Ragösen nach Groß Briesen, Feuerwachturm</cmt>
		<desc>Wollin; L 941 von Ragösen nach Groß Briesen, Feuerwachturm</desc>
		<src>LB Forst Brandenburg</src>
	</wpt>
	<wpt lat="52.258726203837305" lon="12.43643155481972">
		<name>2480</name>
		<cmt>Wollin, Friesdorf; Altes Sägewerk</cmt>
		<desc>Wollin, Friesdorf; Altes Sägewerk</desc>
		<src>LB Forst Brandenburg</src>
	</wpt>
	<wpt lat="51.761303856530667" lon="13.856890894548823">
		<name>2366</name>
		<cmt>Mallenchen; Am Schloß, Feuerwehr</cmt>
		<desc>Mallenchen; Am Schloß, Feuerwehr</desc>
		<src>LB Forst Brandenburg</src>
	</wpt>
	<wpt lat="51.718595519034785" lon="13.82435942184501">
		<name>2370</name>
		<cmt>Schrakau; K 6634  Radensdorf Richtung Radensdorf, Bushaltestelle</cmt>
		<desc>Schrakau; K 6634  Radensdorf Richtung Radensdorf, Bushaltestelle</desc>
		<src>LB Forst Brandenburg</src>
	</wpt>
	<wpt lat="52.276189224284487" lon="12.459764131592957">
		<name>2157</name>
		<cmt>Wollin; Schule Wollin</cmt>
		<desc>Wollin; Schule Wollin</desc>
		<src>LB Forst Brandenburg</src>
	</wpt>
	<wpt lat="51.633270540048045" lon="14.02193982529214">
		<name>1802</name>
		<cmt>Altdöbern, Chransdorf; Chransdorf Nr. 2, Dienstgebäude Revierförsterei</cmt>
		<desc>Altdöbern, Chransdorf; Chransdorf Nr. 2, Dienstgebäude Revierförsterei</desc>
		<src>LB Forst Brandenburg</src>
	</wpt>
	<wpt lat="52.282350715307288" lon="12.490044392203254">
		<name>2281</name>
		<cmt>Wollin, Brückermark; Ortseingang Brückermark</cmt>
		<desc>Wollin, Brückermark; Ortseingang Brückermark</desc>
		<src>LB Forst Brandenburg</src>
	</wpt>
	<wpt lat="52.269887148377727" lon="12.492272197120796">
		<name>2276</name>
		<cmt>Wollin; Waldstrasse, Ortsverbindung Wollin Ragösen</cmt>
		<desc>Wollin; Waldstrasse, Ortsverbindung Wollin Ragösen</desc>
		<src>LB Forst Brandenburg</src>
	</wpt>
	<wpt lat="51.692199790636451" lon="14.005136040375687">
		<name>1806</name>
		<cmt>Luckaitzta, OT Buchwäldchen; Dorfstraße , Feuerwehr</cmt>
		<desc>Luckaitzta, OT Buchwäldchen; Dorfstraße , Feuerwehr</desc>
		<src>LB Forst Brandenburg</src>
	</wpt>
	<wpt lat="52.380811284625558" lon="13.015921992265461">
		<name>2199</name>
		<cmt>Potsdam, Wildpark; Forststraße, Parkplatz Ecke Zeppelinstraße</cmt>
		<desc>Potsdam, Wildpark; Forststraße, Parkplatz Ecke Zeppelinstraße</desc>
		<src>LB Forst Brandenburg</src>
	</wpt>
	<wpt lat="51.909409271517362" lon="14.627700535769014">
		<name>2432</name>
		<cmt>Schenkendöbern, Kerkwitz; L 46 Kerkwitz Bahnübergang</cmt>
		<desc>Schenkendöbern, Kerkwitz; L 46 Kerkwitz Bahnübergang</desc>
		<src>LB Forst Brandenburg</src>
	</wpt>
	<wpt lat="52.384121989550849" lon="13.752024614893719">
		<name>1221</name>
		<cmt>Neu Zittau; Einfahrt FriedersdorferStraße</cmt>
		<desc>Neu Zittau; Einfahrt FriedersdorferStraße</desc>
		<src>LB Forst Brandenburg</src>
	</wpt>
	<wpt lat="52.323815410295047" lon="13.900228341006294">
		<name>1088</name>
		<cmt>Spreenhagen, Spreenhagen; L23 Storkower Str.,an der  ESSO-Tankstelle</cmt>
		<desc>Spreenhagen, Spreenhagen; L23 Storkower Str.,an der  ESSO-Tankstelle</desc>
		<src>LB Forst Brandenburg</src>
	</wpt>
	<wpt lat="52.311360808070475" lon="13.899088080750985">
		<name>1090</name>
		<cmt>Spreenhagen, Neu Stahnsdorf; L23, Abzweig Alt-Stahnsdorf erstes Haus (Nähe südl. Autobahnabfahrt Storkow, Forsthaus Dickdamm)</cmt>
		<desc>Spreenhagen, Neu Stahnsdorf; L23, Abzweig Alt-Stahnsdorf erstes Haus (Nähe südl. Autobahnabfahrt Storkow, Forsthaus Dickdamm)</desc>
		<src>LB Forst Brandenburg</src>
	</wpt>
	<wpt lat="52.306374603069514" lon="13.943688000740297">
		<name>1091</name>
		<cmt>Spreenhagen, Lebbin; Lebbiner Str., 1 km Richtung Markgrafpieske Feldkante vor Autobahnunterführung</cmt>
		<desc>Spreenhagen, Lebbin; Lebbiner Str., 1 km Richtung Markgrafpieske Feldkante vor Autobahnunterführung</desc>
		<src>LB Forst Brandenburg</src>
	</wpt>
	<wpt lat="52.324856160601811" lon="13.961093511139316">
		<name>2777</name>
		<cmt>Spreenhagen, Markgrafpieske; Altonaerstraße,ABZWEIG RAUENERSTRAẞE ;WALDEINGANG</cmt>
		<desc>Spreenhagen, Markgrafpieske; Altonaerstraße,ABZWEIG RAUENERSTRAẞE ;WALDEINGANG</desc>
		<src>LB Forst Brandenburg</src>
	</wpt>
	<wpt lat="52.097653961844891" lon="12.429496534243084">
		<name>2311</name>
		<cmt>Wiesenburg; Revierförsterei, Am Bahnhof 30</cmt>
		<desc>Wiesenburg; Revierförsterei, Am Bahnhof 30</desc>
		<src>LB Forst Brandenburg</src>
	</wpt>
	<wpt lat="51.823021338219242" lon="13.890785969198216">
		<name>2368</name>
		<cmt>Lichtenau; Kastanienweg am Lichtenauer See</cmt>
		<desc>Lichtenau; Kastanienweg am Lichtenauer See</desc>
		<src>LB Forst Brandenburg</src>
	</wpt>
	<wpt lat="51.683526744244368" lon="14.080239463047507">
		<name>1810</name>
		<cmt>Altdöbern, Reddern; Hauptstraße 21, Bushaltestelle</cmt>
		<desc>Altdöbern, Reddern; Hauptstraße 21, Bushaltestelle</desc>
		<src>LB Forst Brandenburg</src>
	</wpt>
	<wpt lat="51.556697386755637" lon="14.134522612891049">
		<name>1841</name>
		<cmt>Neu Seenland, Lieske; Ortslage  Kirche / Friedhof</cmt>
		<desc>Neu Seenland, Lieske; Ortslage  Kirche / Friedhof</desc>
		<src>LB Forst Brandenburg</src>
	</wpt>
	<wpt lat="52.684401492007915" lon="12.542205312590006">
		<name>1582</name>
		<cmt>Kleßen-Görne, Görne; Abfahrt Richtung Görne /B188</cmt>
		<desc>Kleßen-Görne, Görne; Abfahrt Richtung Görne /B188</desc>
		<src>LB Forst Brandenburg</src>
	</wpt>
	<wpt lat="51.84967589337937" lon="13.534228662490126">
		<name>2376</name>
		<cmt>Dahme, Kemlitz; B102, Ortsausgang Richtung Luckau</cmt>
		<desc>Dahme, Kemlitz; B102, Ortsausgang Richtung Luckau</desc>
		<src>LB Forst Brandenburg</src>
	</wpt>
	<wpt lat="51.814973945053204" lon="13.450697866242402">
		<name>2378</name>
		<cmt>Dahme, Schöna; Dorfstr., Kirche</cmt>
		<desc>Dahme, Schöna; Dorfstr., Kirche</desc>
		<src>LB Forst Brandenburg</src>
	</wpt>
	<wpt lat="51.877766644538248" lon="14.625110355706349">
		<name>2437</name>
		<cmt>Schenkendöbern, Groß Gastrose; östlich Ortseingang Taubendorf Nähe B 112</cmt>
		<desc>Schenkendöbern, Groß Gastrose; östlich Ortseingang Taubendorf Nähe B 112</desc>
		<src>LB Forst Brandenburg</src>
	</wpt>
	<wpt lat="51.716901651154799" lon="14.336368974698413">
		<name>2463</name>
		<cmt>Cottbus, Groß Gaglow; Gaglower Landstraße, Autohaus Schulze</cmt>
		<desc>Cottbus, Groß Gaglow; Gaglower Landstraße, Autohaus Schulze</desc>
		<src>LB Forst Brandenburg</src>
	</wpt>
	<wpt lat="52.185999112279092" lon="14.047315646980641">
		<name>1110</name>
		<cmt>Behrensdorf; L422 Dorfstraße, Abzweig Möllendorfer Weg</cmt>
		<desc>Behrensdorf; L422 Dorfstraße, Abzweig Möllendorfer Weg</desc>
		<src>LB Forst Brandenburg</src>
	</wpt>
	<wpt lat="52.723604248504287" lon="12.494142250361071">
		<name>1608</name>
		<cmt>Görne, Dickte; Infotafel  Dickte</cmt>
		<desc>Görne, Dickte; Infotafel  Dickte</desc>
		<src>LB Forst Brandenburg</src>
	</wpt>
	<wpt lat="53.096981326507816" lon="12.047497740526335">
		<name>1557</name>
		<cmt>Groß Pankow, Guhlsdorf; L103 Guhlsdorf Richtung Groß Pankow</cmt>
		<desc>Groß Pankow, Guhlsdorf; L103 Guhlsdorf Richtung Groß Pankow</desc>
		<src>LB Forst Brandenburg</src>
	</wpt>
	<wpt lat="51.629774273982591" lon="13.946226873260807">
		<name>1803</name>
		<cmt>Altdöbern, Waldfrieden; Waldfrieden 2, Revierförsterei</cmt>
		<desc>Altdöbern, Waldfrieden; Waldfrieden 2, Revierförsterei</desc>
		<src>LB Forst Brandenburg</src>
	</wpt>
	<wpt lat="52.705014704677623" lon="12.521344558994171">
		<name>1605</name>
		<cmt>Görne; Feuerwehrdepot  Görne</cmt>
		<desc>Görne; Feuerwehrdepot  Görne</desc>
		<src>LB Forst Brandenburg</src>
	</wpt>
	<wpt lat="52.677120870610736" lon="12.596763266647853">
		<name>1583</name>
		<cmt>Mühlenberge, Haage; Feuerwehrdepot  Haage</cmt>
		<desc>Mühlenberge, Haage; Feuerwehrdepot  Haage</desc>
		<src>LB Forst Brandenburg</src>
	</wpt>
	<wpt lat="52.673274934338608" lon="12.640481577727025">
		<name>1588</name>
		<cmt>Mühlenberge, Wagenitz; Feuerwehrdepot  Wagenitz</cmt>
		<desc>Mühlenberge, Wagenitz; Feuerwehrdepot  Wagenitz</desc>
		<src>LB Forst Brandenburg</src>
	</wpt>
	<wpt lat="52.662256340528174" lon="12.54034624782703">
		<name>1584</name>
		<cmt>Kotzen, Landin; Feuerwehrdepot  Landin</cmt>
		<desc>Kotzen, Landin; Feuerwehrdepot  Landin</desc>
		<src>LB Forst Brandenburg</src>
	</wpt>
	<wpt lat="52.653428561898181" lon="12.553580943981796">
		<name>1601</name>
		<cmt>Kotzen, Kriele; Feuerwehrhaus Kriele</cmt>
		<desc>Kotzen, Kriele; Feuerwehrhaus Kriele</desc>
		<src>LB Forst Brandenburg</src>
	</wpt>
	<wpt lat="53.24269362032814" lon="12.423568709647251">
		<name>1568</name>
		<cmt>Wittstock/Dosse, Wulfersdorf; Kirche, Dorfstr.57</cmt>
		<desc>Wittstock/Dosse, Wulfersdorf; Kirche, Dorfstr.57</desc>
		<src>LB Forst Brandenburg</src>
	</wpt>
	<wpt lat="51.604772715898584" lon="14.128791207803387">
		<name>1800</name>
		<cmt>Neu Seenland, Lindchen; B 169 Lindchen Ortslage,  Bauernhof Laden</cmt>
		<desc>Neu Seenland, Lindchen; B 169 Lindchen Ortslage,  Bauernhof Laden</desc>
		<src>LB Forst Brandenburg</src>
	</wpt>
	<wpt lat="51.668044337665258" lon="13.915148343615762">
		<name>1807</name>
		<cmt>Bronkow; Bauernküche Landboden Bronkow GmbH</cmt>
		<desc>Bronkow; Bauernküche Landboden Bronkow GmbH</desc>
		<src>LB Forst Brandenburg</src>
	</wpt>
	<wpt lat="51.72955430551206" lon="14.019864573209183">
		<name>2371</name>
		<cmt>Gahlen; Dorfstr. 5 , Revierförsterei</cmt>
		<desc>Gahlen; Dorfstr. 5 , Revierförsterei</desc>
		<src>LB Forst Brandenburg</src>
	</wpt>
	<wpt lat="53.112710406548338" lon="12.32563025343879">
		<name>1562</name>
		<cmt>Heiligengrabe, Hohe Heide; Hohe Heide 2</cmt>
		<desc>Heiligengrabe, Hohe Heide; Hohe Heide 2</desc>
		<src>LB Forst Brandenburg</src>
	</wpt>
	<wpt lat="51.794517321910419" lon="13.967333202646886">
		<name>2472</name>
		<cmt>Lübbenau, OT Bischdorf; Friedhof Bischdorf</cmt>
		<desc>Lübbenau, OT Bischdorf; Friedhof Bischdorf</desc>
		<src>LB Forst Brandenburg</src>
	</wpt>
	<wpt lat="51.984984860645746" lon="14.411377695876224">
		<name>2511</name>
		<cmt>Staakow; B 320, Ortsmitte</cmt>
		<desc>Staakow; B 320, Ortsmitte</desc>
		<src>LB Forst Brandenburg</src>
	</wpt>
	<wpt lat="51.940448258606516" lon="14.454376954433036">
		<name>2512</name>
		<cmt>Schönhöhe; K 7143, Ortseingang</cmt>
		<desc>Schönhöhe; K 7143, Ortseingang</desc>
		<src>LB Forst Brandenburg</src>
	</wpt>
	<wpt lat="51.873865677206652" lon="14.283049412705955">
		<name>2473</name>
		<cmt>Drachhausen-Fehrow; L 50, Drachhausen-Fehrow, Forsthaus links; Forsthaus</cmt>
		<desc>Drachhausen-Fehrow; L 50, Drachhausen-Fehrow, Forsthaus links; Forsthaus</desc>
		<src>LB Forst Brandenburg</src>
	</wpt>
	<wpt lat="53.22195953568221" lon="11.661802205167609">
		<name>1421</name>
		<cmt>Groß Warnow, Klein Warnow; Straße Reckenzin - GroßWarnow; Abzweig Kolonie</cmt>
		<desc>Groß Warnow, Klein Warnow; Straße Reckenzin - GroßWarnow; Abzweig Kolonie</desc>
		<src>LB Forst Brandenburg</src>
	</wpt>
	<wpt lat="51.934886642225145" lon="14.568179204777806">
		<name>2514</name>
		<cmt>Schenkendöbern, Bärenklau; Bärenklau,alte Schule</cmt>
		<desc>Schenkendöbern, Bärenklau; Bärenklau,alte Schule</desc>
		<src>LB Forst Brandenburg</src>
	</wpt>
	<wpt lat="51.813520794337279" lon="14.434588578513601">
		<name>2438</name>
		<cmt>Neuendorf; Neuendorf Auffahrt z. Hochkippe</cmt>
		<desc>Neuendorf; Neuendorf Auffahrt z. Hochkippe</desc>
		<src>LB Forst Brandenburg</src>
	</wpt>
	<wpt lat="51.841785904700714" lon="14.46668342423887">
		<name>2439</name>
		<cmt>Peitz; L 474 (Kraftwerksstr.) Abzweig n. Jänschwalde</cmt>
		<desc>Peitz; L 474 (Kraftwerksstr.) Abzweig n. Jänschwalde</desc>
		<src>LB Forst Brandenburg</src>
	</wpt>
	<wpt lat="52.786575379636815" lon="13.83916386334861">
		<name>1680</name>
		<cmt>Trampe; Ortseingang Trampe aus Eberswalde kommend</cmt>
		<desc>Trampe; Ortseingang Trampe aus Eberswalde kommend</desc>
		<src>LB Forst Brandenburg</src>
	</wpt>
	<wpt lat="53.162273766763725" lon="14.332903058854026">
		<name>1765</name>
		<cmt>Gartz (Oder), Friedrichsthal; B 2 Richtung Gartz, Abfahrt Friedrichsthal</cmt>
		<desc>Gartz (Oder), Friedrichsthal; B 2 Richtung Gartz, Abfahrt Friedrichsthal</desc>
		<src>LB Forst Brandenburg</src>
	</wpt>
	<wpt lat="53.119180604777121" lon="14.208320914069709">
		<name>1449</name>
		<cmt>Schwedt; Bahnübergang, Ölbahnhof - Heuweg</cmt>
		<desc>Schwedt; Bahnübergang, Ölbahnhof - Heuweg</desc>
		<src>LB Forst Brandenburg</src>
	</wpt>
	<wpt lat="51.756802676040564" lon="14.177667459764541">
		<name>2566</name>
		<cmt>Kolkwitz, Limberg; B 115 Limberg nach Eichow; hinter Limberg nach 800m rechts ein Sportplatz</cmt>
		<desc>Kolkwitz, Limberg; B 115 Limberg nach Eichow; hinter Limberg nach 800m rechts ein Sportplatz</desc>
		<src>LB Forst Brandenburg</src>
	</wpt>
	<wpt lat="51.766167652387132" lon="14.130246684267348">
		<name>2465</name>
		<cmt>Kolkwitz, Eichow; Gaststätte</cmt>
		<desc>Kolkwitz, Eichow; Gaststätte</desc>
		<src>LB Forst Brandenburg</src>
	</wpt>
	<wpt lat="51.727727358742825" lon="14.169862833223396">
		<name>2466</name>
		<cmt>Kolkwitz, Krieschow; Radweg Wiesendorf-Koselmühle; Forsthaus</cmt>
		<desc>Kolkwitz, Krieschow; Radweg Wiesendorf-Koselmühle; Forsthaus</desc>
		<src>LB Forst Brandenburg</src>
	</wpt>
	<wpt lat="51.808443134305215" lon="14.247081905029898">
		<name>2468</name>
		<cmt>Briesen; Gaststätte Spreewaldbahn</cmt>
		<desc>Briesen; Gaststätte Spreewaldbahn</desc>
		<src>LB Forst Brandenburg</src>
	</wpt>
	<wpt lat="51.798620030143454" lon="14.219752034005564">
		<name>2470</name>
		<cmt>Werben, Ruben; Bushaltestelle</cmt>
		<desc>Werben, Ruben; Bushaltestelle</desc>
		<src>LB Forst Brandenburg</src>
	</wpt>
	<wpt lat="51.734339796207159" lon="14.244573771735938">
		<name>2482</name>
		<cmt>Kolkwitz; Koschendorferstraße Richtung CO-Tec-Park; Fortshaus Kolkwitz</cmt>
		<desc>Kolkwitz; Koschendorferstraße Richtung CO-Tec-Park; Fortshaus Kolkwitz</desc>
		<src>LB Forst Brandenburg</src>
	</wpt>
	<wpt lat="51.727650437225215" lon="14.169941468414191">
		<name>2567</name>
		<cmt>Kolkwitz, Krieschow; Radweg Wiesendorf-Koselmühle, Forsthaus</cmt>
		<desc>Kolkwitz, Krieschow; Radweg Wiesendorf-Koselmühle, Forsthaus</desc>
		<src>LB Forst Brandenburg</src>
	</wpt>
	<wpt lat="53.068327393474753" lon="12.238423355330459">
		<name>1539</name>
		<cmt>Groß Pankow, Boddin; Feldweg Schönebeck -Boddin</cmt>
		<desc>Groß Pankow, Boddin; Feldweg Schönebeck -Boddin</desc>
		<src>LB Forst Brandenburg</src>
	</wpt>
	<wpt lat="53.164795469985101" lon="11.686725884174823">
		<name>1468</name>
		<cmt>Garlin, Dargardt; L13 Abzweig "Unter den Linden",Richtung Stavenow</cmt>
		<desc>Garlin, Dargardt; L13 Abzweig "Unter den Linden",Richtung Stavenow</desc>
		<src>LB Forst Brandenburg</src>
	</wpt>
	<wpt lat="52.969504963660277" lon="12.215487108898008">
		<name>1540</name>
		<cmt>Gumtow, Klein Schönhagen; Einfahrt Waldweg Pankow Weg</cmt>
		<desc>Gumtow, Klein Schönhagen; Einfahrt Waldweg Pankow Weg</desc>
		<src>LB Forst Brandenburg</src>
	</wpt>
	<wpt lat="51.798238665610761" lon="14.303554389257066">
		<name>2461</name>
		<cmt>Cottbus, Sielow; Kirche Sielow</cmt>
		<desc>Cottbus, Sielow; Kirche Sielow</desc>
		<src>LB Forst Brandenburg</src>
	</wpt>
	<wpt lat="52.044884775312497" lon="12.377505303714846">
		<name>2139</name>
		<cmt>Wiesenburg, Medewitz; L 841, Punkt "Landesgrenze" zu Sachsen- Anhalt</cmt>
		<desc>Wiesenburg, Medewitz; L 841, Punkt "Landesgrenze" zu Sachsen- Anhalt</desc>
		<src>LB Forst Brandenburg</src>
	</wpt>
	<wpt lat="52.318222733388474" lon="13.435371371639192">
		<name>1050</name>
		<cmt>Dahlewitz; Rangsdorfer Weg, Sportplatz Dahlewitz</cmt>
		<desc>Dahlewitz; Rangsdorfer Weg, Sportplatz Dahlewitz</desc>
		<src>LB Forst Brandenburg</src>
	</wpt>
	<wpt lat="52.056183771415284" lon="12.904342789938491">
		<name>2096</name>
		<cmt>Treuenbrietzen, Frohnsdorf; B 102 Einfahrt nach Frohnsdorf</cmt>
		<desc>Treuenbrietzen, Frohnsdorf; B 102 Einfahrt nach Frohnsdorf</desc>
		<src>LB Forst Brandenburg</src>
	</wpt>
	<wpt lat="52.064745485555768" lon="12.894229423604116">
		<name>2097</name>
		<cmt>Treuenbrietzen; Bahnübergang Straße von der B 102 nach Lüdendorf, Nieplitzbruecke</cmt>
		<desc>Treuenbrietzen; Bahnübergang Straße von der B 102 nach Lüdendorf, Nieplitzbruecke</desc>
		<src>LB Forst Brandenburg</src>
	</wpt>
	<wpt lat="52.077511023255255" lon="12.963744311521438">
		<name>2274</name>
		<cmt>Treuenbrietzen, Pechüle; Dorfstraße, Kreuzung Ziegelstr. Ortsmitte (Gaststätte) - Zufahrt zur Mehlsdorfer Str. u. Pflaumenweg</cmt>
		<desc>Treuenbrietzen, Pechüle; Dorfstraße, Kreuzung Ziegelstr. Ortsmitte (Gaststätte) - Zufahrt zur Mehlsdorfer Str. u. Pflaumenweg</desc>
		<src>LB Forst Brandenburg</src>
	</wpt>
	<wpt lat="52.014370237612738" lon="12.645009015429002">
		<name>2299</name>
		<cmt>Rabenstein, Garrey; Gemeindestraße Garrey - Wüstemark, Abzweig Klein Marzehns</cmt>
		<desc>Rabenstein, Garrey; Gemeindestraße Garrey - Wüstemark, Abzweig Klein Marzehns</desc>
		<src>LB Forst Brandenburg</src>
	</wpt>
	<wpt lat="53.049112107992272" lon="12.237409631656911">
		<name>1545</name>
		<cmt>16928 Schönebeck; Pflasterdamm Schönebeck -Dannenwalde</cmt>
		<desc>16928 Schönebeck; Pflasterdamm Schönebeck -Dannenwalde</desc>
		<src>LB Forst Brandenburg</src>
	</wpt>
	<wpt lat="53.068804072122433" lon="12.274427760887237">
		<name>1546</name>
		<cmt>Schönebeck, Breitenfeld; Wegkreuzung Schwarzer Berg</cmt>
		<desc>Schönebeck, Breitenfeld; Wegkreuzung Schwarzer Berg</desc>
		<src>LB Forst Brandenburg</src>
	</wpt>
	<wpt lat="53.031806682442067" lon="12.283331417639662">
		<name>1541</name>
		<cmt>16866 Gumtow OT Kolrep; Wegkreuzung L 145 Breitenfelder Weg</cmt>
		<desc>16866 Gumtow OT Kolrep; Wegkreuzung L 145 Breitenfelder Weg</desc>
		<src>LB Forst Brandenburg</src>
	</wpt>
	<wpt lat="52.042230015151041" lon="12.601406926554501">
		<name>2144</name>
		<cmt>Rabenstein, Rädigke; L 84  Wandererparkplatz Straße zwischen Raben und Rädigke</cmt>
		<desc>Rabenstein, Rädigke; L 84  Wandererparkplatz Straße zwischen Raben und Rädigke</desc>
		<src>LB Forst Brandenburg</src>
	</wpt>
	<wpt lat="52.067044737168544" lon="12.43914536115842">
		<name>2310</name>
		<cmt>Wiesenburg; Spring</cmt>
		<desc>Wiesenburg; Spring</desc>
		<src>LB Forst Brandenburg</src>
	</wpt>
	<wpt lat="52.03663191534686" lon="12.518683357232154">
		<name>2141</name>
		<cmt>Wiesenburg, Lehnsdorf; L 831, Bushaltestelle</cmt>
		<desc>Wiesenburg, Lehnsdorf; L 831, Bushaltestelle</desc>
		<src>LB Forst Brandenburg</src>
	</wpt>
	<wpt lat="51.720380237170325" lon="14.415434483577249">
		<name>2554</name>
		<cmt>Cottbus, Kahren; Kahren Kirche</cmt>
		<desc>Cottbus, Kahren; Kahren Kirche</desc>
		<src>LB Forst Brandenburg</src>
	</wpt>
	<wpt lat="51.805506802455973" lon="14.360108021729303">
		<name>2447</name>
		<cmt>Cottbus, Skadow; Skadower Wiesenweg/Spreebrücke</cmt>
		<desc>Cottbus, Skadow; Skadower Wiesenweg/Spreebrücke</desc>
		<src>LB Forst Brandenburg</src>
	</wpt>
	<wpt lat="52.148733756694575" lon="12.627143974414365">
		<name>2120</name>
		<cmt>Belzig; B246 Richtung Brück, Abzweig Schwanebecker Weg</cmt>
		<desc>Belzig; B246 Richtung Brück, Abzweig Schwanebecker Weg</desc>
		<src>LB Forst Brandenburg</src>
	</wpt>
	<wpt lat="52.157941669745526" lon="12.521590712618883">
		<name>2132</name>
		<cmt>Lübnitz; L 95, Ortsausgang in Richtung Benken/ Görzke</cmt>
		<desc>Lübnitz; L 95, Ortsausgang in Richtung Benken/ Görzke</desc>
		<src>LB Forst Brandenburg</src>
	</wpt>
	<wpt lat="52.615611292848719" lon="12.372433132488618">
		<name>2015</name>
		<cmt>Rathenow; Stadtförsterei im Ferchesarer Weg</cmt>
		<desc>Rathenow; Stadtförsterei im Ferchesarer Weg</desc>
		<src>LB Forst Brandenburg</src>
	</wpt>
	<wpt lat="52.59458800416953" lon="12.391243251368122">
		<name>2180</name>
		<cmt>Rathenow; Bammer Landstr.</cmt>
		<desc>Rathenow; Bammer Landstr.</desc>
		<src>LB Forst Brandenburg</src>
	</wpt>
	<wpt lat="52.712468207803234" lon="12.932462733412413">
		<name>2040</name>
		<cmt>Nauen, Tietzow; Am Dorfanger 3</cmt>
		<desc>Nauen, Tietzow; Am Dorfanger 3</desc>
		<src>LB Forst Brandenburg</src>
	</wpt>
	<wpt lat="52.698322449139184" lon="12.95590325825612">
		<name>2037</name>
		<cmt>Nauen, Tietzow; B273, Börnicke ca. 1300 m Richtung Staffelde (Gastrasse)</cmt>
		<desc>Nauen, Tietzow; B273, Börnicke ca. 1300 m Richtung Staffelde (Gastrasse)</desc>
		<src>LB Forst Brandenburg</src>
	</wpt>
	<wpt lat="52.205171609195006" lon="12.48295263297417">
		<name>2134</name>
		<cmt>Belzig, Verlorenwasser; K 6935, Gaststätte "Hirschtränke"</cmt>
		<desc>Belzig, Verlorenwasser; K 6935, Gaststätte "Hirschtränke"</desc>
		<src>LB Forst Brandenburg</src>
	</wpt>
	<wpt lat="52.517225179546188" lon="12.947202329715722">
		<name>2728</name>
		<cmt>Wustermark, Buchow-Karpzow; Priorter Straße</cmt>
		<desc>Wustermark, Buchow-Karpzow; Priorter Straße</desc>
		<src>LB Forst Brandenburg</src>
	</wpt>
	<wpt lat="51.862642331424716" lon="13.305851719455383">
		<name>2398</name>
		<cmt>Niederer Fläming, Herbersdorf; L 713 Ortsverbindungsstraße Herbersdorf-Ihlow, Abzweig nach Hohenseefeld</cmt>
		<desc>Niederer Fläming, Herbersdorf; L 713 Ortsverbindungsstraße Herbersdorf-Ihlow, Abzweig nach Hohenseefeld</desc>
		<src>LB Forst Brandenburg</src>
	</wpt>
	<wpt lat="51.862344707086869" lon="13.295069888043381">
		<name>2399</name>
		<cmt>Niederer Fläming, Herbersdorf; Dorfstraße 11, Gaststätte Wäsche</cmt>
		<desc>Niederer Fläming, Herbersdorf; Dorfstraße 11, Gaststätte Wäsche</desc>
		<src>LB Forst Brandenburg</src>
	</wpt>
	<wpt lat="51.867342798843083" lon="13.337925473298675">
		<name>2397</name>
		<cmt>Ihlow; Dorfstr., Kirche</cmt>
		<desc>Ihlow; Dorfstr., Kirche</desc>
		<src>LB Forst Brandenburg</src>
	</wpt>
	<wpt lat="51.835980042246888" lon="13.347378896757576">
		<name>2381</name>
		<cmt>Ihlow, Mehlsdorf; Ihlower Weg, Friedhof Mehlsdorf</cmt>
		<desc>Ihlow, Mehlsdorf; Ihlower Weg, Friedhof Mehlsdorf</desc>
		<src>LB Forst Brandenburg</src>
	</wpt>
	<wpt lat="51.849365795152359" lon="13.268136379668938">
		<name>2400</name>
		<cmt>Niederer Fläming, Meinsdorf; Wiepersdorfer Weg, Gaststätte "Steakranch "</cmt>
		<desc>Niederer Fläming, Meinsdorf; Wiepersdorfer Weg, Gaststätte "Steakranch "</desc>
		<src>LB Forst Brandenburg</src>
	</wpt>
	<wpt lat="51.844321061807044" lon="13.250508799741304">
		<name>2401</name>
		<cmt>Niederer Fläming, Marienhof; L 713 Ortsverbindungsstraße Bärwalde-Kossin, Waldanfang Pumpenhaus</cmt>
		<desc>Niederer Fläming, Marienhof; L 713 Ortsverbindungsstraße Bärwalde-Kossin, Waldanfang Pumpenhaus</desc>
		<src>LB Forst Brandenburg</src>
	</wpt>
	<wpt lat="52.110908264626687" lon="14.219280098619812">
		<name>2624</name>
		<cmt>Leißnitz; K 6715, Bushaltestelle</cmt>
		<desc>Leißnitz; K 6715, Bushaltestelle</desc>
		<src>LB Forst Brandenburg</src>
	</wpt>
	<wpt lat="52.515543416829203" lon="13.101084336409098">
		<name>2010</name>
		<cmt>Seeburg; Seeburg Nord, Abzweig Dallgow-Ausbau Richtung Döberitzer Heide</cmt>
		<desc>Seeburg; Seeburg Nord, Abzweig Dallgow-Ausbau Richtung Döberitzer Heide</desc>
		<src>LB Forst Brandenburg</src>
	</wpt>
	<wpt lat="52.054447881889338" lon="14.230672296157296">
		<name>2621</name>
		<cmt>Pieskow; L 441, Bushaltestelle</cmt>
		<desc>Pieskow; L 441, Bushaltestelle</desc>
		<src>LB Forst Brandenburg</src>
	</wpt>
	<wpt lat="51.851181256097512" lon="14.215899768149416">
		<name>2467</name>
		<cmt>Schmogrow; Gemeindehaus Schmogrow</cmt>
		<desc>Schmogrow; Gemeindehaus Schmogrow</desc>
		<src>LB Forst Brandenburg</src>
	</wpt>
	<wpt lat="52.618850931727465" lon="12.963905021984241">
		<name>2031</name>
		<cmt>Nauen; Brieselanger Straße, L 201, 300m vor Kreisverkehr</cmt>
		<desc>Nauen; Brieselanger Straße, L 201, 300m vor Kreisverkehr</desc>
		<src>LB Forst Brandenburg</src>
	</wpt>
	<wpt lat="51.910864530787606" lon="14.352691638035346">
		<name>2479</name>
		<cmt>Peitz-Lieberose; B 168/C-Gestell rechte Seite</cmt>
		<desc>Peitz-Lieberose; B 168/C-Gestell rechte Seite</desc>
		<src>LB Forst Brandenburg</src>
	</wpt>
	<wpt lat="52.630637736593592" lon="12.932464300329213">
		<name>2035</name>
		<cmt>Nauen; Brieselanger Straße(L201), Abzweig Stolpshof 200m Waldeinfahrt links</cmt>
		<desc>Nauen; Brieselanger Straße(L201), Abzweig Stolpshof 200m Waldeinfahrt links</desc>
		<src>LB Forst Brandenburg</src>
	</wpt>
	<wpt lat="52.64001837527352" lon="12.966395276693779">
		<name>2033</name>
		<cmt>Nauen; Parkplatz Ruheforst-Leitsackbrücke</cmt>
		<desc>Nauen; Parkplatz Ruheforst-Leitsackbrücke</desc>
		<src>LB Forst Brandenburg</src>
	</wpt>
	<wpt lat="52.577003715976446" lon="13.01076754957889">
		<name>2021</name>
		<cmt>Brieselang; Forstweg 55, Parkplatz Oberförsterei Brieselang</cmt>
		<desc>Brieselang; Forstweg 55, Parkplatz Oberförsterei Brieselang</desc>
		<src>LB Forst Brandenburg</src>
	</wpt>
	<wpt lat="53.162854956500986" lon="11.808315166892941">
		<name>1570</name>
		<cmt>Blüthen; Reitplatz</cmt>
		<desc>Blüthen; Reitplatz</desc>
		<src>LB Forst Brandenburg</src>
	</wpt>
	<wpt lat="52.60855636734793" lon="12.501684161318671">
		<name>2011</name>
		<cmt>Nennhausen, Nennhausen; Parkeingang am Nennhausener Stadtweg</cmt>
		<desc>Nennhausen, Nennhausen; Parkeingang am Nennhausener Stadtweg</desc>
		<src>LB Forst Brandenburg</src>
	</wpt>
	<wpt lat="52.571231824763096" lon="13.138800205835132">
		<name>2002</name>
		<cmt>Falkensee, Falkennhöh; Pestalozzistraße, Waldzugang</cmt>
		<desc>Falkensee, Falkennhöh; Pestalozzistraße, Waldzugang</desc>
		<src>LB Forst Brandenburg</src>
	</wpt>
	<wpt lat="52.54722091350952" lon="13.101485462348398">
		<name>2008</name>
		<cmt>Dallgow-Döberitz; Potterstraße, Straßenende Richtung Wald (Königsgraben)</cmt>
		<desc>Dallgow-Döberitz; Potterstraße, Straßenende Richtung Wald (Königsgraben)</desc>
		<src>LB Forst Brandenburg</src>
	</wpt>
	<wpt lat="52.576314621332834" lon="13.060959107259754">
		<name>2014</name>
		<cmt>Falkensee, Falkenhain; Brieselanger Weg, Ecke Karl-Marx-Straße (gegenüber Hotel Kronprinz)</cmt>
		<desc>Falkensee, Falkenhain; Brieselanger Weg, Ecke Karl-Marx-Straße (gegenüber Hotel Kronprinz)</desc>
		<src>LB Forst Brandenburg</src>
	</wpt>
	<wpt lat="52.621539523830762" lon="12.513777404069657">
		<name>1591</name>
		<cmt>Nennhausen, Nennhausen; K6315 nach Kotzen, Einfahrt Wasserwerk</cmt>
		<desc>Nennhausen, Nennhausen; K6315 nach Kotzen, Einfahrt Wasserwerk</desc>
		<src>LB Forst Brandenburg</src>
	</wpt>
	<wpt lat="53.202225972649003" lon="11.770733952854899">
		<name>1474</name>
		<cmt>Dallmin; Parkplatz Dallmin</cmt>
		<desc>Dallmin; Parkplatz Dallmin</desc>
		<src>LB Forst Brandenburg</src>
	</wpt>
	<wpt lat="52.565142896239074" lon="12.616595495971829">
		<name>1397</name>
		<cmt>Märkisch Luch, Barnewitz; Feuerwehr Barnewitz</cmt>
		<desc>Märkisch Luch, Barnewitz; Feuerwehr Barnewitz</desc>
		<src>LB Forst Brandenburg</src>
	</wpt>
	<wpt lat="52.559092230750032" lon="12.55856358116217">
		<name>2088</name>
		<cmt>Märkisch Luch, Garlitz; Sportplatz Garlitz, am Waldweg nach Kieck</cmt>
		<desc>Märkisch Luch, Garlitz; Sportplatz Garlitz, am Waldweg nach Kieck</desc>
		<src>LB Forst Brandenburg</src>
	</wpt>
	<wpt lat="52.643143124006095" lon="12.413733896048418">
		<name>1598</name>
		<cmt>Stechow-Ferchesar, Stechow; Gemeindestraße Ferchesar-Semlin, Abzweig Buchtenweg</cmt>
		<desc>Stechow-Ferchesar, Stechow; Gemeindestraße Ferchesar-Semlin, Abzweig Buchtenweg</desc>
		<src>LB Forst Brandenburg</src>
	</wpt>
	<wpt lat="52.632059077835237" lon="12.447212133256093">
		<name>1597</name>
		<cmt>Stechow-Ferchesar, Stechow; Ortsausgang Semliner Straße</cmt>
		<desc>Stechow-Ferchesar, Stechow; Ortsausgang Semliner Straße</desc>
		<src>LB Forst Brandenburg</src>
	</wpt>
	<wpt lat="52.621265309816081" lon="12.444685513756575">
		<name>1595</name>
		<cmt>Stechow-Ferchesar, Stechow; B 188, Einfahrt zur Großen Breite</cmt>
		<desc>Stechow-Ferchesar, Stechow; B 188, Einfahrt zur Großen Breite</desc>
		<src>LB Forst Brandenburg</src>
	</wpt>
	<wpt lat="52.61005156503618" lon="12.420603591502203">
		<name>2012</name>
		<cmt>Stechow-Ferchsar; Abzweig Nennhausener Stadtweg,  B188</cmt>
		<desc>Stechow-Ferchsar; Abzweig Nennhausener Stadtweg,  B188</desc>
		<src>LB Forst Brandenburg</src>
	</wpt>
	<wpt lat="51.762618367258717" lon="13.747572231476463">
		<name>2364</name>
		<cmt>Luckau, Bergen; Feuerwehr und Buswendestelle</cmt>
		<desc>Luckau, Bergen; Feuerwehr und Buswendestelle</desc>
		<src>LB Forst Brandenburg</src>
	</wpt>
	<wpt lat="52.535116034271802" lon="12.576775986906094">
		<name>2086</name>
		<cmt>Märkisch Luch, Kieck; L99, Ortslage Kieck</cmt>
		<desc>Märkisch Luch, Kieck; L99, Ortslage Kieck</desc>
		<src>LB Forst Brandenburg</src>
	</wpt>
	<wpt lat="52.121200873718244" lon="13.549246376337285">
		<name>1150</name>
		<cmt>Teupitz, Egsdorf; Ortsverbindungsstraße Zesch am See - Egsdorf, Kreisgrenze</cmt>
		<desc>Teupitz, Egsdorf; Ortsverbindungsstraße Zesch am See - Egsdorf, Kreisgrenze</desc>
		<src>LB Forst Brandenburg</src>
	</wpt>
	<wpt lat="52.150114609502275" lon="13.587766493587571">
		<name>1171</name>
		<cmt>Mittenwalde, Töpchin; L74 Egsdorfer Str., an der OPAL-Gastrasse</cmt>
		<desc>Mittenwalde, Töpchin; L74 Egsdorfer Str., an der OPAL-Gastrasse</desc>
		<src>LB Forst Brandenburg</src>
	</wpt>
	<wpt lat="52.122960420630008" lon="13.630170966524137">
		<name>1176</name>
		<cmt>Teupitz; gegenüber der Rettungswache Teupitz</cmt>
		<desc>Teupitz; gegenüber der Rettungswache Teupitz</desc>
		<src>LB Forst Brandenburg</src>
	</wpt>
	<wpt lat="52.122716745975993" lon="13.596265012487883">
		<name>1179</name>
		<cmt>Teupitz, Neuendorf; Mittelmühler Weg, hinter dem Sägewerk</cmt>
		<desc>Teupitz, Neuendorf; Mittelmühler Weg, hinter dem Sägewerk</desc>
		<src>LB Forst Brandenburg</src>
	</wpt>
	<wpt lat="52.111154623067513" lon="13.622104609383678">
		<name>1177</name>
		<cmt>Teupitz, Tornow; Dorfstraße, südlich vom Feuerwehrhaus</cmt>
		<desc>Teupitz, Tornow; Dorfstraße, südlich vom Feuerwehrhaus</desc>
		<src>LB Forst Brandenburg</src>
	</wpt>
	<wpt lat="52.183045154402841" lon="13.578776172929119">
		<name>1170</name>
		<cmt>Mittenwalde, Töpchin; Märkische Straße, Bahnübergang Töpchin Nord</cmt>
		<desc>Mittenwalde, Töpchin; Märkische Straße, Bahnübergang Töpchin Nord</desc>
		<src>LB Forst Brandenburg</src>
	</wpt>
	<wpt lat="52.130987922958766" lon="13.674292361266339">
		<name>1174</name>
		<cmt>Teupitz; Forsthaus Buschmeierei, Teupitzer Straße</cmt>
		<desc>Teupitz; Forsthaus Buschmeierei, Teupitzer Straße</desc>
		<src>LB Forst Brandenburg</src>
	</wpt>
	<wpt lat="52.556181985976011" lon="12.633855408858709">
		<name>2089</name>
		<cmt>Märkisch Luch, Barnewitz; L911 Barnewitz-Gortz, Abzweig Plattenstraße nach Klein Behnitz</cmt>
		<desc>Märkisch Luch, Barnewitz; L911 Barnewitz-Gortz, Abzweig Plattenstraße nach Klein Behnitz</desc>
		<src>LB Forst Brandenburg</src>
	</wpt>
	<wpt lat="52.138969629070466" lon="13.695624873846056">
		<name>1178</name>
		<cmt>Löpten; Verbindungsweg Löpten- Halbe Abt. 2312</cmt>
		<desc>Löpten; Verbindungsweg Löpten- Halbe Abt. 2312</desc>
		<src>LB Forst Brandenburg</src>
	</wpt>
	<wpt lat="52.661965019264095" lon="12.277672113529603">
		<name>1600</name>
		<cmt>Rathenow, Grütz; Dorfplatz</cmt>
		<desc>Rathenow, Grütz; Dorfplatz</desc>
		<src>LB Forst Brandenburg</src>
	</wpt>
	<wpt lat="52.614298237209852" lon="12.280661042643645">
		<name>2016</name>
		<cmt>Rathenow, Steckelsdorf; ehemaliges Wasserwerk</cmt>
		<desc>Rathenow, Steckelsdorf; ehemaliges Wasserwerk</desc>
		<src>LB Forst Brandenburg</src>
	</wpt>
	<wpt lat="52.63037607323016" lon="12.307313678724316">
		<name>1599</name>
		<cmt>Rathenow, Göttlin; Dorfkirche</cmt>
		<desc>Rathenow, Göttlin; Dorfkirche</desc>
		<src>LB Forst Brandenburg</src>
	</wpt>
	<wpt lat="52.544016092520238" lon="12.661069534115933">
		<name>2090</name>
		<cmt>Märkisch Luch, Barnewitz/ Linde; Ortslage Linde bei Barnewitz</cmt>
		<desc>Märkisch Luch, Barnewitz/ Linde; Ortslage Linde bei Barnewitz</desc>
		<src>LB Forst Brandenburg</src>
	</wpt>
	<wpt lat="52.987347800177751" lon="12.164878560662741">
		<name>1537</name>
		<cmt>Gumtow, Kunow; B 5 Kunow - Abzweig Kramser Damm</cmt>
		<desc>Gumtow, Kunow; B 5 Kunow - Abzweig Kramser Damm</desc>
		<src>LB Forst Brandenburg</src>
	</wpt>
	<wpt lat="53.087239427856709" lon="12.159980111564497">
		<name>1441</name>
		<cmt>Groß Pankow, Groß Woltersdorf; Waldlehrpark Groß Wolterdorf</cmt>
		<desc>Groß Pankow, Groß Woltersdorf; Waldlehrpark Groß Wolterdorf</desc>
		<src>LB Forst Brandenburg</src>
	</wpt>
	<wpt lat="53.095918957480279" lon="12.307392825335587">
		<name>1556</name>
		<cmt>Groß Pankow; Sägewerk Heidelberg, An der Heidelberger Straße</cmt>
		<desc>Groß Pankow; Sägewerk Heidelberg, An der Heidelberger Straße</desc>
		<src>LB Forst Brandenburg</src>
	</wpt>
	<wpt lat="51.831772496140779" lon="13.262195744112022">
		<name>2402</name>
		<cmt>Niederer Fläming, Bärwalde; Dorfstr.11, Gaststätte Fiebeler</cmt>
		<desc>Niederer Fläming, Bärwalde; Dorfstr.11, Gaststätte Fiebeler</desc>
		<src>LB Forst Brandenburg</src>
	</wpt>
	<wpt lat="51.882148282788819" lon="13.246016185915277">
		<name>2403</name>
		<cmt>Niederer Fläming, Wiepersdorf; Dorfstr.12, Gaststätte Donath</cmt>
		<desc>Niederer Fläming, Wiepersdorf; Dorfstr.12, Gaststätte Donath</desc>
		<src>LB Forst Brandenburg</src>
	</wpt>
	<wpt lat="52.02543101688336" lon="14.673115375494413">
		<name>2599</name>
		<cmt>Steinsdorf; L 45, Bushaltestelle</cmt>
		<desc>Steinsdorf; L 45, Bushaltestelle</desc>
		<src>LB Forst Brandenburg</src>
	</wpt>
	<wpt lat="52.170986712753553" lon="13.594690983023462">
		<name>1172</name>
		<cmt>Mittenwalde, Töpchin; Forsthaus Waldeck Zum Forsthaus 2</cmt>
		<desc>Mittenwalde, Töpchin; Forsthaus Waldeck Zum Forsthaus 2</desc>
		<src>LB Forst Brandenburg</src>
	</wpt>
	<wpt lat="52.092826521454903" lon="14.308572491902064">
		<name>2622</name>
		<cmt>Günthersdorf; L 43, Bushaltestelle</cmt>
		<desc>Günthersdorf; L 43, Bushaltestelle</desc>
		<src>LB Forst Brandenburg</src>
	</wpt>
	<wpt lat="51.87184021355079" lon="14.283583089015726">
		<name>2540</name>
		<cmt>Drachhausen-Fehrow; Forsthaus links; südlich Wiese (rechte Seite der L50)</cmt>
		<desc>Drachhausen-Fehrow; Forsthaus links; südlich Wiese (rechte Seite der L50)</desc>
		<src>LB Forst Brandenburg</src>
	</wpt>
	<wpt lat="51.854549153546934" lon="13.713742758902635">
		<name>2331</name>
		<cmt>Luckau, Luckau; Nordpromenade 19, Oberförsterei Luckau</cmt>
		<desc>Luckau, Luckau; Nordpromenade 19, Oberförsterei Luckau</desc>
		<src>LB Forst Brandenburg</src>
	</wpt>
	<wpt lat="52.579979337211093" lon="12.549668369445385">
		<name>2734</name>
		<cmt>Nennhausen, Buckow; Chausee von Garlitz nach Buckow, Ortseingang</cmt>
		<desc>Nennhausen, Buckow; Chausee von Garlitz nach Buckow, Ortseingang</desc>
		<src>LB Forst Brandenburg</src>
	</wpt>
	<wpt lat="51.861514994560551" lon="13.813724997439495">
		<name>2382</name>
		<cmt>Luckau, Alteno; Ortsmitte Alteno, Gaststätte</cmt>
		<desc>Luckau, Alteno; Ortsmitte Alteno, Gaststätte</desc>
		<src>LB Forst Brandenburg</src>
	</wpt>
	<wpt lat="52.153818951272136" lon="13.742199310127369">
		<name>1190</name>
		<cmt>Löpten, Hammer; An der B179; Oberförsterei Hammer</cmt>
		<desc>Löpten, Hammer; An der B179; Oberförsterei Hammer</desc>
		<src>LB Forst Brandenburg</src>
	</wpt>
	<wpt lat="52.174724040738106" lon="13.717772835571818">
		<name>1191</name>
		<cmt>Klein Köris; B179 Abzweig Groß Köris L742 (Doppeltor)</cmt>
		<desc>Klein Köris; B179 Abzweig Groß Köris L742 (Doppeltor)</desc>
		<src>LB Forst Brandenburg</src>
	</wpt>
	<wpt lat="52.181159925779987" lon="13.67361256317502">
		<name>1167</name>
		<cmt>Groß Köris; Wilhelminenhofer Weg</cmt>
		<desc>Groß Köris; Wilhelminenhofer Weg</desc>
		<src>LB Forst Brandenburg</src>
	</wpt>
	<wpt lat="51.635831194455776" lon="13.620968430066315">
		<name>1858</name>
		<cmt>Doberlug-Kirchhain, Hennersdorf; L60, Parkplatz Ortsausgang Richtung Finsterwalde</cmt>
		<desc>Doberlug-Kirchhain, Hennersdorf; L60, Parkplatz Ortsausgang Richtung Finsterwalde</desc>
		<src>LB Forst Brandenburg</src>
	</wpt>
	<wpt lat="52.593241715374575" lon="12.938691319126054">
		<name>2730</name>
		<cmt>Brieselang, Bredow; L161 hinter Kanalbrücke  - Abzweig Bredow/Luch</cmt>
		<desc>Brieselang, Bredow; L161 hinter Kanalbrücke  - Abzweig Bredow/Luch</desc>
		<src>LB Forst Brandenburg</src>
	</wpt>
	<wpt lat="51.473158927815781" lon="13.41064944772687">
		<name>1775</name>
		<cmt>Röderland, Reichenhain; L593 zwischen Oschätzchen und Prieschka, gegenüber "Naturstein Bötig"</cmt>
		<desc>Röderland, Reichenhain; L593 zwischen Oschätzchen und Prieschka, gegenüber "Naturstein Bötig"</desc>
		<src>LB Forst Brandenburg</src>
	</wpt>
	<wpt lat="52.731397657047879" lon="12.274579944403389">
		<name>1613</name>
		<cmt>Havelaue, Prietzen; An der Bockwindmühle</cmt>
		<desc>Havelaue, Prietzen; An der Bockwindmühle</desc>
		<src>LB Forst Brandenburg</src>
	</wpt>
	<wpt lat="52.746810958090421" lon="12.378146943015713">
		<name>1617</name>
		<cmt>Gollenberg, Stölln; Zufahrt AG Stölln</cmt>
		<desc>Gollenberg, Stölln; Zufahrt AG Stölln</desc>
		<src>LB Forst Brandenburg</src>
	</wpt>
	<wpt lat="52.733441208065251" lon="12.426752213559878">
		<name>1609</name>
		<cmt>Gollenberg, Ohnewitz; Bushaltestelle  Ohnewitz</cmt>
		<desc>Gollenberg, Ohnewitz; Bushaltestelle  Ohnewitz</desc>
		<src>LB Forst Brandenburg</src>
	</wpt>
	<wpt lat="52.702770003772045" lon="12.373428511689525">
		<name>1611</name>
		<cmt>Seeblick, Hohennauen; Alte Mülldeponie Abt.6702  an der B 102</cmt>
		<desc>Seeblick, Hohennauen; Alte Mülldeponie Abt.6702  an der B 102</desc>
		<src>LB Forst Brandenburg</src>
	</wpt>
	<wpt lat="52.70395419068624" lon="12.310022759118297">
		<name>1615</name>
		<cmt>Havelaue, Spaatz; Kirche  Spaatz</cmt>
		<desc>Havelaue, Spaatz; Kirche  Spaatz</desc>
		<src>LB Forst Brandenburg</src>
	</wpt>
	<wpt lat="53.170826689505681" lon="12.090648881931218">
		<name>1561</name>
		<cmt>Groß Pankow, Groß Langerwisch; Bahnhof Groß Langerwisch</cmt>
		<desc>Groß Pankow, Groß Langerwisch; Bahnhof Groß Langerwisch</desc>
		<src>LB Forst Brandenburg</src>
	</wpt>
	<wpt lat="52.179504585108376" lon="13.559099381221946">
		<name>1169</name>
		<cmt>Mittenwalde, Töpchin; Zossener Weg,hinter dem Reiterhof</cmt>
		<desc>Mittenwalde, Töpchin; Zossener Weg,hinter dem Reiterhof</desc>
		<src>LB Forst Brandenburg</src>
	</wpt>
	<wpt lat="52.724955937872302" lon="13.227188472396071">
		<name>1963</name>
		<cmt>Oranienburg, Wilhelmsthal; B 96n, Abfahrt Oranienburg Süd, am Kreisverkehr Zufahrt Gewerbegebiet</cmt>
		<desc>Oranienburg, Wilhelmsthal; B 96n, Abfahrt Oranienburg Süd, am Kreisverkehr Zufahrt Gewerbegebiet</desc>
		<src>LB Forst Brandenburg</src>
	</wpt>
	<wpt lat="52.823546865501584" lon="13.408504554121148">
		<name>1957</name>
		<cmt>Liebenwalde, Kreuzbruch; L21 Berliner Chaussee 16, Waldzufahrt gegenüber Försterei Kreuzbruch</cmt>
		<desc>Liebenwalde, Kreuzbruch; L21 Berliner Chaussee 16, Waldzufahrt gegenüber Försterei Kreuzbruch</desc>
		<src>LB Forst Brandenburg</src>
	</wpt>
	<wpt lat="52.159930301802312" lon="13.66947440619235">
		<name>1192</name>
		<cmt>Klein Köris; L742 Chausseestr., Abzweig Löpten (Löptener Dreieck)</cmt>
		<desc>Klein Köris; L742 Chausseestr., Abzweig Löpten (Löptener Dreieck)</desc>
		<src>LB Forst Brandenburg</src>
	</wpt>
	<wpt lat="52.296101873331999" lon="13.648787694492741">
		<name>1207</name>
		<cmt>Königs Wusterhausen, Neue Mühle; Parkplatz Riedels Gasthaus Kirchsteig Ecke Tiergartenstraße</cmt>
		<desc>Königs Wusterhausen, Neue Mühle; Parkplatz Riedels Gasthaus Kirchsteig Ecke Tiergartenstraße</desc>
		<src>LB Forst Brandenburg</src>
	</wpt>
	<wpt lat="52.286339144366551" lon="13.669708435073151">
		<name>1203</name>
		<cmt>Königs Wusterhausen, Senzig; Gussower Str. 4 b,  Feuerwehrgerätehaus</cmt>
		<desc>Königs Wusterhausen, Senzig; Gussower Str. 4 b,  Feuerwehrgerätehaus</desc>
		<src>LB Forst Brandenburg</src>
	</wpt>
	<wpt lat="51.444679024078454" lon="13.290863582111742">
		<name>1768</name>
		<cmt>Altenau; Güldenstern</cmt>
		<desc>Altenau; Güldenstern</desc>
		<src>LB Forst Brandenburg</src>
	</wpt>
	<wpt lat="51.564432329880312" lon="13.294572388835981">
		<name>1840</name>
		<cmt>Beiersdorf; Strasse nach Uebigau</cmt>
		<desc>Beiersdorf; Strasse nach Uebigau</desc>
		<src>LB Forst Brandenburg</src>
	</wpt>
	<wpt lat="52.175223116199781" lon="13.656227628085068">
		<name>1166</name>
		<cmt>Groß Köris; Pätzer Str., gegenüber dem Friedhofsgelände</cmt>
		<desc>Groß Köris; Pätzer Str., gegenüber dem Friedhofsgelände</desc>
		<src>LB Forst Brandenburg</src>
	</wpt>
	<wpt lat="53.231088000943309" lon="11.988048754423293">
		<name>1560</name>
		<cmt>Putlitz-Karlshof; Bushaltestelle an der L13</cmt>
		<desc>Putlitz-Karlshof; Bushaltestelle an der L13</desc>
		<src>LB Forst Brandenburg</src>
	</wpt>
	<wpt lat="52.188714412640316" lon="13.637377309979993">
		<name>1248</name>
		<cmt>Groß Köris; Motzener Straße an der OPAL-Gastrasse</cmt>
		<desc>Groß Köris; Motzener Straße an der OPAL-Gastrasse</desc>
		<src>LB Forst Brandenburg</src>
	</wpt>
	<wpt lat="52.577804160011588" lon="12.349497428829025">
		<name>2181</name>
		<cmt>Rathenow; Grünaue 9, Oberförsterei Rathenow</cmt>
		<desc>Rathenow; Grünaue 9, Oberförsterei Rathenow</desc>
		<src>LB Forst Brandenburg</src>
	</wpt>
	<wpt lat="52.320824749128462" lon="13.651313728381707">
		<name>1206</name>
		<cmt>Königs Wusterhausen, Niederlehme; Sportplatz Karl-Marx-Straße Ecke Dorfanger</cmt>
		<desc>Königs Wusterhausen, Niederlehme; Sportplatz Karl-Marx-Straße Ecke Dorfanger</desc>
		<src>LB Forst Brandenburg</src>
	</wpt>
	<wpt lat="52.367471123493566" lon="13.700532179842169">
		<name>1204</name>
		<cmt>Königs Wusterhausen, Wernsdorf; L30 Niederlehmener Chaussee 1, Sportplatz</cmt>
		<desc>Königs Wusterhausen, Wernsdorf; L30 Niederlehmener Chaussee 1, Sportplatz</desc>
		<src>LB Forst Brandenburg</src>
	</wpt>
	<wpt lat="52.308959332413025" lon="13.700977199007694">
		<name>1205</name>
		<cmt>Königs Wusterhausen, Zernsdorf; Sportplatz Friedrich-Engels-Str. 77a</cmt>
		<desc>Königs Wusterhausen, Zernsdorf; Sportplatz Friedrich-Engels-Str. 77a</desc>
		<src>LB Forst Brandenburg</src>
	</wpt>
	<wpt lat="52.325830135107182" lon="13.716877432731197">
		<name>2774</name>
		<cmt>Königs Wusterhausen, Wernsdorf; Autobahnbrücke über die A10 Uckley / Richtung Uckleysee</cmt>
		<desc>Königs Wusterhausen, Wernsdorf; Autobahnbrücke über die A10 Uckley / Richtung Uckleysee</desc>
		<src>LB Forst Brandenburg</src>
	</wpt>
	<wpt lat="52.16639968537185" lon="13.641471277886057">
		<name>2772</name>
		<cmt>Groß Köris; Sputendorfer Str. Ecke Rankenheimer Straße</cmt>
		<desc>Groß Köris; Sputendorfer Str. Ecke Rankenheimer Straße</desc>
		<src>LB Forst Brandenburg</src>
	</wpt>
	<wpt lat="52.943962789630078" lon="12.210862647966998">
		<name>1538</name>
		<cmt>16866 Gumtow ,OT Görike; Kiesgrube Görike</cmt>
		<desc>16866 Gumtow ,OT Görike; Kiesgrube Görike</desc>
		<src>LB Forst Brandenburg</src>
	</wpt>
	<wpt lat="52.152247638194652" lon="12.58517412491379">
		<name>2740</name>
		<cmt>Belzig; Weitzgrunder Weg 23,Waldweg nach Weitzgrund, ehem.Revierförsterei</cmt>
		<desc>Belzig; Weitzgrunder Weg 23,Waldweg nach Weitzgrund, ehem.Revierförsterei</desc>
		<src>LB Forst Brandenburg</src>
	</wpt>
	<wpt lat="52.618106183953486" lon="13.100590607532286">
		<name>2026</name>
		<cmt>Schönwalde- Glien; L16 von Schönwalde-Siedlung Richtung Pausin, ca.150 m vor Bahnübergang</cmt>
		<desc>Schönwalde- Glien; L16 von Schönwalde-Siedlung Richtung Pausin, ca.150 m vor Bahnübergang</desc>
		<src>LB Forst Brandenburg</src>
	</wpt>
	<wpt lat="52.135546775105873" lon="12.909748496867691">
		<name>2105</name>
		<cmt>Treuenbrietzen, Niebel; Treuenbrietzen - Buchholz; B 102 gegenüber Abzweig Niebel</cmt>
		<desc>Treuenbrietzen, Niebel; Treuenbrietzen - Buchholz; B 102 gegenüber Abzweig Niebel</desc>
		<src>LB Forst Brandenburg</src>
	</wpt>
	<wpt lat="52.089586765043322" lon="14.432000079108626">
		<name>2614</name>
		<cmt>Chossewitz; K 6710,  Bushaltestelle</cmt>
		<desc>Chossewitz; K 6710,  Bushaltestelle</desc>
		<src>LB Forst Brandenburg</src>
	</wpt>
	<wpt lat="52.05202678239705" lon="12.37647226518588">
		<name>2138</name>
		<cmt>Wiesenburg, Medewitz; L 841 Richtung Sachsen-Anhalt hinter Gaststätte "Kegel" links bis Beginn Landeswald</cmt>
		<desc>Wiesenburg, Medewitz; L 841 Richtung Sachsen-Anhalt hinter Gaststätte "Kegel" links bis Beginn Landeswald</desc>
		<src>LB Forst Brandenburg</src>
	</wpt>
	<wpt lat="52.054915602884662" lon="12.498674312483789">
		<name>2140</name>
		<cmt>Wiesenburg, Mützdorf; L 831, Kirche</cmt>
		<desc>Wiesenburg, Mützdorf; L 831, Kirche</desc>
		<src>LB Forst Brandenburg</src>
	</wpt>
	<wpt lat="52.705310342707172" lon="12.598316800934681">
		<name>1603</name>
		<cmt>Friesack, Briesen; Bushaltestelle an B5 auf Höhe Briesen, Lindenallee</cmt>
		<desc>Friesack, Briesen; Bushaltestelle an B5 auf Höhe Briesen, Lindenallee</desc>
		<src>LB Forst Brandenburg</src>
	</wpt>
	<wpt lat="52.73743816701689" lon="12.578373911101085">
		<name>1647</name>
		<cmt>Friesack; Feuerwehrgerätehaus, Kleeßener Straße 2a</cmt>
		<desc>Friesack; Feuerwehrgerätehaus, Kleeßener Straße 2a</desc>
		<src>LB Forst Brandenburg</src>
	</wpt>
	<wpt lat="52.784255084891271" lon="12.596809400039394">
		<name>1661</name>
		<cmt>Friesack, Damm; Feuerwehr Hauptstaße</cmt>
		<desc>Friesack, Damm; Feuerwehr Hauptstaße</desc>
		<src>LB Forst Brandenburg</src>
	</wpt>
	<wpt lat="52.270212164457256" lon="14.35193321666916">
		<name>1136</name>
		<cmt>Müllrose, Biegenbrück; K6720 Neubrücker Str., OA in Richtung Neubrück, Buswendeschleife</cmt>
		<desc>Müllrose, Biegenbrück; K6720 Neubrücker Str., OA in Richtung Neubrück, Buswendeschleife</desc>
		<src>LB Forst Brandenburg</src>
	</wpt>
	<wpt lat="52.039944568361854" lon="12.808751106476469">
		<name>2101</name>
		<cmt>Treuenbrietzen, Dietersdorf; B 2 Ortsausgang nach Treuenbrietzen vor der Bäckerei</cmt>
		<desc>Treuenbrietzen, Dietersdorf; B 2 Ortsausgang nach Treuenbrietzen vor der Bäckerei</desc>
		<src>LB Forst Brandenburg</src>
	</wpt>
	<wpt lat="52.999653731697634" lon="14.080083875260396">
		<name>1453</name>
		<cmt>Stadt Angermünde, Crussow; Kirche Crussow</cmt>
		<desc>Stadt Angermünde, Crussow; Kirche Crussow</desc>
		<src>LB Forst Brandenburg</src>
	</wpt>
	<wpt lat="52.968270639055177" lon="14.037211349402057">
		<name>1454</name>
		<cmt>Stadt Angermünde, Neukünkendorf; Radweg am Haussee</cmt>
		<desc>Stadt Angermünde, Neukünkendorf; Radweg am Haussee</desc>
		<src>LB Forst Brandenburg</src>
	</wpt>
	<wpt lat="52.983334672157987" lon="13.931043225135776">
		<name>1665</name>
		<cmt>Stadt Angermünde, Schmargendorf; Rastplatz Waldstraße</cmt>
		<desc>Stadt Angermünde, Schmargendorf; Rastplatz Waldstraße</desc>
		<src>LB Forst Brandenburg</src>
	</wpt>
	<wpt lat="52.995910919770665" lon="13.852938454554156">
		<name>1667</name>
		<cmt>Stadt Angermünde, Grumsin; Bushaltestelle Grumsin</cmt>
		<desc>Stadt Angermünde, Grumsin; Bushaltestelle Grumsin</desc>
		<src>LB Forst Brandenburg</src>
	</wpt>
	<wpt lat="53.025143992774964" lon="13.902187058122911">
		<name>1668</name>
		<cmt>Stadt Angermünde, Wolletz; Feuerwehr Wolletz</cmt>
		<desc>Stadt Angermünde, Wolletz; Feuerwehr Wolletz</desc>
		<src>LB Forst Brandenburg</src>
	</wpt>
	<wpt lat="53.011721988860081" lon="13.94818029019301">
		<name>1666</name>
		<cmt>Stadt Angermünde, Gehegemühle; Buswendeschleife Gehegemühle 1</cmt>
		<desc>Stadt Angermünde, Gehegemühle; Buswendeschleife Gehegemühle 1</desc>
		<src>LB Forst Brandenburg</src>
	</wpt>
	<wpt lat="52.375143707600166" lon="12.638645610636864">
		<name>2041</name>
		<cmt>Kloster Lehnin, Rietz; Kirche, Infotafel Rietzer Dorfstraße</cmt>
		<desc>Kloster Lehnin, Rietz; Kirche, Infotafel Rietzer Dorfstraße</desc>
		<src>LB Forst Brandenburg</src>
	</wpt>
	<wpt lat="52.638539002529022" lon="13.045270494107987">
		<name>1849</name>
		<cmt>Schönwalde- Glien, Pausin; Ecke Eichstädter Weg 1</cmt>
		<desc>Schönwalde- Glien, Pausin; Ecke Eichstädter Weg 1</desc>
		<src>LB Forst Brandenburg</src>
	</wpt>
	<wpt lat="52.195547516358069" lon="12.865810244562031">
		<name>2123</name>
		<cmt>Alt Bork; L 851, Abzweig Brandenburger Straße</cmt>
		<desc>Alt Bork; L 851, Abzweig Brandenburger Straße</desc>
		<src>LB Forst Brandenburg</src>
	</wpt>
	<wpt lat="52.351427599983822" lon="12.626772396839863">
		<name>2150</name>
		<cmt>Kloster Lehnin, Prützke; Altes Dorf 19, Infotafel Gemeinde</cmt>
		<desc>Kloster Lehnin, Prützke; Altes Dorf 19, Infotafel Gemeinde</desc>
		<src>LB Forst Brandenburg</src>
	</wpt>
	<wpt lat="53.20668075732911" lon="14.152048549027217">
		<name>2745</name>
		<cmt>Casekow, Blumberg; Dorfmitte Kirche</cmt>
		<desc>Casekow, Blumberg; Dorfmitte Kirche</desc>
		<src>LB Forst Brandenburg</src>
	</wpt>
	<wpt lat="53.271810503850382" lon="14.351026271904598">
		<name>1389</name>
		<cmt>Tantow; Am Bahnhof, Kreuzung B113 - Bahnhofstraße</cmt>
		<desc>Tantow; Am Bahnhof, Kreuzung B113 - Bahnhofstraße</desc>
		<src>LB Forst Brandenburg</src>
	</wpt>
	<wpt lat="53.266828059644908" lon="11.907199412904433">
		<name>1480</name>
		<cmt>Muggerkuhl; nördl. Wegekreuzung Muggerkuhl</cmt>
		<desc>Muggerkuhl; nördl. Wegekreuzung Muggerkuhl</desc>
		<src>LB Forst Brandenburg</src>
	</wpt>
	<wpt lat="51.817706486936636" lon="13.214914878468127">
		<name>1886</name>
		<cmt>Schönewalde; Ortsausgang Richtung Ahlsdorf, FHS Forsttechnik</cmt>
		<desc>Schönewalde; Ortsausgang Richtung Ahlsdorf, FHS Forsttechnik</desc>
		<src>LB Forst Brandenburg</src>
	</wpt>
	<wpt lat="51.778986024967729" lon="13.22377302550696">
		<name>1945</name>
		<cmt>Schönewalde, Grassau; Ortsausgang Richtung Wildenau links</cmt>
		<desc>Schönewalde, Grassau; Ortsausgang Richtung Wildenau links</desc>
		<src>LB Forst Brandenburg</src>
	</wpt>
	<wpt lat="51.643324457626541" lon="14.544495161802736">
		<name>2426</name>
		<cmt>Bohsdorf Vorwerk; Lausitzimbiss</cmt>
		<desc>Bohsdorf Vorwerk; Lausitzimbiss</desc>
		<src>LB Forst Brandenburg</src>
	</wpt>
	<wpt lat="51.768981585948872" lon="13.464271642916435">
		<name>1794</name>
		<cmt>Hohenbucko, Hohenbucko; L 70, Ortslage, Dienstgebäude der Oberförsterei</cmt>
		<desc>Hohenbucko, Hohenbucko; L 70, Ortslage, Dienstgebäude der Oberförsterei</desc>
		<src>LB Forst Brandenburg</src>
	</wpt>
	<wpt lat="52.139838635624336" lon="12.518398203074458">
		<name>2327</name>
		<cmt>Belzig/Hagelberg; Forsthaus Hagelberg</cmt>
		<desc>Belzig/Hagelberg; Forsthaus Hagelberg</desc>
		<src>LB Forst Brandenburg</src>
	</wpt>
	<wpt lat="52.94779160380871" lon="11.963694638285894">
		<name>1526</name>
		<cmt>Bad Wilsnack; Waldstadion Bad Wilsnack</cmt>
		<desc>Bad Wilsnack; Waldstadion Bad Wilsnack</desc>
		<src>LB Forst Brandenburg</src>
	</wpt>
	<wpt lat="53.403200191937131" lon="14.116012088784213">
		<name>2762</name>
		<cmt>Brüssow; Parkplatz Ortseingang links</cmt>
		<desc>Brüssow; Parkplatz Ortseingang links</desc>
		<src>LB Forst Brandenburg</src>
	</wpt>
	<wpt lat="53.298110264379126" lon="14.100723390940571">
		<name>2761</name>
		<cmt>Schmölln; Parkplatz am alten Konsum</cmt>
		<desc>Schmölln; Parkplatz am alten Konsum</desc>
		<src>LB Forst Brandenburg</src>
	</wpt>
	<wpt lat="53.216670144631522" lon="13.935944768832462">
		<name>1387</name>
		<cmt>Oberuckersee, Blankenburg; Kreuzung Neuhofer-Gramzower Str.</cmt>
		<desc>Oberuckersee, Blankenburg; Kreuzung Neuhofer-Gramzower Str.</desc>
		<src>LB Forst Brandenburg</src>
	</wpt>
	<wpt lat="53.186584479662095" lon="13.933364351947796">
		<name>1390</name>
		<cmt>Oberuckersee, Warnitz; AS Warnitz, Auffahrt Richtung Norden</cmt>
		<desc>Oberuckersee, Warnitz; AS Warnitz, Auffahrt Richtung Norden</desc>
		<src>LB Forst Brandenburg</src>
	</wpt>
	<wpt lat="53.168041928710601" lon="13.891982777481937">
		<name>1386</name>
		<cmt>Oberuckersee, Melzow; Stegelitzer Str.2 Feuerwehr</cmt>
		<desc>Oberuckersee, Melzow; Stegelitzer Str.2 Feuerwehr</desc>
		<src>LB Forst Brandenburg</src>
	</wpt>
	<wpt lat="53.205456511389364" lon="13.74631973972213">
		<name>2769</name>
		<cmt>Buchholz; Am Dorfteich</cmt>
		<desc>Buchholz; Am Dorfteich</desc>
		<src>LB Forst Brandenburg</src>
	</wpt>
	<wpt lat="53.154534657097358" lon="13.65367206561171">
		<name>1362</name>
		<cmt>Gerswalde, Krohnhorst; L 100 - Abzweig Krohnhorst</cmt>
		<desc>Gerswalde, Krohnhorst; L 100 - Abzweig Krohnhorst</desc>
		<src>LB Forst Brandenburg</src>
	</wpt>
	<wpt lat="53.072385968528053" lon="13.921506587047443">
		<name>1447</name>
		<cmt>Angermünde, Greiffenberg-Peetzig; Parkplatz Strand Petzig</cmt>
		<desc>Angermünde, Greiffenberg-Peetzig; Parkplatz Strand Petzig</desc>
		<src>LB Forst Brandenburg</src>
	</wpt>
	<wpt lat="53.053305613770988" lon="13.942280332267282">
		<name>1763</name>
		<cmt>Angermünde, Görlsdorf; Bahnübergang  Dorfmitte</cmt>
		<desc>Angermünde, Görlsdorf; Bahnübergang  Dorfmitte</desc>
		<src>LB Forst Brandenburg</src>
	</wpt>
	<wpt lat="53.093675146207865" lon="13.87631576404759">
		<name>2746</name>
		<cmt>Angermünde, Steinhöfel; Dorfmitte,Bushaltestelle, Festplatz</cmt>
		<desc>Angermünde, Steinhöfel; Dorfmitte,Bushaltestelle, Festplatz</desc>
		<src>LB Forst Brandenburg</src>
	</wpt>
	<wpt lat="53.110970757928733" lon="13.906054688708116">
		<name>1764</name>
		<cmt>Angermünde, Wilmersdorf; Bushaltestelle Dorfmitte, am Straßenschild</cmt>
		<desc>Angermünde, Wilmersdorf; Bushaltestelle Dorfmitte, am Straßenschild</desc>
		<src>LB Forst Brandenburg</src>
	</wpt>
	<wpt lat="53.077075063148826" lon="13.830391754942607">
		<name>1446</name>
		<cmt>Angermünde, Steinhöfel - Neuhaus; Bushaltestelle</cmt>
		<desc>Angermünde, Steinhöfel - Neuhaus; Bushaltestelle</desc>
		<src>LB Forst Brandenburg</src>
	</wpt>
	<wpt lat="51.47786150515995" lon="13.719464136707312">
		<name>1832</name>
		<cmt>Lauchhammer - West; Parkplatz Friedhof Lauchhammer - West</cmt>
		<desc>Lauchhammer - West; Parkplatz Friedhof Lauchhammer - West</desc>
		<src>LB Forst Brandenburg</src>
	</wpt>
	<wpt lat="51.931477915053804" lon="13.122305889477516">
		<name>2238</name>
		<cmt>Niederer Fläming, Hohenahlsdorf; B101 - Dorfstraße, Dorfmitte Kreuzung B101 - L715 nach Borgisdorf</cmt>
		<desc>Niederer Fläming, Hohenahlsdorf; B101 - Dorfstraße, Dorfmitte Kreuzung B101 - L715 nach Borgisdorf</desc>
		<src>LB Forst Brandenburg</src>
	</wpt>
	<wpt lat="51.899594974288966" lon="13.162249395799831">
		<name>2237</name>
		<cmt>Niederer Fläming, Welsickendorf; Skaterweg, von B101 Richtung Osten 1,4 Km am Waldrand</cmt>
		<desc>Niederer Fläming, Welsickendorf; Skaterweg, von B101 Richtung Osten 1,4 Km am Waldrand</desc>
		<src>LB Forst Brandenburg</src>
	</wpt>
	<wpt lat="51.904395293692552" lon="13.257517479498087">
		<name>2386</name>
		<cmt>Niederer Fläming, Nonnendorf; B 102, Gaststätte "Schliebener" ;</cmt>
		<desc>Niederer Fläming, Nonnendorf; B 102, Gaststätte "Schliebener" ;</desc>
		<src>LB Forst Brandenburg</src>
	</wpt>
	<wpt lat="52.349582089127907" lon="12.765414724704554">
		<name>2069</name>
		<cmt>Kloster Lehin, Damsdorf; Lehniner Straße , Holli 's Imbiss</cmt>
		<desc>Kloster Lehin, Damsdorf; Lehniner Straße , Holli 's Imbiss</desc>
		<src>LB Forst Brandenburg</src>
	</wpt>
	<wpt lat="51.897500441263723" lon="13.113591512174208">
		<name>2235</name>
		<cmt>Niederer Fläming, Körbitz; K7209 - Dorfstrße, Kreuzung K7209 Richtung Ortsmitte</cmt>
		<desc>Niederer Fläming, Körbitz; K7209 - Dorfstrße, Kreuzung K7209 Richtung Ortsmitte</desc>
		<src>LB Forst Brandenburg</src>
	</wpt>
	<wpt lat="51.888682699743001" lon="13.141621185368404">
		<name>2236</name>
		<cmt>Niederer Fläming, Welsickendorf; B101, 1,1 Km von Ortsausgang Welsickendorf Richtung Süden am Waldrand</cmt>
		<desc>Niederer Fläming, Welsickendorf; B101, 1,1 Km von Ortsausgang Welsickendorf Richtung Süden am Waldrand</desc>
		<src>LB Forst Brandenburg</src>
	</wpt>
	<wpt lat="52.658824815250874" lon="12.499717535846068">
		<name>1596</name>
		<cmt>Kotzen, Rhinsmühlen; Gaststätte Rhinsmühlen</cmt>
		<desc>Kotzen, Rhinsmühlen; Gaststätte Rhinsmühlen</desc>
		<src>LB Forst Brandenburg</src>
	</wpt>
	<wpt lat="53.251877107631742" lon="13.306482941934497">
		<name>1364</name>
		<cmt>Lychen, OT Rutenberg; Kirche Rutenberg; Dorfstraße 15</cmt>
		<desc>Lychen, OT Rutenberg; Kirche Rutenberg; Dorfstraße 15</desc>
		<src>LB Forst Brandenburg</src>
	</wpt>
	<wpt lat="53.281359677180824" lon="13.461340887488744">
		<name>1411</name>
		<cmt>Boitzenburger Land, OT Thomsdorf; Thomsdorf Löschteich - Sportplatz</cmt>
		<desc>Boitzenburger Land, OT Thomsdorf; Thomsdorf Löschteich - Sportplatz</desc>
		<src>LB Forst Brandenburg</src>
	</wpt>
	<wpt lat="53.267925357026336" lon="13.346686935683641">
		<name>1363</name>
		<cmt>Lychen, OT Beenz; Kirche Beenz; Beenzer Str. 1</cmt>
		<desc>Lychen, OT Beenz; Kirche Beenz; Beenzer Str. 1</desc>
		<src>LB Forst Brandenburg</src>
	</wpt>
	<wpt lat="53.228287267308829" lon="13.268213022420955">
		<name>1365</name>
		<cmt>Lychen, OT Retzow; Kirchruine Retzow, Retzower Str. 14</cmt>
		<desc>Lychen, OT Retzow; Kirchruine Retzow, Retzower Str. 14</desc>
		<src>LB Forst Brandenburg</src>
	</wpt>
	<wpt lat="53.211844519580801" lon="13.288622828072961">
		<name>1382</name>
		<cmt>Lychen, OT Lychen; HEM Tankstelle; Fontanestraße 7</cmt>
		<desc>Lychen, OT Lychen; HEM Tankstelle; Fontanestraße 7</desc>
		<src>LB Forst Brandenburg</src>
	</wpt>
	<wpt lat="53.218933971255083" lon="13.316690733239627">
		<name>1260</name>
		<cmt>Lychen, OT Lychen; Feuerwehr Lychen; Beenzer Landstr. 5</cmt>
		<desc>Lychen, OT Lychen; Feuerwehr Lychen; Beenzer Landstr. 5</desc>
		<src>LB Forst Brandenburg</src>
	</wpt>
	<wpt lat="53.224363835315408" lon="13.357822755479971">
		<name>1366</name>
		<cmt>Lychen, OT Lychen; Abzweig Küstrinchen L15 Richtung Boitzenburg ab OA 2,7km Abfahrt Küstrinchen</cmt>
		<desc>Lychen, OT Lychen; Abzweig Küstrinchen L15 Richtung Boitzenburg ab OA 2,7km Abfahrt Küstrinchen</desc>
		<src>LB Forst Brandenburg</src>
	</wpt>
	<wpt lat="53.183367591717982" lon="13.352351163856293">
		<name>1394</name>
		<cmt>Lychen, OT Lychen; Wuppgartenbrücke vor Forsthaus</cmt>
		<desc>Lychen, OT Lychen; Wuppgartenbrücke vor Forsthaus</desc>
		<src>LB Forst Brandenburg</src>
	</wpt>
	<wpt lat="53.167696528082011" lon="13.33949085299909">
		<name>1370</name>
		<cmt>Lychen, OT Tangersdorf; L23 Richtung Templin ab OA 3,5km Bushaltestelle Tangersdorf</cmt>
		<desc>Lychen, OT Tangersdorf; L23 Richtung Templin ab OA 3,5km Bushaltestelle Tangersdorf</desc>
		<src>LB Forst Brandenburg</src>
	</wpt>
	<wpt lat="53.122268624612204" lon="13.322936724966583">
		<name>1264</name>
		<cmt>Lychen, OT Tangersdorf; Tangersdorfer Heide - Punkt 2000</cmt>
		<desc>Lychen, OT Tangersdorf; Tangersdorfer Heide - Punkt 2000</desc>
		<src>LB Forst Brandenburg</src>
	</wpt>
	<wpt lat="53.179954860257688" lon="13.303286956157336">
		<name>1379</name>
		<cmt>Lychen, Hohen Lychen; Wolfsbrücke/Landkreisgrenze/verlängerte Bredereicher Landstraße,</cmt>
		<desc>Lychen, Hohen Lychen; Wolfsbrücke/Landkreisgrenze/verlängerte Bredereicher Landstraße,</desc>
		<src>LB Forst Brandenburg</src>
	</wpt>
	<wpt lat="51.688124841558924" lon="14.622669673785754">
		<name>2419</name>
		<cmt>Groß Schacksdorf; Schule Ortseingang aus Richtung Simmersdorf</cmt>
		<desc>Groß Schacksdorf; Schule Ortseingang aus Richtung Simmersdorf</desc>
		<src>LB Forst Brandenburg</src>
	</wpt>
	<wpt lat="51.74437774915927" lon="13.828910051670109">
		<name>2365</name>
		<cmt>Luckau, Tugam; Bushaltestelle Tugam</cmt>
		<desc>Luckau, Tugam; Bushaltestelle Tugam</desc>
		<src>LB Forst Brandenburg</src>
	</wpt>
	<wpt lat="52.587869445600823" lon="13.062416717382979">
		<name>2006</name>
		<cmt>Falkensee; L201 Nauener Straße, Ortsausgang Falkensee</cmt>
		<desc>Falkensee; L201 Nauener Straße, Ortsausgang Falkensee</desc>
		<src>LB Forst Brandenburg</src>
	</wpt>
	<wpt lat="51.961989834808939" lon="14.13772100746028">
		<name>2314</name>
		<cmt>Waldow; K6109, Ortsausgang Richtung Laasow</cmt>
		<desc>Waldow; K6109, Ortsausgang Richtung Laasow</desc>
		<src>LB Forst Brandenburg</src>
	</wpt>
	<wpt lat="52.002427000680086" lon="13.714300139566749">
		<name>2241</name>
		<cmt>Schönwald, Waldow/Brand; Schäferei, nähe Autobahnbrücke über die BAB 13</cmt>
		<desc>Schönwald, Waldow/Brand; Schäferei, nähe Autobahnbrücke über die BAB 13</desc>
		<src>LB Forst Brandenburg</src>
	</wpt>
	<wpt lat="52.03448214134729" lon="14.219201646402448">
		<name>2324</name>
		<cmt>Schwielochsee, Speichrow; Hauptstr. 1a,  Gasthaus Zur Linde</cmt>
		<desc>Schwielochsee, Speichrow; Hauptstr. 1a,  Gasthaus Zur Linde</desc>
		<src>LB Forst Brandenburg</src>
	</wpt>
	<wpt lat="52.040816865454843" lon="14.51820635592609">
		<name>2601</name>
		<cmt>Henzendorf; L 452, Bushaltestelle</cmt>
		<desc>Henzendorf; L 452, Bushaltestelle</desc>
		<src>LB Forst Brandenburg</src>
	</wpt>
	<wpt lat="52.039088338521744" lon="14.724973541081113">
		<name>2604</name>
		<cmt>Breslack; K 6701, Friedhof</cmt>
		<desc>Breslack; K 6701, Friedhof</desc>
		<src>LB Forst Brandenburg</src>
	</wpt>
	<wpt lat="52.066078993408134" lon="14.71448859729751">
		<name>2605</name>
		<cmt>Wellmitz; L 451, Bahnübergang</cmt>
		<desc>Wellmitz; L 451, Bahnübergang</desc>
		<src>LB Forst Brandenburg</src>
	</wpt>
	<wpt lat="52.043144788529602" lon="14.572614507158784">
		<name>2602</name>
		<cmt>Neuzelle, Göhlen; L 45, Gaststätte</cmt>
		<desc>Neuzelle, Göhlen; L 45, Gaststätte</desc>
		<src>LB Forst Brandenburg</src>
	</wpt>
	<wpt lat="52.081418848622256" lon="14.62321646529977">
		<name>2594</name>
		<cmt>Neuzelle, Kummro; L 453, OT Kummro Bushaltestelle</cmt>
		<desc>Neuzelle, Kummro; L 453, OT Kummro Bushaltestelle</desc>
		<src>LB Forst Brandenburg</src>
	</wpt>
	<wpt lat="51.996294350915583" lon="14.118038152181228">
		<name>2222</name>
		<cmt>Siegadel; Kreuzung Ortsmitte</cmt>
		<desc>Siegadel; Kreuzung Ortsmitte</desc>
		<src>LB Forst Brandenburg</src>
	</wpt>
	<wpt lat="53.171628987290177" lon="13.44051728005376">
		<name>1261</name>
		<cmt>Templin, Gandenitz; Gandenitzer Dorfstaße 63; Bushaltestelle</cmt>
		<desc>Templin, Gandenitz; Gandenitzer Dorfstaße 63; Bushaltestelle</desc>
		<src>LB Forst Brandenburg</src>
	</wpt>
	<wpt lat="53.156126602056879" lon="13.597805687844614">
		<name>1263</name>
		<cmt>Templin, Petznick; Kreuzkrug 9; Bushaltestelle</cmt>
		<desc>Templin, Petznick; Kreuzkrug 9; Bushaltestelle</desc>
		<src>LB Forst Brandenburg</src>
	</wpt>
	<wpt lat="51.981320991011614" lon="14.217403553602811">
		<name>2494</name>
		<cmt>Schwielochsee, Lamsfeld; B 320, in Richtung Butzen, Feuerwehr</cmt>
		<desc>Schwielochsee, Lamsfeld; B 320, in Richtung Butzen, Feuerwehr</desc>
		<src>LB Forst Brandenburg</src>
	</wpt>
	<wpt lat="51.881849562030617" lon="14.16978133125761">
		<name>2319</name>
		<cmt>Byhleguhre-Byhlen, Byhleguhre; L51 Straupitzer Straße, Ortsausgang Byhleguhre, Gemeindehaus alte Schule</cmt>
		<desc>Byhleguhre-Byhlen, Byhleguhre; L51 Straupitzer Straße, Ortsausgang Byhleguhre, Gemeindehaus alte Schule</desc>
		<src>LB Forst Brandenburg</src>
	</wpt>
	<wpt lat="52.139638588814577" lon="14.673982948509465">
		<name>2606</name>
		<cmt>Eisenhüttenstadt, Fürstenberg; Kreuzung Neue Brückenstraße Stadion Fürstenberg</cmt>
		<desc>Eisenhüttenstadt, Fürstenberg; Kreuzung Neue Brückenstraße Stadion Fürstenberg</desc>
		<src>LB Forst Brandenburg</src>
	</wpt>
	<wpt lat="52.123079067870933" lon="14.640895227001828">
		<name>2603</name>
		<cmt>Eisenhüttenstadt; B 112 Kreisel Richtung Neuzelle (West)</cmt>
		<desc>Eisenhüttenstadt; B 112 Kreisel Richtung Neuzelle (West)</desc>
		<src>LB Forst Brandenburg</src>
	</wpt>
	<wpt lat="52.186151927419658" lon="14.655809711988692">
		<name>2656</name>
		<cmt>Vogelsang; L 372 Ortseingang aus Ziltendorf kommend</cmt>
		<desc>Vogelsang; L 372 Ortseingang aus Ziltendorf kommend</desc>
		<src>LB Forst Brandenburg</src>
	</wpt>
	<wpt lat="52.229709172979476" lon="14.585094847339438">
		<name>2633</name>
		<cmt>Wiesenau; K 6706, Eisenbahntunnel</cmt>
		<desc>Wiesenau; K 6706, Eisenbahntunnel</desc>
		<src>LB Forst Brandenburg</src>
	</wpt>
	<wpt lat="52.256855524290209" lon="14.557654773930524">
		<name>2632</name>
		<cmt>Brieskow- Finkenheerd; Margaretensiedlung, Einfahrt Kiesgrube BKB</cmt>
		<desc>Brieskow- Finkenheerd; Margaretensiedlung, Einfahrt Kiesgrube BKB</desc>
		<src>LB Forst Brandenburg</src>
	</wpt>
	<wpt lat="51.944648133600019" lon="14.178021712603185">
		<name>2320</name>
		<cmt>Butzen; Parkplatz Bergsee</cmt>
		<desc>Butzen; Parkplatz Bergsee</desc>
		<src>LB Forst Brandenburg</src>
	</wpt>
	<wpt lat="52.078803054886123" lon="14.545479680282073">
		<name>2595</name>
		<cmt>Neuzelle, Treppeln; L 45, Nähe  Gaststätte</cmt>
		<desc>Neuzelle, Treppeln; L 45, Nähe  Gaststätte</desc>
		<src>LB Forst Brandenburg</src>
	</wpt>
	<wpt lat="52.10503022381436" lon="14.588227704309981">
		<name>2589</name>
		<cmt>Neuzelle, Möbiskruge; Bushaltestelle Nähe Kreuzung L43/L 431</cmt>
		<desc>Neuzelle, Möbiskruge; Bushaltestelle Nähe Kreuzung L43/L 431</desc>
		<src>LB Forst Brandenburg</src>
	</wpt>
	<wpt lat="52.94125160149742" lon="12.105252704169306">
		<name>1533</name>
		<cmt>Plattenburg, Klein Leppin; Karthanebrücke</cmt>
		<desc>Plattenburg, Klein Leppin; Karthanebrücke</desc>
		<src>LB Forst Brandenburg</src>
	</wpt>
	<wpt lat="52.038841333709009" lon="14.326126142591201">
		<name>2485</name>
		<cmt>Lieberose, Trebitz; Ortsmitte, an der Bushaltestelle</cmt>
		<desc>Lieberose, Trebitz; Ortsmitte, an der Bushaltestelle</desc>
		<src>LB Forst Brandenburg</src>
	</wpt>
	<wpt lat="52.017352588832487" lon="14.412121721339954">
		<name>2489</name>
		<cmt>Jamlitz, Leeskow; Ortsmitte Leeskow am Feuerlöschteich</cmt>
		<desc>Jamlitz, Leeskow; Ortsmitte Leeskow am Feuerlöschteich</desc>
		<src>LB Forst Brandenburg</src>
	</wpt>
	<wpt lat="52.025504360230947" lon="14.304456037031891">
		<name>2488</name>
		<cmt>Lieberose, Goschen; Kreuzung B 168, Abzweig Kreisstraße nach Goschen</cmt>
		<desc>Lieberose, Goschen; Kreuzung B 168, Abzweig Kreisstraße nach Goschen</desc>
		<src>LB Forst Brandenburg</src>
	</wpt>
	<wpt lat="51.665109832746687" lon="14.73684565222478">
		<name>2412</name>
		<cmt>Klein Bademeusel; Ausfahrt BAB 15;Richtung Jerischke Waldparkplatz</cmt>
		<desc>Klein Bademeusel; Ausfahrt BAB 15;Richtung Jerischke Waldparkplatz</desc>
		<src>LB Forst Brandenburg</src>
	</wpt>
	<wpt lat="51.99160674662005" lon="14.354846448910875">
		<name>2498</name>
		<cmt>Jamlitz, Jamlitz; Kreuzung B 320, Abzweig auf L 452 nach Leeskow</cmt>
		<desc>Jamlitz, Jamlitz; Kreuzung B 320, Abzweig auf L 452 nach Leeskow</desc>
		<src>LB Forst Brandenburg</src>
	</wpt>
	<wpt lat="53.056312491573152" lon="13.754972021996082">
		<name>1280</name>
		<cmt>Poratzer Kreuz; Straße Ringenwalde - Poratz, Abzweig Luisenau</cmt>
		<desc>Poratzer Kreuz; Straße Ringenwalde - Poratz, Abzweig Luisenau</desc>
		<src>LB Forst Brandenburg</src>
	</wpt>
	<wpt lat="53.063089133289964" lon="13.792687051191331">
		<name>1279</name>
		<cmt>Temmen-Ringenwalde, Poratz; Ortsmitte</cmt>
		<desc>Temmen-Ringenwalde, Poratz; Ortsmitte</desc>
		<src>LB Forst Brandenburg</src>
	</wpt>
	<wpt lat="53.058731645920176" lon="13.665809899970606">
		<name>1281</name>
		<cmt>Libbesicke, Temmen-Ringenwalde; Libbesicke Nr. 1</cmt>
		<desc>Libbesicke, Temmen-Ringenwalde; Libbesicke Nr. 1</desc>
		<src>LB Forst Brandenburg</src>
	</wpt>
	<wpt lat="53.074742725230628" lon="13.622586445279053">
		<name>1282</name>
		<cmt>Milmersdorf, Ahlimbsmühle; Ahlimbsmühle Brücke</cmt>
		<desc>Milmersdorf, Ahlimbsmühle; Ahlimbsmühle Brücke</desc>
		<src>LB Forst Brandenburg</src>
	</wpt>
	<wpt lat="53.10613131266863" lon="13.803124760857942">
		<name>1342</name>
		<cmt>Hessenhagen, Flieth-Stegelitz; Straße L241, Abzweig Hessenagen</cmt>
		<desc>Hessenhagen, Flieth-Stegelitz; Straße L241, Abzweig Hessenagen</desc>
		<src>LB Forst Brandenburg</src>
	</wpt>
	<wpt lat="53.086890335792837" lon="13.775454097241973">
		<name>1343</name>
		<cmt>Temmen-Ringenwalde, Neu Temmen; Kirche</cmt>
		<desc>Temmen-Ringenwalde, Neu Temmen; Kirche</desc>
		<src>LB Forst Brandenburg</src>
	</wpt>
	<wpt lat="53.091572069100849" lon="13.674828837433594">
		<name>1345</name>
		<cmt>Götschendorf, Milmersdorf; Götschendorf Bushaltestelle</cmt>
		<desc>Götschendorf, Milmersdorf; Götschendorf Bushaltestelle</desc>
		<src>LB Forst Brandenburg</src>
	</wpt>
	<wpt lat="53.096381222794122" lon="13.758985926887009">
		<name>1347</name>
		<cmt>Temmen-Ringenwalde,  Alt-Temmen; Bushaltestelle</cmt>
		<desc>Temmen-Ringenwalde,  Alt-Temmen; Bushaltestelle</desc>
		<src>LB Forst Brandenburg</src>
	</wpt>
	<wpt lat="53.111714731466449" lon="13.641342088418471">
		<name>1348</name>
		<cmt>Milmersdorf; Kirche</cmt>
		<desc>Milmersdorf; Kirche</desc>
		<src>LB Forst Brandenburg</src>
	</wpt>
	<wpt lat="53.091749400083152" lon="13.601717008206339">
		<name>1350</name>
		<cmt>Milmersdorf, Petersdorf; Kirche</cmt>
		<desc>Milmersdorf, Petersdorf; Kirche</desc>
		<src>LB Forst Brandenburg</src>
	</wpt>
	<wpt lat="53.13601422826406" lon="13.677744327834171">
		<name>1445</name>
		<cmt>Briesen, Gerswalde; Briesen Ortsmitte</cmt>
		<desc>Briesen, Gerswalde; Briesen Ortsmitte</desc>
		<src>LB Forst Brandenburg</src>
	</wpt>
	<wpt lat="52.00437477189309" lon="14.24454400023882">
		<name>2493</name>
		<cmt>Lieberose, Doberburg; Ortsmitte Doberburg, am Gemeindehaus</cmt>
		<desc>Lieberose, Doberburg; Ortsmitte Doberburg, am Gemeindehaus</desc>
		<src>LB Forst Brandenburg</src>
	</wpt>
	<wpt lat="51.745671662201808" lon="14.573966489939279">
		<name>2551</name>
		<cmt>Gosda; Alte Ziegelei, Ortsverbindung Gosda-Forst-Eulo</cmt>
		<desc>Gosda; Alte Ziegelei, Ortsverbindung Gosda-Forst-Eulo</desc>
		<src>LB Forst Brandenburg</src>
	</wpt>
	<wpt lat="53.057033657967089" lon="13.715053317954156">
		<name>1278</name>
		<cmt>Temmen-Ringenwalde, Ringenwalde; Kirche</cmt>
		<desc>Temmen-Ringenwalde, Ringenwalde; Kirche</desc>
		<src>LB Forst Brandenburg</src>
	</wpt>
	<wpt lat="52.986599437509241" lon="11.948998647801096">
		<name>1524</name>
		<cmt>Bad Wilsnack; L10 Einfahrt Forsthof Karthan</cmt>
		<desc>Bad Wilsnack; L10 Einfahrt Forsthof Karthan</desc>
		<src>LB Forst Brandenburg</src>
	</wpt>
	<wpt lat="52.988628938772798" lon="11.879994811190599">
		<name>1520</name>
		<cmt>Bad Wilsnack, Klein Lüben; L11 Brücke Bahn bei Kuhblank</cmt>
		<desc>Bad Wilsnack, Klein Lüben; L11 Brücke Bahn bei Kuhblank</desc>
		<src>LB Forst Brandenburg</src>
	</wpt>
	<wpt lat="53.145670246616191" lon="13.379290066473756">
		<name>1371</name>
		<cmt>Templin, Densow; Hauptstraße; Bushaltestelle-Dorfmitte</cmt>
		<desc>Templin, Densow; Hauptstraße; Bushaltestelle-Dorfmitte</desc>
		<src>LB Forst Brandenburg</src>
	</wpt>
	<wpt lat="53.114213514249336" lon="13.392558622071768">
		<name>1373</name>
		<cmt>Templin, Beutel; Beuteler Str. 60 a ; Feuerwehr</cmt>
		<desc>Templin, Beutel; Beuteler Str. 60 a ; Feuerwehr</desc>
		<src>LB Forst Brandenburg</src>
	</wpt>
	<wpt lat="53.161323159079402" lon="13.402822618335975">
		<name>1369</name>
		<cmt>Templin, Densow; Alt Placht Nr. 3; ehemalige Bushaltestelle</cmt>
		<desc>Templin, Densow; Alt Placht Nr. 3; ehemalige Bushaltestelle</desc>
		<src>LB Forst Brandenburg</src>
	</wpt>
	<wpt lat="53.177486650982587" lon="13.511456055490926">
		<name>1368</name>
		<cmt>Templin, Klosterwalde; Metzelthin 40; Bushaltestelle</cmt>
		<desc>Templin, Klosterwalde; Metzelthin 40; Bushaltestelle</desc>
		<src>LB Forst Brandenburg</src>
	</wpt>
	<wpt lat="53.171567598534089" lon="13.559732823484156">
		<name>2768</name>
		<cmt>Templin, Klosterwalde; Klosterwalder Dorfstraße 14; Bushaltestelle</cmt>
		<desc>Templin, Klosterwalde; Klosterwalder Dorfstraße 14; Bushaltestelle</desc>
		<src>LB Forst Brandenburg</src>
	</wpt>
	<wpt lat="52.962723321877618" lon="12.029212825600544">
		<name>1534</name>
		<cmt>Plattenburg, Plattenburg; Parkplatz Ortseingang</cmt>
		<desc>Plattenburg, Plattenburg; Parkplatz Ortseingang</desc>
		<src>LB Forst Brandenburg</src>
	</wpt>
	<wpt lat="52.166379464294053" lon="12.277692625499293">
		<name>2474</name>
		<cmt>Görzke, Hohenlobbese; Ortsanfang,  ehem. Gaststätte  Westpfah</cmt>
		<desc>Görzke, Hohenlobbese; Ortsanfang,  ehem. Gaststätte  Westpfah</desc>
		<src>LB Forst Brandenburg</src>
	</wpt>
	<wpt lat="52.170097428678098" lon="12.362338380496844">
		<name>2177</name>
		<cmt>Görzke; K 6938, Abzweig Reppinichen - Hohenlobbese</cmt>
		<desc>Görzke; K 6938, Abzweig Reppinichen - Hohenlobbese</desc>
		<src>LB Forst Brandenburg</src>
	</wpt>
	<wpt lat="52.43092662527981" lon="12.320975583387938">
		<name>2028</name>
		<cmt>Wusterwitz, Vehlen; Ortsmitte, Bergstraße - Ecke Schlagenthiner Straße</cmt>
		<desc>Wusterwitz, Vehlen; Ortsmitte, Bergstraße - Ecke Schlagenthiner Straße</desc>
		<src>LB Forst Brandenburg</src>
	</wpt>
	<wpt lat="52.175543230229145" lon="12.383153370878604">
		<name>2176</name>
		<cmt>Görzke; Nonnenheiderweg 8, Revierförsterei Hohenlobbese</cmt>
		<desc>Görzke; Nonnenheiderweg 8, Revierförsterei Hohenlobbese</desc>
		<src>LB Forst Brandenburg</src>
	</wpt>
	<wpt lat="52.196934622696901" lon="12.35184190294995">
		<name>2178</name>
		<cmt>Gräben, Rottstock; B 107, Freiwillige Feuerwehr/Kirche</cmt>
		<desc>Gräben, Rottstock; B 107, Freiwillige Feuerwehr/Kirche</desc>
		<src>LB Forst Brandenburg</src>
	</wpt>
	<wpt lat="52.212471016434172" lon="12.283323850505957">
		<name>2475</name>
		<cmt>Dretzen; Gemeindehaus/Sportplatz, Rev. Görzke</cmt>
		<desc>Dretzen; Gemeindehaus/Sportplatz, Rev. Görzke</desc>
		<src>LB Forst Brandenburg</src>
	</wpt>
	<wpt lat="52.001975584980144" lon="13.32835995313723">
		<name>2246</name>
		<cmt>Baruth/ Mark, Ließen; Ortsausgang (L70) Richt.Stülpe an Kläranlage</cmt>
		<desc>Baruth/ Mark, Ließen; Ortsausgang (L70) Richt.Stülpe an Kläranlage</desc>
		<src>LB Forst Brandenburg</src>
	</wpt>
	<wpt lat="52.963414039885109" lon="11.861453989442387">
		<name>1521</name>
		<cmt>Bad Wilsnack, Klein Lüben; L11 Klein Lüben  - Abzweig Bälow/Rühstedt</cmt>
		<desc>Bad Wilsnack, Klein Lüben; L11 Klein Lüben  - Abzweig Bälow/Rühstedt</desc>
		<src>LB Forst Brandenburg</src>
	</wpt>
	<wpt lat="52.047324915452307" lon="13.315015454676741">
		<name>2351</name>
		<cmt>Nuthe-Urstromtal, Stülpe; Sandstr.Ecke Kastanienweg- z.Grundschule Stülpe</cmt>
		<desc>Nuthe-Urstromtal, Stülpe; Sandstr.Ecke Kastanienweg- z.Grundschule Stülpe</desc>
		<src>LB Forst Brandenburg</src>
	</wpt>
	<wpt lat="51.988732818840035" lon="13.481784886984054">
		<name>2358</name>
		<cmt>Baruth/ Mark, Groß Ziescht; Kreuzung Groß Zieschter Dorfstraße, gegenüber Gasthof Bergemann-an der Trafostation</cmt>
		<desc>Baruth/ Mark, Groß Ziescht; Kreuzung Groß Zieschter Dorfstraße, gegenüber Gasthof Bergemann-an der Trafostation</desc>
		<src>LB Forst Brandenburg</src>
	</wpt>
	<wpt lat="51.632517726430962" lon="14.432879873505104">
		<name>2523</name>
		<cmt>Neuhausen, Bagenz; Bagenzer Hauptstr. Bahnunterführung</cmt>
		<desc>Neuhausen, Bagenz; Bagenzer Hauptstr. Bahnunterführung</desc>
		<src>LB Forst Brandenburg</src>
	</wpt>
	<wpt lat="52.097707005427914" lon="13.100358801040034">
		<name>2263</name>
		<cmt>Luckenwalde, Frankenfelde; L80 Zapfholzweg Richt. Frankenförde,Waldeinfahrt südwestl d.Abfahrt Frankenfelde</cmt>
		<desc>Luckenwalde, Frankenfelde; L80 Zapfholzweg Richt. Frankenförde,Waldeinfahrt südwestl d.Abfahrt Frankenfelde</desc>
		<src>LB Forst Brandenburg</src>
	</wpt>
	<wpt lat="52.393365734728043" lon="12.373340940497799">
		<name>2079</name>
		<cmt>Wusterwitz, Woltersdorf; L 96 von Woltersdorf kommend Waldeinfahrt links, unmittelbar vor Kanalbrücke</cmt>
		<desc>Wusterwitz, Woltersdorf; L 96 von Woltersdorf kommend Waldeinfahrt links, unmittelbar vor Kanalbrücke</desc>
		<src>LB Forst Brandenburg</src>
	</wpt>
	<wpt lat="52.373019880207046" lon="12.38348608346581">
		<name>2077</name>
		<cmt>Wusterwitz, Wusterwitz; L 96 Ortsmitte, Ernst-Thälmann-Straße 75, Dienstgebäude Obf Wusterwitz</cmt>
		<desc>Wusterwitz, Wusterwitz; L 96 Ortsmitte, Ernst-Thälmann-Straße 75, Dienstgebäude Obf Wusterwitz</desc>
		<src>LB Forst Brandenburg</src>
	</wpt>
	<wpt lat="52.359613862497184" lon="12.340033808808085">
		<name>2075</name>
		<cmt>Wusterwitz, Warchau; Ortsverbindungsstraße Warchau- Gollwitz, Ortsausgang Warchau in Richtung Gollwitz</cmt>
		<desc>Wusterwitz, Warchau; Ortsverbindungsstraße Warchau- Gollwitz, Ortsausgang Warchau in Richtung Gollwitz</desc>
		<src>LB Forst Brandenburg</src>
	</wpt>
	<wpt lat="52.324703087451219" lon="12.389528075818655">
		<name>2058</name>
		<cmt>Wusterwitz, Viesen; Viesener Weg, Viesen-Wusterwitz, Waldkante  850 m nördlich von Viesen</cmt>
		<desc>Wusterwitz, Viesen; Viesener Weg, Viesen-Wusterwitz, Waldkante  850 m nördlich von Viesen</desc>
		<src>LB Forst Brandenburg</src>
	</wpt>
	<wpt lat="52.321728658194459" lon="12.355481232771977">
		<name>2053</name>
		<cmt>Wusterwitz, Rogäsen; L96 Ziesar - Rogäsen, Ortseingang Rogäsen/Waffelfabrik</cmt>
		<desc>Wusterwitz, Rogäsen; L96 Ziesar - Rogäsen, Ortseingang Rogäsen/Waffelfabrik</desc>
		<src>LB Forst Brandenburg</src>
	</wpt>
	<wpt lat="51.967071563487579" lon="14.192224488251368">
		<name>2495</name>
		<cmt>Mochow; Waldparkplatz Alte Cottbuser Straße</cmt>
		<desc>Mochow; Waldparkplatz Alte Cottbuser Straße</desc>
		<src>LB Forst Brandenburg</src>
	</wpt>
	<wpt lat="52.637029772506359" lon="14.183219370099748">
		<name>2687</name>
		<cmt>Neuhardenberg,  Gottesgabe; B 167, Bushaltestelle</cmt>
		<desc>Neuhardenberg,  Gottesgabe; B 167, Bushaltestelle</desc>
		<src>LB Forst Brandenburg</src>
	</wpt>
	<wpt lat="52.620440372300315" lon="14.201407177288329">
		<name>2688</name>
		<cmt>Altfriedland; B 167, Parkplatz Altfriedland</cmt>
		<desc>Altfriedland; B 167, Parkplatz Altfriedland</desc>
		<src>LB Forst Brandenburg</src>
	</wpt>
	<wpt lat="52.703542657679215" lon="14.351612319569085">
		<name>2738</name>
		<cmt>Ortwig; Ortsrandlage auf dem Feld Ecke Ortwiger Hauptstraße // Bauerndorf</cmt>
		<desc>Ortwig; Ortsrandlage auf dem Feld Ecke Ortwiger Hauptstraße // Bauerndorf</desc>
		<src>LB Forst Brandenburg</src>
	</wpt>
	<wpt lat="52.645324280613472" lon="14.359845721952379">
		<name>2779</name>
		<cmt>Letschin; Ortslage Letschin, Karl-Marx-Straße 5</cmt>
		<desc>Letschin; Ortslage Letschin, Karl-Marx-Straße 5</desc>
		<src>LB Forst Brandenburg</src>
	</wpt>
	<wpt lat="52.612599101502987" lon="14.167680629959593">
		<name>2782</name>
		<cmt>Märkische Höhe, Ringenwalde; L34, Ecke Waldweg zur alten Försterei</cmt>
		<desc>Märkische Höhe, Ringenwalde; L34, Ecke Waldweg zur alten Försterei</desc>
		<src>LB Forst Brandenburg</src>
	</wpt>
	<wpt lat="52.58487055244553" lon="14.295312613639936">
		<name>2787</name>
		<cmt>Platkow - Neuhardenberg B 167; B167 Waldgebiet Platkow</cmt>
		<desc>Platkow - Neuhardenberg B 167; B167 Waldgebiet Platkow</desc>
		<src>LB Forst Brandenburg</src>
	</wpt>
	<wpt lat="52.47252950338013" lon="14.532840649366783">
		<name>2802</name>
		<cmt>Lebus, Podelzig; an der Festwiese</cmt>
		<desc>Lebus, Podelzig; an der Festwiese</desc>
		<src>LB Forst Brandenburg</src>
	</wpt>
	<wpt lat="52.400450375685324" lon="14.339165961946174">
		<name>2665</name>
		<cmt>Lebus, Petershagen; B 5, Bushaltestelle</cmt>
		<desc>Lebus, Petershagen; B 5, Bushaltestelle</desc>
		<src>LB Forst Brandenburg</src>
	</wpt>
	<wpt lat="52.339376875008746" lon="12.853309158698163">
		<name>2159</name>
		<cmt>Werder (Havel), Bliesendorf; FFW Bliesendorf</cmt>
		<desc>Werder (Havel), Bliesendorf; FFW Bliesendorf</desc>
		<src>LB Forst Brandenburg</src>
	</wpt>
	<wpt lat="51.90798559107418" lon="14.480883203749887">
		<name>2521</name>
		<cmt>Tauer; Parkplatz L50; 1200 m hinter Tauer Richtung Guben</cmt>
		<desc>Tauer; Parkplatz L50; 1200 m hinter Tauer Richtung Guben</desc>
		<src>LB Forst Brandenburg</src>
	</wpt>
	<wpt lat="52.1313750135186" lon="14.589861387207698">
		<name>2587</name>
		<cmt>Diehlo; K 6708, Ortseingangsschild</cmt>
		<desc>Diehlo; K 6708, Ortseingangsschild</desc>
		<src>LB Forst Brandenburg</src>
	</wpt>
	<wpt lat="52.129042136736324" lon="13.21773953976388">
		<name>2287</name>
		<cmt>Nuthe-Urstromtal, Woltersdorf; B 101, Anbinder Forsthaus Birkhorst (alteB101)</cmt>
		<desc>Nuthe-Urstromtal, Woltersdorf; B 101, Anbinder Forsthaus Birkhorst (alteB101)</desc>
		<src>LB Forst Brandenburg</src>
	</wpt>
	<wpt lat="51.739957113320763" lon="14.510047916311091">
		<name>2442</name>
		<cmt>Neuhausen/Spree, Kathlow; K 71 Kathlow-Klinge Waldparkplatz</cmt>
		<desc>Neuhausen/Spree, Kathlow; K 71 Kathlow-Klinge Waldparkplatz</desc>
		<src>LB Forst Brandenburg</src>
	</wpt>
	<wpt lat="51.741037757753674" lon="14.460944391411122">
		<name>2443</name>
		<cmt>Neuhausen/Spree, Kathlow; B 97 Abzweig Kathlower Mühle</cmt>
		<desc>Neuhausen/Spree, Kathlow; B 97 Abzweig Kathlower Mühle</desc>
		<src>LB Forst Brandenburg</src>
	</wpt>
	<wpt lat="51.738693043478079" lon="14.481042316807308">
		<name>2555</name>
		<cmt>Neuhausen/Spree, Kathlow; Kathlower Mühle, ehemalige Oberförsterei</cmt>
		<desc>Neuhausen/Spree, Kathlow; Kathlower Mühle, ehemalige Oberförsterei</desc>
		<src>LB Forst Brandenburg</src>
	</wpt>
	<wpt lat="52.311909059499484" lon="14.417929102307768">
		<name>2648</name>
		<cmt>Frankfurt (Oder), Lichtenberg; Vorwerk,</cmt>
		<desc>Frankfurt (Oder), Lichtenberg; Vorwerk,</desc>
		<src>LB Forst Brandenburg</src>
	</wpt>
	<wpt lat="52.316444541032851" lon="14.554152710286793">
		<name>2817</name>
		<cmt>Frankfurt (Oder); Einfahrt  Buschmühlenweg - Eichwaldweg</cmt>
		<desc>Frankfurt (Oder); Einfahrt  Buschmühlenweg - Eichwaldweg</desc>
		<src>LB Forst Brandenburg</src>
	</wpt>
	<wpt lat="52.307195892445606" lon="14.528943053292391">
		<name>2643</name>
		<cmt>Frankfurt(Oder), Güldendorf; B112, Kreuzung Eisenhüttenstädter Chaussee, Lossower Förstereiweg</cmt>
		<desc>Frankfurt(Oder), Güldendorf; B112, Kreuzung Eisenhüttenstädter Chaussee, Lossower Förstereiweg</desc>
		<src>LB Forst Brandenburg</src>
	</wpt>
	<wpt lat="52.285196182674021" lon="14.55028141684619">
		<name>2642</name>
		<cmt>Frankfurt (Oder), Lossow; L 381, Dorfteich</cmt>
		<desc>Frankfurt (Oder), Lossow; L 381, Dorfteich</desc>
		<src>LB Forst Brandenburg</src>
	</wpt>
	<wpt lat="52.235422819084896" lon="14.532688685826795">
		<name>2634</name>
		<cmt>Groß Lindow; Groß Lindow; L 373, Kirche</cmt>
		<desc>Groß Lindow; Groß Lindow; L 373, Kirche</desc>
		<src>LB Forst Brandenburg</src>
	</wpt>
	<wpt lat="52.246327984271339" lon="14.47668100915833">
		<name>2640</name>
		<cmt>Groß Lindow, Schlaubehammer; L 373, Gaststätte "Zur Waldschänke"</cmt>
		<desc>Groß Lindow, Schlaubehammer; L 373, Gaststätte "Zur Waldschänke"</desc>
		<src>LB Forst Brandenburg</src>
	</wpt>
	<wpt lat="53.029063281528686" lon="11.912413988319349">
		<name>1535</name>
		<cmt>Plattenburg, Uenze; Klinkr Waldkante</cmt>
		<desc>Plattenburg, Uenze; Klinkr Waldkante</desc>
		<src>LB Forst Brandenburg</src>
	</wpt>
	<wpt lat="52.092348981972826" lon="12.334429101040259">
		<name>2346</name>
		<cmt>Wiesenburg, Reetz; B246 Reetz Richtung Reuden, rechts vor altem Bahnübergang</cmt>
		<desc>Wiesenburg, Reetz; B246 Reetz Richtung Reuden, rechts vor altem Bahnübergang</desc>
		<src>LB Forst Brandenburg</src>
	</wpt>
	<wpt lat="52.692305272782242" lon="14.158269070522696">
		<name>1635</name>
		<cmt>Bliesdorf, Bliesdorf; Bildungswerk Bliesdorf in Bliesdorf, Kunersdorfer Weg 1</cmt>
		<desc>Bliesdorf, Bliesdorf; Bildungswerk Bliesdorf in Bliesdorf, Kunersdorfer Weg 1</desc>
		<src>LB Forst Brandenburg</src>
	</wpt>
	<wpt lat="52.053777823231435" lon="12.389646599445395">
		<name>2137</name>
		<cmt>Wiesenburg, Medewitz; L 841, abbiegen bis zum Bahnübergang (Bahn Wiesenburg- Rosslau)</cmt>
		<desc>Wiesenburg, Medewitz; L 841, abbiegen bis zum Bahnübergang (Bahn Wiesenburg- Rosslau)</desc>
		<src>LB Forst Brandenburg</src>
	</wpt>
	<wpt lat="52.526042820960782" lon="12.68935368913897">
		<name>2091</name>
		<cmt>Päwesin, Vogelgesang; OT Bagow,Vogelgesang</cmt>
		<desc>Päwesin, Vogelgesang; OT Bagow,Vogelgesang</desc>
		<src>LB Forst Brandenburg</src>
	</wpt>
	<wpt lat="51.997328441346028" lon="13.409188754509247">
		<name>2355</name>
		<cmt>Baruth/ Mark, Merzdorf; B 115, Ortsausgang Richtung Petkus, Rastplatz Abzweig Buckower Weg</cmt>
		<desc>Baruth/ Mark, Merzdorf; B 115, Ortsausgang Richtung Petkus, Rastplatz Abzweig Buckower Weg</desc>
		<src>LB Forst Brandenburg</src>
	</wpt>
	<wpt lat="52.690681236156067" lon="12.651825249853363">
		<name>1602</name>
		<cmt>Wiesenaue, Brädikow; Feuerwehr, Unter den Linden</cmt>
		<desc>Wiesenaue, Brädikow; Feuerwehr, Unter den Linden</desc>
		<src>LB Forst Brandenburg</src>
	</wpt>
	<wpt lat="51.669390287057674" lon="14.520665849098068">
		<name>2423</name>
		<cmt>Wiesengrund, Trebendorf; L48 zwischen Gablenz u. Bohsdorf Vorwerk,Trafohaus</cmt>
		<desc>Wiesengrund, Trebendorf; L48 zwischen Gablenz u. Bohsdorf Vorwerk,Trafohaus</desc>
		<src>LB Forst Brandenburg</src>
	</wpt>
	<wpt lat="51.843936234407302" lon="13.411940820094321">
		<name>2379</name>
		<cmt>Dahme, Dahme; Landstrasse nach Herzberg, Beginn des Waldgebietes im Bereich der Wegekreuzung am Radweg</cmt>
		<desc>Dahme, Dahme; Landstrasse nach Herzberg, Beginn des Waldgebietes im Bereich der Wegekreuzung am Radweg</desc>
		<src>LB Forst Brandenburg</src>
	</wpt>
	<wpt lat="51.972165121142091" lon="12.788070567940675">
		<name>2226</name>
		<cmt>Niedergörsdorf, Wergzahna; K7213 - Dorfstraße, Ortsmitte - Kreuzung K7213 nach Marzahna</cmt>
		<desc>Niedergörsdorf, Wergzahna; K7213 - Dorfstraße, Ortsmitte - Kreuzung K7213 nach Marzahna</desc>
		<src>LB Forst Brandenburg</src>
	</wpt>
	<wpt lat="51.95631571374912" lon="12.888557602290977">
		<name>2228</name>
		<cmt>Niedergörsdorf, Blönsdorf; L82 - Dorfstraße, Ortslage- Kreuzung L82 vor der Schule - Abzweig zur Bahnunterführung (neue L82)</cmt>
		<desc>Niedergörsdorf, Blönsdorf; L82 - Dorfstraße, Ortslage- Kreuzung L82 vor der Schule - Abzweig zur Bahnunterführung (neue L82)</desc>
		<src>LB Forst Brandenburg</src>
	</wpt>
	<wpt lat="51.951421050047209" lon="12.909266008463565">
		<name>2229</name>
		<cmt>Niedergörsdorf, Seehausen; L82 - Bahnhofstraße, Ortslage - Gaststätte in der Kurve</cmt>
		<desc>Niedergörsdorf, Seehausen; L82 - Bahnhofstraße, Ortslage - Gaststätte in der Kurve</desc>
		<src>LB Forst Brandenburg</src>
	</wpt>
	<wpt lat="51.932509211238688" lon="12.969135321199058">
		<name>2230</name>
		<cmt>Niedergörsdorf, Gölsdorf; K7212 zw. Gölsdorf u. Morxdorf, von Gölsdorf aus 2,2 Km - Abzweig nach Waidmannsruh</cmt>
		<desc>Niedergörsdorf, Gölsdorf; K7212 zw. Gölsdorf u. Morxdorf, von Gölsdorf aus 2,2 Km - Abzweig nach Waidmannsruh</desc>
		<src>LB Forst Brandenburg</src>
	</wpt>
	<wpt lat="52.01294292518137" lon="13.00261119081136">
		<name>2269</name>
		<cmt>Niedergörsdorf, Altes lager; B102 Treuenbrietzener Straße, Kreuzung B102 - Hohlweg (am Friedhof) bzw. Einfahrt zum Speedbowling</cmt>
		<desc>Niedergörsdorf, Altes lager; B102 Treuenbrietzener Straße, Kreuzung B102 - Hohlweg (am Friedhof) bzw. Einfahrt zum Speedbowling</desc>
		<src>LB Forst Brandenburg</src>
	</wpt>
	<wpt lat="52.012344456227353" lon="12.941482968579475">
		<name>2275</name>
		<cmt>Niedergörsdorf, Malterhausen; L812 - Siedlung, Kreuzung "Straße zum Sportplatz"</cmt>
		<desc>Niedergörsdorf, Malterhausen; L812 - Siedlung, Kreuzung "Straße zum Sportplatz"</desc>
		<src>LB Forst Brandenburg</src>
	</wpt>
	<wpt lat="52.655978419235232" lon="12.616890864610212">
		<name>1590</name>
		<cmt>Mühlenberge, Senzke; Kirche Senzke</cmt>
		<desc>Mühlenberge, Senzke; Kirche Senzke</desc>
		<src>LB Forst Brandenburg</src>
	</wpt>
	<wpt lat="51.767970384055261" lon="14.593916995912284">
		<name>2433</name>
		<cmt>Mulknitz; K7110 Mulknitz Kirche;</cmt>
		<desc>Mulknitz; K7110 Mulknitz Kirche;</desc>
		<src>LB Forst Brandenburg</src>
	</wpt>
	<wpt lat="51.674879718264997" lon="14.625142350039154">
		<name>2420</name>
		<cmt>Groß Schacksdorf; Waldsiedlung ehemaliger Fliegerhorst, P 36 Bushaltestelle</cmt>
		<desc>Groß Schacksdorf; Waldsiedlung ehemaliger Fliegerhorst, P 36 Bushaltestelle</desc>
		<src>LB Forst Brandenburg</src>
	</wpt>
	<wpt lat="51.569176899822146" lon="14.331307081490072">
		<name>2534</name>
		<cmt>Spremberg; Parkplatz Rodelberg (Hochkippe Pulsberg);</cmt>
		<desc>Spremberg; Parkplatz Rodelberg (Hochkippe Pulsberg);</desc>
		<src>LB Forst Brandenburg</src>
	</wpt>
	<wpt lat="51.742443771086528" lon="14.3937928345802">
		<name>2446</name>
		<cmt>Cottbus, Branitz; L49 Branitz Wappenhaus</cmt>
		<desc>Cottbus, Branitz; L49 Branitz Wappenhaus</desc>
		<src>LB Forst Brandenburg</src>
	</wpt>
	<wpt lat="52.686514251678403" lon="13.414923323059167">
		<name>1704</name>
		<cmt>Wandlitz, Schönwalde; Einmündung Summter Pflasterdamm in die schlossstrasse</cmt>
		<desc>Wandlitz, Schönwalde; Einmündung Summter Pflasterdamm in die schlossstrasse</desc>
		<src>LB Forst Brandenburg</src>
	</wpt>
	<wpt lat="52.692863465293627" lon="13.443572774571233">
		<name>1705</name>
		<cmt>Wandlitz, Basdorf; Parklplatz an der B 109 zwischen Basdorf und Schönwalde</cmt>
		<desc>Wandlitz, Basdorf; Parklplatz an der B 109 zwischen Basdorf und Schönwalde</desc>
		<src>LB Forst Brandenburg</src>
	</wpt>
	<wpt lat="51.65131249590241" lon="14.360962410705042">
		<name>2459</name>
		<cmt>Neuhausen, Kl. Döbbern; B 97, Schäferberg, Abzweig Spree Camp</cmt>
		<desc>Neuhausen, Kl. Döbbern; B 97, Schäferberg, Abzweig Spree Camp</desc>
		<src>LB Forst Brandenburg</src>
	</wpt>
	<wpt lat="51.969627294811708" lon="12.861937749517219">
		<name>2227</name>
		<cmt>Niedergörsdorf, Kurzlipsdorf; L82 - Dorfstraße, Ortslage - Kreuzung L82 und K7215</cmt>
		<desc>Niedergörsdorf, Kurzlipsdorf; L82 - Dorfstraße, Ortslage - Kreuzung L82 und K7215</desc>
		<src>LB Forst Brandenburg</src>
	</wpt>
	<wpt lat="51.716614024842883" lon="14.458161668116954">
		<name>2445</name>
		<cmt>Neuhausen/Spree, Roggosen; B 97 Abzweig EHLEGO</cmt>
		<desc>Neuhausen/Spree, Roggosen; B 97 Abzweig EHLEGO</desc>
		<src>LB Forst Brandenburg</src>
	</wpt>
	<wpt lat="51.68770078160577" lon="14.504803038725955">
		<name>2424</name>
		<cmt>Neuhausen/Spree, Gablenz; L48, Parkplatz am Hofladen</cmt>
		<desc>Neuhausen/Spree, Gablenz; L48, Parkplatz am Hofladen</desc>
		<src>LB Forst Brandenburg</src>
	</wpt>
	<wpt lat="51.695874575332461" lon="14.567098298718511">
		<name>2435</name>
		<cmt>Wiesengrund, Jethe; Kreisstraße 7109, Einfahrt Eichenweg (Fahrradstraße)</cmt>
		<desc>Wiesengrund, Jethe; Kreisstraße 7109, Einfahrt Eichenweg (Fahrradstraße)</desc>
		<src>LB Forst Brandenburg</src>
	</wpt>
	<wpt lat="53.23868747539791" lon="11.873037961204455">
		<name>1484</name>
		<cmt>Berge, Flur 2, Flstk 150; L10 / Parkplatz Nahkauf</cmt>
		<desc>Berge, Flur 2, Flstk 150; L10 / Parkplatz Nahkauf</desc>
		<src>LB Forst Brandenburg</src>
	</wpt>
	<wpt lat="53.204163036621594" lon="11.929761910492145">
		<name>1479</name>
		<cmt>Schönholz, Gem.Gülitz, Fl. 5, Flstk. 19/1; L 13, Othilienweg - Schönholz</cmt>
		<desc>Schönholz, Gem.Gülitz, Fl. 5, Flstk. 19/1; L 13, Othilienweg - Schönholz</desc>
		<src>LB Forst Brandenburg</src>
	</wpt>
	<wpt lat="53.181679371022668" lon="11.877141677046858">
		<name>1473</name>
		<cmt>Reetz, Flur 3, Flstk. 305; Gaststätte Muhs / an der L13</cmt>
		<desc>Reetz, Flur 3, Flstk. 305; Gaststätte Muhs / an der L13</desc>
		<src>LB Forst Brandenburg</src>
	</wpt>
	<wpt lat="53.149197100098505" lon="11.883351136063975">
		<name>1478</name>
		<cmt>Gulow, Flur 4, Flstk. 30/1; L 13 Abzweig Stallanlage - Waage</cmt>
		<desc>Gulow, Flur 4, Flstk. 30/1; L 13 Abzweig Stallanlage - Waage</desc>
		<src>LB Forst Brandenburg</src>
	</wpt>
	<wpt lat="53.163049728936784" lon="11.959364639242118">
		<name>1618</name>
		<cmt>Hohenvier, Flur 1, Flstk. 21/1; Kreuzung L103/Dorfstraße/Friedhof</cmt>
		<desc>Hohenvier, Flur 1, Flstk. 21/1; Kreuzung L103/Dorfstraße/Friedhof</desc>
		<src>LB Forst Brandenburg</src>
	</wpt>
	<wpt lat="53.105475133308111" lon="11.955365125717885">
		<name>1550</name>
		<cmt>Rohlsdorf, Flur 1, Flstk. 19; B 189, Abzweig ins Dorf/Festplatz</cmt>
		<desc>Rohlsdorf, Flur 1, Flstk. 19; B 189, Abzweig ins Dorf/Festplatz</desc>
		<src>LB Forst Brandenburg</src>
	</wpt>
	<wpt lat="53.11753706439962" lon="11.811674377171924">
		<name>1483</name>
		<cmt>Perleberg, Schönfeld, Fl. 1, Flstk. 4; B5 gegenüber Abzweig Schönfeld</cmt>
		<desc>Perleberg, Schönfeld, Fl. 1, Flstk. 4; B5 gegenüber Abzweig Schönfeld</desc>
		<src>LB Forst Brandenburg</src>
	</wpt>
	<wpt lat="51.944791463196367" lon="14.516239614991065">
		<name>2560</name>
		<cmt>Strusewiese nähe Kleinsee; Zwischen Tauer und Bärenklau; L 50, Bushaltestelle Kleinseeabzweig, Strusewiese Nähe Waldschule Kleinsee</cmt>
		<desc>Strusewiese nähe Kleinsee; Zwischen Tauer und Bärenklau; L 50, Bushaltestelle Kleinseeabzweig, Strusewiese Nähe Waldschule Kleinsee</desc>
		<src>LB Forst Brandenburg</src>
	</wpt>
	<wpt lat="51.896122458948618" lon="14.452777890615028">
		<name>2520</name>
		<cmt>Tauer; L 50 Hauptstraße, Feuerwehr Ortsmitte</cmt>
		<desc>Tauer; L 50 Hauptstraße, Feuerwehr Ortsmitte</desc>
		<src>LB Forst Brandenburg</src>
	</wpt>
	<wpt lat="52.325510404123868" lon="13.532158506656643">
		<name>1210</name>
		<cmt>Schönefeld, Kiekebusch; Str.von Kiekebusch nach Karlshof, nach ca 2,0 km auf der Plattenstraße Richtung A10 an der Waldkante</cmt>
		<desc>Schönefeld, Kiekebusch; Str.von Kiekebusch nach Karlshof, nach ca 2,0 km auf der Plattenstraße Richtung A10 an der Waldkante</desc>
		<src>LB Forst Brandenburg</src>
	</wpt>
	<wpt lat="52.020986384089689" lon="12.533763960552831">
		<name>2142</name>
		<cmt>Wiesenburg, Klepzig; L 831, Bushaltestelle</cmt>
		<desc>Wiesenburg, Klepzig; L 831, Bushaltestelle</desc>
		<src>LB Forst Brandenburg</src>
	</wpt>
	<wpt lat="52.020674391965365" lon="12.556002481000188">
		<name>2303</name>
		<cmt>Wiesenburg, Klepzig; L 831, Abzweig Zehrensdorf</cmt>
		<desc>Wiesenburg, Klepzig; L 831, Abzweig Zehrensdorf</desc>
		<src>LB Forst Brandenburg</src>
	</wpt>
	<wpt lat="52.041524096225928" lon="12.575853526207178">
		<name>2143</name>
		<cmt>Rabenstein, Raben; Brennereiweg, Parkplatz</cmt>
		<desc>Rabenstein, Raben; Brennereiweg, Parkplatz</desc>
		<src>LB Forst Brandenburg</src>
	</wpt>
	<wpt lat="52.033809315096889" lon="12.582268308703153">
		<name>2304</name>
		<cmt>Rabenstein, Raben; Parkplatz Burg Rabenstein</cmt>
		<desc>Rabenstein, Raben; Parkplatz Burg Rabenstein</desc>
		<src>LB Forst Brandenburg</src>
	</wpt>
	<wpt lat="52.064218780072245" lon="12.57377382145698">
		<name>2307</name>
		<cmt>Rabenstein, Rädigke; L 84 Rabener Knie, Straße von Grubo nach Raben</cmt>
		<desc>Rabenstein, Rädigke; L 84 Rabener Knie, Straße von Grubo nach Raben</desc>
		<src>LB Forst Brandenburg</src>
	</wpt>
	<wpt lat="52.052879276565044" lon="12.620064488381905">
		<name>2117</name>
		<cmt>Rabenstein, Rädigke; Dorfanger (Muffelgehege)</cmt>
		<desc>Rabenstein, Rädigke; Dorfanger (Muffelgehege)</desc>
		<src>LB Forst Brandenburg</src>
	</wpt>
	<wpt lat="52.832800199143641" lon="12.449970762422765">
		<name>1490</name>
		<cmt>Neustadt (Dosse), Neustadt; L 141 Richtung Dreetz, Abzw. Jadenshofer Weg</cmt>
		<desc>Neustadt (Dosse), Neustadt; L 141 Richtung Dreetz, Abzw. Jadenshofer Weg</desc>
		<src>LB Forst Brandenburg</src>
	</wpt>
	<wpt lat="52.797962088969633" lon="12.527908701565655">
		<name>1422</name>
		<cmt>Dreetz, Dreetz; L 141, BÜ Segeletzer Bahnhof, Denkmal</cmt>
		<desc>Dreetz, Dreetz; L 141, BÜ Segeletzer Bahnhof, Denkmal</desc>
		<src>LB Forst Brandenburg</src>
	</wpt>
	<wpt lat="51.463972802914611" lon="13.778060227518408">
		<name>1811</name>
		<cmt>Lauchhammer - Süd; B 169 Lauchhammer- Schwarzheide, Abzw. rechts Bärhaus</cmt>
		<desc>Lauchhammer - Süd; B 169 Lauchhammer- Schwarzheide, Abzw. rechts Bärhaus</desc>
		<src>LB Forst Brandenburg</src>
	</wpt>
	<wpt lat="52.334445148654773" lon="13.688450555567595">
		<name>2804</name>
		<cmt>Königs Wusterhausen, Wernsdorf; Kleiner Stern - Krummeluchstrasse Kreuzung Lichtleitung</cmt>
		<desc>Königs Wusterhausen, Wernsdorf; Kleiner Stern - Krummeluchstrasse Kreuzung Lichtleitung</desc>
		<src>LB Forst Brandenburg</src>
	</wpt>
	<wpt lat="52.139327065428056" lon="14.493351307129753">
		<name>2585</name>
		<cmt>Schlaubetal, Bremsdorf; B 246, Gaststätte, Kreuzung</cmt>
		<desc>Schlaubetal, Bremsdorf; B 246, Gaststätte, Kreuzung</desc>
		<src>LB Forst Brandenburg</src>
	</wpt>
	<wpt lat="52.136323944099054" lon="14.462820226690933">
		<name>2591</name>
		<cmt>Schlaubetal, Bremsdorf; B246, Parkplatz Bremsdorfer Mühle</cmt>
		<desc>Schlaubetal, Bremsdorf; B246, Parkplatz Bremsdorfer Mühle</desc>
		<src>LB Forst Brandenburg</src>
	</wpt>
	<wpt lat="52.142537539646618" lon="14.416261867716599">
		<name>2610</name>
		<cmt>Grunow-Dammendorf, Dammendorf; Dammendorf; B 246, Bushaltestelle</cmt>
		<desc>Grunow-Dammendorf, Dammendorf; Dammendorf; B 246, Bushaltestelle</desc>
		<src>LB Forst Brandenburg</src>
	</wpt>
	<wpt lat="52.15730081686408" lon="14.394370229136861">
		<name>2609</name>
		<cmt>Grunow-Dammendorf, Grunow; B 246, Kirche</cmt>
		<desc>Grunow-Dammendorf, Grunow; B 246, Kirche</desc>
		<src>LB Forst Brandenburg</src>
	</wpt>
	<wpt lat="52.08759432633498" lon="12.750330130321474">
		<name>2110</name>
		<cmt>Haseloff; B 102 Ortsausgang Haseloff nach Niemegk</cmt>
		<desc>Haseloff; B 102 Ortsausgang Haseloff nach Niemegk</desc>
		<src>LB Forst Brandenburg</src>
	</wpt>
	<wpt lat="53.059411526050724" lon="12.326000665956306">
		<name>1547</name>
		<cmt>Heiligengrabe, Dahlhausen; L 15, Einfahrt Waldhof</cmt>
		<desc>Heiligengrabe, Dahlhausen; L 15, Einfahrt Waldhof</desc>
		<src>LB Forst Brandenburg</src>
	</wpt>
	<wpt lat="53.077034936347772" lon="12.339183630483358">
		<name>1553</name>
		<cmt>Heiligengrabe, Blumenthal; Blumenthal Kreuzung Straße der Einheit/ Straße der Solidarität</cmt>
		<desc>Heiligengrabe, Blumenthal; Blumenthal Kreuzung Straße der Einheit/ Straße der Solidarität</desc>
		<src>LB Forst Brandenburg</src>
	</wpt>
	<wpt lat="53.044154051816882" lon="12.371269035332645">
		<name>1554</name>
		<cmt>Heilgengrabe, Rosenwinkel; Rosenwinkel Kreuzung</cmt>
		<desc>Heilgengrabe, Rosenwinkel; Rosenwinkel Kreuzung</desc>
		<src>LB Forst Brandenburg</src>
	</wpt>
	<wpt lat="53.061628988521356" lon="12.434864448711439">
		<name>1414</name>
		<cmt>Heiligengrabe, Königsberg; Ortsmitte, Feuerwehr</cmt>
		<desc>Heiligengrabe, Königsberg; Ortsmitte, Feuerwehr</desc>
		<src>LB Forst Brandenburg</src>
	</wpt>
	<wpt lat="52.810930974853129" lon="12.260256346644379">
		<name>2757</name>
		<cmt>Breddin, Joachimshof; Straße nach Damerow, Schöpfwerk Dammgraben</cmt>
		<desc>Breddin, Joachimshof; Straße nach Damerow, Schöpfwerk Dammgraben</desc>
		<src>LB Forst Brandenburg</src>
	</wpt>
	<wpt lat="53.091642363062192" lon="13.712031280636728">
		<name>1346</name>
		<cmt>Gerswalde, Temmener Kreuz; Einfahrt L 23 nach Arnimswalde am Temmener Kreuz</cmt>
		<desc>Gerswalde, Temmener Kreuz; Einfahrt L 23 nach Arnimswalde am Temmener Kreuz</desc>
		<src>LB Forst Brandenburg</src>
	</wpt>
	<wpt lat="51.854858420518234" lon="13.490384120232331">
		<name>2375</name>
		<cmt>Dahme, Sieb; B102, Richtung Dahme Bushaltestelle</cmt>
		<desc>Dahme, Sieb; B102, Richtung Dahme Bushaltestelle</desc>
		<src>LB Forst Brandenburg</src>
	</wpt>
	<wpt lat="53.130252079347741" lon="12.344680717894253">
		<name>1574</name>
		<cmt>Heiligengrabe, Heiligengrabe; Zur Roten Brücke (Walderlebnisspfad), Wanderparkplatz hinter Putenfarm</cmt>
		<desc>Heiligengrabe, Heiligengrabe; Zur Roten Brücke (Walderlebnisspfad), Wanderparkplatz hinter Putenfarm</desc>
		<src>LB Forst Brandenburg</src>
	</wpt>
	<wpt lat="53.150156374616785" lon="12.343114576333134">
		<name>1576</name>
		<cmt>Heiligengrabe, Heiligengrabe; Bahnhof, Heiligengrabe, K6824 Ecke Wilmersdorfer Weg</cmt>
		<desc>Heiligengrabe, Heiligengrabe; Bahnhof, Heiligengrabe, K6824 Ecke Wilmersdorfer Weg</desc>
		<src>LB Forst Brandenburg</src>
	</wpt>
	<wpt lat="52.85409959209823" lon="12.312097431559121">
		<name>1494</name>
		<cmt>Zernitz-Lohm, Lohm; Lohmer Dorfstr. 72 , Revierförsterei</cmt>
		<desc>Zernitz-Lohm, Lohm; Lohmer Dorfstr. 72 , Revierförsterei</desc>
		<src>LB Forst Brandenburg</src>
	</wpt>
	<wpt lat="52.786259152146819" lon="12.47927616516909">
		<name>1489</name>
		<cmt>Dreetz, Dreetz; Bartschendorfer Straße 13, Parkplatz Arboretum / Revierförsterei</cmt>
		<desc>Dreetz, Dreetz; Bartschendorfer Straße 13, Parkplatz Arboretum / Revierförsterei</desc>
		<src>LB Forst Brandenburg</src>
	</wpt>
	<wpt lat="52.799083649362515" lon="12.497160981925694">
		<name>1491</name>
		<cmt>Dreetz, Dreetz; L 141, Waldparkplatz Schäferberg</cmt>
		<desc>Dreetz, Dreetz; L 141, Waldparkplatz Schäferberg</desc>
		<src>LB Forst Brandenburg</src>
	</wpt>
	<wpt lat="52.793259196347556" lon="12.513710896743202">
		<name>1488</name>
		<cmt>Dreetz, Dreetz; L 141, Abzweig Michaelisbruch km 2,6</cmt>
		<desc>Dreetz, Dreetz; L 141, Abzweig Michaelisbruch km 2,6</desc>
		<src>LB Forst Brandenburg</src>
	</wpt>
	<wpt lat="52.847288530302585" lon="12.413586016133266">
		<name>1493</name>
		<cmt>Neustadt (Dosse); Parkplatz am Pferdegrab/Gestütswald Neustadt</cmt>
		<desc>Neustadt (Dosse); Parkplatz am Pferdegrab/Gestütswald Neustadt</desc>
		<src>LB Forst Brandenburg</src>
	</wpt>
	<wpt lat="52.875034051563468" lon="12.331867395064309">
		<name>2753</name>
		<cmt>Zernitz-Lohm, Krüllenkempe; L 14 Bushaltestelle Krüllenkempe, Waldeingang</cmt>
		<desc>Zernitz-Lohm, Krüllenkempe; L 14 Bushaltestelle Krüllenkempe, Waldeingang</desc>
		<src>LB Forst Brandenburg</src>
	</wpt>
	<wpt lat="52.894523265523148" lon="12.343376607129033">
		<name>1495</name>
		<cmt>Zernitz-Lohm, Zernitz - Bahnhof; Straße nach Schönermark, Waldeingang</cmt>
		<desc>Zernitz-Lohm, Zernitz - Bahnhof; Straße nach Schönermark, Waldeingang</desc>
		<src>LB Forst Brandenburg</src>
	</wpt>
	<wpt lat="52.809540761399404" lon="12.311403671609005">
		<name>2749</name>
		<cmt>Neustadt (Dosse), Babe; Kastanienallee 1 / Hauptstraße, Bushaltestelle</cmt>
		<desc>Neustadt (Dosse), Babe; Kastanienallee 1 / Hauptstraße, Bushaltestelle</desc>
		<src>LB Forst Brandenburg</src>
	</wpt>
	<wpt lat="52.992678510363049" lon="13.524620440652837">
		<name>1273</name>
		<cmt>Templin, Groß Dölln; Kleine Dellenstraße 35, Nähe Kirche</cmt>
		<desc>Templin, Groß Dölln; Kleine Dellenstraße 35, Nähe Kirche</desc>
		<src>LB Forst Brandenburg</src>
	</wpt>
	<wpt lat="53.006661364963179" lon="13.550628537616536">
		<name>1274</name>
		<cmt>Templin, Groß Dölln; Groß Väter 2; Gaststätte</cmt>
		<desc>Templin, Groß Dölln; Groß Väter 2; Gaststätte</desc>
		<src>LB Forst Brandenburg</src>
	</wpt>
	<wpt lat="53.022143624882979" lon="13.602955082951556">
		<name>1275</name>
		<cmt>Templin, Groß Dölln; L100, Abfahrt Bebersee-Waldparkplatz</cmt>
		<desc>Templin, Groß Dölln; L100, Abfahrt Bebersee-Waldparkplatz</desc>
		<src>LB Forst Brandenburg</src>
	</wpt>
	<wpt lat="52.817949859026889" lon="12.312957771330311">
		<name>2750</name>
		<cmt>Neustadt (Dosse), Roddahn; L 14 Roddahn-Babe,km 2,6, Waldparkplatz</cmt>
		<desc>Neustadt (Dosse), Roddahn; L 14 Roddahn-Babe,km 2,6, Waldparkplatz</desc>
		<src>LB Forst Brandenburg</src>
	</wpt>
	<wpt lat="53.050056934298212" lon="13.60531074184575">
		<name>1276</name>
		<cmt>Templin, Gollin; Golliner Dorfstraße 18</cmt>
		<desc>Templin, Gollin; Golliner Dorfstraße 18</desc>
		<src>LB Forst Brandenburg</src>
	</wpt>
	<wpt lat="53.049162279271954" lon="13.644301390332346">
		<name>1277</name>
		<cmt>Templin, Gollin; Reiersdorf 3; LW-Oberförsterei</cmt>
		<desc>Templin, Gollin; Reiersdorf 3; LW-Oberförsterei</desc>
		<src>LB Forst Brandenburg</src>
	</wpt>
	<wpt lat="53.045094814980374" lon="13.533800547692852">
		<name>1351</name>
		<cmt>Templin, Vietmannsdorf; Vietmannsdorf; Uhlenhof 11; Wasserwerk</cmt>
		<desc>Templin, Vietmannsdorf; Vietmannsdorf; Uhlenhof 11; Wasserwerk</desc>
		<src>LB Forst Brandenburg</src>
	</wpt>
	<wpt lat="53.054303009465123" lon="13.571924461591873">
		<name>1353</name>
		<cmt>Templin, Vietmannsdorf; Gut Gollin; an der L 216</cmt>
		<desc>Templin, Vietmannsdorf; Gut Gollin; an der L 216</desc>
		<src>LB Forst Brandenburg</src>
	</wpt>
	<wpt lat="53.012915020625805" lon="13.651755489758953">
		<name>1358</name>
		<cmt>Templin, Gollin; Wucker 3, Torwärterhäuser</cmt>
		<desc>Templin, Gollin; Wucker 3, Torwärterhäuser</desc>
		<src>LB Forst Brandenburg</src>
	</wpt>
	<wpt lat="53.046993040535696" lon="13.440788353492625">
		<name>1359</name>
		<cmt>Templin, Storkow; Storkower Dorfstraße 43; Feuerwehr</cmt>
		<desc>Templin, Storkow; Storkower Dorfstraße 43; Feuerwehr</desc>
		<src>LB Forst Brandenburg</src>
	</wpt>
	<wpt lat="53.024484778360836" lon="13.479896083007155">
		<name>1361</name>
		<cmt>Templin, Grunewald; Grunewald; Grunewalder Dorfstraße 54</cmt>
		<desc>Templin, Grunewald; Grunewald; Grunewalder Dorfstraße 54</desc>
		<src>LB Forst Brandenburg</src>
	</wpt>
	<wpt lat="53.074520421935325" lon="13.43798243959051">
		<name>1354</name>
		<cmt>Templin, Hammelspring; Hammelspring; Vogelsang Str., B109, Autohaus Franzke</cmt>
		<desc>Templin, Hammelspring; Hammelspring; Vogelsang Str., B109, Autohaus Franzke</desc>
		<src>LB Forst Brandenburg</src>
	</wpt>
	<wpt lat="53.090386111495377" lon="13.50584269265269">
		<name>1355</name>
		<cmt>Templin; Vietmansdorfer Str., Waldkante links vor Abzweig Heinrichshof</cmt>
		<desc>Templin; Vietmansdorfer Str., Waldkante links vor Abzweig Heinrichshof</desc>
		<src>LB Forst Brandenburg</src>
	</wpt>
	<wpt lat="53.104027957502382" lon="13.526434877724251">
		<name>1356</name>
		<cmt>Templin; Dargersdorfer Str., Abzweig Forstbaumschule, zur Buchheide</cmt>
		<desc>Templin; Dargersdorfer Str., Abzweig Forstbaumschule, zur Buchheide</desc>
		<src>LB Forst Brandenburg</src>
	</wpt>
	<wpt lat="53.124037965646416" lon="13.525967110437531">
		<name>1357</name>
		<cmt>Templin; Prenzlauer Allee, IfL</cmt>
		<desc>Templin; Prenzlauer Allee, IfL</desc>
		<src>LB Forst Brandenburg</src>
	</wpt>
	<wpt lat="53.106528074710312" lon="13.447504836880123">
		<name>1372</name>
		<cmt>Templin, Röddelin; Abzweig Schulzenfelde</cmt>
		<desc>Templin, Röddelin; Abzweig Schulzenfelde</desc>
		<src>LB Forst Brandenburg</src>
	</wpt>
	<wpt lat="51.82516893677365" lon="13.392715894371198">
		<name>2380</name>
		<cmt>Ihlow, Bollensdorf; Ortsverbindungsstraße Bollensdorf-Körba, Friedhof</cmt>
		<desc>Ihlow, Bollensdorf; Ortsverbindungsstraße Bollensdorf-Körba, Friedhof</desc>
		<src>LB Forst Brandenburg</src>
	</wpt>
	<wpt lat="53.10330342980815" lon="12.5966212758171">
		<name>2829</name>
		<cmt>Wittstock, Gadow; Glashütte</cmt>
		<desc>Wittstock, Gadow; Glashütte</desc>
		<src>LB Forst Brandenburg</src>
	</wpt>
	<wpt lat="51.86318182424089" lon="13.462016303222144">
		<name>2374</name>
		<cmt>Dahme, Rosenthal; Hauptstraße, Ecke Gaststätte / Kindergarten</cmt>
		<desc>Dahme, Rosenthal; Hauptstraße, Ecke Gaststätte / Kindergarten</desc>
		<src>LB Forst Brandenburg</src>
	</wpt>
	<wpt lat="52.606397983081763" lon="14.034158050304473">
		<name>2703</name>
		<cmt>Oberbarnim, Grunow; Buswendeschleife Grunow</cmt>
		<desc>Oberbarnim, Grunow; Buswendeschleife Grunow</desc>
		<src>LB Forst Brandenburg</src>
	</wpt>
	<wpt lat="52.588604116555906" lon="14.103496040020248">
		<name>2736</name>
		<cmt>Oberbarnim, Pritzhagen; Bushaltestelle im Ort Pritzhagen</cmt>
		<desc>Oberbarnim, Pritzhagen; Bushaltestelle im Ort Pritzhagen</desc>
		<src>LB Forst Brandenburg</src>
	</wpt>
	<wpt lat="52.941619958878896" lon="12.667690954651865">
		<name>1905</name>
		<cmt>Walsleben; 1905, Schule Walsleben</cmt>
		<desc>Walsleben; 1905, Schule Walsleben</desc>
		<src>LB Forst Brandenburg</src>
	</wpt>
	<wpt lat="52.56648449714465" lon="14.080458279555607">
		<name>2789</name>
		<cmt>Buckow; Sportplatz Buckow</cmt>
		<desc>Buckow; Sportplatz Buckow</desc>
		<src>LB Forst Brandenburg</src>
	</wpt>
	<wpt lat="53.038035874753113" lon="12.802900204733705">
		<name>1918</name>
		<cmt>Neuruppin, Gühlen Glienicke; Boltenmühle-Zufahrtsstraße, Gaststätte Boltenmühle</cmt>
		<desc>Neuruppin, Gühlen Glienicke; Boltenmühle-Zufahrtsstraße, Gaststätte Boltenmühle</desc>
		<src>LB Forst Brandenburg</src>
	</wpt>
	<wpt lat="52.737541293910851" lon="13.83798158494649">
		<name>1641</name>
		<cmt>Heckelberg-Brunow, Heckelberg; Bushaltestelle gegenüber der Str. der Freundschaft 3</cmt>
		<desc>Heckelberg-Brunow, Heckelberg; Bushaltestelle gegenüber der Str. der Freundschaft 3</desc>
		<src>LB Forst Brandenburg</src>
	</wpt>
	<wpt lat="52.157566742744848" lon="12.926462253343901">
		<name>2115</name>
		<cmt>Beelitz, Buchholz; B2,Kirche</cmt>
		<desc>Beelitz, Buchholz; B2,Kirche</desc>
		<src>LB Forst Brandenburg</src>
	</wpt>
	<wpt lat="53.137240899874897" lon="12.301480719729399">
		<name>1563</name>
		<cmt>Heiligengrabe, Wilmersdorf; Kreuzung B 189 Wilmersdorf Wilmersorfer Damm</cmt>
		<desc>Heiligengrabe, Wilmersdorf; Kreuzung B 189 Wilmersdorf Wilmersorfer Damm</desc>
		<src>LB Forst Brandenburg</src>
	</wpt>
	<wpt lat="53.117034476174439" lon="12.375540790766912">
		<name>1552</name>
		<cmt>Heiligengrabe, Blandikow; L 145 Blandikow Kreisverkehr</cmt>
		<desc>Heiligengrabe, Blandikow; L 145 Blandikow Kreisverkehr</desc>
		<src>LB Forst Brandenburg</src>
	</wpt>
	<wpt lat="53.195652138899057" lon="12.737005873142378">
		<name>1322</name>
		<cmt>Rheinsberg, Flecken Zechlin; K 6827 Ortsverbindungsstraße Flecken-Zechlin - Zempow, 700 m hinter Doppelkurve, Waldeinfahrt links</cmt>
		<desc>Rheinsberg, Flecken Zechlin; K 6827 Ortsverbindungsstraße Flecken-Zechlin - Zempow, 700 m hinter Doppelkurve, Waldeinfahrt links</desc>
		<src>LB Forst Brandenburg</src>
	</wpt>
	<wpt lat="51.860375472667535" lon="13.381374366315008">
		<name>2396</name>
		<cmt>Ihlow, Niendorf; Niendorf Nr.22, Gaststätte</cmt>
		<desc>Ihlow, Niendorf; Niendorf Nr.22, Gaststätte</desc>
		<src>LB Forst Brandenburg</src>
	</wpt>
	<wpt lat="53.18578163564667" lon="12.763520617571245">
		<name>1323</name>
		<cmt>Rheinsberg, Flecken Zechlin; K 6827 Ortsverbindungsstraße Flecken-Zechlin - Zempow, rechts vor 1. Linkskurve</cmt>
		<desc>Rheinsberg, Flecken Zechlin; K 6827 Ortsverbindungsstraße Flecken-Zechlin - Zempow, rechts vor 1. Linkskurve</desc>
		<src>LB Forst Brandenburg</src>
	</wpt>
	<wpt lat="53.164773277180473" lon="12.764448207577484">
		<name>1324</name>
		<cmt>Rheinsberg, Flecken Zechlin; Dranser Damm, an der Festwiese</cmt>
		<desc>Rheinsberg, Flecken Zechlin; Dranser Damm, an der Festwiese</desc>
		<src>LB Forst Brandenburg</src>
	</wpt>
	<wpt lat="53.183233121889657" lon="12.809798301301212">
		<name>1325</name>
		<cmt>Rheinsberg, Luhme; Grüne Hütte, K 6814 Orstverbindungsstraße Luhme - Flecken-Zechlin, Parkplatz Grünhütte</cmt>
		<desc>Rheinsberg, Luhme; Grüne Hütte, K 6814 Orstverbindungsstraße Luhme - Flecken-Zechlin, Parkplatz Grünhütte</desc>
		<src>LB Forst Brandenburg</src>
	</wpt>
	<wpt lat="53.173576963919444" lon="12.857771056068724">
		<name>1326</name>
		<cmt>Rheinsberg, Zechlinerhütte; K 6814 Straße Zechlinerhütte - Luhme, Neumühl, Abzweig Ortsverbindungsweg nach Repente</cmt>
		<desc>Rheinsberg, Zechlinerhütte; K 6814 Straße Zechlinerhütte - Luhme, Neumühl, Abzweig Ortsverbindungsweg nach Repente</desc>
		<src>LB Forst Brandenburg</src>
	</wpt>
	<wpt lat="53.155161918991801" lon="12.865484225966107">
		<name>1330</name>
		<cmt>Rheinsberg, Zechlinerhütte; Ortsausgang/ Orstverbindungsweg Zechlinerhütte Richtung Kagar, Abzweig Reiherholz</cmt>
		<desc>Rheinsberg, Zechlinerhütte; Ortsausgang/ Orstverbindungsweg Zechlinerhütte Richtung Kagar, Abzweig Reiherholz</desc>
		<src>LB Forst Brandenburg</src>
	</wpt>
	<wpt lat="53.143779045908488" lon="12.938242128600054">
		<name>1320</name>
		<cmt>Rheinsberg, Beerenbusch; Beerenbusch 3 Revierförsterei Beerenbusch</cmt>
		<desc>Rheinsberg, Beerenbusch; Beerenbusch 3 Revierförsterei Beerenbusch</desc>
		<src>LB Forst Brandenburg</src>
	</wpt>
	<wpt lat="53.1575760095375" lon="12.879351077788382">
		<name>1329</name>
		<cmt>Rheinsberg, Zechlinerhütte; Waldstraße 1, Ortsausgang in Richtung Wesenberg, alte Oberförsterei rechts</cmt>
		<desc>Rheinsberg, Zechlinerhütte; Waldstraße 1, Ortsausgang in Richtung Wesenberg, alte Oberförsterei rechts</desc>
		<src>LB Forst Brandenburg</src>
	</wpt>
	<wpt lat="53.146191989057691" lon="12.883691664082498">
		<name>1383</name>
		<cmt>Rheinsberg, Zechlinerhütte; Südlich Ortslage Zechlinerhütte an B122, Einfahrt zum Haus am Bikowsee</cmt>
		<desc>Rheinsberg, Zechlinerhütte; Südlich Ortslage Zechlinerhütte an B122, Einfahrt zum Haus am Bikowsee</desc>
		<src>LB Forst Brandenburg</src>
	</wpt>
	<wpt lat="53.111641780300225" lon="12.898292957261313">
		<name>1352</name>
		<cmt>Rheinsberg, Rheinsberg; Ortsausgang Rheinsberg Richtung Zechlinerhütte, Abzweig nach Wittwien</cmt>
		<desc>Rheinsberg, Rheinsberg; Ortsausgang Rheinsberg Richtung Zechlinerhütte, Abzweig nach Wittwien</desc>
		<src>LB Forst Brandenburg</src>
	</wpt>
	<wpt lat="53.066480850900867" lon="12.930769555455965">
		<name>1337</name>
		<cmt>Rheinsberg, Rheinsberg; B 122 Abzweig nach Zechow, am Bahnübergang</cmt>
		<desc>Rheinsberg, Rheinsberg; B 122 Abzweig nach Zechow, am Bahnübergang</desc>
		<src>LB Forst Brandenburg</src>
	</wpt>
	<wpt lat="52.729681801684826" lon="13.792903344483831">
		<name>1640</name>
		<cmt>Heckelberg-Brunow,Beerbaum; Bushaltestelle</cmt>
		<desc>Heckelberg-Brunow,Beerbaum; Bushaltestelle</desc>
		<src>LB Forst Brandenburg</src>
	</wpt>
	<wpt lat="52.72971755296502" lon="13.871579291350882">
		<name>1642</name>
		<cmt>Heckelberg-Brunow, Brunow; Bushaltestelle</cmt>
		<desc>Heckelberg-Brunow, Brunow; Bushaltestelle</desc>
		<src>LB Forst Brandenburg</src>
	</wpt>
	<wpt lat="52.432349121887526" lon="14.394762146427189">
		<name>2810</name>
		<cmt>Zeschdorf, Alt Zeschdorf; Alt-Zeschdorf Döberiner Weg</cmt>
		<desc>Zeschdorf, Alt Zeschdorf; Alt-Zeschdorf Döberiner Weg</desc>
		<src>LB Forst Brandenburg</src>
	</wpt>
	<wpt lat="52.770348454096677" lon="13.925522762437955">
		<name>1643</name>
		<cmt>Falkenberg-Mark, Krummenpfahl; Krummenpfahl Bushaltestelle</cmt>
		<desc>Falkenberg-Mark, Krummenpfahl; Krummenpfahl Bushaltestelle</desc>
		<src>LB Forst Brandenburg</src>
	</wpt>
	<wpt lat="52.765905509376815" lon="13.993493341348895">
		<name>1621</name>
		<cmt>Bad Freienwalde; ehm. Försterei Bodenseichen an der B 158</cmt>
		<desc>Bad Freienwalde; ehm. Försterei Bodenseichen an der B 158</desc>
		<src>LB Forst Brandenburg</src>
	</wpt>
	<wpt lat="52.79689753437561" lon="13.957193369292947">
		<name>1486</name>
		<cmt>Falkenberg-Mark; Burgstrasse, Sportplatz</cmt>
		<desc>Falkenberg-Mark; Burgstrasse, Sportplatz</desc>
		<src>LB Forst Brandenburg</src>
	</wpt>
	<wpt lat="52.779316483498853" lon="13.89376225708914">
		<name>2800</name>
		<cmt>Falkenberg-Mark, Neugersdorf; L 29, Neugersdorf, Ortseinfahrt</cmt>
		<desc>Falkenberg-Mark, Neugersdorf; L 29, Neugersdorf, Ortseinfahrt</desc>
		<src>LB Forst Brandenburg</src>
	</wpt>
	<wpt lat="52.588328176197038" lon="13.099473518215715">
		<name>2005</name>
		<cmt>Falkensee; L20 Schönwalder Straße, Havelländer Weg, Ecke Birkenholz</cmt>
		<desc>Falkensee; L20 Schönwalder Straße, Havelländer Weg, Ecke Birkenholz</desc>
		<src>LB Forst Brandenburg</src>
	</wpt>
	<wpt lat="51.85735379983096" lon="14.03920374494805">
		<name>2367</name>
		<cmt>Leipe; Schleuse/Wehr 47 , in Leipe bis Straßenende</cmt>
		<desc>Leipe; Schleuse/Wehr 47 , in Leipe bis Straßenende</desc>
		<src>LB Forst Brandenburg</src>
	</wpt>
	<wpt lat="51.849062322894454" lon="13.999280757006693">
		<name>2372</name>
		<cmt>Boblitz; am Schöpfwerk Boblitz, Südumfluter</cmt>
		<desc>Boblitz; am Schöpfwerk Boblitz, Südumfluter</desc>
		<src>LB Forst Brandenburg</src>
	</wpt>
	<wpt lat="51.752102211780077" lon="14.094617611345457">
		<name>2464</name>
		<cmt>Tornitz; Schweinemastanlage</cmt>
		<desc>Tornitz; Schweinemastanlage</desc>
		<src>LB Forst Brandenburg</src>
	</wpt>
	<wpt lat="53.158052931620546" lon="12.705481205651589">
		<name>1430</name>
		<cmt>Rheinsberg, Neulutterow; L15 Einfahrt Privatstraße Bund, Kyritz-Ruppiner-Heide</cmt>
		<desc>Rheinsberg, Neulutterow; L15 Einfahrt Privatstraße Bund, Kyritz-Ruppiner-Heide</desc>
		<src>LB Forst Brandenburg</src>
	</wpt>
	<wpt lat="53.09944650606495" lon="12.908338320858704">
		<name>1349</name>
		<cmt>Rheinsberg, Rheinsberg; Feuerwehr, Menzer Straße, Ortsaugang Richtung Menz</cmt>
		<desc>Rheinsberg, Rheinsberg; Feuerwehr, Menzer Straße, Ortsaugang Richtung Menz</desc>
		<src>LB Forst Brandenburg</src>
	</wpt>
	<wpt lat="53.116147615134871" lon="12.804066390869894">
		<name>1334</name>
		<cmt>Rheinsberg, Möckern; L15 in Richtung Flecken-Zechlin, 500m hinter Ortsausgang Möckern rechts am Waldrand</cmt>
		<desc>Rheinsberg, Möckern; L15 in Richtung Flecken-Zechlin, 500m hinter Ortsausgang Möckern rechts am Waldrand</desc>
		<src>LB Forst Brandenburg</src>
	</wpt>
	<wpt lat="53.146779974553269" lon="12.803971308446073">
		<name>1391</name>
		<cmt>Rheinsberg, Dorf Zechlin; Hotel Beckersmühle 200 m Richtung Kagar, Am Badestrand</cmt>
		<desc>Rheinsberg, Dorf Zechlin; Hotel Beckersmühle 200 m Richtung Kagar, Am Badestrand</desc>
		<src>LB Forst Brandenburg</src>
	</wpt>
	<wpt lat="51.77386708388088" lon="14.028571832863918">
		<name>2471</name>
		<cmt>Vetschau, Koßwig; L54/ Koßwiger Dorfstraße</cmt>
		<desc>Vetschau, Koßwig; L54/ Koßwiger Dorfstraße</desc>
		<src>LB Forst Brandenburg</src>
	</wpt>
	<wpt lat="51.699835532571569" lon="13.874246577589899">
		<name>1808</name>
		<cmt>Calau, OT Gollmitz; Am Sportplatz</cmt>
		<desc>Calau, OT Gollmitz; Am Sportplatz</desc>
		<src>LB Forst Brandenburg</src>
	</wpt>
	<wpt lat="53.076223998228478" lon="12.827626645399206">
		<name>2044</name>
		<cmt>Rheinsberg, Zühlen; Ausbau (Straße nach Rheinsberg), Abzweig Straße nach Braunsberg</cmt>
		<desc>Rheinsberg, Zühlen; Ausbau (Straße nach Rheinsberg), Abzweig Straße nach Braunsberg</desc>
		<src>LB Forst Brandenburg</src>
	</wpt>
	<wpt lat="53.063331170719536" lon="12.857054089310239">
		<name>2003</name>
		<cmt>Rheinsberg, Braunsberg; Braunsberg Richtung Zühlen, 100 m nach Ortsausgang rechts, Braunsberger Pflasterdamm nach Rheinsberg, Waldkante rechts</cmt>
		<desc>Rheinsberg, Braunsberg; Braunsberg Richtung Zühlen, 100 m nach Ortsausgang rechts, Braunsberger Pflasterdamm nach Rheinsberg, Waldkante rechts</desc>
		<src>LB Forst Brandenburg</src>
	</wpt>
	<wpt lat="51.890496045730693" lon="13.911096071103646">
		<name>2363</name>
		<cmt>Ragow; Bahnhofstraße, Bahnhof</cmt>
		<desc>Ragow; Bahnhofstraße, Bahnhof</desc>
		<src>LB Forst Brandenburg</src>
	</wpt>
	<wpt lat="52.032078056708855" lon="13.775723091737122">
		<name>2247</name>
		<cmt>Krausnick; L711/ Tropical Islands-Allee, auf halber Strecke zwischen Krausnick und Bahnhof Brand</cmt>
		<desc>Krausnick; L711/ Tropical Islands-Allee, auf halber Strecke zwischen Krausnick und Bahnhof Brand</desc>
		<src>LB Forst Brandenburg</src>
	</wpt>
	<wpt lat="51.974760195836069" lon="13.689539997585586">
		<name>2328</name>
		<cmt>Schönwald, Waldow/Brand; B115 Abzweig nach Waldow/Brand auf K647, Altes Forsthaus, links</cmt>
		<desc>Schönwald, Waldow/Brand; B115 Abzweig nach Waldow/Brand auf K647, Altes Forsthaus, links</desc>
		<src>LB Forst Brandenburg</src>
	</wpt>
	<wpt lat="53.248694403022398" lon="13.5100858809391">
		<name>2760</name>
		<cmt>Boitzenburger Land, Hardenbeck; L15, westlich Hardenbecker Haussee (Hildebrand)</cmt>
		<desc>Boitzenburger Land, Hardenbeck; L15, westlich Hardenbecker Haussee (Hildebrand)</desc>
		<src>LB Forst Brandenburg</src>
	</wpt>
	<wpt lat="53.217219326416767" lon="13.694370041718408">
		<name>2767</name>
		<cmt>Boitzenburger Land, Haßleben; Prenzlauer Straße 20, Gaststätte "Rasselbock"</cmt>
		<desc>Boitzenburger Land, Haßleben; Prenzlauer Straße 20, Gaststätte "Rasselbock"</desc>
		<src>LB Forst Brandenburg</src>
	</wpt>
	<wpt lat="53.24524992435515" lon="13.747728443552658">
		<name>2766</name>
		<cmt>Nordwestuckermark, Birkenhain; Birkenhain 2, Gaststätte "Tanneneck"</cmt>
		<desc>Nordwestuckermark, Birkenhain; Birkenhain 2, Gaststätte "Tanneneck"</desc>
		<src>LB Forst Brandenburg</src>
	</wpt>
	<wpt lat="52.249070159763207" lon="12.436188553910888">
		<name>2477</name>
		<cmt>Wollin; L94, Gräben Wollin an der alten Kiesgrube</cmt>
		<desc>Wollin; L94, Gräben Wollin an der alten Kiesgrube</desc>
		<src>LB Forst Brandenburg</src>
	</wpt>
	<wpt lat="52.980337673808755" lon="13.074683980258889">
		<name>1299</name>
		<cmt>Sonnenberg, Baumgarten; Heidestraße 9a / gegenüber Kirche</cmt>
		<desc>Sonnenberg, Baumgarten; Heidestraße 9a / gegenüber Kirche</desc>
		<src>LB Forst Brandenburg</src>
	</wpt>
	<wpt lat="53.007154381078074" lon="13.119516958356542">
		<name>1301</name>
		<cmt>Schönermark, Schönermark; Dorfstraße Ecke Rauschendorfer Weg</cmt>
		<desc>Schönermark, Schönermark; Dorfstraße Ecke Rauschendorfer Weg</desc>
		<src>LB Forst Brandenburg</src>
	</wpt>
	<wpt lat="52.109436902993529" lon="13.763364151602437">
		<name>1186</name>
		<cmt>Märkisch Buchholz; B 179 Am Markt</cmt>
		<desc>Märkisch Buchholz; B 179 Am Markt</desc>
		<src>LB Forst Brandenburg</src>
	</wpt>
	<wpt lat="52.159971582245838" lon="13.795438058806765">
		<name>1189</name>
		<cmt>Münchehofe, Hermsdorf; Dorfstraße, Abzweig Hermsdorf Mühle</cmt>
		<desc>Münchehofe, Hermsdorf; Dorfstraße, Abzweig Hermsdorf Mühle</desc>
		<src>LB Forst Brandenburg</src>
	</wpt>
	<wpt lat="52.072883973531994" lon="13.692114868500058">
		<name>1180</name>
		<cmt>Halbe, Freidorf; K6150 Richtung Teurow, Abzweig Försterei Semmelei</cmt>
		<desc>Halbe, Freidorf; K6150 Richtung Teurow, Abzweig Försterei Semmelei</desc>
		<src>LB Forst Brandenburg</src>
	</wpt>
	<wpt lat="52.076835583514494" lon="13.784985328666863">
		<name>2250</name>
		<cmt>Märkisch Buchholz, Köthen; Wald-Parkplatz, Nähe Abzweig von der Straße nach Neuköthen</cmt>
		<desc>Märkisch Buchholz, Köthen; Wald-Parkplatz, Nähe Abzweig von der Straße nach Neuköthen</desc>
		<src>LB Forst Brandenburg</src>
	</wpt>
	<wpt lat="53.130365141360677" lon="13.113486042701624">
		<name>1312</name>
		<cmt>Stechlin, Altglobsow; Seestraße</cmt>
		<desc>Stechlin, Altglobsow; Seestraße</desc>
		<src>LB Forst Brandenburg</src>
	</wpt>
	<wpt lat="52.693074851727644" lon="13.027368409400912">
		<name>1997</name>
		<cmt>Oberkrämer, Wolfslake; L161 Krämerpfuhl, Einfahrt Poststraße</cmt>
		<desc>Oberkrämer, Wolfslake; L161 Krämerpfuhl, Einfahrt Poststraße</desc>
		<src>LB Forst Brandenburg</src>
	</wpt>
	<wpt lat="52.887011504441439" lon="14.111626111479417">
		<name>1633</name>
		<cmt>Bad Freienwalde, Hohensaaten; L 282, Abschnitt 10 Großer Parkplatz Kilometer 1,4--1,6</cmt>
		<desc>Bad Freienwalde, Hohensaaten; L 282, Abschnitt 10 Großer Parkplatz Kilometer 1,4--1,6</desc>
		<src>LB Forst Brandenburg</src>
	</wpt>
	<wpt lat="52.408878599469901" lon="12.86726039309676">
		<name>2167</name>
		<cmt>Weder, Kemnitz; Seestraße, "Bürgerhaus Kemnitz"</cmt>
		<desc>Weder, Kemnitz; Seestraße, "Bürgerhaus Kemnitz"</desc>
		<src>LB Forst Brandenburg</src>
	</wpt>
	<wpt lat="51.543237496812011" lon="13.263280125392583">
		<name>1801</name>
		<cmt>Marxdorf; Bahnübergang</cmt>
		<desc>Marxdorf; Bahnübergang</desc>
		<src>LB Forst Brandenburg</src>
	</wpt>
	<wpt lat="51.56100887407343" lon="13.419323057456824">
		<name>1844</name>
		<cmt>Rothstein; Friedhof</cmt>
		<desc>Rothstein; Friedhof</desc>
		<src>LB Forst Brandenburg</src>
	</wpt>
	<wpt lat="51.587769937297736" lon="13.3960560377049">
		<name>1859</name>
		<cmt>Wildgrube; Friedhof</cmt>
		<desc>Wildgrube; Friedhof</desc>
		<src>LB Forst Brandenburg</src>
	</wpt>
	<wpt lat="52.358849168604806" lon="12.977854661783757">
		<name>2203</name>
		<cmt>Schwielowsee, Geltow; Finkenweg, Ecke Caputher Chaussee</cmt>
		<desc>Schwielowsee, Geltow; Finkenweg, Ecke Caputher Chaussee</desc>
		<src>LB Forst Brandenburg</src>
	</wpt>
	<wpt lat="52.791092966393094" lon="13.993792185822629">
		<name>1625</name>
		<cmt>Bad Freienwalde; B167 Ecke Einfahrt Malche</cmt>
		<desc>Bad Freienwalde; B167 Ecke Einfahrt Malche</desc>
		<src>LB Forst Brandenburg</src>
	</wpt>
	<wpt lat="51.537447230508256" lon="13.22581550969916">
		<name>1792</name>
		<cmt>Lönnewitz; Falkenberg OT Lönnewitz; L 67 Richtung Koßdorf, Ortsausgang</cmt>
		<desc>Lönnewitz; Falkenberg OT Lönnewitz; L 67 Richtung Koßdorf, Ortsausgang</desc>
		<src>LB Forst Brandenburg</src>
	</wpt>
	<wpt lat="51.861498591863644" lon="13.209272477846909">
		<name>2404</name>
		<cmt>Schönewalde, Hohenkuhnsdorf; Ortseingang aus Richtung Ahlsdorf</cmt>
		<desc>Schönewalde, Hohenkuhnsdorf; Ortseingang aus Richtung Ahlsdorf</desc>
		<src>LB Forst Brandenburg</src>
	</wpt>
	<wpt lat="52.850921977777247" lon="13.825016873660731">
		<name>1475</name>
		<cmt>Eberswalde; Eberswalde Nordend, L200 Einfahrt Dr-Zinn-Weg</cmt>
		<desc>Eberswalde; Eberswalde Nordend, L200 Einfahrt Dr-Zinn-Weg</desc>
		<src>LB Forst Brandenburg</src>
	</wpt>
	<wpt lat="52.890973614703704" lon="13.772561062933255">
		<name>1457</name>
		<cmt>Lichterfelde, Blütenberg; Blütenberg Bushaltestelle</cmt>
		<desc>Lichterfelde, Blütenberg; Blütenberg Bushaltestelle</desc>
		<src>LB Forst Brandenburg</src>
	</wpt>
	<wpt lat="52.86470480365621" lon="13.7125266866099">
		<name>1686</name>
		<cmt>Eberswalde, Finow; Clara Zetkin Siedlung am Sportplatz</cmt>
		<desc>Eberswalde, Finow; Clara Zetkin Siedlung am Sportplatz</desc>
		<src>LB Forst Brandenburg</src>
	</wpt>
	<wpt lat="51.48075124990671" lon="13.224731007513915">
		<name>1783</name>
		<cmt>Martinskirchen; Zufahrt Alte Ziegelei</cmt>
		<desc>Martinskirchen; Zufahrt Alte Ziegelei</desc>
		<src>LB Forst Brandenburg</src>
	</wpt>
	<wpt lat="51.556890613209205" lon="13.377128761573625">
		<name>1843</name>
		<cmt>Winkel; Domsdorfer Weg / Schulberg</cmt>
		<desc>Winkel; Domsdorfer Weg / Schulberg</desc>
		<src>LB Forst Brandenburg</src>
	</wpt>
	<wpt lat="52.106096632486626" lon="13.899830550424452">
		<name>1118</name>
		<cmt>Unterspreewald, Neuendorf am See; Dorfstraße, am Autohaus Opel</cmt>
		<desc>Unterspreewald, Neuendorf am See; Dorfstraße, am Autohaus Opel</desc>
		<src>LB Forst Brandenburg</src>
	</wpt>
	<wpt lat="52.01427340318633" lon="13.658711871126975">
		<name>2243</name>
		<cmt>Rietzneuendorf/Staakow, Rietzneuendorf; Feuerwehrgerätehaus Rietzneuendorf</cmt>
		<desc>Rietzneuendorf/Staakow, Rietzneuendorf; Feuerwehrgerätehaus Rietzneuendorf</desc>
		<src>LB Forst Brandenburg</src>
	</wpt>
	<wpt lat="52.028025813918688" lon="13.693267745807676">
		<name>2245</name>
		<cmt>Rietzneuendorf/Staakow, Staakow; Feuerwehrgerätehaus Staakow</cmt>
		<desc>Rietzneuendorf/Staakow, Staakow; Feuerwehrgerätehaus Staakow</desc>
		<src>LB Forst Brandenburg</src>
	</wpt>
	<wpt lat="53.062025996082667" lon="11.828008060572694">
		<name>1439</name>
		<cmt>Perleberg, Perleberg; B189 Abfahrt Perleberg West Eichhölzer Weg</cmt>
		<desc>Perleberg, Perleberg; B189 Abfahrt Perleberg West Eichhölzer Weg</desc>
		<src>LB Forst Brandenburg</src>
	</wpt>
	<wpt lat="53.092986873465236" lon="11.923397784596728">
		<name>1558</name>
		<cmt>Perleberg, Rosenhagen; B189 X Lübzower Weg zwischen Spiegelhagen und Rohlsdorf</cmt>
		<desc>Perleberg, Rosenhagen; B189 X Lübzower Weg zwischen Spiegelhagen und Rohlsdorf</desc>
		<src>LB Forst Brandenburg</src>
	</wpt>
	<wpt lat="51.629453379727828" lon="13.320290056064493">
		<name>1866</name>
		<cmt>Wiederau; Ortslage, an der B101, Eisdiele Pinguin</cmt>
		<desc>Wiederau; Ortslage, an der B101, Eisdiele Pinguin</desc>
		<src>LB Forst Brandenburg</src>
	</wpt>
	<wpt lat="52.542713686756322" lon="12.998671697085026">
		<name>2732</name>
		<cmt>Wustermark, Elstal; Stickelmann-Straße, Waldeingang</cmt>
		<desc>Wustermark, Elstal; Stickelmann-Straße, Waldeingang</desc>
		<src>LB Forst Brandenburg</src>
	</wpt>
	<wpt lat="53.02320996965382" lon="11.876907364908561">
		<name>1523</name>
		<cmt>Perleberg, Perleberg; L10 4,5 km südlich Perleberg X Hochspannung</cmt>
		<desc>Perleberg, Perleberg; L10 4,5 km südlich Perleberg X Hochspannung</desc>
		<src>LB Forst Brandenburg</src>
	</wpt>
	<wpt lat="52.801067391316174" lon="12.777177347492053">
		<name>1925</name>
		<cmt>Fehrbellin; Pumpstation Getreide AG Abwasserverband</cmt>
		<desc>Fehrbellin; Pumpstation Getreide AG Abwasserverband</desc>
		<src>LB Forst Brandenburg</src>
	</wpt>
	<wpt lat="53.195779382928933" lon="12.556667675811955">
		<name>1400</name>
		<cmt>Wittstock, Randow; Dorfplatz</cmt>
		<desc>Wittstock, Randow; Dorfplatz</desc>
		<src>LB Forst Brandenburg</src>
	</wpt>
	<wpt lat="53.252416133536542" lon="12.626419253249615">
		<name>1404</name>
		<cmt>Wittstock, Berlinchen; Zeltplatz am Glambecksee</cmt>
		<desc>Wittstock, Berlinchen; Zeltplatz am Glambecksee</desc>
		<src>LB Forst Brandenburg</src>
	</wpt>
	<wpt lat="53.235026317017997" lon="12.479570713122934">
		<name>1406</name>
		<cmt>Wittstock, Heinrichsdorf; Heinrichsdorfer Siedlung</cmt>
		<desc>Wittstock, Heinrichsdorf; Heinrichsdorfer Siedlung</desc>
		<src>LB Forst Brandenburg</src>
	</wpt>
	<wpt lat="53.208125258828929" lon="12.501769553308019">
		<name>1551</name>
		<cmt>Wittstock, Alt-Daber; Buswendeschleife Ortsausgang in Richtung Röbel</cmt>
		<desc>Wittstock, Alt-Daber; Buswendeschleife Ortsausgang in Richtung Röbel</desc>
		<src>LB Forst Brandenburg</src>
	</wpt>
	<wpt lat="53.126343169690259" lon="12.537367446010279">
		<name>1432</name>
		<cmt>Wittstock, Dossow; Dossow Stilllegungsfläche an der Schule</cmt>
		<desc>Wittstock, Dossow; Dossow Stilllegungsfläche an der Schule</desc>
		<src>LB Forst Brandenburg</src>
	</wpt>
	<wpt lat="53.008826261485915" lon="12.646661812956268">
		<name>1901</name>
		<cmt>Temnitzquell, Rägelin; L18, Ortseingang von Neuruppin kommend</cmt>
		<desc>Temnitzquell, Rägelin; L18, Ortseingang von Neuruppin kommend</desc>
		<src>LB Forst Brandenburg</src>
	</wpt>
	<wpt lat="52.974995706633905" lon="12.619682394181487">
		<name>1904</name>
		<cmt>Temnitzquell, Katerbow; Straße nach Walsleben, 430m westlich der Autobahnbrücke BAB24</cmt>
		<desc>Temnitzquell, Katerbow; Straße nach Walsleben, 430m westlich der Autobahnbrücke BAB24</desc>
		<src>LB Forst Brandenburg</src>
	</wpt>
	<wpt lat="53.034828375780812" lon="12.760823162637633">
		<name>1915</name>
		<cmt>Neuruppin, Steinberge; L16, Waldweg 30m nördlich Forsthaus Steinberge</cmt>
		<desc>Neuruppin, Steinberge; L16, Waldweg 30m nördlich Forsthaus Steinberge</desc>
		<src>LB Forst Brandenburg</src>
	</wpt>
	<wpt lat="52.490872410260465" lon="12.98555780051583">
		<name>2856</name>
		<cmt>Potsdam, Kartzow; Glienicker Weg</cmt>
		<desc>Potsdam, Kartzow; Glienicker Weg</desc>
		<src>LB Forst Brandenburg</src>
	</wpt>
	<wpt lat="52.826500173088483" lon="13.805984775166072">
		<name>1672</name>
		<cmt>Eberswalde; Ortsausgang Eberswalde in Richtung  Spechthausen, Wald-Solar-Heim / Obf. Eberswalde</cmt>
		<desc>Eberswalde; Ortsausgang Eberswalde in Richtung  Spechthausen, Wald-Solar-Heim / Obf. Eberswalde</desc>
		<src>LB Forst Brandenburg</src>
	</wpt>
	<wpt lat="52.80978178066966" lon="13.782082314001821">
		<name>1673</name>
		<cmt>Eberswalde, Spechthausen; Ortseingang Spechthausen aus Eberswalde kommend</cmt>
		<desc>Eberswalde, Spechthausen; Ortseingang Spechthausen aus Eberswalde kommend</desc>
		<src>LB Forst Brandenburg</src>
	</wpt>
	<wpt lat="52.799921542467082" lon="13.752178397873235">
		<name>1676</name>
		<cmt>Eberswalde, Spechthausen; L200 an der Einfahrt zur Hochspannungstrasse</cmt>
		<desc>Eberswalde, Spechthausen; L200 an der Einfahrt zur Hochspannungstrasse</desc>
		<src>LB Forst Brandenburg</src>
	</wpt>
	<wpt lat="52.786288131441395" lon="13.736851345758218">
		<name>1681</name>
		<cmt>Melchow, Schönholz; Försterei Wildtränke an der L200</cmt>
		<desc>Melchow, Schönholz; Försterei Wildtränke an der L200</desc>
		<src>LB Forst Brandenburg</src>
	</wpt>
	<wpt lat="52.814021876207505" lon="13.715070150267032">
		<name>1688</name>
		<cmt>Eberswalde, Spechthausen; Einfahrt zur Försterei Melchow, 16227 Eberswalde  Biesenthaler Str. 80</cmt>
		<desc>Eberswalde, Spechthausen; Einfahrt zur Försterei Melchow, 16227 Eberswalde  Biesenthaler Str. 80</desc>
		<src>LB Forst Brandenburg</src>
	</wpt>
	<wpt lat="52.831238854967445" lon="13.737102494625899">
		<name>1455</name>
		<cmt>Eberswalde; Finow Schranke am Ende der Schönholzer Straße</cmt>
		<desc>Eberswalde; Finow Schranke am Ende der Schönholzer Straße</desc>
		<src>LB Forst Brandenburg</src>
	</wpt>
	<wpt lat="52.822832849783026" lon="13.77085633309982">
		<name>1687</name>
		<cmt>Eberswalde; Zoostraße; Umgehungsstraße Tierpark zum Brandenburgischen Viertel in der 90° Kurve</cmt>
		<desc>Eberswalde; Zoostraße; Umgehungsstraße Tierpark zum Brandenburgischen Viertel in der 90° Kurve</desc>
		<src>LB Forst Brandenburg</src>
	</wpt>
	<wpt lat="52.823505247037403" lon="13.780171738371282">
		<name>1670</name>
		<cmt>Eberswalde; Parkplatz am Tierpark in Richtung Spechthausen</cmt>
		<desc>Eberswalde; Parkplatz am Tierpark in Richtung Spechthausen</desc>
		<src>LB Forst Brandenburg</src>
	</wpt>
	<wpt lat="52.821050170934555" lon="13.832150850787597">
		<name>1677</name>
		<cmt>Eberswalde; Ortsausgang Eberswald Richtung Trampe, gegenüber Einfahrt Behördenzentrum</cmt>
		<desc>Eberswalde; Ortsausgang Eberswald Richtung Trampe, gegenüber Einfahrt Behördenzentrum</desc>
		<src>LB Forst Brandenburg</src>
	</wpt>
	<wpt lat="52.788092042980566" lon="12.84885197839102">
		<name>1678</name>
		<cmt>Fehrbellin, Hakenberg; Rhinbrücke am Fahrradweg, Hakenberger Schleuse</cmt>
		<desc>Fehrbellin, Hakenberg; Rhinbrücke am Fahrradweg, Hakenberger Schleuse</desc>
		<src>LB Forst Brandenburg</src>
	</wpt>
	<wpt lat="52.852785070340879" lon="12.93384490812819">
		<name>1917</name>
		<cmt>Neuruppin, Pabstthum; Ortslage</cmt>
		<desc>Neuruppin, Pabstthum; Ortslage</desc>
		<src>LB Forst Brandenburg</src>
	</wpt>
	<wpt lat="53.208432911547739" lon="12.73971152929008">
		<name>1429</name>
		<cmt>Wittstock, Zempow; Zempower Dorfstraße 14, Kreuzung</cmt>
		<desc>Wittstock, Zempow; Zempower Dorfstraße 14, Kreuzung</desc>
		<src>LB Forst Brandenburg</src>
	</wpt>
	<wpt lat="53.137835633230125" lon="12.588327834223815">
		<name>1548</name>
		<cmt>Wittstock, Zootzen; Zootzener Dorfstr. 30, Gemeindehaus</cmt>
		<desc>Wittstock, Zootzen; Zootzener Dorfstr. 30, Gemeindehaus</desc>
		<src>LB Forst Brandenburg</src>
	</wpt>
	<wpt lat="53.178494924116769" lon="12.631825547195474">
		<name>1549</name>
		<cmt>Wittstock, Schweinrich; Schweinricher Str. 26, Gemeindehaus</cmt>
		<desc>Wittstock, Schweinrich; Schweinricher Str. 26, Gemeindehaus</desc>
		<src>LB Forst Brandenburg</src>
	</wpt>
	<wpt lat="53.110709776672643" lon="12.61396056024239">
		<name>2747</name>
		<cmt>Wittstock, Gadow; Gadower Dorfstr. 17, Gemeindehaus</cmt>
		<desc>Wittstock, Gadow; Gadower Dorfstr. 17, Gemeindehaus</desc>
		<src>LB Forst Brandenburg</src>
	</wpt>
	<wpt lat="53.082721609114579" lon="12.460842594341999">
		<name>2748</name>
		<cmt>Wittstock, Christdorf; Christdorfer Dorfstr. 47, Bushaltestelle</cmt>
		<desc>Wittstock, Christdorf; Christdorfer Dorfstr. 47, Bushaltestelle</desc>
		<src>LB Forst Brandenburg</src>
	</wpt>
	<wpt lat="53.047110093766015" lon="12.569148924766687">
		<name>2828</name>
		<cmt>Wittstock, Rossow; Rossower Dorfstr. 18A, Spielplatz</cmt>
		<desc>Wittstock, Rossow; Rossower Dorfstr. 18A, Spielplatz</desc>
		<src>LB Forst Brandenburg</src>
	</wpt>
	<wpt lat="53.021590194210106" lon="12.964972989387386">
		<name>1321</name>
		<cmt>Dierberg; B 122 Ortseingang Dierberg von Alt Ruppin</cmt>
		<desc>Dierberg; B 122 Ortseingang Dierberg von Alt Ruppin</desc>
		<src>LB Forst Brandenburg</src>
	</wpt>
	<wpt lat="52.867257730893371" lon="13.844009200872948">
		<name>1461</name>
		<cmt>Eberswlade; L200 Einfahrt FBS Stadtsee / Friedwald</cmt>
		<desc>Eberswlade; L200 Einfahrt FBS Stadtsee / Friedwald</desc>
		<src>LB Forst Brandenburg</src>
	</wpt>
	<wpt lat="52.871311617575657" lon="13.806847891743297">
		<name>1458</name>
		<cmt>Britz; Kolonie Britz am Ende der Heegermühler Straße in der Kurve</cmt>
		<desc>Britz; Kolonie Britz am Ende der Heegermühler Straße in der Kurve</desc>
		<src>LB Forst Brandenburg</src>
	</wpt>
	<wpt lat="52.859417660325327" lon="13.788771934688919">
		<name>1456</name>
		<cmt>Eberswalde; Gewerbepark TGE erster Kreisel von Britz kommend</cmt>
		<desc>Eberswalde; Gewerbepark TGE erster Kreisel von Britz kommend</desc>
		<src>LB Forst Brandenburg</src>
	</wpt>
	<wpt lat="51.577949458085627" lon="13.608455547563382">
		<name>1853</name>
		<cmt>Heidelan, Fischwasser; Forsthaus Weberteich</cmt>
		<desc>Heidelan, Fischwasser; Forsthaus Weberteich</desc>
		<src>LB Forst Brandenburg</src>
	</wpt>
	<wpt lat="52.872124455975616" lon="13.640332530670626">
		<name>1715</name>
		<cmt>Schorfheide, Eichhorst; Eberswalder Chaussee, SOS-Säule Landstr. v. Finowfurt in Richtung Eichhorst nach ca. 2,5 km auf der linken Seite</cmt>
		<desc>Schorfheide, Eichhorst; Eberswalder Chaussee, SOS-Säule Landstr. v. Finowfurt in Richtung Eichhorst nach ca. 2,5 km auf der linken Seite</desc>
		<src>LB Forst Brandenburg</src>
	</wpt>
	<wpt lat="51.807288256356365" lon="13.300968455119444">
		<name>1885</name>
		<cmt>Schönewalde, Wiepersdorf; Landgasthaus, Am Sportplatz 4</cmt>
		<desc>Schönewalde, Wiepersdorf; Landgasthaus, Am Sportplatz 4</desc>
		<src>LB Forst Brandenburg</src>
	</wpt>
	<wpt lat="52.922591376814943" lon="13.324339055838559">
		<name>1285</name>
		<cmt>Falkenthal; B 109 Ortsverbindungsstraße Falkenthal-Zehdenick, Straßenbrücke in Richtung Zehdenick</cmt>
		<desc>Falkenthal; B 109 Ortsverbindungsstraße Falkenthal-Zehdenick, Straßenbrücke in Richtung Zehdenick</desc>
		<src>LB Forst Brandenburg</src>
	</wpt>
	<wpt lat="52.9085771036818" lon="12.837838790707481">
		<name>1935</name>
		<cmt>Neuruppin, Wuthenow; Kirche</cmt>
		<desc>Neuruppin, Wuthenow; Kirche</desc>
		<src>LB Forst Brandenburg</src>
	</wpt>
	<wpt lat="52.262463085153563" lon="12.659602466236331">
		<name>2152</name>
		<cmt>Planebruch, Cammer; L85 -Hauptstraße,Mühle</cmt>
		<desc>Planebruch, Cammer; L85 -Hauptstraße,Mühle</desc>
		<src>LB Forst Brandenburg</src>
	</wpt>
	<wpt lat="52.20607689512606" lon="14.623506526801403">
		<name>2664</name>
		<cmt>Ziltendorf; Feuerwehrgebäude</cmt>
		<desc>Ziltendorf; Feuerwehrgebäude</desc>
		<src>LB Forst Brandenburg</src>
	</wpt>
	<wpt lat="51.572769260300745" lon="13.258706204176029">
		<name>1862</name>
		<cmt>Falkenberg,Schmerkendorf; Krumme Trift,Am Ziegengehege</cmt>
		<desc>Falkenberg,Schmerkendorf; Krumme Trift,Am Ziegengehege</desc>
		<src>LB Forst Brandenburg</src>
	</wpt>
	<wpt lat="53.068600603043933" lon="11.556618404935911">
		<name>1482</name>
		<cmt>Wustrow; Alte Schule</cmt>
		<desc>Wustrow; Alte Schule</desc>
		<src>LB Forst Brandenburg</src>
	</wpt>
	<wpt lat="52.140612638017195" lon="12.401511314385479">
		<name>2408</name>
		<cmt>Wiesenburg, Neuehütten; B107 Wiesenurg- Görzke Höhe Waldparkplatz</cmt>
		<desc>Wiesenburg, Neuehütten; B107 Wiesenurg- Görzke Höhe Waldparkplatz</desc>
		<src>LB Forst Brandenburg</src>
	</wpt>
	<wpt lat="52.537354521624053" lon="14.168204945416829">
		<name>2694</name>
		<cmt>Müncheberg, Obersdorf; L 362, Bahnübergang Obersdorf</cmt>
		<desc>Müncheberg, Obersdorf; L 362, Bahnübergang Obersdorf</desc>
		<src>LB Forst Brandenburg</src>
	</wpt>
	<wpt lat="52.572153561221683" lon="14.253004485579233">
		<name>2695</name>
		<cmt>Neuhardenberg ,Wulkow; Abt. 2711 c4</cmt>
		<desc>Neuhardenberg ,Wulkow; Abt. 2711 c4</desc>
		<src>LB Forst Brandenburg</src>
	</wpt>
	<wpt lat="52.567657550556703" lon="14.1835956233139">
		<name>2783</name>
		<cmt>Neuhardenberg ,Wulkow; Hermersdorfer Hauptstr. an der Kirche</cmt>
		<desc>Neuhardenberg ,Wulkow; Hermersdorfer Hauptstr. an der Kirche</desc>
		<src>LB Forst Brandenburg</src>
	</wpt>
	<wpt lat="52.566972793437444" lon="14.165542805169837">
		<name>2784</name>
		<cmt>Müncheberg, Hermersdorf; Alte Oberförsterei</cmt>
		<desc>Müncheberg, Hermersdorf; Alte Oberförsterei</desc>
		<src>LB Forst Brandenburg</src>
	</wpt>
	<wpt lat="52.557207378637813" lon="14.13904503193989">
		<name>2785</name>
		<cmt>Münchehofe; Kirche , L 362</cmt>
		<desc>Münchehofe; Kirche , L 362</desc>
		<src>LB Forst Brandenburg</src>
	</wpt>
	<wpt lat="52.499347294600916" lon="14.093187000561803">
		<name>2679</name>
		<cmt>Müncheberg; B1,Radweg Abt. 3103 a1</cmt>
		<desc>Müncheberg; B1,Radweg Abt. 3103 a1</desc>
		<src>LB Forst Brandenburg</src>
	</wpt>
	<wpt lat="52.478906826971652" lon="13.965488484247341">
		<name>2807</name>
		<cmt>Rehfelde ,Heidehrug; Revierförsterei Rehfelde, ,B 1</cmt>
		<desc>Rehfelde ,Heidehrug; Revierförsterei Rehfelde, ,B 1</desc>
		<src>LB Forst Brandenburg</src>
	</wpt>
	<wpt lat="51.59995139920948" lon="13.262211323956251">
		<name>1864</name>
		<cmt>Falkenberg; Kiebitz,Wendeschleife</cmt>
		<desc>Falkenberg; Kiebitz,Wendeschleife</desc>
		<src>LB Forst Brandenburg</src>
	</wpt>
	<wpt lat="51.583741763491737" lon="13.212395454066122">
		<name>1863</name>
		<cmt>Falkenberg,Kölsa; Kölsa an der Feuerqwehtr</cmt>
		<desc>Falkenberg,Kölsa; Kölsa an der Feuerqwehtr</desc>
		<src>LB Forst Brandenburg</src>
	</wpt>
	<wpt lat="51.584282139424751" lon="13.701407715784999">
		<name>1790</name>
		<cmt>Finsterwalde, Pechhütte; L62 Ortsausgang Richtung Sorno, Containerstellplatz rechts</cmt>
		<desc>Finsterwalde, Pechhütte; L62 Ortsausgang Richtung Sorno, Containerstellplatz rechts</desc>
		<src>LB Forst Brandenburg</src>
	</wpt>
	<wpt lat="52.029919989244419" lon="13.873533479521535">
		<name>2214</name>
		<cmt>Schlepzig, Schlepzig; Schlepzig; Ortsverbindungsstraße Schlepzig-Krausnick, Einfahrt Forsthaus Buchenhain</cmt>
		<desc>Schlepzig, Schlepzig; Schlepzig; Ortsverbindungsstraße Schlepzig-Krausnick, Einfahrt Forsthaus Buchenhain</desc>
		<src>LB Forst Brandenburg</src>
	</wpt>
	<wpt lat="51.993466193668546" lon="13.923813569979801">
		<name>2211</name>
		<cmt>Schlepzig, Schlepzig; Bahnhof Börnichen; L42 Ortsverbindungsstraße Lübben-Schlepzig</cmt>
		<desc>Schlepzig, Schlepzig; Bahnhof Börnichen; L42 Ortsverbindungsstraße Lübben-Schlepzig</desc>
		<src>LB Forst Brandenburg</src>
	</wpt>
	<wpt lat="51.514674888547944" lon="13.749280957193699">
		<name>1831</name>
		<cmt>Lauchhammer, Kleinleipisch; K 6609,Kreuzung Grünewalde - Lichterfeld - Lauchhammer - Kleinleipisch</cmt>
		<desc>Lauchhammer, Kleinleipisch; K 6609,Kreuzung Grünewalde - Lichterfeld - Lauchhammer - Kleinleipisch</desc>
		<src>LB Forst Brandenburg</src>
	</wpt>
	<wpt lat="52.42522604597108" lon="13.802007515293257">
		<name>1235</name>
		<cmt>Grünheide, Fangschluese; L231 Forsthaus 1, Försterei Fangschleuse</cmt>
		<desc>Grünheide, Fangschluese; L231 Forsthaus 1, Försterei Fangschleuse</desc>
		<src>LB Forst Brandenburg</src>
	</wpt>
	<wpt lat="52.421689419345014" lon="13.764100717536349">
		<name>1225</name>
		<cmt>Erkner; L38 Fangschleusenstraße, Parkplatz "Löcknitzidyll"</cmt>
		<desc>Erkner; L38 Fangschleusenstraße, Parkplatz "Löcknitzidyll"</desc>
		<src>LB Forst Brandenburg</src>
	</wpt>
	<wpt lat="52.42721901597367" lon="13.822726612172531">
		<name>1236</name>
		<cmt>Grünheide (Mark); Am Marktplatz 1, Parkplatz EDEKA Waldseite</cmt>
		<desc>Grünheide (Mark); Am Marktplatz 1, Parkplatz EDEKA Waldseite</desc>
		<src>LB Forst Brandenburg</src>
	</wpt>
	<wpt lat="52.436303838944589" lon="13.837038466972045">
		<name>1242</name>
		<cmt>Grünheide, Alt Buchhorst; Hubertusstrasse, Parkplatz Wohnpark Alt Buchhorst</cmt>
		<desc>Grünheide, Alt Buchhorst; Hubertusstrasse, Parkplatz Wohnpark Alt Buchhorst</desc>
		<src>LB Forst Brandenburg</src>
	</wpt>
	<wpt lat="52.40748744823" lon="13.823650562957964">
		<name>1239</name>
		<cmt>Grünheide, Fangschleuse; L23 Chausseestr., Parkplatz Nord am Bhf. Fangschleuse</cmt>
		<desc>Grünheide, Fangschleuse; L23 Chausseestr., Parkplatz Nord am Bhf. Fangschleuse</desc>
		<src>LB Forst Brandenburg</src>
	</wpt>
	<wpt lat="52.416124295276106" lon="13.763383306324606">
		<name>1224</name>
		<cmt>Erkner; Friedhof Erkner, an der Halbschranke zur Oberförsterei</cmt>
		<desc>Erkner; Friedhof Erkner, an der Halbschranke zur Oberförsterei</desc>
		<src>LB Forst Brandenburg</src>
	</wpt>
	<wpt lat="52.406047702888735" lon="13.762754190327616">
		<name>1223</name>
		<cmt>Erkner, Karutzhöhe; Hohenbinder Straße, Ecke Waldstraße</cmt>
		<desc>Erkner, Karutzhöhe; Hohenbinder Straße, Ecke Waldstraße</desc>
		<src>LB Forst Brandenburg</src>
	</wpt>
	<wpt lat="52.381373860993222" lon="13.800262770645553">
		<name>1231</name>
		<cmt>Grünheide, Freienbrink; GVZ Freienbrink,gegenüber Parkplatz "Brotbüchse"</cmt>
		<desc>Grünheide, Freienbrink; GVZ Freienbrink,gegenüber Parkplatz "Brotbüchse"</desc>
		<src>LB Forst Brandenburg</src>
	</wpt>
	<wpt lat="52.382869408205707" lon="13.852697990720454">
		<name>1064</name>
		<cmt>Grünheide, Störitz; Störitzland Parkplatz, L 38 ab Kreisel Freienbrink Richtung Hangelsberg ca. 1,5 km, dann rechts ab</cmt>
		<desc>Grünheide, Störitz; Störitzland Parkplatz, L 38 ab Kreisel Freienbrink Richtung Hangelsberg ca. 1,5 km, dann rechts ab</desc>
		<src>LB Forst Brandenburg</src>
	</wpt>
	<wpt lat="52.392497739285808" lon="13.887693530947521">
		<name>1061</name>
		<cmt>Grünheide, Mönchwinkkel; Neue Spreeauer Str. Ecke Große Dorfstraße</cmt>
		<desc>Grünheide, Mönchwinkkel; Neue Spreeauer Str. Ecke Große Dorfstraße</desc>
		<src>LB Forst Brandenburg</src>
	</wpt>
	<wpt lat="52.395441102525488" lon="13.847977823013482">
		<name>1234</name>
		<cmt>Grünheide; L38, vom Kreisel 1,6 km Richtung Hangelsberg, Einfahrt Störitzsee</cmt>
		<desc>Grünheide; L38, vom Kreisel 1,6 km Richtung Hangelsberg, Einfahrt Störitzsee</desc>
		<src>LB Forst Brandenburg</src>
	</wpt>
	<wpt lat="52.416950610882878" lon="13.868478327770489">
		<name>1238</name>
		<cmt>Grünheide, Klein Wall; Ortseingang Klein Wall Nordseite</cmt>
		<desc>Grünheide, Klein Wall; Ortseingang Klein Wall Nordseite</desc>
		<src>LB Forst Brandenburg</src>
	</wpt>
	<wpt lat="52.437089505834663" lon="13.871863071311918">
		<name>1240</name>
		<cmt>Grünheide, Kagel-Finkenstein; Weg zur Erholung, Parkplatz am Zelt- und Campingplatz Kiessee</cmt>
		<desc>Grünheide, Kagel-Finkenstein; Weg zur Erholung, Parkplatz am Zelt- und Campingplatz Kiessee</desc>
		<src>LB Forst Brandenburg</src>
	</wpt>
	<wpt lat="52.465948891039169" lon="13.905891627617795">
		<name>1245</name>
		<cmt>Grünheide, Kagel; L 232 G. Hauptmann Str., Richtung B1 linke Seite Einfahrt Friedhof</cmt>
		<desc>Grünheide, Kagel; L 232 G. Hauptmann Str., Richtung B1 linke Seite Einfahrt Friedhof</desc>
		<src>LB Forst Brandenburg</src>
	</wpt>
	<wpt lat="52.442174107466272" lon="13.768921469960004">
		<name>1227</name>
		<cmt>Woltersdorf; Buchhorster Straße, Parkplatz an der "Maiwiese" zum Aussichtsturm</cmt>
		<desc>Woltersdorf; Buchhorster Straße, Parkplatz an der "Maiwiese" zum Aussichtsturm</desc>
		<src>LB Forst Brandenburg</src>
	</wpt>
	<wpt lat="52.834463542713422" lon="14.089815037830013">
		<name>1637</name>
		<cmt>Bad Freienwalde, Altgliezen; Fußgängerampelauf der Chauseestrasse</cmt>
		<desc>Bad Freienwalde, Altgliezen; Fußgängerampelauf der Chauseestrasse</desc>
		<src>LB Forst Brandenburg</src>
	</wpt>
	<wpt lat="52.838827363141881" lon="14.050412776329265">
		<name>1472</name>
		<cmt>Neuenhagen; Oderberger Chausee Bushaltestelle GS</cmt>
		<desc>Neuenhagen; Oderberger Chausee Bushaltestelle GS</desc>
		<src>LB Forst Brandenburg</src>
	</wpt>
	<wpt lat="52.833153086586783" lon="14.005373068399956">
		<name>1627</name>
		<cmt>Bad Freienwalde, Bralitz; Hauptstr. 1,Dorfmitte beim Fleischer</cmt>
		<desc>Bad Freienwalde, Bralitz; Hauptstr. 1,Dorfmitte beim Fleischer</desc>
		<src>LB Forst Brandenburg</src>
	</wpt>
	<wpt lat="52.74325253209053" lon="14.046772757550245">
		<name>1620</name>
		<cmt>Bad Freienwalde, Sonnenburg; Ortseingang Sonnenburg aus Altranft kommend</cmt>
		<desc>Bad Freienwalde, Sonnenburg; Ortseingang Sonnenburg aus Altranft kommend</desc>
		<src>LB Forst Brandenburg</src>
	</wpt>
	<wpt lat="52.35511003075532" lon="13.800007536066969">
		<name>1217</name>
		<cmt>Spreenhagen, Hartmannsdorf; Straße zwischen Neu Zittau-Hartmannsdorf -Opaltrasse</cmt>
		<desc>Spreenhagen, Hartmannsdorf; Straße zwischen Neu Zittau-Hartmannsdorf -Opaltrasse</desc>
		<src>LB Forst Brandenburg</src>
	</wpt>
	<wpt lat="52.961438075769031" lon="12.982240840881039">
		<name>1922</name>
		<cmt>Lindow (Mark); Bahnhofstraße, Bahnhof Lindow</cmt>
		<desc>Lindow (Mark); Bahnhofstraße, Bahnhof Lindow</desc>
		<src>LB Forst Brandenburg</src>
	</wpt>
	<wpt lat="52.904510083601345" lon="12.968355986163898">
		<name>1923</name>
		<cmt>Herzberg (Mark); B167 (Ruppiner Straße), Parkplatz hinter Imbiss</cmt>
		<desc>Herzberg (Mark); B167 (Ruppiner Straße), Parkplatz hinter Imbiss</desc>
		<src>LB Forst Brandenburg</src>
	</wpt>
	<wpt lat="52.917543153817299" lon="13.044425167558463">
		<name>2046</name>
		<cmt>Löwenberger Land, Grieben; K6512, zwischen Grieben und Glambeck, Abzweig Vielitzer Straße</cmt>
		<desc>Löwenberger Land, Grieben; K6512, zwischen Grieben und Glambeck, Abzweig Vielitzer Straße</desc>
		<src>LB Forst Brandenburg</src>
	</wpt>
	<wpt lat="52.855814227621089" lon="13.859374383529063">
		<name>1648</name>
		<cmt>Eberswalde, Försterei Kahlenberg; L 291 Eberswalde Richtung LIepe hinter Mönchsbrück nach den Kurven rechts</cmt>
		<desc>Eberswalde, Försterei Kahlenberg; L 291 Eberswalde Richtung LIepe hinter Mönchsbrück nach den Kurven rechts</desc>
		<src>LB Forst Brandenburg</src>
	</wpt>
	<wpt lat="52.875756650136573" lon="13.959373616110152">
		<name>1654</name>
		<cmt>Liepe; Liepe Richtung Brodowin, 200 m vor der Försterei Liepe</cmt>
		<desc>Liepe; Liepe Richtung Brodowin, 200 m vor der Försterei Liepe</desc>
		<src>LB Forst Brandenburg</src>
	</wpt>
	<wpt lat="52.889310315870759" lon="13.998448386016701">
		<name>1465</name>
		<cmt>Chorin, Brodowin; Ewaldshügel, Straße zwischen Brodowin und Oderberg</cmt>
		<desc>Chorin, Brodowin; Ewaldshügel, Straße zwischen Brodowin und Oderberg</desc>
		<src>LB Forst Brandenburg</src>
	</wpt>
	<wpt lat="51.568159199569095" lon="13.857743650934765">
		<name>1836</name>
		<cmt>Sallgast, Poley; K 6258  ehemaliges Werksgasthaus, Siedlung Poley</cmt>
		<desc>Sallgast, Poley; K 6258  ehemaliges Werksgasthaus, Siedlung Poley</desc>
		<src>LB Forst Brandenburg</src>
	</wpt>
	<wpt lat="52.216610604533891" lon="13.774185470632553">
		<name>1197</name>
		<cmt>Heidesee, Prieros; Toreinfahrt der Bootswerft Wendisch, Zum Waldhaus / Mühlendamm</cmt>
		<desc>Heidesee, Prieros; Toreinfahrt der Bootswerft Wendisch, Zum Waldhaus / Mühlendamm</desc>
		<src>LB Forst Brandenburg</src>
	</wpt>
	<wpt lat="52.225245324013258" lon="13.732126890322931">
		<name>1196</name>
		<cmt>Heidesee, Gräbendorf; B246, Richtung Prieros nach ca. 2 km rechts abbiegen, ca. 500 m bis Ferienlager Frauensee</cmt>
		<desc>Heidesee, Gräbendorf; B246, Richtung Prieros nach ca. 2 km rechts abbiegen, ca. 500 m bis Ferienlager Frauensee</desc>
		<src>LB Forst Brandenburg</src>
	</wpt>
	<wpt lat="52.227483728288433" lon="13.718597250025546">
		<name>1194</name>
		<cmt>Heidesee, Gräbendorf; Dubrower Str., nach ca. 1,5 km links abbiegen, ca. 500 m bis Haus des Waldes</cmt>
		<desc>Heidesee, Gräbendorf; Dubrower Str., nach ca. 1,5 km links abbiegen, ca. 500 m bis Haus des Waldes</desc>
		<src>LB Forst Brandenburg</src>
	</wpt>
	<wpt lat="52.211689659869897" lon="13.702765409076379">
		<name>1193</name>
		<cmt>Heidesee, Gräbendorf; von Pätz B179, Richtung Neubrück Forsthaus Sauberg links in die Dubrower Straße abbiegen</cmt>
		<desc>Heidesee, Gräbendorf; von Pätz B179, Richtung Neubrück Forsthaus Sauberg links in die Dubrower Straße abbiegen</desc>
		<src>LB Forst Brandenburg</src>
	</wpt>
	<wpt lat="52.212112880394159" lon="13.688810949128412">
		<name>1195</name>
		<cmt>Heidesee, Gräbendorf; von Pätz B179, Richtung Neubrück, nach ca. 1,5 km Forsthaus Sauberg</cmt>
		<desc>Heidesee, Gräbendorf; von Pätz B179, Richtung Neubrück, nach ca. 1,5 km Forsthaus Sauberg</desc>
		<src>LB Forst Brandenburg</src>
	</wpt>
	<wpt lat="52.294740109054857" lon="13.790649087944308">
		<name>1199</name>
		<cmt>Heidesee, Friedersdorf; Lindenstraße 16 a, Revierförsterei</cmt>
		<desc>Heidesee, Friedersdorf; Lindenstraße 16 a, Revierförsterei</desc>
		<src>LB Forst Brandenburg</src>
	</wpt>
	<wpt lat="53.040523014558666" lon="11.721962633622011">
		<name>1416</name>
		<cmt>Wittenberge, Bentwisch; Dorfstraße 30 a</cmt>
		<desc>Wittenberge, Bentwisch; Dorfstraße 30 a</desc>
		<src>LB Forst Brandenburg</src>
	</wpt>
	<wpt lat="53.076862470086354" lon="11.769857477856394">
		<name>1450</name>
		<cmt>Perleberg, Dergenthin; Kreuzung Lenzener Str. / Silger Weg</cmt>
		<desc>Perleberg, Dergenthin; Kreuzung Lenzener Str. / Silger Weg</desc>
		<src>LB Forst Brandenburg</src>
	</wpt>
	<wpt lat="53.026014206919363" lon="11.788351000163512">
		<name>1476</name>
		<cmt>Wittenberge, Weisen; Am Bahnhof</cmt>
		<desc>Wittenberge, Weisen; Am Bahnhof</desc>
		<src>LB Forst Brandenburg</src>
	</wpt>
	<wpt lat="53.00545330468028" lon="11.822486728735122">
		<name>1519</name>
		<cmt>Wittenberge, Groß Breese; L11 Groß Breese-Kirche</cmt>
		<desc>Wittenberge, Groß Breese; L11 Groß Breese-Kirche</desc>
		<src>LB Forst Brandenburg</src>
	</wpt>
	<wpt lat="53.091455853529261" lon="11.733718208904797">
		<name>1467</name>
		<cmt>Perleberg, Dergenthin; Parkplatz gegenüber Kreuzung L 12 Abzweig L 122 Richtung Nebelin</cmt>
		<desc>Perleberg, Dergenthin; Parkplatz gegenüber Kreuzung L 12 Abzweig L 122 Richtung Nebelin</desc>
		<src>LB Forst Brandenburg</src>
	</wpt>
	<wpt lat="52.430031744409433" lon="13.844294433753214">
		<name>1237</name>
		<cmt>Grünheide, Alt Buchhorst; Altbuchhorster Str.26, Försterei Alt Buchhorst</cmt>
		<desc>Grünheide, Alt Buchhorst; Altbuchhorster Str.26, Försterei Alt Buchhorst</desc>
		<src>LB Forst Brandenburg</src>
	</wpt>
	<wpt lat="53.046240850268752" lon="13.006708708866329">
		<name>1331</name>
		<cmt>Lindow (Mark), Hindenberg; Kreuzung L223 und K6804</cmt>
		<desc>Lindow (Mark), Hindenberg; Kreuzung L223 und K6804</desc>
		<src>LB Forst Brandenburg</src>
	</wpt>
	<wpt lat="52.026552148192707" lon="13.059609999287646">
		<name>2267</name>
		<cmt>Jüterbog, Neuheim; K7217 Dorfstraße, Ortsausgang Richtung Grüna</cmt>
		<desc>Jüterbog, Neuheim; K7217 Dorfstraße, Ortsausgang Richtung Grüna</desc>
		<src>LB Forst Brandenburg</src>
	</wpt>
	<wpt lat="52.729185038675446" lon="13.461424187758947">
		<name>1985</name>
		<cmt>Wandlitz, Basdorf; Einmündung bernauer weg in Liepnitzweg</cmt>
		<desc>Wandlitz, Basdorf; Einmündung bernauer weg in Liepnitzweg</desc>
		<src>LB Forst Brandenburg</src>
	</wpt>
	<wpt lat="53.14156230365775" lon="12.923418647220743">
		<name>1333</name>
		<cmt>Rheinsberg, Wittwien; Ortsteil Wittwien; Ortslage Wittwien an der Kreuzung Verbindungsweg Zechlinerhütte - Beerenbusch</cmt>
		<desc>Rheinsberg, Wittwien; Ortsteil Wittwien; Ortslage Wittwien an der Kreuzung Verbindungsweg Zechlinerhütte - Beerenbusch</desc>
		<src>LB Forst Brandenburg</src>
	</wpt>
	<wpt lat="52.332789592949062" lon="12.719927309291657">
		<name>2164</name>
		<cmt>Kloster Lehnin, Nahmitz; L88 von Lehnin nach Netzen, Abfahrt Doberower Weg</cmt>
		<desc>Kloster Lehnin, Nahmitz; L88 von Lehnin nach Netzen, Abfahrt Doberower Weg</desc>
		<src>LB Forst Brandenburg</src>
	</wpt>
	<wpt lat="52.885871393246475" lon="12.170075202291748">
		<name>1496</name>
		<cmt>Breddin, Damelack; Kreuzung Dorfstraße + Kümmernitzer Weg</cmt>
		<desc>Breddin, Damelack; Kreuzung Dorfstraße + Kümmernitzer Weg</desc>
		<src>LB Forst Brandenburg</src>
	</wpt>
	<wpt lat="52.868848965834268" lon="12.367243294968356">
		<name>2758</name>
		<cmt>Zernitz-Lohm, Neuendorf; L 141 Neuendorfer Dorfstr., Abzweig Zum Kahlschlag</cmt>
		<desc>Zernitz-Lohm, Neuendorf; L 141 Neuendorfer Dorfstr., Abzweig Zum Kahlschlag</desc>
		<src>LB Forst Brandenburg</src>
	</wpt>
	<wpt lat="52.843997605541873" lon="12.263675136090377">
		<name>2752</name>
		<cmt>Breddin, Joachimshof; K 6818 Lohm-Voigtsbrügge, km 3,6</cmt>
		<desc>Breddin, Joachimshof; K 6818 Lohm-Voigtsbrügge, km 3,6</desc>
		<src>LB Forst Brandenburg</src>
	</wpt>
	<wpt lat="52.856957398973272" lon="13.530610246104896">
		<name>1711</name>
		<cmt>Zerpenschleuse; Zerpenschleuse im Ort an der L 100 Ortsausgang Richtung Groß Schönebeck</cmt>
		<desc>Zerpenschleuse; Zerpenschleuse im Ort an der L 100 Ortsausgang Richtung Groß Schönebeck</desc>
		<src>LB Forst Brandenburg</src>
	</wpt>
	<wpt lat="52.85507186671034" lon="13.48250178830688">
		<name>1970</name>
		<cmt>Wandlitz, Zerpenschleuse; in Richtung Rehhorst,Kanalstraße Ende, Waldanfang Radweg Bitumenstraße Richtung Rehhorst</cmt>
		<desc>Wandlitz, Zerpenschleuse; in Richtung Rehhorst,Kanalstraße Ende, Waldanfang Radweg Bitumenstraße Richtung Rehhorst</desc>
		<src>LB Forst Brandenburg</src>
	</wpt>
	<wpt lat="52.206507037225229" lon="14.008610584427474">
		<name>1121</name>
		<cmt>Wendisch Rietz; B246 Beeskower Chaussee, am Bahnhof Wendisch Rietz</cmt>
		<desc>Wendisch Rietz; B246 Beeskower Chaussee, am Bahnhof Wendisch Rietz</desc>
		<src>LB Forst Brandenburg</src>
	</wpt>
	<wpt lat="52.267492666264921" lon="14.071149779201992">
		<name>1140</name>
		<cmt>Bad Saarow, Pieskow; L35 Diensdorfer Str., Abzweig Wilmersdorfer Str.</cmt>
		<desc>Bad Saarow, Pieskow; L35 Diensdorfer Str., Abzweig Wilmersdorfer Str.</desc>
		<src>LB Forst Brandenburg</src>
	</wpt>
	<wpt lat="52.322839093500136" lon="14.100482663322424">
		<name>1094</name>
		<cmt>Langewahl; Neu Golmer Weg Ortsausgang am Friedhof</cmt>
		<desc>Langewahl; Neu Golmer Weg Ortsausgang am Friedhof</desc>
		<src>LB Forst Brandenburg</src>
	</wpt>
	<wpt lat="52.328536436702585" lon="14.126948424654978">
		<name>1093</name>
		<cmt>Langewahl; Alte Försterei Langewahl, Langes Gestell</cmt>
		<desc>Langewahl; Alte Försterei Langewahl, Langes Gestell</desc>
		<src>LB Forst Brandenburg</src>
	</wpt>
	<wpt lat="52.245934855715639" lon="13.991866385127675">
		<name>1074</name>
		<cmt>Dahmsdorf; Reichenwalder Str. ,1.Gestellweg links (befestigter Weg)</cmt>
		<desc>Dahmsdorf; Reichenwalder Str. ,1.Gestellweg links (befestigter Weg)</desc>
		<src>LB Forst Brandenburg</src>
	</wpt>
	<wpt lat="52.82016924450528" lon="12.396203373653861">
		<name>1696</name>
		<cmt>Sieversdorf-Hohenofen, Sieversdorf; Hauptstraße/Dorfstraße, Bushaltestelle</cmt>
		<desc>Sieversdorf-Hohenofen, Sieversdorf; Hauptstraße/Dorfstraße, Bushaltestelle</desc>
		<src>LB Forst Brandenburg</src>
	</wpt>
	<wpt lat="52.848963802451372" lon="12.345777227807206">
		<name>2751</name>
		<cmt>Zernitz-Lohm, Koppenbrück; Koppenbrück 21, Waldeingang</cmt>
		<desc>Zernitz-Lohm, Koppenbrück; Koppenbrück 21, Waldeingang</desc>
		<src>LB Forst Brandenburg</src>
	</wpt>
	<wpt lat="52.804924094716441" lon="12.458962795605753">
		<name>1492</name>
		<cmt>Dreetz, Dreetz; Wilhelm Pieck Str. 16 , Bushaltestelle</cmt>
		<desc>Dreetz, Dreetz; Wilhelm Pieck Str. 16 , Bushaltestelle</desc>
		<src>LB Forst Brandenburg</src>
	</wpt>
	<wpt lat="53.056195845633646" lon="12.971004753602074">
		<name>1340</name>
		<cmt>Rheinsberg, Köpernitz; L 223 Richtung Schulzendorf Abzweig Dollgow</cmt>
		<desc>Rheinsberg, Köpernitz; L 223 Richtung Schulzendorf Abzweig Dollgow</desc>
		<src>LB Forst Brandenburg</src>
	</wpt>
	<wpt lat="52.775463264478759" lon="13.691933622690058">
		<name>1689</name>
		<cmt>Melchow; Melchow Höhe "Märkisch Grün"</cmt>
		<desc>Melchow; Melchow Höhe "Märkisch Grün"</desc>
		<src>LB Forst Brandenburg</src>
	</wpt>
	<wpt lat="52.819068575970071" lon="13.600037783682732">
		<name>1693</name>
		<cmt>Sophienstädt; Försterei Eiserbude, 16359 Biesenthal Eiserbuder Weg 2</cmt>
		<desc>Sophienstädt; Försterei Eiserbude, 16359 Biesenthal Eiserbuder Weg 2</desc>
		<src>LB Forst Brandenburg</src>
	</wpt>
	<wpt lat="52.872491376095702" lon="13.56495033486611">
		<name>1710</name>
		<cmt>Klandorf; Feuerwehr Klandorf</cmt>
		<desc>Klandorf; Feuerwehr Klandorf</desc>
		<src>LB Forst Brandenburg</src>
	</wpt>
	<wpt lat="52.232114164633501" lon="14.0207162513959">
		<name>1072</name>
		<cmt>Wendisch-Rietz; Gemeindestr.Wendisch Rietz Silberberg Abt.Grenze 2103-2106b1 ca1,5 km</cmt>
		<desc>Wendisch-Rietz; Gemeindestr.Wendisch Rietz Silberberg Abt.Grenze 2103-2106b1 ca1,5 km</desc>
		<src>LB Forst Brandenburg</src>
	</wpt>
	<wpt lat="52.226087805702157" lon="13.999944975166841">
		<name>1073</name>
		<cmt>Dahmsdorf; Wend.-Rietzer Str.-Dahmsdorf,Gemakungsgrenze</cmt>
		<desc>Dahmsdorf; Wend.-Rietzer Str.-Dahmsdorf,Gemakungsgrenze</desc>
		<src>LB Forst Brandenburg</src>
	</wpt>
	<wpt lat="52.26452051947534" lon="13.97116842409784">
		<name>1076</name>
		<cmt>Reichenwalde; Storkower-Reichenwalde, unterhalb Wurzelberg</cmt>
		<desc>Reichenwalde; Storkower-Reichenwalde, unterhalb Wurzelberg</desc>
		<src>LB Forst Brandenburg</src>
	</wpt>
	<wpt lat="52.292652475224251" lon="14.033138897209991">
		<name>1075</name>
		<cmt>Bad Saarow; Zufahrtsstr.Marienhöhe Ecke Str. an den Rehwiesen</cmt>
		<desc>Bad Saarow; Zufahrtsstr.Marienhöhe Ecke Str. an den Rehwiesen</desc>
		<src>LB Forst Brandenburg</src>
	</wpt>
	<wpt lat="52.314541585875624" lon="13.748567914722866">
		<name>1200</name>
		<cmt>Heidesee, Dannenreich; Dorfstraße, Feuerwehr</cmt>
		<desc>Heidesee, Dannenreich; Dorfstraße, Feuerwehr</desc>
		<src>LB Forst Brandenburg</src>
	</wpt>
	<wpt lat="52.192227952815955" lon="13.877333268834096">
		<name>1124</name>
		<cmt>Storkow, Schwerin; am Dorfteich</cmt>
		<desc>Storkow, Schwerin; am Dorfteich</desc>
		<src>LB Forst Brandenburg</src>
	</wpt>
	<wpt lat="52.240125708057299" lon="13.945355203393822">
		<name>2776</name>
		<cmt>Storkow; Gersde Rüber Haupteingang Bundeswehrkaserne</cmt>
		<desc>Storkow; Gersde Rüber Haupteingang Bundeswehrkaserne</desc>
		<src>LB Forst Brandenburg</src>
	</wpt>
	<wpt lat="52.159861815530853" lon="13.873909682451897">
		<name>1255</name>
		<cmt>Storkow, Groß Eichholz; L74 Dorfstraße,  Dorfplatz</cmt>
		<desc>Storkow, Groß Eichholz; L74 Dorfstraße,  Dorfplatz</desc>
		<src>LB Forst Brandenburg</src>
	</wpt>
	<wpt lat="52.151894951542801" lon="13.977973991515526">
		<name>1112</name>
		<cmt>Storkow, Limsdorf; an der L42, ( Spitze Wald am Kreuzungsbereich)ca.2,6 km Richtung Alt Schadow Abzweig Kehrigk (L74) "Gleis Dreieck"</cmt>
		<desc>Storkow, Limsdorf; an der L42, ( Spitze Wald am Kreuzungsbereich)ca.2,6 km Richtung Alt Schadow Abzweig Kehrigk (L74) "Gleis Dreieck"</desc>
		<src>LB Forst Brandenburg</src>
	</wpt>
	<wpt lat="52.169736874317501" lon="14.029789313106205">
		<name>1108</name>
		<cmt>Storkow, Möllendorf; Dorfanger</cmt>
		<desc>Storkow, Möllendorf; Dorfanger</desc>
		<src>LB Forst Brandenburg</src>
	</wpt>
	<wpt lat="52.194044779392094" lon="13.919047054553646">
		<name>1122</name>
		<cmt>Storkow, Bugk; L741 Dorfstraße, am  Feuerwehrhaus</cmt>
		<desc>Storkow, Bugk; L741 Dorfstraße, am  Feuerwehrhaus</desc>
		<src>LB Forst Brandenburg</src>
	</wpt>
	<wpt lat="52.225776912121766" lon="13.90421914182666">
		<name>1125</name>
		<cmt>Storkow, Wochowsee; Dorfstraße am Gemeindehaus</cmt>
		<desc>Storkow, Wochowsee; Dorfstraße am Gemeindehaus</desc>
		<src>LB Forst Brandenburg</src>
	</wpt>
	<wpt lat="52.771776000878837" lon="14.067218347670982">
		<name>1624</name>
		<cmt>Bad Freienwalde, Altranft; Straßenmeisterei, Sitz Altranft, Besucherparkplatz</cmt>
		<desc>Bad Freienwalde, Altranft; Straßenmeisterei, Sitz Altranft, Besucherparkplatz</desc>
		<src>LB Forst Brandenburg</src>
	</wpt>
	<wpt lat="53.148391367768539" lon="12.008656131262441">
		<name>1469</name>
		<cmt>Groß Pankow, Wolfshagen; Schloß Wolfshagen</cmt>
		<desc>Groß Pankow, Wolfshagen; Schloß Wolfshagen</desc>
		<src>LB Forst Brandenburg</src>
	</wpt>
	<wpt lat="53.252858501230094" lon="12.037334473243353">
		<name>1579</name>
		<cmt>Putlitz; Platz neben der Parchimer Straße</cmt>
		<desc>Putlitz; Platz neben der Parchimer Straße</desc>
		<src>LB Forst Brandenburg</src>
	</wpt>
	<wpt lat="53.286271080370483" lon="11.993607292797666">
		<name>1580</name>
		<cmt>Nettelbeck, Krumbeck; Bushaltestelle an der L111</cmt>
		<desc>Nettelbeck, Krumbeck; Bushaltestelle an der L111</desc>
		<src>LB Forst Brandenburg</src>
	</wpt>
	<wpt lat="52.274495755464898" lon="13.958205195741845">
		<name>1078</name>
		<cmt>Storkow; L361, Fürstenwalder Str.Einfahrt Storkower Hähnchen GmbH</cmt>
		<desc>Storkow; L361, Fürstenwalder Str.Einfahrt Storkower Hähnchen GmbH</desc>
		<src>LB Forst Brandenburg</src>
	</wpt>
	<wpt lat="52.162444429226255" lon="13.920943539870638">
		<name>1115</name>
		<cmt>Storkow, Kehrigk; Abbiegung nach Limsdorf gleich rechts an der Kreuzung</cmt>
		<desc>Storkow, Kehrigk; Abbiegung nach Limsdorf gleich rechts an der Kreuzung</desc>
		<src>LB Forst Brandenburg</src>
	</wpt>
	<wpt lat="52.152190448295464" lon="14.028729017402632">
		<name>1106</name>
		<cmt>Storkow, Limsdorf; K6726, Richtung OT Schwenow, Waldparkplatz</cmt>
		<desc>Storkow, Limsdorf; K6726, Richtung OT Schwenow, Waldparkplatz</desc>
		<src>LB Forst Brandenburg</src>
	</wpt>
	<wpt lat="52.14324102223366" lon="14.044045720497738">
		<name>1105</name>
		<cmt>Storkow, Schwenow; K6726 Limsdorfer Str., Ortsmitte</cmt>
		<desc>Storkow, Schwenow; K6726 Limsdorfer Str., Ortsmitte</desc>
		<src>LB Forst Brandenburg</src>
	</wpt>
	<wpt lat="52.297217853748663" lon="13.986358548123187">
		<name>1081</name>
		<cmt>Kolpin; von L361,Richtung Briesenluch,am Sportplatz Kolpin</cmt>
		<desc>Kolpin; von L361,Richtung Briesenluch,am Sportplatz Kolpin</desc>
		<src>LB Forst Brandenburg</src>
	</wpt>
	<wpt lat="52.302054474120631" lon="13.885486692373014">
		<name>1089</name>
		<cmt>Neu Stahnsdorf; Alt-Stahnsdorf,Ot Neu Stahnsdorf,am Plattenweg</cmt>
		<desc>Neu Stahnsdorf; Alt-Stahnsdorf,Ot Neu Stahnsdorf,am Plattenweg</desc>
		<src>LB Forst Brandenburg</src>
	</wpt>
	<wpt lat="53.045384836225658" lon="13.842304152912213">
		<name>1669</name>
		<cmt>Parlow/Glambeck, Redernswalde; Kreuzung "Alte Templiner Straße"</cmt>
		<desc>Parlow/Glambeck, Redernswalde; Kreuzung "Alte Templiner Straße"</desc>
		<src>LB Forst Brandenburg</src>
	</wpt>
	<wpt lat="52.953825642597558" lon="13.721323798501775">
		<name>1754</name>
		<cmt>Joachimsthal; Holzablage Michen, an der B 198</cmt>
		<desc>Joachimsthal; Holzablage Michen, an der B 198</desc>
		<src>LB Forst Brandenburg</src>
	</wpt>
	<wpt lat="52.927294658666092" lon="13.704742902498802">
		<name>1726</name>
		<cmt>Joachimsthal; "Waldhof" zwischen Eichhorst und Joachimsthal</cmt>
		<desc>Joachimsthal; "Waldhof" zwischen Eichhorst und Joachimsthal</desc>
		<src>LB Forst Brandenburg</src>
	</wpt>
	<wpt lat="52.994586739770128" lon="13.680154975178546">
		<name>1747</name>
		<cmt>Joachimthal, Forst Joachimsthal; Försterei Lindhorst (Zorndorf)</cmt>
		<desc>Joachimthal, Forst Joachimsthal; Försterei Lindhorst (Zorndorf)</desc>
		<src>LB Forst Brandenburg</src>
	</wpt>
	<wpt lat="52.923782309750976" lon="13.73168474446377">
		<name>1720</name>
		<cmt>Schorfheide, Altenhof; Europäische Jugend und Erholungsstätte Altenhof - Eingang</cmt>
		<desc>Schorfheide, Altenhof; Europäische Jugend und Erholungsstätte Altenhof - Eingang</desc>
		<src>LB Forst Brandenburg</src>
	</wpt>
	<wpt lat="52.950651533171893" lon="13.831011830338518">
		<name>1664</name>
		<cmt>Chorin, Senftenhütte; B 198 Abzweig Senftenhütte</cmt>
		<desc>Chorin, Senftenhütte; B 198 Abzweig Senftenhütte</desc>
		<src>LB Forst Brandenburg</src>
	</wpt>
	<wpt lat="53.018026620841219" lon="13.816807804785469">
		<name>1752</name>
		<cmt>Friedrichswalde, Parlow-Glambeck; Ortseingang Glambeck aus Richtung Joachimsthal kommend</cmt>
		<desc>Friedrichswalde, Parlow-Glambeck; Ortseingang Glambeck aus Richtung Joachimsthal kommend</desc>
		<src>LB Forst Brandenburg</src>
	</wpt>
	<wpt lat="52.963204776597536" lon="13.752021588809598">
		<name>1753</name>
		<cmt>Joachimsthal; B 198 Einfahrt Kaiserbahnhof bei Joachimsthal</cmt>
		<desc>Joachimsthal; B 198 Einfahrt Kaiserbahnhof bei Joachimsthal</desc>
		<src>LB Forst Brandenburg</src>
	</wpt>
	<wpt lat="52.942721954008611" lon="13.7830667691304">
		<name>2794</name>
		<cmt>Altenhof; Joachimsthal Richtung Golzow (B198) rechts Abzweig Glasstraße</cmt>
		<desc>Altenhof; Joachimsthal Richtung Golzow (B198) rechts Abzweig Glasstraße</desc>
		<src>LB Forst Brandenburg</src>
	</wpt>
	<wpt lat="52.959280402511375" lon="13.682344945549248">
		<name>1755</name>
		<cmt>Joachimsthal, Kienhorst; Schönebecker Straße, aus Richtung Joachimsthal        himsthal kommend, Einfahrt Revierförsterei Kienhorst</cmt>
		<desc>Joachimsthal, Kienhorst; Schönebecker Straße, aus Richtung Joachimsthal        himsthal kommend, Einfahrt Revierförsterei Kienhorst</desc>
		<src>LB Forst Brandenburg</src>
	</wpt>
	<wpt lat="52.993441355642126" lon="13.73061234275554">
		<name>1749</name>
		<cmt>Joachimsthal; Friedrichswalder Straße (L23), aus Richtung Joachimsthal (A-Gestell) kommend</cmt>
		<desc>Joachimsthal; Friedrichswalder Straße (L23), aus Richtung Joachimsthal (A-Gestell) kommend</desc>
		<src>LB Forst Brandenburg</src>
	</wpt>
	<wpt lat="52.384175473174736" lon="13.873861731889782">
		<name>1063</name>
		<cmt>Grünheide, Mönchwinkel; Neue Spreeauer Str., Ecke Am Walde</cmt>
		<desc>Grünheide, Mönchwinkel; Neue Spreeauer Str., Ecke Am Walde</desc>
		<src>LB Forst Brandenburg</src>
	</wpt>
	<wpt lat="52.366906019262665" lon="13.838057678559338">
		<name>1212</name>
		<cmt>Grünheide, Spreeau; K6755, gegenüber der Feuerwehr</cmt>
		<desc>Grünheide, Spreeau; K6755, gegenüber der Feuerwehr</desc>
		<src>LB Forst Brandenburg</src>
	</wpt>
	<wpt lat="52.366939736646465" lon="13.821559534163535">
		<name>1213</name>
		<cmt>Grünheide, Spreeau; K6755 in Richtg. Freienbrink, an der Leitungstrasse</cmt>
		<desc>Grünheide, Spreeau; K6755 in Richtg. Freienbrink, an der Leitungstrasse</desc>
		<src>LB Forst Brandenburg</src>
	</wpt>
	<wpt lat="52.374526773598575" lon="13.835398373091653">
		<name>1214</name>
		<cmt>Grünheide, Spreeau; L23, Busstelle und Parkpl.zum Störitzsee</cmt>
		<desc>Grünheide, Spreeau; L23, Busstelle und Parkpl.zum Störitzsee</desc>
		<src>LB Forst Brandenburg</src>
	</wpt>
	<wpt lat="52.394005163897866" lon="13.813239602407853">
		<name>1232</name>
		<cmt>Grünheide; L38, Kreisel 900m Richtung A10, Forstschranke Einfahrt Alte Poststrasse</cmt>
		<desc>Grünheide; L38, Kreisel 900m Richtung A10, Forstschranke Einfahrt Alte Poststrasse</desc>
		<src>LB Forst Brandenburg</src>
	</wpt>
	<wpt lat="52.423848512806046" lon="13.780558765660325">
		<name>1226</name>
		<cmt>Erkner; L38 Fangschleusenstraße, Parkplatz am Heidereutersee</cmt>
		<desc>Erkner; L38 Fangschleusenstraße, Parkplatz am Heidereutersee</desc>
		<src>LB Forst Brandenburg</src>
	</wpt>
	<wpt lat="52.142460851573617" lon="13.64757089656216">
		<name>1168</name>
		<cmt>Schwerin; Halber Weg, Autobahnbrücke A 13</cmt>
		<desc>Schwerin; Halber Weg, Autobahnbrücke A 13</desc>
		<src>LB Forst Brandenburg</src>
	</wpt>
	<wpt lat="52.559787120664581" lon="14.355551785055896">
		<name>2781</name>
		<cmt>Gusow-Platkow, Gusow; B 167, Am Bahnübergang Gusow</cmt>
		<desc>Gusow-Platkow, Gusow; B 167, Am Bahnübergang Gusow</desc>
		<src>LB Forst Brandenburg</src>
	</wpt>
	<wpt lat="52.511076144516039" lon="14.328346586849751">
		<name>2675</name>
		<cmt>Vierlinden, Diedersdorf; B 1, Gaststätte Ulmenhof</cmt>
		<desc>Vierlinden, Diedersdorf; B 1, Gaststätte Ulmenhof</desc>
		<src>LB Forst Brandenburg</src>
	</wpt>
	<wpt lat="52.509246447959185" lon="14.274296764084568">
		<name>2674</name>
		<cmt>Vierlinden, Worin; B 1, Forsthaus Grüner Wald</cmt>
		<desc>Vierlinden, Worin; B 1, Forsthaus Grüner Wald</desc>
		<src>LB Forst Brandenburg</src>
	</wpt>
	<wpt lat="52.508542319317101" lon="14.223728205384333">
		<name>2676</name>
		<cmt>Müncheberg, Jahnsfelde; B 1, Gaststätte Landhaus Jahnsfelde</cmt>
		<desc>Müncheberg, Jahnsfelde; B 1, Gaststätte Landhaus Jahnsfelde</desc>
		<src>LB Forst Brandenburg</src>
	</wpt>
	<wpt lat="53.048099279797469" lon="13.163079403555363">
		<name>1304</name>
		<cmt>Neulüdersdorf; K6514 Abzweig Neulüdersdorf</cmt>
		<desc>Neulüdersdorf; K6514 Abzweig Neulüdersdorf</desc>
		<src>LB Forst Brandenburg</src>
	</wpt>
	<wpt lat="53.071706981173371" lon="13.180108078452173">
		<name>1305</name>
		<cmt>Seilershof; Abzweig B96 Seilershof; Abzweig B96</cmt>
		<desc>Seilershof; Abzweig B96 Seilershof; Abzweig B96</desc>
		<src>LB Forst Brandenburg</src>
	</wpt>
	<wpt lat="53.09373386434752" lon="13.143661572975626">
		<name>1306</name>
		<cmt>Seilershof; Haus an der Polz</cmt>
		<desc>Seilershof; Haus an der Polz</desc>
		<src>LB Forst Brandenburg</src>
	</wpt>
	<wpt lat="53.100529897298266" lon="13.251018123388507">
		<name>1296</name>
		<cmt>Fürstenberg, Blumenow; Hauptkreuzung am ehemaligen Gutshof</cmt>
		<desc>Fürstenberg, Blumenow; Hauptkreuzung am ehemaligen Gutshof</desc>
		<src>LB Forst Brandenburg</src>
	</wpt>
	<wpt lat="53.098568943706532" lon="13.28763745769483">
		<name>1297</name>
		<cmt>Fürstenberg, Barsdorf; Ortsausgang Richtung Blumenow</cmt>
		<desc>Fürstenberg, Barsdorf; Ortsausgang Richtung Blumenow</desc>
		<src>LB Forst Brandenburg</src>
	</wpt>
	<wpt lat="52.673632669571226" lon="13.337164448503987">
		<name>1962</name>
		<cmt>Hohen Neuendorf, Bergfelde; Grünstraße am Waldrand</cmt>
		<desc>Hohen Neuendorf, Bergfelde; Grünstraße am Waldrand</desc>
		<src>LB Forst Brandenburg</src>
	</wpt>
	<wpt lat="52.597836567319042" lon="13.196186397717668">
		<name>1979</name>
		<cmt>Hennigsdorf, Nieder Neuendorf; Oberjägerweg am Waldrand</cmt>
		<desc>Hennigsdorf, Nieder Neuendorf; Oberjägerweg am Waldrand</desc>
		<src>LB Forst Brandenburg</src>
	</wpt>
	<wpt lat="52.481683452362702" lon="14.333908197935012">
		<name>2672</name>
		<cmt>Lietzen; Komturei</cmt>
		<desc>Lietzen; Komturei</desc>
		<src>LB Forst Brandenburg</src>
	</wpt>
	<wpt lat="52.306087858606823" lon="14.243961097548608">
		<name>2650</name>
		<cmt>Kersdorfer Schleuse; Funkmast, nörd-östlich, Kersdorfer Schleuse</cmt>
		<desc>Kersdorfer Schleuse; Funkmast, nörd-östlich, Kersdorfer Schleuse</desc>
		<src>LB Forst Brandenburg</src>
	</wpt>
	<wpt lat="52.532103317914391" lon="14.217298114507127">
		<name>2791</name>
		<cmt>Müncheberg, Trebnitz; Dorfkirche Trebnitz</cmt>
		<desc>Müncheberg, Trebnitz; Dorfkirche Trebnitz</desc>
		<src>LB Forst Brandenburg</src>
	</wpt>
	<wpt lat="52.487237063122727" lon="14.27860677848426">
		<name>2673</name>
		<cmt>Vierlinden, Marxdorf; Dorfkirche Marxdorf</cmt>
		<desc>Vierlinden, Marxdorf; Dorfkirche Marxdorf</desc>
		<src>LB Forst Brandenburg</src>
	</wpt>
	<wpt lat="52.345591022265268" lon="14.184218708044076">
		<name>2654</name>
		<cmt>Berkenbrück; ehem. Forsthaus, östlich Berkenbrück</cmt>
		<desc>Berkenbrück; ehem. Forsthaus, östlich Berkenbrück</desc>
		<src>LB Forst Brandenburg</src>
	</wpt>
	<wpt lat="53.104896263876931" lon="12.953669440942441">
		<name>1310</name>
		<cmt>Stechlin, Sellenwalde; L15 / Alte Försterei Sellenwalde</cmt>
		<desc>Stechlin, Sellenwalde; L15 / Alte Försterei Sellenwalde</desc>
		<src>LB Forst Brandenburg</src>
	</wpt>
	<wpt lat="53.143330169737531" lon="13.060428846336681">
		<name>1314</name>
		<cmt>Stechlin, Neuglobsow; L15 Kreuzung Neuglobsow</cmt>
		<desc>Stechlin, Neuglobsow; L15 Kreuzung Neuglobsow</desc>
		<src>LB Forst Brandenburg</src>
	</wpt>
	<wpt lat="53.142200150890012" lon="13.097505340431516">
		<name>1313</name>
		<cmt>Stechlin, Altglobsow; L15 Abzweig Altglobsow</cmt>
		<desc>Stechlin, Altglobsow; L15 Abzweig Altglobsow</desc>
		<src>LB Forst Brandenburg</src>
	</wpt>
	<wpt lat="52.870060863635587" lon="13.167993028575097">
		<name>2049</name>
		<cmt>Löwenberger Land Ausbau Wackerberge; K6509 nahe B96 Abzweig Grüneberg</cmt>
		<desc>Löwenberger Land Ausbau Wackerberge; K6509 nahe B96 Abzweig Grüneberg</desc>
		<src>LB Forst Brandenburg</src>
	</wpt>
	<wpt lat="52.319830961664536" lon="14.114418632306574">
		<name>2820</name>
		<cmt>Langewahl; Zufahrt Langewahl von Umgehungsstr.,nahe Mülldeponie</cmt>
		<desc>Langewahl; Zufahrt Langewahl von Umgehungsstr.,nahe Mülldeponie</desc>
		<src>LB Forst Brandenburg</src>
	</wpt>
	<wpt lat="52.941132666918975" lon="13.213742814138199">
		<name>1929</name>
		<cmt>Löwenberger Land, Häsen; K6512 Ortslage Häsen, Abzweig Liebenberger Weg</cmt>
		<desc>Löwenberger Land, Häsen; K6512 Ortslage Häsen, Abzweig Liebenberger Weg</desc>
		<src>LB Forst Brandenburg</src>
	</wpt>
	<wpt lat="52.517734988128836" lon="13.829006834723254">
		<name>2720</name>
		<cmt>Strausberg; Wasserwerk am Stienitzsee</cmt>
		<desc>Strausberg; Wasserwerk am Stienitzsee</desc>
		<src>LB Forst Brandenburg</src>
	</wpt>
	<wpt lat="52.053396391886167" lon="13.897434408771886">
		<name>2216</name>
		<cmt>Unterspreewald, Neu Lübbenau; Lübbener Straße Nr.36</cmt>
		<desc>Unterspreewald, Neu Lübbenau; Lübbener Straße Nr.36</desc>
		<src>LB Forst Brandenburg</src>
	</wpt>
	<wpt lat="52.106569399881948" lon="13.702330989440931">
		<name>1188</name>
		<cmt>Halbe; Bushaltestelle:Moritzplatz</cmt>
		<desc>Halbe; Bushaltestelle:Moritzplatz</desc>
		<src>LB Forst Brandenburg</src>
	</wpt>
	<wpt lat="52.099462700116511" lon="13.824243764469793">
		<name>1184</name>
		<cmt>Münchehofe, Klein Wasserburg; B179 Leibscher Chaussee, Abzweig Klein Wasserburg</cmt>
		<desc>Münchehofe, Klein Wasserburg; B179 Leibscher Chaussee, Abzweig Klein Wasserburg</desc>
		<src>LB Forst Brandenburg</src>
	</wpt>
	<wpt lat="52.123437706174087" lon="13.79946789922545">
		<name>1185</name>
		<cmt>Münchehofe; L74 Münchehofer Str., Abzweig Birkholz</cmt>
		<desc>Münchehofe; L74 Münchehofer Str., Abzweig Birkholz</desc>
		<src>LB Forst Brandenburg</src>
	</wpt>
	<wpt lat="52.753349118137635" lon="13.038805937165042">
		<name>1769</name>
		<cmt>Kremmen; B273 Orstlage Kremmen, Bahnhof Kremmen</cmt>
		<desc>Kremmen; B273 Orstlage Kremmen, Bahnhof Kremmen</desc>
		<src>LB Forst Brandenburg</src>
	</wpt>
	<wpt lat="52.726976101119732" lon="12.987991977417947">
		<name>2000</name>
		<cmt>Kremmen, Staffelde; B273 Nauener Chaussee Rettungswache Staffelde</cmt>
		<desc>Kremmen, Staffelde; B273 Nauener Chaussee Rettungswache Staffelde</desc>
		<src>LB Forst Brandenburg</src>
	</wpt>
	<wpt lat="52.63330328769689" lon="13.146517627830528">
		<name>1976</name>
		<cmt>Oberkrämer, Bötzow; L20 in Richtung Schönwalde, Parkplatz Bötzow</cmt>
		<desc>Oberkrämer, Bötzow; L20 in Richtung Schönwalde, Parkplatz Bötzow</desc>
		<src>LB Forst Brandenburg</src>
	</wpt>
	<wpt lat="52.747538861318276" lon="13.154400678217977">
		<name>2579</name>
		<cmt>Oranienburg, Germendorf; B273 Kremmener Allee, Tierpark - Parkplatz</cmt>
		<desc>Oranienburg, Germendorf; B273 Kremmener Allee, Tierpark - Parkplatz</desc>
		<src>LB Forst Brandenburg</src>
	</wpt>
	<wpt lat="51.721463219617746" lon="13.383042380127462">
		<name>1876</name>
		<cmt>Schlieben; Amtsverwaltung, Herzberger Str. 7</cmt>
		<desc>Schlieben; Amtsverwaltung, Herzberger Str. 7</desc>
		<src>LB Forst Brandenburg</src>
	</wpt>
	<wpt lat="53.204131901460485" lon="11.822665809956877">
		<name>1572</name>
		<cmt>Kribbe, Neuhof; Dorfplatz Neuhof</cmt>
		<desc>Kribbe, Neuhof; Dorfplatz Neuhof</desc>
		<src>LB Forst Brandenburg</src>
	</wpt>
	<wpt lat="52.527395959255472" lon="13.719927793904022">
		<name>2711</name>
		<cmt>Neuenhagen, Elisenhof; Elisenhofer Weg</cmt>
		<desc>Neuenhagen, Elisenhof; Elisenhofer Weg</desc>
		<src>LB Forst Brandenburg</src>
	</wpt>
	<wpt lat="51.728427279733062" lon="13.316998811014075">
		<name>1877</name>
		<cmt>Kolochau; Parkplatz / B87, Poststr. 14</cmt>
		<desc>Kolochau; Parkplatz / B87, Poststr. 14</desc>
		<src>LB Forst Brandenburg</src>
	</wpt>
	<wpt lat="53.130903883991543" lon="11.663447898771118">
		<name>1418</name>
		<cmt>Mankmuß; Festplatz Mankmuß;</cmt>
		<desc>Mankmuß; Festplatz Mankmuß;</desc>
		<src>LB Forst Brandenburg</src>
	</wpt>
	<wpt lat="51.754355822117283" lon="13.357291757184493">
		<name>1878</name>
		<cmt>Schlieben , Krassig; Ortseingang aus Richtung Schlieben, Krassig Nr. 1</cmt>
		<desc>Schlieben , Krassig; Ortseingang aus Richtung Schlieben, Krassig Nr. 1</desc>
		<src>LB Forst Brandenburg</src>
	</wpt>
	<wpt lat="53.185655241066058" lon="11.651525697342155">
		<name>1420</name>
		<cmt>Garlin, Sargleben; Abzweig Seetz</cmt>
		<desc>Garlin, Sargleben; Abzweig Seetz</desc>
		<src>LB Forst Brandenburg</src>
	</wpt>
	<wpt lat="51.742434800856763" lon="13.438863947023046">
		<name>1879</name>
		<cmt>Fichtwald , Naundorf; Gaststätte , Parkplatz, Dorfstr. 45</cmt>
		<desc>Fichtwald , Naundorf; Gaststätte , Parkplatz, Dorfstr. 45</desc>
		<src>LB Forst Brandenburg</src>
	</wpt>
	<wpt lat="53.175261146890776" lon="11.573480606559048">
		<name>1419</name>
		<cmt>Zapel; Gemeindehaus</cmt>
		<desc>Zapel; Gemeindehaus</desc>
		<src>LB Forst Brandenburg</src>
	</wpt>
	<wpt lat="53.032294538874275" lon="12.665962663322418">
		<name>1910</name>
		<cmt>Temnitzquell, Pfalzheim; Ortseingang von Rägelin kommend</cmt>
		<desc>Temnitzquell, Pfalzheim; Ortseingang von Rägelin kommend</desc>
		<src>LB Forst Brandenburg</src>
	</wpt>
	<wpt lat="52.727810388636328" lon="12.926883578077373">
		<name>2001</name>
		<cmt>Kremmen, Flatow; L17 Kreuzung Richtung Kuhhorst</cmt>
		<desc>Kremmen, Flatow; L17 Kreuzung Richtung Kuhhorst</desc>
		<src>LB Forst Brandenburg</src>
	</wpt>
	<wpt lat="52.459391092860784" lon="13.952552074064617">
		<name>1046</name>
		<cmt>Grünheide, Kienbaum; Sportschule, Radrennbahn</cmt>
		<desc>Grünheide, Kienbaum; Sportschule, Radrennbahn</desc>
		<src>LB Forst Brandenburg</src>
	</wpt>
	<wpt lat="52.450216096541183" lon="13.95739319356796">
		<name>1040</name>
		<cmt>Grünheide, Kienbaum; Kienbaumer Straße,Ölleitung</cmt>
		<desc>Grünheide, Kienbaum; Kienbaumer Straße,Ölleitung</desc>
		<src>LB Forst Brandenburg</src>
	</wpt>
	<wpt lat="52.461762168699011" lon="13.984228065351221">
		<name>2813</name>
		<cmt>Grünheide, Kienbaum; Radweg Neue Mühle</cmt>
		<desc>Grünheide, Kienbaum; Radweg Neue Mühle</desc>
		<src>LB Forst Brandenburg</src>
	</wpt>
	<wpt lat="52.420886703058493" lon="13.974341571158769">
		<name>1066</name>
		<cmt>Grünheide, Hangelsberg; Am Plaatz1, L385 Hangelsbg. Richtung Kienbaum  ab Bahnüberg. ca. 2,4 km dann rechts ab, Revierförsterei Plaatz Hubschr.-Land</cmt>
		<desc>Grünheide, Hangelsberg; Am Plaatz1, L385 Hangelsbg. Richtung Kienbaum  ab Bahnüberg. ca. 2,4 km dann rechts ab, Revierförsterei Plaatz Hubschr.-Land</desc>
		<src>LB Forst Brandenburg</src>
	</wpt>
	<wpt lat="52.396548960728389" lon="13.964484307675738">
		<name>1030</name>
		<cmt>Fürstenwalde; Forsthaus Kleine Heide</cmt>
		<desc>Fürstenwalde; Forsthaus Kleine Heide</desc>
		<src>LB Forst Brandenburg</src>
	</wpt>
	<wpt lat="52.383648006572933" lon="13.892127699882673">
		<name>1031</name>
		<cmt>Sprennhagen, Kirchhofen; Radweg Mönchwinkel - Kirchhofen rechts hinter Spreebrücke Parkplatz Wasserwanderer</cmt>
		<desc>Sprennhagen, Kirchhofen; Radweg Mönchwinkel - Kirchhofen rechts hinter Spreebrücke Parkplatz Wasserwanderer</desc>
		<src>LB Forst Brandenburg</src>
	</wpt>
	<wpt lat="52.366759444618047" lon="13.992937241164855">
		<name>1087</name>
		<cmt>Fürstenwalde; Braunsdorfer Straße  Schleuse Große Tränke</cmt>
		<desc>Fürstenwalde; Braunsdorfer Straße  Schleuse Große Tränke</desc>
		<src>LB Forst Brandenburg</src>
	</wpt>
	<wpt lat="52.35253474055439" lon="14.006352395269785">
		<name>1086</name>
		<cmt>Fürstenwalde; Fürstenwalde Südwest; L36 Spreenhagener Str., Einmündung Kiesweg</cmt>
		<desc>Fürstenwalde; Fürstenwalde Südwest; L36 Spreenhagener Str., Einmündung Kiesweg</desc>
		<src>LB Forst Brandenburg</src>
	</wpt>
	<wpt lat="52.384714576621519" lon="14.015660098856587">
		<name>1067</name>
		<cmt>Fürstenwalde; Amselweg, Onkel Toms Hütte, L35 am Umspannwerk in Amselweg einbiegen.</cmt>
		<desc>Fürstenwalde; Amselweg, Onkel Toms Hütte, L35 am Umspannwerk in Amselweg einbiegen.</desc>
		<src>LB Forst Brandenburg</src>
	</wpt>
	<wpt lat="52.352552360763802" lon="14.140835334729204">
		<name>2816</name>
		<cmt>Berkenbrück/Spree, Berkenbrück; Berkenbrück Forsthaus Beerenbusch</cmt>
		<desc>Berkenbrück/Spree, Berkenbrück; Berkenbrück Forsthaus Beerenbusch</desc>
		<src>LB Forst Brandenburg</src>
	</wpt>
	<wpt lat="52.333925777310093" lon="14.067147332516088">
		<name>2822</name>
		<cmt>Fürstenwalde; A12, AS Fürstenwalde; nördlich</cmt>
		<desc>Fürstenwalde; A12, AS Fürstenwalde; nördlich</desc>
		<src>LB Forst Brandenburg</src>
	</wpt>
	<wpt lat="52.061468990292035" lon="13.849795330449677">
		<name>2215</name>
		<cmt>Krausnick/Groß Wasserburg, Groß Wasserburg; Groß Wasserbung;  Dorfstraße Nr. 20/21, Gaststätte</cmt>
		<desc>Krausnick/Groß Wasserburg, Groß Wasserburg; Groß Wasserbung;  Dorfstraße Nr. 20/21, Gaststätte</desc>
		<src>LB Forst Brandenburg</src>
	</wpt>
	<wpt lat="52.032642382125559" lon="13.821435327707261">
		<name>2219</name>
		<cmt>Krausnick/Groß Wasserburg, Krausnick; Hauptstraße Ringstraße, Kreisverkehr</cmt>
		<desc>Krausnick/Groß Wasserburg, Krausnick; Hauptstraße Ringstraße, Kreisverkehr</desc>
		<src>LB Forst Brandenburg</src>
	</wpt>
	<wpt lat="53.103180224740917" lon="11.483042360245662">
		<name>1464</name>
		<cmt>Lenzen; Busunternehmen Hülsebeck</cmt>
		<desc>Lenzen; Busunternehmen Hülsebeck</desc>
		<src>LB Forst Brandenburg</src>
	</wpt>
	<wpt lat="52.137712083216648" lon="13.940862464585612">
		<name>1114</name>
		<cmt>Märkisch Heide, OT Alt Schadow; am Radweg gerade rüber v. ehm. Forsthaus Tschinka</cmt>
		<desc>Märkisch Heide, OT Alt Schadow; am Radweg gerade rüber v. ehm. Forsthaus Tschinka</desc>
		<src>LB Forst Brandenburg</src>
	</wpt>
	<wpt lat="51.641079599068071" lon="13.120179865296961">
		<name>1791</name>
		<cmt>Herzberg,Züllsdorf; Dorfmitte,gegenüber Gaststätte "Zur Tanne"</cmt>
		<desc>Herzberg,Züllsdorf; Dorfmitte,gegenüber Gaststätte "Zur Tanne"</desc>
		<src>LB Forst Brandenburg</src>
	</wpt>
	<wpt lat="51.606196590723322" lon="13.155543018915941">
		<name>1865</name>
		<cmt>Herzberg,Löhsten; Richtung Rehfeld, Waldkante</cmt>
		<desc>Herzberg,Löhsten; Richtung Rehfeld, Waldkante</desc>
		<src>LB Forst Brandenburg</src>
	</wpt>
	<wpt lat="51.844610186501527" lon="13.159502025486947">
		<name>2406</name>
		<cmt>Schönewalde,  Stolzenhain; Gaststätte Hagen, Abzweig "An den Hufen"</cmt>
		<desc>Schönewalde,  Stolzenhain; Gaststätte Hagen, Abzweig "An den Hufen"</desc>
		<src>LB Forst Brandenburg</src>
	</wpt>
	<wpt lat="53.282142956143282" lon="13.779532491688029">
		<name>1262</name>
		<cmt>Nordwestuckermark, Groß Sperrenwalde; Groß Sperrenwalde, Einfahrt Wache zum StOÜPl Kleine Heide, L15</cmt>
		<desc>Nordwestuckermark, Groß Sperrenwalde; Groß Sperrenwalde, Einfahrt Wache zum StOÜPl Kleine Heide, L15</desc>
		<src>LB Forst Brandenburg</src>
	</wpt>
	<wpt lat="52.192766683844582" lon="12.524304266132679">
		<name>2135</name>
		<cmt>Belzig, Weitzgrund; K 6936, Ortseingang von Verlorenwasser kommend</cmt>
		<desc>Belzig, Weitzgrund; K 6936, Ortseingang von Verlorenwasser kommend</desc>
		<src>LB Forst Brandenburg</src>
	</wpt>
	<wpt lat="52.183063374791445" lon="12.462956646478721">
		<name>2175</name>
		<cmt>Belzig, Werbig; Werbiger Dorfstrasse 1, "Gaststaette zur Erholung"</cmt>
		<desc>Belzig, Werbig; Werbiger Dorfstrasse 1, "Gaststaette zur Erholung"</desc>
		<src>LB Forst Brandenburg</src>
	</wpt>
	<wpt lat="52.24853874863728" lon="12.484755555522167">
		<name>2179</name>
		<cmt>Belzig, Groß Briesen; L 941, Ortsmitte Groß Briesen, Kirche</cmt>
		<desc>Belzig, Groß Briesen; L 941, Ortsmitte Groß Briesen, Kirche</desc>
		<src>LB Forst Brandenburg</src>
	</wpt>
	<wpt lat="52.238399029703146" lon="12.513235791568897">
		<name>2174</name>
		<cmt>Belzig, Klein Briesen; L 941, Ortsmitte Klein Briesen, Kirche</cmt>
		<desc>Belzig, Klein Briesen; L 941, Ortsmitte Klein Briesen, Kirche</desc>
		<src>LB Forst Brandenburg</src>
	</wpt>
	<wpt lat="52.6326398183663" lon="13.849943252315969">
		<name>2725</name>
		<cmt>Gielsdorf, Eichenbrandt; L 23, OT Eichenbrandt, Kreuzung Tiefenseer Chaussee/Eichenbrandt</cmt>
		<desc>Gielsdorf, Eichenbrandt; L 23, OT Eichenbrandt, Kreuzung Tiefenseer Chaussee/Eichenbrandt</desc>
		<src>LB Forst Brandenburg</src>
	</wpt>
	<wpt lat="52.576138093624841" lon="14.625228662563414">
		<name>2799</name>
		<cmt>Küstriner Vorland, Küstrin-Kietz; B1, Oderinsel</cmt>
		<desc>Küstriner Vorland, Küstrin-Kietz; B1, Oderinsel</desc>
		<src>LB Forst Brandenburg</src>
	</wpt>
	<wpt lat="53.196724547940271" lon="11.707061475864695">
		<name>1436</name>
		<cmt>Bootz; Spielplatz Bootz</cmt>
		<desc>Bootz; Spielplatz Bootz</desc>
		<src>LB Forst Brandenburg</src>
	</wpt>
	<wpt lat="52.245532961420686" lon="13.567534732803427">
		<name>1158</name>
		<cmt>Mittenwalde, Gallun; Storkower Straße 1, Gelände Wasser- und Bodenverband</cmt>
		<desc>Mittenwalde, Gallun; Storkower Straße 1, Gelände Wasser- und Bodenverband</desc>
		<src>LB Forst Brandenburg</src>
	</wpt>
	<wpt lat="52.199199397930919" lon="13.5860417063695">
		<name>1155</name>
		<cmt>Mittenwalde, Motzen; Karl Marx Straße, Ecke Köriser Straße</cmt>
		<desc>Mittenwalde, Motzen; Karl Marx Straße, Ecke Köriser Straße</desc>
		<src>LB Forst Brandenburg</src>
	</wpt>
	<wpt lat="52.195218414530871" lon="13.623747215311646">
		<name>1156</name>
		<cmt>Mittenwalde, Motzen; Köriser Straße, Bahnübergang "Blockstelle"</cmt>
		<desc>Mittenwalde, Motzen; Köriser Straße, Bahnübergang "Blockstelle"</desc>
		<src>LB Forst Brandenburg</src>
	</wpt>
	<wpt lat="52.220651477742855" lon="13.604555079515308">
		<name>1157</name>
		<cmt>Bestensee; Motzener Straße / Unter den Eichen</cmt>
		<desc>Bestensee; Motzener Straße / Unter den Eichen</desc>
		<src>LB Forst Brandenburg</src>
	</wpt>
	<wpt lat="52.24087765185984" lon="13.664058373488036">
		<name>1160</name>
		<cmt>Bestensee, Pätz; B179 an der Rettungswache</cmt>
		<desc>Bestensee, Pätz; B179 an der Rettungswache</desc>
		<src>LB Forst Brandenburg</src>
	</wpt>
	<wpt lat="52.270459574684971" lon="13.609771712851689">
		<name>1208</name>
		<cmt>Königs Wusterhausen, Zeesen; Straße am Klärwerk Ecke August-Bebel-Straße</cmt>
		<desc>Königs Wusterhausen, Zeesen; Straße am Klärwerk Ecke August-Bebel-Straße</desc>
		<src>LB Forst Brandenburg</src>
	</wpt>
	<wpt lat="52.848725654318649" lon="13.845354285603459">
		<name>1477</name>
		<cmt>Eberswalde; Macherslust, Einfahrt Waldweg gegenüber Villa</cmt>
		<desc>Eberswalde; Macherslust, Einfahrt Waldweg gegenüber Villa</desc>
		<src>LB Forst Brandenburg</src>
	</wpt>
	<wpt lat="51.583103250658553" lon="14.336734115809175">
		<name>2449</name>
		<cmt>Spremberg; Auffahrt west Kippe Pulsberg, Nähe Drebkauer Str.9a Spremberg</cmt>
		<desc>Spremberg; Auffahrt west Kippe Pulsberg, Nähe Drebkauer Str.9a Spremberg</desc>
		<src>LB Forst Brandenburg</src>
	</wpt>
	<wpt lat="52.013354081978086" lon="13.691358562817889">
		<name>2242</name>
		<cmt>Rietzeneudorf/Staakow, Rietzneuendorf; Autobahnabfahrt Staakow BAB 13, westlich Richtung Golßen</cmt>
		<desc>Rietzeneudorf/Staakow, Rietzneuendorf; Autobahnabfahrt Staakow BAB 13, westlich Richtung Golßen</desc>
		<src>LB Forst Brandenburg</src>
	</wpt>
	<wpt lat="52.400610795408276" lon="14.027867894786112">
		<name>1069</name>
		<cmt>Fürstenwalde, Trebus; Trebus Hangelsberger Weg</cmt>
		<desc>Fürstenwalde, Trebus; Trebus Hangelsberger Weg</desc>
		<src>LB Forst Brandenburg</src>
	</wpt>
	<wpt lat="52.359671602095936" lon="13.965851812780812">
		<name>1070</name>
		<cmt>Spreenhagen, Göllmnitz; L753 von FüWa Richtung Braunsdorf kurz vor Braunsdorf links ab</cmt>
		<desc>Spreenhagen, Göllmnitz; L753 von FüWa Richtung Braunsdorf kurz vor Braunsdorf links ab</desc>
		<src>LB Forst Brandenburg</src>
	</wpt>
	<wpt lat="52.453716888184893" lon="13.774167056763268">
		<name>2708</name>
		<cmt>Rüdersdorf; K 6420, Waldstraße  -  Rehaklinik</cmt>
		<desc>Rüdersdorf; K 6420, Waldstraße  -  Rehaklinik</desc>
		<src>LB Forst Brandenburg</src>
	</wpt>
	<wpt lat="52.106472271702145" lon="13.274977474824562">
		<name>2285</name>
		<cmt>Nuthe-Urstromtal, Schöneweide; an der Feuerwehr, Lüdersdorfer Straße</cmt>
		<desc>Nuthe-Urstromtal, Schöneweide; an der Feuerwehr, Lüdersdorfer Straße</desc>
		<src>LB Forst Brandenburg</src>
	</wpt>
	<wpt lat="52.453521939443633" lon="13.880628665778207">
		<name>1243</name>
		<cmt>Grünheide, Möllensee; Parkplatz an der Südspitze Elsensee</cmt>
		<desc>Grünheide, Möllensee; Parkplatz an der Südspitze Elsensee</desc>
		<src>LB Forst Brandenburg</src>
	</wpt>
	<wpt lat="52.481586987990809" lon="13.68957355677253">
		<name>1229</name>
		<cmt>Schöneiche b. Berlin; Am Weidensee</cmt>
		<desc>Schöneiche b. Berlin; Am Weidensee</desc>
		<src>LB Forst Brandenburg</src>
	</wpt>
	<wpt lat="52.899731856554034" lon="13.660908420497517">
		<name>1718</name>
		<cmt>Schorfheide, Eichhorst; Campingplatz Süßer Winkel, Str. Eichhorst nach Altenhof im Wald</cmt>
		<desc>Schorfheide, Eichhorst; Campingplatz Süßer Winkel, Str. Eichhorst nach Altenhof im Wald</desc>
		<src>LB Forst Brandenburg</src>
	</wpt>
	<wpt lat="52.756466328390282" lon="13.533279064880665">
		<name>1702</name>
		<cmt>Wandlitz, Ützdorf; Parkplatz Ützdorf, Ortsausgang Richtung Lanke</cmt>
		<desc>Wandlitz, Ützdorf; Parkplatz Ützdorf, Ortsausgang Richtung Lanke</desc>
		<src>LB Forst Brandenburg</src>
	</wpt>
	<wpt lat="52.726513504703711" lon="13.964719449203979">
		<name>1639</name>
		<cmt>Höhenland, Wölsickendorf-Wollenberg; Waldweg Wollenberg</cmt>
		<desc>Höhenland, Wölsickendorf-Wollenberg; Waldweg Wollenberg</desc>
		<src>LB Forst Brandenburg</src>
	</wpt>
	<wpt lat="52.717083510498917" lon="14.000647622689119">
		<name>1622</name>
		<cmt>Wriezen, Rädikow; Parkplatz Rädikow, gegenüber Forsthaus 1</cmt>
		<desc>Wriezen, Rädikow; Parkplatz Rädikow, gegenüber Forsthaus 1</desc>
		<src>LB Forst Brandenburg</src>
	</wpt>
	<wpt lat="52.711670894325202" lon="14.029168646435418">
		<name>1638</name>
		<cmt>Wriezen, Haselberg; Abzweig Heideweg</cmt>
		<desc>Wriezen, Haselberg; Abzweig Heideweg</desc>
		<src>LB Forst Brandenburg</src>
	</wpt>
	<wpt lat="52.645600025431904" lon="14.073633631094207">
		<name>2705</name>
		<cmt>Reichenow-Möglin, Reichenow; Wanderweg Reichenow</cmt>
		<desc>Reichenow-Möglin, Reichenow; Wanderweg Reichenow</desc>
		<src>LB Forst Brandenburg</src>
	</wpt>
	<wpt lat="52.730242564901253" lon="14.115434280868623">
		<name>1634</name>
		<cmt>Wriezen; Stadtsee</cmt>
		<desc>Wriezen; Stadtsee</desc>
		<src>LB Forst Brandenburg</src>
	</wpt>
	<wpt lat="52.74371650653233" lon="14.101617744846255">
		<name>1636</name>
		<cmt>Wriezen,  Altgaul; Waldweg, Gasleitung Altgaul</cmt>
		<desc>Wriezen,  Altgaul; Waldweg, Gasleitung Altgaul</desc>
		<src>LB Forst Brandenburg</src>
	</wpt>
	<wpt lat="52.889414134202731" lon="13.700696737593043">
		<name>1713</name>
		<cmt>Schorfheide, Werbellin; An der Feuerwehr</cmt>
		<desc>Schorfheide, Werbellin; An der Feuerwehr</desc>
		<src>LB Forst Brandenburg</src>
	</wpt>
	<wpt lat="52.96294129653517" lon="13.570573968639454">
		<name>1729</name>
		<cmt>Schorfheide; L 100 Parkplatz Eichendreieck, 5,3 km von OA Groß Schönebeck Richtung Prenzlau linke Seite</cmt>
		<desc>Schorfheide; L 100 Parkplatz Eichendreieck, 5,3 km von OA Groß Schönebeck Richtung Prenzlau linke Seite</desc>
		<src>LB Forst Brandenburg</src>
	</wpt>
	<wpt lat="52.943907799912033" lon="13.469078722241356">
		<name>1736</name>
		<cmt>Schorfheide, Schluft; Buswendeschleife Ortsteil Schluft</cmt>
		<desc>Schorfheide, Schluft; Buswendeschleife Ortsteil Schluft</desc>
		<src>LB Forst Brandenburg</src>
	</wpt>
	<wpt lat="52.913065183637848" lon="13.46161445850252">
		<name>1739</name>
		<cmt>Liebenthal; Ortsmitte Liebenthal, Abzweig Wildpferdgehege</cmt>
		<desc>Liebenthal; Ortsmitte Liebenthal, Abzweig Wildpferdgehege</desc>
		<src>LB Forst Brandenburg</src>
	</wpt>
	<wpt lat="52.833721973715477" lon="13.671125979836448">
		<name>1692</name>
		<cmt>Schorfheide, Finowfurt; Museumsstr. 1, Finowfurt an der Haupteinfahrt zum Flugzeugmuseum</cmt>
		<desc>Schorfheide, Finowfurt; Museumsstr. 1, Finowfurt an der Haupteinfahrt zum Flugzeugmuseum</desc>
		<src>LB Forst Brandenburg</src>
	</wpt>
	<wpt lat="52.051846047604606" lon="13.234803312963638">
		<name>2240</name>
		<cmt>Nuthe Urstromtal, Jänickendorf; Alte Hauptstraße (L73) Abzweig Charlottenfelder Str- Ortsausgang</cmt>
		<desc>Nuthe Urstromtal, Jänickendorf; Alte Hauptstraße (L73) Abzweig Charlottenfelder Str- Ortsausgang</desc>
		<src>LB Forst Brandenburg</src>
	</wpt>
	<wpt lat="51.634370265155233" lon="14.513299809915768">
		<name>2427</name>
		<cmt>Hornow; Revierförsterei</cmt>
		<desc>Hornow; Revierförsterei</desc>
		<src>LB Forst Brandenburg</src>
	</wpt>
	<wpt lat="51.618906795945676" lon="14.756256084241592">
		<name>2413</name>
		<cmt>Jerischke, Zelz; K 710 , Bushalte- und Wendestelle an der Ortsteileinfahrt Zelz</cmt>
		<desc>Jerischke, Zelz; K 710 , Bushalte- und Wendestelle an der Ortsteileinfahrt Zelz</desc>
		<src>LB Forst Brandenburg</src>
	</wpt>
	<wpt lat="51.60279100880549" lon="14.611719064513627">
		<name>2410</name>
		<cmt>Döbern, Eichwege; B 115 , Kreuzzung K 7101 Richtung Jerischke Parkplatz Norma</cmt>
		<desc>Döbern, Eichwege; B 115 , Kreuzzung K 7101 Richtung Jerischke Parkplatz Norma</desc>
		<src>LB Forst Brandenburg</src>
	</wpt>
	<wpt lat="51.625630030611298" lon="14.58165620493093">
		<name>2416</name>
		<cmt>Döbern; B 115 an der Einfahrt Garten und Landschaftsbau Döbern</cmt>
		<desc>Döbern; B 115 an der Einfahrt Garten und Landschaftsbau Döbern</desc>
		<src>LB Forst Brandenburg</src>
	</wpt>
	<wpt lat="52.894716228061533" lon="13.892786844783354">
		<name>1656</name>
		<cmt>Chorin; Amtsseekurve L 200 (B 2), Einfahrt Denglerweg</cmt>
		<desc>Chorin; Amtsseekurve L 200 (B 2), Einfahrt Denglerweg</desc>
		<src>LB Forst Brandenburg</src>
	</wpt>
	<wpt lat="52.198057187253028" lon="13.179668636351387">
		<name>1017</name>
		<cmt>Nuthe-Urstromtal,  Ahrensdorf; ehem. Altersheim-Löwendorfer Straße 25- K7220</cmt>
		<desc>Nuthe-Urstromtal,  Ahrensdorf; ehem. Altersheim-Löwendorfer Straße 25- K7220</desc>
		<src>LB Forst Brandenburg</src>
	</wpt>
	<wpt lat="52.755510396439384" lon="13.674061564632789">
		<name>2796</name>
		<cmt>Biesenthal; L29 beim Bahnhof, ehem. kleines Tanklager</cmt>
		<desc>Biesenthal; L29 beim Bahnhof, ehem. kleines Tanklager</desc>
		<src>LB Forst Brandenburg</src>
	</wpt>
	<wpt lat="52.812903210946551" lon="13.581689810297362">
		<name>1701</name>
		<cmt>Sophienstädt; Sophienstädt an der Kirche</cmt>
		<desc>Sophienstädt; Sophienstädt an der Kirche</desc>
		<src>LB Forst Brandenburg</src>
	</wpt>
	<wpt lat="52.835645165369769" lon="13.600686763609595">
		<name>1694</name>
		<cmt>Marienwerder; Marienwerder am Sportplatz</cmt>
		<desc>Marienwerder; Marienwerder am Sportplatz</desc>
		<src>LB Forst Brandenburg</src>
	</wpt>
	<wpt lat="52.85109770793408" lon="13.592327200497706">
		<name>2798</name>
		<cmt>Marienwerder; Marienwerder, B167, Marienwerderweg Richtung Klandorf</cmt>
		<desc>Marienwerder; Marienwerder, B167, Marienwerderweg Richtung Klandorf</desc>
		<src>LB Forst Brandenburg</src>
	</wpt>
	<wpt lat="52.82602648728502" lon="13.56004842725941">
		<name>1699</name>
		<cmt>Marienwerder, Ruhlsdorf; an der Kirche</cmt>
		<desc>Marienwerder, Ruhlsdorf; an der Kirche</desc>
		<src>LB Forst Brandenburg</src>
	</wpt>
	<wpt lat="52.796856012288842" lon="13.515317068547922">
		<name>1977</name>
		<cmt>Neudörfchen; Hiramhaus Neudörfchen</cmt>
		<desc>Neudörfchen; Hiramhaus Neudörfchen</desc>
		<src>LB Forst Brandenburg</src>
	</wpt>
	<wpt lat="52.790261464622397" lon="13.552356277607247">
		<name>1980</name>
		<cmt>Prenden; Feuerwehr</cmt>
		<desc>Prenden; Feuerwehr</desc>
		<src>LB Forst Brandenburg</src>
	</wpt>
	<wpt lat="52.06564354782526" lon="14.570282380830134">
		<name>2600</name>
		<cmt>Neuzelle, Ossendorf; L 452, Bushaltestelle/Feuerwehr</cmt>
		<desc>Neuzelle, Ossendorf; L 452, Bushaltestelle/Feuerwehr</desc>
		<src>LB Forst Brandenburg</src>
	</wpt>
	<wpt lat="52.094512826640909" lon="14.561732638574385">
		<name>2590</name>
		<cmt>Neuzelle, Kobbeln; L 43, gegenüber Gaststätte</cmt>
		<desc>Neuzelle, Kobbeln; L 43, gegenüber Gaststätte</desc>
		<src>LB Forst Brandenburg</src>
	</wpt>
	<wpt lat="52.766437634070094" lon="13.631290513082076">
		<name>1691</name>
		<cmt>Biesenthal; Kirchgasse Parkplatz Kirche</cmt>
		<desc>Biesenthal; Kirchgasse Parkplatz Kirche</desc>
		<src>LB Forst Brandenburg</src>
	</wpt>
	<wpt lat="52.294460133381037" lon="14.068176188186616">
		<name>1077</name>
		<cmt>Bad Saarow; L412 Golmer Str.-Ecke Philipp-Müller Str.</cmt>
		<desc>Bad Saarow; L412 Golmer Str.-Ecke Philipp-Müller Str.</desc>
		<src>LB Forst Brandenburg</src>
	</wpt>
	<wpt lat="52.887150204799632" lon="13.877591498083325">
		<name>1646</name>
		<cmt>Chorin, Sandkrug; L 200 (B 2) Ortsausgang Sandkrug Richtung Chorin rechts</cmt>
		<desc>Chorin, Sandkrug; L 200 (B 2) Ortsausgang Sandkrug Richtung Chorin rechts</desc>
		<src>LB Forst Brandenburg</src>
	</wpt>
	<wpt lat="52.050346853275407" lon="13.469084483095898">
		<name>2348</name>
		<cmt>Baruth/Mark, Paplitz; Baruther Landstraße, Bushaltestelle</cmt>
		<desc>Baruth/Mark, Paplitz; Baruther Landstraße, Bushaltestelle</desc>
		<src>LB Forst Brandenburg</src>
	</wpt>
	<wpt lat="52.919837853824397" lon="13.905590987346171">
		<name>1660</name>
		<cmt>Chorin; L 200 (B 2) Bahnhof Chorin Einfahrt Richtung Brodowin</cmt>
		<desc>Chorin; L 200 (B 2) Bahnhof Chorin Einfahrt Richtung Brodowin</desc>
		<src>LB Forst Brandenburg</src>
	</wpt>
	<wpt lat="51.722287423391478" lon="14.542051670735525">
		<name>2434</name>
		<cmt>Dubrau; Forsthaus Dubrau</cmt>
		<desc>Dubrau; Forsthaus Dubrau</desc>
		<src>LB Forst Brandenburg</src>
	</wpt>
	<wpt lat="51.583388099328573" lon="13.347439409151619">
		<name>1860</name>
		<cmt>Beutersitz Bahnhof, Zufahrt zum Denkmal; Landeswald, Waldweg Ortseingang Richtung Beutersitz</cmt>
		<desc>Beutersitz Bahnhof, Zufahrt zum Denkmal; Landeswald, Waldweg Ortseingang Richtung Beutersitz</desc>
		<src>LB Forst Brandenburg</src>
	</wpt>
	<wpt lat="51.68565560440571" lon="14.358579971273144">
		<name>2539</name>
		<cmt>Groß Oßnik; B 97 Bushaltestelle OT Eichweg/Apfelweg;</cmt>
		<desc>Groß Oßnik; B 97 Bushaltestelle OT Eichweg/Apfelweg;</desc>
		<src>LB Forst Brandenburg</src>
	</wpt>
	<wpt lat="51.656184772003591" lon="14.3305628589756">
		<name>2538</name>
		<cmt>Neuhausen, Gr. Döbbern; Drebkauer Str.,Sportlerheim</cmt>
		<desc>Neuhausen, Gr. Döbbern; Drebkauer Str.,Sportlerheim</desc>
		<src>LB Forst Brandenburg</src>
	</wpt>
	<wpt lat="51.654385916234034" lon="14.4185774431136">
		<name>2428</name>
		<cmt>Neuhausen, Bagenz; Ehem. Jugendherberge Bagenz; Heideschänke</cmt>
		<desc>Neuhausen, Bagenz; Ehem. Jugendherberge Bagenz; Heideschänke</desc>
		<src>LB Forst Brandenburg</src>
	</wpt>
	<wpt lat="51.647781581034522" lon="14.649241852654313">
		<name>2417</name>
		<cmt>Preschen; Forsthaus Ortseingang aus Richtung Döbern</cmt>
		<desc>Preschen; Forsthaus Ortseingang aus Richtung Döbern</desc>
		<src>LB Forst Brandenburg</src>
	</wpt>
	<wpt lat="51.657158636365061" lon="14.652452271234067">
		<name>2571</name>
		<cmt>Preschen; Richtung Flugplatz, südlich</cmt>
		<desc>Preschen; Richtung Flugplatz, südlich</desc>
		<src>LB Forst Brandenburg</src>
	</wpt>
	<wpt lat="51.655919709909213" lon="14.693398450074854">
		<name>2421</name>
		<cmt>Raden; Ortseingang aus Richtung Groß Bademeusel, ehemalige Gaststätte</cmt>
		<desc>Raden; Ortseingang aus Richtung Groß Bademeusel, ehemalige Gaststätte</desc>
		<src>LB Forst Brandenburg</src>
	</wpt>
	<wpt lat="51.616813967319551" lon="14.703016314954825">
		<name>2415</name>
		<cmt>Jerischke; K 7101 , Abzweig Fahrradstraße Richtung Preschen Hauptgebäude Landschulheim</cmt>
		<desc>Jerischke; K 7101 , Abzweig Fahrradstraße Richtung Preschen Hauptgebäude Landschulheim</desc>
		<src>LB Forst Brandenburg</src>
	</wpt>
	<wpt lat="53.031446332246567" lon="14.115817609033209">
		<name>1762</name>
		<cmt>Felchow; Ortslage Felchow, Abzweig Schöneberg von der L284</cmt>
		<desc>Felchow; Ortslage Felchow, Abzweig Schöneberg von der L284</desc>
		<src>LB Forst Brandenburg</src>
	</wpt>
	<wpt lat="52.109082406141383" lon="14.265069870939215">
		<name>2623</name>
		<cmt>Friedland; Alte Försterei Friedland, Sportplatz 1</cmt>
		<desc>Friedland; Alte Försterei Friedland, Sportplatz 1</desc>
		<src>LB Forst Brandenburg</src>
	</wpt>
	<wpt lat="52.059176373306492" lon="14.279658036116938">
		<name>2620</name>
		<cmt>Karras/Postbrücke; Postbrücke,B 168, angelegen</cmt>
		<desc>Karras/Postbrücke; Postbrücke,B 168, angelegen</desc>
		<src>LB Forst Brandenburg</src>
	</wpt>
	<wpt lat="52.125360179238591" lon="13.162965452742085">
		<name>2301</name>
		<cmt>Nuthe-Urstromtal, Ruhlsdorf; Frankenfelder Straße- Einfahrt zur Gemeindeverwaltung</cmt>
		<desc>Nuthe-Urstromtal, Ruhlsdorf; Frankenfelder Straße- Einfahrt zur Gemeindeverwaltung</desc>
		<src>LB Forst Brandenburg</src>
	</wpt>
	<wpt lat="51.534165192906357" lon="13.630321988251481">
		<name>1780</name>
		<cmt>Gorden; L 62 Ortsmitte, Bäckerei Schulze</cmt>
		<desc>Gorden; L 62 Ortsmitte, Bäckerei Schulze</desc>
		<src>LB Forst Brandenburg</src>
	</wpt>
	<wpt lat="51.727226671192788" lon="13.765533092151824">
		<name>1795</name>
		<cmt>Crinitz, Crinitz; Zufahrt Revierförsterei Oberhof 1</cmt>
		<desc>Crinitz, Crinitz; Zufahrt Revierförsterei Oberhof 1</desc>
		<src>LB Forst Brandenburg</src>
	</wpt>
	<wpt lat="52.9723452263501" lon="12.743108322123227">
		<name>1907</name>
		<cmt>Storbeck-Frankendorf, Waisenkrug; L18, Forsthaus Waisenkrug</cmt>
		<desc>Storbeck-Frankendorf, Waisenkrug; L18, Forsthaus Waisenkrug</desc>
		<src>LB Forst Brandenburg</src>
	</wpt>
	<wpt lat="51.613732806366244" lon="13.759130203300064">
		<name>1855</name>
		<cmt>Lichterfeld-Schacksdorf, Schacksdorf; L 60,  "Gaststätte Zierenberg"</cmt>
		<desc>Lichterfeld-Schacksdorf, Schacksdorf; L 60,  "Gaststätte Zierenberg"</desc>
		<src>LB Forst Brandenburg</src>
	</wpt>
	<wpt lat="51.620111375790529" lon="13.815902900399267">
		<name>1856</name>
		<cmt>Lichterfeld-Schacksdorf, Lieskau; L 61, "Agrar Dollenchen"</cmt>
		<desc>Lichterfeld-Schacksdorf, Lieskau; L 61, "Agrar Dollenchen"</desc>
		<src>LB Forst Brandenburg</src>
	</wpt>
	<wpt lat="51.660057425558662" lon="13.785492444319486">
		<name>1804</name>
		<cmt>Massen Niederlausitz, Lindthal; K 6227, Weggabelung Ortsausgang Lindthal in Richtung Rehain</cmt>
		<desc>Massen Niederlausitz, Lindthal; K 6227, Weggabelung Ortsausgang Lindthal in Richtung Rehain</desc>
		<src>LB Forst Brandenburg</src>
	</wpt>
	<wpt lat="51.709050527717658" lon="13.782459380959736">
		<name>1805</name>
		<cmt>Massen, Babben; K 6229, Wegekreuzung Revierförsterei</cmt>
		<desc>Massen, Babben; K 6229, Wegekreuzung Revierförsterei</desc>
		<src>LB Forst Brandenburg</src>
	</wpt>
	<wpt lat="51.74360591888307" lon="13.778798593847169">
		<name>1796</name>
		<cmt>Crinitz, Crinitz; L 56, ehemaliger Holzplatz Crinitz</cmt>
		<desc>Crinitz, Crinitz; L 56, ehemaliger Holzplatz Crinitz</desc>
		<src>LB Forst Brandenburg</src>
	</wpt>
	<wpt lat="51.735235111550374" lon="13.592280883852965">
		<name>1881</name>
		<cmt>Sonnewalde, Kleinkrausnik; K 6234, Ortslage Kleinkrausnik, Gaststätte Trappe</cmt>
		<desc>Sonnewalde, Kleinkrausnik; K 6234, Ortslage Kleinkrausnik, Gaststätte Trappe</desc>
		<src>LB Forst Brandenburg</src>
	</wpt>
	<wpt lat="51.691680076996875" lon="13.53933073665166">
		<name>1797</name>
		<cmt>Doberlug-Kirchhain, Lichtena; L 703, Lagerhallen Agrar Werenzhain in Lichtena</cmt>
		<desc>Doberlug-Kirchhain, Lichtena; L 703, Lagerhallen Agrar Werenzhain in Lichtena</desc>
		<src>LB Forst Brandenburg</src>
	</wpt>
	<wpt lat="52.675727719668579" lon="13.827397137594243">
		<name>1709</name>
		<cmt>Tiefensee; Tiefensee Bahnhof,  Berliner Str., Tiefensee an der L 158</cmt>
		<desc>Tiefensee; Tiefensee Bahnhof,  Berliner Str., Tiefensee an der L 158</desc>
		<src>LB Forst Brandenburg</src>
	</wpt>
	<wpt lat="52.68071099408651" lon="13.739323287046389">
		<name>2004</name>
		<cmt>Schönfeld; an der Kirche</cmt>
		<desc>Schönfeld; an der Kirche</desc>
		<src>LB Forst Brandenburg</src>
	</wpt>
	<wpt lat="52.600098003814004" lon="13.572546837180736">
		<name>2793</name>
		<cmt>Ahrensfelde, Blumberg; Bundespolizei Blumberg Zufahrt / Diensthundeausbildungsanlage</cmt>
		<desc>Ahrensfelde, Blumberg; Bundespolizei Blumberg Zufahrt / Diensthundeausbildungsanlage</desc>
		<src>LB Forst Brandenburg</src>
	</wpt>
	<wpt lat="52.199254289246255" lon="13.792677647156379">
		<name>1198</name>
		<cmt>Heidesee, Streganz; Kreuzung Am Streganzberg / Münchehofener Straße / Weg zum Blauen Weg</cmt>
		<desc>Heidesee, Streganz; Kreuzung Am Streganzberg / Münchehofener Straße / Weg zum Blauen Weg</desc>
		<src>LB Forst Brandenburg</src>
	</wpt>
	<wpt lat="52.558662473140053" lon="12.600523435162785">
		<name>2507</name>
		<cmt>GMDE Nennhausen,GMRK Barnewitz; Einmündung Alte Heerstraße auf K 6311</cmt>
		<desc>GMDE Nennhausen,GMRK Barnewitz; Einmündung Alte Heerstraße auf K 6311</desc>
		<src>LB Forst Brandenburg</src>
	</wpt>
	<wpt lat="52.536832646018617" lon="12.539206789228013">
		<name>2506</name>
		<cmt>GMDE Nennhausen,GMRK Garlitz; Einmündung Alte Heerstraße auf L982</cmt>
		<desc>GMDE Nennhausen,GMRK Garlitz; Einmündung Alte Heerstraße auf L982</desc>
		<src>LB Forst Brandenburg</src>
	</wpt>
	<wpt lat="52.094901487020927" lon="13.050014631594415">
		<name>1119</name>
		<cmt>Luckenwalde, Felgentreu; K7218 Betonweg Alte Funkstation Frankenförde</cmt>
		<desc>Luckenwalde, Felgentreu; K7218 Betonweg Alte Funkstation Frankenförde</desc>
		<src>LB Forst Brandenburg</src>
	</wpt>
	<wpt lat="52.067672072453185" lon="12.941934156221047">
		<name>1139</name>
		<cmt>Treuenbrietzen, Pech; L812 Ortsausgang Bardenitz Richtung Klausdorf, erste Kurve vor Waldanfang</cmt>
		<desc>Treuenbrietzen, Pech; L812 Ortsausgang Bardenitz Richtung Klausdorf, erste Kurve vor Waldanfang</desc>
		<src>LB Forst Brandenburg</src>
	</wpt>
	<wpt lat="52.032636536573044" lon="12.953095140573858">
		<name>1147</name>
		<cmt>Treuenbrietzen, Tiefenbrunnen; B102 Ortsausgang Tiefenbrunnen, 500m in Richtung Jüterbog (Altes Lager), Abzweig Pflasterstraße</cmt>
		<desc>Treuenbrietzen, Tiefenbrunnen; B102 Ortsausgang Tiefenbrunnen, 500m in Richtung Jüterbog (Altes Lager), Abzweig Pflasterstraße</desc>
		<src>LB Forst Brandenburg</src>
	</wpt>
	<wpt lat="52.359654007970903" lon="13.188812494129786">
		<name>2871</name>
		<cmt>Güterfelde; Güterfelde, L77 Richtung Saarmund, Parkplatz Grüner Weg</cmt>
		<desc>Güterfelde; Güterfelde, L77 Richtung Saarmund, Parkplatz Grüner Weg</desc>
		<src>LB Forst Brandenburg</src>
	</wpt>
	<wpt lat="52.391823942228818" lon="13.190731535850515">
		<name>2870</name>
		<cmt>Stahnsdorf; Alte Potsdamer Landstraße, Kreuzung Bundespolizei</cmt>
		<desc>Stahnsdorf; Alte Potsdamer Landstraße, Kreuzung Bundespolizei</desc>
		<src>LB Forst Brandenburg</src>
	</wpt>
	<wpt lat="52.329717879166736" lon="13.11581404276671">
		<name>2866</name>
		<cmt>Nuthetal, Saarmund; Potsdamer Straße, ggü Autobahnabfahrt Saarmund</cmt>
		<desc>Nuthetal, Saarmund; Potsdamer Straße, ggü Autobahnabfahrt Saarmund</desc>
		<src>LB Forst Brandenburg</src>
	</wpt>
	<wpt lat="52.340532146080911" lon="12.720642769124186">
		<name>2862</name>
		<cmt>Kloster Lehnin, Nahmitz; Hafen Nahmitz, Dorfstraße 62a</cmt>
		<desc>Kloster Lehnin, Nahmitz; Hafen Nahmitz, Dorfstraße 62a</desc>
		<src>LB Forst Brandenburg</src>
	</wpt>
	<wpt lat="52.163465014630212" lon="13.117299296602491">
		<name>2873</name>
		<cmt>Nuthe-Urstromtal, Hennickendorf; Hennickendorf, Zur Kaserne 10, Einfahrt ehem Kaserne "Pegasus Park"</cmt>
		<desc>Nuthe-Urstromtal, Hennickendorf; Hennickendorf, Zur Kaserne 10, Einfahrt ehem Kaserne "Pegasus Park"</desc>
		<src>LB Forst Brandenburg</src>
	</wpt>
	<wpt lat="52.328743883844133" lon="13.281312981242719">
		<name>2872</name>
		<cmt>Ludwigsfelde; B101n, Abfahrt Gewerbegebiet, Einfahrt Waldschneise</cmt>
		<desc>Ludwigsfelde; B101n, Abfahrt Gewerbegebiet, Einfahrt Waldschneise</desc>
		<src>LB Forst Brandenburg</src>
	</wpt>
	<wpt lat="53.049884237619629" lon="11.8223414824">
		<name>2836</name>
		<cmt>Perleberg; Weg zum Bauhof, Waldeinfahrt</cmt>
		<desc>Perleberg; Weg zum Bauhof, Waldeinfahrt</desc>
		<src>LB Forst Brandenburg</src>
	</wpt>
	<wpt lat="53.042337637664907" lon="11.804303758957973">
		<name>2837</name>
		<cmt>Perleberg; am Bauhof</cmt>
		<desc>Perleberg; am Bauhof</desc>
		<src>LB Forst Brandenburg</src>
	</wpt>
	<wpt lat="53.052346635575056" lon="11.778219979304426">
		<name>2838</name>
		<cmt>Weisen, Schilde; Sükower Weg</cmt>
		<desc>Weisen, Schilde; Sükower Weg</desc>
		<src>LB Forst Brandenburg</src>
	</wpt>
	<wpt lat="52.90763055314023" lon="12.090580824405579">
		<name>2846</name>
		<cmt>Plattenburg, Glöwen; Zum Sportplatz</cmt>
		<desc>Plattenburg, Glöwen; Zum Sportplatz</desc>
		<src>LB Forst Brandenburg</src>
	</wpt>
	<wpt lat="53.198637213157397" lon="12.145788067639169">
		<name>2840</name>
		<cmt>Pritzwalk, Steffenshagen; Straße des Friedens 7, Ehem. Kaserne</cmt>
		<desc>Pritzwalk, Steffenshagen; Straße des Friedens 7, Ehem. Kaserne</desc>
		<src>LB Forst Brandenburg</src>
	</wpt>
	<wpt lat="53.193840124366645" lon="12.51362843456104">
		<name>2845</name>
		<cmt>Wittstock (Dosse), Alt Daber; Röbeler Straße Richtung Alt Daber, Flugplatzallee, Zufahrt Solarpark an ehem. Kaserne</cmt>
		<desc>Wittstock (Dosse), Alt Daber; Röbeler Straße Richtung Alt Daber, Flugplatzallee, Zufahrt Solarpark an ehem. Kaserne</desc>
		<src>LB Forst Brandenburg</src>
	</wpt>
	<wpt lat="52.58544473037977" lon="12.76943417813599">
		<name>2850</name>
		<cmt>Nauen, Groß Behnitz; L91, Einfahrt Haus am Wald</cmt>
		<desc>Nauen, Groß Behnitz; L91, Einfahrt Haus am Wald</desc>
		<src>LB Forst Brandenburg</src>
	</wpt>
	<wpt lat="52.296307554963214" lon="13.112876298201982">
		<name>2869</name>
		<cmt>Nuthetal, Saarmund; L771, Einfahrt Kiesgrube</cmt>
		<desc>Nuthetal, Saarmund; L771, Einfahrt Kiesgrube</desc>
		<src>LB Forst Brandenburg</src>
	</wpt>
	<wpt lat="52.249807344178905" lon="12.299873749262895">
		<name>2863</name>
		<cmt>Ziesar; B107 Ziesar-Köpernitz, Feldweg vor Autobahnbrücke rechts</cmt>
		<desc>Ziesar; B107 Ziesar-Köpernitz, Feldweg vor Autobahnbrücke rechts</desc>
		<src>LB Forst Brandenburg</src>
	</wpt>
	<wpt lat="52.51619613363772" lon="12.98066706064205">
		<name>2853</name>
		<cmt>Wustermark, Priort; Potsdamer Weg, Ecke Neubauernweg</cmt>
		<desc>Wustermark, Priort; Potsdamer Weg, Ecke Neubauernweg</desc>
		<src>LB Forst Brandenburg</src>
	</wpt>
	<wpt lat="52.529880428447619" lon="12.997185297040524">
		<name>2852</name>
		<cmt>Wustermark, Elstal; Zur Döberitzer Heide, Eingang HSS, Wendeschleife hinter Erdbeerhof</cmt>
		<desc>Wustermark, Elstal; Zur Döberitzer Heide, Eingang HSS, Wendeschleife hinter Erdbeerhof</desc>
		<src>LB Forst Brandenburg</src>
	</wpt>
	<wpt lat="52.513708946410794" lon="13.155678254651805">
		<name>2854</name>
		<cmt>Dallgow-Döberitz, Seeburg; Staaken, Weinbergshöhe, Landesgrenze BE/BB, Wohngebiet südöstlich Hahneberg</cmt>
		<desc>Dallgow-Döberitz, Seeburg; Staaken, Weinbergshöhe, Landesgrenze BE/BB, Wohngebiet südöstlich Hahneberg</desc>
		<src>LB Forst Brandenburg</src>
	</wpt>
	<wpt lat="52.506813897434952" lon="13.149632776379848">
		<name>2855</name>
		<cmt>Dallgow-Döberitz, Seeburg; Seeburg-Engelsfelde, Einfahrt Acker, ggü Wendeschleife Ortsausgang</cmt>
		<desc>Dallgow-Döberitz, Seeburg; Seeburg-Engelsfelde, Einfahrt Acker, ggü Wendeschleife Ortsausgang</desc>
		<src>LB Forst Brandenburg</src>
	</wpt>
	<wpt lat="52.299022768290605" lon="12.93657798338389">
		<name>2864</name>
		<cmt>Schwielowsee, Ferch; Seddiner Weg 19, Ecke Beelitzer Straße</cmt>
		<desc>Schwielowsee, Ferch; Seddiner Weg 19, Ecke Beelitzer Straße</desc>
		<src>LB Forst Brandenburg</src>
	</wpt>
	<wpt lat="52.301863197649411" lon="13.061830535579293">
		<name>2865</name>
		<cmt>Michendorf, Wildenbruch; Wildenbrucher Straße, Am Regenrückhaltebecken</cmt>
		<desc>Michendorf, Wildenbruch; Wildenbrucher Straße, Am Regenrückhaltebecken</desc>
		<src>LB Forst Brandenburg</src>
	</wpt>
	<wpt lat="52.474492670319108" lon="12.950613707076721">
		<name>2857</name>
		<cmt>Potsdam, Marquardt; BAB A10, Abfahrt Potsdam-Nord, Freifläche an Baumschule</cmt>
		<desc>Potsdam, Marquardt; BAB A10, Abfahrt Potsdam-Nord, Freifläche an Baumschule</desc>
		<src>LB Forst Brandenburg</src>
	</wpt>
	<wpt lat="52.361642373689207" lon="12.776447729720964">
		<name>2861</name>
		<cmt>Kloster Lehnin, Damsdorf; Göhlsdorfer Straße, Einfahrt hinter ehem. Kaserne</cmt>
		<desc>Kloster Lehnin, Damsdorf; Göhlsdorfer Straße, Einfahrt hinter ehem. Kaserne</desc>
		<src>LB Forst Brandenburg</src>
	</wpt>
	<wpt lat="52.631842470406674" lon="12.357216069528905">
		<name>2848</name>
		<cmt>Rathenow; Semliner Straße, Zufahrt Waldweg hinter Radweg</cmt>
		<desc>Rathenow; Semliner Straße, Zufahrt Waldweg hinter Radweg</desc>
		<src>LB Forst Brandenburg</src>
	</wpt>
	<wpt lat="52.883313932644853" lon="11.990833839485045">
		<name>2847</name>
		<cmt>Legde/Quitzöbel, Quitzöbel; Werbener Straße 13M, Freifläche am Weg</cmt>
		<desc>Legde/Quitzöbel, Quitzöbel; Werbener Straße 13M, Freifläche am Weg</desc>
		<src>LB Forst Brandenburg</src>
	</wpt>
	<wpt lat="53.186656454966268" lon="12.088225320622842">
		<name>2841</name>
		<cmt>Pritzwalk; Jakobsdorfer Straße, scharfe Kurve am Gewerbeobjekt, Einfahrt Wald</cmt>
		<desc>Pritzwalk; Jakobsdorfer Straße, scharfe Kurve am Gewerbeobjekt, Einfahrt Wald</desc>
		<src>LB Forst Brandenburg</src>
	</wpt>
	<wpt lat="53.148744207102588" lon="12.152247442438203">
		<name>2842</name>
		<cmt>Pritzwalk; Perleberger Chaussee Richtung B103, Einfahrt A+E Fläche links in Kurve</cmt>
		<desc>Pritzwalk; Perleberger Chaussee Richtung B103, Einfahrt A+E Fläche links in Kurve</desc>
		<src>LB Forst Brandenburg</src>
	</wpt>
	<wpt lat="53.136467530847746" lon="12.17176293523508">
		<name>2843</name>
		<cmt>Pritzwalk; Havelberger Chaussee, unmittelbar vor Brücke B189</cmt>
		<desc>Pritzwalk; Havelberger Chaussee, unmittelbar vor Brücke B189</desc>
		<src>LB Forst Brandenburg</src>
	</wpt>
	<wpt lat="53.090231811497205" lon="11.845325674859874">
		<name>2834</name>
		<cmt>Perleberg; Hamburger Straße, Ortsausgang, kurz vor Einfahrt Gewerbeobjekt</cmt>
		<desc>Perleberg; Hamburger Straße, Ortsausgang, kurz vor Einfahrt Gewerbeobjekt</desc>
		<src>LB Forst Brandenburg</src>
	</wpt>
	<wpt lat="53.160213365425442" lon="11.736748605624301">
		<name>2832</name>
		<cmt>Karstädt; Straße des Friedens, Kreisverkehr Richtung Bahnhof</cmt>
		<desc>Karstädt; Straße des Friedens, Kreisverkehr Richtung Bahnhof</desc>
		<src>LB Forst Brandenburg</src>
	</wpt>
	<wpt lat="53.147307225621397" lon="11.761827183133162">
		<name>2833</name>
		<cmt>Karstädt; Kreuzung Semliner Straße - Straße des Friedens</cmt>
		<desc>Karstädt; Kreuzung Semliner Straße - Straße des Friedens</desc>
		<src>LB Forst Brandenburg</src>
	</wpt>
	<wpt lat="53.107440116692203" lon="11.989286245152904">
		<name>2844</name>
		<cmt>Groß Pankow, Retzin; An den Teichen, Ecke Retziner Weg</cmt>
		<desc>Groß Pankow, Retzin; An den Teichen, Ecke Retziner Weg</desc>
		<src>LB Forst Brandenburg</src>
	</wpt>
	<wpt lat="52.56200600707556" lon="12.962927809494179">
		<name>2851</name>
		<cmt>Wustermark; Kuhdammweg, Abfahrt Wirtschaftsweg zum Havelkanal</cmt>
		<desc>Wustermark; Kuhdammweg, Abfahrt Wirtschaftsweg zum Havelkanal</desc>
		<src>LB Forst Brandenburg</src>
	</wpt>
	<wpt lat="52.161836289195591" lon="13.156716818706611">
		<name>2874</name>
		<cmt>Nuthe-Urstromtal; Straße Hennickendorf-Märtensmühle, Einfahrt Bunkerobjekt</cmt>
		<desc>Nuthe-Urstromtal; Straße Hennickendorf-Märtensmühle, Einfahrt Bunkerobjekt</desc>
		<src>LB Forst Brandenburg</src>
	</wpt>
	<wpt lat="52.478062448017205" lon="13.105230298924798">
		<name>2859</name>
		<cmt>Potsdam, Groß Glienicke; Kreuzung Seeburger Chaussee - Alt Döberitzer Weg, Besucherparkplatz HSS</cmt>
		<desc>Potsdam, Groß Glienicke; Kreuzung Seeburger Chaussee - Alt Döberitzer Weg, Besucherparkplatz HSS</desc>
		<src>LB Forst Brandenburg</src>
	</wpt>
	<wpt lat="52.597367650727783" lon="12.74246264757584">
		<name>2849</name>
		<cmt>Nauen, Groß Behnitz; Radweg Groß Behnitz - Ribbeck</cmt>
		<desc>Nauen, Groß Behnitz; Radweg Groß Behnitz - Ribbeck</desc>
		<src>LB Forst Brandenburg</src>
	</wpt>
	<wpt lat="53.208047435680406" lon="11.61262125690857">
		<name>2830</name>
		<cmt>Karstädt, Pinnow; Pinnower Lindenstraße 21A, ggü Einfahrt Landwirtschaftsbetrieb</cmt>
		<desc>Karstädt, Pinnow; Pinnower Lindenstraße 21A, ggü Einfahrt Landwirtschaftsbetrieb</desc>
		<src>LB Forst Brandenburg</src>
	</wpt>
	<wpt lat="51.581111110684724" lon="14.624127778701649">
		<name>2887</name>
		<cmt>Tschernitz; B115 zwischen Döbern und Jämlitz Höhe Ortschaft Tschernitz, am Mobilfunkfunkmast, Einfahrt Jerischker Weg</cmt>
		<desc>Tschernitz; B115 zwischen Döbern und Jämlitz Höhe Ortschaft Tschernitz, am Mobilfunkfunkmast, Einfahrt Jerischker Weg</desc>
		<src>LB Forst Brandenburg</src>
	</wpt>
	<wpt lat="51.578016667040131" lon="14.668186109848865">
		<name>2888</name>
		<cmt>Jämlitz-Klein Düben; Ortslage Jämlitz Richtung Zschorno an der Weißmühle, Abzweig Kölziger Weg</cmt>
		<desc>Jämlitz-Klein Düben; Ortslage Jämlitz Richtung Zschorno an der Weißmühle, Abzweig Kölziger Weg</desc>
		<src>LB Forst Brandenburg</src>
	</wpt>
	<wpt lat="51.66825" lon="14.046191667754679">
		<name>2878</name>
		<cmt>Altdöbern, Peitzendorf; Straße L53 zwischen Reddern und Altdöbern, ca 2 km südwestlich Reddern, Einfahrt zur Stallanlage Peitzendorf</cmt>
		<desc>Altdöbern, Peitzendorf; Straße L53 zwischen Reddern und Altdöbern, ca 2 km südwestlich Reddern, Einfahrt zur Stallanlage Peitzendorf</desc>
		<src>LB Forst Brandenburg</src>
	</wpt>
	<wpt lat="51.68448611062572" lon="14.025191665795308">
		<name>2877</name>
		<cmt>Luckaitztal, Muckwar; Ortsmitte, Kreuzung L53 - Dorfstraße 1</cmt>
		<desc>Luckaitztal, Muckwar; Ortsmitte, Kreuzung L53 - Dorfstraße 1</desc>
		<src>LB Forst Brandenburg</src>
	</wpt>
	<wpt lat="51.625283333084212" lon="14.339849998758403">
		<name>2885</name>
		<cmt>Spremberg; B97 zwischen Spremberg und Cottbus, L52 Richtung Drebkau, ca. 1 km bis zum Bahnübergang Grubenbahn</cmt>
		<desc>Spremberg; B97 zwischen Spremberg und Cottbus, L52 Richtung Drebkau, ca. 1 km bis zum Bahnübergang Grubenbahn</desc>
		<src>LB Forst Brandenburg</src>
	</wpt>
	<wpt lat="51.466519443252864" lon="13.8682">
		<name>2881</name>
		<cmt>Schwarzheide; Schwarzheide-Mitte, Kreuzung B169 und L55 Schipkauer Straße, Total Tankstelle</cmt>
		<desc>Schwarzheide; Schwarzheide-Mitte, Kreuzung B169 und L55 Schipkauer Straße, Total Tankstelle</desc>
		<src>LB Forst Brandenburg</src>
	</wpt>
	<wpt lat="51.677577095687759" lon="14.362156231563304">
		<name>2884</name>
		<cmt>Neuhausen/Spree, Groß Oßnig; Einfahrt Bergstraße; Rastplatz Groß Oßnig Radweg Cottbus – Talsperre Spremberg</cmt>
		<desc>Neuhausen/Spree, Groß Oßnig; Einfahrt Bergstraße; Rastplatz Groß Oßnig Radweg Cottbus – Talsperre Spremberg</desc>
		<src>LB Forst Brandenburg</src>
	</wpt>
	<wpt lat="51.611933332347206" lon="14.578750000970919">
		<name>2889</name>
		<cmt>Döbern; Hohe Bergstraße, Straßenzufahrt zum Objekt, Wache</cmt>
		<desc>Döbern; Hohe Bergstraße, Straßenzufahrt zum Objekt, Wache</desc>
		<src>LB Forst Brandenburg</src>
	</wpt>
	<wpt lat="51.598088282572249" lon="13.957983264374072">
		<name>2879</name>
		<cmt>Großräschen, Barzig; Räschener Str. Richtung Großräschen, westl. der A13</cmt>
		<desc>Großräschen, Barzig; Räschener Str. Richtung Großräschen, westl. der A13</desc>
		<src>LB Forst Brandenburg</src>
	</wpt>
	<wpt lat="51.844571618098342" lon="13.683503143052691">
		<name>2875</name>
		<cmt>Luckau; Kupsch GmbH, Wiesenweg 21, B96 Herzberger Straße Richtung Luckau</cmt>
		<desc>Luckau; Kupsch GmbH, Wiesenweg 21, B96 Herzberger Straße Richtung Luckau</desc>
		<src>LB Forst Brandenburg</src>
	</wpt>
	<wpt lat="51.531513236987578" lon="13.900918120398225">
		<name>2880</name>
		<cmt>Schipkau, Treuhandsiedlung; Treuhandsiedlung, Kreuzung Talstraße - Siedlerweg</cmt>
		<desc>Schipkau, Treuhandsiedlung; Treuhandsiedlung, Kreuzung Talstraße - Siedlerweg</desc>
		<src>LB Forst Brandenburg</src>
	</wpt>
	<wpt lat="51.635942340657699" lon="14.193794284779155">
		<name>2882</name>
		<cmt>Drebkau, Domsdorf; Rasthof Roland Scholsching, Neupetershainer Str. 8</cmt>
		<desc>Drebkau, Domsdorf; Rasthof Roland Scholsching, Neupetershainer Str. 8</desc>
		<src>LB Forst Brandenburg</src>
	</wpt>
	<wpt lat="51.547813112371095" lon="14.345423200711904">
		<name>2886</name>
		<cmt>Spremberg; Auto Merker, Märzschäferei 1, Kreisverkehr Spremberg, Ausfahrt Dresdner Chaussee, Abfahrt Märzschäferei</cmt>
		<desc>Spremberg; Auto Merker, Märzschäferei 1, Kreisverkehr Spremberg, Ausfahrt Dresdner Chaussee, Abfahrt Märzschäferei</desc>
		<src>LB Forst Brandenburg</src>
	</wpt>
	<wpt lat="51.788177847811923" lon="14.037145951488723">
		<name>2876</name>
		<cmt>Vetschau/Spreewald, Belten; Reitverein Gut Belten, Dubrauer Dorfstraße 13</cmt>
		<desc>Vetschau/Spreewald, Belten; Reitverein Gut Belten, Dubrauer Dorfstraße 13</desc>
		<src>LB Forst Brandenburg</src>
	</wpt>
	<wpt lat="51.743188032589273" lon="14.308578931893717">
		<name>2883</name>
		<cmt>Cottbus; Cottbuser Tennissportverein 92 e.V., Am Priorgraben 53</cmt>
		<desc>Cottbus; Cottbuser Tennissportverein 92 e.V., Am Priorgraben 53</desc>
		<src>LB Forst Brandenburg</src>
	</wpt>
	<wpt lat="51.965977969886389" lon="14.705941199031207">
		<name>2892</name>
		<cmt>Guben; BIBER &amp; BIKE Fahrradpension, Grunewalder Str. 20</cmt>
		<desc>Guben; BIBER &amp; BIKE Fahrradpension, Grunewalder Str. 20</desc>
		<src>LB Forst Brandenburg</src>
	</wpt>
	<wpt lat="52.478678281479411" lon="12.52231418848945">
		<name>2860</name>
		<cmt>Beetzsee, Radewege Siedlung; Hohenferchesaer Straße Kreuzung Weg von Radewege nach Fohrde</cmt>
		<desc>Beetzsee, Radewege Siedlung; Hohenferchesaer Straße Kreuzung Weg von Radewege nach Fohrde</desc>
		<src>LB Forst Brandenburg</src>
	</wpt>
	<wpt lat="53.062403863533575" lon="11.842202613449295">
		<name>2835</name>
		<cmt>Perleberg, Perleberg; Wittenberger Chaussee, Ecke Eichhölzer Weg, Wirtschaftsweg zur Stepenitz</cmt>
		<desc>Perleberg, Perleberg; Wittenberger Chaussee, Ecke Eichhölzer Weg, Wirtschaftsweg zur Stepenitz</desc>
		<src>LB Forst Brandenburg</src>
	</wpt>
	<wpt lat="53.183602639462748" lon="11.671207631607629">
		<name>2831</name>
		<cmt>Karstädt, Garlin; K7048 Garlin-Sargleben, etwa 400m hinter OA Garlin, Weg rechts</cmt>
		<desc>Karstädt, Garlin; K7048 Garlin-Sargleben, etwa 400m hinter OA Garlin, Weg rechts</desc>
		<src>LB Forst Brandenburg</src>
	</wpt>
	<wpt lat="51.673937017167439" lon="14.666516890766111">
		<name>2890</name>
		<cmt>Groß Schacksdorf, Waldsiedlung; Kreuzung Forster Straße - Hauptstraße</cmt>
		<desc>Groß Schacksdorf, Waldsiedlung; Kreuzung Forster Straße - Hauptstraße</desc>
		<src>LB Forst Brandenburg</src>
	</wpt>
	<wpt lat="51.702988332126644" lon="14.652223427850499">
		<name>2891</name>
		<cmt>Forst, Keune; Schacksdorfer Straße von Keune nach Groß Schacksdorf, ca. 200m vor Autobahnbrücke</cmt>
		<desc>Forst, Keune; Schacksdorfer Straße von Keune nach Groß Schacksdorf, ca. 200m vor Autobahnbrücke</desc>
		<src>LB Forst Brandenburg</src>
	</wpt>
	<wpt lat="52.468263663900082" lon="12.980745519948464">
		<name>2858</name>
		<cmt>Potsdam, Satzkorn; Ecke Satzkorner Straße - Eichenalle zur BEST-Bau</cmt>
		<desc>Potsdam, Satzkorn; Ecke Satzkorner Straße - Eichenalle zur BEST-Bau</desc>
		<src>LB Forst Brandenburg</src>
	</wpt>
	<wpt lat="52.316207097950453" lon="13.119569420531356">
		<name>2867</name>
		<cmt>Nuthetal, Saarmund; Bergstraße Richtung L77, ca. 50m hinter Kreuzung Alleestraße links in Wendeschleife</cmt>
		<desc>Nuthetal, Saarmund; Bergstraße Richtung L77, ca. 50m hinter Kreuzung Alleestraße links in Wendeschleife</desc>
		<src>LB Forst Brandenburg</src>
	</wpt>
	<wpt lat="52.639503851099683" lon="13.800827922127569">
		<name>1143</name>
		<cmt>Werneuchen, OT Hirschfelde; Akazienallee 11</cmt>
		<desc>Werneuchen, OT Hirschfelde; Akazienallee 11</desc>
		<src>LB Forst Brandenburg</src>
	</wpt>
	<wpt lat="53.097370603161473" lon="13.337853577584537">
		<name>1202</name>
		<cmt>Templin, Beutel; Zaarenschleuse an der Havel</cmt>
		<desc>Templin, Beutel; Zaarenschleuse an der Havel</desc>
		<src>LB Forst Brandenburg</src>
	</wpt>
	<wpt lat="52.530416143708223" lon="13.079312348257179">
		<name>1173</name>
		<cmt>Dallgow-Döberitz; Döberitzer Heide, Eingang Döberitzer Weg</cmt>
		<desc>Dallgow-Döberitz; Döberitzer Heide, Eingang Döberitzer Weg</desc>
		<src>LB Forst Brandenburg</src>
	</wpt>
	<wpt lat="52.310609460633842" lon="13.668267456938056">
		<name>1161</name>
		<cmt>Königs Wusterhausen, Niederlehme; Einfahrtstor Kieswerk Elbekies GmbH, Segelfliegerdamm</cmt>
		<desc>Königs Wusterhausen, Niederlehme; Einfahrtstor Kieswerk Elbekies GmbH, Segelfliegerdamm</desc>
		<src>LB Forst Brandenburg</src>
	</wpt>
	<wpt lat="52.475200888683311" lon="13.039910300937596">
		<name>1165</name>
		<cmt>Potsdam, Fahrland; Eingang Speckdammbrücke zur Sielmann-Stiftung</cmt>
		<desc>Potsdam, Fahrland; Eingang Speckdammbrücke zur Sielmann-Stiftung</desc>
		<src>LB Forst Brandenburg</src>
	</wpt>
	<wpt lat="52.532973610727154" lon="13.046516391707843">
		<name>1181</name>
		<cmt>Dallgow-Döberitz; Döberitzer Heide, Eingang Rohrbeck</cmt>
		<desc>Dallgow-Döberitz; Döberitzer Heide, Eingang Rohrbeck</desc>
		<src>LB Forst Brandenburg</src>
	</wpt>
	<wpt lat="52.499277472623142" lon="13.090167380282823">
		<name>1182</name>
		<cmt>Dallgow-Döberitz; Döberitzer Heide, Feuerlöschteich Plettenberg</cmt>
		<desc>Dallgow-Döberitz; Döberitzer Heide, Feuerlöschteich Plettenberg</desc>
		<src>LB Forst Brandenburg</src>
	</wpt>
	<wpt lat="52.489978384213039" lon="13.054324770172618">
		<name>1183</name>
		<cmt>Dallgow-Döberitz; Döberitzer Heide, Aussichtsturm</cmt>
		<desc>Dallgow-Döberitz; Döberitzer Heide, Aussichtsturm</desc>
		<src>LB Forst Brandenburg</src>
	</wpt>
	<wpt lat="52.503985652258478" lon="13.014960059824384">
		<name>1187</name>
		<cmt>Dallgow-Döberitz; Döberitzer Heide, Aussichtspunkt Wüste</cmt>
		<desc>Dallgow-Döberitz; Döberitzer Heide, Aussichtspunkt Wüste</desc>
		<src>LB Forst Brandenburg</src>
	</wpt>
	<wpt lat="53.150814561579445" lon="12.984096837028659">
		<name>1360</name>
		<cmt>Rheinsberg, Rheinsberg; KKW Nord</cmt>
		<desc>Rheinsberg, Rheinsberg; KKW Nord</desc>
		<src>LB Forst Brandenburg</src>
	</wpt>
	<wpt lat="52.75823464629525" lon="13.783403171115157">
		<name>1679</name>
		<cmt>Tuchen; Ortsausgang Tuchen in Richtung Grüntal</cmt>
		<desc>Tuchen; Ortsausgang Tuchen in Richtung Grüntal</desc>
		<src>LB Forst Brandenburg</src>
	</wpt>
	<wpt lat="51.415833561518532" lon="13.769647065178683">
		<name>1822</name>
		<cmt>Frauendorf; Ortslage Feuerwehr</cmt>
		<desc>Frauendorf; Ortslage Feuerwehr</desc>
		<src>LB Forst Brandenburg</src>
	</wpt>
	<wpt lat="52.109656230639231" lon="12.749921752541564">
		<name>2114</name>
		<cmt>Grabow; Ortsausgang Grabow nach Haseloff</cmt>
		<desc>Grabow; Ortsausgang Grabow nach Haseloff</desc>
		<src>LB Forst Brandenburg</src>
	</wpt>
	<wpt lat="52.112121526726234" lon="12.821720983198201">
		<name>2104</name>
		<cmt>Nichel; Ortsausgang Nichel nach Treuenbrietzen</cmt>
		<desc>Nichel; Ortsausgang Nichel nach Treuenbrietzen</desc>
		<src>LB Forst Brandenburg</src>
	</wpt>
	<wpt lat="51.992799675645202" lon="12.581505324854405">
		<name>2111</name>
		<cmt>Rabenstein, Groß Marzehns; Am Teich</cmt>
		<desc>Rabenstein, Groß Marzehns; Am Teich</desc>
		<src>LB Forst Brandenburg</src>
	</wpt>
	<wpt lat="51.511422712240289" lon="13.982795629911665">
		<name>1892</name>
		<cmt>Senftenberg; Feuerwehr Senftenberg</cmt>
		<desc>Senftenberg; Feuerwehr Senftenberg</desc>
		<src>LB Forst Brandenburg</src>
	</wpt>
	<wpt lat="53.149733649647601" lon="13.449261552941058">
		<name>1395</name>
		<cmt>Templin; Albertshof, Abzweig Alt-Placht</cmt>
		<desc>Templin; Albertshof, Abzweig Alt-Placht</desc>
		<src>LB Forst Brandenburg</src>
	</wpt>
	<wpt lat="52.709268832331141" lon="12.793852571335991">
		<name>1674</name>
		<cmt>Fehrbellin, Königshorst; Kita</cmt>
		<desc>Fehrbellin, Königshorst; Kita</desc>
		<src>LB Forst Brandenburg</src>
	</wpt>
	<wpt lat="51.880828592854918" lon="13.348754952336101">
		<name>2394</name>
		<cmt>Ihlow,  Ilmersdorf; B102, Bushaltestelle</cmt>
		<desc>Ihlow,  Ilmersdorf; B102, Bushaltestelle</desc>
		<src>LB Forst Brandenburg</src>
	</wpt>
	<wpt lat="52.283267543191052" lon="13.988598062248219">
		<name>1080</name>
		<cmt>Kolpin; Bushaltestelle Neuer Weg; Neu Reichenwalde</cmt>
		<desc>Kolpin; Bushaltestelle Neuer Weg; Neu Reichenwalde</desc>
		<src>LB Forst Brandenburg</src>
	</wpt>
	<wpt lat="51.62115" lon="13.09632">
		<name>EE BF-005</name>
		<cmt>Züllsdorf-Zwethauer Weg</cmt>
		<desc>Züllsdorf-Zwethauer Weg</desc>
		<src>Bundesforst</src>
	</wpt>
	<wpt lat="52.894766160681485" lon="12.036790309285635">
		<name>RP2</name>
		<cmt>19339 Plattenburg, Glöwen L10 Nitzow-Quitzöbel, in Kurve Einfahrt rechts</cmt>
		<desc>19339 Plattenburg, Glöwen L10 Nitzow-Quitzöbel, in Kurve Einfahrt rechts</desc>
		<src>Bundesforst</src>
	</wpt>
	<wpt lat="52.210255000591431" lon="12.789320999847561">
		<name>SRP 3</name>
		<cmt>14822 Brück B246, Brück Ausbau, Platzrandstraße</cmt>
		<desc>14822 Brück B246, Brück Ausbau, Platzrandstraße</desc>
		<src>Bundesforst</src>
	</wpt>
	<wpt lat="52.260457000528199" lon="12.812908999649634">
		<name>SRP 2</name>
		<cmt>14822 Borkwalde Lehniner Straße</cmt>
		<desc>14822 Borkwalde Lehniner Straße</desc>
		<src>Bundesforst</src>
	</wpt>
	<wpt lat="52.29322400115479" lon="12.805106000518268">
		<name>SRP 1</name>
		<cmt>14797 Kloster Lehnin L88 Busendorf-Emstal, Abzweig Platzrandstraße</cmt>
		<desc>14797 Kloster Lehnin L88 Busendorf-Emstal, Abzweig Platzrandstraße</desc>
		<src>Bundesforst</src>
	</wpt>
	<wpt lat="51.640133999879872" lon="13.088846999703778">
		<name>EE BF-002</name>
		<cmt>Einfahrt Züllsdorf-Peisker Weg</cmt>
		<desc>Einfahrt Züllsdorf-Peisker Weg</desc>
		<src>Bundesforst</src>
	</wpt>
	<wpt lat="52.293553000464719" lon="12.733552">
		<name>SRP 6</name>
		<cmt>14797 Kloster Lehnin, Rädel TrÜbPl</cmt>
		<desc>14797 Kloster Lehnin, Rädel TrÜbPl</desc>
		<src>Bundesforst</src>
	</wpt>
	<wpt lat="52.900557221081769" lon="12.025435089538224">
		<name>RP3</name>
		<cmt>19339 Plattenburg, Glöwen L10 Abzweig K7006 Richtung Roddan, nach 1km Einfahrt in Rechtskurve</cmt>
		<desc>19339 Plattenburg, Glöwen L10 Abzweig K7006 Richtung Roddan, nach 1km Einfahrt in Rechtskurve</desc>
		<src>Bundesforst</src>
	</wpt>
	<wpt lat="51.658964999840762" lon="13.162359">
		<name>EE BF-004</name>
		<cmt>Straße von Buckau-Waldkante</cmt>
		<desc>Straße von Buckau-Waldkante</desc>
		<src>Bundesforst</src>
	</wpt>
	<wpt lat="52.24705700088245" lon="12.705772999923814">
		<name>SRP 4</name>
		<cmt>14822 Planebruch, Damelang</cmt>
		<desc>14822 Planebruch, Damelang</desc>
		<src>Bundesforst</src>
	</wpt>
	<wpt lat="51.69908" lon="13.16087">
		<name>EE BF-003</name>
		<cmt>MSB-Einfahrt Mahdel</cmt>
		<desc>MSB-Einfahrt Mahdel</desc>
		<src>Bundesforst</src>
	</wpt>
	<wpt lat="52.902646240877928" lon="12.064362079836815">
		<name>RP4</name>
		<cmt>19339 Plattenburg, Glöwen B107, Abzweig K7005 Richtung Roddan, nach 350m Einfahrt links</cmt>
		<desc>19339 Plattenburg, Glöwen B107, Abzweig K7005 Richtung Roddan, nach 350m Einfahrt links</desc>
		<src>Bundesforst</src>
	</wpt>
	<wpt lat="51.6553" lon="13.11351">
		<name>EE BF-001</name>
		<cmt>OV Züllsdorf-Annaburg, Waldeinfahrt</cmt>
		<desc>OV Züllsdorf-Annaburg, Waldeinfahrt</desc>
		<src>Bundesforst</src>
	</wpt>
	<wpt lat="52.265977001014051" lon="12.685082999395364">
		<name>SRP 5</name>
		<cmt>14822 Planebruch, Cammer TrÜbPl</cmt>
		<desc>14822 Planebruch, Cammer TrÜbPl</desc>
		<src>Bundesforst</src>
	</wpt>
	<wpt lat="52.887351191303331" lon="12.049638759384592">
		<name>RP5</name>
		<cmt>19339 Plattenburg, Glöwen L10 Nitzow - Quitzöbel, Nitzow</cmt>
		<desc>19339 Plattenburg, Glöwen L10 Nitzow - Quitzöbel, Nitzow</desc>
		<src>Bundesforst</src>
	</wpt>
	<wpt lat="52.893728231371824" lon="12.066790479413307">
		<name>RP1</name>
		<cmt>19339 Plattenburg, Glöwen Friedrichswalde, Straße zum StOÜbPl</cmt>
		<desc>19339 Plattenburg, Glöwen Friedrichswalde, Straße zum StOÜbPl</desc>
		<src>Bundesforst</src>
	</wpt>
	<wpt lat="52.906876330510805" lon="12.025346749282104">
		<name>RP6</name>
		<cmt>19339 Plattenburg, Glöwen K7005 Roddan Richtung Glöwen, Abzweig K7006, ca 650m Einfahrt links</cmt>
		<desc>19339 Plattenburg, Glöwen K7005 Roddan Richtung Glöwen, Abzweig K7006, ca 650m Einfahrt links</desc>
		<src>Bundesforst</src>
	</wpt>
	<wpt lat="51.511383729227802" lon="13.803177950496012">
		<name>1830</name>
		<cmt>Lauchhammer - Ost; L 60, Kreuzung Lauchhammer - Ost, Kostebrau, Lichterfeld</cmt>
		<desc>Lauchhammer - Ost; L 60, Kreuzung Lauchhammer - Ost, Kostebrau, Lichterfeld</desc>
		<src>LB Forst Brandenburg</src>
	</wpt>
	<wpt lat="52.305651734940206" lon="13.111454333946686">
		<name>2868</name>
		<cmt>Nuthetal, Saarmund; Am Flugplatz</cmt>
		<desc>Nuthetal, Saarmund; Am Flugplatz</desc>
		<src>LB Forst Brandenburg</src>
	</wpt>
	<wpt lat="51.857916568476078" lon="13.856728148615714">
		<name>2373</name>
		<cmt>Hindenburg; Gaststätte Kartoffelnest</cmt>
		<desc>Hindenburg; Gaststätte Kartoffelnest</desc>
		<src>LB Forst Brandenburg</src>
	</wpt>
	<wpt lat="52.16955143752147" lon="13.381892567803279">
		<name>1055</name>
		<cmt>Am Mellensee, Rehagen; Sportplatz Rehhagen</cmt>
		<desc>Am Mellensee, Rehagen; Sportplatz Rehhagen</desc>
		<src>LB Forst Brandenburg</src>
	</wpt>
	<wpt lat="51.97817256698788" lon="14.191170689441373">
		<name>2321</name>
		<cmt>Mochow; Mochower Dorstr. 2,  Gaststätte "Graßmehl"</cmt>
		<desc>Mochow; Mochower Dorstr. 2,  Gaststätte "Graßmehl"</desc>
		<src>LB Forst Brandenburg</src>
	</wpt>
	<wpt lat="52.040278430525937" lon="13.139111169437832">
		<name>2260</name>
		<cmt>Jüterbog, Neuhof; Dorfstraße, Gemeindehaus</cmt>
		<desc>Jüterbog, Neuhof; Dorfstraße, Gemeindehaus</desc>
		<src>LB Forst Brandenburg</src>
	</wpt>
	<wpt lat="51.81912072972186" lon="13.530081897385461">
		<name>2377</name>
		<cmt>Dahme, Altsorgefeld; Dorfstraße, Ortsmitte  Kreuzung</cmt>
		<desc>Dahme, Altsorgefeld; Dorfstraße, Ortsmitte  Kreuzung</desc>
		<src>LB Forst Brandenburg</src>
	</wpt>
	<wpt lat="52.23315350554612" lon="12.427607361182336">
		<name>2476</name>
		<cmt>Gräben; Ortsmitte An der Kirche</cmt>
		<desc>Gräben; Ortsmitte An der Kirche</desc>
		<src>LB Forst Brandenburg</src>
	</wpt>
	<wpt lat="52.750684597640728" lon="12.351794355273849">
		<name>1612</name>
		<cmt>Rhinow; Turmstraße</cmt>
		<desc>Rhinow; Turmstraße</desc>
		<src>LB Forst Brandenburg</src>
	</wpt>
	<wpt lat="52.995098166770049" lon="11.898945561510901">
		<name>1522</name>
		<cmt>Bad Wilsnack; L10 Forsthaus Jackel</cmt>
		<desc>Bad Wilsnack; L10 Forsthaus Jackel</desc>
		<src>LB Forst Brandenburg</src>
	</wpt>
	<wpt lat="51.510174958804946" lon="13.674988496494205">
		<name>1756</name>
		<cmt>Lauchhammer, Grünewalde; Grünewalder Lauch, Abzweig Bungalowsiedlung</cmt>
		<desc>Lauchhammer, Grünewalde; Grünewalder Lauch, Abzweig Bungalowsiedlung</desc>
		<src>LB Forst Brandenburg</src>
	</wpt>
	<wpt lat="51.515587038924011" lon="13.893850222725748">
		<name>1891</name>
		<cmt>Schipkau; Freiwillige Feuerwehr Schipkau</cmt>
		<desc>Schipkau; Freiwillige Feuerwehr Schipkau</desc>
		<src>LB Forst Brandenburg</src>
	</wpt>
	<wpt lat="51.630859246295437" lon="13.690625769871012">
		<name>1857</name>
		<cmt>Finsterwalde; Am Tierpark</cmt>
		<desc>Finsterwalde; Am Tierpark</desc>
		<src>LB Forst Brandenburg</src>
	</wpt>
	<wpt lat="51.638054592454743" lon="14.284266196221854">
		<name>2526</name>
		<cmt>Drebkau, Rehnsdorf; Abzweig Radweg nach Gr. Döbbern</cmt>
		<desc>Drebkau, Rehnsdorf; Abzweig Radweg nach Gr. Döbbern</desc>
		<src>LB Forst Brandenburg</src>
	</wpt>
	<wpt lat="51.641486716770324" lon="14.507429642471543">
		<name>2568</name>
		<cmt>Hornow; Sportplatz</cmt>
		<desc>Hornow; Sportplatz</desc>
		<src>LB Forst Brandenburg</src>
	</wpt>
	<wpt lat="51.646378594373608" lon="14.137507520463533">
		<name>2450</name>
		<cmt>Drebkau, Greifenhain; Kirche</cmt>
		<desc>Drebkau, Greifenhain; Kirche</desc>
		<src>LB Forst Brandenburg</src>
	</wpt>
	<wpt lat="51.65518487232864" lon="14.224651218918396">
		<name>2451</name>
		<cmt>Drebkau; Drebkauer Hauptstraße 12, Oberförsterei Drebkau</cmt>
		<desc>Drebkau; Drebkauer Hauptstraße 12, Oberförsterei Drebkau</desc>
		<src>LB Forst Brandenburg</src>
	</wpt>
	<wpt lat="52.3436" lon="12.99499">
		<name>PM-5001</name>
		<cmt>Caputher See/Gertrud-Feiertag-Weg</cmt>
		<desc>Caputher See/Gertrud-Feiertag-Weg</desc>
		<src>Gemeinde Schwielowsee - Verwaltung</src>
	</wpt>
	<wpt lat="52.34074" lon="12.99857">
		<name>PM-5002</name>
		<cmt>Caputher See/Seestraße</cmt>
		<desc>Caputher See/Seestraße</desc>
		<src>Gemeinde Schwielowsee - Verwaltung</src>
	</wpt>
	<wpt lat="51.663347572995569" lon="14.262474130913173">
		<name>2529</name>
		<cmt>Drebkau, Löschen; Aurasserstr. Hotel Löschener Wald</cmt>
		<desc>Drebkau, Löschen; Aurasserstr. Hotel Löschener Wald</desc>
		<src>LB Forst Brandenburg</src>
	</wpt>
	<wpt lat="51.665639643841317" lon="14.185294395499914">
		<name>2452</name>
		<cmt>Drebkau; L52 Drebkau-Casel,  "Altes Zollhaus" am Abzweig Radensdorf</cmt>
		<desc>Drebkau; L52 Drebkau-Casel,  "Altes Zollhaus" am Abzweig Radensdorf</desc>
		<src>LB Forst Brandenburg</src>
	</wpt>
	<wpt lat="51.972546898061594" lon="13.882262753269051">
		<name>2217</name>
		<cmt>Hartmannsdorf; Am Dorfanger Nr. 19, Gasthof</cmt>
		<desc>Hartmannsdorf; Am Dorfanger Nr. 19, Gasthof</desc>
		<src>LB Forst Brandenburg</src>
	</wpt>
	<wpt lat="51.979419381858634" lon="14.533119773499561">
		<name>2518</name>
		<cmt>Pinnow; B 320,Querweg am Sportplatz</cmt>
		<desc>Pinnow; B 320,Querweg am Sportplatz</desc>
		<src>LB Forst Brandenburg</src>
	</wpt>
	<wpt lat="52.129641569367216" lon="13.447712336585356">
		<name>1246</name>
		<cmt>Fernneuendorf; Wiese am Forsthaus Adlershorst</cmt>
		<desc>Fernneuendorf; Wiese am Forsthaus Adlershorst</desc>
		<src>LB Forst Brandenburg</src>
	</wpt>
	<wpt lat="52.289114676488339" lon="13.240669783611345">
		<name>1011</name>
		<cmt>Ludwigsfelde,; L793 Siethener Str., Waldparkplatz</cmt>
		<desc>Ludwigsfelde,; L793 Siethener Str., Waldparkplatz</desc>
		<src>LB Forst Brandenburg</src>
	</wpt>
	<wpt lat="52.465952333260248" lon="13.859616383307978">
		<name>2714</name>
		<cmt>Herzfelde; L 23, Gewerbegebiet, Möllenstraße</cmt>
		<desc>Herzfelde; L 23, Gewerbegebiet, Möllenstraße</desc>
		<src>LB Forst Brandenburg</src>
	</wpt>
	<wpt lat="51.733175339564454" lon="13.679375656544803">
		<name>1882</name>
		<cmt>Weißack; B 96 Solarpark Parkplatz</cmt>
		<desc>Weißack; B 96 Solarpark Parkplatz</desc>
		<src>LB Forst Brandenburg</src>
	</wpt>
	<wpt lat="52.588898451778569" lon="12.638351816225903">
		<name>1575</name>
		<cmt>Märkisch Luch,  Buschow; Feuerwehr  Buschow</cmt>
		<desc>Märkisch Luch,  Buschow; Feuerwehr  Buschow</desc>
		<src>LB Forst Brandenburg</src>
	</wpt>
	<wpt lat="52.926331884837104" lon="11.976027969326658">
		<name>1529</name>
		<cmt>Legde; Radweg Legde - Bad Wilsnack</cmt>
		<desc>Legde; Radweg Legde - Bad Wilsnack</desc>
		<src>LB Forst Brandenburg</src>
	</wpt>
	<wpt lat="52.709143505870202" lon="13.71923217491431">
		<name>1995</name>
		<cmt>Tempelfelde; An der Kirche</cmt>
		<desc>Tempelfelde; An der Kirche</desc>
		<src>LB Forst Brandenburg</src>
	</wpt>
	<wpt lat="51.699828679304296" lon="13.976470308249583">
		<name>1159</name>
		<cmt>Luckaitztal, Gosda; Aussichtsturm Gosda</cmt>
		<desc>Luckaitztal, Gosda; Aussichtsturm Gosda</desc>
		<src>LB Forst Brandenburg</src>
	</wpt>
	<wpt lat="51.374843943219119" lon="13.723742199597726">
		<name>1819</name>
		<cmt>Großkmehlen; Ortslage Blochwitzer Straße, Einmündung Oberweg</cmt>
		<desc>Großkmehlen; Ortslage Blochwitzer Straße, Einmündung Oberweg</desc>
		<src>LB Forst Brandenburg</src>
	</wpt>
	<wpt lat="51.380921139669312" lon="13.613669586453632">
		<name>1818</name>
		<cmt>Hirschfeld; Ortslage Arztpraxis</cmt>
		<desc>Hirschfeld; Ortslage Arztpraxis</desc>
		<src>LB Forst Brandenburg</src>
	</wpt>
	<wpt lat="51.383648824632289" lon="13.795514074107377">
		<name>1823</name>
		<cmt>Kroppen; Ortslage Feuerwehr</cmt>
		<desc>Kroppen; Ortslage Feuerwehr</desc>
		<src>LB Forst Brandenburg</src>
	</wpt>
	<wpt lat="51.386992907072532" lon="13.985113764506531">
		<name>1827</name>
		<cmt>Grünewald, Ortsteil Sella; Sella Feuwehrgebäude</cmt>
		<desc>Grünewald, Ortsteil Sella; Sella Feuwehrgebäude</desc>
		<src>LB Forst Brandenburg</src>
	</wpt>
	<wpt lat="51.389055131994702" lon="13.904696993670195">
		<name>1814</name>
		<cmt>Hermsdorf, Lipsa; Lindenstraße 23, Dienstgebäude der Oberförsterei</cmt>
		<desc>Hermsdorf, Lipsa; Lindenstraße 23, Dienstgebäude der Oberförsterei</desc>
		<src>LB Forst Brandenburg</src>
	</wpt>
	<wpt lat="51.400656210467659" lon="13.996247689246678">
		<name>1828</name>
		<cmt>Grünewald; Grünewald Feuerwehrgebäude</cmt>
		<desc>Grünewald; Grünewald Feuerwehrgebäude</desc>
		<src>LB Forst Brandenburg</src>
	</wpt>
	<wpt lat="51.401544636372797" lon="13.852780489585244">
		<name>1813</name>
		<cmt>Hermsdorf, Jannowitz; L 55 , Ortslage  Ruhlander Straße, Rettungswache</cmt>
		<desc>Hermsdorf, Jannowitz; L 55 , Ortslage  Ruhlander Straße, Rettungswache</desc>
		<src>LB Forst Brandenburg</src>
	</wpt>
	<wpt lat="51.400357203610334" lon="13.729883172394297">
		<name>1821</name>
		<cmt>Lindenau,Lindenau; K6607  Solarpark</cmt>
		<desc>Lindenau,Lindenau; K6607  Solarpark</desc>
		<src>LB Forst Brandenburg</src>
	</wpt>
	<wpt lat="51.39963510339939" lon="13.564536565348837">
		<name>1817</name>
		<cmt>Gröden; Großenhainer Straße 25,  Amtsverwaltung Schradenland</cmt>
		<desc>Gröden; Großenhainer Straße 25,  Amtsverwaltung Schradenland</desc>
		<src>LB Forst Brandenburg</src>
	</wpt>
	<wpt lat="51.404936852854142" lon="13.894907504506504">
		<name>1835</name>
		<cmt>Hermsdorf; Hermsdorf Feuerwehrgebäude</cmt>
		<desc>Hermsdorf; Hermsdorf Feuerwehrgebäude</desc>
		<src>LB Forst Brandenburg</src>
	</wpt>
	<wpt lat="51.40286870624405" lon="13.541271935283072">
		<name>1816</name>
		<cmt>Merzdorf; L 59, Ortslage Feuerwehr</cmt>
		<desc>Merzdorf; L 59, Ortslage Feuerwehr</desc>
		<src>LB Forst Brandenburg</src>
	</wpt>
	<wpt lat="51.425610215776935" lon="13.919844606649288">
		<name>1824</name>
		<cmt>Guteborn; Feuerwehr</cmt>
		<desc>Guteborn; Feuerwehr</desc>
		<src>LB Forst Brandenburg</src>
	</wpt>
	<wpt lat="51.42674332329883" lon="13.738499433431834">
		<name>1820</name>
		<cmt>Tettau; Wasserwerk</cmt>
		<desc>Tettau; Wasserwerk</desc>
		<src>LB Forst Brandenburg</src>
	</wpt>
	<wpt lat="51.429623101982294" lon="14.013771873267126">
		<name>1815</name>
		<cmt>Hohenbocka; Feuerwehrgebäude</cmt>
		<desc>Hohenbocka; Feuerwehrgebäude</desc>
		<src>LB Forst Brandenburg</src>
	</wpt>
	<wpt lat="51.429140588815329" lon="13.857734061696846">
		<name>1837</name>
		<cmt>Arnsdorf; Freiwillige Feuerwehr</cmt>
		<desc>Arnsdorf; Freiwillige Feuerwehr</desc>
		<src>LB Forst Brandenburg</src>
	</wpt>
	<wpt lat="51.4338209407505" lon="13.462776380980559">
		<name>1774</name>
		<cmt>Stolzenhain a.d. Röder; L59 vor Ortseingang Stolzenhain a.d. Röder; Kreuzung L59 und Hoher Weg in Stolzenhain</cmt>
		<desc>Stolzenhain a.d. Röder; L59 vor Ortseingang Stolzenhain a.d. Röder; Kreuzung L59 und Hoher Weg in Stolzenhain</desc>
		<src>LB Forst Brandenburg</src>
	</wpt>
	<wpt lat="51.447779884727169" lon="13.851622082789229">
		<name>1812</name>
		<cmt>Ruhland; Neugrabenweg, Beginn Radweg "Schönburgsau"</cmt>
		<desc>Ruhland; Neugrabenweg, Beginn Radweg "Schönburgsau"</desc>
		<src>LB Forst Brandenburg</src>
	</wpt>
	<wpt lat="51.449388602698406" lon="13.933073493141299">
		<name>1834</name>
		<cmt>Schwarzbach; Feuerwehrgebäude</cmt>
		<desc>Schwarzbach; Feuerwehrgebäude</desc>
		<src>LB Forst Brandenburg</src>
	</wpt>
	<wpt lat="51.450311936931904" lon="13.976553455300941">
		<name>1833</name>
		<cmt>Senftenberg, Peickwitz; Wanderparkplatz Peickwitzer Teiche</cmt>
		<desc>Senftenberg, Peickwitz; Wanderparkplatz Peickwitzer Teiche</desc>
		<src>LB Forst Brandenburg</src>
	</wpt>
	<wpt lat="51.452496515630564" lon="14.025962086068132">
		<name>1829</name>
		<cmt>Senftenberg, Hosena; Feuerwehr Hosena</cmt>
		<desc>Senftenberg, Hosena; Feuerwehr Hosena</desc>
		<src>LB Forst Brandenburg</src>
	</wpt>
	<wpt lat="51.452507772707058" lon="13.65117979146325">
		<name>1770</name>
		<cmt>Plessa; L 631 Plessa- Schraden,; Abzw. rechts alte Försterei</cmt>
		<desc>Plessa; L 631 Plessa- Schraden,; Abzw. rechts alte Försterei</desc>
		<src>LB Forst Brandenburg</src>
	</wpt>
	<wpt lat="51.464197552053754" lon="13.981209554345078">
		<name>1825</name>
		<cmt>Senftenberg, Peickwitz; Ortslage Feuerwehr</cmt>
		<desc>Senftenberg, Peickwitz; Ortslage Feuerwehr</desc>
		<src>LB Forst Brandenburg</src>
	</wpt>
	<wpt lat="51.470607264865976" lon="13.611524123672998">
		<name>1782</name>
		<cmt>Plessa; L 621 Ortslage Plessa, Parkplatz Kraftwerk Haupteingang</cmt>
		<desc>Plessa; L 621 Ortslage Plessa, Parkplatz Kraftwerk Haupteingang</desc>
		<src>LB Forst Brandenburg</src>
	</wpt>
	<wpt lat="51.478131844302077" lon="13.320260438078574">
		<name>1773</name>
		<cmt>Bad Liebenwerda, Möglenz; L66 Försterei Möglenz</cmt>
		<desc>Bad Liebenwerda, Möglenz; L66 Försterei Möglenz</desc>
		<src>LB Forst Brandenburg</src>
	</wpt>
	<wpt lat="51.481849117187465" lon="13.585062573450587">
		<name>1777</name>
		<cmt>Plessa, Döllingen; Am Pomologischen Schaugarten</cmt>
		<desc>Plessa, Döllingen; Am Pomologischen Schaugarten</desc>
		<src>LB Forst Brandenburg</src>
	</wpt>
	<wpt lat="51.485476630248257" lon="13.832052649100181">
		<name>1889</name>
		<cmt>Schwarzheide-West; Freiwillige Feuerwehr</cmt>
		<desc>Schwarzheide-West; Freiwillige Feuerwehr</desc>
		<src>LB Forst Brandenburg</src>
	</wpt>
	<wpt lat="51.495147233979814" lon="14.05684627664068">
		<name>1826</name>
		<cmt>Senftenberg, Großkoschen; Feuerwehr Großkoschen Feuerwehr</cmt>
		<desc>Senftenberg, Großkoschen; Feuerwehr Großkoschen Feuerwehr</desc>
		<src>LB Forst Brandenburg</src>
	</wpt>
	<wpt lat="51.492670177491178" lon="13.509473761423376">
		<name>1772</name>
		<cmt>Kraupa; K6209 Parkplatz am Sportplatz, neben Feuerwehr, von Hohenleipisch kommend links am Ortseingang</cmt>
		<desc>Kraupa; K6209 Parkplatz am Sportplatz, neben Feuerwehr, von Hohenleipisch kommend links am Ortseingang</desc>
		<src>LB Forst Brandenburg</src>
	</wpt>
	<wpt lat="51.499456868955846" lon="13.962651787479873">
		<name>1890</name>
		<cmt>Brieske; Freiwillige Feuerwehr Brieske-Dorf</cmt>
		<desc>Brieske; Freiwillige Feuerwehr Brieske-Dorf</desc>
		<src>LB Forst Brandenburg</src>
	</wpt>
	<wpt lat="51.505207414409135" lon="14.066964412329785">
		<name>1895</name>
		<cmt>Senftenberg, Kleinkoschen; Feuerwehr Kleinkoschen</cmt>
		<desc>Senftenberg, Kleinkoschen; Feuerwehr Kleinkoschen</desc>
		<src>LB Forst Brandenburg</src>
	</wpt>
	<wpt lat="51.502946731434555" lon="13.455135898223613">
		<name>1771</name>
		<cmt>Röderland, Haida; Kreuzung L593 und B101, Elsterwerda Richtung Bad Liebenwerda, Abzweig links in L593; gegenüber Waldbad Zeischa</cmt>
		<desc>Röderland, Haida; Kreuzung L593 und B101, Elsterwerda Richtung Bad Liebenwerda, Abzweig links in L593; gegenüber Waldbad Zeischa</desc>
		<src>LB Forst Brandenburg</src>
	</wpt>
	<wpt lat="51.506649436003386" lon="13.561252107033374">
		<name>1778</name>
		<cmt>Hohenleipisch; L 62 Hohenleipisch Richtung Gorden, Ortsausgangstafel Hohenleipisch</cmt>
		<desc>Hohenleipisch; L 62 Hohenleipisch Richtung Gorden, Ortsausgangstafel Hohenleipisch</desc>
		<src>LB Forst Brandenburg</src>
	</wpt>
	<wpt lat="51.519022047487773" lon="13.706238998555955">
		<name>2744</name>
		<cmt>Lauchhammer, Grünewalde; L 63 Richtung Staupitz, Ortsausgang, Info - Tafel Stadt Lauchhammer</cmt>
		<desc>Lauchhammer, Grünewalde; L 63 Richtung Staupitz, Ortsausgang, Info - Tafel Stadt Lauchhammer</desc>
		<src>LB Forst Brandenburg</src>
	</wpt>
	<wpt lat="51.519452682575128" lon="13.650800484898046">
		<name>1757</name>
		<cmt>Gorden, Lauch; Zufahrt zum Naherholungsgebiet, Nordstraße Müllplatz</cmt>
		<desc>Gorden, Lauch; Zufahrt zum Naherholungsgebiet, Nordstraße Müllplatz</desc>
		<src>LB Forst Brandenburg</src>
	</wpt>
	<wpt lat="51.525655757865309" lon="13.955789031910808">
		<name>1893</name>
		<cmt>Hörlitz; Einmündung Straße zur Deponie Hörlitz</cmt>
		<desc>Hörlitz; Einmündung Straße zur Deponie Hörlitz</desc>
		<src>LB Forst Brandenburg</src>
	</wpt>
	<wpt lat="51.52689093419837" lon="14.099280506447576">
		<name>1896</name>
		<cmt>Senftenberg, Kleinkoschen; Landmarke " Rostiger Nagel"</cmt>
		<desc>Senftenberg, Kleinkoschen; Landmarke " Rostiger Nagel"</desc>
		<src>LB Forst Brandenburg</src>
	</wpt>
	<wpt lat="51.531964976415615" lon="13.593905102749881">
		<name>1779</name>
		<cmt>Hohenleipisch; L 62 Hohenleipisch Richtung Gorden, rechts Floßgrabenbrücke</cmt>
		<desc>Hohenleipisch; L 62 Hohenleipisch Richtung Gorden, rechts Floßgrabenbrücke</desc>
		<src>LB Forst Brandenburg</src>
	</wpt>
	<wpt lat="51.534467101894528" lon="13.433866356776226">
		<name>1798</name>
		<cmt>Thalberg; Maasdorfer Teiche L653, Parkplatz zwischen Teichen</cmt>
		<desc>Thalberg; Maasdorfer Teiche L653, Parkplatz zwischen Teichen</desc>
		<src>LB Forst Brandenburg</src>
	</wpt>
	<wpt lat="51.540227066159666" lon="13.665809956284821">
		<name>1781</name>
		<cmt>Staupitz; L 62 Staupitz Richtung Sorno, Abzw. links Düngerschuppenweg</cmt>
		<desc>Staupitz; L 62 Staupitz Richtung Sorno, Abzw. links Düngerschuppenweg</desc>
		<src>LB Forst Brandenburg</src>
	</wpt>
	<wpt lat="51.542856093311201" lon="13.894553623271412">
		<name>1894</name>
		<cmt>Klettwitz; Marktplatz</cmt>
		<desc>Klettwitz; Marktplatz</desc>
		<src>LB Forst Brandenburg</src>
	</wpt>
	<wpt lat="51.54701928799561" lon="14.040623194630687">
		<name>1898</name>
		<cmt>Senftenberg, Sedlitz; Feuerwachturn Reppist</cmt>
		<desc>Senftenberg, Sedlitz; Feuerwachturn Reppist</desc>
		<src>LB Forst Brandenburg</src>
	</wpt>
	<wpt lat="51.548945321315443" lon="14.057475050784772">
		<name>1897</name>
		<cmt>Senftenberg, Sedlitz; Feruerwehr Sedlitz</cmt>
		<desc>Senftenberg, Sedlitz; Feruerwehr Sedlitz</desc>
		<src>LB Forst Brandenburg</src>
	</wpt>
	<wpt lat="51.556774035052932" lon="14.317220253104864">
		<name>2545</name>
		<cmt>Spremberg; Senftenberger Str. 67, hinter Reiterhof Wuttke, auf Zuckerstr. abbiegend nach ca. 100m rechts</cmt>
		<desc>Spremberg; Senftenberger Str. 67, hinter Reiterhof Wuttke, auf Zuckerstr. abbiegend nach ca. 100m rechts</desc>
		<src>LB Forst Brandenburg</src>
	</wpt>
	<wpt lat="51.553729709845577" lon="13.591950990513801">
		<name>1784</name>
		<cmt>Rückersdorf, Oppelhain; Ortslage Oppelhain, Ffw Oppelhain</cmt>
		<desc>Rückersdorf, Oppelhain; Ortslage Oppelhain, Ffw Oppelhain</desc>
		<src>LB Forst Brandenburg</src>
	</wpt>
	<wpt lat="51.565161181338077" lon="14.664670782667601">
		<name>2411</name>
		<cmt>Jämlitz; Parkplatz Gaststätte</cmt>
		<desc>Jämlitz; Parkplatz Gaststätte</desc>
		<src>LB Forst Brandenburg</src>
	</wpt>
	<wpt lat="51.564847276699147" lon="14.40095046777053">
		<name>2530</name>
		<cmt>Spremberg; Hubertusweg 3 ,Ehem. Forsthaus(Turbine - Sportplatz)</cmt>
		<desc>Spremberg; Hubertusweg 3 ,Ehem. Forsthaus(Turbine - Sportplatz)</desc>
		<src>LB Forst Brandenburg</src>
	</wpt>
	<wpt lat="51.561222608823705" lon="13.521313396082753">
		<name>1851</name>
		<cmt>Gruhno; an der L653 Friedersdorf Richtung Gruhno</cmt>
		<desc>Gruhno; an der L653 Friedersdorf Richtung Gruhno</desc>
		<src>LB Forst Brandenburg</src>
	</wpt>
	<wpt lat="51.569303268827504" lon="14.407332569306201">
		<name>2544</name>
		<cmt>Spremberg; Schlosserstr., Industriegebiet-Ost an der B 156</cmt>
		<desc>Spremberg; Schlosserstr., Industriegebiet-Ost an der B 156</desc>
		<src>LB Forst Brandenburg</src>
	</wpt>
	<wpt lat="51.569733685666435" lon="14.463775500990481">
		<name>2531</name>
		<cmt>Graustein; Abzweig Umspannwerk;</cmt>
		<desc>Graustein; Abzweig Umspannwerk;</desc>
		<src>LB Forst Brandenburg</src>
	</wpt>
	<wpt lat="51.56221102122737" lon="13.481896511191898">
		<name>2741</name>
		<cmt>Schönborn, Schadewitz; L653, Ortslage Elsterbrücke</cmt>
		<desc>Schönborn, Schadewitz; L653, Ortslage Elsterbrücke</desc>
		<src>LB Forst Brandenburg</src>
	</wpt>
	<wpt lat="51.573261782198678" lon="14.499155806249524">
		<name>2429</name>
		<cmt>Schönheide; Gaststätte an B156;Dorfkrug</cmt>
		<desc>Schönheide; Gaststätte an B156;Dorfkrug</desc>
		<src>LB Forst Brandenburg</src>
	</wpt>
	<wpt lat="51.569542029145332" lon="13.922889117964214">
		<name>1839</name>
		<cmt>Schipkau, Drochow; Buswendestelle am Restloch 6</cmt>
		<desc>Schipkau, Drochow; Buswendestelle am Restloch 6</desc>
		<src>LB Forst Brandenburg</src>
	</wpt>
	<wpt lat="51.568532491211364" lon="13.563338399370721">
		<name>1852</name>
		<cmt>Rückersdorf; Ortslage Friedersdorfer Str Ecke Friedersdorfer Hauptstr</cmt>
		<desc>Rückersdorf; Ortslage Friedersdorfer Str Ecke Friedersdorfer Hauptstr</desc>
		<src>LB Forst Brandenburg</src>
	</wpt>
	<wpt lat="51.581356715569697" lon="14.384892817901138">
		<name>2532</name>
		<cmt>Spremberg, Weeskow; Weeskower Allee 2 a, Bundesforstamt</cmt>
		<desc>Spremberg, Weeskow; Weeskower Allee 2 a, Bundesforstamt</desc>
		<src>LB Forst Brandenburg</src>
	</wpt>
	<wpt lat="51.588162285582477" lon="14.532054398435427">
		<name>2573</name>
		<cmt>Reuthen; Dienststelle ehem. Obf Reuthen Obf- Gelände</cmt>
		<desc>Reuthen; Dienststelle ehem. Obf Reuthen Obf- Gelände</desc>
		<src>LB Forst Brandenburg</src>
	</wpt>
	<wpt lat="51.579530172615478" lon="13.323093793578993">
		<name>1861</name>
		<cmt>Uebigau-Wahrenbrück; Holzabfuhrweg, K 6217</cmt>
		<desc>Uebigau-Wahrenbrück; Holzabfuhrweg, K 6217</desc>
		<src>LB Forst Brandenburg</src>
	</wpt>
	<wpt lat="51.59026368908809" lon="14.372580388733409">
		<name>2533</name>
		<cmt>Spremberg; Wilhelmsthaler Weg ,Brücke Wilhelmsthal (Blindenheim)</cmt>
		<desc>Spremberg; Wilhelmsthaler Weg ,Brücke Wilhelmsthal (Blindenheim)</desc>
		<src>LB Forst Brandenburg</src>
	</wpt>
	<wpt lat="51.588076272914911" lon="14.038256876288852">
		<name>1899</name>
		<cmt>Großräschen Ost; Agrargenossenschaft Großräschen</cmt>
		<desc>Großräschen Ost; Agrargenossenschaft Großräschen</desc>
		<src>LB Forst Brandenburg</src>
	</wpt>
	<wpt lat="51.58849821515669" lon="13.921854586236934">
		<name>1838</name>
		<cmt>Saalhausen; B 96  Einfahrt zur Kiesgrube</cmt>
		<desc>Saalhausen; B 96  Einfahrt zur Kiesgrube</desc>
		<src>LB Forst Brandenburg</src>
	</wpt>
	<wpt lat="51.6039149234606" lon="14.731349513365148">
		<name>2543</name>
		<cmt>Jeriscke; 200 m südlich an der Ortsteilzufahrt Pusack, Kreuzungsbereich der  Brandschutzstreifen</cmt>
		<desc>Jeriscke; 200 m südlich an der Ortsteilzufahrt Pusack, Kreuzungsbereich der  Brandschutzstreifen</desc>
		<src>LB Forst Brandenburg</src>
	</wpt>
	<wpt lat="51.595074706593977" lon="13.433074536591919">
		<name>1786</name>
		<cmt>Tröbitz; L65,  Ortslage, Tankstelle an L 65 Richt. Rothstein</cmt>
		<desc>Tröbitz; L65,  Ortslage, Tankstelle an L 65 Richt. Rothstein</desc>
		<src>LB Forst Brandenburg</src>
	</wpt>
	<wpt lat="51.597231787305077" lon="13.495015170781546">
		<name>1785</name>
		<cmt>Schönborn; L60 Ortsmitte Bäckerei Harnisch</cmt>
		<desc>Schönborn; L60 Ortsmitte Bäckerei Harnisch</desc>
		<src>LB Forst Brandenburg</src>
	</wpt>
	<wpt lat="51.606414572477654" lon="14.629878645044997">
		<name>2569</name>
		<cmt>Döbern, Eichwege; nördlich an der K 7101, Sportplatz Döbern-Eichwege</cmt>
		<desc>Döbern, Eichwege; nördlich an der K 7101, Sportplatz Döbern-Eichwege</desc>
		<src>LB Forst Brandenburg</src>
	</wpt>
	<wpt lat="51.606438015923771" lon="14.390649094253574">
		<name>2525</name>
		<cmt>Spremberg, Sellessen; L 52 Bühlower Str.,Parkplatz am Radweg Bühlow-Sellessen rechts</cmt>
		<desc>Spremberg, Sellessen; L 52 Bühlower Str.,Parkplatz am Radweg Bühlow-Sellessen rechts</desc>
		<src>LB Forst Brandenburg</src>
	</wpt>
	<wpt lat="51.601516745765593" lon="13.459104814384929">
		<name>1788</name>
		<cmt>Schönborn; L 60 Schönborn-Richtung Tröbitz, Siedlung Eichwald, Ortsausgang Abzweig rechts</cmt>
		<desc>Schönborn; L 60 Schönborn-Richtung Tröbitz, Siedlung Eichwald, Ortsausgang Abzweig rechts</desc>
		<src>LB Forst Brandenburg</src>
	</wpt>
	<wpt lat="51.611716354594222" lon="14.71722329325341">
		<name>2414</name>
		<cmt>Jerischke; K 7101 , Waldparkplatz am Abzweig zum Ortsteil Pusack</cmt>
		<desc>Jerischke; K 7101 , Waldparkplatz am Abzweig zum Ortsteil Pusack</desc>
		<src>LB Forst Brandenburg</src>
	</wpt>
	<wpt lat="51.619859804851799" lon="14.267350899615714">
		<name>2524</name>
		<cmt>Drebkau; Laubag-Straße Nord, Abzweig Papproth</cmt>
		<desc>Drebkau; Laubag-Straße Nord, Abzweig Papproth</desc>
		<src>LB Forst Brandenburg</src>
	</wpt>
	<wpt lat="51.614003202610867" lon="13.425754068385276">
		<name>1842</name>
		<cmt>Tröbitz; Kreuzung Radweg Torgauer Straße/ Tröbitz -Prießen</cmt>
		<desc>Tröbitz; Kreuzung Radweg Torgauer Straße/ Tröbitz -Prießen</desc>
		<src>LB Forst Brandenburg</src>
	</wpt>
	<wpt lat="51.625489180774956" lon="14.362720127013153">
		<name>2458</name>
		<cmt>Spremberg; B 97,Spremberg- Cottbus unter Hochspannungsleitung, links Höhe Stausee</cmt>
		<desc>Spremberg; B 97,Spremberg- Cottbus unter Hochspannungsleitung, links Höhe Stausee</desc>
		<src>LB Forst Brandenburg</src>
	</wpt>
	<wpt lat="51.626251057222817" lon="14.215952688895506">
		<name>2536</name>
		<cmt>Drebkau, Steinitz; Bushaltestelle Steinitz</cmt>
		<desc>Drebkau, Steinitz; Bushaltestelle Steinitz</desc>
		<src>LB Forst Brandenburg</src>
	</wpt>
	<wpt lat="51.635715013008685" lon="14.305080896784597">
		<name>2448</name>
		<cmt>Spremberg; L52 Spremberg -Drebkau, Aussichtspnkt Buckwitzberg Parkplatz</cmt>
		<desc>Spremberg; L52 Spremberg -Drebkau, Aussichtspnkt Buckwitzberg Parkplatz</desc>
		<src>LB Forst Brandenburg</src>
	</wpt>
	<wpt lat="51.671455517498487" lon="14.17206639344132">
		<name>2537</name>
		<cmt>Drebkau; L52 Drebkau- Casel Waldparkplatz hinter der ehem. Bahnüberführung an der Illmersdorf Kippe</cmt>
		<desc>Drebkau; L52 Drebkau- Casel Waldparkplatz hinter der ehem. Bahnüberführung an der Illmersdorf Kippe</desc>
		<src>LB Forst Brandenburg</src>
	</wpt>
	<wpt lat="51.671075520029866" lon="14.108096256019959">
		<name>2455</name>
		<cmt>Drebkau, Göritz; Greifenhainer Str. 2,Gaststätte Ortseingang</cmt>
		<desc>Drebkau, Göritz; Greifenhainer Str. 2,Gaststätte Ortseingang</desc>
		<src>LB Forst Brandenburg</src>
	</wpt>
	<wpt lat="51.678294532577539" lon="14.307037519974793">
		<name>2456</name>
		<cmt>Drebkau, Olsnig; Ortseingang Oelssnig ,aus Richtung Auras</cmt>
		<desc>Drebkau, Olsnig; Ortseingang Oelssnig ,aus Richtung Auras</desc>
		<src>LB Forst Brandenburg</src>
	</wpt>
	<wpt lat="51.680996894720472" lon="14.152153293747734">
		<name>2453</name>
		<cmt>Drebkau; L52 Drebkau- Casel, Parkplatz Restloch Casel</cmt>
		<desc>Drebkau; L52 Drebkau- Casel, Parkplatz Restloch Casel</desc>
		<src>LB Forst Brandenburg</src>
	</wpt>
	<wpt lat="51.687188495136425" lon="14.133278513977851">
		<name>2454</name>
		<cmt>Drebkau; L52 Drebkau- Casel, Buswendeplatz Ortseingang Casel</cmt>
		<desc>Drebkau; L52 Drebkau- Casel, Buswendeplatz Ortseingang Casel</desc>
		<src>LB Forst Brandenburg</src>
	</wpt>
	<wpt lat="51.693154930209332" lon="14.172367985155772">
		<name>2457</name>
		<cmt>Drebkau, Illmersdorf; Dorfstr.1,Forsthaus Grubert</cmt>
		<desc>Drebkau, Illmersdorf; Dorfstr.1,Forsthaus Grubert</desc>
		<src>LB Forst Brandenburg</src>
	</wpt>
	<wpt lat="51.694827340718334" lon="14.256710604362137">
		<name>2483</name>
		<cmt>Drebkau, Leuthen; Bahnhof</cmt>
		<desc>Drebkau, Leuthen; Bahnhof</desc>
		<src>LB Forst Brandenburg</src>
	</wpt>
	<wpt lat="51.694590622034234" lon="14.169962417364436">
		<name>2548</name>
		<cmt>Illmersdorf; Wiese hinter Forstscheune</cmt>
		<desc>Illmersdorf; Wiese hinter Forstscheune</desc>
		<src>LB Forst Brandenburg</src>
	</wpt>
	<wpt lat="51.698313851175335" lon="14.389711931705284">
		<name>2460</name>
		<cmt>Neuhausen, Frauendorf; Radweg n. Neuhausen</cmt>
		<desc>Neuhausen, Frauendorf; Radweg n. Neuhausen</desc>
		<src>LB Forst Brandenburg</src>
	</wpt>
	<wpt lat="51.703151843619452" lon="13.413361573064622">
		<name>1875</name>
		<cmt>Schlieben, Frankenhain; Parkplatz, Frankenhain Nr. 4</cmt>
		<desc>Schlieben, Frankenhain; Parkplatz, Frankenhain Nr. 4</desc>
		<src>LB Forst Brandenburg</src>
	</wpt>
	<wpt lat="51.725089337434468" lon="13.693400301003708">
		<name>1880</name>
		<cmt>Sonnewalde, Gahro; L56, Firma Galle</cmt>
		<desc>Sonnewalde, Gahro; L56, Firma Galle</desc>
		<src>LB Forst Brandenburg</src>
	</wpt>
	<wpt lat="51.746141716490058" lon="14.352678127566723">
		<name>2462</name>
		<cmt>Cottbus, Branitz; Parkplatz am Tierpark</cmt>
		<desc>Cottbus, Branitz; Parkplatz am Tierpark</desc>
		<src>LB Forst Brandenburg</src>
	</wpt>
	<wpt lat="51.74028945844335" lon="13.16739451523539">
		<name>1793</name>
		<cmt>Herzberg, Arnsnesta; K 6248, Ortlslage Kriegsdenkmal an der Elsterbrücke</cmt>
		<desc>Herzberg, Arnsnesta; K 6248, Ortlslage Kriegsdenkmal an der Elsterbrücke</desc>
		<src>LB Forst Brandenburg</src>
	</wpt>
	<wpt lat="51.754520206727079" lon="13.577794017465717">
		<name>2335</name>
		<cmt>Schwarzenburg; K6132 Ortsverbindungsstraße Schwarzenburg-Wehnsdorf, Einfahrt Alte Poststraße</cmt>
		<desc>Schwarzenburg; K6132 Ortsverbindungsstraße Schwarzenburg-Wehnsdorf, Einfahrt Alte Poststraße</desc>
		<src>LB Forst Brandenburg</src>
	</wpt>
	<wpt lat="51.784059657816954" lon="13.401339631654309">
		<name>1884</name>
		<cmt>Lebusa, Freileben; Waldstr. / Lärcheneck / Sportanlage</cmt>
		<desc>Lebusa, Freileben; Waldstr. / Lärcheneck / Sportanlage</desc>
		<src>LB Forst Brandenburg</src>
	</wpt>
	<wpt lat="51.799924950803842" lon="14.4573838471147">
		<name>2444</name>
		<cmt>Teichland; Parkplatz Hochkippe, L473 nach Neuendorf</cmt>
		<desc>Teichland; Parkplatz Hochkippe, L473 nach Neuendorf</desc>
		<src>LB Forst Brandenburg</src>
	</wpt>
	<wpt lat="51.877947042370614" lon="14.066717771297647">
		<name>2318</name>
		<cmt>Burg; Gaststätte Pohlenzschaenke, Pohlenzweg</cmt>
		<desc>Burg; Gaststätte Pohlenzschaenke, Pohlenzweg</desc>
		<src>LB Forst Brandenburg</src>
	</wpt>
	<wpt lat="51.890591740083671" lon="14.32262398124892">
		<name>2481</name>
		<cmt>Drachhausen; Kirche</cmt>
		<desc>Drachhausen; Kirche</desc>
		<src>LB Forst Brandenburg</src>
	</wpt>
	<wpt lat="51.87845065532521" lon="13.082012984319576">
		<name>2234</name>
		<cmt>Niedergörsdorf, Zellendorf; Borgisdorfer Straße, nach Linda ab südlichen Bahnübergang 1,6 Km auf Waldweg bis Waldrand</cmt>
		<desc>Niedergörsdorf, Zellendorf; Borgisdorfer Straße, nach Linda ab südlichen Bahnübergang 1,6 Km auf Waldweg bis Waldrand</desc>
		<src>LB Forst Brandenburg</src>
	</wpt>
	<wpt lat="51.88000028449467" lon="13.054446672031373">
		<name>2233</name>
		<cmt>Niedergörsdorf, Zellendorf; L 715 - Dorfstraße, von Zellendorf nach Mügeln - vom südl. Bahnübergang 1,5 Km am Waldrand</cmt>
		<desc>Niedergörsdorf, Zellendorf; L 715 - Dorfstraße, von Zellendorf nach Mügeln - vom südl. Bahnübergang 1,5 Km am Waldrand</desc>
		<src>LB Forst Brandenburg</src>
	</wpt>
	<wpt lat="51.900248694408553" lon="13.815082742108251">
		<name>2383</name>
		<cmt>Duben, Kaden; von B87/A 13 Abfahrt Duben nach Ortslage Kaden abfahren RP rechte Seite am Waldrand RP</cmt>
		<desc>Duben, Kaden; von B87/A 13 Abfahrt Duben nach Ortslage Kaden abfahren RP rechte Seite am Waldrand RP</desc>
		<src>LB Forst Brandenburg</src>
	</wpt>
	<wpt lat="51.898469660436319" lon="13.552632606210231">
		<name>2340</name>
		<cmt>Dahmetal, Wildau-Wentdorf; Bushaltestelle Wildau-Wentdorf</cmt>
		<desc>Dahmetal, Wildau-Wentdorf; Bushaltestelle Wildau-Wentdorf</desc>
		<src>LB Forst Brandenburg</src>
	</wpt>
	<wpt lat="51.896865294392214" lon="13.215978168073706">
		<name>2387</name>
		<cmt>Niederer Fläming, Reinsdorf; L 714, 750 m nach Ortsausgang am Abzweig  Richtung Flugplatz</cmt>
		<desc>Niederer Fläming, Reinsdorf; L 714, 750 m nach Ortsausgang am Abzweig  Richtung Flugplatz</desc>
		<src>LB Forst Brandenburg</src>
	</wpt>
	<wpt lat="51.909911160089749" lon="13.894591039452397">
		<name>2362</name>
		<cmt>Lübben, Ellerborn; B115 Richtung Lübbenau, Forsthaus links</cmt>
		<desc>Lübben, Ellerborn; B115 Richtung Lübbenau, Forsthaus links</desc>
		<src>LB Forst Brandenburg</src>
	</wpt>
	<wpt lat="51.901959653982935" lon="13.062561212845937">
		<name>2231</name>
		<cmt>Niedergörsdorf, Zellendorf; Flugplatz Zellendorf</cmt>
		<desc>Niedergörsdorf, Zellendorf; Flugplatz Zellendorf</desc>
		<src>LB Forst Brandenburg</src>
	</wpt>
	<wpt lat="51.905108552457847" lon="13.025068960733249">
		<name>2279</name>
		<cmt>Niedergörsdor, Oehna; L811 Oehna - Mügeln, Ortsausgang Richtung Mügeln ca. 2,5 Km bis Waldrand</cmt>
		<desc>Niedergörsdor, Oehna; L811 Oehna - Mügeln, Ortsausgang Richtung Mügeln ca. 2,5 Km bis Waldrand</desc>
		<src>LB Forst Brandenburg</src>
	</wpt>
	<wpt lat="51.921003506454895" lon="14.348009144319215">
		<name>2478</name>
		<cmt>Peitz-Lieberose; B 168/D-Gestell linke Seite am Funkturm</cmt>
		<desc>Peitz-Lieberose; B 168/D-Gestell linke Seite am Funkturm</desc>
		<src>LB Forst Brandenburg</src>
	</wpt>
	<wpt lat="51.916187033875289" lon="13.60318694888347">
		<name>2332</name>
		<cmt>Drahnsdorf, Krossen; K6138 Ortsverbindungsstraße Krossen-Kümmritz, Schranke zum NSG Krossener Busch</cmt>
		<desc>Drahnsdorf, Krossen; K6138 Ortsverbindungsstraße Krossen-Kümmritz, Schranke zum NSG Krossener Busch</desc>
		<src>LB Forst Brandenburg</src>
	</wpt>
	<wpt lat="51.928300174745779" lon="14.518947263573265">
		<name>2441</name>
		<cmt>Spree Neiße, Bärenklau; L 50 Bushaltestelle WS-Kleinsee;</cmt>
		<desc>Spree Neiße, Bärenklau; L 50 Bushaltestelle WS-Kleinsee;</desc>
		<src>LB Forst Brandenburg</src>
	</wpt>
	<wpt lat="51.91958049780316" lon="13.087060312364887">
		<name>2232</name>
		<cmt>Niedergörsdorf, Langenlipsdorf; K7210 - Dorfstraße, Ortseingang von Bochow kommend</cmt>
		<desc>Niedergörsdorf, Langenlipsdorf; K7210 - Dorfstraße, Ortseingang von Bochow kommend</desc>
		<src>LB Forst Brandenburg</src>
	</wpt>
	<wpt lat="51.925612934937348" lon="13.334489673836263">
		<name>2393</name>
		<cmt>Niederer Fläming, Heinsdorf; Hauptstr., Feuerwehr</cmt>
		<desc>Niederer Fläming, Heinsdorf; Hauptstr., Feuerwehr</desc>
		<src>LB Forst Brandenburg</src>
	</wpt>
	<wpt lat="51.939524486262933" lon="14.410674813448688">
		<name>2559</name>
		<cmt>nördlich Solarpark Lieberose; nördlich Solarpark;alte Rollbahn</cmt>
		<desc>nördlich Solarpark Lieberose; nördlich Solarpark;alte Rollbahn</desc>
		<src>LB Forst Brandenburg</src>
	</wpt>
	<wpt lat="51.92718276019032" lon="13.032506644815687">
		<name>2277</name>
		<cmt>Niedergörsdorf, Oehna; L811 Mügelner Straße, Ortsausgang Richtung Mügeln</cmt>
		<desc>Niedergörsdorf, Oehna; L811 Mügelner Straße, Ortsausgang Richtung Mügeln</desc>
		<src>LB Forst Brandenburg</src>
	</wpt>
	<wpt lat="51.94333157549859" lon="13.989354877599949">
		<name>2221</name>
		<cmt>Radensdorf; Radensdorfer Hauptstr. 42, Gaststätte an der B320</cmt>
		<desc>Radensdorf; Radensdorfer Hauptstr. 42, Gaststätte an der B320</desc>
		<src>LB Forst Brandenburg</src>
	</wpt>
	<wpt lat="51.951403431221927" lon="14.610078982686559">
		<name>2515</name>
		<cmt>Schenkendöbern; Parktasche an der B 320</cmt>
		<desc>Schenkendöbern; Parktasche an der B 320</desc>
		<src>LB Forst Brandenburg</src>
	</wpt>
	<wpt lat="51.946644106847572" lon="13.846313444475905">
		<name>2212</name>
		<cmt>Lübben, Klein Lubolz; Lübben Richtung BAB 13, auf der B 115, Abzweig Treppendorf</cmt>
		<desc>Lübben, Klein Lubolz; Lübben Richtung BAB 13, auf der B 115, Abzweig Treppendorf</desc>
		<src>LB Forst Brandenburg</src>
	</wpt>
	<wpt lat="51.96403540547076" lon="13.932606397207966">
		<name>2213</name>
		<cmt>Lübben, Börnichen; L 42  Börnichen Nr. 6, Waldschule "Zum Specht"</cmt>
		<desc>Lübben, Börnichen; L 42  Börnichen Nr. 6, Waldschule "Zum Specht"</desc>
		<src>LB Forst Brandenburg</src>
	</wpt>
	<wpt lat="51.974347864890966" lon="14.629113205019436">
		<name>2528</name>
		<cmt>Schenkendöbern, Grano; Dorfplatz</cmt>
		<desc>Schenkendöbern, Grano; Dorfplatz</desc>
		<src>LB Forst Brandenburg</src>
	</wpt>
	<wpt lat="51.980303376973858" lon="14.297261604498475">
		<name>2497</name>
		<cmt>Lieberose, Lieberose; B 320 Kreisel, Abfahrt Kl. Liebitz</cmt>
		<desc>Lieberose, Lieberose; B 320 Kreisel, Abfahrt Kl. Liebitz</desc>
		<src>LB Forst Brandenburg</src>
	</wpt>
	<wpt lat="51.997541080786696" lon="14.621950646613387">
		<name>2561</name>
		<cmt>Schenkendöbern, Lauschütz; L 46, südwestlich vom Ortseingang Lauschütz</cmt>
		<desc>Schenkendöbern, Lauschütz; L 46, südwestlich vom Ortseingang Lauschütz</desc>
		<src>LB Forst Brandenburg</src>
	</wpt>
	<wpt lat="51.995890936411776" lon="13.782672314974679">
		<name>2218</name>
		<cmt>Schönwald, Schönwalde; 200 m nach Ortsausgang Schönwalde, Richtung Krausnick auf der L 71</cmt>
		<desc>Schönwald, Schönwalde; 200 m nach Ortsausgang Schönwalde, Richtung Krausnick auf der L 71</desc>
		<src>LB Forst Brandenburg</src>
	</wpt>
	<wpt lat="52.00560546257902" lon="14.588355773390981">
		<name>2517</name>
		<cmt>Schenkendöbern, Gr. Drewitz; Kastanienstr., Kastanienhof</cmt>
		<desc>Schenkendöbern, Gr. Drewitz; Kastanienstr., Kastanienhof</desc>
		<src>LB Forst Brandenburg</src>
	</wpt>
	<wpt lat="51.990469645442204" lon="13.008490174516536">
		<name>2224</name>
		<cmt>Niedergörsdorf, Dennewitz; Ortsverbindungsstraße Niedergörsdorf-Neues Lager, Bahnübergang</cmt>
		<desc>Niedergörsdorf, Dennewitz; Ortsverbindungsstraße Niedergörsdorf-Neues Lager, Bahnübergang</desc>
		<src>LB Forst Brandenburg</src>
	</wpt>
	<wpt lat="52.013636364406267" lon="13.834865364726875">
		<name>2220</name>
		<cmt>Krausnick/Groß Wasserburg, Krausnick; Meierei 1, Alte Oberförsterei</cmt>
		<desc>Krausnick/Groß Wasserburg, Krausnick; Meierei 1, Alte Oberförsterei</desc>
		<src>LB Forst Brandenburg</src>
	</wpt>
	<wpt lat="52.030468400619512" lon="14.467816585936047">
		<name>2492</name>
		<cmt>Reicherskreuz; 50m hinterm Ortsschild Richtung L43</cmt>
		<desc>Reicherskreuz; 50m hinterm Ortsschild Richtung L43</desc>
		<src>LB Forst Brandenburg</src>
	</wpt>
	<wpt lat="52.021284950971562" lon="13.318629238809509">
		<name>2244</name>
		<cmt>Nuthe-Urstromtal, Stülpe; 2 km entfernt von Stülpe (Kreuzung Magistrale), L 70 Stülpe-Ließen</cmt>
		<desc>Nuthe-Urstromtal, Stülpe; 2 km entfernt von Stülpe (Kreuzung Magistrale), L 70 Stülpe-Ließen</desc>
		<src>LB Forst Brandenburg</src>
	</wpt>
	<wpt lat="52.015550636258531" lon="12.6146617781821">
		<name>2112</name>
		<cmt>Rabenstein, Klein Marzehns; Garreyer Weg</cmt>
		<desc>Rabenstein, Klein Marzehns; Garreyer Weg</desc>
		<src>LB Forst Brandenburg</src>
	</wpt>
	<wpt lat="52.015211235284433" lon="12.583451963134612">
		<name>2145</name>
		<cmt>Rabenstein, Groß Marzehns; L831, Autobahnauffahrt BAB 9 Klein Marzehns</cmt>
		<desc>Rabenstein, Groß Marzehns; L831, Autobahnauffahrt BAB 9 Klein Marzehns</desc>
		<src>LB Forst Brandenburg</src>
	</wpt>
	<wpt lat="52.040760546261986" lon="14.181672690383424">
		<name>2323</name>
		<cmt>Schwielochsee, Zaue; Zauer Dorfstr. 11,  Gasthaus Zernia</cmt>
		<desc>Schwielochsee, Zaue; Zauer Dorfstr. 11,  Gasthaus Zernia</desc>
		<src>LB Forst Brandenburg</src>
	</wpt>
	<wpt lat="52.034976496062022" lon="12.945823035571605">
		<name>2092</name>
		<cmt>Treuenbrietzen, Tiefenbrunnen; B 102 Rasthaus Tiefenbrunnen</cmt>
		<desc>Treuenbrietzen, Tiefenbrunnen; B 102 Rasthaus Tiefenbrunnen</desc>
		<src>LB Forst Brandenburg</src>
	</wpt>
	<wpt lat="52.028593792005175" lon="12.440143756897507">
		<name>2248</name>
		<cmt>Wiesenburg; Setzsteig Ortsmitte</cmt>
		<desc>Wiesenburg; Setzsteig Ortsmitte</desc>
		<src>LB Forst Brandenburg</src>
	</wpt>
	<wpt lat="52.032785570025816" lon="12.551520626788298">
		<name>2305</name>
		<cmt>Wiesenburg, Klepzig; Alte Försterei Zehrensdorf</cmt>
		<desc>Wiesenburg, Klepzig; Alte Försterei Zehrensdorf</desc>
		<src>LB Forst Brandenburg</src>
	</wpt>
	<wpt lat="52.041607142248992" lon="12.867099982331249">
		<name>2098</name>
		<cmt>Treuenbrietzen, Lüdendorf; nördlich vom Friedhof</cmt>
		<desc>Treuenbrietzen, Lüdendorf; nördlich vom Friedhof</desc>
		<src>LB Forst Brandenburg</src>
	</wpt>
	<wpt lat="52.048607623114144" lon="13.277936565801037">
		<name>2354</name>
		<cmt>Nuthe-Urstromtal, Holbeck; Eichenallee (L73) an der Feuerwehr</cmt>
		<desc>Nuthe-Urstromtal, Holbeck; Eichenallee (L73) an der Feuerwehr</desc>
		<src>LB Forst Brandenburg</src>
	</wpt>
	<wpt lat="52.048876493795092" lon="12.942900899176925">
		<name>2093</name>
		<cmt>Treuenbrietzen, Klausdorf; Kreuzung Ortsmitte</cmt>
		<desc>Treuenbrietzen, Klausdorf; Kreuzung Ortsmitte</desc>
		<src>LB Forst Brandenburg</src>
	</wpt>
	<wpt lat="52.073102163247931" lon="14.45006251723216">
		<name>2577</name>
		<cmt>Grunow-Dammendorf, Dammendorf; L 43; Waldeinfahrt am Rähdensee</cmt>
		<desc>Grunow-Dammendorf, Dammendorf; L 43; Waldeinfahrt am Rähdensee</desc>
		<src>LB Forst Brandenburg</src>
	</wpt>
	<wpt lat="52.073626656356033" lon="14.402456187679366">
		<name>2618</name>
		<cmt>Chossewitz; L 43, Abzweig  K 6710</cmt>
		<desc>Chossewitz; L 43, Abzweig  K 6710</desc>
		<src>LB Forst Brandenburg</src>
	</wpt>
	<wpt lat="52.087482150023774" lon="14.356014489780831">
		<name>2619</name>
		<cmt>Weichensdorf; L43, Bahnübergang</cmt>
		<desc>Weichensdorf; L43, Bahnübergang</desc>
		<src>LB Forst Brandenburg</src>
	</wpt>
	<wpt lat="52.074205857190719" lon="12.934857467855704">
		<name>2095</name>
		<cmt>Treuenbrietzen, Bardenitz; Ortsausgang nach Treuenbrietzen</cmt>
		<desc>Treuenbrietzen, Bardenitz; Ortsausgang nach Treuenbrietzen</desc>
		<src>LB Forst Brandenburg</src>
	</wpt>
	<wpt lat="52.090042578976004" lon="14.137447542776838">
		<name>1096</name>
		<cmt>Trebatsch, Rocher; Dorfmitte</cmt>
		<desc>Trebatsch, Rocher; Dorfmitte</desc>
		<src>LB Forst Brandenburg</src>
	</wpt>
	<wpt lat="52.071410153553614" lon="12.700229631487547">
		<name>2107</name>
		<cmt>Stadt Niemegk; Waldstraße Schule</cmt>
		<desc>Stadt Niemegk; Waldstraße Schule</desc>
		<src>LB Forst Brandenburg</src>
	</wpt>
	<wpt lat="52.076343028506244" lon="12.865125366769471">
		<name>2094</name>
		<cmt>Treuenbrietzen; Steinmühlenstraße Forsthaus Neue Hufen</cmt>
		<desc>Treuenbrietzen; Steinmühlenstraße Forsthaus Neue Hufen</desc>
		<src>LB Forst Brandenburg</src>
	</wpt>
	<wpt lat="52.089197736465046" lon="13.32646463734231">
		<name>1056</name>
		<cmt>Kummersdorf Gut; L70 Str. nach Luckenwalde, Richtung; Schönefeld, Kurve Abzweig Gottow</cmt>
		<desc>Kummersdorf Gut; L70 Str. nach Luckenwalde, Richtung; Schönefeld, Kurve Abzweig Gottow</desc>
		<src>LB Forst Brandenburg</src>
	</wpt>
	<wpt lat="52.095041538581569" lon="13.406461805637775">
		<name>2775</name>
		<cmt>Baruth/Mark, Horstwalde; Verwaltungsgebäude BAM (gesperrtes Waldgebiet)</cmt>
		<desc>Baruth/Mark, Horstwalde; Verwaltungsgebäude BAM (gesperrtes Waldgebiet)</desc>
		<src>LB Forst Brandenburg</src>
	</wpt>
	<wpt lat="52.080553817796812" lon="12.499724231445677">
		<name>2308</name>
		<cmt>Wiesenburg, Welsigke; Alte Försterei Welsigke</cmt>
		<desc>Wiesenburg, Welsigke; Alte Försterei Welsigke</desc>
		<src>LB Forst Brandenburg</src>
	</wpt>
	<wpt lat="52.108031733288506" lon="14.462411813221481">
		<name>2578</name>
		<cmt>Grunow-Dammendorf, Dammendorf; An Jacobseer Pflasterstraße, Abzweig zur Kieselwitzer Mühle</cmt>
		<desc>Grunow-Dammendorf, Dammendorf; An Jacobseer Pflasterstraße, Abzweig zur Kieselwitzer Mühle</desc>
		<src>LB Forst Brandenburg</src>
	</wpt>
	<wpt lat="52.107383246825918" lon="14.122334429566381">
		<name>1099</name>
		<cmt>Briescht; Dorfstrasse, am Feuerwehrhaus</cmt>
		<desc>Briescht; Dorfstrasse, am Feuerwehrhaus</desc>
		<src>LB Forst Brandenburg</src>
	</wpt>
	<wpt lat="52.110906874544128" lon="14.425146250782142">
		<name>2613</name>
		<cmt>Chossewitz, Jankemühle; Oberförsterei</cmt>
		<desc>Chossewitz, Jankemühle; Oberförsterei</desc>
		<src>LB Forst Brandenburg</src>
	</wpt>
	<wpt lat="52.091730738825923" lon="12.701824866337304">
		<name>2302</name>
		<cmt>Stadt Niemegk; Industriegebiet,Altdorfer Weg- Einfahrt Wald</cmt>
		<desc>Stadt Niemegk; Industriegebiet,Altdorfer Weg- Einfahrt Wald</desc>
		<src>LB Forst Brandenburg</src>
	</wpt>
	<wpt lat="52.105545678925978" lon="13.376579287927324">
		<name>1057</name>
		<cmt>Kummersdorf Gut; Sportplatz</cmt>
		<desc>Kummersdorf Gut; Sportplatz</desc>
		<src>LB Forst Brandenburg</src>
	</wpt>
	<wpt lat="52.11435290726358" lon="13.584518919357494">
		<name>1175</name>
		<cmt>Teupitz, Neuendorf; Dornswalder Staße, Stromleitungstrasse</cmt>
		<desc>Teupitz, Neuendorf; Dornswalder Staße, Stromleitungstrasse</desc>
		<src>LB Forst Brandenburg</src>
	</wpt>
	<wpt lat="52.115205443029325" lon="13.525259986560016">
		<name>1151</name>
		<cmt>Zossen, Zesch am See; Am Dorfplatz 11, Oberförsterei</cmt>
		<desc>Zossen, Zesch am See; Am Dorfplatz 11, Oberförsterei</desc>
		<src>LB Forst Brandenburg</src>
	</wpt>
	<wpt lat="52.127172098818185" lon="14.495088007551574">
		<name>2597</name>
		<cmt>Schlaubetal, Bremsdorf; Waldbeginn an der Straße nach Kieselwitz</cmt>
		<desc>Schlaubetal, Bremsdorf; Waldbeginn an der Straße nach Kieselwitz</desc>
		<src>LB Forst Brandenburg</src>
	</wpt>
	<wpt lat="52.120215014918948" lon="13.483924177665163">
		<name>1152</name>
		<cmt>Zossen, Lindenbrück; Wünsdorf B96,Richtung Baruth, am Gehöft</cmt>
		<desc>Zossen, Lindenbrück; Wünsdorf B96,Richtung Baruth, am Gehöft</desc>
		<src>LB Forst Brandenburg</src>
	</wpt>
	<wpt lat="52.111015069332574" lon="12.881168871084073">
		<name>2106</name>
		<cmt>Treuenbrietzen; Schlalacher Straße Revierfoersterei Treuenbrietzen</cmt>
		<desc>Treuenbrietzen; Schlalacher Straße Revierfoersterei Treuenbrietzen</desc>
		<src>LB Forst Brandenburg</src>
	</wpt>
	<wpt lat="52.119158294875191" lon="13.394362495309531">
		<name>1053</name>
		<cmt>Fernneuendorf; Dorfstr., Friedhof</cmt>
		<desc>Fernneuendorf; Dorfstr., Friedhof</desc>
		<src>LB Forst Brandenburg</src>
	</wpt>
	<wpt lat="52.131226118417878" lon="14.324526800312995">
		<name>2626</name>
		<cmt>Reudnitz; K 6714, Kirche-Dorfmitte</cmt>
		<desc>Reudnitz; K 6714, Kirche-Dorfmitte</desc>
		<src>LB Forst Brandenburg</src>
	</wpt>
	<wpt lat="52.137988094363216" lon="13.980229183378638">
		<name>1253</name>
		<cmt>Storkow, Schwenow; K 6726 ,  Wald-Rastplatz am Blocksberg</cmt>
		<desc>Storkow, Schwenow; K 6726 ,  Wald-Rastplatz am Blocksberg</desc>
		<src>LB Forst Brandenburg</src>
	</wpt>
	<wpt lat="52.144383773481124" lon="14.546498386348039">
		<name>2586</name>
		<cmt>Fünfeichen; B 246,Ortseingang von Eisenhüttenstadt kommend links, am ehemaligen Feuerwachturm</cmt>
		<desc>Fünfeichen; B 246,Ortseingang von Eisenhüttenstadt kommend links, am ehemaligen Feuerwachturm</desc>
		<src>LB Forst Brandenburg</src>
	</wpt>
	<wpt lat="52.144939206069793" lon="14.381064057554225">
		<name>2593</name>
		<cmt>Grunow-Dammendorf, Grunow; Waldeinfahrt an der Ölsener Mühle</cmt>
		<desc>Grunow-Dammendorf, Grunow; Waldeinfahrt an der Ölsener Mühle</desc>
		<src>LB Forst Brandenburg</src>
	</wpt>
	<wpt lat="52.140776172038166" lon="13.359438618541057">
		<name>1059</name>
		<cmt>Am Mellensee, Sperenberg; Puschkinstr., am Bahnübergang Grundschule Sperenberg</cmt>
		<desc>Am Mellensee, Sperenberg; Puschkinstr., am Bahnübergang Grundschule Sperenberg</desc>
		<src>LB Forst Brandenburg</src>
	</wpt>
	<wpt lat="52.149667299206726" lon="14.091619565775131">
		<name>1111</name>
		<cmt>Görsdorf; Straße des Friedens; Feuerwehr</cmt>
		<desc>Görsdorf; Straße des Friedens; Feuerwehr</desc>
		<src>LB Forst Brandenburg</src>
	</wpt>
	<wpt lat="52.139400908779592" lon="13.120507601784253">
		<name>2405</name>
		<cmt>Nuthe-Urstromtal, Berkenbrück; Str.n. Luckenwalde L73,Parkplatz Gaststätte</cmt>
		<desc>Nuthe-Urstromtal, Berkenbrück; Str.n. Luckenwalde L73,Parkplatz Gaststätte</desc>
		<src>LB Forst Brandenburg</src>
	</wpt>
	<wpt lat="52.151381336081428" lon="13.884062792721691">
		<name>1117</name>
		<cmt>Storkow, Groß Eichholz; Kolonie Nr.3; Forsthaus</cmt>
		<desc>Storkow, Groß Eichholz; Kolonie Nr.3; Forsthaus</desc>
		<src>LB Forst Brandenburg</src>
	</wpt>
	<wpt lat="52.159692197772628" lon="14.014310817073881">
		<name>1254</name>
		<cmt>Storkow, Limsdorf; L42 Dorfstraße,  am Feuerwehrhaus</cmt>
		<desc>Storkow, Limsdorf; L42 Dorfstraße,  am Feuerwehrhaus</desc>
		<src>LB Forst Brandenburg</src>
	</wpt>
	<wpt lat="52.17025302586741" lon="14.598492071292215">
		<name>2582</name>
		<cmt>Eisenhüttenstadt; Eisenhüttenstadt; ESSO-Tankstelle (an der B112)</cmt>
		<desc>Eisenhüttenstadt; Eisenhüttenstadt; ESSO-Tankstelle (an der B112)</desc>
		<src>LB Forst Brandenburg</src>
	</wpt>
	<wpt lat="52.14734775381352" lon="12.573650911352003">
		<name>2739</name>
		<cmt>Belzig; Forstweg 8, Forst Belzig</cmt>
		<desc>Belzig; Forstweg 8, Forst Belzig</desc>
		<src>LB Forst Brandenburg</src>
	</wpt>
	<wpt lat="52.165530256804985" lon="13.545753939690846">
		<name>1154</name>
		<cmt>Mittenwalde, Töpchin; L74 Wünsdorfer Str, Kreisgrenze</cmt>
		<desc>Mittenwalde, Töpchin; L74 Wünsdorfer Str, Kreisgrenze</desc>
		<src>LB Forst Brandenburg</src>
	</wpt>
	<wpt lat="52.165455019908826" lon="13.326130340475592">
		<name>1054</name>
		<cmt>Am Mellensee, Alexanderdorf; L70 Klosterstr., Richtung Trebbin, Ortsausgang am  Kloster</cmt>
		<desc>Am Mellensee, Alexanderdorf; L70 Klosterstr., Richtung Trebbin, Ortsausgang am  Kloster</desc>
		<src>LB Forst Brandenburg</src>
	</wpt>
	<wpt lat="52.171719230391865" lon="13.101119164284761">
		<name>2298</name>
		<cmt>Nuthe-Urstromtal, Hennickendorf; Am Funkturm, Stangenhagener Straße ca. 250m Ortsausgang</cmt>
		<desc>Nuthe-Urstromtal, Hennickendorf; Am Funkturm, Stangenhagener Straße ca. 250m Ortsausgang</desc>
		<src>LB Forst Brandenburg</src>
	</wpt>
	<wpt lat="52.164991884957914" lon="12.722471154379042">
		<name>2170</name>
		<cmt>Brück, Gömnigk; B246, Abfahrt Trebitzer Weg</cmt>
		<desc>Brück, Gömnigk; B246, Abfahrt Trebitzer Weg</desc>
		<src>LB Forst Brandenburg</src>
	</wpt>
	<wpt lat="52.175549004792273" lon="13.237581346177803">
		<name>1016</name>
		<cmt>Trebbin, Wiesenhagen; Platz der Jugend</cmt>
		<desc>Trebbin, Wiesenhagen; Platz der Jugend</desc>
		<src>LB Forst Brandenburg</src>
	</wpt>
	<wpt lat="52.18736824845741" lon="14.428968006295417">
		<name>2608</name>
		<cmt>Mixdorf,  Kupferhammer; K 6718, Waldeinfahrt Kupferhammer</cmt>
		<desc>Mixdorf,  Kupferhammer; K 6718, Waldeinfahrt Kupferhammer</desc>
		<src>LB Forst Brandenburg</src>
	</wpt>
	<wpt lat="52.178098037345357" lon="13.214814338321151">
		<name>1018</name>
		<cmt>Trebbin, Kliestow; gegenüber Zelle Nr.8</cmt>
		<desc>Trebbin, Kliestow; gegenüber Zelle Nr.8</desc>
		<src>LB Forst Brandenburg</src>
	</wpt>
	<wpt lat="52.181238160975887" lon="12.975884003413686">
		<name>2125</name>
		<cmt>Beelitz, Wittbrietzen; Ortsmitte, Riebner Straße, an der Freiwilligen Feuerwehr</cmt>
		<desc>Beelitz, Wittbrietzen; Ortsmitte, Riebner Straße, an der Freiwilligen Feuerwehr</desc>
		<src>LB Forst Brandenburg</src>
	</wpt>
	<wpt lat="52.197656486065398" lon="14.30010661688253">
		<name>1130</name>
		<cmt>Ragow; B87, Gewerbepark 1, BLV Landmaschinenvertrieb</cmt>
		<desc>Ragow; B87, Gewerbepark 1, BLV Landmaschinenvertrieb</desc>
		<src>LB Forst Brandenburg</src>
	</wpt>
	<wpt lat="52.188953450080902" lon="13.323942240546584">
		<name>1045</name>
		<cmt>Gadsdorf; Dorfstr., Dorfplatz</cmt>
		<desc>Gadsdorf; Dorfstr., Dorfplatz</desc>
		<src>LB Forst Brandenburg</src>
	</wpt>
	<wpt lat="52.191010402355623" lon="13.038951788740139">
		<name>2121</name>
		<cmt>Beelitz, Rieben; L 73, An der Kirche</cmt>
		<desc>Beelitz, Rieben; L 73, An der Kirche</desc>
		<src>LB Forst Brandenburg</src>
	</wpt>
	<wpt lat="52.194453367196132" lon="13.243648733287335">
		<name>1037</name>
		<cmt>Trebbin, Klein Schulzendorf; Feuerwehr Klein Schulzendorf</cmt>
		<desc>Trebbin, Klein Schulzendorf; Feuerwehr Klein Schulzendorf</desc>
		<src>LB Forst Brandenburg</src>
	</wpt>
	<wpt lat="52.185728035805269" lon="12.615882072708905">
		<name>2207</name>
		<cmt>Bad Belzig, Lütte; B 102, Abzweig Rothebach</cmt>
		<desc>Bad Belzig, Lütte; B 102, Abzweig Rothebach</desc>
		<src>LB Forst Brandenburg</src>
	</wpt>
	<wpt lat="52.199996680686517" lon="13.20945869044537">
		<name>1019</name>
		<cmt>Trebbin, Kliestow; Feuerewehr Kliestow</cmt>
		<desc>Trebbin, Kliestow; Feuerewehr Kliestow</desc>
		<src>LB Forst Brandenburg</src>
	</wpt>
	<wpt lat="52.213590208836941" lon="14.412400291773031">
		<name>2671</name>
		<cmt>Mixdorf; Waldbeginn an der L 435</cmt>
		<desc>Mixdorf; Waldbeginn an der L 435</desc>
		<src>LB Forst Brandenburg</src>
	</wpt>
	<wpt lat="52.215306770658124" lon="14.449883455804601">
		<name>2639</name>
		<cmt>Müllrose, Kallinenberg; Alte Försterei Kallinberg; L37, Bushaltestelle</cmt>
		<desc>Müllrose, Kallinenberg; Alte Försterei Kallinberg; L37, Bushaltestelle</desc>
		<src>LB Forst Brandenburg</src>
	</wpt>
	<wpt lat="52.202797889371311" lon="12.957500906741217">
		<name>2122</name>
		<cmt>Beelitz, Elsholz; B 2, Höhe Elsholz Abzweig zur Fettschmelze</cmt>
		<desc>Beelitz, Elsholz; B 2, Höhe Elsholz Abzweig zur Fettschmelze</desc>
		<src>LB Forst Brandenburg</src>
	</wpt>
	<wpt lat="52.215113129624946" lon="13.873283121038749">
		<name>1123</name>
		<cmt>Storkow, Selchow; Dorfstraße Gaststätte</cmt>
		<desc>Storkow, Selchow; Dorfstraße Gaststätte</desc>
		<src>LB Forst Brandenburg</src>
	</wpt>
	<wpt lat="52.199693013289206" lon="12.605909071448014">
		<name>2210</name>
		<cmt>Bad Belzig, Lütte; B 102, Lütte Ortsmitte Abfahrt Lindenstraße</cmt>
		<desc>Bad Belzig, Lütte; B 102, Lütte Ortsmitte Abfahrt Lindenstraße</desc>
		<src>LB Forst Brandenburg</src>
	</wpt>
	<wpt lat="52.209928181794417" lon="13.098741499601434">
		<name>1024</name>
		<cmt>Trebbin, Stangenhagen; Gemeindehaus Stangenhagen</cmt>
		<desc>Trebbin, Stangenhagen; Gemeindehaus Stangenhagen</desc>
		<src>LB Forst Brandenburg</src>
	</wpt>
	<wpt lat="52.21314166227782" lon="13.25509271814882">
		<name>1022</name>
		<cmt>Trebbin, Klein Schulzendorf; B 246, Abzweig Wirtschaftsweg vor Auffahrt B101 in Richtung Zossen</cmt>
		<desc>Trebbin, Klein Schulzendorf; B 246, Abzweig Wirtschaftsweg vor Auffahrt B101 in Richtung Zossen</desc>
		<src>LB Forst Brandenburg</src>
	</wpt>
	<wpt lat="52.226022026978711" lon="14.371307468496747">
		<name>2646</name>
		<cmt>Müllrose; Wendeplatz vor dem Gut Zeisigberg</cmt>
		<desc>Müllrose; Wendeplatz vor dem Gut Zeisigberg</desc>
		<src>LB Forst Brandenburg</src>
	</wpt>
	<wpt lat="52.206969212912696" lon="12.786691030386935">
		<name>2171</name>
		<cmt>Brück; B246, Brück Ausbau,Abfahrt Bundeswehr</cmt>
		<desc>Brück; B246, Brück Ausbau,Abfahrt Bundeswehr</desc>
		<src>LB Forst Brandenburg</src>
	</wpt>
	<wpt lat="52.215854965760727" lon="13.300321534116405">
		<name>1035</name>
		<cmt>Trebbin, Christinendorf; B246,Abzweig Gadsdorf</cmt>
		<desc>Trebbin, Christinendorf; B246,Abzweig Gadsdorf</desc>
		<src>LB Forst Brandenburg</src>
	</wpt>
	<wpt lat="52.213636118424148" lon="13.145762608199181">
		<name>1023</name>
		<cmt>Trebbin, Schönhagen; Feuerwehr Schönhagen</cmt>
		<desc>Trebbin, Schönhagen; Feuerwehr Schönhagen</desc>
		<src>LB Forst Brandenburg</src>
	</wpt>
	<wpt lat="52.227240100868862" lon="14.176030706163212">
		<name>1107</name>
		<cmt>Rietz-Neuendorf; Einfahrt Gemeinde Amt Rietz-Neuendorf</cmt>
		<desc>Rietz-Neuendorf; Einfahrt Gemeinde Amt Rietz-Neuendorf</desc>
		<src>LB Forst Brandenburg</src>
	</wpt>
	<wpt lat="52.216866996972534" lon="13.201513272596028">
		<name>1020</name>
		<cmt>Trebbin, Löwendorf; Ahrensd. Str., Bushaltestelle Einmündung in B246 Beelitzer Str.</cmt>
		<desc>Trebbin, Löwendorf; Ahrensd. Str., Bushaltestelle Einmündung in B246 Beelitzer Str.</desc>
		<src>LB Forst Brandenburg</src>
	</wpt>
	<wpt lat="52.218657823884875" lon="13.21819787261126">
		<name>1038</name>
		<cmt>Trebbin; Feuerwehr Trebbin</cmt>
		<desc>Trebbin; Feuerwehr Trebbin</desc>
		<src>LB Forst Brandenburg</src>
	</wpt>
	<wpt lat="52.231155292612364" lon="14.430314121499967">
		<name>2678</name>
		<cmt>Müllrose,; Bahnübergang Wustrow an L 37</cmt>
		<desc>Müllrose,; Bahnübergang Wustrow an L 37</desc>
		<src>LB Forst Brandenburg</src>
	</wpt>
	<wpt lat="52.231784497506105" lon="14.057634265769893">
		<name>1141</name>
		<cmt>Diensdorf- Radlow, Radlow; L35 Radlow Dorf, Bushaltestelle</cmt>
		<desc>Diensdorf- Radlow, Radlow; L35 Radlow Dorf, Bushaltestelle</desc>
		<src>LB Forst Brandenburg</src>
	</wpt>
	<wpt lat="52.222727844511844" lon="13.176894924712043">
		<name>1021</name>
		<cmt>Trebbin, Löwendorf; B 246 Priedel, Blankenseer Weg, gegeüber Waldrestaurant</cmt>
		<desc>Trebbin, Löwendorf; B 246 Priedel, Blankenseer Weg, gegeüber Waldrestaurant</desc>
		<src>LB Forst Brandenburg</src>
	</wpt>
	<wpt lat="52.221131738786731" lon="12.921542829033298">
		<name>2172</name>
		<cmt>Beelitz, Reesdorf; B246, Reesdorfer Dorfstr.32, vor dem Dorfgemeinschaftshaus und der Feuerwehr</cmt>
		<desc>Beelitz, Reesdorf; B246, Reesdorfer Dorfstr.32, vor dem Dorfgemeinschaftshaus und der Feuerwehr</desc>
		<src>LB Forst Brandenburg</src>
	</wpt>
	<wpt lat="52.22077856264734" lon="12.588427288965173">
		<name>2254</name>
		<cmt>Bad Belzig, Dippmannsdorf; Gaststätte Paradies, Am Sportplatz 10</cmt>
		<desc>Bad Belzig, Dippmannsdorf; Gaststätte Paradies, Am Sportplatz 10</desc>
		<src>LB Forst Brandenburg</src>
	</wpt>
	<wpt lat="52.243190561467877" lon="14.436980555545093">
		<name>2637</name>
		<cmt>Müllrose; Obf.Müllrose Kirchsteig 3</cmt>
		<desc>Müllrose; Obf.Müllrose Kirchsteig 3</desc>
		<src>LB Forst Brandenburg</src>
	</wpt>
	<wpt lat="52.233483574008098" lon="13.136588827229479">
		<name>1025</name>
		<cmt>Trebbin, Blankensee; Ruhemannweg, Parkplatz Schule</cmt>
		<desc>Trebbin, Blankensee; Ruhemannweg, Parkplatz Schule</desc>
		<src>LB Forst Brandenburg</src>
	</wpt>
	<wpt lat="52.240438505646594" lon="13.168077089101489">
		<name>1026</name>
		<cmt>Trebbin, Glau; Feuerwehr Glau</cmt>
		<desc>Trebbin, Glau; Feuerwehr Glau</desc>
		<src>LB Forst Brandenburg</src>
	</wpt>
	<wpt lat="52.242774841772068" lon="13.292771914290212">
		<name>1039</name>
		<cmt>Trebbin, Märkisch Wilmersdorf; Feuerwehr Märk. Wilmersdorf, Alte Parkstr.</cmt>
		<desc>Trebbin, Märkisch Wilmersdorf; Feuerwehr Märk. Wilmersdorf, Alte Parkstr.</desc>
		<src>LB Forst Brandenburg</src>
	</wpt>
	<wpt lat="52.258416819260482" lon="14.422782620424035">
		<name>2647</name>
		<cmt>Müllrose; Jugendwaldheim, Hohenwalder Weg 33</cmt>
		<desc>Müllrose; Jugendwaldheim, Hohenwalder Weg 33</desc>
		<src>LB Forst Brandenburg</src>
	</wpt>
	<wpt lat="52.244367236598492" lon="12.949224522972285">
		<name>2193</name>
		<cmt>Beelitz; L88, Straße nach Fichtenwalde, Einfahrt zur Siedlung am Kiefernwald</cmt>
		<desc>Beelitz; L88, Straße nach Fichtenwalde, Einfahrt zur Siedlung am Kiefernwald</desc>
		<src>LB Forst Brandenburg</src>
	</wpt>
	<wpt lat="52.24696923242346" lon="13.081124412629194">
		<name>2126</name>
		<cmt>Michendorf, Stücken; L 73, von Fresdorf 200 m nach Ortseingang rechts Parkplatz</cmt>
		<desc>Michendorf, Stücken; L 73, von Fresdorf 200 m nach Ortseingang rechts Parkplatz</desc>
		<src>LB Forst Brandenburg</src>
	</wpt>
	<wpt lat="52.252504984720183" lon="13.239117802115995">
		<name>1005</name>
		<cmt>Trebbin, Thyrow; Feuerwehr Thyrow</cmt>
		<desc>Trebbin, Thyrow; Feuerwehr Thyrow</desc>
		<src>LB Forst Brandenburg</src>
	</wpt>
	<wpt lat="52.678434458381474" lon="12.244346780233482">
		<name>1616</name>
		<cmt>Havelaue, Parey; Kirche  Parey</cmt>
		<desc>Havelaue, Parey; Kirche  Parey</desc>
		<src>LB Forst Brandenburg</src>
	</wpt>
	<wpt lat="52.264404785398838" lon="14.366351636574326">
		<name>2645</name>
		<cmt>Müllrose, Biegenbrück; K 6720, Einfahrt Grenzweg</cmt>
		<desc>Müllrose, Biegenbrück; K 6720, Einfahrt Grenzweg</desc>
		<src>LB Forst Brandenburg</src>
	</wpt>
	<wpt lat="52.260748639187895" lon="13.73713413415833">
		<name>1201</name>
		<cmt>Heidesee, Gussow; Straße Am Strandbad- am Sportplatz</cmt>
		<desc>Heidesee, Gussow; Straße Am Strandbad- am Sportplatz</desc>
		<src>LB Forst Brandenburg</src>
	</wpt>
	<wpt lat="52.251726182199093" lon="12.986554559089601">
		<name>2206</name>
		<cmt>Beelitz; B2, Abzweig Kähnsdorfer Weg, Parkplatz am Spargelhof Jakobs</cmt>
		<desc>Beelitz; B2, Abzweig Kähnsdorfer Weg, Parkplatz am Spargelhof Jakobs</desc>
		<src>LB Forst Brandenburg</src>
	</wpt>
	<wpt lat="52.255723017946025" lon="13.1614252561911">
		<name>1028</name>
		<cmt>Ludwigsfelde, Mietgendorf; Feuerwehr Mietgendorf</cmt>
		<desc>Ludwigsfelde, Mietgendorf; Feuerwehr Mietgendorf</desc>
		<src>LB Forst Brandenburg</src>
	</wpt>
	<wpt lat="52.270364972207268" lon="14.391153789345246">
		<name>2825</name>
		<cmt>Müllrose, Dubrow; L37, Einfahrt Briesener Landstraße</cmt>
		<desc>Müllrose, Dubrow; L37, Einfahrt Briesener Landstraße</desc>
		<src>LB Forst Brandenburg</src>
	</wpt>
	<wpt lat="52.247353644685582" lon="12.579356133704341">
		<name>2271</name>
		<cmt>Bad Belzig,  Ragösen; Ragösen Ende Feldstrasse Feldscheune</cmt>
		<desc>Bad Belzig,  Ragösen; Ragösen Ende Feldstrasse Feldscheune</desc>
		<src>LB Forst Brandenburg</src>
	</wpt>
	<wpt lat="52.253075560323701" lon="12.835408191358965">
		<name>2146</name>
		<cmt>Borkwalde; Ernst-Thälmann-Str., Kreisverkehr</cmt>
		<desc>Borkwalde; Ernst-Thälmann-Str., Kreisverkehr</desc>
		<src>LB Forst Brandenburg</src>
	</wpt>
	<wpt lat="52.270180203855261" lon="14.161975834684105">
		<name>1138</name>
		<cmt>Pfaffendorf; B168 Pfaffendorfer Chaussee, OA Richtung Fürstenwalde</cmt>
		<desc>Pfaffendorf; B168 Pfaffendorfer Chaussee, OA Richtung Fürstenwalde</desc>
		<src>LB Forst Brandenburg</src>
	</wpt>
	<wpt lat="52.272324538247986" lon="14.447858127386251">
		<name>2821</name>
		<cmt>Frankfurt (Oder), Siedlung Junkerfeld; Informationstafel Hauptstraße Junkerfeld</cmt>
		<desc>Frankfurt (Oder), Siedlung Junkerfeld; Informationstafel Hauptstraße Junkerfeld</desc>
		<src>LB Forst Brandenburg</src>
	</wpt>
	<wpt lat="52.26208051576576" lon="13.204323607979809">
		<name>1006</name>
		<cmt>Trebbin, Großbeuthen; gegenüber Schäferei Großbeuthen</cmt>
		<desc>Trebbin, Großbeuthen; gegenüber Schäferei Großbeuthen</desc>
		<src>LB Forst Brandenburg</src>
	</wpt>
	<wpt lat="52.263903493839372" lon="13.263964602051313">
		<name>1036</name>
		<cmt>Ludwigsfelde, Kerzendorf; Brücke neue B101</cmt>
		<desc>Ludwigsfelde, Kerzendorf; Brücke neue B101</desc>
		<src>LB Forst Brandenburg</src>
	</wpt>
	<wpt lat="52.268005884877539" lon="13.360130407377834">
		<name>1032</name>
		<cmt>Ludwigsfelde, Groß Schulzendorf; Friedhof Orstausgang Richtung Glinick</cmt>
		<desc>Ludwigsfelde, Groß Schulzendorf; Friedhof Orstausgang Richtung Glinick</desc>
		<src>LB Forst Brandenburg</src>
	</wpt>
	<wpt lat="52.279022496328814" lon="14.4998350343964">
		<name>2641</name>
		<cmt>Frankfurt (Oder), Malchow; Am Helenesee Rezeption Helenesee AG</cmt>
		<desc>Frankfurt (Oder), Malchow; Am Helenesee Rezeption Helenesee AG</desc>
		<src>LB Forst Brandenburg</src>
	</wpt>
	<wpt lat="52.271129152874359" lon="13.332611704473607">
		<name>1042</name>
		<cmt>Ludwigsfelde, Groß Schulzendorf; L 79 zwischen Wietstock und Groß Schulzendorf</cmt>
		<desc>Ludwigsfelde, Groß Schulzendorf; L 79 zwischen Wietstock und Groß Schulzendorf</desc>
		<src>LB Forst Brandenburg</src>
	</wpt>
	<wpt lat="52.273351976889295" lon="13.450609543167287">
		<name>1048</name>
		<cmt>Groß Machnow; Prahmsdorfer Straße</cmt>
		<desc>Groß Machnow; Prahmsdorfer Straße</desc>
		<src>LB Forst Brandenburg</src>
	</wpt>
	<wpt lat="52.27482697721868" lon="13.299788245834581">
		<name>1012</name>
		<cmt>Ludwigsfelde, Wietstock; L79 Kastanienallee, Waldkante Richtung Wietstock</cmt>
		<desc>Ludwigsfelde, Wietstock; L79 Kastanienallee, Waldkante Richtung Wietstock</desc>
		<src>LB Forst Brandenburg</src>
	</wpt>
	<wpt lat="52.273824905680719" lon="13.176985071931032">
		<name>1007</name>
		<cmt>Ludwigsfelde, Jütchendorf; Feuerwehr</cmt>
		<desc>Ludwigsfelde, Jütchendorf; Feuerwehr</desc>
		<src>LB Forst Brandenburg</src>
	</wpt>
	<wpt lat="52.285089628280879" lon="14.152972293011297">
		<name>1144</name>
		<cmt>Rietz- Neuendorf, Kunersdorf; Dorfstr., OA in Richtung B 168</cmt>
		<desc>Rietz- Neuendorf, Kunersdorf; Dorfstr., OA in Richtung B 168</desc>
		<src>LB Forst Brandenburg</src>
	</wpt>
	<wpt lat="52.287035618375654" lon="14.48807669724917">
		<name>2824</name>
		<cmt>Frankfurt (Oder), Markendorf; Tobias-Magirus-Straße- Parkplatz Firma Becker &amp; Armbrust</cmt>
		<desc>Frankfurt (Oder), Markendorf; Tobias-Magirus-Straße- Parkplatz Firma Becker &amp; Armbrust</desc>
		<src>LB Forst Brandenburg</src>
	</wpt>
	<wpt lat="52.283879056965318" lon="13.9435174999601">
		<name>1079</name>
		<cmt>Spreenhagen, Lebbin; Lebbiner Str., Richtung Storkow, kurz vor Lebbiner See</cmt>
		<desc>Spreenhagen, Lebbin; Lebbiner Str., Richtung Storkow, kurz vor Lebbiner See</desc>
		<src>LB Forst Brandenburg</src>
	</wpt>
	<wpt lat="52.270988267995726" lon="12.898184240902889">
		<name>2127</name>
		<cmt>Beelitz, Fichtenwalde; L 88, Ortseingang Fichtenwalde von Beelitz kommend</cmt>
		<desc>Beelitz, Fichtenwalde; L 88, Ortseingang Fichtenwalde von Beelitz kommend</desc>
		<src>LB Forst Brandenburg</src>
	</wpt>
	<wpt lat="52.27453942389652" lon="13.003360298602493">
		<name>2128</name>
		<cmt>Seddiner See, Seddin; B 2, Gasthof "Jägerhof"</cmt>
		<desc>Seddiner See, Seddin; B 2, Gasthof "Jägerhof"</desc>
		<src>LB Forst Brandenburg</src>
	</wpt>
	<wpt lat="52.289278324807732" lon="14.143639575988779">
		<name>1146</name>
		<cmt>Alt-Golm; B168, Einfahrt Kiesgrube</cmt>
		<desc>Alt-Golm; B168, Einfahrt Kiesgrube</desc>
		<src>LB Forst Brandenburg</src>
	</wpt>
	<wpt lat="52.290417873360333" lon="14.23032153342362">
		<name>1142</name>
		<cmt>Rietz- Neuendorf, Drahendorf; K6728 Am Spreeufer, Buswendeschleife vor der Brücke</cmt>
		<desc>Rietz- Neuendorf, Drahendorf; K6728 Am Spreeufer, Buswendeschleife vor der Brücke</desc>
		<src>LB Forst Brandenburg</src>
	</wpt>
	<wpt lat="52.282169429495788" lon="13.210925353607964">
		<name>1010</name>
		<cmt>Ludwigsfelde, Siehten; Feuerwehr Siethen</cmt>
		<desc>Ludwigsfelde, Siehten; Feuerwehr Siethen</desc>
		<src>LB Forst Brandenburg</src>
	</wpt>
	<wpt lat="52.283110500078585" lon="13.184526463848243">
		<name>1009</name>
		<cmt>Ludwigsfelde, Gröben; Am Siethener See, Einfahrt Bugalowberg</cmt>
		<desc>Ludwigsfelde, Gröben; Am Siethener See, Einfahrt Bugalowberg</desc>
		<src>LB Forst Brandenburg</src>
	</wpt>
	<wpt lat="52.278124142610487" lon="12.609534125865595">
		<name>2151</name>
		<cmt>Golzow; Freiwillige Feuerwehr Golzow Brückerlandstrasse</cmt>
		<desc>Golzow; Freiwillige Feuerwehr Golzow Brückerlandstrasse</desc>
		<src>LB Forst Brandenburg</src>
	</wpt>
	<wpt lat="52.290393669138844" lon="13.259686609984664">
		<name>1014</name>
		<cmt>Ludwigsfelde; Tertianweg, Friedhof</cmt>
		<desc>Ludwigsfelde; Tertianweg, Friedhof</desc>
		<src>LB Forst Brandenburg</src>
	</wpt>
	<wpt lat="52.30091352433503" lon="14.183712655797912">
		<name>1256</name>
		<cmt>Langewahl, Streitberg; Langes Gestell, Kreuzung Abt. 2576/ 2577</cmt>
		<desc>Langewahl, Streitberg; Langes Gestell, Kreuzung Abt. 2576/ 2577</desc>
		<src>LB Forst Brandenburg</src>
	</wpt>
	<wpt lat="52.277185098220713" lon="12.411877424748594">
		<name>2054</name>
		<cmt>Glienecke; L93 Glienecke Rtg.Grüningen, Abzwg. K6946 Boecke,</cmt>
		<desc>Glienecke; L93 Glienecke Rtg.Grüningen, Abzwg. K6946 Boecke,</desc>
		<src>LB Forst Brandenburg</src>
	</wpt>
	<wpt lat="52.296778265061455" lon="13.412283510085746">
		<name>1004</name>
		<cmt>Rangsdorf; Lindenallee, Sportplatz</cmt>
		<desc>Rangsdorf; Lindenallee, Sportplatz</desc>
		<src>LB Forst Brandenburg</src>
	</wpt>
	<wpt lat="52.288777845385788" lon="12.854601713407595">
		<name>2147</name>
		<cmt>Beelitz, Klaistow; L88 Glindower Chaussee, Ecke Fichtenwalder Str.</cmt>
		<desc>Beelitz, Klaistow; L88 Glindower Chaussee, Ecke Fichtenwalder Str.</desc>
		<src>LB Forst Brandenburg</src>
	</wpt>
	<wpt lat="52.306453192817678" lon="13.9978583108752">
		<name>1084</name>
		<cmt>Rauen; L 361 Chausseestr., Richtung Kolpin 1,8 km nach Autobahnunterführung (Balkenweg)</cmt>
		<desc>Rauen; L 361 Chausseestr., Richtung Kolpin 1,8 km nach Autobahnunterführung (Balkenweg)</desc>
		<src>LB Forst Brandenburg</src>
	</wpt>
	<wpt lat="52.301966418513175" lon="13.394514965386994">
		<name>1003</name>
		<cmt>Blankenfelde- Mahlow, Jünsdorf; Lankeweg, Kompostieranlage</cmt>
		<desc>Blankenfelde- Mahlow, Jünsdorf; Lankeweg, Kompostieranlage</desc>
		<src>LB Forst Brandenburg</src>
	</wpt>
	<wpt lat="52.311678350972961" lon="13.974041144111009">
		<name>1085</name>
		<cmt>Spreenhagen, Briesenluch; Briesenluch Nr. 9, Obf. Kolpin</cmt>
		<desc>Spreenhagen, Briesenluch; Briesenluch Nr. 9, Obf. Kolpin</desc>
		<src>LB Forst Brandenburg</src>
	</wpt>
	<wpt lat="52.288494717970622" lon="12.405354227298865">
		<name>2487</name>
		<cmt>Wenzlow, Boecke; K6946 Boecke Rtg. L93, Kreuzung Gasleitung,</cmt>
		<desc>Wenzlow, Boecke; K6946 Boecke Rtg. L93, Kreuzung Gasleitung,</desc>
		<src>LB Forst Brandenburg</src>
	</wpt>
	<wpt lat="52.30422746077052" lon="13.230462490378075">
		<name>1013</name>
		<cmt>Ludwigsfelde; Ende Neckarstraße</cmt>
		<desc>Ludwigsfelde; Ende Neckarstraße</desc>
		<src>LB Forst Brandenburg</src>
	</wpt>
	<wpt lat="52.313765984184968" lon="14.005501508502865">
		<name>1083</name>
		<cmt>Spreenhagen, Rauen; L 361 Chausseestr., Richtung Kolpin 850 m nach Autobahnunterführung (Eichendreieck)</cmt>
		<desc>Spreenhagen, Rauen; L 361 Chausseestr., Richtung Kolpin 850 m nach Autobahnunterführung (Eichendreieck)</desc>
		<src>LB Forst Brandenburg</src>
	</wpt>
	<wpt lat="52.304229054261" lon="12.970313579800683">
		<name>2129</name>
		<cmt>Schwielowsee, Ferch; Oberförsterei Ferch, Am Bahnhof Lienewitz 2</cmt>
		<desc>Schwielowsee, Ferch; Oberförsterei Ferch, Am Bahnhof Lienewitz 2</desc>
		<src>LB Forst Brandenburg</src>
	</wpt>
	<wpt lat="52.311296717895118" lon="13.258648233106022">
		<name>1000</name>
		<cmt>Ludwigsfelde; Krankenhaus, Notaufnahme</cmt>
		<desc>Ludwigsfelde; Krankenhaus, Notaufnahme</desc>
		<src>LB Forst Brandenburg</src>
	</wpt>
	<wpt lat="52.318506614481294" lon="13.767156136739432">
		<name>1215</name>
		<cmt>Heidesee, Frierichshof; Friedrichshof; K6153 in Richtung Dannenreich, Ortsausgang</cmt>
		<desc>Heidesee, Frierichshof; Friedrichshof; K6153 in Richtung Dannenreich, Ortsausgang</desc>
		<src>LB Forst Brandenburg</src>
	</wpt>
	<wpt lat="52.301024614824378" lon="12.579659869131815">
		<name>2085</name>
		<cmt>Golzow, Grüneiche; Strasse zwischen Grüneiche und Krahne Abfahrt zur Agra Genossenschaft Golzow</cmt>
		<desc>Golzow, Grüneiche; Strasse zwischen Grüneiche und Krahne Abfahrt zur Agra Genossenschaft Golzow</desc>
		<src>LB Forst Brandenburg</src>
	</wpt>
	<wpt lat="52.325124052017863" lon="14.346648961584046">
		<name>2660</name>
		<cmt>Jacobsdorf; L 37, Gewerbegebiet</cmt>
		<desc>Jacobsdorf; L 37, Gewerbegebiet</desc>
		<src>LB Forst Brandenburg</src>
	</wpt>
	<wpt lat="52.316717838712577" lon="13.387989355196915">
		<name>1002</name>
		<cmt>Blankenfelde; Trebbiner Damm, Milchviehanlage</cmt>
		<desc>Blankenfelde; Trebbiner Damm, Milchviehanlage</desc>
		<src>LB Forst Brandenburg</src>
	</wpt>
	<wpt lat="52.3167346789986" lon="13.199888494719126">
		<name>1015</name>
		<cmt>Ludwigsfelde, Ahrensdorf; Feuerwehr Ahrensdorf</cmt>
		<desc>Ludwigsfelde, Ahrensdorf; Feuerwehr Ahrensdorf</desc>
		<src>LB Forst Brandenburg</src>
	</wpt>
	<wpt lat="52.335844792566704" lon="14.382771388891454">
		<name>2658</name>
		<cmt>Pillgram; K 6739,Jacobsdorfer Str., nördlich Bahnübergang</cmt>
		<desc>Pillgram; K 6739,Jacobsdorfer Str., nördlich Bahnübergang</desc>
		<src>LB Forst Brandenburg</src>
	</wpt>
	<wpt lat="52.321640922774627" lon="13.03510086617228">
		<name>2184</name>
		<cmt>Michendorf, Michendorf; Potsdamer Straße, OA Michendorf Richtung Potsdam Höhe Abfahrt B─KO</cmt>
		<desc>Michendorf, Michendorf; Potsdamer Straße, OA Michendorf Richtung Potsdam Höhe Abfahrt B─KO</desc>
		<src>LB Forst Brandenburg</src>
	</wpt>
	<wpt lat="52.339158128082872" lon="14.251491011004054">
		<name>2655</name>
		<cmt>Briesen (Mark); Kersdorfer Mühle, Kurve Richtung Überführung A12,</cmt>
		<desc>Briesen (Mark); Kersdorfer Mühle, Kurve Richtung Überführung A12,</desc>
		<src>LB Forst Brandenburg</src>
	</wpt>
	<wpt lat="52.335864481171697" lon="13.792854977615706">
		<name>2823</name>
		<cmt>Spreenhagen, Hartmannsdorf; Deupo-Straße Kreuzung Gasleitung</cmt>
		<desc>Spreenhagen, Hartmannsdorf; Deupo-Straße Kreuzung Gasleitung</desc>
		<src>LB Forst Brandenburg</src>
	</wpt>
	<wpt lat="52.323654488995309" lon="12.901210364253021">
		<name>2131</name>
		<cmt>Schwielowsee, Ferch; Ortsverbindungsstraße Ferch-Kammerode,K6907 Bushaltestelle Kammerode</cmt>
		<desc>Schwielowsee, Ferch; Ortsverbindungsstraße Ferch-Kammerode,K6907 Bushaltestelle Kammerode</desc>
		<src>LB Forst Brandenburg</src>
	</wpt>
	<wpt lat="52.331523353793017" lon="13.300429835724447">
		<name>1008</name>
		<cmt>Ludwigsfelde, Genshagen; B 101 alt, Waldparkplatz Genshagener Busch</cmt>
		<desc>Ludwigsfelde, Genshagen; B 101 alt, Waldparkplatz Genshagener Busch</desc>
		<src>LB Forst Brandenburg</src>
	</wpt>
	<wpt lat="52.156314135442798" lon="14.31779545028655">
		<name>2627</name>
		<cmt>Krügersdorf; B 246, Bushaltestelle</cmt>
		<desc>Krügersdorf; B 246, Bushaltestelle</desc>
		<src>LB Forst Brandenburg</src>
	</wpt>
	<wpt lat="52.340412534294401" lon="13.796253840426985">
		<name>1216</name>
		<cmt>Spreenhage, Hartmannsdorf; Hartmannsdorf; Triebsch 1, Försterei Triebsch</cmt>
		<desc>Spreenhage, Hartmannsdorf; Hartmannsdorf; Triebsch 1, Försterei Triebsch</desc>
		<src>LB Forst Brandenburg</src>
	</wpt>
	<wpt lat="52.329209767673703" lon="12.966571274594187">
		<name>2130</name>
		<cmt>Schwielowsee, Caputh; Ortsverbindungsstraße Ferch-Caputh, Bushaltestelle Flottstelle</cmt>
		<desc>Schwielowsee, Caputh; Ortsverbindungsstraße Ferch-Caputh, Bushaltestelle Flottstelle</desc>
		<src>LB Forst Brandenburg</src>
	</wpt>
	<wpt lat="52.348492764126242" lon="14.468991813955018">
		<name>2818</name>
		<cmt>Frankfurt (Oder); Parkplatz Wildpark am Stadtwald</cmt>
		<desc>Frankfurt (Oder); Parkplatz Wildpark am Stadtwald</desc>
		<src>LB Forst Brandenburg</src>
	</wpt>
	<wpt lat="52.349156993948419" lon="14.283670777660364">
		<name>2819</name>
		<cmt>Briesen (Mark); Frankfurter Str. 7, Oberförsterei Briesen</cmt>
		<desc>Briesen (Mark); Frankfurter Str. 7, Oberförsterei Briesen</desc>
		<src>LB Forst Brandenburg</src>
	</wpt>
	<wpt lat="52.335185234225705" lon="13.017499364029401">
		<name>2185</name>
		<cmt>Michendorf, Wilhelmshorst; Caputher Chaussee, zwischen Michendorf und Caputh Höhe Wasser- und Freileitungstrasse</cmt>
		<desc>Michendorf, Wilhelmshorst; Caputher Chaussee, zwischen Michendorf und Caputh Höhe Wasser- und Freileitungstrasse</desc>
		<src>LB Forst Brandenburg</src>
	</wpt>
	<wpt lat="52.336826146152298" lon="13.073554763032922">
		<name>2187</name>
		<cmt>Michendorf, Wilhelmshorst; An den Bergen, Gasstation 200 m im Wald in Verlängerung "An den Bergen"</cmt>
		<desc>Michendorf, Wilhelmshorst; An den Bergen, Gasstation 200 m im Wald in Verlängerung "An den Bergen"</desc>
		<src>LB Forst Brandenburg</src>
	</wpt>
	<wpt lat="52.357014601053429" lon="14.164926911235113">
		<name>2667</name>
		<cmt>Berkenbrück; L 38, südlich Bahnhof, Waldeinfahrt</cmt>
		<desc>Berkenbrück; L 38, südlich Bahnhof, Waldeinfahrt</desc>
		<src>LB Forst Brandenburg</src>
	</wpt>
	<wpt lat="52.346351973234881" lon="13.151876800403036">
		<name>2188</name>
		<cmt>Nuthetal, Nudow; Trebbiner Straße, Forsthaus Nudow/Ahrensdorf</cmt>
		<desc>Nuthetal, Nudow; Trebbiner Straße, Forsthaus Nudow/Ahrensdorf</desc>
		<src>LB Forst Brandenburg</src>
	</wpt>
	<wpt lat="52.354362493628415" lon="13.758800604405206">
		<name>1219</name>
		<cmt>Spreenhagen, Neu Zittau; L39 in Richtg. Oder-Spree-Kanal, 3400 m Unterführg A10</cmt>
		<desc>Spreenhagen, Neu Zittau; L39 in Richtg. Oder-Spree-Kanal, 3400 m Unterführg A10</desc>
		<src>LB Forst Brandenburg</src>
	</wpt>
	<wpt lat="52.338973622029151" lon="12.438995944114138">
		<name>2059</name>
		<cmt>Brandenburg, Mahlenzien; Ortsverbindungsweg Mahlenzien-Kirchmöser, Abzweig Wilhelmsdorf/Malge, 950 m nördlich von Mahlenzien</cmt>
		<desc>Brandenburg, Mahlenzien; Ortsverbindungsweg Mahlenzien-Kirchmöser, Abzweig Wilhelmsdorf/Malge, 950 m nördlich von Mahlenzien</desc>
		<src>LB Forst Brandenburg</src>
	</wpt>
	<wpt lat="52.355165945355296" lon="13.04363269129013">
		<name>2186</name>
		<cmt>Potsdam, Potsdam; B 2 Michendorfer Chaussee, Parkplatz Nesselgrundbrücke</cmt>
		<desc>Potsdam, Potsdam; B 2 Michendorfer Chaussee, Parkplatz Nesselgrundbrücke</desc>
		<src>LB Forst Brandenburg</src>
	</wpt>
	<wpt lat="52.356863658295339" lon="13.089147526841257">
		<name>2194</name>
		<cmt>Potsdam, Waldstadt; Caputher Heuweg, Waldeinfahrt von Waldstadt II in den Caputher Heuweg</cmt>
		<desc>Potsdam, Waldstadt; Caputher Heuweg, Waldeinfahrt von Waldstadt II in den Caputher Heuweg</desc>
		<src>LB Forst Brandenburg</src>
	</wpt>
	<wpt lat="52.361477908761131" lon="13.34456774707879">
		<name>1001</name>
		<cmt>Großbeeren, Kleinbeeren; Mahlower Weg, Waldkante</cmt>
		<desc>Großbeeren, Kleinbeeren; Mahlower Weg, Waldkante</desc>
		<src>LB Forst Brandenburg</src>
	</wpt>
	<wpt lat="52.347676845250753" lon="12.500873332152029">
		<name>2062</name>
		<cmt>Brandenburg, Wilhelmsdorf; L 93,   Abzweig Neue Mühle</cmt>
		<desc>Brandenburg, Wilhelmsdorf; L 93,   Abzweig Neue Mühle</desc>
		<src>LB Forst Brandenburg</src>
	</wpt>
	<wpt lat="52.373018388403381" lon="13.786339034876521">
		<name>1218</name>
		<cmt>Spreenhagen, Steinfurth; Steinfurt 1 ; Buswendeschleife Steinfurt</cmt>
		<desc>Spreenhagen, Steinfurth; Steinfurt 1 ; Buswendeschleife Steinfurt</desc>
		<src>LB Forst Brandenburg</src>
	</wpt>
	<wpt lat="52.365770993204393" lon="13.009371462411236">
		<name>2201</name>
		<cmt>Potsdam, Pirscheide; An der Pirschheide 40, Parkplatz vor Hotel Seminaris</cmt>
		<desc>Potsdam, Pirscheide; An der Pirschheide 40, Parkplatz vor Hotel Seminaris</desc>
		<src>LB Forst Brandenburg</src>
	</wpt>
	<wpt lat="52.369051004374008" lon="13.164915236426957">
		<name>2190</name>
		<cmt>Stahnsdorf, Güterfelde; Priesterweg, Gewerbehof Priesterweg</cmt>
		<desc>Stahnsdorf, Güterfelde; Priesterweg, Gewerbehof Priesterweg</desc>
		<src>LB Forst Brandenburg</src>
	</wpt>
	<wpt lat="52.37035376802573" lon="13.088178121647589">
		<name>2192</name>
		<cmt>Potsdam, Potsdam; Heinrich-Mann-Allee 93a, Liegenschaft Oberförsterei Potsdam</cmt>
		<desc>Potsdam, Potsdam; Heinrich-Mann-Allee 93a, Liegenschaft Oberförsterei Potsdam</desc>
		<src>LB Forst Brandenburg</src>
	</wpt>
	<wpt lat="52.368873404367342" lon="12.993225147499761">
		<name>2200</name>
		<cmt>Potsdam, Wildpark; B 1 Zeppelinstraße, Forsthaus Südtor zwischen Potsdam und Geltow</cmt>
		<desc>Potsdam, Wildpark; B 1 Zeppelinstraße, Forsthaus Südtor zwischen Potsdam und Geltow</desc>
		<src>LB Forst Brandenburg</src>
	</wpt>
	<wpt lat="52.359029337732743" lon="12.468020219983417">
		<name>2061</name>
		<cmt>Brandenburg, Wilhelmsdorf; Heerstraße Richtung Kirchmöser/Mahlenzien, Parkplatz Buckaubrücke, ca 3,0 km nach Ortsausgang</cmt>
		<desc>Brandenburg, Wilhelmsdorf; Heerstraße Richtung Kirchmöser/Mahlenzien, Parkplatz Buckaubrücke, ca 3,0 km nach Ortsausgang</desc>
		<src>LB Forst Brandenburg</src>
	</wpt>
	<wpt lat="52.37008070583029" lon="13.048334292054191">
		<name>2195</name>
		<cmt>Potsdam, Templiner Vorstadt; B 2 Michendorfer Chaussee, Waldeinfahrt gegenüber Kriegsgräberstätte</cmt>
		<desc>Potsdam, Templiner Vorstadt; B 2 Michendorfer Chaussee, Waldeinfahrt gegenüber Kriegsgräberstätte</desc>
		<src>LB Forst Brandenburg</src>
	</wpt>
	<wpt lat="52.384647882277442" lon="14.238281238257855">
		<name>2657</name>
		<cmt>Falkenberg; K 6735, ehem. Bündelbude (Einfahrt Alvensleben)</cmt>
		<desc>Falkenberg; K 6735, ehem. Bündelbude (Einfahrt Alvensleben)</desc>
		<src>LB Forst Brandenburg</src>
	</wpt>
	<wpt lat="52.380876829448631" lon="13.768795612301124">
		<name>1220</name>
		<cmt>Spreenhagen, Burig; Straße nach Steinfurt, Ortsausgang</cmt>
		<desc>Spreenhagen, Burig; Straße nach Steinfurt, Ortsausgang</desc>
		<src>LB Forst Brandenburg</src>
	</wpt>
	<wpt lat="52.359953124003809" lon="12.436350730859976">
		<name>2060</name>
		<cmt>Brandenburg, Kirchmöser; Ortsverbindungsweg Kirchmöser-Mahlenzien, Parkplatz Fauler See, 900 m süd-östl. vom Ortsausgangsschild Kirchmöser</cmt>
		<desc>Brandenburg, Kirchmöser; Ortsverbindungsweg Kirchmöser-Mahlenzien, Parkplatz Fauler See, 900 m süd-östl. vom Ortsausgangsschild Kirchmöser</desc>
		<src>LB Forst Brandenburg</src>
	</wpt>
	<wpt lat="52.386433587508691" lon="14.1066257397987">
		<name>2669</name>
		<cmt>Neuendorf im Sande; L 36, Sportplatz</cmt>
		<desc>Neuendorf im Sande; L 36, Sportplatz</desc>
		<src>LB Forst Brandenburg</src>
	</wpt>
	<wpt lat="52.375940439189428" lon="13.146445646992916">
		<name>2189</name>
		<cmt>Potsdam, Drewitz; Sternstraße, Platz vor dem Jagdschloss Stern</cmt>
		<desc>Potsdam, Drewitz; Sternstraße, Platz vor dem Jagdschloss Stern</desc>
		<src>LB Forst Brandenburg</src>
	</wpt>
	<wpt lat="52.37049012556286" lon="12.717756368674198">
		<name>2068</name>
		<cmt>Kloster Lehnin, Trechwitz; Schenkenberger Straße, Einfahrt Reiterhof</cmt>
		<desc>Kloster Lehnin, Trechwitz; Schenkenberger Straße, Einfahrt Reiterhof</desc>
		<src>LB Forst Brandenburg</src>
	</wpt>
	<wpt lat="52.387488840141167" lon="13.737364748592482">
		<name>1034</name>
		<cmt>Gosen-Neu Zittau; Wernsdorfer Straße , Abt.:6470</cmt>
		<desc>Gosen-Neu Zittau; Wernsdorfer Straße , Abt.:6470</desc>
		<src>LB Forst Brandenburg</src>
	</wpt>
	<wpt lat="52.380627522268725" lon="13.172592589996126">
		<name>2191</name>
		<cmt>Stahnsdorf, Güterfelde; Potsdamer Damm, Einfahrt Gruener Weg gegenüber Einfahrt Stolper Weg</cmt>
		<desc>Stahnsdorf, Güterfelde; Potsdamer Damm, Einfahrt Gruener Weg gegenüber Einfahrt Stolper Weg</desc>
		<src>LB Forst Brandenburg</src>
	</wpt>
	<wpt lat="52.381707488133586" lon="13.043856167577376">
		<name>2197</name>
		<cmt>Potsdam, Templiner Vorstadt; Templiner Straße, Waldeinfahrt gegenüber Einfahrt Hoffbauerstiftung</cmt>
		<desc>Potsdam, Templiner Vorstadt; Templiner Straße, Waldeinfahrt gegenüber Einfahrt Hoffbauerstiftung</desc>
		<src>LB Forst Brandenburg</src>
	</wpt>
	<wpt lat="52.38332434306642" lon="13.067099088335974">
		<name>2196</name>
		<cmt>Potsdam, Temliner Vorstadt; Albert-Einstein-Straße, vor Einfahrt Geoforschungszentrum</cmt>
		<desc>Potsdam, Temliner Vorstadt; Albert-Einstein-Straße, vor Einfahrt Geoforschungszentrum</desc>
		<src>LB Forst Brandenburg</src>
	</wpt>
	<wpt lat="52.39297219510194" lon="13.768621763741033">
		<name>1222</name>
		<cmt>Erkner, Hohenbinde; Gottesbrücker Weg, Buswendestelle</cmt>
		<desc>Erkner, Hohenbinde; Gottesbrücker Weg, Buswendestelle</desc>
		<src>LB Forst Brandenburg</src>
	</wpt>
	<wpt lat="52.385272191594787" lon="13.001266265969754">
		<name>2198</name>
		<cmt>Potsdam, Wildpark; Im Wildpark 2, Wildmeisterei/Waldschule</cmt>
		<desc>Potsdam, Wildpark; Im Wildpark 2, Wildmeisterei/Waldschule</desc>
		<src>LB Forst Brandenburg</src>
	</wpt>
	<wpt lat="52.397746024149825" lon="13.917700886926825">
		<name>1060</name>
		<cmt>Grünheide, Hangelsberg; L38 Berliner Damm 9, Oberförsterei</cmt>
		<desc>Grünheide, Hangelsberg; L38 Berliner Damm 9, Oberförsterei</desc>
		<src>LB Forst Brandenburg</src>
	</wpt>
	<wpt lat="52.402335991479553" lon="13.879253023146271">
		<name>1062</name>
		<cmt>Grünheide; L38, Richtung Grünheide ab OA ca. 2,3 km, rechts Klein Waller Weg</cmt>
		<desc>Grünheide; L38, Richtung Grünheide ab OA ca. 2,3 km, rechts Klein Waller Weg</desc>
		<src>LB Forst Brandenburg</src>
	</wpt>
	<wpt lat="52.387796212595632" lon="12.764646768846264">
		<name>2067</name>
		<cmt>Groß Kreutz, Bochow; L86, Einfahrt Fruchthof</cmt>
		<desc>Groß Kreutz, Bochow; L86, Einfahrt Fruchthof</desc>
		<src>LB Forst Brandenburg</src>
	</wpt>
	<wpt lat="52.405894334796741" lon="13.825537857087898">
		<name>1233</name>
		<cmt>Grünheide, Fangschleuse; L23 Chausseestr., Parkplatz Süd am Bhf. Fangschleuse</cmt>
		<desc>Grünheide, Fangschleuse; L23 Chausseestr., Parkplatz Süd am Bhf. Fangschleuse</desc>
		<src>LB Forst Brandenburg</src>
	</wpt>
	<wpt lat="52.410269420253556" lon="13.011567187980427">
		<name>2202</name>
		<cmt>Potsdam, Eiche; Lindstedter Chaussee, Höhe Schloss Lindstedt</cmt>
		<desc>Potsdam, Eiche; Lindstedter Chaussee, Höhe Schloss Lindstedt</desc>
		<src>LB Forst Brandenburg</src>
	</wpt>
	<wpt lat="52.410185110816926" lon="12.777018954758214">
		<name>2166</name>
		<cmt>Groß Kreutz; Bahnhofstraße, Bahnhof</cmt>
		<desc>Groß Kreutz; Bahnhofstraße, Bahnhof</desc>
		<src>LB Forst Brandenburg</src>
	</wpt>
	<wpt lat="52.410592010525477" lon="12.727434776708577">
		<name>2165</name>
		<cmt>Groß Kreutz, Götz; Ringstraße</cmt>
		<desc>Groß Kreutz, Götz; Ringstraße</desc>
		<src>LB Forst Brandenburg</src>
	</wpt>
	<wpt lat="52.429735473504522" lon="13.944567617423386">
		<name>1071</name>
		<cmt>Grünheide, Hangelsberg; L385 Richtung Kienbaum Waldparkplatz rechts</cmt>
		<desc>Grünheide, Hangelsberg; L385 Richtung Kienbaum Waldparkplatz rechts</desc>
		<src>LB Forst Brandenburg</src>
	</wpt>
	<wpt lat="52.416626638046154" lon="12.486940182208922">
		<name>2063</name>
		<cmt>Brandenburg; Quenzsiedlung;   B1, Abfahrt Klinikallee, Tankstelle</cmt>
		<desc>Brandenburg; Quenzsiedlung;   B1, Abfahrt Klinikallee, Tankstelle</desc>
		<src>LB Forst Brandenburg</src>
	</wpt>
	<wpt lat="52.428495129279447" lon="13.096813907964805">
		<name>2491</name>
		<cmt>Potsdam, Sacrow; Krampnitzer Straße, Ecke Fährstraße</cmt>
		<desc>Potsdam, Sacrow; Krampnitzer Straße, Ecke Fährstraße</desc>
		<src>LB Forst Brandenburg</src>
	</wpt>
	<wpt lat="52.43583837371245" lon="13.051453936914612">
		<name>2204</name>
		<cmt>Potsdam, Nedlitz; Nedlitzer Straße, Waldeinfahrt an der Ecke Amundsenstraße</cmt>
		<desc>Potsdam, Nedlitz; Nedlitzer Straße, Waldeinfahrt an der Ecke Amundsenstraße</desc>
		<src>LB Forst Brandenburg</src>
	</wpt>
	<wpt lat="52.452009024982956" lon="13.867030523865143">
		<name>1241</name>
		<cmt>Grünheide, Möllensee; L23 Abzweig L232, Herzfelder Kreuzung</cmt>
		<desc>Grünheide, Möllensee; L23 Abzweig L232, Herzfelder Kreuzung</desc>
		<src>LB Forst Brandenburg</src>
	</wpt>
	<wpt lat="52.457025968530836" lon="13.90886872735669">
		<name>1244</name>
		<cmt>Grünheide, Kagel; L232 Erknerstr., Buswendeschleife beim Weg zur Sportschule Kienbaum</cmt>
		<desc>Grünheide, Kagel; L232 Erknerstr., Buswendeschleife beim Weg zur Sportschule Kienbaum</desc>
		<src>LB Forst Brandenburg</src>
	</wpt>
	<wpt lat="52.444302039034412" lon="12.782473469908672">
		<name>2034</name>
		<cmt>Groß Kreutz, Deetz; Am Sportlerheim</cmt>
		<desc>Groß Kreutz, Deetz; Am Sportlerheim</desc>
		<src>LB Forst Brandenburg</src>
	</wpt>
	<wpt lat="52.464161316672211" lon="13.821329069422699">
		<name>2712</name>
		<cmt>Rüdersdorf; Russenlager - Forstschranke</cmt>
		<desc>Rüdersdorf; Russenlager - Forstschranke</desc>
		<src>LB Forst Brandenburg</src>
	</wpt>
	<wpt lat="52.4467316902143" lon="12.515111605492082">
		<name>2064</name>
		<cmt>Brandenburg, Butterlake; Hohenstücken; B102, Abzweig Butterlake, Schafdamm</cmt>
		<desc>Brandenburg, Butterlake; Hohenstücken; B102, Abzweig Butterlake, Schafdamm</desc>
		<src>LB Forst Brandenburg</src>
	</wpt>
	<wpt lat="52.457383507554184" lon="13.059636397561535">
		<name>2205</name>
		<cmt>Potsdam, Krampnitz; Rotkehlchenweg 5, Revierförsterei Krampnitz</cmt>
		<desc>Potsdam, Krampnitz; Rotkehlchenweg 5, Revierförsterei Krampnitz</desc>
		<src>LB Forst Brandenburg</src>
	</wpt>
	<wpt lat="52.451671983296585" lon="12.496541493184225">
		<name>2065</name>
		<cmt>Brandenburg; Altstädtische Heide;   B102, Abzweig Krahnepuhler Weg</cmt>
		<desc>Brandenburg; Altstädtische Heide;   B102, Abzweig Krahnepuhler Weg</desc>
		<src>LB Forst Brandenburg</src>
	</wpt>
	<wpt lat="52.468055992192532" lon="13.095733627857566">
		<name>2496</name>
		<cmt>Potsdam, Groß Glienicke; Potsdamerchaussee, Ecke Am Schlahn</cmt>
		<desc>Potsdam, Groß Glienicke; Potsdamerchaussee, Ecke Am Schlahn</desc>
		<src>LB Forst Brandenburg</src>
	</wpt>
	<wpt lat="52.480317189395514" lon="13.910943060302376">
		<name>2683</name>
		<cmt>Lichtenow; Kreuzung B 1/5 zur L 232, Tankstelle</cmt>
		<desc>Lichtenow; Kreuzung B 1/5 zur L 232, Tankstelle</desc>
		<src>LB Forst Brandenburg</src>
	</wpt>
	<wpt lat="52.463122966604537" lon="12.591028535971343">
		<name>2032</name>
		<cmt>Beetzseeheide, Mötzow; L911, Am Vielfruchthof</cmt>
		<desc>Beetzseeheide, Mötzow; L911, Am Vielfruchthof</desc>
		<src>LB Forst Brandenburg</src>
	</wpt>
	<wpt lat="52.488530227809363" lon="14.216098193226619">
		<name>2677</name>
		<cmt>Heinersdorf; L 36, Waldparkplatz</cmt>
		<desc>Heinersdorf; L 36, Waldparkplatz</desc>
		<src>LB Forst Brandenburg</src>
	</wpt>
	<wpt lat="52.486319567106072" lon="13.7432784">
		<name>2792</name>
		<cmt>Rüdersdorf, Grüne Linde; K 6421 Richtung B1/5, Einfahrt Vogelsdorfer Straße</cmt>
		<desc>Rüdersdorf, Grüne Linde; K 6421 Richtung B1/5, Einfahrt Vogelsdorfer Straße</desc>
		<src>LB Forst Brandenburg</src>
	</wpt>
	<wpt lat="52.484599720695535" lon="13.123834550059671">
		<name>2499</name>
		<cmt>Potsdam, Groß Glienicke; Waldsiedlung Einfahrt Behördenzentrum</cmt>
		<desc>Potsdam, Groß Glienicke; Waldsiedlung Einfahrt Behördenzentrum</desc>
		<src>LB Forst Brandenburg</src>
	</wpt>
	<wpt lat="52.492004231923204" lon="13.637876267246604">
		<name>2721</name>
		<cmt>Hoppegarten, Waldesruh; Einfahrt zum Schießplatz Diana Waldesruh</cmt>
		<desc>Hoppegarten, Waldesruh; Einfahrt zum Schießplatz Diana Waldesruh</desc>
		<src>LB Forst Brandenburg</src>
	</wpt>
	<wpt lat="52.496523902055948" lon="14.060736585758088">
		<name>2680</name>
		<cmt>Müncheberg, Bienenwerder; B1/5, Parkplatz Bienenwerder</cmt>
		<desc>Müncheberg, Bienenwerder; B1/5, Parkplatz Bienenwerder</desc>
		<src>LB Forst Brandenburg</src>
	</wpt>
	<wpt lat="52.480422454349906" lon="12.623760719932687">
		<name>2030</name>
		<cmt>Beetzseeheide, Grabow; K6941 zwischen L911 und Grabow, Einfahrt zum Lindenhof</cmt>
		<desc>Beetzseeheide, Grabow; K6941 zwischen L911 und Grabow, Einfahrt zum Lindenhof</desc>
		<src>LB Forst Brandenburg</src>
	</wpt>
	<wpt lat="52.502647828877876" lon="13.665252325446877">
		<name>2713</name>
		<cmt>Hoppegarten; Bollensdorfer Weg Parkplatz Pflanzenkölle</cmt>
		<desc>Hoppegarten; Bollensdorfer Weg Parkplatz Pflanzenkölle</desc>
		<src>LB Forst Brandenburg</src>
	</wpt>
	<wpt lat="52.510142848599713" lon="13.98625119260296">
		<name>2684</name>
		<cmt>Rehfelde, Werder; L 232, (Schäferei)</cmt>
		<desc>Rehfelde, Werder; L 232, (Schäferei)</desc>
		<src>LB Forst Brandenburg</src>
	</wpt>
	<wpt lat="52.517036952616081" lon="13.80446242720077">
		<name>2719</name>
		<cmt>Petershagen/Eggersdorf; Zwischen L303 und Waldsportplatz</cmt>
		<desc>Petershagen/Eggersdorf; Zwischen L303 und Waldsportplatz</desc>
		<src>LB Forst Brandenburg</src>
	</wpt>
	<wpt lat="52.524759848965552" lon="14.039720082009449">
		<name>2815</name>
		<cmt>Waldsieversdorf; Moorhof, Kontrollverband, Bahnübergang Rotes Luch</cmt>
		<desc>Waldsieversdorf; Moorhof, Kontrollverband, Bahnübergang Rotes Luch</desc>
		<src>LB Forst Brandenburg</src>
	</wpt>
	<wpt lat="52.527834403534456" lon="14.081354493446081">
		<name>2790</name>
		<cmt>Müncheberg, Dahmsdorf; B168, am Kesselsee</cmt>
		<desc>Müncheberg, Dahmsdorf; B168, am Kesselsee</desc>
		<src>LB Forst Brandenburg</src>
	</wpt>
	<wpt lat="52.528899779319687" lon="13.974787607421993">
		<name>2685</name>
		<cmt>Rehfelde-Garzau; K 6417, Garzau-Anitz</cmt>
		<desc>Rehfelde-Garzau; K 6417, Garzau-Anitz</desc>
		<src>LB Forst Brandenburg</src>
	</wpt>
	<wpt lat="52.530725299625075" lon="13.679871541545202">
		<name>2710</name>
		<cmt>Neuenhagen; Hönower Chaussee, Trainierbahn Neuenhagen</cmt>
		<desc>Neuenhagen; Hönower Chaussee, Trainierbahn Neuenhagen</desc>
		<src>LB Forst Brandenburg</src>
	</wpt>
	<wpt lat="52.533524782319219" lon="13.946334732970914">
		<name>2686</name>
		<cmt>Rehfelde, Garzau; K 6417, Kirche</cmt>
		<desc>Rehfelde, Garzau; K 6417, Kirche</desc>
		<src>LB Forst Brandenburg</src>
	</wpt>
	<wpt lat="52.540227515843107" lon="14.056384374204491">
		<name>2681</name>
		<cmt>Waldsieversdorf; B 168, Oberförsterei Waldsieversdorf</cmt>
		<desc>Waldsieversdorf; B 168, Oberförsterei Waldsieversdorf</desc>
		<src>LB Forst Brandenburg</src>
	</wpt>
	<wpt lat="52.517088981464795" lon="12.404202419310096">
		<name>2025</name>
		<cmt>Premnitz, Gapel; An der B 102</cmt>
		<desc>Premnitz, Gapel; An der B 102</desc>
		<src>LB Forst Brandenburg</src>
	</wpt>
	<wpt lat="52.520098406610941" lon="12.535490898486536">
		<name>2737</name>
		<cmt>Beetzsee, Marzahne; L 98 Marzahne-Mützlitz, Waldeingang</cmt>
		<desc>Beetzsee, Marzahne; L 98 Marzahne-Mützlitz, Waldeingang</desc>
		<src>LB Forst Brandenburg</src>
	</wpt>
	<wpt lat="52.542434892596276" lon="14.086116573539019">
		<name>2696</name>
		<cmt>Waldsieversdorf; Bahnhof Waldsieversdorf, ZR 1</cmt>
		<desc>Waldsieversdorf; Bahnhof Waldsieversdorf, ZR 1</desc>
		<src>LB Forst Brandenburg</src>
	</wpt>
	<wpt lat="52.516323501433298" lon="12.301141790502001">
		<name>2020</name>
		<cmt>Milower Land, Milow; Wolfsmühle</cmt>
		<desc>Milower Land, Milow; Wolfsmühle</desc>
		<src>LB Forst Brandenburg</src>
	</wpt>
	<wpt lat="52.542149626670266" lon="13.015065939099198">
		<name>2731</name>
		<cmt>Wustermark, Elstal; Zum Hakenberg</cmt>
		<desc>Wustermark, Elstal; Zum Hakenberg</desc>
		<src>LB Forst Brandenburg</src>
	</wpt>
	<wpt lat="52.558500974752441" lon="13.818424376108158">
		<name>2700</name>
		<cmt>Eggersdorf; Altlandsberger Chaussee L33, Gulaschkanone</cmt>
		<desc>Eggersdorf; Altlandsberger Chaussee L33, Gulaschkanone</desc>
		<src>LB Forst Brandenburg</src>
	</wpt>
	<wpt lat="52.56059251746634" lon="14.038806288994975">
		<name>2698</name>
		<cmt>Buckow, Hasenholz; B 168, gegenüber der Abfahrt Hasenholz</cmt>
		<desc>Buckow, Hasenholz; B 168, gegenüber der Abfahrt Hasenholz</desc>
		<src>LB Forst Brandenburg</src>
	</wpt>
	<wpt lat="52.559525072513154" lon="13.630086708780736">
		<name>2007</name>
		<cmt>Hoppegarten, Hönow; Mehrower Strasse</cmt>
		<desc>Hoppegarten, Hönow; Mehrower Strasse</desc>
		<src>LB Forst Brandenburg</src>
	</wpt>
	<wpt lat="52.565308593242534" lon="13.861152469262517">
		<name>2707</name>
		<cmt>Strausberg; Spitzmühlenweg, 23, Parkplatz an der Umgehungsstraße</cmt>
		<desc>Strausberg; Spitzmühlenweg, 23, Parkplatz an der Umgehungsstraße</desc>
		<src>LB Forst Brandenburg</src>
	</wpt>
	<wpt lat="52.566637094017125" lon="13.897905673157533">
		<name>2722</name>
		<cmt>Strausberg; Strausberg Ost; L 233, Garzauer Chaussee Ortseingang Strausberg</cmt>
		<desc>Strausberg; Strausberg Ost; L 233, Garzauer Chaussee Ortseingang Strausberg</desc>
		<src>LB Forst Brandenburg</src>
	</wpt>
	<wpt lat="52.554984334769358" lon="12.867657775784561">
		<name>2729</name>
		<cmt>Nauen, Neugarten; L 86 Abzweig Neugarten</cmt>
		<desc>Nauen, Neugarten; L 86 Abzweig Neugarten</desc>
		<src>LB Forst Brandenburg</src>
	</wpt>
	<wpt lat="52.5745775638566" lon="14.084993261450535">
		<name>2699</name>
		<cmt>Buckow; Naturparkverwaltung Buckow (Märkische Schweiz)</cmt>
		<desc>Buckow; Naturparkverwaltung Buckow (Märkische Schweiz)</desc>
		<src>LB Forst Brandenburg</src>
	</wpt>
	<wpt lat="52.579013751765586" lon="13.826480746101579">
		<name>2709</name>
		<cmt>Strausberg, Spitzmühle; Wasswerk Spitzmühle</cmt>
		<desc>Strausberg, Spitzmühle; Wasswerk Spitzmühle</desc>
		<src>LB Forst Brandenburg</src>
	</wpt>
	<wpt lat="52.565311816099076" lon="12.70850130504107">
		<name>1396</name>
		<cmt>Nauen, Klein Behnitz; Feuerwehr Klein Behnitz</cmt>
		<desc>Nauen, Klein Behnitz; Feuerwehr Klein Behnitz</desc>
		<src>LB Forst Brandenburg</src>
	</wpt>
	<wpt lat="52.591065185078804" lon="13.950508538322465">
		<name>2704</name>
		<cmt>Klosterdorf; K 6414, Hauptstrasse, Bushaltestelle</cmt>
		<desc>Klosterdorf; K 6414, Hauptstrasse, Bushaltestelle</desc>
		<src>LB Forst Brandenburg</src>
	</wpt>
	<wpt lat="52.596681739997706" lon="14.236223553029683">
		<name>2689</name>
		<cmt>Neuhardenberg; B 167, Reweparkplatz</cmt>
		<desc>Neuhardenberg; B 167, Reweparkplatz</desc>
		<src>LB Forst Brandenburg</src>
	</wpt>
	<wpt lat="52.587717973450246" lon="13.027249482889232">
		<name>2023</name>
		<cmt>Brieselang; Finkenkruger Straße. L202, ca. 600m hinter Ortsausgang Brieselang (Abzweig Backofengestell)</cmt>
		<desc>Brieselang; Finkenkruger Straße. L202, ca. 600m hinter Ortsausgang Brieselang (Abzweig Backofengestell)</desc>
		<src>LB Forst Brandenburg</src>
	</wpt>
	<wpt lat="52.601174948591698" lon="13.906905871120287">
		<name>2778</name>
		<cmt>Strausberg; Nordweg, An der Wanderhütte (West), Strasse vom Finazamt nach Wilkendorf</cmt>
		<desc>Strausberg; Nordweg, An der Wanderhütte (West), Strasse vom Finazamt nach Wilkendorf</desc>
		<src>LB Forst Brandenburg</src>
	</wpt>
	<wpt lat="52.606911686925621" lon="13.870352278887092">
		<name>2716</name>
		<cmt>Altlandsberg, Gielsdorf; L 23, Parkplatz Gaststätte zur Palme</cmt>
		<desc>Altlandsberg, Gielsdorf; L 23, Parkplatz Gaststätte zur Palme</desc>
		<src>LB Forst Brandenburg</src>
	</wpt>
	<wpt lat="52.605524113392605" lon="13.035256784066508">
		<name>2022</name>
		<cmt>Falkensee; Nauenener Chaussee 12, Waldeinfahrt gegenüber</cmt>
		<desc>Falkensee; Nauenener Chaussee 12, Waldeinfahrt gegenüber</desc>
		<src>LB Forst Brandenburg</src>
	</wpt>
	<wpt lat="52.607517129320399" lon="13.120699263378594">
		<name>1259</name>
		<cmt>Schönwalde- Glien, Schönwalde Siedlung; L20 Falkenseer Straße, gegenüber Tankstelle</cmt>
		<desc>Schönwalde- Glien, Schönwalde Siedlung; L20 Falkenseer Straße, gegenüber Tankstelle</desc>
		<src>LB Forst Brandenburg</src>
	</wpt>
	<wpt lat="52.614872773839721" lon="13.590109723313807">
		<name>1707</name>
		<cmt>Bernau, Birkholz; Birkholzer Straße, Ecke Straße nach Blumberg, Einfahrt Reiterhof "Birkhof"</cmt>
		<desc>Bernau, Birkholz; Birkholzer Straße, Ecke Straße nach Blumberg, Einfahrt Reiterhof "Birkhof"</desc>
		<src>LB Forst Brandenburg</src>
	</wpt>
	<wpt lat="52.621390188909729" lon="14.069521068718149">
		<name>2702</name>
		<cmt>Oberbarnim, Ihlow; K 6414, Sternkreuzung im Dorf</cmt>
		<desc>Oberbarnim, Ihlow; K 6414, Sternkreuzung im Dorf</desc>
		<src>LB Forst Brandenburg</src>
	</wpt>
	<wpt lat="52.612224964915505" lon="13.005922165665186">
		<name>2024</name>
		<cmt>Brieselang, Altbrieselang; Alt Brieselang 1, Försterei Alt Brieselang</cmt>
		<desc>Brieselang, Altbrieselang; Alt Brieselang 1, Försterei Alt Brieselang</desc>
		<src>LB Forst Brandenburg</src>
	</wpt>
	<wpt lat="52.62514301168752" lon="13.968122959229991">
		<name>2701</name>
		<cmt>Prötzel; L 33, Prötzler Chaussee  Haus Kreuzinger</cmt>
		<desc>Prötzel; L 33, Prötzler Chaussee  Haus Kreuzinger</desc>
		<src>LB Forst Brandenburg</src>
	</wpt>
	<wpt lat="52.62542248254082" lon="12.753640372087022">
		<name>1402</name>
		<cmt>Nauen, Ribbeck; Feuerwehr Ribbeck</cmt>
		<desc>Nauen, Ribbeck; Feuerwehr Ribbeck</desc>
		<src>LB Forst Brandenburg</src>
	</wpt>
	<wpt lat="52.624880167656421" lon="12.684857955243354">
		<name>1577</name>
		<cmt>Retzow; Feuerwehr Retzow</cmt>
		<desc>Retzow; Feuerwehr Retzow</desc>
		<src>LB Forst Brandenburg</src>
	</wpt>
	<wpt lat="52.647737218142495" lon="13.915154324528293">
		<name>2723</name>
		<cmt>Prötzel, Stadtstelle; B 168, Stadtstelle</cmt>
		<desc>Prötzel, Stadtstelle; B 168, Stadtstelle</desc>
		<src>LB Forst Brandenburg</src>
	</wpt>
	<wpt lat="52.639724778714083" lon="13.084880912331636">
		<name>1848</name>
		<cmt>Schönwalde- Glien, Wansdorf; Feuerwehrdepot am Kirschweg</cmt>
		<desc>Schönwalde- Glien, Wansdorf; Feuerwehrdepot am Kirschweg</desc>
		<src>LB Forst Brandenburg</src>
	</wpt>
	<wpt lat="52.652204267910783" lon="13.96779074260445">
		<name>2717</name>
		<cmt>Prötzel; B 168, Biesower Pflaster,ehem. Hammelstall jetzt Huskystation</cmt>
		<desc>Prötzel; B 168, Biesower Pflaster,ehem. Hammelstall jetzt Huskystation</desc>
		<src>LB Forst Brandenburg</src>
	</wpt>
	<wpt lat="52.651243313558325" lon="13.510965973112233">
		<name>2827</name>
		<cmt>Zeperrnick; Wendeplatte Buchenallee 49</cmt>
		<desc>Zeperrnick; Wendeplatte Buchenallee 49</desc>
		<src>LB Forst Brandenburg</src>
	</wpt>
	<wpt lat="52.648932099056076" lon="13.119804428205544">
		<name>1996</name>
		<cmt>Oberkrämer, Bötzow; K6505 Wansdorfer Chaussee Richtung Wansdorf, Abzweig rechts Alte Hamburger Poststraße (Schleiftechnick GmbH)</cmt>
		<desc>Oberkrämer, Bötzow; K6505 Wansdorfer Chaussee Richtung Wansdorf, Abzweig rechts Alte Hamburger Poststraße (Schleiftechnick GmbH)</desc>
		<src>LB Forst Brandenburg</src>
	</wpt>
	<wpt lat="52.648269393088292" lon="13.004232024216515">
		<name>2029</name>
		<cmt>Schönwalde- Glien, Perwenitz; Kreuzung L16 / L161</cmt>
		<desc>Schönwalde- Glien, Perwenitz; Kreuzung L16 / L161</desc>
		<src>LB Forst Brandenburg</src>
	</wpt>
	<wpt lat="52.669586074504075" lon="13.647211801828307">
		<name>1998</name>
		<cmt>Bernau, Börnicke; Thaerfelder Chaussee</cmt>
		<desc>Bernau, Börnicke; Thaerfelder Chaussee</desc>
		<src>LB Forst Brandenburg</src>
	</wpt>
	<wpt lat="52.659755513700951" lon="12.924770788620625">
		<name>2038</name>
		<cmt>Schönwalde- Glien, Grünefeld; Am Forsthaus 1</cmt>
		<desc>Schönwalde- Glien, Grünefeld; Am Forsthaus 1</desc>
		<src>LB Forst Brandenburg</src>
	</wpt>
	<wpt lat="52.665878493921127" lon="13.304961630710448">
		<name>1982</name>
		<cmt>Hohen Neuendorf, Bergfelde; L171 Hohen Neuendorfer Straße in Richtung Schönfließ, Abzweig August-Müller-Straße</cmt>
		<desc>Hohen Neuendorf, Bergfelde; L171 Hohen Neuendorfer Straße in Richtung Schönfließ, Abzweig August-Müller-Straße</desc>
		<src>LB Forst Brandenburg</src>
	</wpt>
	<wpt lat="52.676713325211431" lon="13.984922824700272">
		<name>2814</name>
		<cmt>Sternebeck; Alte Berliner Straße, Ortsausgang Sternebeck</cmt>
		<desc>Sternebeck; Alte Berliner Straße, Ortsausgang Sternebeck</desc>
		<src>LB Forst Brandenburg</src>
	</wpt>
	<wpt lat="52.678441447148451" lon="13.929313822987043">
		<name>2724</name>
		<cmt>Prötzel, Biesow; Biesower Pflaster Ortseingang Biesow</cmt>
		<desc>Prötzel, Biesow; Biesower Pflaster Ortseingang Biesow</desc>
		<src>LB Forst Brandenburg</src>
	</wpt>
	<wpt lat="52.659404860666534" lon="12.453185324623989">
		<name>1593</name>
		<cmt>Stechow-Ferchesar, Ferchesar; Forsthaus  Ferchesar</cmt>
		<desc>Stechow-Ferchesar, Ferchesar; Forsthaus  Ferchesar</desc>
		<src>LB Forst Brandenburg</src>
	</wpt>
	<wpt lat="52.682197033553628" lon="13.532518149013081">
		<name>1993</name>
		<cmt>Bernau, Schönow; Parkplatz Friedhof, Am Lanker Weg</cmt>
		<desc>Bernau, Schönow; Parkplatz Friedhof, Am Lanker Weg</desc>
		<src>LB Forst Brandenburg</src>
	</wpt>
	<wpt lat="52.686325508010214" lon="13.882123700194386">
		<name>2727</name>
		<cmt>Leuenberg Höhenland; Bahnhofstraße, vor Gaststätte Forsthaus</cmt>
		<desc>Leuenberg Höhenland; Bahnhofstraße, vor Gaststätte Forsthaus</desc>
		<src>LB Forst Brandenburg</src>
	</wpt>
	<wpt lat="52.674745507538304" lon="12.966443742173386">
		<name>2039</name>
		<cmt>Schönwalde- Glien, Grünefeld; Feuerwehrdepot</cmt>
		<desc>Schönwalde- Glien, Grünefeld; Feuerwehrdepot</desc>
		<src>LB Forst Brandenburg</src>
	</wpt>
	<wpt lat="52.691647137311442" lon="13.862064592394686">
		<name>2715</name>
		<cmt>Tiefensee; B 158, Strecke Tiefensee - Leuenberg Wald-Feld-Grenze</cmt>
		<desc>Tiefensee; B 158, Strecke Tiefensee - Leuenberg Wald-Feld-Grenze</desc>
		<src>LB Forst Brandenburg</src>
	</wpt>
	<wpt lat="52.676727526868611" lon="12.710617897382761">
		<name>1586</name>
		<cmt>Paulinenaue; Feuerwehr  Paulinenaue</cmt>
		<desc>Paulinenaue; Feuerwehr  Paulinenaue</desc>
		<src>LB Forst Brandenburg</src>
	</wpt>
	<wpt lat="52.673625216402229" lon="12.485335959398613">
		<name>1408</name>
		<cmt>Kotzen, Rhinsmühlen; Waldmast  Schweinemastanlage-alte Heerstr.(Abt.7332)</cmt>
		<desc>Kotzen, Rhinsmühlen; Waldmast  Schweinemastanlage-alte Heerstr.(Abt.7332)</desc>
		<src>LB Forst Brandenburg</src>
	</wpt>
	<wpt lat="52.693338313730926" lon="13.619951688859116">
		<name>1994</name>
		<cmt>Bernau, Ladeburg; Gewerbegebiet Albertshof, Lise Meitnerstraße</cmt>
		<desc>Bernau, Ladeburg; Gewerbegebiet Albertshof, Lise Meitnerstraße</desc>
		<src>LB Forst Brandenburg</src>
	</wpt>
	<wpt lat="52.694223876259777" lon="13.367210443514605">
		<name>1986</name>
		<cmt>Mühlenbecker Land, Summt; Parkplatz Liebenwalder Straße,Nordufer</cmt>
		<desc>Mühlenbecker Land, Summt; Parkplatz Liebenwalder Straße,Nordufer</desc>
		<src>LB Forst Brandenburg</src>
	</wpt>
	<wpt lat="52.700308367605537" lon="13.217277726999319">
		<name>1992</name>
		<cmt>Velten; L20 Pinnower Chaussee Richtung Borgsdorf, Einfahrt Parkplatz Bernsteinsee</cmt>
		<desc>Velten; L20 Pinnower Chaussee Richtung Borgsdorf, Einfahrt Parkplatz Bernsteinsee</desc>
		<src>LB Forst Brandenburg</src>
	</wpt>
	<wpt lat="52.709523794447783" lon="13.929678740784231">
		<name>2735</name>
		<cmt>Steinbeck; L 341 Richtg Haselberg rechte Seite</cmt>
		<desc>Steinbeck; L 341 Richtg Haselberg rechte Seite</desc>
		<src>LB Forst Brandenburg</src>
	</wpt>
	<wpt lat="52.699655245289613" lon="13.052738812037969">
		<name>1950</name>
		<cmt>Oberkrämer, Neu Vehlefanz; Am Krämerwald  -WBS Krämer-</cmt>
		<desc>Oberkrämer, Neu Vehlefanz; Am Krämerwald  -WBS Krämer-</desc>
		<src>LB Forst Brandenburg</src>
	</wpt>
	<wpt lat="52.706754694390675" lon="13.537600366333281">
		<name>1708</name>
		<cmt>Bernau; ehem. Forstschule Bernau, Wandlitzer Chaussee 55 16321 Bernau</cmt>
		<desc>Bernau; ehem. Forstschule Bernau, Wandlitzer Chaussee 55 16321 Bernau</desc>
		<src>LB Forst Brandenburg</src>
	</wpt>
	<wpt lat="52.688497297643636" lon="12.447650753055724">
		<name>1410</name>
		<cmt>Stecho-Ferchesar, Lochow; Ortsausgang  Lochow in Richtung B 188</cmt>
		<desc>Stecho-Ferchesar, Lochow; Ortsausgang  Lochow in Richtung B 188</desc>
		<src>LB Forst Brandenburg</src>
	</wpt>
	<wpt lat="52.716329267775947" lon="13.526250074693861">
		<name>2795</name>
		<cmt>Bernau, Waldfrieden; L304 Wandlitzer Chaussee 76 gegenüber "Bello Inn" Einfahrt Liegenschaft</cmt>
		<desc>Bernau, Waldfrieden; L304 Wandlitzer Chaussee 76 gegenüber "Bello Inn" Einfahrt Liegenschaft</desc>
		<src>LB Forst Brandenburg</src>
	</wpt>
	<wpt lat="52.714084256638586" lon="12.975842645706955">
		<name>1999</name>
		<cmt>Kremmen, Staffelde; B273  Richtung Börnicke, Parkplatz ca. 400 m hinter Brücke BAB24 (Poststraße)</cmt>
		<desc>Kremmen, Staffelde; B273  Richtung Börnicke, Parkplatz ca. 400 m hinter Brücke BAB24 (Poststraße)</desc>
		<src>LB Forst Brandenburg</src>
	</wpt>
	<wpt lat="52.711141245426354" lon="12.643529397992683">
		<name>1604</name>
		<cmt>Wiesenaue, Warsow; Feuerwehrgerätehaus, Dorfstraße</cmt>
		<desc>Wiesenaue, Warsow; Feuerwehrgerätehaus, Dorfstraße</desc>
		<src>LB Forst Brandenburg</src>
	</wpt>
	<wpt lat="52.725469521699083" lon="13.497484767652415">
		<name>1850</name>
		<cmt>Bernau, Waldsiedlung; B 273 (Brandenburgklinik) Parkplatz Friedwald an Offenbachstraße</cmt>
		<desc>Bernau, Waldsiedlung; B 273 (Brandenburgklinik) Parkplatz Friedwald an Offenbachstraße</desc>
		<src>LB Forst Brandenburg</src>
	</wpt>
	<wpt lat="52.72691503656889" lon="13.566898789304522">
		<name>2797</name>
		<cmt>Lobetal, Woltersdorf; L31 Ladeburg Richtung Lanke bei Woltersdorf, Einfahrt Liegenschaft</cmt>
		<desc>Lobetal, Woltersdorf; L31 Ladeburg Richtung Lanke bei Woltersdorf, Einfahrt Liegenschaft</desc>
		<src>LB Forst Brandenburg</src>
	</wpt>
	<wpt lat="52.724401773706276" lon="13.176844240650304">
		<name>1990</name>
		<cmt>Oberkrämer, Bärenklau; K6506 Leegebrucher Chaussee, Kreisverkehr Richtung Bärenklau - Parkplatz ca. 150 m rechts</cmt>
		<desc>Oberkrämer, Bärenklau; K6506 Leegebrucher Chaussee, Kreisverkehr Richtung Bärenklau - Parkplatz ca. 150 m rechts</desc>
		<src>LB Forst Brandenburg</src>
	</wpt>
	<wpt lat="52.729764496281192" lon="13.305826195647931">
		<name>2812</name>
		<cmt>Oranienburg, Lehnitz; L211 Fahrtrichtung Lehnitz in Richtung Summt nach ca. 2,6 km auf der linken Seite, Transformatorenhaus</cmt>
		<desc>Oranienburg, Lehnitz; L211 Fahrtrichtung Lehnitz in Richtung Summt nach ca. 2,6 km auf der linken Seite, Transformatorenhaus</desc>
		<src>LB Forst Brandenburg</src>
	</wpt>
	<wpt lat="52.740104500252933" lon="13.485434231914914">
		<name>1706</name>
		<cmt>Bernau; B273, Imbiss- Parkplatz</cmt>
		<desc>Bernau; B273, Imbiss- Parkplatz</desc>
		<src>LB Forst Brandenburg</src>
	</wpt>
	<wpt lat="52.726973817833326" lon="12.627722678904719">
		<name>1628</name>
		<cmt>Wiesenaue, Vietznitz; Feuerwehrgerätehaus, Warsower Straße</cmt>
		<desc>Wiesenaue, Vietznitz; Feuerwehrgerätehaus, Warsower Straße</desc>
		<src>LB Forst Brandenburg</src>
	</wpt>
	<wpt lat="52.738239072721619" lon="13.203212018328928">
		<name>2806</name>
		<cmt>Oranienburg,  Leegebruch; B96N Abfahrt "Leegebruch" Bärenklauer Weg in Richtung Leegebruch nach Ende des Brückenbauwerks rechts</cmt>
		<desc>Oranienburg,  Leegebruch; B96N Abfahrt "Leegebruch" Bärenklauer Weg in Richtung Leegebruch nach Ende des Brückenbauwerks rechts</desc>
		<src>LB Forst Brandenburg</src>
	</wpt>
	<wpt lat="52.723880859464472" lon="12.358837836256733">
		<name>1423</name>
		<cmt>Rhinow; Abzweig Schönholzer Weg-B102</cmt>
		<desc>Rhinow; Abzweig Schönholzer Weg-B102</desc>
		<src>LB Forst Brandenburg</src>
	</wpt>
	<wpt lat="52.734115549015783" lon="12.647467573800457">
		<name>1649</name>
		<cmt>Wiesenaue, Vietznitz; Bahnhofstraße 3, Brücke über Kleinen Havelländischen Hauptkanal bei Leischke, Waldzufahrt</cmt>
		<desc>Wiesenaue, Vietznitz; Bahnhofstraße 3, Brücke über Kleinen Havelländischen Hauptkanal bei Leischke, Waldzufahrt</desc>
		<src>LB Forst Brandenburg</src>
	</wpt>
	<wpt lat="52.752761649681709" lon="13.591475195761042">
		<name>1984</name>
		<cmt>Hellmühle; Hellmühler Weg</cmt>
		<desc>Hellmühle; Hellmühler Weg</desc>
		<src>LB Forst Brandenburg</src>
	</wpt>
	<wpt lat="52.740449004467273" lon="12.496360369954466">
		<name>1606</name>
		<cmt>Kleßen; Feuerwehrdepot  Kleßen</cmt>
		<desc>Kleßen; Feuerwehrdepot  Kleßen</desc>
		<src>LB Forst Brandenburg</src>
	</wpt>
	<wpt lat="52.755486724595727" lon="13.277975118057629">
		<name>1847</name>
		<cmt>Oranienburg, Lehnitz; Magnus-Hirschfeld-Straße Kreuzung Seegestell</cmt>
		<desc>Oranienburg, Lehnitz; Magnus-Hirschfeld-Straße Kreuzung Seegestell</desc>
		<src>LB Forst Brandenburg</src>
	</wpt>
	<wpt lat="52.757417969215382" lon="13.316947986184086">
		<name>2811</name>
		<cmt>Oranienburg, Schmachtenhagen Süd; Steinpilzweg Ecke Maronenweg</cmt>
		<desc>Oranienburg, Schmachtenhagen Süd; Steinpilzweg Ecke Maronenweg</desc>
		<src>LB Forst Brandenburg</src>
	</wpt>
	<wpt lat="52.769438969022993" lon="14.032383189467422">
		<name>1623</name>
		<cmt>Bad Freienwalde; Köhlerei, Sonnenburger Str. 3c</cmt>
		<desc>Bad Freienwalde; Köhlerei, Sonnenburger Str. 3c</desc>
		<src>LB Forst Brandenburg</src>
	</wpt>
	<wpt lat="52.771411827550764" lon="13.717852250259339">
		<name>1683</name>
		<cmt>Melchow; Ortsausgang Melchow Richtung Schönholz beim Tierarzt Valentien</cmt>
		<desc>Melchow; Ortsausgang Melchow Richtung Schönholz beim Tierarzt Valentien</desc>
		<src>LB Forst Brandenburg</src>
	</wpt>
	<wpt lat="52.766191861923026" lon="13.277828210227806">
		<name>1972</name>
		<cmt>Oranienburg, Oranienburg; Parkplatz B 273 Lehnitzschleuse am Abzweig zum Gewerbegebiet Nord</cmt>
		<desc>Oranienburg, Oranienburg; Parkplatz B 273 Lehnitzschleuse am Abzweig zum Gewerbegebiet Nord</desc>
		<src>LB Forst Brandenburg</src>
	</wpt>
	<wpt lat="52.767444922996958" lon="13.209805963608673">
		<name>2808</name>
		<cmt>Oranienburg, Tiergarten; Elsenweg in Richtung Tiergartensiedlung nach Überführung über B96N</cmt>
		<desc>Oranienburg, Tiergarten; Elsenweg in Richtung Tiergartensiedlung nach Überführung über B96N</desc>
		<src>LB Forst Brandenburg</src>
	</wpt>
	<wpt lat="52.758963515535505" lon="12.672483269732776">
		<name>1650</name>
		<cmt>Friesack, Briesener Zootzen; Bushaltestelle Wiesenweg</cmt>
		<desc>Friesack, Briesener Zootzen; Bushaltestelle Wiesenweg</desc>
		<src>LB Forst Brandenburg</src>
	</wpt>
	<wpt lat="52.778838209790145" lon="13.614358656061384">
		<name>1983</name>
		<cmt>Biesenthal; Ruhlsdorfer Straße, Ortseingang</cmt>
		<desc>Biesenthal; Ruhlsdorfer Straße, Ortseingang</desc>
		<src>LB Forst Brandenburg</src>
	</wpt>
	<wpt lat="52.78063965948423" lon="13.712148882214182">
		<name>1682</name>
		<cmt>Melchow; Ortseingang Melchow aus Eberswalde kommend</cmt>
		<desc>Melchow; Ortseingang Melchow aus Eberswalde kommend</desc>
		<src>LB Forst Brandenburg</src>
	</wpt>
	<wpt lat="52.785451829675949" lon="13.404406919517745">
		<name>1846</name>
		<cmt>Oranienburg, Zehlendorf; L 29 Stolzenhagener Chaussee, Abzweig Ausbau Rickbyhl</cmt>
		<desc>Oranienburg, Zehlendorf; L 29 Stolzenhagener Chaussee, Abzweig Ausbau Rickbyhl</desc>
		<src>LB Forst Brandenburg</src>
	</wpt>
	<wpt lat="52.773365051642941" lon="12.638668736035484">
		<name>1651</name>
		<cmt>Friesack, Kleeßener Zootzen; Bushaltestelle Dorfstraße</cmt>
		<desc>Friesack, Kleeßener Zootzen; Bushaltestelle Dorfstraße</desc>
		<src>LB Forst Brandenburg</src>
	</wpt>
	<wpt lat="52.7764426016074" lon="12.764000214354922">
		<name>1675</name>
		<cmt>Fehrbellin, Betzin; Wasserwerk Betziner Heide</cmt>
		<desc>Fehrbellin, Betzin; Wasserwerk Betziner Heide</desc>
		<src>LB Forst Brandenburg</src>
	</wpt>
	<wpt lat="52.788135980101501" lon="13.292875236296416">
		<name>1954</name>
		<cmt>Oranienburg, Schmachtenhagen; Malzer Weg, Richtung Oder-Havel-Kanal (ca. 800 m davor) - Abzweig Internationaler Radweg</cmt>
		<desc>Oranienburg, Schmachtenhagen; Malzer Weg, Richtung Oder-Havel-Kanal (ca. 800 m davor) - Abzweig Internationaler Radweg</desc>
		<src>LB Forst Brandenburg</src>
	</wpt>
	<wpt lat="52.791537840606921" lon="13.481578262618191">
		<name>1698</name>
		<cmt>Wandlitz, Klosterfelde; an der Kirche B 109</cmt>
		<desc>Wandlitz, Klosterfelde; an der Kirche B 109</desc>
		<src>LB Forst Brandenburg</src>
	</wpt>
	<wpt lat="52.793054982302571" lon="13.204255539387274">
		<name>1931</name>
		<cmt>Oranienburg, Teerofen; L191 Ortslage Teerofen, Försterei Teerofen 1</cmt>
		<desc>Oranienburg, Teerofen; L191 Ortslage Teerofen, Försterei Teerofen 1</desc>
		<src>LB Forst Brandenburg</src>
	</wpt>
	<wpt lat="52.810516355676647" lon="13.448036764495308">
		<name>2780</name>
		<cmt>Liebenwalde, Kreuzbruch; Ehem. NVA-Kaserne (in Klosterfelde von B109 in Triftstr., nach 30m links in Liebenwalder Damm abbiegen, ca. 2,5km geradeaus bis zum Ende der Teerstr.)</cmt>
		<desc>Liebenwalde, Kreuzbruch; Ehem. NVA-Kaserne (in Klosterfelde von B109 in Triftstr., nach 30m links in Liebenwalder Damm abbiegen, ca. 2,5km geradeaus bis zum Ende der Teerstr.)</desc>
		<src>LB Forst Brandenburg</src>
	</wpt>
	<wpt lat="52.814191092779645" lon="13.407384739688171">
		<name>1958</name>
		<cmt>Liebenwalde, Kreuzbruch; L21 Berliner Chaussee Richtung Zehlendorf, Abzweig Rehmate</cmt>
		<desc>Liebenwalde, Kreuzbruch; L21 Berliner Chaussee Richtung Zehlendorf, Abzweig Rehmate</desc>
		<src>LB Forst Brandenburg</src>
	</wpt>
	<wpt lat="52.802975808313988" lon="12.581047585354499">
		<name>1663</name>
		<cmt>Friesack, Wutzetz; Bushaltestelle und Feuerwehr, Dorfring</cmt>
		<desc>Friesack, Wutzetz; Bushaltestelle und Feuerwehr, Dorfring</desc>
		<src>LB Forst Brandenburg</src>
	</wpt>
	<wpt lat="52.816537904828436" lon="13.246557923389314">
		<name>1973</name>
		<cmt>Löwenberger Land, Nassenheide; L 213 Waldeinfahrt DERO Baustoffe Schweinemastweg</cmt>
		<desc>Löwenberger Land, Nassenheide; L 213 Waldeinfahrt DERO Baustoffe Schweinemastweg</desc>
		<src>LB Forst Brandenburg</src>
	</wpt>
	<wpt lat="52.822475577591113" lon="13.214508047837125">
		<name>2209</name>
		<cmt>Löwenberger Land, Nassenheide; B96, Richtung Teschendorf -Tankstelle Q1</cmt>
		<desc>Löwenberger Land, Nassenheide; B96, Richtung Teschendorf -Tankstelle Q1</desc>
		<src>LB Forst Brandenburg</src>
	</wpt>
	<wpt lat="52.824052092813432" lon="13.26481657293286">
		<name>1974</name>
		<cmt>Liebenwalde, Freienhagen; L 213 hinter Ortsausgang Richtung Nassenheide erster Waldweg nördlich zum krummen Berg</cmt>
		<desc>Liebenwalde, Freienhagen; L 213 hinter Ortsausgang Richtung Nassenheide erster Waldweg nördlich zum krummen Berg</desc>
		<src>LB Forst Brandenburg</src>
	</wpt>
	<wpt lat="52.81214336293111" lon="12.541343773926632">
		<name>1487</name>
		<cmt>Wusterhausen, Nackel; B 5  Abzweig Nackel, Plattenstraße</cmt>
		<desc>Wusterhausen, Nackel; B 5  Abzweig Nackel, Plattenstraße</desc>
		<src>LB Forst Brandenburg</src>
	</wpt>
	<wpt lat="52.843762526402784" lon="13.455165570325924">
		<name>1965</name>
		<cmt>Liebenwalde, Kreuzbruch; Kreuzbrucher Straße, Ortsausgang Richtung Zerpenschleuse - Waldanfang</cmt>
		<desc>Liebenwalde, Kreuzbruch; Kreuzbrucher Straße, Ortsausgang Richtung Zerpenschleuse - Waldanfang</desc>
		<src>LB Forst Brandenburg</src>
	</wpt>
	<wpt lat="52.853874354628367" lon="13.914826586311523">
		<name>1652</name>
		<cmt>Liepe; L 291 Einfahrt Klosterbrücke</cmt>
		<desc>Liepe; L 291 Einfahrt Klosterbrücke</desc>
		<src>LB Forst Brandenburg</src>
	</wpt>
	<wpt lat="52.857879925482884" lon="13.953017204955191">
		<name>1653</name>
		<cmt>Liepe; Sportplatz Liepe</cmt>
		<desc>Liepe; Sportplatz Liepe</desc>
		<src>LB Forst Brandenburg</src>
	</wpt>
	<wpt lat="52.856288144850744" lon="13.649969083831879">
		<name>1716</name>
		<cmt>Schorfheide, Finowfurt; Kreuzung B 167/198 Finowfurt Richtung Zerpenschleuse, Kreuzung nach Eichhorst</cmt>
		<desc>Schorfheide, Finowfurt; Kreuzung B 167/198 Finowfurt Richtung Zerpenschleuse, Kreuzung nach Eichhorst</desc>
		<src>LB Forst Brandenburg</src>
	</wpt>
	<wpt lat="52.847867313390857" lon="12.887860065351225">
		<name>1927</name>
		<cmt>Fehrbellin,  Altfriesack; Bushaltestelle</cmt>
		<desc>Fehrbellin,  Altfriesack; Bushaltestelle</desc>
		<src>LB Forst Brandenburg</src>
	</wpt>
	<wpt lat="52.860051516398308" lon="13.420621308772963">
		<name>1969</name>
		<cmt>Liebenwalde, Rehhorst; Angra Pequena, Waldeingang aus Richtung Liebenwalde kommend</cmt>
		<desc>Liebenwalde, Rehhorst; Angra Pequena, Waldeingang aus Richtung Liebenwalde kommend</desc>
		<src>LB Forst Brandenburg</src>
	</wpt>
	<wpt lat="52.86607195878576" lon="13.511459291297735">
		<name>1978</name>
		<cmt>Zerpenschleuse; Einfahrt Forststraße</cmt>
		<desc>Zerpenschleuse; Einfahrt Forststraße</desc>
		<src>LB Forst Brandenburg</src>
	</wpt>
	<wpt lat="52.87495552900323" lon="13.831081966218431">
		<name>1459</name>
		<cmt>Britz; Kolonie Britz am Ende der Wiesenstraße</cmt>
		<desc>Britz; Kolonie Britz am Ende der Wiesenstraße</desc>
		<src>LB Forst Brandenburg</src>
	</wpt>
	<wpt lat="52.869937378469984" lon="13.145782141616923">
		<name>2048</name>
		<cmt>Löwenberger Land, Linde; Ortslage Grundmühle, An der Mühle/Mühlenbrücke</cmt>
		<desc>Löwenberger Land, Linde; Ortslage Grundmühle, An der Mühle/Mühlenbrücke</desc>
		<src>LB Forst Brandenburg</src>
	</wpt>
	<wpt lat="52.880457115157583" lon="13.868518309695151">
		<name>1645</name>
		<cmt>Chorin, Sandkrug; L 200 (B 2) Abzweig Mühlenhaus/Sandkrug</cmt>
		<desc>Chorin, Sandkrug; L 200 (B 2) Abzweig Mühlenhaus/Sandkrug</desc>
		<src>LB Forst Brandenburg</src>
	</wpt>
	<wpt lat="52.891992463927011" lon="14.057022270422763">
		<name>1629</name>
		<cmt>Oderberg, Neuendorf; Neuendorf 1, Gaststätte "Großer Stein"</cmt>
		<desc>Oderberg, Neuendorf; Neuendorf 1, Gaststätte "Großer Stein"</desc>
		<src>LB Forst Brandenburg</src>
	</wpt>
	<wpt lat="52.890315023098722" lon="13.638927638444235">
		<name>1714</name>
		<cmt>Schorfheide, Eichhorst; Eichhorst Ortslage vor der Brücke Abfahrt nach Altenhof</cmt>
		<desc>Schorfheide, Eichhorst; Eichhorst Ortslage vor der Brücke Abfahrt nach Altenhof</desc>
		<src>LB Forst Brandenburg</src>
	</wpt>
	<wpt lat="52.890447228932345" lon="13.267453774827388">
		<name>1930</name>
		<cmt>Löwenberger Land, Liebenberg; B167 in Richtung Falkenthal, 200 m hinter dem Ortsausgang Liebenberg, Abzweig Hertefelder Weg - Parkplatz</cmt>
		<desc>Löwenberger Land, Liebenberg; B167 in Richtung Falkenthal, 200 m hinter dem Ortsausgang Liebenberg, Abzweig Hertefelder Weg - Parkplatz</desc>
		<src>LB Forst Brandenburg</src>
	</wpt>
	<wpt lat="52.885333746645145" lon="12.911955156454644">
		<name>1932</name>
		<cmt>Neuruppin, Radensleben; Ortsausgang Richtung Herzberg</cmt>
		<desc>Neuruppin, Radensleben; Ortsausgang Richtung Herzberg</desc>
		<src>LB Forst Brandenburg</src>
	</wpt>
	<wpt lat="52.902539218610059" lon="13.871606544236464">
		<name>1657</name>
		<cmt>Chorin; Dorfkirche Chorin,</cmt>
		<desc>Chorin; Dorfkirche Chorin,</desc>
		<src>LB Forst Brandenburg</src>
	</wpt>
	<wpt lat="52.902848013788898" lon="13.644822093247276">
		<name>1723</name>
		<cmt>Schorfheide, Eichhorst; Einfahrt ehem. Oberförsterei Pechteich, Eichhorster Straße zur Schorfheide 36</cmt>
		<desc>Schorfheide, Eichhorst; Einfahrt ehem. Oberförsterei Pechteich, Eichhorster Straße zur Schorfheide 36</desc>
		<src>LB Forst Brandenburg</src>
	</wpt>
	<wpt lat="52.896646672951711" lon="13.039889318348337">
		<name>1946</name>
		<cmt>Löwenberger Land, Grieben; B167 Ortslage Grieben, Abzweig Rüthnicker Weg</cmt>
		<desc>Löwenberger Land, Grieben; B167 Ortslage Grieben, Abzweig Rüthnicker Weg</desc>
		<src>LB Forst Brandenburg</src>
	</wpt>
	<wpt lat="52.905311691870651" lon="13.527880316155445">
		<name>1731</name>
		<cmt>Schorfheide, Groß Schönebeck; Oberförsterei Gross-Schönebeck</cmt>
		<desc>Schorfheide, Groß Schönebeck; Oberförsterei Gross-Schönebeck</desc>
		<src>LB Forst Brandenburg</src>
	</wpt>
	<wpt lat="52.911201773927402" lon="13.96141591035606">
		<name>1655</name>
		<cmt>Chorin, Brodowin; Brodowinwe Dorfstraße Abzweig Partstein</cmt>
		<desc>Chorin, Brodowin; Brodowinwe Dorfstraße Abzweig Partstein</desc>
		<src>LB Forst Brandenburg</src>
	</wpt>
	<wpt lat="52.907570463153228" lon="13.588719476737644">
		<name>1721</name>
		<cmt>Schorfheide, Groß Schönebeck; Einfahrt zum Gut Sarnow, Straße zwischen Eichhorst und Gross-Schönebeck</cmt>
		<desc>Schorfheide, Groß Schönebeck; Einfahrt zum Gut Sarnow, Straße zwischen Eichhorst und Gross-Schönebeck</desc>
		<src>LB Forst Brandenburg</src>
	</wpt>
	<wpt lat="52.909083348847133" lon="13.707534269896016">
		<name>1719</name>
		<cmt>Schorfheide, Altenhof; Abzweig nach Eichhorst (EU Radweg) Bettenhaus</cmt>
		<desc>Schorfheide, Altenhof; Abzweig nach Eichhorst (EU Radweg) Bettenhaus</desc>
		<src>LB Forst Brandenburg</src>
	</wpt>
	<wpt lat="52.911585459574383" lon="13.807566506102152">
		<name>1658</name>
		<cmt>Chorin, Golzow; Dorfkirche Golzow</cmt>
		<desc>Chorin, Golzow; Dorfkirche Golzow</desc>
		<src>LB Forst Brandenburg</src>
	</wpt>
	<wpt lat="52.911346505434004" lon="13.65749408049124">
		<name>1725</name>
		<cmt>Schorfheide, Eichhorst; Parkplatz am Spring, kurz hinter Eichhorst in Richtung Joachimsthal auf der rechten Seite</cmt>
		<desc>Schorfheide, Eichhorst; Parkplatz am Spring, kurz hinter Eichhorst in Richtung Joachimsthal auf der rechten Seite</desc>
		<src>LB Forst Brandenburg</src>
	</wpt>
	<wpt lat="52.921296772737918" lon="14.028837001968">
		<name>1632</name>
		<cmt>Parsteinsee; Parkplatz Parsteinsee, aus Parstein kommend</cmt>
		<desc>Parsteinsee; Parkplatz Parsteinsee, aus Parstein kommend</desc>
		<src>LB Forst Brandenburg</src>
	</wpt>
	<wpt lat="52.891336752403731" lon="12.08429548961008">
		<name>1531</name>
		<cmt>Glöwen; B 107 Richtung Havelberg  - OT Friedrichswalde</cmt>
		<desc>Glöwen; B 107 Richtung Havelberg  - OT Friedrichswalde</desc>
		<src>LB Forst Brandenburg</src>
	</wpt>
	<wpt lat="52.894284565033239" lon="12.004989891980809">
		<name>1528</name>
		<cmt>Quitzöbel; L10-Quitzöbel - Havelberg</cmt>
		<desc>Quitzöbel; L10-Quitzöbel - Havelberg</desc>
		<src>LB Forst Brandenburg</src>
	</wpt>
	<wpt lat="52.90207276521577" lon="12.319725122911597">
		<name>2754</name>
		<cmt>Stüdenitz-Schönermark, Schönermark; Dorfstraße 51, Kirche Schönermark</cmt>
		<desc>Stüdenitz-Schönermark, Schönermark; Dorfstraße 51, Kirche Schönermark</desc>
		<src>LB Forst Brandenburg</src>
	</wpt>
	<wpt lat="52.924915304010703" lon="13.575880618177342">
		<name>1724</name>
		<cmt>Schorfheide, Groß Schönebeck; Waldparkplatz Nähe Objekt Wildfang, Alte Joachimsthaler Str. 16a</cmt>
		<desc>Schorfheide, Groß Schönebeck; Waldparkplatz Nähe Objekt Wildfang, Alte Joachimsthaler Str. 16a</desc>
		<src>LB Forst Brandenburg</src>
	</wpt>
	<wpt lat="52.924371085151421" lon="13.508313461399096">
		<name>1732</name>
		<cmt>Schorfheide, Groß Schönebeck; Richtung Schluft am Abzweig Glasowsee an der K 6011</cmt>
		<desc>Schorfheide, Groß Schönebeck; Richtung Schluft am Abzweig Glasowsee an der K 6011</desc>
		<src>LB Forst Brandenburg</src>
	</wpt>
	<wpt lat="52.92357314449599" lon="13.43763658481743">
		<name>1737</name>
		<cmt>Schorfheide; Revierförsterei Prötze, Groß Schönebeck Richtung Schluft ca. 2,8 km dann links Richtung Prötze</cmt>
		<desc>Schorfheide; Revierförsterei Prötze, Groß Schönebeck Richtung Schluft ca. 2,8 km dann links Richtung Prötze</desc>
		<src>LB Forst Brandenburg</src>
	</wpt>
	<wpt lat="52.90360195942587" lon="12.285967502973907">
		<name>2756</name>
		<cmt>Stüdenitz- Schönermark, Stüdenitz; Am Berg 1,  Einfahrt Milchviehanlage</cmt>
		<desc>Stüdenitz- Schönermark, Stüdenitz; Am Berg 1,  Einfahrt Milchviehanlage</desc>
		<src>LB Forst Brandenburg</src>
	</wpt>
	<wpt lat="52.932333082750219" lon="13.858904374565848">
		<name>1659</name>
		<cmt>Chorin, Senftenhütte; Dorfkirche Senftenhütte</cmt>
		<desc>Chorin, Senftenhütte; Dorfkirche Senftenhütte</desc>
		<src>LB Forst Brandenburg</src>
	</wpt>
	<wpt lat="52.93541230890348" lon="13.929056348796992">
		<name>1662</name>
		<cmt>Chorin, Serwest; Dorfkirche Serwest</cmt>
		<desc>Chorin, Serwest; Dorfkirche Serwest</desc>
		<src>LB Forst Brandenburg</src>
	</wpt>
	<wpt lat="52.932789274120779" lon="13.484241708728533">
		<name>1734</name>
		<cmt>Schorfheide, Groß Schönebeck; Richtung Schluft am Abzweig Liebenthal, an der K 6011</cmt>
		<desc>Schorfheide, Groß Schönebeck; Richtung Schluft am Abzweig Liebenthal, an der K 6011</desc>
		<src>LB Forst Brandenburg</src>
	</wpt>
	<wpt lat="52.934416444229598" lon="13.552349378523864">
		<name>1730</name>
		<cmt>Schorfheide; L 100 ehem. Revierförsterei Hirschberg, 2,1 km vom OA Groß Schönebeck Richtung Prenzlau rechte Seite</cmt>
		<desc>Schorfheide; L 100 ehem. Revierförsterei Hirschberg, 2,1 km vom OA Groß Schönebeck Richtung Prenzlau rechte Seite</desc>
		<src>LB Forst Brandenburg</src>
	</wpt>
	<wpt lat="52.916833200439051" lon="12.433152155604615">
		<name>1507</name>
		<cmt>Kyritz, Heinrichsfelde; Einfahrt Flugplatz</cmt>
		<desc>Kyritz, Heinrichsfelde; Einfahrt Flugplatz</desc>
		<src>LB Forst Brandenburg</src>
	</wpt>
	<wpt lat="52.937892263093623" lon="13.605676068002301">
		<name>1727</name>
		<cmt>Schorfheide, Groß Schönebeck; Revierförsterei Wildfang, Joachimsthaler Straße  Gross-Schönebeck</cmt>
		<desc>Schorfheide, Groß Schönebeck; Revierförsterei Wildfang, Joachimsthaler Straße  Gross-Schönebeck</desc>
		<src>LB Forst Brandenburg</src>
	</wpt>
	<wpt lat="52.911306233300415" lon="12.027842746976507">
		<name>1530</name>
		<cmt>Roddan; K 7005 Roddan -  Glöwen</cmt>
		<desc>Roddan; K 7005 Roddan -  Glöwen</desc>
		<src>LB Forst Brandenburg</src>
	</wpt>
	<wpt lat="52.914579839542206" lon="12.115638383779602">
		<name>1532</name>
		<cmt>Glöwen; K7003</cmt>
		<desc>Glöwen; K7003</desc>
		<src>LB Forst Brandenburg</src>
	</wpt>
	<wpt lat="52.924340982205237" lon="12.541764398677932">
		<name>1499</name>
		<cmt>Wusterhausen, Trieplatz; Ortseingang Trieplatz aus Richtung Dessow</cmt>
		<desc>Wusterhausen, Trieplatz; Ortseingang Trieplatz aus Richtung Dessow</desc>
		<src>LB Forst Brandenburg</src>
	</wpt>
	<wpt lat="52.93336465857967" lon="12.326426949408772">
		<name>2755</name>
		<cmt>Kyritz, Wilhelmsgrille; Bushaltestelle</cmt>
		<desc>Kyritz, Wilhelmsgrille; Bushaltestelle</desc>
		<src>LB Forst Brandenburg</src>
	</wpt>
	<wpt lat="52.93691061405903" lon="12.452766932504138">
		<name>1498</name>
		<cmt>Wusterhausen, Bantikow; Dorfstraße 34, Schloss Bantikow</cmt>
		<desc>Wusterhausen, Bantikow; Dorfstraße 34, Schloss Bantikow</desc>
		<src>LB Forst Brandenburg</src>
	</wpt>
	<wpt lat="52.937628753060238" lon="12.436985252184147">
		<name>1506</name>
		<cmt>Kyritz, Kyritz; Seestraße 110, Parkplatz Hotel Waldschlösschen</cmt>
		<desc>Kyritz, Kyritz; Seestraße 110, Parkplatz Hotel Waldschlösschen</desc>
		<src>LB Forst Brandenburg</src>
	</wpt>
	<wpt lat="53.086057449911081" lon="11.894865353603485">
		<name>1566</name>
		<cmt>Perleberg, Spiegelhagen; Feuerwehr Spiegelhagen</cmt>
		<desc>Perleberg, Spiegelhagen; Feuerwehr Spiegelhagen</desc>
		<src>LB Forst Brandenburg</src>
	</wpt>
	<wpt lat="52.956459729301486" lon="13.489011638665886">
		<name>1735</name>
		<cmt>Schorfheide, Schluft; Ortsverbindudng  Schluft -Kurtschlag ca. 2 km hinter Schluft, (Kurtschläger Damm)</cmt>
		<desc>Schorfheide, Schluft; Ortsverbindudng  Schluft -Kurtschlag ca. 2 km hinter Schluft, (Kurtschläger Damm)</desc>
		<src>LB Forst Brandenburg</src>
	</wpt>
	<wpt lat="52.957802454197676" lon="13.458450359986276">
		<name>1738</name>
		<cmt>Schorfheide, Schluft; Revierförsterei Trämmersee</cmt>
		<desc>Schorfheide, Schluft; Revierförsterei Trämmersee</desc>
		<src>LB Forst Brandenburg</src>
	</wpt>
	<wpt lat="52.945569995860403" lon="12.570868866931109">
		<name>1500</name>
		<cmt>Wusterhausen, Blankenberg; Ortseingang Blankenberg aus Richtung Lögow</cmt>
		<desc>Wusterhausen, Blankenberg; Ortseingang Blankenberg aus Richtung Lögow</desc>
		<src>LB Forst Brandenburg</src>
	</wpt>
	<wpt lat="52.957362621670967" lon="12.524795472666106">
		<name>1501</name>
		<cmt>Wusterhausen, Tramnitz; Ortschaft Tramnitz Bushaltestelle</cmt>
		<desc>Wusterhausen, Tramnitz; Ortschaft Tramnitz Bushaltestelle</desc>
		<src>LB Forst Brandenburg</src>
	</wpt>
	<wpt lat="52.976182408278412" lon="13.580182649904467">
		<name>1728</name>
		<cmt>Schorfheide; L 100 Parkplatz Rarangsee, 8 km von 0A Groß Schönebeck Richtung Prenzlau rechte Seite</cmt>
		<desc>Schorfheide; L 100 Parkplatz Rarangsee, 8 km von 0A Groß Schönebeck Richtung Prenzlau rechte Seite</desc>
		<src>LB Forst Brandenburg</src>
	</wpt>
	<wpt lat="52.969531106651672" lon="12.937718564767541">
		<name>1939</name>
		<cmt>Lindow (Mark), Gühlen; Straße nach Gühlen, Ortseingang Gühlen</cmt>
		<desc>Lindow (Mark), Gühlen; Straße nach Gühlen, Ortseingang Gühlen</desc>
		<src>LB Forst Brandenburg</src>
	</wpt>
	<wpt lat="52.964522075551976" lon="12.473956296324326">
		<name>1503</name>
		<cmt>Wusterhausen, Sechzehneichen; Ortseingang Sechzehneichen aus Richtung Stolpe</cmt>
		<desc>Wusterhausen, Sechzehneichen; Ortseingang Sechzehneichen aus Richtung Stolpe</desc>
		<src>LB Forst Brandenburg</src>
	</wpt>
	<wpt lat="52.966667110926323" lon="12.434280612468605">
		<name>1505</name>
		<cmt>Kyritz, Stolpe; Bushaltestelle</cmt>
		<desc>Kyritz, Stolpe; Bushaltestelle</desc>
		<src>LB Forst Brandenburg</src>
	</wpt>
	<wpt lat="52.958148479198897" lon="11.988054360170024">
		<name>1525</name>
		<cmt>Bad Wilsnack; Weg Bad Wilsnack - Glöwen</cmt>
		<desc>Bad Wilsnack; Weg Bad Wilsnack - Glöwen</desc>
		<src>LB Forst Brandenburg</src>
	</wpt>
	<wpt lat="52.974094863257967" lon="12.50965464643539">
		<name>1502</name>
		<cmt>Wusterhausen, Schönberg; am Funkmast D1</cmt>
		<desc>Wusterhausen, Schönberg; am Funkmast D1</desc>
		<src>LB Forst Brandenburg</src>
	</wpt>
	<wpt lat="52.992649170434092" lon="13.47858339339553">
		<name>1295</name>
		<cmt>Zehdenick, Kurtschlag; Ortsausgang Richtung Schluft</cmt>
		<desc>Zehdenick, Kurtschlag; Ortsausgang Richtung Schluft</desc>
		<src>LB Forst Brandenburg</src>
	</wpt>
	<wpt lat="52.994536739398626" lon="13.59242643000162">
		<name>1746</name>
		<cmt>Schorfheide, Döllner Heide; Einfahrt Maschinenhof Döllnsee an der L 100 (nähe Döllnsee)</cmt>
		<desc>Schorfheide, Döllner Heide; Einfahrt Maschinenhof Döllnsee an der L 100 (nähe Döllnsee)</desc>
		<src>LB Forst Brandenburg</src>
	</wpt>
	<wpt lat="53.000916846356617" lon="13.789917064350744">
		<name>1751</name>
		<cmt>Joachimsthal, Bärendickte; Glambecker Straße (L239) - Parkplatz Dovinsee</cmt>
		<desc>Joachimsthal, Bärendickte; Glambecker Straße (L239) - Parkplatz Dovinsee</desc>
		<src>LB Forst Brandenburg</src>
	</wpt>
	<wpt lat="52.9980007729257" lon="13.424338294048901">
		<name>1293</name>
		<cmt>Zehdenick, Kappe; Ortsverbindungsstraße Kappe-Kurtschlag, Abzweig Blockhausdamm</cmt>
		<desc>Zehdenick, Kappe; Ortsverbindungsstraße Kappe-Kurtschlag, Abzweig Blockhausdamm</desc>
		<src>LB Forst Brandenburg</src>
	</wpt>
	<wpt lat="52.992981849317957" lon="12.899724251480501">
		<name>1924</name>
		<cmt>Neuruppin, Zippelsförde; B122, Parkplatz Fischerei</cmt>
		<desc>Neuruppin, Zippelsförde; B122, Parkplatz Fischerei</desc>
		<src>LB Forst Brandenburg</src>
	</wpt>
	<wpt lat="53.000290029514971" lon="13.348813537489182">
		<name>1288</name>
		<cmt>Zehdenick; An der Templiner Chaussee, 200 m hinter Ortsausgangsschild Richtung Templin</cmt>
		<desc>Zehdenick; An der Templiner Chaussee, 200 m hinter Ortsausgangsschild Richtung Templin</desc>
		<src>LB Forst Brandenburg</src>
	</wpt>
	<wpt lat="52.989613992675324" lon="12.487731174559926">
		<name>1511</name>
		<cmt>Wusterhausen, Wulkow; Revierförsterei Tramnitz, Schönberger Str.7</cmt>
		<desc>Wusterhausen, Wulkow; Revierförsterei Tramnitz, Schönberger Str.7</desc>
		<src>LB Forst Brandenburg</src>
	</wpt>
	<wpt lat="52.988670820102698" lon="12.396647485798052">
		<name>1509</name>
		<cmt>Kyritz, Drewen; Kirche</cmt>
		<desc>Kyritz, Drewen; Kirche</desc>
		<src>LB Forst Brandenburg</src>
	</wpt>
	<wpt lat="52.989912242488586" lon="12.439380227429856">
		<name>1504</name>
		<cmt>Kyritz, Karnzow; Karnzow 4, Verwaltungsgebäude</cmt>
		<desc>Kyritz, Karnzow; Karnzow 4, Verwaltungsgebäude</desc>
		<src>LB Forst Brandenburg</src>
	</wpt>
	<wpt lat="53.011829608007346" lon="13.752828878874576">
		<name>1750</name>
		<cmt>Friedrichswalde, Parlow; Parlower Straße - Einfahrt Radweg (K 6017)</cmt>
		<desc>Friedrichswalde, Parlow; Parlower Straße - Einfahrt Radweg (K 6017)</desc>
		<src>LB Forst Brandenburg</src>
	</wpt>
	<wpt lat="53.0015773613422" lon="12.779807252597209">
		<name>1916</name>
		<cmt>Neuruppin, Stendenitz; L16, Abzweig nach Stendenitz (Grafendamm)</cmt>
		<desc>Neuruppin, Stendenitz; L16, Abzweig nach Stendenitz (Grafendamm)</desc>
		<src>LB Forst Brandenburg</src>
	</wpt>
	<wpt lat="53.016537429032518" lon="13.406977976950754">
		<name>1292</name>
		<cmt>Zehdenick, Deutschboden; L 215 Verbindungsstraße Zehdenick-Groß Dölln, Abzweig Deutschboden</cmt>
		<desc>Zehdenick, Deutschboden; L 215 Verbindungsstraße Zehdenick-Groß Dölln, Abzweig Deutschboden</desc>
		<src>LB Forst Brandenburg</src>
	</wpt>
	<wpt lat="53.012581717911772" lon="12.700224799127909">
		<name>1909</name>
		<cmt>Storbeck-Frankendorf, Frankendorf; Altdorf, Revierförsterei</cmt>
		<desc>Storbeck-Frankendorf, Frankendorf; Altdorf, Revierförsterei</desc>
		<src>LB Forst Brandenburg</src>
	</wpt>
	<wpt lat="53.017662537908627" lon="12.846186799376653">
		<name>1919</name>
		<cmt>Neuruppin, Fristow; Försterei Fristow</cmt>
		<desc>Neuruppin, Fristow; Försterei Fristow</desc>
		<src>LB Forst Brandenburg</src>
	</wpt>
	<wpt lat="53.012028177101641" lon="12.546493535599284">
		<name>1942</name>
		<cmt>Temnitzquell, Horst; Ortseingang</cmt>
		<desc>Temnitzquell, Horst; Ortseingang</desc>
		<src>LB Forst Brandenburg</src>
	</wpt>
	<wpt lat="53.019613880752097" lon="12.810159182986727">
		<name>1926</name>
		<cmt>Neuruppin, Rottstiel; Försterei Rottstiel 1</cmt>
		<desc>Neuruppin, Rottstiel; Försterei Rottstiel 1</desc>
		<src>LB Forst Brandenburg</src>
	</wpt>
	<wpt lat="53.017812476733475" lon="12.507983007405665">
		<name>1512</name>
		<cmt>Kyritz, Teetz; Kirche</cmt>
		<desc>Kyritz, Teetz; Kirche</desc>
		<src>LB Forst Brandenburg</src>
	</wpt>
	<wpt lat="53.017060382765798" lon="12.443343538808953">
		<name>1413</name>
		<cmt>Kyritz, Lellichow; Waldparkplatz Pristerweg (zw.Karnzow und Lellichow)</cmt>
		<desc>Kyritz, Lellichow; Waldparkplatz Pristerweg (zw.Karnzow und Lellichow)</desc>
		<src>LB Forst Brandenburg</src>
	</wpt>
	<wpt lat="53.026152016792743" lon="12.430212784058492">
		<name>1510</name>
		<cmt>Kyritz, Bork; Kirche</cmt>
		<desc>Kyritz, Bork; Kirche</desc>
		<src>LB Forst Brandenburg</src>
	</wpt>
	<wpt lat="53.045648989420933" lon="13.132395506689676">
		<name>1303</name>
		<cmt>Sonnenberg, Rauschendorf; L222 Kreuzung Neulögow / Rauschendorf</cmt>
		<desc>Sonnenberg, Rauschendorf; L222 Kreuzung Neulögow / Rauschendorf</desc>
		<src>LB Forst Brandenburg</src>
	</wpt>
	<wpt lat="53.028328362833832" lon="12.224459356496805">
		<name>1542</name>
		<cmt>Dannenwalde; Wegkreuzung Straße n. Friedheim</cmt>
		<desc>Dannenwalde; Wegkreuzung Straße n. Friedheim</desc>
		<src>LB Forst Brandenburg</src>
	</wpt>
	<wpt lat="53.02539084449522" lon="11.965200033189413">
		<name>1543</name>
		<cmt>Plattenburg, Ponitz; Ponitzer Straße Waldeingang</cmt>
		<desc>Plattenburg, Ponitz; Ponitzer Straße Waldeingang</desc>
		<src>LB Forst Brandenburg</src>
	</wpt>
	<wpt lat="53.051202653202637" lon="13.0909857954769">
		<name>1302</name>
		<cmt>Großwoltersdorf, Wolfsruh; Rauschendorfer Weg 4</cmt>
		<desc>Großwoltersdorf, Wolfsruh; Rauschendorfer Weg 4</desc>
		<src>LB Forst Brandenburg</src>
	</wpt>
	<wpt lat="53.025188339733226" lon="11.675138231502658">
		<name>1589</name>
		<cmt>Revierförsterei Wentdorf; Revierförsterei Wentdorf</cmt>
		<desc>Revierförsterei Wentdorf; Revierförsterei Wentdorf</desc>
		<src>LB Forst Brandenburg</src>
	</wpt>
	<wpt lat="53.053980548106999" lon="12.906970609372578">
		<name>2045</name>
		<cmt>Rheinsberg, Zechow; Dorfstraße, Ortsausgang Richtung Schwanow - Abzweig Rheinshagen</cmt>
		<desc>Rheinsberg, Zechow; Dorfstraße, Ortsausgang Richtung Schwanow - Abzweig Rheinshagen</desc>
		<src>LB Forst Brandenburg</src>
	</wpt>
	<wpt lat="53.064301601769458" lon="13.288282614944345">
		<name>1298</name>
		<cmt>Fürstenberg, Tornow; Bushaltestelle an der Kreuzung in Richtung Fürstenberg</cmt>
		<desc>Fürstenberg, Tornow; Bushaltestelle an der Kreuzung in Richtung Fürstenberg</desc>
		<src>LB Forst Brandenburg</src>
	</wpt>
	<wpt lat="53.187705754733024" lon="13.089598691225939">
		<name>1378</name>
		<cmt>Steinförde; Steinerne Furth 14, Oberförsterei Steinförde</cmt>
		<desc>Steinförde; Steinerne Furth 14, Oberförsterei Steinförde</desc>
		<src>LB Forst Brandenburg</src>
	</wpt>
	<wpt lat="53.061286002879747" lon="12.950384501379899">
		<name>1338</name>
		<cmt>Rheinsberg, Köpernitz; Ortsverbindung Köpernitz Richtung Neuköpernitz, 200m hinter Ortsausgang Köpernitz links Einfahrt zur Mühle</cmt>
		<desc>Rheinsberg, Köpernitz; Ortsverbindung Köpernitz Richtung Neuköpernitz, 200m hinter Ortsausgang Köpernitz links Einfahrt zur Mühle</desc>
		<src>LB Forst Brandenburg</src>
	</wpt>
	<wpt lat="53.076826679995349" lon="14.232001656843604">
		<name>1767</name>
		<cmt>Schwedt; Revierförsterei Berkholz, Bahnübergang Rcihtung Berkholz</cmt>
		<desc>Schwedt; Revierförsterei Berkholz, Bahnübergang Rcihtung Berkholz</desc>
		<src>LB Forst Brandenburg</src>
	</wpt>
	<wpt lat="53.039666836736956" lon="11.857515983984463">
		<name>1438</name>
		<cmt>Perleberg, Perleberg; L 10 2 km südlich Perleberg X Jeetzebrücke (Heli-tauglich)</cmt>
		<desc>Perleberg, Perleberg; L 10 2 km südlich Perleberg X Jeetzebrücke (Heli-tauglich)</desc>
		<src>LB Forst Brandenburg</src>
	</wpt>
	<wpt lat="53.038987275448477" lon="11.810335232188679">
		<name>1518</name>
		<cmt>Perleberg, Perleberg; B189 ALT Perleberg - Weisen Bahnübergang</cmt>
		<desc>Perleberg, Perleberg; B189 ALT Perleberg - Weisen Bahnübergang</desc>
		<src>LB Forst Brandenburg</src>
	</wpt>
	<wpt lat="53.076479407116999" lon="13.747754907023952">
		<name>1344</name>
		<cmt>Milmersdorf, Hohenwalde; Ortsmitte</cmt>
		<desc>Milmersdorf, Hohenwalde; Ortsmitte</desc>
		<src>LB Forst Brandenburg</src>
	</wpt>
	<wpt lat="53.069844004033179" lon="12.532613276187222">
		<name>1435</name>
		<cmt>Wittstock, Fretzdorf; Autohof Herzsprung</cmt>
		<desc>Wittstock, Fretzdorf; Autohof Herzsprung</desc>
		<src>LB Forst Brandenburg</src>
	</wpt>
	<wpt lat="53.080288575687405" lon="13.001900739680821">
		<name>1309</name>
		<cmt>Stechlin, Dollgow; Abzweig Schulzenhof</cmt>
		<desc>Stechlin, Dollgow; Abzweig Schulzenhof</desc>
		<src>LB Forst Brandenburg</src>
	</wpt>
	<wpt lat="53.057387188102901" lon="11.856532206060194">
		<name>1516</name>
		<cmt>Perleberg, Perleberg; L 10 Perleberg Vorderheide - Einfahrt Kläranlge</cmt>
		<desc>Perleberg, Perleberg; L 10 Perleberg Vorderheide - Einfahrt Kläranlge</desc>
		<src>LB Forst Brandenburg</src>
	</wpt>
	<wpt lat="53.05941103215504" lon="11.89343122466652">
		<name>1515</name>
		<cmt>Perleberg, Düpow; Friedhof</cmt>
		<desc>Perleberg, Düpow; Friedhof</desc>
		<src>LB Forst Brandenburg</src>
	</wpt>
	<wpt lat="53.086316830128332" lon="12.910733396942407">
		<name>1341</name>
		<cmt>Rheinsberg, Rheinsberg; direkt Bahnübergang/ Ortseingang B122 bzw.Berliner Chaussee</cmt>
		<desc>Rheinsberg, Rheinsberg; direkt Bahnübergang/ Ortseingang B122 bzw.Berliner Chaussee</desc>
		<src>LB Forst Brandenburg</src>
	</wpt>
	<wpt lat="53.088312213875604" lon="12.897258353248597">
		<name>1336</name>
		<cmt>Rheinsberg; Ortsausgang Richtung Zechow, Lindenallee, direkt am Waldrand</cmt>
		<desc>Rheinsberg; Ortsausgang Richtung Zechow, Lindenallee, direkt am Waldrand</desc>
		<src>LB Forst Brandenburg</src>
	</wpt>
	<wpt lat="53.063423397429851" lon="11.648469027076786">
		<name>1448</name>
		<cmt>Lanz, Bernheide; Bärwinkel 1, Parkplatz</cmt>
		<desc>Lanz, Bernheide; Bärwinkel 1, Parkplatz</desc>
		<src>LB Forst Brandenburg</src>
	</wpt>
	<wpt lat="53.080087621381232" lon="11.934731979760359">
		<name>1514</name>
		<cmt>Perleberg, Rosenhagen; Ortsausgang Richtung Gr. Gottschow</cmt>
		<desc>Perleberg, Rosenhagen; Ortsausgang Richtung Gr. Gottschow</desc>
		<src>LB Forst Brandenburg</src>
	</wpt>
	<wpt lat="53.078561447115447" lon="11.809621744901486">
		<name>1567</name>
		<cmt>Perleberg, Sükow; Ortsausgang Sükow --&amp;gt; Perleberg</cmt>
		<desc>Perleberg, Sükow; Ortsausgang Sükow --&amp;gt; Perleberg</desc>
		<src>LB Forst Brandenburg</src>
	</wpt>
	<wpt lat="53.06563893560844" lon="11.356291235022059">
		<name>1463</name>
		<cmt>Wootz; Gaststätte "Wootzer Eck"</cmt>
		<desc>Wootz; Gaststätte "Wootzer Eck"</desc>
		<src>LB Forst Brandenburg</src>
	</wpt>
	<wpt lat="53.119833686943089" lon="14.307848429403228">
		<name>1760</name>
		<cmt>Hohenfelde; Revierförsterei Wildbahn, B 2 Richtung Gartz-Kolonie Wildbahn</cmt>
		<desc>Hohenfelde; Revierförsterei Wildbahn, B 2 Richtung Gartz-Kolonie Wildbahn</desc>
		<src>LB Forst Brandenburg</src>
	</wpt>
	<wpt lat="53.109286669606419" lon="12.973899638603532">
		<name>1311</name>
		<cmt>Stechlin, Menz; L15 Abzweig Beerenbusch / Dollgow</cmt>
		<desc>Stechlin, Menz; L15 Abzweig Beerenbusch / Dollgow</desc>
		<src>LB Forst Brandenburg</src>
	</wpt>
	<wpt lat="53.099006364513897" lon="12.430822560286233">
		<name>1415</name>
		<cmt>Wittstock, Papenbruch; Natteheide, Alte Försterei</cmt>
		<desc>Wittstock, Papenbruch; Natteheide, Alte Försterei</desc>
		<src>LB Forst Brandenburg</src>
	</wpt>
	<wpt lat="53.112803046422499" lon="13.12776991037998">
		<name>1307</name>
		<cmt>Großwoltersdorf, Buchholz; Forststraße 5 Revierförsterei Seilershof</cmt>
		<desc>Großwoltersdorf, Buchholz; Forststraße 5 Revierförsterei Seilershof</desc>
		<src>LB Forst Brandenburg</src>
	</wpt>
	<wpt lat="53.111662873664692" lon="13.046219957843988">
		<name>1317</name>
		<cmt>Stechlin, Menz; Roofenstraße 23 Revierförsterei</cmt>
		<desc>Stechlin, Menz; Roofenstraße 23 Revierförsterei</desc>
		<src>LB Forst Brandenburg</src>
	</wpt>
	<wpt lat="53.111431051816247" lon="12.997370194751531">
		<name>1316</name>
		<cmt>Stechlin, Menz; L15 Krummer Damm</cmt>
		<desc>Stechlin, Menz; L15 Krummer Damm</desc>
		<src>LB Forst Brandenburg</src>
	</wpt>
	<wpt lat="53.081525901115263" lon="11.62427585821046">
		<name>1470</name>
		<cmt>Lanz, Gadow; Forsthof Gadow</cmt>
		<desc>Lanz, Gadow; Forsthof Gadow</desc>
		<src>LB Forst Brandenburg</src>
	</wpt>
	<wpt lat="53.106174800460465" lon="12.48496001501721">
		<name>1407</name>
		<cmt>Wittstock, Fretzdorf; L 14, Autobahnbrücke, Waldschranke</cmt>
		<desc>Wittstock, Fretzdorf; L 14, Autobahnbrücke, Waldschranke</desc>
		<src>LB Forst Brandenburg</src>
	</wpt>
	<wpt lat="53.095789518920064" lon="11.866826526827371">
		<name>2788</name>
		<cmt>Perleberg, Perleberg; Gemeindestr. Perleberg - Groß Buchholz, Einfahrt Hochwasserdamm</cmt>
		<desc>Perleberg, Perleberg; Gemeindestr. Perleberg - Groß Buchholz, Einfahrt Hochwasserdamm</desc>
		<src>LB Forst Brandenburg</src>
	</wpt>
	<wpt lat="53.125776076497907" lon="13.070792154221373">
		<name>1318</name>
		<cmt>Stechlin, Menz; Neuroofen 3 Eichkater</cmt>
		<desc>Stechlin, Menz; Neuroofen 3 Eichkater</desc>
		<src>LB Forst Brandenburg</src>
	</wpt>
	<wpt lat="53.137057170565726" lon="13.729833968393956">
		<name>2771</name>
		<cmt>Friedenfelde, Gerswalde; Friedenfelde Gutshaus</cmt>
		<desc>Friedenfelde, Gerswalde; Friedenfelde Gutshaus</desc>
		<src>LB Forst Brandenburg</src>
	</wpt>
	<wpt lat="53.131273522701854" lon="13.015674481272208">
		<name>1319</name>
		<cmt>Stechlin, Menz; Roofenstraße Richtung KKW - Krummer Damm</cmt>
		<desc>Stechlin, Menz; Roofenstraße Richtung KKW - Krummer Damm</desc>
		<src>LB Forst Brandenburg</src>
	</wpt>
	<wpt lat="53.099382808240719" lon="11.56690327073378">
		<name>1471</name>
		<cmt>Ferbitz; Gaststätte Bauer</cmt>
		<desc>Ferbitz; Gaststätte Bauer</desc>
		<src>LB Forst Brandenburg</src>
	</wpt>
	<wpt lat="53.136723793265617" lon="13.244172920656581">
		<name>1374</name>
		<cmt>Fürstenberg / Havel, Bredereiche; Templiner Str. 1</cmt>
		<desc>Fürstenberg / Havel, Bredereiche; Templiner Str. 1</desc>
		<src>LB Forst Brandenburg</src>
	</wpt>
	<wpt lat="53.112849385930346" lon="11.655369048507209">
		<name>1417</name>
		<cmt>Mankmuß, Birkholz; Bushaltestelle Birkholz</cmt>
		<desc>Mankmuß, Birkholz; Bushaltestelle Birkholz</desc>
		<src>LB Forst Brandenburg</src>
	</wpt>
	<wpt lat="53.147507533169176" lon="13.152749228584947">
		<name>1377</name>
		<cmt>Fürstenberg / Havel, Drögen; Drögen 10, Revierförsterei Fürstenberg/ Havel</cmt>
		<desc>Fürstenberg / Havel, Drögen; Drögen 10, Revierförsterei Fürstenberg/ Havel</desc>
		<src>LB Forst Brandenburg</src>
	</wpt>
	<wpt lat="53.110890499206825" lon="11.512092077647155">
		<name>1460</name>
		<cmt>Lenzen, Rudow; Forsthaus Rudow/Revierförsterei Lenzen</cmt>
		<desc>Lenzen, Rudow; Forsthaus Rudow/Revierförsterei Lenzen</desc>
		<src>LB Forst Brandenburg</src>
	</wpt>
	<wpt lat="53.153156934114101" lon="13.21460274012354">
		<name>1375</name>
		<cmt>Fürstenberg / Havel, Zootzen; Hauptstraße 23,</cmt>
		<desc>Fürstenberg / Havel, Zootzen; Hauptstraße 23,</desc>
		<src>LB Forst Brandenburg</src>
	</wpt>
	<wpt lat="53.113878089905242" lon="11.438986849062101">
		<name>1462</name>
		<cmt>Eldenburg; Eldenburg Feuerwehr</cmt>
		<desc>Eldenburg; Eldenburg Feuerwehr</desc>
		<src>LB Forst Brandenburg</src>
	</wpt>
	<wpt lat="53.122706933031957" lon="11.573416279293406">
		<name>1451</name>
		<cmt>Nausdorf; Nausdorf Abt.4420 (Brache)</cmt>
		<desc>Nausdorf; Nausdorf Abt.4420 (Brache)</desc>
		<src>LB Forst Brandenburg</src>
	</wpt>
	<wpt lat="53.126857997691907" lon="11.457617622444143">
		<name>1452</name>
		<cmt>Moor; Eldenburg Moor Schwarzer See</cmt>
		<desc>Moor; Eldenburg Moor Schwarzer See</desc>
		<src>LB Forst Brandenburg</src>
	</wpt>
	<wpt lat="53.170446357016104" lon="13.239741546966194">
		<name>1380</name>
		<cmt>Fürstenberg / Havel, Himmelpfort; Stolpseestraße 35, Ortseingang</cmt>
		<desc>Fürstenberg / Havel, Himmelpfort; Stolpseestraße 35, Ortseingang</desc>
		<src>LB Forst Brandenburg</src>
	</wpt>
	<wpt lat="53.144741930569019" lon="11.616442753204817">
		<name>1466</name>
		<cmt>Boberow; Gemeindehaus Boberow</cmt>
		<desc>Boberow; Gemeindehaus Boberow</desc>
		<src>LB Forst Brandenburg</src>
	</wpt>
	<wpt lat="53.167769248814643" lon="12.193859855749798">
		<name>1559</name>
		<cmt>Pritzwalk, Hainholz; An der Waldschule Hainholz</cmt>
		<desc>Pritzwalk, Hainholz; An der Waldschule Hainholz</desc>
		<src>LB Forst Brandenburg</src>
	</wpt>
	<wpt lat="53.183157666069114" lon="12.923734847791133">
		<name>1327</name>
		<cmt>Rheinsberg, Kleinzerlang; Umgehungsstraße, Kreuzung Adamswalder Weg</cmt>
		<desc>Rheinsberg, Kleinzerlang; Umgehungsstraße, Kreuzung Adamswalder Weg</desc>
		<src>LB Forst Brandenburg</src>
	</wpt>
	<wpt lat="53.175037293291332" lon="12.384430056807998">
		<name>1578</name>
		<cmt>Heiligengrabe, Maulbeerwalde; Verbindungsstraße Maulbeerwalde nach Zaatzke</cmt>
		<desc>Heiligengrabe, Maulbeerwalde; Verbindungsstraße Maulbeerwalde nach Zaatzke</desc>
		<src>LB Forst Brandenburg</src>
	</wpt>
	<wpt lat="53.189937143615026" lon="13.138353266458962">
		<name>1376</name>
		<cmt>Fürstenberg/ Havel; Kiefernweg 1, Revierförsterei Ravensbrück</cmt>
		<desc>Fürstenberg/ Havel; Kiefernweg 1, Revierförsterei Ravensbrück</desc>
		<src>LB Forst Brandenburg</src>
	</wpt>
	<wpt lat="53.194054894617672" lon="13.042859129838723">
		<name>1392</name>
		<cmt>Groß Menow; Forsthaus Groß Menow</cmt>
		<desc>Groß Menow; Forsthaus Groß Menow</desc>
		<src>LB Forst Brandenburg</src>
	</wpt>
	<wpt lat="53.199700380994514" lon="13.202696994873033">
		<name>1393</name>
		<cmt>Fürstenberg/ Havel; L15 Richtung Lychen, Abzweig Himmelpfort Neuthymen</cmt>
		<desc>Fürstenberg/ Havel; L15 Richtung Lychen, Abzweig Himmelpfort Neuthymen</desc>
		<src>LB Forst Brandenburg</src>
	</wpt>
	<wpt lat="53.19669459061523" lon="12.654481444529395">
		<name>1332</name>
		<cmt>Wittstock, Griebsee; Griebseer Weg, Einfahrt Kyritz-Ruppiner-Heide</cmt>
		<desc>Wittstock, Griebsee; Griebseer Weg, Einfahrt Kyritz-Ruppiner-Heide</desc>
		<src>LB Forst Brandenburg</src>
	</wpt>
	<wpt lat="53.217456299532323" lon="13.125848166356526">
		<name>1385</name>
		<cmt>Fürstenberg/ Havel; B 96 in Richtung Neustrelitz, Parkplatz rechte Seite</cmt>
		<desc>Fürstenberg/ Havel; B 96 in Richtung Neustrelitz, Parkplatz rechte Seite</desc>
		<src>LB Forst Brandenburg</src>
	</wpt>
	<wpt lat="53.219379699284062" lon="13.168103564585001">
		<name>1384</name>
		<cmt>Fürstenberg / Havel,  Altthymen; Am Thymensee 1, ehem. Revierförsterei Altthymen</cmt>
		<desc>Fürstenberg / Havel,  Altthymen; Am Thymensee 1, ehem. Revierförsterei Altthymen</desc>
		<src>LB Forst Brandenburg</src>
	</wpt>
	<wpt lat="53.227477852155388" lon="13.45509910804452">
		<name>1367</name>
		<cmt>Boitzenburger Land, Mahlendorf; Boitzenburger Land; OT Mahlendorf</cmt>
		<desc>Boitzenburger Land, Mahlendorf; Boitzenburger Land; OT Mahlendorf</desc>
		<src>LB Forst Brandenburg</src>
	</wpt>
	<wpt lat="53.211583737822423" lon="12.387935555838764">
		<name>1564</name>
		<cmt>Heiligengrabe, Volkwig; Volkwiger Straße Bushaltestelle Wendeschleife</cmt>
		<desc>Heiligengrabe, Volkwig; Volkwiger Straße Bushaltestelle Wendeschleife</desc>
		<src>LB Forst Brandenburg</src>
	</wpt>
	<wpt lat="53.221816332807009" lon="12.650210531378733">
		<name>1399</name>
		<cmt>Wittstock, Dranse; Kuhlmühle ehem. Militärobjekt</cmt>
		<desc>Wittstock, Dranse; Kuhlmühle ehem. Militärobjekt</desc>
		<src>LB Forst Brandenburg</src>
	</wpt>
	<wpt lat="53.220802151935885" lon="12.558913177492563">
		<name>1403</name>
		<cmt>Wittstock, Berlinchen; Schießstand Alt Daber</cmt>
		<desc>Wittstock, Berlinchen; Schießstand Alt Daber</desc>
		<src>LB Forst Brandenburg</src>
	</wpt>
	<wpt lat="53.223730598991516" lon="12.686894002323024">
		<name>1398</name>
		<cmt>Wittstock, Sewekow; Kreuzung am Radweg Abt.600 zu 690 zu 689 zu 688</cmt>
		<desc>Wittstock, Sewekow; Kreuzung am Radweg Abt.600 zu 690 zu 689 zu 688</desc>
		<src>LB Forst Brandenburg</src>
	</wpt>
	<wpt lat="53.264030858455889" lon="13.602093999242427">
		<name>1388</name>
		<cmt>Boitzenburg; Goethestraße 21, Obf.Boitzenburg</cmt>
		<desc>Boitzenburg; Goethestraße 21, Obf.Boitzenburg</desc>
		<src>LB Forst Brandenburg</src>
	</wpt>
	<wpt lat="53.246169022543413" lon="12.304522298071168">
		<name>1569</name>
		<cmt>Halenbeck-Rohlsdorf, Halenbeck; L 154 Halenbeck Ortsausgang Richtung Brügge/Rohlsdorf</cmt>
		<desc>Halenbeck-Rohlsdorf, Halenbeck; L 154 Halenbeck Ortsausgang Richtung Brügge/Rohlsdorf</desc>
		<src>LB Forst Brandenburg</src>
	</wpt>
	<wpt lat="53.253419414201588" lon="12.552597225866849">
		<name>1405</name>
		<cmt>Wittstock, Berlinchen; Kiever Wegkreuzung Abt.39 zu 48</cmt>
		<desc>Wittstock, Berlinchen; Kiever Wegkreuzung Abt.39 zu 48</desc>
		<src>LB Forst Brandenburg</src>
	</wpt>
	<wpt lat="53.272412565818676" lon="12.224822312176489">
		<name>1565</name>
		<cmt>Schmolde, Penzlin - Süd; B 103, Höhe Penzlin - Süd, Reiterhof</cmt>
		<desc>Schmolde, Penzlin - Süd; B 103, Höhe Penzlin - Süd, Reiterhof</desc>
		<src>LB Forst Brandenburg</src>
	</wpt>
	<wpt lat="53.314846426584253" lon="13.614641630658351">
		<name>2826</name>
		<cmt>Nordwestuckermark, Weggun; Alte Försterei, Waldsiedlung 5a,</cmt>
		<desc>Nordwestuckermark, Weggun; Alte Försterei, Waldsiedlung 5a,</desc>
		<src>LB Forst Brandenburg</src>
	</wpt>
	<wpt lat="53.335468404986322" lon="13.616803038160697">
		<name>2765</name>
		<cmt>Nordwestuckermark, Arendsee; Haupstraße Abzweig Am Zionsberg</cmt>
		<desc>Nordwestuckermark, Arendsee; Haupstraße Abzweig Am Zionsberg</desc>
		<src>LB Forst Brandenburg</src>
	</wpt>
	<wpt lat="53.322177852485567" lon="12.127265901405698">
		<name>1581</name>
		<cmt>Marienfließ, Stepenitz; Ortsausgang Richtung Jännersdorf</cmt>
		<desc>Marienfließ, Stepenitz; Ortsausgang Richtung Jännersdorf</desc>
		<src>LB Forst Brandenburg</src>
	</wpt>
	<wpt lat="53.329451804255498" lon="12.222962867637349">
		<name>1585</name>
		<cmt>Meyenburg; Klärwerk</cmt>
		<desc>Meyenburg; Klärwerk</desc>
		<src>LB Forst Brandenburg</src>
	</wpt>
	<wpt lat="53.394013665581518" lon="13.743712103083167">
		<name>2763</name>
		<cmt>Nordwestuckermark, Zernikow; Neusiedlerstraße 16,  Feuerwehr</cmt>
		<desc>Nordwestuckermark, Zernikow; Neusiedlerstraße 16,  Feuerwehr</desc>
		<src>LB Forst Brandenburg</src>
	</wpt>
	<wpt lat="53.439301837394673" lon="13.646750786951378">
		<name>2764</name>
		<cmt>Uckerland, Wolfshagen; Prenzlauer Straße 33, Denkmalsäule</cmt>
		<desc>Uckerland, Wolfshagen; Prenzlauer Straße 33, Denkmalsäule</desc>
		<src>LB Forst Brandenburg</src>
	</wpt>
	<wpt lat="52.194878659422521" lon="13.372921811344467">
		<name>1047</name>
		<cmt>Am Mellensee, Saalow; Dorfstraße Saalow, Ecke Horstweg Saalow</cmt>
		<desc>Am Mellensee, Saalow; Dorfstraße Saalow, Ecke Horstweg Saalow</desc>
		<src>LB Forst Brandenburg</src>
	</wpt>
	<wpt lat="52.134336958156553" lon="13.445496029734899">
		<name>1051</name>
		<cmt>Zossen, Neuhof; Einfahrt gegenüber Weg zum Forsthaus Adlershorst, K7226</cmt>
		<desc>Zossen, Neuhof; Einfahrt gegenüber Weg zum Forsthaus Adlershorst, K7226</desc>
		<src>LB Forst Brandenburg</src>
	</wpt>
	<wpt lat="52.131670185534297" lon="13.424265200497917">
		<name>1052</name>
		<cmt>Am Mellensee, Sperenberg; Waldparkplatz</cmt>
		<desc>Am Mellensee, Sperenberg; Waldparkplatz</desc>
		<src>LB Forst Brandenburg</src>
	</wpt>
	<wpt lat="52.543584755917578" lon="12.595853728754692">
		<name>2490</name>
		<cmt>Märkisch Luch, Garlitz; L99, Kreuzung alte Heerstraße</cmt>
		<desc>Märkisch Luch, Garlitz; L99, Kreuzung alte Heerstraße</desc>
		<src>LB Forst Brandenburg</src>
	</wpt>
	<wpt lat="52.763481671897686" lon="12.81687779879632">
		<name>1928</name>
		<cmt>Fehrbellin, Dechtow; Forsthaus Dechtow</cmt>
		<desc>Fehrbellin, Dechtow; Forsthaus Dechtow</desc>
		<src>LB Forst Brandenburg</src>
	</wpt>
	<wpt lat="51.796667804566454" lon="13.860504765727764">
		<name>2369</name>
		<cmt>Zinnitz; L52 Calau in Richtung Luckau, vor  Zinnitz rechts - Kippeneinfahrt</cmt>
		<desc>Zinnitz; L52 Calau in Richtung Luckau, vor  Zinnitz rechts - Kippeneinfahrt</desc>
		<src>LB Forst Brandenburg</src>
	</wpt>
	<wpt lat="52.747450477350455" lon="13.108741886127234">
		<name>1619</name>
		<cmt>Oberkrämer, Sommerswalde; L273 Ortslage Sommerswalde, Abzweig nach Döringsbrück (am Schloß Sommerswalde)</cmt>
		<desc>Oberkrämer, Sommerswalde; L273 Ortslage Sommerswalde, Abzweig nach Döringsbrück (am Schloß Sommerswalde)</desc>
		<src>LB Forst Brandenburg</src>
	</wpt>
	<wpt lat="52.771114827477682" lon="13.047329805521983">
		<name>1936</name>
		<cmt>Kremmen; L19 in Richtung Sommerfeld, Abzweig  Waldstraße (Siedlung am Verlorenorter Weg)</cmt>
		<desc>Kremmen; L19 in Richtung Sommerfeld, Abzweig  Waldstraße (Siedlung am Verlorenorter Weg)</desc>
		<src>LB Forst Brandenburg</src>
	</wpt>
	<wpt lat="52.087604528301398" lon="13.262018329421505">
		<name>2288</name>
		<cmt>Nuthe-Urstromtal, Gottow; Am Hammerfließ,  Parkplatz am Gottower See</cmt>
		<desc>Nuthe-Urstromtal, Gottow; Am Hammerfließ,  Parkplatz am Gottower See</desc>
		<src>LB Forst Brandenburg</src>
	</wpt>
	<wpt lat="52.094995776146902" lon="13.074685878246816">
		<name>2262</name>
		<cmt>Nuthe Urstromtal, Frankenförde; Buckewitzer Weg, südl. am Ende</cmt>
		<desc>Nuthe Urstromtal, Frankenförde; Buckewitzer Weg, südl. am Ende</desc>
		<src>LB Forst Brandenburg</src>
	</wpt>
	<wpt lat="53.033484888024148" lon="13.38615059512305">
		<name>1290</name>
		<cmt>Vogelsang; Zehdenicker Straße 27, kurz hinterm Kreuzungsbereich in Richtung Templin</cmt>
		<desc>Vogelsang; Zehdenicker Straße 27, kurz hinterm Kreuzungsbereich in Richtung Templin</desc>
		<src>LB Forst Brandenburg</src>
	</wpt>
	<wpt lat="52.975876021303492" lon="13.480997298919666">
		<name>1294</name>
		<cmt>Zehdenick, Kappe; Verbindungsstraße Kurtschlag-Schluft, Abzweig Kappe</cmt>
		<desc>Zehdenick, Kappe; Verbindungsstraße Kurtschlag-Schluft, Abzweig Kappe</desc>
		<src>LB Forst Brandenburg</src>
	</wpt>
	<wpt lat="52.45138404967954" lon="12.384795427942594">
		<name>2036</name>
		<cmt>Milower Land, Wendeberg; Am Forsthaus</cmt>
		<desc>Milower Land, Wendeberg; Am Forsthaus</desc>
		<src>LB Forst Brandenburg</src>
	</wpt>
	<wpt lat="52.567996430134201" lon="12.411347375792136">
		<name>2013</name>
		<cmt>Nennhausen, Spolierenberg; Ortsmitte, Wegekreuzung</cmt>
		<desc>Nennhausen, Spolierenberg; Ortsmitte, Wegekreuzung</desc>
		<src>LB Forst Brandenburg</src>
	</wpt>
	<wpt lat="52.300325028999772" lon="12.449270504374224">
		<name>2057</name>
		<cmt>Wenzlow; Ortslage, FFW;</cmt>
		<desc>Wenzlow; Ortslage, FFW;</desc>
		<src>LB Forst Brandenburg</src>
	</wpt>
	<wpt lat="52.282798375156233" lon="12.44369626875597">
		<name>2055</name>
		<cmt>Wenzlow, Grüningen; L93 Grüningen Rtg. Glienecke, Abzwg. Überführung über BAB2 Rtg. Wollin,</cmt>
		<desc>Wenzlow, Grüningen; L93 Grüningen Rtg. Glienecke, Abzwg. Überführung über BAB2 Rtg. Wollin,</desc>
		<src>LB Forst Brandenburg</src>
	</wpt>
	<wpt lat="51.952362035949292" lon="13.234380904023858">
		<name>2385</name>
		<cmt>Niederer Fläming, Riesdorf; L 715, Dorfstraße, Bushaltestelle</cmt>
		<desc>Niederer Fläming, Riesdorf; L 715, Dorfstraße, Bushaltestelle</desc>
		<src>LB Forst Brandenburg</src>
	</wpt>
	<wpt lat="52.278873678325873" lon="12.373334936390663">
		<name>2051</name>
		<cmt>Ziesar, Glienecke; L93 Ortslage / Abzwg. Eulenmühle</cmt>
		<desc>Ziesar, Glienecke; L93 Ortslage / Abzwg. Eulenmühle</desc>
		<src>LB Forst Brandenburg</src>
	</wpt>
	<wpt lat="52.061115251325639" lon="13.643583235617537">
		<name>2361</name>
		<cmt>Massow; Verbindungsstraße Radeland K7225-A 13 K6 150, Abzweig Massow-Trafostation</cmt>
		<desc>Massow; Verbindungsstraße Radeland K7225-A 13 K6 150, Abzweig Massow-Trafostation</desc>
		<src>LB Forst Brandenburg</src>
	</wpt>
	<wpt lat="52.021170024786265" lon="13.541727200242033">
		<name>2360</name>
		<cmt>Baruth/ Mark, Klasdorf; B 115, Abzweig Pechhüttener Weg u. Wildpark Johannismühle</cmt>
		<desc>Baruth/ Mark, Klasdorf; B 115, Abzweig Pechhüttener Weg u. Wildpark Johannismühle</desc>
		<src>LB Forst Brandenburg</src>
	</wpt>
	<wpt lat="52.010721449543027" lon="13.469547520949749">
		<name>2357</name>
		<cmt>Baruth/ Mark, Kemlitz; Kemlitzer Hauptstraße, L712; Bushaltestelle- Dorfteich</cmt>
		<desc>Baruth/ Mark, Kemlitz; Kemlitzer Hauptstraße, L712; Bushaltestelle- Dorfteich</desc>
		<src>LB Forst Brandenburg</src>
	</wpt>
	<wpt lat="52.012320256250391" lon="13.449201072197127">
		<name>2356</name>
		<cmt>Baruth/ Mark, Kemlitz; B115, 2,5 km ab Ortsausgang Merzdorf in Ri. Baruth, Abzweig Feldweg</cmt>
		<desc>Baruth/ Mark, Kemlitz; B115, 2,5 km ab Ortsausgang Merzdorf in Ri. Baruth, Abzweig Feldweg</desc>
		<src>LB Forst Brandenburg</src>
	</wpt>
	<wpt lat="52.084096194779683" lon="13.417376339680731">
		<name>2352</name>
		<cmt>Baruth/Mark, Horstwalde; L 707 (K7225) Ortsverbindungsstraße Horstwalde-Baruth, Forsthaus Wunder Ortsausgang</cmt>
		<desc>Baruth/Mark, Horstwalde; L 707 (K7225) Ortsverbindungsstraße Horstwalde-Baruth, Forsthaus Wunder Ortsausgang</desc>
		<src>LB Forst Brandenburg</src>
	</wpt>
	<wpt lat="52.047604830549545" lon="13.391119756162098">
		<name>2350</name>
		<cmt>Nuthe-Urstromtal, Lynow; L 73,Baruther Landstraße, Ortslage an der Feuerwehr</cmt>
		<desc>Nuthe-Urstromtal, Lynow; L 73,Baruther Landstraße, Ortslage an der Feuerwehr</desc>
		<src>LB Forst Brandenburg</src>
	</wpt>
	<wpt lat="52.052211461001647" lon="13.430499530943717">
		<name>2349</name>
		<cmt>Baruth/Mark, Schöbendorf; L 73, Ortslage Bushaltestelle</cmt>
		<desc>Baruth/Mark, Schöbendorf; L 73, Ortslage Bushaltestelle</desc>
		<src>LB Forst Brandenburg</src>
	</wpt>
	<wpt lat="52.046749376001351" lon="13.500786953057002">
		<name>2347</name>
		<cmt>Baruth/ Mark; Ernst-Thälmann-Platz 3a, Oberförsterei Baruth</cmt>
		<desc>Baruth/ Mark; Ernst-Thälmann-Platz 3a, Oberförsterei Baruth</desc>
		<src>LB Forst Brandenburg</src>
	</wpt>
	<wpt lat="52.079549186416706" lon="13.519978342336229">
		<name>2344</name>
		<cmt>Baruth/Mark; An der Birkenpfuhlheide 10, Gewerbegebiet Bernhardsmüh, Löschwasserentnahmestelle</cmt>
		<desc>Baruth/Mark; An der Birkenpfuhlheide 10, Gewerbegebiet Bernhardsmüh, Löschwasserentnahmestelle</desc>
		<src>LB Forst Brandenburg</src>
	</wpt>
	<wpt lat="52.058220613195303" lon="13.554365075986155">
		<name>2343</name>
		<cmt>Baruth/ Mark, Radeland; K7225, Ortsverbindungsstraße Radeland-Dornswalde, Abzweig Neuendorfer Weg</cmt>
		<desc>Baruth/ Mark, Radeland; K7225, Ortsverbindungsstraße Radeland-Dornswalde, Abzweig Neuendorfer Weg</desc>
		<src>LB Forst Brandenburg</src>
	</wpt>
	<wpt lat="52.046884502297893" lon="13.600013813162169">
		<name>2342</name>
		<cmt>Baruth/ Mark, Dornswalde; Dornswalder Str.- Am Zuckerberg, Abzweig Glashütte</cmt>
		<desc>Baruth/ Mark, Dornswalde; Dornswalder Str.- Am Zuckerberg, Abzweig Glashütte</desc>
		<src>LB Forst Brandenburg</src>
	</wpt>
	<wpt lat="52.026228770604156" lon="13.584427709066475">
		<name>2341</name>
		<cmt>Baruth/ Mark, Glashütte; Hüttenweg 12, Bosdorfeiche</cmt>
		<desc>Baruth/ Mark, Glashütte; Hüttenweg 12, Bosdorfeiche</desc>
		<src>LB Forst Brandenburg</src>
	</wpt>
	<wpt lat="51.908762010895678" lon="14.186940203144792">
		<name>2505</name>
		<cmt>Byhleguhre-Byhlen, Byhlen; Byhlener Dorfstraße, Ortsmitte Eiche</cmt>
		<desc>Byhleguhre-Byhlen, Byhlen; Byhlener Dorfstraße, Ortsmitte Eiche</desc>
		<src>LB Forst Brandenburg</src>
	</wpt>
	<wpt lat="52.159269118027183" lon="13.187476285559546">
		<name>2300</name>
		<cmt>Nuthe-Urstromtal, Märtensmühle; Lindenallee- K 7220, Angelteich an der Brücke "Nuthe"</cmt>
		<desc>Nuthe-Urstromtal, Märtensmühle; Lindenallee- K 7220, Angelteich an der Brücke "Nuthe"</desc>
		<src>LB Forst Brandenburg</src>
	</wpt>
	<wpt lat="52.165956849292805" lon="13.060465379250669">
		<name>2297</name>
		<cmt>Nuthe-Urstromtal, Dobrikow; Am Vordersee 36- Weinbergstraße an der Feuerwehr</cmt>
		<desc>Nuthe-Urstromtal, Dobrikow; Am Vordersee 36- Weinbergstraße an der Feuerwehr</desc>
		<src>LB Forst Brandenburg</src>
	</wpt>
	<wpt lat="52.152014765680278" lon="13.051905874531739">
		<name>2296</name>
		<cmt>Nuthe-Urstromtal, Nettgendorf; Nettgendorfer Hauptstraße, K7219, Ortsausgang nach Dobbrikow</cmt>
		<desc>Nuthe-Urstromtal, Nettgendorf; Nettgendorfer Hauptstraße, K7219, Ortsausgang nach Dobbrikow</desc>
		<src>LB Forst Brandenburg</src>
	</wpt>
	<wpt lat="52.128744464273687" lon="13.075437308239241">
		<name>2295</name>
		<cmt>Nuthe-Urstromtal, Gottsdorf; Am Sprint-An der Obermühle- Am Rothpfuhl</cmt>
		<desc>Nuthe-Urstromtal, Gottsdorf; Am Sprint-An der Obermühle- Am Rothpfuhl</desc>
		<src>LB Forst Brandenburg</src>
	</wpt>
	<wpt lat="52.139177733499878" lon="12.986358048804769">
		<name>2294</name>
		<cmt>Nuthe-Urstromtal, Kemnitz; L80 Kemnitzer Hauptstraße, Kirche- Wiegestation</cmt>
		<desc>Nuthe-Urstromtal, Kemnitz; L80 Kemnitzer Hauptstraße, Kirche- Wiegestation</desc>
		<src>LB Forst Brandenburg</src>
	</wpt>
	<wpt lat="52.116089957031733" lon="13.02495574680575">
		<name>2293</name>
		<cmt>Nuthe-Urstromtal, Zülichendorf; Kemnitzer Landstraße L 80, Ortsausgang n. Luckenwalde</cmt>
		<desc>Nuthe-Urstromtal, Zülichendorf; Kemnitzer Landstraße L 80, Ortsausgang n. Luckenwalde</desc>
		<src>LB Forst Brandenburg</src>
	</wpt>
	<wpt lat="52.069090056698727" lon="13.208147807648031">
		<name>2290</name>
		<cmt>Nuthe-Urstromtal, Woltersdorf; Baumschulenweg 1, Forstbaumschule Luckenwalde</cmt>
		<desc>Nuthe-Urstromtal, Woltersdorf; Baumschulenweg 1, Forstbaumschule Luckenwalde</desc>
		<src>LB Forst Brandenburg</src>
	</wpt>
	<wpt lat="52.690442351567626" lon="12.422719390618662">
		<name>1594</name>
		<cmt>Seeblick, Witzke; Feuerwehrdepot  Witzke</cmt>
		<desc>Seeblick, Witzke; Feuerwehrdepot  Witzke</desc>
		<src>LB Forst Brandenburg</src>
	</wpt>
	<wpt lat="52.695096032382239" lon="12.374932834949998">
		<name>1610</name>
		<cmt>Seeblick, Elslaake; Bushaltestelle  Elslaake</cmt>
		<desc>Seeblick, Elslaake; Bushaltestelle  Elslaake</desc>
		<src>LB Forst Brandenburg</src>
	</wpt>
	<wpt lat="52.719901510812605" lon="12.413151552431231">
		<name>1607</name>
		<cmt>Gollenberg, Schönholz; Feuerwehrdepot  Schönholz</cmt>
		<desc>Gollenberg, Schönholz; Feuerwehrdepot  Schönholz</desc>
		<src>LB Forst Brandenburg</src>
	</wpt>
	<wpt lat="52.71583160273056" lon="12.266112192648597">
		<name>1614</name>
		<cmt>Havelaue, Wolsier; Gemeindehaus Wolsier</cmt>
		<desc>Havelaue, Wolsier; Gemeindehaus Wolsier</desc>
		<src>LB Forst Brandenburg</src>
	</wpt>
	<wpt lat="52.089290231075047" lon="13.207625421043979">
		<name>2289</name>
		<cmt>Nuthe-Urstromtal, Woltersdorf; K 7222 (Gottower Chaussee) zw. Luckenwalde-Gottow , Einfahrt Forsthaus Lindhorst 1</cmt>
		<desc>Nuthe-Urstromtal, Woltersdorf; K 7222 (Gottower Chaussee) zw. Luckenwalde-Gottow , Einfahrt Forsthaus Lindhorst 1</desc>
		<src>LB Forst Brandenburg</src>
	</wpt>
	<wpt lat="52.121071827210272" lon="13.246745163942057">
		<name>2286</name>
		<cmt>Nuthe-Urstromtal, Scharfenbrück; Kummersdorfer Weg, Waldrand</cmt>
		<desc>Nuthe-Urstromtal, Scharfenbrück; Kummersdorfer Weg, Waldrand</desc>
		<src>LB Forst Brandenburg</src>
	</wpt>
	<wpt lat="52.075242708396985" lon="13.158284824995174">
		<name>2284</name>
		<cmt>Luckenwalde; K 7216 Ortsausgang Luck.walde Richtung Kloster Zinna Einfahrt "Forsthaus Klosterheide"</cmt>
		<desc>Luckenwalde; K 7216 Ortsausgang Luck.walde Richtung Kloster Zinna Einfahrt "Forsthaus Klosterheide"</desc>
		<src>LB Forst Brandenburg</src>
	</wpt>
	<wpt lat="52.110152345927496" lon="13.199897282480439">
		<name>2280</name>
		<cmt>Nuthe-Urstromtal, Woltersdorf; Oberförsterei Nr.7- Darre (alte Lehrwerkstatt)</cmt>
		<desc>Nuthe-Urstromtal, Woltersdorf; Oberförsterei Nr.7- Darre (alte Lehrwerkstatt)</desc>
		<src>LB Forst Brandenburg</src>
	</wpt>
	<wpt lat="52.089838661140263" lon="13.025554629329275">
		<name>2261</name>
		<cmt>Nuthe-Urstromtal, Felgentreu; Zinnaer Straße 18 gegenüber Pension Konsolke</cmt>
		<desc>Nuthe-Urstromtal, Felgentreu; Zinnaer Straße 18 gegenüber Pension Konsolke</desc>
		<src>LB Forst Brandenburg</src>
	</wpt>
	<wpt lat="51.992205088136693" lon="13.264231248322778">
		<name>2253</name>
		<cmt>Jüterbog, Markendorf; Str.von Markendorf nach Charlottenfelde, Abzweig Schlenzer, B 115-Abzweig L 715</cmt>
		<desc>Jüterbog, Markendorf; Str.von Markendorf nach Charlottenfelde, Abzweig Schlenzer, B 115-Abzweig L 715</desc>
		<src>LB Forst Brandenburg</src>
	</wpt>
	<wpt lat="51.985208139547481" lon="13.303409245962248">
		<name>2251</name>
		<cmt>Baruth/ Mark, Charlottenfelde; B115 Dorfstraße, Ortslage am Trafohaus</cmt>
		<desc>Baruth/ Mark, Charlottenfelde; B115 Dorfstraße, Ortslage am Trafohaus</desc>
		<src>LB Forst Brandenburg</src>
	</wpt>
	<wpt lat="51.990043705989891" lon="13.359722888219025">
		<name>2249</name>
		<cmt>Baruth/Mark, Petkus; Parkplatz vor Turnhalle; Merzdorfer Straße</cmt>
		<desc>Baruth/Mark, Petkus; Parkplatz vor Turnhalle; Merzdorfer Straße</desc>
		<src>LB Forst Brandenburg</src>
	</wpt>
	<wpt lat="52.845219955833556" lon="13.010964073852286">
		<name>1934</name>
		<cmt>Kremmen. Ludwigsaue; L19 zwischen Beetz und Rüthnick, Abzweig Ludwigsaue</cmt>
		<desc>Kremmen. Ludwigsaue; L19 zwischen Beetz und Rüthnick, Abzweig Ludwigsaue</desc>
		<src>LB Forst Brandenburg</src>
	</wpt>
	<wpt lat="53.043188162244206" lon="13.322130040795111">
		<name>1291</name>
		<cmt>Zehdenick, Burgwall; Ziegelei Ausbau, Alte Revierförsterei Burgwall, L 214 Ortsverbindungsstraße Burwall-Zehdenick</cmt>
		<desc>Zehdenick, Burgwall; Ziegelei Ausbau, Alte Revierförsterei Burgwall, L 214 Ortsverbindungsstraße Burwall-Zehdenick</desc>
		<src>LB Forst Brandenburg</src>
	</wpt>
	<wpt lat="52.968711497131309" lon="13.441493112147569">
		<name>1286</name>
		<cmt>Zehdenick, Kappe; Ortseingang aus Richtung Wesendorf</cmt>
		<desc>Zehdenick, Kappe; Ortseingang aus Richtung Wesendorf</desc>
		<src>LB Forst Brandenburg</src>
	</wpt>
	<wpt lat="52.980448727584751" lon="13.399626221557792">
		<name>1287</name>
		<cmt>Zehdenick, Wesendorf; Wesendorfer Str. 20, Ortsverbindungsstraße Wesendorf-Kappe, ca. 100 m nach Einfahrt in den Wald</cmt>
		<desc>Zehdenick, Wesendorf; Wesendorfer Str. 20, Ortsverbindungsstraße Wesendorf-Kappe, ca. 100 m nach Einfahrt in den Wald</desc>
		<src>LB Forst Brandenburg</src>
	</wpt>
	<wpt lat="52.946026461561281" lon="13.377063182146145">
		<name>2770</name>
		<cmt>Zehdenick, Krewelin; Havelkanalbrücke</cmt>
		<desc>Zehdenick, Krewelin; Havelkanalbrücke</desc>
		<src>LB Forst Brandenburg</src>
	</wpt>
	<wpt lat="52.995983261070101" lon="13.251551872137155">
		<name>1289</name>
		<cmt>Zehdenick, Badingen; Kreuzung L 22- Badinger Dorfstrasse</cmt>
		<desc>Zehdenick, Badingen; Kreuzung L 22- Badinger Dorfstrasse</desc>
		<src>LB Forst Brandenburg</src>
	</wpt>
	<wpt lat="52.466949839814497" lon="12.483264876149777">
		<name>2066</name>
		<cmt>Stadt Havelsee, Fohrde; An der B 102, Einfahrt Mörtelwerk Fohrde</cmt>
		<desc>Stadt Havelsee, Fohrde; An der B 102, Einfahrt Mörtelwerk Fohrde</desc>
		<src>LB Forst Brandenburg</src>
	</wpt>
	<wpt lat="52.486249717532935" lon="12.347108264124298">
		<name>2027</name>
		<cmt>Milower Land, Jerchel; Weg nach Bahnitz, Feuerwehrdepot</cmt>
		<desc>Milower Land, Jerchel; Weg nach Bahnitz, Feuerwehrdepot</desc>
		<src>LB Forst Brandenburg</src>
	</wpt>
	<wpt lat="52.539082487952754" lon="12.351598915203372">
		<name>2182</name>
		<cmt>Premnitz; Bergstraße, Parkplatz FIT-Point</cmt>
		<desc>Premnitz; Bergstraße, Parkplatz FIT-Point</desc>
		<src>LB Forst Brandenburg</src>
	</wpt>
	<wpt lat="52.557997981750404" lon="12.509544254396136">
		<name>2072</name>
		<cmt>Nennhausen, Mützlitz; Döberitzer Straße, Kreuzung L 98</cmt>
		<desc>Nennhausen, Mützlitz; Döberitzer Straße, Kreuzung L 98</desc>
		<src>LB Forst Brandenburg</src>
	</wpt>
	<wpt lat="52.306390439534923" lon="12.471444655136331">
		<name>2056</name>
		<cmt>Wenzlow, Grüningen; L93 Grüningen-Brandenburg, Abzweig zur 1. Autobahnüberführung,</cmt>
		<desc>Wenzlow, Grüningen; L93 Grüningen-Brandenburg, Abzweig zur 1. Autobahnüberführung,</desc>
		<src>LB Forst Brandenburg</src>
	</wpt>
	<wpt lat="51.96443048165785" lon="13.251926282841517">
		<name>2384</name>
		<cmt>Niederer Fläming, Schlenzer; Dorfstraße, Feuerwehrhaus</cmt>
		<desc>Niederer Fläming, Schlenzer; Dorfstraße, Feuerwehrhaus</desc>
		<src>LB Forst Brandenburg</src>
	</wpt>
	<wpt lat="52.261494259450792" lon="12.364475773534839">
		<name>2484</name>
		<cmt>Buckautal, Steinberg; K6945 Steinberg Rtg. Grebs, rechtsseitig unweit Ortsausgang</cmt>
		<desc>Buckautal, Steinberg; K6945 Steinberg Rtg. Grebs, rechtsseitig unweit Ortsausgang</desc>
		<src>LB Forst Brandenburg</src>
	</wpt>
	<wpt lat="52.25268306390489" lon="12.394580616484026">
		<name>2050</name>
		<cmt>Glienecke, Grebs; K6945 Grebs Rtg. Gräben, Ortsausgang Grebs</cmt>
		<desc>Glienecke, Grebs; K6945 Grebs Rtg. Gräben, Ortsausgang Grebs</desc>
		<src>LB Forst Brandenburg</src>
	</wpt>
	<wpt lat="52.282714346371414" lon="12.327493989782674">
		<name>2052</name>
		<cmt>Ziesar, Bücknitz; L 96 Ortslage, Bushaltestell/Friedhof</cmt>
		<desc>Ziesar, Bücknitz; L 96 Ortslage, Bushaltestell/Friedhof</desc>
		<src>LB Forst Brandenburg</src>
	</wpt>
	<wpt lat="52.270558727557528" lon="12.286397208454114">
		<name>2733</name>
		<cmt>Ziesar; B107 Ortslage Ziesar, Einmündung Fiener Weg</cmt>
		<desc>Ziesar; B107 Ortslage Ziesar, Einmündung Fiener Weg</desc>
		<src>LB Forst Brandenburg</src>
	</wpt>
	<wpt lat="52.931425035824084" lon="13.069136244123532">
		<name>1943</name>
		<cmt>Löwenberger Land, Glambeck; K6512,am Friedhof Glambeck</cmt>
		<desc>Löwenberger Land, Glambeck; K6512,am Friedhof Glambeck</desc>
		<src>LB Forst Brandenburg</src>
	</wpt>
	<wpt lat="52.899049678975146" lon="13.08409537399306">
		<name>1944</name>
		<cmt>Löwenberger Land, Grieben; B167 in Richtung Linde, Abzweig Schwarzer Weg</cmt>
		<desc>Löwenberger Land, Grieben; B167 in Richtung Linde, Abzweig Schwarzer Weg</desc>
		<src>LB Forst Brandenburg</src>
	</wpt>
	<wpt lat="52.890234751534805" lon="13.122681480834522">
		<name>2047</name>
		<cmt>Löwenberger Land, Linde; Dorfstraße, Abzweig Straße am Lindesee</cmt>
		<desc>Löwenberger Land, Linde; Dorfstraße, Abzweig Straße am Lindesee</desc>
		<src>LB Forst Brandenburg</src>
	</wpt>
	<wpt lat="52.898630036663739" lon="13.202800537106956">
		<name>2208</name>
		<cmt>Löwenberger Land, Neulöwenberg; B167 in Richtung Liebenberg, Abzweig Kirschenallee</cmt>
		<desc>Löwenberger Land, Neulöwenberg; B167 in Richtung Liebenberg, Abzweig Kirschenallee</desc>
		<src>LB Forst Brandenburg</src>
	</wpt>
	<wpt lat="52.490290445097571" lon="12.537388560059325">
		<name>2083</name>
		<cmt>Betzsee, Brielow; L98 Brielow-Marzahne, Ausfahrt Russengraben</cmt>
		<desc>Betzsee, Brielow; L98 Brielow-Marzahne, Ausfahrt Russengraben</desc>
		<src>LB Forst Brandenburg</src>
	</wpt>
	<wpt lat="51.943819170609679" lon="14.131613034090105">
		<name>2313</name>
		<cmt>Laasow; K6109, Ortsausgang Richtung Waldow</cmt>
		<desc>Laasow; K6109, Ortsausgang Richtung Waldow</desc>
		<src>LB Forst Brandenburg</src>
	</wpt>
	<wpt lat="52.523067071200551" lon="12.641630678996716">
		<name>2087</name>
		<cmt>Beetzseeheide,Gortz; L911von Gortz nach Barnewitz, Einfahrt Jagdhausstraße</cmt>
		<desc>Beetzseeheide,Gortz; L911von Gortz nach Barnewitz, Einfahrt Jagdhausstraße</desc>
		<src>LB Forst Brandenburg</src>
	</wpt>
	<wpt lat="52.655889136806195" lon="13.187809777232781">
		<name>1989</name>
		<cmt>Hennigsdorf; L17 Marwitzer Straße, gegenüber Parkplatz Oberhavel Kliniken</cmt>
		<desc>Hennigsdorf; L17 Marwitzer Straße, gegenüber Parkplatz Oberhavel Kliniken</desc>
		<src>LB Forst Brandenburg</src>
	</wpt>
	<wpt lat="52.653598796917848" lon="13.246630578044545">
		<name>1951</name>
		<cmt>Hohen Neuendorf, Stolpe; L171, Schwarzer Weg,gegenüber Autobahnauffahrt</cmt>
		<desc>Hohen Neuendorf, Stolpe; L171, Schwarzer Weg,gegenüber Autobahnauffahrt</desc>
		<src>LB Forst Brandenburg</src>
	</wpt>
	<wpt lat="52.685213069861227" lon="13.298061806939943">
		<name>1981</name>
		<cmt>Hohen Neuendorf, Bergfelde; B96a Birkenwerder Straße, Abzweig Richtung Bergfelde (Heideplan)</cmt>
		<desc>Hohen Neuendorf, Bergfelde; B96a Birkenwerder Straße, Abzweig Richtung Bergfelde (Heideplan)</desc>
		<src>LB Forst Brandenburg</src>
	</wpt>
	<wpt lat="52.649664548752185" lon="13.338148427172104">
		<name>1952</name>
		<cmt>Mühlenbecker Land, Schönfließ; L30, Glienicker Chaussee,Abzweig Kindelweg, Parkplatz Wille</cmt>
		<desc>Mühlenbecker Land, Schönfließ; L30, Glienicker Chaussee,Abzweig Kindelweg, Parkplatz Wille</desc>
		<src>LB Forst Brandenburg</src>
	</wpt>
	<wpt lat="52.092994775761611" lon="14.633008032334983">
		<name>2592</name>
		<cmt>Neuzelle; B 112, Feuerwehr</cmt>
		<desc>Neuzelle; B 112, Feuerwehr</desc>
		<src>LB Forst Brandenburg</src>
	</wpt>
	<wpt lat="52.715458546420095" lon="13.267326954454795">
		<name>1988</name>
		<cmt>Hohen Neuendorf, Borgsdorf; Bahnhofstraße 35, Parkplatz Sportplatz Borgsdorf</cmt>
		<desc>Hohen Neuendorf, Borgsdorf; Bahnhofstraße 35, Parkplatz Sportplatz Borgsdorf</desc>
		<src>LB Forst Brandenburg</src>
	</wpt>
	<wpt lat="52.705687655944125" lon="13.299769364471656">
		<name>1987</name>
		<cmt>Birkenwerder, Briese; Briese 17, Försterei Briese</cmt>
		<desc>Birkenwerder, Briese; Briese 17, Försterei Briese</desc>
		<src>LB Forst Brandenburg</src>
	</wpt>
	<wpt lat="52.670969925100287" lon="13.21618376565131">
		<name>1991</name>
		<cmt>Velten, Hohenschöpping; Hohenschöppinger Straße Richtung BAB111, Parkplatz Baumarkt Hornbach - 900 m bis BAB111</cmt>
		<desc>Velten, Hohenschöpping; Hohenschöppinger Straße Richtung BAB111, Parkplatz Baumarkt Hornbach - 900 m bis BAB111</desc>
		<src>LB Forst Brandenburg</src>
	</wpt>
	<wpt lat="52.877820999827996" lon="12.406978804999499">
		<name>1508</name>
		<cmt>Neustadt(Doss),Plänitz; Alte Poststraße 20, Kirche</cmt>
		<desc>Neustadt(Doss),Plänitz; Alte Poststraße 20, Kirche</desc>
		<src>LB Forst Brandenburg</src>
	</wpt>
	<wpt lat="51.978812841589381" lon="13.619261331746559">
		<name>2326</name>
		<cmt>Golßen, Prierow; Radweg zum "Golßener Gehege" an der Dahmebrücke.</cmt>
		<desc>Golßen, Prierow; Radweg zum "Golßener Gehege" an der Dahmebrücke.</desc>
		<src>LB Forst Brandenburg</src>
	</wpt>
	<wpt lat="51.949193862406943" lon="13.544599539565379">
		<name>2389</name>
		<cmt>Sellendorf, Hohendorf; Landstraße Sellendorf-Hohendorf, in der Kurve/Wald-Feldkante.</cmt>
		<desc>Sellendorf, Hohendorf; Landstraße Sellendorf-Hohendorf, in der Kurve/Wald-Feldkante.</desc>
		<src>LB Forst Brandenburg</src>
	</wpt>
	<wpt lat="51.951351116027809" lon="13.467108024414031">
		<name>2392</name>
		<cmt>Steinreich, Schenkendorf; L 711 in Richtung Damsdorf, Ortsausgang</cmt>
		<desc>Steinreich, Schenkendorf; L 711 in Richtung Damsdorf, Ortsausgang</desc>
		<src>LB Forst Brandenburg</src>
	</wpt>
	<wpt lat="52.063820553285147" lon="12.827192109814947">
		<name>2103</name>
		<cmt>Treuenbrietzen; Treuenbrietzen - Dietersdorf; B 2 Kreuzung Weg Lüdendorf - Rietz(Gastrasse)</cmt>
		<desc>Treuenbrietzen; Treuenbrietzen - Dietersdorf; B 2 Kreuzung Weg Lüdendorf - Rietz(Gastrasse)</desc>
		<src>LB Forst Brandenburg</src>
	</wpt>
	<wpt lat="52.069920664028828" lon="12.770855983763916">
		<name>2108</name>
		<cmt>Treuenbrietzen, Neu-Rietz; Ortsausgang Neu Rietz nach Rietz</cmt>
		<desc>Treuenbrietzen, Neu-Rietz; Ortsausgang Neu Rietz nach Rietz</desc>
		<src>LB Forst Brandenburg</src>
	</wpt>
	<wpt lat="52.04750865350217" lon="12.708322525308741">
		<name>2109</name>
		<cmt>Niemegk, Hohenwerbig; Feuerwehr</cmt>
		<desc>Niemegk, Hohenwerbig; Feuerwehr</desc>
		<src>LB Forst Brandenburg</src>
	</wpt>
	<wpt lat="52.009903118397318" lon="12.723354398195097">
		<name>2100</name>
		<cmt>Treuenbrietzen, Lobbese; Ortsausgang Lobbese nach Zeuden</cmt>
		<desc>Treuenbrietzen, Lobbese; Ortsausgang Lobbese nach Zeuden</desc>
		<src>LB Forst Brandenburg</src>
	</wpt>
	<wpt lat="52.032506153157783" lon="12.761375996425276">
		<name>2099</name>
		<cmt>Treuenbrietzen, Pflügkuff; Feuerwehr</cmt>
		<desc>Treuenbrietzen, Pflügkuff; Feuerwehr</desc>
		<src>LB Forst Brandenburg</src>
	</wpt>
	<wpt lat="52.00402918061701" lon="12.78204653300161">
		<name>2102</name>
		<cmt>Treuenbrietzen, Marzahna; Ortsausgang Marzahna nach Treuenbrietzen, Tankstelle</cmt>
		<desc>Treuenbrietzen, Marzahna; Ortsausgang Marzahna nach Treuenbrietzen, Tankstelle</desc>
		<src>LB Forst Brandenburg</src>
	</wpt>
	<wpt lat="52.139395927695695" lon="12.312213152254152">
		<name>2469</name>
		<cmt>Wiesenburg, Reppinichen; Ortslage Reppinichen Bushaltestelle</cmt>
		<desc>Wiesenburg, Reppinichen; Ortslage Reppinichen Bushaltestelle</desc>
		<src>LB Forst Brandenburg</src>
	</wpt>
	<wpt lat="52.123464531015735" lon="12.349011484385993">
		<name>2440</name>
		<cmt>Wiesenburg, Reetz; Kreisstraße Reetz-Reppinichen von Reetzkommend erste Waldeinfahrt</cmt>
		<desc>Wiesenburg, Reetz; Kreisstraße Reetz-Reppinichen von Reetzkommend erste Waldeinfahrt</desc>
		<src>LB Forst Brandenburg</src>
	</wpt>
	<wpt lat="52.100089942538951" lon="12.316261829508958">
		<name>2359</name>
		<cmt>Wiesenburg, Reetz; Ortslage Zipsdorf</cmt>
		<desc>Wiesenburg, Reetz; Ortslage Zipsdorf</desc>
		<src>LB Forst Brandenburg</src>
	</wpt>
	<wpt lat="52.095864880141669" lon="12.361353998320572">
		<name>2345</name>
		<cmt>Wiesenburg, Reetz; Ortslage Grüner Grund</cmt>
		<desc>Wiesenburg, Reetz; Ortslage Grüner Grund</desc>
		<src>LB Forst Brandenburg</src>
	</wpt>
	<wpt lat="52.117544001510574" lon="12.377290463574409">
		<name>2409</name>
		<cmt>Wiesenburg, Reetz; Ortslage Mahlsdorf</cmt>
		<desc>Wiesenburg, Reetz; Ortslage Mahlsdorf</desc>
		<src>LB Forst Brandenburg</src>
	</wpt>
	<wpt lat="52.23257189901053" lon="12.585355009865264">
		<name>2255</name>
		<cmt>Bad Belzig, Ragösen; B 102, Ortseingang Ragösen von Dippmannsdorf</cmt>
		<desc>Bad Belzig, Ragösen; B 102, Ortseingang Ragösen von Dippmannsdorf</desc>
		<src>LB Forst Brandenburg</src>
	</wpt>
	<wpt lat="52.11986865429401" lon="12.429321955391735">
		<name>2330</name>
		<cmt>Wiesenburg, Neuehütten; Ortslage Neuehütten Bushaltestelle</cmt>
		<desc>Wiesenburg, Neuehütten; Ortslage Neuehütten Bushaltestelle</desc>
		<src>LB Forst Brandenburg</src>
	</wpt>
	<wpt lat="52.149357667351069" lon="12.724753872181365">
		<name>2169</name>
		<cmt>Stadt Brück, Gömnigk; Wühlmühle, Kreuzung 100 m Richtung Gömnigk</cmt>
		<desc>Stadt Brück, Gömnigk; Wühlmühle, Kreuzung 100 m Richtung Gömnigk</desc>
		<src>LB Forst Brandenburg</src>
	</wpt>
	<wpt lat="52.130267645082085" lon="12.445776023913927">
		<name>2329</name>
		<cmt>Wiesenburg, Schlamau; Ortslage Schlamau Bushaltestelle</cmt>
		<desc>Wiesenburg, Schlamau; Ortslage Schlamau Bushaltestelle</desc>
		<src>LB Forst Brandenburg</src>
	</wpt>
	<wpt lat="52.152927178049097" lon="12.435120658517222">
		<name>2407</name>
		<cmt>Wiesenburg,  Arensnest; Ortslage Arensnest</cmt>
		<desc>Wiesenburg,  Arensnest; Ortslage Arensnest</desc>
		<src>LB Forst Brandenburg</src>
	</wpt>
	<wpt lat="52.162094850874844" lon="12.487426522991477">
		<name>2133</name>
		<cmt>Bad Belzig, Lübnitz; L 95 nach Benken, nach 3,4 km Waldeinfahrt zwischen Schäferei "Steindorf" und Kreuzung "Werbig"</cmt>
		<desc>Bad Belzig, Lübnitz; L 95 nach Benken, nach 3,4 km Waldeinfahrt zwischen Schäferei "Steindorf" und Kreuzung "Werbig"</desc>
		<src>LB Forst Brandenburg</src>
	</wpt>
	<wpt lat="52.166514621557312" lon="14.231941542966085">
		<name>1128</name>
		<cmt>Beeskow; B246 Storkower Str., Parkplatz Hauptfriedhof</cmt>
		<desc>Beeskow; B246 Storkower Str., Parkplatz Hauptfriedhof</desc>
		<src>LB Forst Brandenburg</src>
	</wpt>
	<wpt lat="52.360752144754585" lon="12.805250746314675">
		<name>2158</name>
		<cmt>Kloster Lehnin, Göhlsdorf; Kirchstraße, Gasthof" Zur Mühle"</cmt>
		<desc>Kloster Lehnin, Göhlsdorf; Kirchstraße, Gasthof" Zur Mühle"</desc>
		<src>LB Forst Brandenburg</src>
	</wpt>
	<wpt lat="51.911139127588477" lon="14.120114410728744">
		<name>2315</name>
		<cmt>Straupitz; Lübbenerstr. 59, Feuerwehr Straupitz</cmt>
		<desc>Straupitz; Lübbenerstr. 59, Feuerwehr Straupitz</desc>
		<src>LB Forst Brandenburg</src>
	</wpt>
	<wpt lat="52.302237871988631" lon="12.796062056249465">
		<name>2071</name>
		<cmt>Kloster Lehnin, Emstal; L88, Kalksandsteinwerk</cmt>
		<desc>Kloster Lehnin, Emstal; L88, Kalksandsteinwerk</desc>
		<src>LB Forst Brandenburg</src>
	</wpt>
	<wpt lat="52.304240829402097" lon="12.696902622775243">
		<name>2082</name>
		<cmt>Kloster Lehnin, Michelsdorf; L86, Zufahrt zu Sandgrube</cmt>
		<desc>Kloster Lehnin, Michelsdorf; L86, Zufahrt zu Sandgrube</desc>
		<src>LB Forst Brandenburg</src>
	</wpt>
	<wpt lat="52.286708394813992" lon="12.658102086393866">
		<name>2168</name>
		<cmt>Planebruch, Oberjünne; L86-Chausseestraße, Bushaltestelle Forsthaus Heidehaus</cmt>
		<desc>Planebruch, Oberjünne; L86-Chausseestraße, Bushaltestelle Forsthaus Heidehaus</desc>
		<src>LB Forst Brandenburg</src>
	</wpt>
	<wpt lat="52.40984598700387" lon="12.364015242913563">
		<name>2080</name>
		<cmt>Wusterwitz, Bensdorf; von Brandenburg kommend, Ortseingang Neubensdorf linke Seite, Normamarkt</cmt>
		<desc>Wusterwitz, Bensdorf; von Brandenburg kommend, Ortseingang Neubensdorf linke Seite, Normamarkt</desc>
		<src>LB Forst Brandenburg</src>
	</wpt>
	<wpt lat="52.258470045061181" lon="14.257282652478841">
		<name>1133</name>
		<cmt>Raßmannsdorf; L411, OA Richtung Neubrück</cmt>
		<desc>Raßmannsdorf; L411, OA Richtung Neubrück</desc>
		<src>LB Forst Brandenburg</src>
	</wpt>
	<wpt lat="51.962836123879399" lon="13.332696508398358">
		<name>2388</name>
		<cmt>Dahme, Wahlsdorf; L 70 Straße Wahlsdorf Richtung Petkus, Waldanfang</cmt>
		<desc>Dahme, Wahlsdorf; L 70 Straße Wahlsdorf Richtung Petkus, Waldanfang</desc>
		<src>LB Forst Brandenburg</src>
	</wpt>
	<wpt lat="51.926515525156113" lon="13.397870503982498">
		<name>2391</name>
		<cmt>Dahme, Gebersdorf; L 705 von Gebersdorf in Richtung Buckow, Waldanfang</cmt>
		<desc>Dahme, Gebersdorf; L 705 von Gebersdorf in Richtung Buckow, Waldanfang</desc>
		<src>LB Forst Brandenburg</src>
	</wpt>
	<wpt lat="51.88494086108291" lon="13.378688408830701">
		<name>2395</name>
		<cmt>Ihlow, Rietdorf; Rietdorf Nr.17, gegenüber Getränkehandel Kreisler</cmt>
		<desc>Ihlow, Rietdorf; Rietdorf Nr.17, gegenüber Getränkehandel Kreisler</desc>
		<src>LB Forst Brandenburg</src>
	</wpt>
	<wpt lat="51.907954111551575" lon="13.485638548920885">
		<name>2390</name>
		<cmt>Dahmetal, Görsdorf; L 712 Görsdorf, Friedhof</cmt>
		<desc>Dahmetal, Görsdorf; L 712 Görsdorf, Friedhof</desc>
		<src>LB Forst Brandenburg</src>
	</wpt>
	<wpt lat="52.267238584580028" lon="14.29669356499001">
		<name>1134</name>
		<cmt>Neubrück; L411 Neuhaus, OA Richtung Müllrose, Buswendeschleife</cmt>
		<desc>Neubrück; L411 Neuhaus, OA Richtung Müllrose, Buswendeschleife</desc>
		<src>LB Forst Brandenburg</src>
	</wpt>
	<wpt lat="52.021474262240218" lon="12.984603921642089">
		<name>2270</name>
		<cmt>Niedergörsdorf, Altes Lager; B102, Ortsausgang Richtung Treuenbrietzen ca. 250 m - alte Militärbahnüberquerung - Zufahrt zum Windpark (Muna)</cmt>
		<desc>Niedergörsdorf, Altes Lager; B102, Ortsausgang Richtung Treuenbrietzen ca. 250 m - alte Militärbahnüberquerung - Zufahrt zum Windpark (Muna)</desc>
		<src>LB Forst Brandenburg</src>
	</wpt>
	<wpt lat="52.730950915519628" lon="13.368077639086783">
		<name>1949</name>
		<cmt>Mühlenbecker Land, Zühlsdorf; Summter Chaussee 24, Försterei Zühlsdorf</cmt>
		<desc>Mühlenbecker Land, Zühlsdorf; Summter Chaussee 24, Försterei Zühlsdorf</desc>
		<src>LB Forst Brandenburg</src>
	</wpt>
	<wpt lat="52.417636878033534" lon="12.377754451942282">
		<name>2081</name>
		<cmt>Wusterwitz, Bensdorf; von Brandenburg kommend unmittelbar vor Abzweig Ziesar, rechts 1000 m in Richtung Norden, bis Kreuzung Charlottenhofer Weg</cmt>
		<desc>Wusterwitz, Bensdorf; von Brandenburg kommend unmittelbar vor Abzweig Ziesar, rechts 1000 m in Richtung Norden, bis Kreuzung Charlottenhofer Weg</desc>
		<src>LB Forst Brandenburg</src>
	</wpt>
	<wpt lat="52.118125010998213" lon="12.406481855010941">
		<name>2339</name>
		<cmt>Wiesenburg, Reetzerhütten; Ortslage Alte Hölle</cmt>
		<desc>Wiesenburg, Reetzerhütten; Ortslage Alte Hölle</desc>
		<src>LB Forst Brandenburg</src>
	</wpt>
	<wpt lat="52.12494651843717" lon="12.487846676697721">
		<name>2136</name>
		<cmt>Wiesenburg, Schmerwitz; B 246 nach Klein Glien, Abzweig Schmerwitz</cmt>
		<desc>Wiesenburg, Schmerwitz; B 246 nach Klein Glien, Abzweig Schmerwitz</desc>
		<src>LB Forst Brandenburg</src>
	</wpt>
	<wpt lat="51.909719607724497" lon="13.671352678953511">
		<name>2353</name>
		<cmt>Luckau, Rüdingsdorf; B96 von Rüdingsdorf Richtung Golssen linke Straßenseite am Waldrand</cmt>
		<desc>Luckau, Rüdingsdorf; B96 von Rüdingsdorf Richtung Golssen linke Straßenseite am Waldrand</desc>
		<src>LB Forst Brandenburg</src>
	</wpt>
	<wpt lat="52.825505797449011" lon="13.863318543398343">
		<name>1481</name>
		<cmt>Sommerfelde; B 167 Abzweig Sommerfelder Siedlung</cmt>
		<desc>Sommerfelde; B 167 Abzweig Sommerfelder Siedlung</desc>
		<src>LB Forst Brandenburg</src>
	</wpt>
	<wpt lat="52.813479752147735" lon="13.880669823270518">
		<name>1485</name>
		<cmt>Tornow; Zickenberg, Sportplatz, Trampe-Tornower Weg</cmt>
		<desc>Tornow; Zickenberg, Sportplatz, Trampe-Tornower Weg</desc>
		<src>LB Forst Brandenburg</src>
	</wpt>
	<wpt lat="52.262220630487434" lon="13.38110184385442">
		<name>1027</name>
		<cmt>Zossen, Glienick; Nördlich von Glienick angrenzend an Jühnsdorfer Straße-Nähe Reitsportanlage</cmt>
		<desc>Zossen, Glienick; Nördlich von Glienick angrenzend an Jühnsdorfer Straße-Nähe Reitsportanlage</desc>
		<src>LB Forst Brandenburg</src>
	</wpt>
	<wpt lat="53.089142138293795" lon="12.759971606109868">
		<name>1912</name>
		<cmt>Rheinsberg, Basdorf; L16, Abzweig nach Basdorf</cmt>
		<desc>Rheinsberg, Basdorf; L16, Abzweig nach Basdorf</desc>
		<src>LB Forst Brandenburg</src>
	</wpt>
	<wpt lat="53.093419229578039" lon="12.743446340497698">
		<name>1431</name>
		<cmt>Rheinsberg, Basdorf; vor Ortseingang</cmt>
		<desc>Rheinsberg, Basdorf; vor Ortseingang</desc>
		<src>LB Forst Brandenburg</src>
	</wpt>
	<wpt lat="53.064014323513561" lon="12.75830390868129">
		<name>1913</name>
		<cmt>Neuruppin, Neuglienicke; L16, Kreuzung Neuglienicke/ Rheinsberg Glienicke</cmt>
		<desc>Neuruppin, Neuglienicke; L16, Kreuzung Neuglienicke/ Rheinsberg Glienicke</desc>
		<src>LB Forst Brandenburg</src>
	</wpt>
	<wpt lat="52.979323840706328" lon="12.712752747957046">
		<name>1908</name>
		<cmt>Storbeck-Frankendorf, Woltersdorf-Baum; L18, Abzweig K6809 nach Darritz</cmt>
		<desc>Storbeck-Frankendorf, Woltersdorf-Baum; L18, Abzweig K6809 nach Darritz</desc>
		<src>LB Forst Brandenburg</src>
	</wpt>
	<wpt lat="52.984713693426329" lon="12.609936141414668">
		<name>1902</name>
		<cmt>Temnitzquell, Netzeband; westl. BAB 24- Brücke, Eichengrund</cmt>
		<desc>Temnitzquell, Netzeband; westl. BAB 24- Brücke, Eichengrund</desc>
		<src>LB Forst Brandenburg</src>
	</wpt>
	<wpt lat="52.218680755584835" lon="13.514668095408723">
		<name>1163</name>
		<cmt>Zossen, Schöneiche; Straße zum Waldstadion-südwestlich des Sportplatzes an Wendeschleife.</cmt>
		<desc>Zossen, Schöneiche; Straße zum Waldstadion-südwestlich des Sportplatzes an Wendeschleife.</desc>
		<src>LB Forst Brandenburg</src>
	</wpt>
	<wpt lat="52.854629068803689" lon="12.607830203674744">
		<name>1695</name>
		<cmt>Temnitztal, Rohrlack; L 166, Ortseingang von Wildberg kommend</cmt>
		<desc>Temnitztal, Rohrlack; L 166, Ortseingang von Wildberg kommend</desc>
		<src>LB Forst Brandenburg</src>
	</wpt>
	<wpt lat="52.134344073695814" lon="14.268059260314796">
		<name>2625</name>
		<cmt>Zeust; K 6717, Bushaltestelle-Dorfmitte</cmt>
		<desc>Zeust; K 6717, Bushaltestelle-Dorfmitte</desc>
		<src>LB Forst Brandenburg</src>
	</wpt>
	<wpt lat="51.965615679048952" lon="14.315318803509721">
		<name>2500</name>
		<cmt>Lieberose, Hollbrunn; B 168  Bushaltestelle Hollbrunn</cmt>
		<desc>Lieberose, Hollbrunn; B 168  Bushaltestelle Hollbrunn</desc>
		<src>LB Forst Brandenburg</src>
	</wpt>
	<wpt lat="52.752443159656409" lon="13.72776771333915">
		<name>1684</name>
		<cmt>Grüntal; Ortseingang Grüntal aus Melchow kommend</cmt>
		<desc>Grüntal; Ortseingang Grüntal aus Melchow kommend</desc>
		<src>LB Forst Brandenburg</src>
	</wpt>
	<wpt lat="52.211799892628953" lon="14.27037791268762">
		<name>1126</name>
		<cmt>Radinkendorf; Dorfstr. 23, Gaststätte "Storchennest"</cmt>
		<desc>Radinkendorf; Dorfstr. 23, Gaststätte "Storchennest"</desc>
		<src>LB Forst Brandenburg</src>
	</wpt>
	<wpt lat="52.231147345315534" lon="13.350940372997075">
		<name>1029</name>
		<cmt>Zossen, Schünow; Werbener Weg, nördlich des Friedhofes in Schünow.</cmt>
		<desc>Zossen, Schünow; Werbener Weg, nördlich des Friedhofes in Schünow.</desc>
		<src>LB Forst Brandenburg</src>
	</wpt>
	<wpt lat="52.244297098952408" lon="14.231966909281288">
		<name>1127</name>
		<cmt>Görzig; L 411/K 6730, Kreuzung Richtung Neubrück</cmt>
		<desc>Görzig; L 411/K 6730, Kreuzung Richtung Neubrück</desc>
		<src>LB Forst Brandenburg</src>
	</wpt>
	<wpt lat="52.669470523359934" lon="12.394415282837068">
		<name>1409</name>
		<cmt>Stechow-Ferchesar, Ferchesar; Waldausgang Wassersuppscher Weg vor Rhinbrücke</cmt>
		<desc>Stechow-Ferchesar, Ferchesar; Waldausgang Wassersuppscher Weg vor Rhinbrücke</desc>
		<src>LB Forst Brandenburg</src>
	</wpt>
	<wpt lat="52.247929187909264" lon="13.336066364858809">
		<name>1041</name>
		<cmt>Zossen, Werben; Westlich von Werben, Nähe der alten Ziegelei</cmt>
		<desc>Zossen, Werben; Westlich von Werben, Nähe der alten Ziegelei</desc>
		<src>LB Forst Brandenburg</src>
	</wpt>
	<wpt lat="52.226574637325527" lon="13.403501134993688">
		<name>1044</name>
		<cmt>Zossen, Nächst Neuendorf; Kreuzung Chausseehaus; Abzweig Glienick-Waldsiedlung Schünow</cmt>
		<desc>Zossen, Nächst Neuendorf; Kreuzung Chausseehaus; Abzweig Glienick-Waldsiedlung Schünow</desc>
		<src>LB Forst Brandenburg</src>
	</wpt>
	<wpt lat="52.246979277391347" lon="13.406115348823779">
		<name>1033</name>
		<cmt>Zossen, Dabendorf; Landstraße von Dabendorf n. Glienick, Einfahrt rechts an Brückenfundament am Waldbeginn.</cmt>
		<desc>Zossen, Dabendorf; Landstraße von Dabendorf n. Glienick, Einfahrt rechts an Brückenfundament am Waldbeginn.</desc>
		<src>LB Forst Brandenburg</src>
	</wpt>
	<wpt lat="52.532581532987493" lon="12.479366281010666">
		<name>2070</name>
		<cmt>Stadt Havelsee, Seelensdorf; Seelensdorfer Damm, Am Sägewerk</cmt>
		<desc>Stadt Havelsee, Seelensdorf; Seelensdorfer Damm, Am Sägewerk</desc>
		<src>LB Forst Brandenburg</src>
	</wpt>
	<wpt lat="52.171131189318238" lon="13.451843709224827">
		<name>1148</name>
		<cmt>Zossen, Wünsdorf; Mellenseestraße - nordwestlich von Wünsdorf an alter Mülldeponie</cmt>
		<desc>Zossen, Wünsdorf; Mellenseestraße - nordwestlich von Wünsdorf an alter Mülldeponie</desc>
		<src>LB Forst Brandenburg</src>
	</wpt>
	<wpt lat="53.115656828906751" lon="12.770512730569489">
		<name>1911</name>
		<cmt>Rheinsberg, Wallitz; L16, Ortseingang von Neuruppin kommend</cmt>
		<desc>Rheinsberg, Wallitz; L16, Ortseingang von Neuruppin kommend</desc>
		<src>LB Forst Brandenburg</src>
	</wpt>
	<wpt lat="52.152278052059906" lon="13.47924899881836">
		<name>1149</name>
		<cmt>Zossen, Wünsdorf; B96 Cottbuser Straße 1, Abzweig Koschewoi-Ring und Marschallstraße</cmt>
		<desc>Zossen, Wünsdorf; B96 Cottbuser Straße 1, Abzweig Koschewoi-Ring und Marschallstraße</desc>
		<src>LB Forst Brandenburg</src>
	</wpt>
	<wpt lat="53.06029950559919" lon="12.726789083925464">
		<name>1433</name>
		<cmt>Neuruppin, Neuglienicke; Waldrand westlich Neuglienicke</cmt>
		<desc>Neuruppin, Neuglienicke; Waldrand westlich Neuglienicke</desc>
		<src>LB Forst Brandenburg</src>
	</wpt>
	<wpt lat="53.048396856392948" lon="12.757275147054564">
		<name>1914</name>
		<cmt>Neuruppin, Gühlen Glienicke; L16, Ortseingang von Neuruppin kommend</cmt>
		<desc>Neuruppin, Gühlen Glienicke; L16, Ortseingang von Neuruppin kommend</desc>
		<src>LB Forst Brandenburg</src>
	</wpt>
	<wpt lat="52.186076282648479" lon="13.478519831053459">
		<name>1164</name>
		<cmt>Zossen, Wünsdorf-Waldstadt; Koschewoi - Ring am Abzweig Photovoltaikfeld</cmt>
		<desc>Zossen, Wünsdorf-Waldstadt; Koschewoi - Ring am Abzweig Photovoltaikfeld</desc>
		<src>LB Forst Brandenburg</src>
	</wpt>
	<wpt lat="51.954069123233261" lon="14.264367623362466">
		<name>2501</name>
		<cmt>Schwielochsee, Klein Liebitz; Kreuzung Lieberoser Straße aus Richtung Groß Liebitz</cmt>
		<desc>Schwielochsee, Klein Liebitz; Kreuzung Lieberoser Straße aus Richtung Groß Liebitz</desc>
		<src>LB Forst Brandenburg</src>
	</wpt>
	<wpt lat="52.169501080075349" lon="13.508032170884286">
		<name>1153</name>
		<cmt>Zossen, Wünsdorf; L74 von Wünsdorf in Richtung Töpchin linksseitig, Einfahrt Ehrenfriedhof Zehrensdorf.</cmt>
		<desc>Zossen, Wünsdorf; L74 von Wünsdorf in Richtung Töpchin linksseitig, Einfahrt Ehrenfriedhof Zehrensdorf.</desc>
		<src>LB Forst Brandenburg</src>
	</wpt>
	<wpt lat="52.991218134039009" lon="12.653929213506403">
		<name>1903</name>
		<cmt>Temnitzquell, Katerbow; L18, Ortseingang von Netzeband kommend</cmt>
		<desc>Temnitzquell, Katerbow; L18, Ortseingang von Netzeband kommend</desc>
		<src>LB Forst Brandenburg</src>
	</wpt>
	<wpt lat="52.206029998395444" lon="13.5549313506631">
		<name>1162</name>
		<cmt>Zossen, Kallinchen; Südlich von Kallinchen am Radweg Bergstraße - Beginn Kreuzung an Brachfläche</cmt>
		<desc>Zossen, Kallinchen; Südlich von Kallinchen am Radweg Bergstraße - Beginn Kreuzung an Brachfläche</desc>
		<src>LB Forst Brandenburg</src>
	</wpt>
	<wpt lat="53.015024849161499" lon="12.584173716542292">
		<name>1900</name>
		<cmt>Temnitzquell, Darsikow; östl. der Autobahnbrücke BAB 24</cmt>
		<desc>Temnitzquell, Darsikow; östl. der Autobahnbrücke BAB 24</desc>
		<src>LB Forst Brandenburg</src>
	</wpt>
	<wpt lat="52.89128639125866" lon="12.673197966347752">
		<name>1906</name>
		<cmt>Märkisch Linden, Lüchfeld; B167, Abzweig nach Lüchfeld (K 6805)</cmt>
		<desc>Märkisch Linden, Lüchfeld; B167, Abzweig nach Lüchfeld (K 6805)</desc>
		<src>LB Forst Brandenburg</src>
	</wpt>
	<wpt lat="52.834753938228346" lon="12.623313674792922">
		<name>1690</name>
		<cmt>Temnitztal, Vichel; L 166, Feuerwehr</cmt>
		<desc>Temnitztal, Vichel; L 166, Feuerwehr</desc>
		<src>LB Forst Brandenburg</src>
	</wpt>
	<wpt lat="52.840419184075408" lon="12.631892786882094">
		<name>1697</name>
		<cmt>Temnitztal, Garz; Luchdamm, Garzer Park</cmt>
		<desc>Temnitztal, Garz; Luchdamm, Garzer Park</desc>
		<src>LB Forst Brandenburg</src>
	</wpt>
	<wpt lat="53.031693250068152" lon="12.567487383974322">
		<name>1412</name>
		<cmt>Temnitzquell, Horst; Rossower Weg, an BAB 24</cmt>
		<desc>Temnitzquell, Horst; Rossower Weg, an BAB 24</desc>
		<src>LB Forst Brandenburg</src>
	</wpt>
	<wpt lat="53.12203006309057" lon="14.179611097509383">
		<name>1766</name>
		<cmt>Schwedt (Oder), Stendell; B166, Bushaltestelle Kavelheide</cmt>
		<desc>Schwedt (Oder), Stendell; B166, Bushaltestelle Kavelheide</desc>
		<src>LB Forst Brandenburg</src>
	</wpt>
	<wpt lat="51.964385557619558" lon="14.242294045036369">
		<name>2550</name>
		<cmt>Schwielochsee, Groß Liebitz; Ortseingang von Lamsfeld kommend rechts</cmt>
		<desc>Schwielochsee, Groß Liebitz; Ortseingang von Lamsfeld kommend rechts</desc>
		<src>LB Forst Brandenburg</src>
	</wpt>
	<wpt lat="51.944238375392878" lon="14.336218168057401">
		<name>2502</name>
		<cmt>Lieberose, Lieberose; Parkplatz B168 Aussichtspunkt, ehem. Truppenübungsplatz</cmt>
		<desc>Lieberose, Lieberose; Parkplatz B168 Aussichtspunkt, ehem. Truppenübungsplatz</desc>
		<src>LB Forst Brandenburg</src>
	</wpt>
	<wpt lat="51.963085477578531" lon="14.025469939178718">
		<name>2309</name>
		<cmt>Neu Zauche, Briesensee; L444 ,  Am See Rezeption Zeltplatz</cmt>
		<desc>Neu Zauche, Briesensee; L444 ,  Am See Rezeption Zeltplatz</desc>
		<src>LB Forst Brandenburg</src>
	</wpt>
	<wpt lat="51.95103348335364" lon="14.064469778416937">
		<name>2312</name>
		<cmt>Neu Zauche, Caminchen; Caminchener Dorfstr. 1, Forsthaus</cmt>
		<desc>Neu Zauche, Caminchen; Caminchener Dorfstr. 1, Forsthaus</desc>
		<src>LB Forst Brandenburg</src>
	</wpt>
	<wpt lat="53.062056078287412" lon="14.085831217678274">
		<name>2801</name>
		<cmt>Pinnow; Gutshof Pinnow</cmt>
		<desc>Pinnow; Gutshof Pinnow</desc>
		<src>LB Forst Brandenburg</src>
	</wpt>
	<wpt lat="52.132362588388467" lon="14.384613124164829">
		<name>2611</name>
		<cmt>Oelsen; L 435, Bushaltestelle</cmt>
		<desc>Oelsen; L 435, Bushaltestelle</desc>
		<src>LB Forst Brandenburg</src>
	</wpt>
	<wpt lat="53.16589998035488" lon="13.981456327798197">
		<name>1761</name>
		<cmt>Gramzow, Polßen; B198, Abzweig Fredersdorf</cmt>
		<desc>Gramzow, Polßen; B198, Abzweig Fredersdorf</desc>
		<src>LB Forst Brandenburg</src>
	</wpt>
	<wpt lat="52.378927140718588" lon="12.366460881813811">
		<name>2078</name>
		<cmt>Wusterwitz, Wusterwitz; L96 von Norden kommend, 1100 m nach Bahnübergang, rechts in Richtung Rosental, 1000 m bis Mitte Rosenthal</cmt>
		<desc>Wusterwitz, Wusterwitz; L96 von Norden kommend, 1100 m nach Bahnübergang, rechts in Richtung Rosental, 1000 m bis Mitte Rosenthal</desc>
		<src>LB Forst Brandenburg</src>
	</wpt>
	<wpt lat="52.00252028381027" lon="13.037787153640686">
		<name>2282</name>
		<cmt>Jüterbog; Bülowstraße, von Kreuzung B102 - Bülowstr. Richtung Neuheim ca. 400m in der Kurve inkls Einfahrt Richtung TÜP Jüterbog</cmt>
		<desc>Jüterbog; Bülowstraße, von Kreuzung B102 - Bülowstr. Richtung Neuheim ca. 400m in der Kurve inkls Einfahrt Richtung TÜP Jüterbog</desc>
		<src>LB Forst Brandenburg</src>
	</wpt>
	<wpt lat="52.011211784712359" lon="13.068913266210192">
		<name>2268</name>
		<cmt>Jüterbog; Kreuzung Bülowstr. - Straße nach Neuheim-Biogasanlage</cmt>
		<desc>Jüterbog; Kreuzung Bülowstr. - Straße nach Neuheim-Biogasanlage</desc>
		<src>LB Forst Brandenburg</src>
	</wpt>
	<wpt lat="52.358573126446267" lon="12.38703468859204">
		<name>2074</name>
		<cmt>Wusterwitz, Wusterwitz; L 96 von Ortausgang Wusterwitz, in Richtung Rogäsen</cmt>
		<desc>Wusterwitz, Wusterwitz; L 96 von Ortausgang Wusterwitz, in Richtung Rogäsen</desc>
		<src>LB Forst Brandenburg</src>
	</wpt>
	<wpt lat="52.01471754706607" lon="13.099307644154187">
		<name>2252</name>
		<cmt>Jüterbog; B101, Luckenwalder Straße, 170m hinter Bahnüberführung (Haussteiglust) Richtung Kloster Zinna</cmt>
		<desc>Jüterbog; B101, Luckenwalder Straße, 170m hinter Bahnüberführung (Haussteiglust) Richtung Kloster Zinna</desc>
		<src>LB Forst Brandenburg</src>
	</wpt>
	<wpt lat="51.986839475815316" lon="13.121476148795143">
		<name>2223</name>
		<cmt>Jüterbog; B115 - zw. Jüterbog u. Markendorf, Abzweig der Plattenstraße nach Werder</cmt>
		<desc>Jüterbog; B115 - zw. Jüterbog u. Markendorf, Abzweig der Plattenstraße nach Werder</desc>
		<src>LB Forst Brandenburg</src>
	</wpt>
	<wpt lat="52.344768777940111" lon="12.378453379248475">
		<name>2073</name>
		<cmt>Wusterwitz,Wusterwitz; L 96 von Ortausgang Wusterwitz, 1700 m in Richtung Rogäsen,  Waldeinfahrt rechtsseitig</cmt>
		<desc>Wusterwitz,Wusterwitz; L 96 von Ortausgang Wusterwitz, 1700 m in Richtung Rogäsen,  Waldeinfahrt rechtsseitig</desc>
		<src>LB Forst Brandenburg</src>
	</wpt>
	<wpt lat="52.367401432042648" lon="12.318125346800217">
		<name>2076</name>
		<cmt>Wusterwitz, Gollwitz; Ortsverbindungsstraße Warchau-Gollwitz, von Warchau kommend am Ortseingang Gollwitz, linke Seite, Buswendeschleife</cmt>
		<desc>Wusterwitz, Gollwitz; Ortsverbindungsstraße Warchau-Gollwitz, von Warchau kommend am Ortseingang Gollwitz, linke Seite, Buswendeschleife</desc>
		<src>LB Forst Brandenburg</src>
	</wpt>
	<wpt lat="52.037592687793008" lon="14.368560695060067">
		<name>2486</name>
		<cmt>Jamlitz, Ullersdorf; Kreuzung L 434 und Dorfstraße</cmt>
		<desc>Jamlitz, Ullersdorf; Kreuzung L 434 und Dorfstraße</desc>
		<src>LB Forst Brandenburg</src>
	</wpt>
	<wpt lat="52.418092314354091" lon="14.339646739985408">
		<name>2666</name>
		<cmt>Falkenhagen(Mark); Betonstraße</cmt>
		<desc>Falkenhagen(Mark); Betonstraße</desc>
		<src>LB Forst Brandenburg</src>
	</wpt>
	<wpt lat="51.896759697241954" lon="14.057610569308226">
		<name>2317</name>
		<cmt>Neu Zauche; Spreestraße, Kahnhafen Neu Zauche</cmt>
		<desc>Neu Zauche; Spreestraße, Kahnhafen Neu Zauche</desc>
		<src>LB Forst Brandenburg</src>
	</wpt>
	<wpt lat="51.907764484550441" lon="14.022257812417044">
		<name>2316</name>
		<cmt>Alt Zauche; Mühlweg, Kahnhafen Alt Zauche</cmt>
		<desc>Alt Zauche; Mühlweg, Kahnhafen Alt Zauche</desc>
		<src>LB Forst Brandenburg</src>
	</wpt>
	<wpt lat="52.32580681752097" lon="14.270018857046221">
		<name>2649</name>
		<cmt>Briesen (Mark); A12, AS Briesen; südlich</cmt>
		<desc>Briesen (Mark); A12, AS Briesen; südlich</desc>
		<src>LB Forst Brandenburg</src>
	</wpt>
	<wpt lat="52.317824234068858" lon="14.313579221021211">
		<name>2651</name>
		<cmt>Jacobsdorf; südlich A 12, Ökoberg</cmt>
		<desc>Jacobsdorf; südlich A 12, Ökoberg</desc>
		<src>LB Forst Brandenburg</src>
	</wpt>
	<wpt lat="52.778001021076221" lon="13.755184821325287">
		<name>1685</name>
		<cmt>Schönholz; Ortsausgang Schönholz in Richtung Melchow von der B 2 kommend</cmt>
		<desc>Schönholz; Ortsausgang Schönholz in Richtung Melchow von der B 2 kommend</desc>
		<src>LB Forst Brandenburg</src>
	</wpt>
	<wpt lat="52.009263073826212" lon="14.187059729121261">
		<name>2322</name>
		<cmt>Schwielochsee, Goyatz; Redeneck 12, Rösner Fleischwaren</cmt>
		<desc>Schwielochsee, Goyatz; Redeneck 12, Rösner Fleischwaren</desc>
		<src>LB Forst Brandenburg</src>
	</wpt>
	<wpt lat="52.782981185232202" lon="13.764404966776231">
		<name>1671</name>
		<cmt>Schönholz; Ortseingang Schönholz von der B 2 kommend</cmt>
		<desc>Schönholz; Ortseingang Schönholz von der B 2 kommend</desc>
		<src>LB Forst Brandenburg</src>
	</wpt>
	<wpt lat="52.310815577702535" lon="14.35663440917755">
		<name>2652</name>
		<cmt>Biegen; L 37, Friedhof</cmt>
		<desc>Biegen; L 37, Friedhof</desc>
		<src>LB Forst Brandenburg</src>
	</wpt>
	<wpt lat="51.667018695388919" lon="13.472085964211642">
		<name>1789</name>
		<cmt>Doberlug-Kirchhain, Dübrichen; L 702, Ortslage Bushaltestelle</cmt>
		<desc>Doberlug-Kirchhain, Dübrichen; L 702, Ortslage Bushaltestelle</desc>
		<src>LB Forst Brandenburg</src>
	</wpt>
	<wpt lat="52.112323971021929" lon="14.073081378978568">
		<name>1100</name>
		<cmt>Kossenblatt; L443 Hauptstraße, am Kindergarten</cmt>
		<desc>Kossenblatt; L443 Hauptstraße, am Kindergarten</desc>
		<src>LB Forst Brandenburg</src>
	</wpt>
	<wpt lat="51.609443667754412" lon="13.545302515006405">
		<name>1787</name>
		<cmt>Doberlug-Kirchhain, Doberlug; L 60 Ortsmitte Parkplatz am Schloß Klosterschänke</cmt>
		<desc>Doberlug-Kirchhain, Doberlug; L 60 Ortsmitte Parkplatz am Schloß Klosterschänke</desc>
		<src>LB Forst Brandenburg</src>
	</wpt>
	<wpt lat="52.147537577535353" lon="14.159193725132527">
		<name>1129</name>
		<cmt>Tauche; L443 Beeskower Chaussee 70, Gemeindeamt</cmt>
		<desc>Tauche; L443 Beeskower Chaussee 70, Gemeindeamt</desc>
		<src>LB Forst Brandenburg</src>
	</wpt>
	<wpt lat="52.243637282349674" lon="14.119372059276213">
		<name>1137</name>
		<cmt>Hartensdorf; L42 Hartensdorfer Str., Verbindungsweg Glienicke</cmt>
		<desc>Hartensdorf; L42 Hartensdorfer Str., Verbindungsweg Glienicke</desc>
		<src>LB Forst Brandenburg</src>
	</wpt>
	<wpt lat="52.043842974199016" lon="14.422867469700995">
		<name>2617</name>
		<cmt>Klein Muckrow; L 433, Bushaltestelle</cmt>
		<desc>Klein Muckrow; L 433, Bushaltestelle</desc>
		<src>LB Forst Brandenburg</src>
	</wpt>
	<wpt lat="52.302117154168194" lon="14.126795739695943">
		<name>1145</name>
		<cmt>Alt Golm; L412 Dorfstr., Feuerwehr</cmt>
		<desc>Alt Golm; L412 Dorfstr., Feuerwehr</desc>
		<src>LB Forst Brandenburg</src>
	</wpt>
	<wpt lat="52.424189606176796" lon="14.190754839524599">
		<name>2668</name>
		<cmt>Hasenfelde; K 6737, Sportplatz</cmt>
		<desc>Hasenfelde; K 6737, Sportplatz</desc>
		<src>LB Forst Brandenburg</src>
	</wpt>
	<wpt lat="52.450500130485032" lon="14.095642181702349">
		<name>2809</name>
		<cmt>Gölsdorf; Ortsausgang, Richtung Eggersdorf</cmt>
		<desc>Gölsdorf; Ortsausgang, Richtung Eggersdorf</desc>
		<src>LB Forst Brandenburg</src>
	</wpt>
	<wpt lat="52.203219684778603" lon="14.349627842903184">
		<name>1131</name>
		<cmt>Merz; K6718 Dorfstr., OA Richtung Mixdorf</cmt>
		<desc>Merz; K6718 Dorfstr., OA Richtung Mixdorf</desc>
		<src>LB Forst Brandenburg</src>
	</wpt>
	<wpt lat="52.225345945706493" lon="14.343185638589979">
		<name>1132</name>
		<cmt>Ragow; B87, Försterei Ragow 1</cmt>
		<desc>Ragow; B87, Försterei Ragow 1</desc>
		<src>LB Forst Brandenburg</src>
	</wpt>
	<wpt lat="52.272475318850432" lon="14.277310827735816">
		<name>1135</name>
		<cmt>Neubrück; Vorderheide, Feuerwehr</cmt>
		<desc>Neubrück; Vorderheide, Feuerwehr</desc>
		<src>LB Forst Brandenburg</src>
	</wpt>
	<wpt lat="52.388344244515409" lon="14.258915726845048">
		<name>2659</name>
		<cmt>Wilmersdorf; L 384, Kreuzung Vorwerk Wilmersdorf</cmt>
		<desc>Wilmersdorf; L 384, Kreuzung Vorwerk Wilmersdorf</desc>
		<src>LB Forst Brandenburg</src>
	</wpt>
	<wpt lat="52.377860688902437" lon="14.380760115336777">
		<name>2661</name>
		<cmt>Sieversdorf; L 38, ehemalige Schule (Richtung Putenställe)</cmt>
		<desc>Sieversdorf; L 38, ehemalige Schule (Richtung Putenställe)</desc>
		<src>LB Forst Brandenburg</src>
	</wpt>
	<wpt lat="52.379026723214665" lon="14.309348911159958">
		<name>2662</name>
		<cmt>Madlitz; L 37, Madlitzer Mühle( Parkplatz Hotel Fischerhaus)</cmt>
		<desc>Madlitz; L 37, Madlitzer Mühle( Parkplatz Hotel Fischerhaus)</desc>
		<src>LB Forst Brandenburg</src>
	</wpt>
	<wpt lat="52.102292902266456" lon="14.181466772591804">
		<name>1095</name>
		<cmt>Trebatsch; B87 Hauptstrasse, Einfahrt zur Kläranlage</cmt>
		<desc>Trebatsch; B87 Hauptstrasse, Einfahrt zur Kläranlage</desc>
		<src>LB Forst Brandenburg</src>
	</wpt>
	<wpt lat="52.073913547464677" lon="12.618390099677232">
		<name>2119</name>
		<cmt>Rabenstein, Buchholz; Ortsausgang Buchholz nach Luehnsdorf</cmt>
		<desc>Rabenstein, Buchholz; Ortsausgang Buchholz nach Luehnsdorf</desc>
		<src>LB Forst Brandenburg</src>
	</wpt>
	<wpt lat="52.073187090883096" lon="12.661530445442645">
		<name>2116</name>
		<cmt>Stadt Niemegk; Niemegk - Lühnsdorf; Werdermuehle Autobahnunterführung</cmt>
		<desc>Stadt Niemegk; Niemegk - Lühnsdorf; Werdermuehle Autobahnunterführung</desc>
		<src>LB Forst Brandenburg</src>
	</wpt>
	<wpt lat="52.101772827151279" lon="12.617872392840628">
		<name>2118</name>
		<cmt>Planetal, Kranepuhl; Ortsausgang Krahnepuhl nach Preussnitz</cmt>
		<desc>Planetal, Kranepuhl; Ortsausgang Krahnepuhl nach Preussnitz</desc>
		<src>LB Forst Brandenburg</src>
	</wpt>
	<wpt lat="52.120651749484217" lon="12.686658603142593">
		<name>2113</name>
		<cmt>Planetal, Mörz; Kirche in Moerz</cmt>
		<desc>Planetal, Mörz; Kirche in Moerz</desc>
		<src>LB Forst Brandenburg</src>
	</wpt>
	<wpt lat="51.65794841545776" lon="13.436325688033325">
		<name>2742</name>
		<cmt>Doberlug-Kirchhain, Prießen; L 702, Ortslage Friedhof</cmt>
		<desc>Doberlug-Kirchhain, Prießen; L 702, Ortslage Friedhof</desc>
		<src>LB Forst Brandenburg</src>
	</wpt>
	<wpt lat="52.115267154512459" lon="14.029256287067877">
		<name>1104</name>
		<cmt>Werder; K6726 Dorfstr. 22, Ortsmitte Spreewaldhotel</cmt>
		<desc>Werder; K6726 Dorfstr. 22, Ortsmitte Spreewaldhotel</desc>
		<src>LB Forst Brandenburg</src>
	</wpt>
	<wpt lat="52.175352490314388" lon="14.07587258721367">
		<name>1109</name>
		<cmt>Ahrensdorf; L42 Lindenstraße, Feuerwehr</cmt>
		<desc>Ahrensdorf; L42 Lindenstraße, Feuerwehr</desc>
		<src>LB Forst Brandenburg</src>
	</wpt>
	<wpt lat="51.628660613666682" lon="13.511266106485525">
		<name>2743</name>
		<cmt>Doberlug-Kirchhain, Kirchhain; Torgauer Straße ehemalige Lausitzkaserne, Buswendeschleife</cmt>
		<desc>Doberlug-Kirchhain, Kirchhain; Torgauer Straße ehemalige Lausitzkaserne, Buswendeschleife</desc>
		<src>LB Forst Brandenburg</src>
	</wpt>
	<wpt lat="51.610345937321696" lon="13.598476441708172">
		<name>1854</name>
		<cmt>Doberlug-Kirchhain, Lugau; L601, Ortslage, Sportplatz</cmt>
		<desc>Doberlug-Kirchhain, Lugau; L601, Ortslage, Sportplatz</desc>
		<src>LB Forst Brandenburg</src>
	</wpt>
	<wpt lat="52.054913469071828" lon="13.144987227476721">
		<name>2264</name>
		<cmt>Jüterbog, Kloster Zinna; K 7216 (alte B101) Luckenwalde - Jüterbog, ca. 1Km hinter Kolzenburger Kurve Richtung Jüterbog - 1. Panzerbahn</cmt>
		<desc>Jüterbog, Kloster Zinna; K 7216 (alte B101) Luckenwalde - Jüterbog, ca. 1Km hinter Kolzenburger Kurve Richtung Jüterbog - 1. Panzerbahn</desc>
		<src>LB Forst Brandenburg</src>
	</wpt>
	<wpt lat="52.04417549158071" lon="13.1194502749949">
		<name>2266</name>
		<cmt>Jüterbog, Kloster Zinna; K 7216 alte B101 Luckenwalde - Jüterbog, Einfahrt Forst Zinna</cmt>
		<desc>Jüterbog, Kloster Zinna; K 7216 alte B101 Luckenwalde - Jüterbog, Einfahrt Forst Zinna</desc>
		<src>LB Forst Brandenburg</src>
	</wpt>
	<wpt lat="52.01038313128408" lon="13.127498520633653">
		<name>2259</name>
		<cmt>Jüterbog, Werder; Dorfstraße, altes Feuerwehrhaus</cmt>
		<desc>Jüterbog, Werder; Dorfstraße, altes Feuerwehrhaus</desc>
		<src>LB Forst Brandenburg</src>
	</wpt>
	<wpt lat="51.985886279599569" lon="13.184506771728445">
		<name>2257</name>
		<cmt>Jüterbog, Markendorf; B115 Baruther Landstraße, Ortsausgang Richtung Petkus - Abzweig Fröhdener Holzweg nach Norden</cmt>
		<desc>Jüterbog, Markendorf; B115 Baruther Landstraße, Ortsausgang Richtung Petkus - Abzweig Fröhdener Holzweg nach Norden</desc>
		<src>LB Forst Brandenburg</src>
	</wpt>
	<wpt lat="52.80734510859763" lon="14.040096370472996">
		<name>1626</name>
		<cmt>Bad Freienwalde; Schiffmühle - U-Kurve Ecke ehm. Fährkrug</cmt>
		<desc>Bad Freienwalde; Schiffmühle - U-Kurve Ecke ehm. Fährkrug</desc>
		<src>LB Forst Brandenburg</src>
	</wpt>
	<wpt lat="51.995972473311546" lon="13.171823140510936">
		<name>2258</name>
		<cmt>Jüterbog, Markendorf; Waldsiedlung, Ortslage nordwestl. Hauptzufahrt zum TÜP Heidehof - Metallschranke</cmt>
		<desc>Jüterbog, Markendorf; Waldsiedlung, Ortslage nordwestl. Hauptzufahrt zum TÜP Heidehof - Metallschranke</desc>
		<src>LB Forst Brandenburg</src>
	</wpt>
	<wpt lat="51.985649636071081" lon="13.203868256859927">
		<name>2256</name>
		<cmt>Jüterbog, Markendorf; B115 Ortsausgang Richtung Petkus, ca. 500m vor  ehem. Abdeckerei, am Acker nördlich der B115</cmt>
		<desc>Jüterbog, Markendorf; B115 Ortsausgang Richtung Petkus, ca. 500m vor  ehem. Abdeckerei, am Acker nördlich der B115</desc>
		<src>LB Forst Brandenburg</src>
	</wpt>
	<wpt lat="51.953561280507735" lon="13.181959643923463">
		<name>2239</name>
		<cmt>Niederer Fläming, Werbig; Plattenweg Werbig - Fröhden, ZUMA Schweinemastanlage</cmt>
		<desc>Niederer Fläming, Werbig; Plattenweg Werbig - Fröhden, ZUMA Schweinemastanlage</desc>
		<src>LB Forst Brandenburg</src>
	</wpt>
	<wpt lat="52.940785447991608" lon="12.626244985368334">
		<name>1941</name>
		<cmt>Walsleben, Dannenfeld; Ortseingang von Walsleben kommend</cmt>
		<desc>Walsleben, Dannenfeld; Ortseingang von Walsleben kommend</desc>
		<src>LB Forst Brandenburg</src>
	</wpt>
	<wpt lat="52.068414536587319" lon="14.43253434865705">
		<name>2616</name>
		<cmt>Groß Muckrow; L 433, Bushaltestelle</cmt>
		<desc>Groß Muckrow; L 433, Bushaltestelle</desc>
		<src>LB Forst Brandenburg</src>
	</wpt>
	<wpt lat="52.112239046857866" lon="14.380239473139929">
		<name>2612</name>
		<cmt>Groß Briesen; L 435, Bushaltestelle</cmt>
		<desc>Groß Briesen; L 435, Bushaltestelle</desc>
		<src>LB Forst Brandenburg</src>
	</wpt>
	<wpt lat="53.113429125152763" lon="13.176634322391852">
		<name>1308</name>
		<cmt>Gramzow; B96, 16775 Gramzow</cmt>
		<desc>Gramzow; B96, 16775 Gramzow</desc>
		<src>LB Forst Brandenburg</src>
	</wpt>
	<wpt lat="52.969504144753913" lon="13.112666444906214">
		<name>1300</name>
		<cmt>Meseberg; Ortseingang von B96 kommend</cmt>
		<desc>Meseberg; Ortseingang von B96 kommend</desc>
		<src>LB Forst Brandenburg</src>
	</wpt>
	<wpt lat="52.926962671701688" lon="12.908336390608357">
		<name>1920</name>
		<cmt>Neuruppin, Wulkow; B167, hinter der JVA</cmt>
		<desc>Neuruppin, Wulkow; B167, hinter der JVA</desc>
		<src>LB Forst Brandenburg</src>
	</wpt>
	<wpt lat="51.992396879189627" lon="14.012858988687583">
		<name>2325</name>
		<cmt>Märkische Heide, Biebersdorf; Abt.2213, B87 Biebersdorf - Birkenhainchen</cmt>
		<desc>Märkische Heide, Biebersdorf; Abt.2213, B87 Biebersdorf - Birkenhainchen</desc>
		<src>LB Forst Brandenburg</src>
	</wpt>
	<wpt lat="53.142007885070157" lon="12.995771623031821">
		<name>1381</name>
		<cmt>Rheinsberg; Roofenstr. KKW Rheinsberg/Haupteingang</cmt>
		<desc>Rheinsberg; Roofenstr. KKW Rheinsberg/Haupteingang</desc>
		<src>LB Forst Brandenburg</src>
	</wpt>
	<wpt lat="53.105821902983564" lon="12.875533896754765">
		<name>1335</name>
		<cmt>Rheinsberg, Warenthin; Am Arboretum, Rheinsberg; Ortsverbindung Rheinsberg - Warenthin</cmt>
		<desc>Rheinsberg, Warenthin; Am Arboretum, Rheinsberg; Ortsverbindung Rheinsberg - Warenthin</desc>
		<src>LB Forst Brandenburg</src>
	</wpt>
	<wpt lat="52.970352053717605" lon="12.904900116614296">
		<name>1921</name>
		<cmt>Neuruppin, Klausheide; Klausheide Ablage am Möllensee</cmt>
		<desc>Neuruppin, Klausheide; Klausheide Ablage am Möllensee</desc>
		<src>LB Forst Brandenburg</src>
	</wpt>
	<wpt lat="53.171700487162056" lon="12.94464342818806">
		<name>1328</name>
		<cmt>Rheinsberg, Adamswalde; Waldparkplatz Pälitzsseablage südöstlich der Ortslage</cmt>
		<desc>Rheinsberg, Adamswalde; Waldparkplatz Pälitzsseablage südöstlich der Ortslage</desc>
		<src>LB Forst Brandenburg</src>
	</wpt>
	<wpt lat="52.95889008994881" lon="12.834810921961934">
		<name>2043</name>
		<cmt>Alt Ruppin; Neumühler Weg (Straße nach Molchow), Schleuse Neumühle</cmt>
		<desc>Alt Ruppin; Neumühler Weg (Straße nach Molchow), Schleuse Neumühle</desc>
		<src>LB Forst Brandenburg</src>
	</wpt>
	<wpt lat="52.944103236351275" lon="12.85162932667534">
		<name>1937</name>
		<cmt>Alt Ruppin; B167 Richtung Wulkow,neben Aldi Parkplatz</cmt>
		<desc>Alt Ruppin; B167 Richtung Wulkow,neben Aldi Parkplatz</desc>
		<src>LB Forst Brandenburg</src>
	</wpt>
	<wpt lat="52.959706293073062" lon="12.799029650609738">
		<name>1940</name>
		<cmt>Neuruppin; Kuhburgberg, L16 Abzweig L18 nach Wittstock</cmt>
		<desc>Neuruppin; Kuhburgberg, L16 Abzweig L18 nach Wittstock</desc>
		<src>LB Forst Brandenburg</src>
	</wpt>
	<wpt lat="52.837025629517981" lon="13.144237953195606">
		<name>1938</name>
		<cmt>Löwenberger Land, Neuendorf; Buswendeschleife; Plötzenstraße, Ortsausgang Richtung Neuhof</cmt>
		<desc>Löwenberger Land, Neuendorf; Buswendeschleife; Plötzenstraße, Ortsausgang Richtung Neuhof</desc>
		<src>LB Forst Brandenburg</src>
	</wpt>
	<wpt lat="52.802035779509758" lon="13.087928306062185">
		<name>1967</name>
		<cmt>Kremmen, Hohenbruch; L 191, Hohenbruch Richtung Sommerfeld, Abzweig Schleuener Heide</cmt>
		<desc>Kremmen, Hohenbruch; L 191, Hohenbruch Richtung Sommerfeld, Abzweig Schleuener Heide</desc>
		<src>LB Forst Brandenburg</src>
	</wpt>
	<wpt lat="52.779775749960002" lon="13.163793152994982">
		<name>1933</name>
		<cmt>Kremmen, Hohenbruch; Ablage bei Kanalbrücke Behrensbrück L172</cmt>
		<desc>Kremmen, Hohenbruch; Ablage bei Kanalbrücke Behrensbrück L172</desc>
		<src>LB Forst Brandenburg</src>
	</wpt>
	<wpt lat="52.641045654334079" lon="12.66519705465579">
		<name>1587</name>
		<cmt>Pessin; Feuerwehr  Pessin</cmt>
		<desc>Pessin; Feuerwehr  Pessin</desc>
		<src>LB Forst Brandenburg</src>
	</wpt>
	<wpt lat="52.580027925678721" lon="12.732767137676504">
		<name>1573</name>
		<cmt>Nauen, Groß Behnitz; Feuerwehr Groß Behnitz</cmt>
		<desc>Nauen, Groß Behnitz; Feuerwehr Groß Behnitz</desc>
		<src>LB Forst Brandenburg</src>
	</wpt>
	<wpt lat="52.633600683751382" lon="12.714057621910616">
		<name>1401</name>
		<cmt>Paulinenaue, Selbelang; Feuerwehr  Selbelang</cmt>
		<desc>Paulinenaue, Selbelang; Feuerwehr  Selbelang</desc>
		<src>LB Forst Brandenburg</src>
	</wpt>
	<wpt lat="51.995438048827076" lon="12.897113705743555">
		<name>2225</name>
		<cmt>Niedergörsdorf, Eckmannsdorf; K7215 - Dorfstraße, Ortsmitte - Kreuzung K7215 nach Dalichow/Blönsdorf</cmt>
		<desc>Niedergörsdorf, Eckmannsdorf; K7215 - Dorfstraße, Ortsmitte - Kreuzung K7215 nach Dalichow/Blönsdorf</desc>
		<src>LB Forst Brandenburg</src>
	</wpt>
	<wpt lat="52.094364079362535" lon="14.05639455060664">
		<name>1092</name>
		<cmt>Märkische Heide, Plattkow; Abt. 5583, L 443 Wittmannsdorf - Plattkow</cmt>
		<desc>Märkische Heide, Plattkow; Abt. 5583, L 443 Wittmannsdorf - Plattkow</desc>
		<src>LB Forst Brandenburg</src>
	</wpt>
	<wpt lat="52.028007936013324" lon="13.995007700830881">
		<name>2306</name>
		<cmt>Märkische Heide, Krugau; Abt. 2419, östlich Krugau</cmt>
		<desc>Märkische Heide, Krugau; Abt. 2419, östlich Krugau</desc>
		<src>LB Forst Brandenburg</src>
	</wpt>
	<wpt lat="52.096672865222239" lon="13.977506625187873">
		<name>1103</name>
		<cmt>Märkische Heide, Neu Schadow; Abt. 3533, Straße Pretschen - Alt Schadow</cmt>
		<desc>Märkische Heide, Neu Schadow; Abt. 3533, Straße Pretschen - Alt Schadow</desc>
		<src>LB Forst Brandenburg</src>
	</wpt>
	<wpt lat="52.125630879538654" lon="13.951738857873073">
		<name>1113</name>
		<cmt>Märkische Heide, Alt Schadow; Abt. 3665, L 42 nördlich Ortslage Alt Schadow</cmt>
		<desc>Märkische Heide, Alt Schadow; Abt. 3665, L 42 nördlich Ortslage Alt Schadow</desc>
		<src>LB Forst Brandenburg</src>
	</wpt>
	<wpt lat="52.062308256488706" lon="13.922691193178448">
		<name>1101</name>
		<cmt>Märkische Heide, Kuschkow; Abt. 3511, B 179 Kuschkow - Neu Lübbenau</cmt>
		<desc>Märkische Heide, Kuschkow; Abt. 3511, B 179 Kuschkow - Neu Lübbenau</desc>
		<src>LB Forst Brandenburg</src>
	</wpt>
	<wpt lat="52.079370094017442" lon="13.13047142442222">
		<name>2283</name>
		<cmt>Luckenwalde; B101-Kreuzung zur Straße "An den Ziegeleien", Einfahrt zum TÜP Jüterbog (Wildbahn)</cmt>
		<desc>Luckenwalde; B101-Kreuzung zur Straße "An den Ziegeleien", Einfahrt zum TÜP Jüterbog (Wildbahn)</desc>
		<src>LB Forst Brandenburg</src>
	</wpt>
	<wpt lat="52.28798570912997" lon="12.751995588176653">
		<name>2148</name>
		<cmt>Kloster Lehnin, Rädel; Hauptstraße, Freiwillige Feuerwehr</cmt>
		<desc>Kloster Lehnin, Rädel; Hauptstraße, Freiwillige Feuerwehr</desc>
		<src>LB Forst Brandenburg</src>
	</wpt>
	<wpt lat="52.336871735984992" lon="12.661510291620617">
		<name>2149</name>
		<cmt>Kloster Lehnin, Grebs; Dorfanger,Kindergarten</cmt>
		<desc>Kloster Lehnin, Grebs; Dorfanger,Kindergarten</desc>
		<src>LB Forst Brandenburg</src>
	</wpt>
	<wpt lat="52.320713087585403" lon="12.765742017417699">
		<name>2160</name>
		<cmt>Kloster Lehnin, Lehnin; Forsthaus Mittelheide,Potsdamer Str.</cmt>
		<desc>Kloster Lehnin, Lehnin; Forsthaus Mittelheide,Potsdamer Str.</desc>
		<src>LB Forst Brandenburg</src>
	</wpt>
	<wpt lat="52.314661492965008" lon="12.74166710698257">
		<name>2163</name>
		<cmt>Kloster Lehnin, Lehnin; Lindenstrasse, Autohaus Dibo</cmt>
		<desc>Kloster Lehnin, Lehnin; Lindenstrasse, Autohaus Dibo</desc>
		<src>LB Forst Brandenburg</src>
	</wpt>
	<wpt lat="52.16795657148095" lon="14.445106118294689">
		<name>2583</name>
		<cmt>Siehdichum; Försterfriedhof</cmt>
		<desc>Siehdichum; Försterfriedhof</desc>
		<src>LB Forst Brandenburg</src>
	</wpt>
	<wpt lat="52.783609439020253" lon="13.102043756684443">
		<name>1947</name>
		<cmt>Kremmen, Hohenbruch; Verlorenorter Weg 5, Försterei Döringsbrück</cmt>
		<desc>Kremmen, Hohenbruch; Verlorenorter Weg 5, Försterei Döringsbrück</desc>
		<src>LB Forst Brandenburg</src>
	</wpt>
	<wpt lat="52.195080072547995" lon="14.406016267882549">
		<name>2607</name>
		<cmt>Mixdorf; Mixdorf; L 435, Kirche</cmt>
		<desc>Mixdorf; Mixdorf; L 435, Kirche</desc>
		<src>LB Forst Brandenburg</src>
	</wpt>
	<wpt lat="52.193886222359879" lon="14.102614656082679">
		<name>1120</name>
		<cmt>Lindenberg; L42 Ahrensdorfer Str., Einfahrt Weg nach Premsdorf</cmt>
		<desc>Lindenberg; L42 Ahrensdorfer Str., Einfahrt Weg nach Premsdorf</desc>
		<src>LB Forst Brandenburg</src>
	</wpt>
	<wpt lat="52.165861226974776" lon="14.375074533279223">
		<name>2596</name>
		<cmt>Grunow- Dammendorf, Grunow; B 246, Beginn Radweg, Ortsausgang</cmt>
		<desc>Grunow- Dammendorf, Grunow; B 246, Beginn Radweg, Ortsausgang</desc>
		<src>LB Forst Brandenburg</src>
	</wpt>
	<wpt lat="52.134304105395117" lon="14.442378905407674">
		<name>2580</name>
		<cmt>Grunow-Dammendorf, Dammendorf; Einfahrt "Blockweg" an der B 246</cmt>
		<desc>Grunow-Dammendorf, Dammendorf; Einfahrt "Blockweg" an der B 246</desc>
		<src>LB Forst Brandenburg</src>
	</wpt>
	<wpt lat="52.336050932024939" lon="12.549308618007105">
		<name>2155</name>
		<cmt>Kloster Lehnin, Reckahn; Rekahner Hauptstraße, Gasthof"Dachsbau"</cmt>
		<desc>Kloster Lehnin, Reckahn; Rekahner Hauptstraße, Gasthof"Dachsbau"</desc>
		<src>LB Forst Brandenburg</src>
	</wpt>
	<wpt lat="51.796631911888184" lon="13.530806433605699">
		<name>2338</name>
		<cmt>Heideblick, Schwarzenburg / Neusorgefeld; B87, Abfahrt  Altsorgefeld / Schwarzenburg</cmt>
		<desc>Heideblick, Schwarzenburg / Neusorgefeld; B87, Abfahrt  Altsorgefeld / Schwarzenburg</desc>
		<src>LB Forst Brandenburg</src>
	</wpt>
	<wpt lat="51.770447496548137" lon="13.556350619223897">
		<name>2336</name>
		<cmt>Schwarzenburg; Schwarzenburg; B87 Abfahrt Schwarzenburg, ca. 5 km bis zur 110 KV Leitung Kreuzung Wand / Sonnewalder Straße</cmt>
		<desc>Schwarzenburg; Schwarzenburg; B87 Abfahrt Schwarzenburg, ca. 5 km bis zur 110 KV Leitung Kreuzung Wand / Sonnewalder Straße</desc>
		<src>LB Forst Brandenburg</src>
	</wpt>
	<wpt lat="51.758054104958248" lon="13.54082343417619">
		<name>2759</name>
		<cmt>Schwarzenburg; Dorfstraße, Gaststätte Wilder Eber</cmt>
		<desc>Schwarzenburg; Dorfstraße, Gaststätte Wilder Eber</desc>
		<src>LB Forst Brandenburg</src>
	</wpt>
	<wpt lat="51.87300858055827" lon="14.549480577484147">
		<name>2436</name>
		<cmt>Jänschwalde, Ost; B97 Ausfahrt Jänschwalde-Ost</cmt>
		<desc>Jänschwalde, Ost; B97 Ausfahrt Jänschwalde-Ost</desc>
		<src>LB Forst Brandenburg</src>
	</wpt>
	<wpt lat="53.282383851321164" lon="12.052339771375618">
		<name>1571</name>
		<cmt>Putlitz OT Nettelbeck; Nettelbeck - Hainholzweg</cmt>
		<desc>Putlitz OT Nettelbeck; Nettelbeck - Hainholzweg</desc>
		<src>LB Forst Brandenburg</src>
	</wpt>
	<wpt lat="52.543413603863513" lon="12.252177656269939">
		<name>2019</name>
		<cmt>Milower Land, Vieritz; Försterei Kater</cmt>
		<desc>Milower Land, Vieritz; Försterei Kater</desc>
		<src>LB Forst Brandenburg</src>
	</wpt>
	<wpt lat="52.182411286056301" lon="14.433306963651358">
		<name>2629</name>
		<cmt>Siedichum, Schernsdorf; Kupferhammer; K 6718, Parkplatz Kupferhammer</cmt>
		<desc>Siedichum, Schernsdorf; Kupferhammer; K 6718, Parkplatz Kupferhammer</desc>
		<src>LB Forst Brandenburg</src>
	</wpt>
	<wpt lat="52.058105208002047" lon="14.190176759628917">
		<name>1097</name>
		<cmt>an der Brücke; Verbindungsstraße zwischen Sawall und Zaue</cmt>
		<desc>an der Brücke; Verbindungsstraße zwischen Sawall und Zaue</desc>
		<src>LB Forst Brandenburg</src>
	</wpt>
	<wpt lat="52.067159853284217" lon="14.149665725480528">
		<name>1098</name>
		<cmt>Mittweide; B87 Hauptstr., Ortsausgang in Richtung Trebatsch</cmt>
		<desc>Mittweide; B87 Hauptstr., Ortsausgang in Richtung Trebatsch</desc>
		<src>LB Forst Brandenburg</src>
	</wpt>
	<wpt lat="52.081396660394567" lon="14.476077106622533">
		<name>2615</name>
		<cmt>Grunow-Dammendorf, Dammendorf; Reicherskreuz; L43 - Abzweig Reicherskreuz( Pflasterstraße Stern )</cmt>
		<desc>Grunow-Dammendorf, Dammendorf; Reicherskreuz; L43 - Abzweig Reicherskreuz( Pflasterstraße Stern )</desc>
		<src>LB Forst Brandenburg</src>
	</wpt>
	<wpt lat="52.059373749584317" lon="14.480082194467974">
		<name>2574</name>
		<cmt>Grunow-Dammendorf, Dammendorf; Straße nach Reicherskreuz; am Wegweiserstein</cmt>
		<desc>Grunow-Dammendorf, Dammendorf; Straße nach Reicherskreuz; am Wegweiserstein</desc>
		<src>LB Forst Brandenburg</src>
	</wpt>
	<wpt lat="52.16575140417325" lon="14.501005393467318">
		<name>2630</name>
		<cmt>Siedichum, Schernsdorf; K 6708, Alte Försterei Fünfeichen</cmt>
		<desc>Siedichum, Schernsdorf; K 6708, Alte Försterei Fünfeichen</desc>
		<src>LB Forst Brandenburg</src>
	</wpt>
	<wpt lat="52.171906107622064" lon="14.490173077454338">
		<name>2644</name>
		<cmt>Siehdichum; Dreitannen, Einfahrt Radweg</cmt>
		<desc>Siehdichum; Dreitannen, Einfahrt Radweg</desc>
		<src>LB Forst Brandenburg</src>
	</wpt>
	<wpt lat="52.188726062107136" lon="14.465026969273442">
		<name>2631</name>
		<cmt>Siedichum, Schernsdorf; K 6718, Gaststätte</cmt>
		<desc>Siedichum, Schernsdorf; K 6718, Gaststätte</desc>
		<src>LB Forst Brandenburg</src>
	</wpt>
	<wpt lat="52.203798969922097" lon="14.427428318380557">
		<name>2670</name>
		<cmt>Siedichum, Schernsdorf; Parkplatz an der Ragower Mühle</cmt>
		<desc>Siedichum, Schernsdorf; Parkplatz an der Ragower Mühle</desc>
		<src>LB Forst Brandenburg</src>
	</wpt>
	<wpt lat="52.330989148506283" lon="13.578088908644503">
		<name>1209</name>
		<cmt>Zeuthen, Miersdorf; L400 Berliner Straße, ab A10 ca. 2,8 km in Richtung Waltersdorf Revierförsterei Wüstemark</cmt>
		<desc>Zeuthen, Miersdorf; L400 Berliner Straße, ab A10 ca. 2,8 km in Richtung Waltersdorf Revierförsterei Wüstemark</desc>
		<src>LB Forst Brandenburg</src>
	</wpt>
	<wpt lat="51.685912964456634" lon="13.373690491745434">
		<name>1873</name>
		<cmt>Oelsig; An der Feuerwehr, Dorfstraße 26; Oelsiger Str. , An der Feuerwehr</cmt>
		<desc>Oelsig; An der Feuerwehr, Dorfstraße 26; Oelsiger Str. , An der Feuerwehr</desc>
		<src>LB Forst Brandenburg</src>
	</wpt>
	<wpt lat="51.773530581763794" lon="13.412578114163157">
		<name>1799</name>
		<cmt>Lebusa, Freileben; Weidmannsruh 1, Waldschule Weidmannsruh</cmt>
		<desc>Lebusa, Freileben; Weidmannsruh 1, Waldschule Weidmannsruh</desc>
		<src>LB Forst Brandenburg</src>
	</wpt>
	<wpt lat="51.697863189454416" lon="13.471994220396283">
		<name>1874</name>
		<cmt>Stechau; Feuerwehr Stechau,  Dorfstr. 72 a</cmt>
		<desc>Stechau; Feuerwehr Stechau,  Dorfstr. 72 a</desc>
		<src>LB Forst Brandenburg</src>
	</wpt>
	<wpt lat="51.603716384261581" lon="13.337969853151305">
		<name>1776</name>
		<cmt>Uebigau-Wahrenbrück, Langennaundorf; L 60 Richtung Uebigau, Parkplatz bei Fisch Suhr</cmt>
		<desc>Uebigau-Wahrenbrück, Langennaundorf; L 60 Richtung Uebigau, Parkplatz bei Fisch Suhr</desc>
		<src>LB Forst Brandenburg</src>
	</wpt>
	<wpt lat="51.636813004166861" lon="13.371654941258425">
		<name>1867</name>
		<cmt>Doberlug-Kirchhain, Nexdorf; Ortslage -Gemeindezentrum-Feuerwehr neben der Kirche</cmt>
		<desc>Doberlug-Kirchhain, Nexdorf; Ortslage -Gemeindezentrum-Feuerwehr neben der Kirche</desc>
		<src>LB Forst Brandenburg</src>
	</wpt>
	<wpt lat="51.646354719710182" lon="13.38768480197956">
		<name>1868</name>
		<cmt>Doberlug-Kirchhain, Buchhain; L 60, Ortslage, Bushaltestelle-Feuerwehr</cmt>
		<desc>Doberlug-Kirchhain, Buchhain; L 60, Ortslage, Bushaltestelle-Feuerwehr</desc>
		<src>LB Forst Brandenburg</src>
	</wpt>
	<wpt lat="51.660539977444245" lon="13.281702460591529">
		<name>1871</name>
		<cmt>Herzberg, Friedrichluga; Bushaltestell Friedrichluga an der B 101, Abfahrt Friedrichluga</cmt>
		<desc>Herzberg, Friedrichluga; Bushaltestell Friedrichluga an der B 101, Abfahrt Friedrichluga</desc>
		<src>LB Forst Brandenburg</src>
	</wpt>
	<wpt lat="51.681077941226263" lon="13.30199605271417">
		<name>1872</name>
		<cmt>Herzberg, Osteroda; Ortslage, Abzweig Richtung Redlin-Gaststätte</cmt>
		<desc>Herzberg, Osteroda; Ortslage, Abzweig Richtung Redlin-Gaststätte</desc>
		<src>LB Forst Brandenburg</src>
	</wpt>
	<wpt lat="52.38846622138351" lon="13.570521528992838">
		<name>1211</name>
		<cmt>Schönefeld, Waltersdorf; L 400, Richtung Bohnsdorf , ca. 100m vor der Stadtgrenze zu Berlin</cmt>
		<desc>Schönefeld, Waltersdorf; L 400, Richtung Bohnsdorf , ca. 100m vor der Stadtgrenze zu Berlin</desc>
		<src>LB Forst Brandenburg</src>
	</wpt>
	<wpt lat="52.149391098947156" lon="12.846476329416285">
		<name>2124</name>
		<cmt>Schlalach; L 851, An der alten Schule</cmt>
		<desc>Schlalach; L 851, An der alten Schule</desc>
		<src>LB Forst Brandenburg</src>
	</wpt>
	<wpt lat="52.11100791824672" lon="14.501679355226342">
		<name>2588</name>
		<cmt>Schlaubetal, Kieselwitz; K 6709, Bushaltestelle Kieselwitz</cmt>
		<desc>Schlaubetal, Kieselwitz; K 6709, Bushaltestelle Kieselwitz</desc>
		<src>LB Forst Brandenburg</src>
	</wpt>
	<wpt lat="51.638878750893888" lon="13.171608385102965">
		<name>1870</name>
		<cmt>Herzberg; Parkplatz Kreuzung an der B87 Richtung Züllsdorf, Fermerswalder Bahnhof</cmt>
		<desc>Herzberg; Parkplatz Kreuzung an der B87 Richtung Züllsdorf, Fermerswalder Bahnhof</desc>
		<src>LB Forst Brandenburg</src>
	</wpt>
	<wpt lat="51.641867993764002" lon="13.262099516517448">
		<name>1869</name>
		<cmt>Falkenberg,Kleinrössen; Kleirössen an der Buswendeschleife</cmt>
		<desc>Falkenberg,Kleinrössen; Kleirössen an der Buswendeschleife</desc>
		<src>LB Forst Brandenburg</src>
	</wpt>
	<wpt lat="52.508050941355144" lon="12.21617601588984">
		<name>2183</name>
		<cmt>Zollchow, Galm; Gasthof "Zur Linde"</cmt>
		<desc>Zollchow, Galm; Gasthof "Zur Linde"</desc>
		<src>LB Forst Brandenburg</src>
	</wpt>
	<wpt lat="52.289215571857717" lon="12.605037846479521">
		<name>2292</name>
		<cmt>Golzow, Pernitz; Lehniner Weg beim Hängerbau Gutsche</cmt>
		<desc>Golzow, Pernitz; Lehniner Weg beim Hängerbau Gutsche</desc>
		<src>LB Forst Brandenburg</src>
	</wpt>
	<wpt lat="51.796924867987791" lon="13.625770627902085">
		<name>2333</name>
		<cmt>Gehren; L562 Ortsverbindungsstraße Walddrehna-Gehren, Schwarze Brücke</cmt>
		<desc>Gehren; L562 Ortsverbindungsstraße Walddrehna-Gehren, Schwarze Brücke</desc>
		<src>LB Forst Brandenburg</src>
	</wpt>
	<wpt lat="52.289262641926477" lon="12.594154735019803">
		<name>2291</name>
		<cmt>Golzow; Ortsausgang Golzow Richtung Grüneiche große Kreuzung</cmt>
		<desc>Golzow; Ortsausgang Golzow Richtung Grüneiche große Kreuzung</desc>
		<src>LB Forst Brandenburg</src>
	</wpt>
	<wpt lat="52.281629014639535" lon="12.542868432994968">
		<name>2278</name>
		<cmt>Golzow; Ortsausgang Lucksfleiß Kreuzung</cmt>
		<desc>Golzow; Ortsausgang Lucksfleiß Kreuzung</desc>
		<src>LB Forst Brandenburg</src>
	</wpt>
	<wpt lat="52.30414962919766" lon="12.606011610113548">
		<name>2084</name>
		<cmt>Golzow, Pernitz; B102 zwischen Golzow und Rotscherlinde an der Abfahrt zu den Windrädern</cmt>
		<desc>Golzow, Pernitz; B102 zwischen Golzow und Rotscherlinde an der Abfahrt zu den Windrädern</desc>
		<src>LB Forst Brandenburg</src>
	</wpt>
	<wpt lat="51.777720002907316" lon="13.603050209449464">
		<name>2334</name>
		<cmt>Walddrehna, Pilzheide; Abzweig Straße nach Neusorgefeld</cmt>
		<desc>Walddrehna, Pilzheide; Abzweig Straße nach Neusorgefeld</desc>
		<src>LB Forst Brandenburg</src>
	</wpt>
	<wpt lat="52.323068511489303" lon="12.568044531990681">
		<name>2154</name>
		<cmt>Kloster Lehnin, Krahne; Krahner Hauptstraße, Gasthof"Rittergut Krahne"</cmt>
		<desc>Kloster Lehnin, Krahne; Krahner Hauptstraße, Gasthof"Rittergut Krahne"</desc>
		<src>LB Forst Brandenburg</src>
	</wpt>
	<wpt lat="52.332962862834123" lon="12.603913653135949">
		<name>2153</name>
		<cmt>Krahne, Rotscherlinde; B102 ,Parkpl. Gegenüber Beyer Erdbau</cmt>
		<desc>Krahne, Rotscherlinde; B102 ,Parkpl. Gegenüber Beyer Erdbau</desc>
		<src>LB Forst Brandenburg</src>
	</wpt>
	<wpt lat="52.258082782009453" lon="12.598795215094635">
		<name>2272</name>
		<cmt>Golzow, Müggenburg; B 102, Abfahrt Müggenburg</cmt>
		<desc>Golzow, Müggenburg; B 102, Abfahrt Müggenburg</desc>
		<src>LB Forst Brandenburg</src>
	</wpt>
	<wpt lat="51.806098494726463" lon="13.553656090556695">
		<name>2337</name>
		<cmt>Heideblick, Neusorgefeld; B87, Abzweig Neusorgefeld</cmt>
		<desc>Heideblick, Neusorgefeld; B87, Abzweig Neusorgefeld</desc>
		<src>LB Forst Brandenburg</src>
	</wpt>
	<wpt lat="53.075995422793575" lon="11.96889936982622">
		<name>1544</name>
		<cmt>Plattenburg, Groß Gottschow; Groß Gottschow Am Friedhof</cmt>
		<desc>Plattenburg, Groß Gottschow; Groß Gottschow Am Friedhof</desc>
		<src>LB Forst Brandenburg</src>
	</wpt>
	<wpt lat="52.324938933764557" lon="14.023216417479089">
		<name>1258</name>
		<cmt>Spreenhagen, Rauen; Rosenbaumplatz, Saarower Straße</cmt>
		<desc>Spreenhagen, Rauen; Rosenbaumplatz, Saarower Straße</desc>
		<src>LB Forst Brandenburg</src>
	</wpt>
	<wpt lat="51.774885031651415" lon="13.636719907163771">
		<name>1887</name>
		<cmt>Walddrehna, Saugatter; Walddrehna L561 Richtung B96, Saugatter</cmt>
		<desc>Walddrehna, Saugatter; Walddrehna L561 Richtung B96, Saugatter</desc>
		<src>LB Forst Brandenburg</src>
	</wpt>
	<wpt lat="51.913877968023094" lon="14.572322040765814">
		<name>2431</name>
		<cmt>Schenkendöbern, Grabko; Friedhof</cmt>
		<desc>Schenkendöbern, Grabko; Friedhof</desc>
		<src>LB Forst Brandenburg</src>
	</wpt>
	<wpt lat="51.756459652295185" lon="13.681178933708759">
		<name>1883</name>
		<cmt>Weißack; Kreuzung B96 - L561 / Weißack</cmt>
		<desc>Weißack; Kreuzung B96 - L561 / Weißack</desc>
		<src>LB Forst Brandenburg</src>
	</wpt>
	<wpt lat="51.786000921017802" lon="13.688756929618165">
		<name>1888</name>
		<cmt>Bornsdorf, Teiche; B 96 Zufahrt Campingplatz</cmt>
		<desc>Bornsdorf, Teiche; B 96 Zufahrt Campingplatz</desc>
		<src>LB Forst Brandenburg</src>
	</wpt>
	<wpt lat="52.214465315887871" lon="14.556612052667111">
		<name>2635</name>
		<cmt>Rautenkranz; am Oder-Spree-Kanal, Kreuzung an der Kanalbrücke</cmt>
		<desc>Rautenkranz; am Oder-Spree-Kanal, Kreuzung an der Kanalbrücke</desc>
		<src>LB Forst Brandenburg</src>
	</wpt>
	<wpt lat="52.568300201791793" lon="12.203276709375839">
		<name>2017</name>
		<cmt>Milower Land, Zollchow; L 97 Abzweig Plattenweg Forsthaus Hohenheide</cmt>
		<desc>Milower Land, Zollchow; L 97 Abzweig Plattenweg Forsthaus Hohenheide</desc>
		<src>LB Forst Brandenburg</src>
	</wpt>
	<wpt lat="51.853885175550239" lon="14.503934586933726">
		<name>2552</name>
		<cmt>Jänschwalde; Am Forsthaus, Straße Radewiese-Jänschwalde</cmt>
		<desc>Jänschwalde; Am Forsthaus, Straße Radewiese-Jänschwalde</desc>
		<src>LB Forst Brandenburg</src>
	</wpt>
	<wpt lat="52.563975081110854" lon="12.278950702742906">
		<name>2018</name>
		<cmt>Rathenow,Böhne; Böhner Schäferei</cmt>
		<desc>Rathenow,Böhne; Böhner Schäferei</desc>
		<src>LB Forst Brandenburg</src>
	</wpt>
	<wpt lat="52.19207809723369" lon="14.59537325885298">
		<name>2663</name>
		<cmt>Siehdichum, Pohlitz; Dorfstraße an der L371( Hubschrauberlandeplatz) am Flugplatz</cmt>
		<desc>Siehdichum, Pohlitz; Dorfstraße an der L371( Hubschrauberlandeplatz) am Flugplatz</desc>
		<src>LB Forst Brandenburg</src>
	</wpt>
	<wpt lat="52.171855557817295" lon="14.537255411741397">
		<name>2653</name>
		<cmt>Siehdichum, Rießen; Grubenweg zur Grube Puck ; Grünlandfläche</cmt>
		<desc>Siehdichum, Rießen; Grubenweg zur Grube Puck ; Grünlandfläche</desc>
		<src>LB Forst Brandenburg</src>
	</wpt>
	<wpt lat="51.879627171845371" lon="14.521742981250691">
		<name>2553</name>
		<cmt>Jänschwalde, Drewitz; Flugplatz Drewitz</cmt>
		<desc>Jänschwalde, Drewitz; Flugplatz Drewitz</desc>
		<src>LB Forst Brandenburg</src>
	</wpt>
	<wpt lat="52.184096717304108" lon="14.578095017886239">
		<name>2581</name>
		<cmt>Siehdichum, Pohlitz; L37 , Ortsmitte-Abzweig Wasserwerk (Gasthof Krüger)</cmt>
		<desc>Siehdichum, Pohlitz; L37 , Ortsmitte-Abzweig Wasserwerk (Gasthof Krüger)</desc>
		<src>LB Forst Brandenburg</src>
	</wpt>
	<wpt lat="52.162687801449565" lon="14.557226113210316">
		<name>2628</name>
		<cmt>Schlaubetal, Fünfeichen; Gemeindestraße zum Forsthaus Schierenberg</cmt>
		<desc>Schlaubetal, Fünfeichen; Gemeindestraße zum Forsthaus Schierenberg</desc>
		<src>LB Forst Brandenburg</src>
	</wpt>
	<wpt lat="52.148325149731178" lon="14.568160967750391">
		<name>2584</name>
		<cmt>Fünfeichen, Schierenberg; B246, Einfahrt Forellenhof, Forsthaus Schierenberg</cmt>
		<desc>Fünfeichen, Schierenberg; B246, Einfahrt Forellenhof, Forsthaus Schierenberg</desc>
		<src>LB Forst Brandenburg</src>
	</wpt>
	<wpt lat="52.133409127622478" lon="14.567678163556399">
		<name>2598</name>
		<cmt>Schlaubetal, Fünfeichen; Kreisstraße K6708; Ortsverbindungsstraße Fünfeichen Diehlo</cmt>
		<desc>Schlaubetal, Fünfeichen; Kreisstraße K6708; Ortsverbindungsstraße Fünfeichen Diehlo</desc>
		<src>LB Forst Brandenburg</src>
	</wpt>
	<wpt lat="52.198400420906204" lon="14.541891821278941">
		<name>2636</name>
		<cmt>Siehdichum, Rießen; Rautenkranzer Weg;am Sportplatz</cmt>
		<desc>Siehdichum, Rießen; Rautenkranzer Weg;am Sportplatz</desc>
		<src>LB Forst Brandenburg</src>
	</wpt>
	<wpt lat="52.208587128443853" lon="14.497452421625905">
		<name>2638</name>
		<cmt>Siehdichum, Rießen; am Blockweg an den Rotfließ Teichen</cmt>
		<desc>Siehdichum, Rießen; am Blockweg an den Rotfließ Teichen</desc>
		<src>LB Forst Brandenburg</src>
	</wpt>
	<wpt lat="52.76448930817233" lon="13.306887873663939">
		<name>1953</name>
		<cmt>Oranienburg, Schmachtenhagen; B273  Richtung Oranienburg,  Abzweig Massengräber Parkplatz</cmt>
		<desc>Oranienburg, Schmachtenhagen; B273  Richtung Oranienburg,  Abzweig Massengräber Parkplatz</desc>
		<src>LB Forst Brandenburg</src>
	</wpt>
	<wpt lat="52.747939928359244" lon="13.348041414592403">
		<name>2786</name>
		<cmt>Oranienburg, Schmachtenhagen Ost; Berliner Weg Ecke Lehnitzstraße südliche Waldzufahrt am Ende Bebauung</cmt>
		<desc>Oranienburg, Schmachtenhagen Ost; Berliner Weg Ecke Lehnitzstraße südliche Waldzufahrt am Ende Bebauung</desc>
		<src>LB Forst Brandenburg</src>
	</wpt>
	<wpt lat="52.786658422978988" lon="13.319539580881955">
		<name>1955</name>
		<cmt>Oranienburg, Schmachtenhagen; Verbindungsstraße Schmachtenhagen-Bernöwe, Waldparkplatz 1000 m linksseitig hinter Ortsausgang</cmt>
		<desc>Oranienburg, Schmachtenhagen; Verbindungsstraße Schmachtenhagen-Bernöwe, Waldparkplatz 1000 m linksseitig hinter Ortsausgang</desc>
		<src>LB Forst Brandenburg</src>
	</wpt>
	<wpt lat="52.787454933998049" lon="13.266966238618222">
		<name>1956</name>
		<cmt>Oranienburg, Friedrichsthal; K6507 Friedrichsthaler Chaussee, Kreuzung Wilhelmstraße, östliche Waldeinfahrt am Ortseingang</cmt>
		<desc>Oranienburg, Friedrichsthal; K6507 Friedrichsthaler Chaussee, Kreuzung Wilhelmstraße, östliche Waldeinfahrt am Ortseingang</desc>
		<src>LB Forst Brandenburg</src>
	</wpt>
	<wpt lat="52.781389853620972" lon="13.240118141289683">
		<name>2576</name>
		<cmt>Oranienburg, Sachsenhausen; B96 Granseer Straße in Richtung Nassenheide, Ortsausgang - Feuerwachturm</cmt>
		<desc>Oranienburg, Sachsenhausen; B96 Granseer Straße in Richtung Nassenheide, Ortsausgang - Feuerwachturm</desc>
		<src>LB Forst Brandenburg</src>
	</wpt>
	<wpt lat="52.793076773542779" lon="13.225674976819516">
		<name>2575</name>
		<cmt>Oranienburg, Sachsenhausen; B96,  Abzweig L191 in Richtung Teerofen, Waldeinfahrt südlich</cmt>
		<desc>Oranienburg, Sachsenhausen; B96,  Abzweig L191 in Richtung Teerofen, Waldeinfahrt südlich</desc>
		<src>LB Forst Brandenburg</src>
	</wpt>
	<wpt lat="52.832704768426041" lon="13.301043720465529">
		<name>1975</name>
		<cmt>Liebenwalde, Freienhagen; L 213 Hochspannungsleitung, Waldeinfahrt südlich</cmt>
		<desc>Liebenwalde, Freienhagen; L 213 Hochspannungsleitung, Waldeinfahrt südlich</desc>
		<src>LB Forst Brandenburg</src>
	</wpt>
	<wpt lat="52.806032056694875" lon="13.292204789511096">
		<name>1964</name>
		<cmt>Oranienburg, Malz; Freienhagener Straße, Ortsausgang Richtung Freienhagen -Sportplatz rechte Seite Waldanfang</cmt>
		<desc>Oranienburg, Malz; Freienhagener Straße, Ortsausgang Richtung Freienhagen -Sportplatz rechte Seite Waldanfang</desc>
		<src>LB Forst Brandenburg</src>
	</wpt>
	<wpt lat="52.814367696725078" lon="13.337581849700952">
		<name>1961</name>
		<cmt>Oranienburg, Bernöwe; Bernöwer Straße / Dorfstraße, Kreuzung Wittenberger Straße, alte Feuerwehr</cmt>
		<desc>Oranienburg, Bernöwe; Bernöwer Straße / Dorfstraße, Kreuzung Wittenberger Straße, alte Feuerwehr</desc>
		<src>LB Forst Brandenburg</src>
	</wpt>
	<wpt lat="52.845412198116165" lon="13.327745323285285">
		<name>1968</name>
		<cmt>Oranienburg; L213 Nassenheider Chaussee, Abzweig Neuholländer Weg</cmt>
		<desc>Oranienburg; L213 Nassenheider Chaussee, Abzweig Neuholländer Weg</desc>
		<src>LB Forst Brandenburg</src>
	</wpt>
	<wpt lat="52.839627540065344" lon="13.406426776122721">
		<name>1845</name>
		<cmt>Liebenwalde, Kreuzbruch; L21 Berliner Chaussee, Abzweig Radweg südlich vom Oder-Havel-Kanal</cmt>
		<desc>Liebenwalde, Kreuzbruch; L21 Berliner Chaussee, Abzweig Radweg südlich vom Oder-Havel-Kanal</desc>
		<src>LB Forst Brandenburg</src>
	</wpt>
	<wpt lat="52.822069438402551" lon="13.498447777652474">
		<name>1966</name>
		<cmt>Wandlitz, Klosterfelde; B109 Klosterfelder Chaussee 21, Försterei Lottsche, südliche Waldzufahrt</cmt>
		<desc>Wandlitz, Klosterfelde; B109 Klosterfelder Chaussee 21, Försterei Lottsche, südliche Waldzufahrt</desc>
		<src>LB Forst Brandenburg</src>
	</wpt>
	<wpt lat="52.876564130646457" lon="13.473783829579634">
		<name>1712</name>
		<cmt>Liebenwalde, Hammer; B 167 Hammer Richtung Zerpenschleuse, Waldanfang rechte Seite</cmt>
		<desc>Liebenwalde, Hammer; B 167 Hammer Richtung Zerpenschleuse, Waldanfang rechte Seite</desc>
		<src>LB Forst Brandenburg</src>
	</wpt>
	<wpt lat="52.906778368090606" lon="13.389689309353463">
		<name>1971</name>
		<cmt>Liebenwalde, Höpen; L21 Zehdenicker Chaussee, Richtung Zehdenick - Abzweig Prötzeweg</cmt>
		<desc>Liebenwalde, Höpen; L21 Zehdenicker Chaussee, Richtung Zehdenick - Abzweig Prötzeweg</desc>
		<src>LB Forst Brandenburg</src>
	</wpt>
	<wpt lat="52.883997909934727" lon="13.396218507649325">
		<name>1959</name>
		<cmt>Liebenwalde, Heidchen; L 21 Zehdenicker Chaussee, Waldeinfahrt westlich am Findling</cmt>
		<desc>Liebenwalde, Heidchen; L 21 Zehdenicker Chaussee, Waldeinfahrt westlich am Findling</desc>
		<src>LB Forst Brandenburg</src>
	</wpt>
	<wpt lat="52.869139529587109" lon="13.383398055504395">
		<name>1960</name>
		<cmt>Liebenwalde, Liebenwalde; B167 Ortsausgang Richtung Löwenberg, Abzweig Thürenweg links hinter Kanalbrücke</cmt>
		<desc>Liebenwalde, Liebenwalde; B167 Ortsausgang Richtung Löwenberg, Abzweig Thürenweg links hinter Kanalbrücke</desc>
		<src>LB Forst Brandenburg</src>
	</wpt>
	<wpt lat="52.242070087654376" lon="12.563665655486576">
		<name>2265</name>
		<cmt>Bad Belzig, Ragösen; Bullenberg Forststrasse 9 altes Forsthaus</cmt>
		<desc>Bad Belzig, Ragösen; Bullenberg Forststrasse 9 altes Forsthaus</desc>
		<src>LB Forst Brandenburg</src>
	</wpt>
	<wpt lat="52.238680734213048" lon="12.531752012536732">
		<name>2173</name>
		<cmt>Belzig, Klein Briesen; L941, 1 km Richtung Ragösen, Kurve im Waldgebiet (Einweiser)</cmt>
		<desc>Belzig, Klein Briesen; L941, 1 km Richtung Ragösen, Kurve im Waldgebiet (Einweiser)</desc>
		<src>LB Forst Brandenburg</src>
	</wpt>
	<wpt lat="52.951556511178879" lon="12.853410461620619">
		<name>2042</name>
		<cmt>Alt Ruppin; B122, Ortsausfahrt Richtung Dierberg am Stadion Alt Ruppin</cmt>
		<desc>Alt Ruppin; B122, Ortsausfahrt Richtung Dierberg am Stadion Alt Ruppin</desc>
		<src>LB Forst Brandenburg</src>
	</wpt>
	<wpt lat="51.718957369887164" lon="13.942395902950176">
		<name>1809</name>
		<cmt>Calau, Werchow Cabel; Ortslage Cabel Bushaltestelle</cmt>
		<desc>Calau, Werchow Cabel; Ortslage Cabel Bushaltestelle</desc>
		<src>LB Forst Brandenburg</src>
	</wpt>
	<wpt lat="52.25337676115273" lon="12.542585063479949">
		<name>2273</name>
		<cmt>Bad Belzig, Ragösen; Ortsverbindung Ragösen Wollin Kreuzung Gemarkungsgrenze Ragösen Groß Briesen</cmt>
		<desc>Bad Belzig, Ragösen; Ortsverbindung Ragösen Wollin Kreuzung Gemarkungsgrenze Ragösen Groß Briesen</desc>
		<src>LB Forst Brandenburg</src>
	</wpt>
	<wpt lat="52.253145840666718" lon="12.457110114945209">
		<name>2156</name>
		<cmt>Wollin; L 941 von Ragösen nach Groß Briesen, Feuerwachturm</cmt>
		<desc>Wollin; L 941 von Ragösen nach Groß Briesen, Feuerwachturm</desc>
		<src>LB Forst Brandenburg</src>
	</wpt>
	<wpt lat="52.258726203837305" lon="12.43643155481972">
		<name>2480</name>
		<cmt>Wollin, Friesdorf; Altes Sägewerk</cmt>
		<desc>Wollin, Friesdorf; Altes Sägewerk</desc>
		<src>LB Forst Brandenburg</src>
	</wpt>
	<wpt lat="51.761303856530667" lon="13.856890894548823">
		<name>2366</name>
		<cmt>Mallenchen; Am Schloß, Feuerwehr</cmt>
		<desc>Mallenchen; Am Schloß, Feuerwehr</desc>
		<src>LB Forst Brandenburg</src>
	</wpt>
	<wpt lat="51.718595519034785" lon="13.82435942184501">
		<name>2370</name>
		<cmt>Schrakau; K 6634  Radensdorf Richtung Radensdorf, Bushaltestelle</cmt>
		<desc>Schrakau; K 6634  Radensdorf Richtung Radensdorf, Bushaltestelle</desc>
		<src>LB Forst Brandenburg</src>
	</wpt>
	<wpt lat="52.276189224284487" lon="12.459764131592957">
		<name>2157</name>
		<cmt>Wollin; Schule Wollin</cmt>
		<desc>Wollin; Schule Wollin</desc>
		<src>LB Forst Brandenburg</src>
	</wpt>
	<wpt lat="51.633270540048045" lon="14.02193982529214">
		<name>1802</name>
		<cmt>Altdöbern, Chransdorf; Chransdorf Nr. 2, Dienstgebäude Revierförsterei</cmt>
		<desc>Altdöbern, Chransdorf; Chransdorf Nr. 2, Dienstgebäude Revierförsterei</desc>
		<src>LB Forst Brandenburg</src>
	</wpt>
	<wpt lat="52.282350715307288" lon="12.490044392203254">
		<name>2281</name>
		<cmt>Wollin, Brückermark; Ortseingang Brückermark</cmt>
		<desc>Wollin, Brückermark; Ortseingang Brückermark</desc>
		<src>LB Forst Brandenburg</src>
	</wpt>
	<wpt lat="52.269887148377727" lon="12.492272197120796">
		<name>2276</name>
		<cmt>Wollin; Waldstrasse, Ortsverbindung Wollin Ragösen</cmt>
		<desc>Wollin; Waldstrasse, Ortsverbindung Wollin Ragösen</desc>
		<src>LB Forst Brandenburg</src>
	</wpt>
	<wpt lat="51.692199790636451" lon="14.005136040375687">
		<name>1806</name>
		<cmt>Luckaitzta, OT Buchwäldchen; Dorfstraße , Feuerwehr</cmt>
		<desc>Luckaitzta, OT Buchwäldchen; Dorfstraße , Feuerwehr</desc>
		<src>LB Forst Brandenburg</src>
	</wpt>
	<wpt lat="52.380811284625558" lon="13.015921992265461">
		<name>2199</name>
		<cmt>Potsdam, Wildpark; Forststraße, Parkplatz Ecke Zeppelinstraße</cmt>
		<desc>Potsdam, Wildpark; Forststraße, Parkplatz Ecke Zeppelinstraße</desc>
		<src>LB Forst Brandenburg</src>
	</wpt>
	<wpt lat="51.909409271517362" lon="14.627700535769014">
		<name>2432</name>
		<cmt>Schenkendöbern, Kerkwitz; L 46 Kerkwitz Bahnübergang</cmt>
		<desc>Schenkendöbern, Kerkwitz; L 46 Kerkwitz Bahnübergang</desc>
		<src>LB Forst Brandenburg</src>
	</wpt>
	<wpt lat="52.384121989550849" lon="13.752024614893719">
		<name>1221</name>
		<cmt>Neu Zittau; Einfahrt FriedersdorferStraße</cmt>
		<desc>Neu Zittau; Einfahrt FriedersdorferStraße</desc>
		<src>LB Forst Brandenburg</src>
	</wpt>
	<wpt lat="52.323815410295047" lon="13.900228341006294">
		<name>1088</name>
		<cmt>Spreenhagen, Spreenhagen; L23 Storkower Str.,an der  ESSO-Tankstelle</cmt>
		<desc>Spreenhagen, Spreenhagen; L23 Storkower Str.,an der  ESSO-Tankstelle</desc>
		<src>LB Forst Brandenburg</src>
	</wpt>
	<wpt lat="52.311360808070475" lon="13.899088080750985">
		<name>1090</name>
		<cmt>Spreenhagen, Neu Stahnsdorf; L23, Abzweig Alt-Stahnsdorf erstes Haus (Nähe südl. Autobahnabfahrt Storkow, Forsthaus Dickdamm)</cmt>
		<desc>Spreenhagen, Neu Stahnsdorf; L23, Abzweig Alt-Stahnsdorf erstes Haus (Nähe südl. Autobahnabfahrt Storkow, Forsthaus Dickdamm)</desc>
		<src>LB Forst Brandenburg</src>
	</wpt>
	<wpt lat="52.306374603069514" lon="13.943688000740297">
		<name>1091</name>
		<cmt>Spreenhagen, Lebbin; Lebbiner Str., 1 km Richtung Markgrafpieske Feldkante vor Autobahnunterführung</cmt>
		<desc>Spreenhagen, Lebbin; Lebbiner Str., 1 km Richtung Markgrafpieske Feldkante vor Autobahnunterführung</desc>
		<src>LB Forst Brandenburg</src>
	</wpt>
	<wpt lat="52.324856160601811" lon="13.961093511139316">
		<name>2777</name>
		<cmt>Spreenhagen, Markgrafpieske; Altonaerstraße,ABZWEIG RAUENERSTRAẞE ;WALDEINGANG</cmt>
		<desc>Spreenhagen, Markgrafpieske; Altonaerstraße,ABZWEIG RAUENERSTRAẞE ;WALDEINGANG</desc>
		<src>LB Forst Brandenburg</src>
	</wpt>
	<wpt lat="52.097653961844891" lon="12.429496534243084">
		<name>2311</name>
		<cmt>Wiesenburg; Revierförsterei, Am Bahnhof 30</cmt>
		<desc>Wiesenburg; Revierförsterei, Am Bahnhof 30</desc>
		<src>LB Forst Brandenburg</src>
	</wpt>
	<wpt lat="51.823021338219242" lon="13.890785969198216">
		<name>2368</name>
		<cmt>Lichtenau; Kastanienweg am Lichtenauer See</cmt>
		<desc>Lichtenau; Kastanienweg am Lichtenauer See</desc>
		<src>LB Forst Brandenburg</src>
	</wpt>
	<wpt lat="51.683526744244368" lon="14.080239463047507">
		<name>1810</name>
		<cmt>Altdöbern, Reddern; Hauptstraße 21, Bushaltestelle</cmt>
		<desc>Altdöbern, Reddern; Hauptstraße 21, Bushaltestelle</desc>
		<src>LB Forst Brandenburg</src>
	</wpt>
	<wpt lat="51.556697386755637" lon="14.134522612891049">
		<name>1841</name>
		<cmt>Neu Seenland, Lieske; Ortslage  Kirche / Friedhof</cmt>
		<desc>Neu Seenland, Lieske; Ortslage  Kirche / Friedhof</desc>
		<src>LB Forst Brandenburg</src>
	</wpt>
	<wpt lat="52.684401492007915" lon="12.542205312590006">
		<name>1582</name>
		<cmt>Kleßen-Görne, Görne; Abfahrt Richtung Görne /B188</cmt>
		<desc>Kleßen-Görne, Görne; Abfahrt Richtung Görne /B188</desc>
		<src>LB Forst Brandenburg</src>
	</wpt>
	<wpt lat="51.84967589337937" lon="13.534228662490126">
		<name>2376</name>
		<cmt>Dahme, Kemlitz; B102, Ortsausgang Richtung Luckau</cmt>
		<desc>Dahme, Kemlitz; B102, Ortsausgang Richtung Luckau</desc>
		<src>LB Forst Brandenburg</src>
	</wpt>
	<wpt lat="51.814973945053204" lon="13.450697866242402">
		<name>2378</name>
		<cmt>Dahme, Schöna; Dorfstr., Kirche</cmt>
		<desc>Dahme, Schöna; Dorfstr., Kirche</desc>
		<src>LB Forst Brandenburg</src>
	</wpt>
	<wpt lat="51.877766644538248" lon="14.625110355706349">
		<name>2437</name>
		<cmt>Schenkendöbern, Groß Gastrose; östlich Ortseingang Taubendorf Nähe B 112</cmt>
		<desc>Schenkendöbern, Groß Gastrose; östlich Ortseingang Taubendorf Nähe B 112</desc>
		<src>LB Forst Brandenburg</src>
	</wpt>
	<wpt lat="51.716901651154799" lon="14.336368974698413">
		<name>2463</name>
		<cmt>Cottbus, Groß Gaglow; Gaglower Landstraße, Autohaus Schulze</cmt>
		<desc>Cottbus, Groß Gaglow; Gaglower Landstraße, Autohaus Schulze</desc>
		<src>LB Forst Brandenburg</src>
	</wpt>
	<wpt lat="52.185999112279092" lon="14.047315646980641">
		<name>1110</name>
		<cmt>Behrensdorf; L422 Dorfstraße, Abzweig Möllendorfer Weg</cmt>
		<desc>Behrensdorf; L422 Dorfstraße, Abzweig Möllendorfer Weg</desc>
		<src>LB Forst Brandenburg</src>
	</wpt>
	<wpt lat="52.723604248504287" lon="12.494142250361071">
		<name>1608</name>
		<cmt>Görne, Dickte; Infotafel  Dickte</cmt>
		<desc>Görne, Dickte; Infotafel  Dickte</desc>
		<src>LB Forst Brandenburg</src>
	</wpt>
	<wpt lat="53.096981326507816" lon="12.047497740526335">
		<name>1557</name>
		<cmt>Groß Pankow, Guhlsdorf; L103 Guhlsdorf Richtung Groß Pankow</cmt>
		<desc>Groß Pankow, Guhlsdorf; L103 Guhlsdorf Richtung Groß Pankow</desc>
		<src>LB Forst Brandenburg</src>
	</wpt>
	<wpt lat="51.629774273982591" lon="13.946226873260807">
		<name>1803</name>
		<cmt>Altdöbern, Waldfrieden; Waldfrieden 2, Revierförsterei</cmt>
		<desc>Altdöbern, Waldfrieden; Waldfrieden 2, Revierförsterei</desc>
		<src>LB Forst Brandenburg</src>
	</wpt>
	<wpt lat="52.705014704677623" lon="12.521344558994171">
		<name>1605</name>
		<cmt>Görne; Feuerwehrdepot  Görne</cmt>
		<desc>Görne; Feuerwehrdepot  Görne</desc>
		<src>LB Forst Brandenburg</src>
	</wpt>
	<wpt lat="52.677120870610736" lon="12.596763266647853">
		<name>1583</name>
		<cmt>Mühlenberge, Haage; Feuerwehrdepot  Haage</cmt>
		<desc>Mühlenberge, Haage; Feuerwehrdepot  Haage</desc>
		<src>LB Forst Brandenburg</src>
	</wpt>
	<wpt lat="52.673274934338608" lon="12.640481577727025">
		<name>1588</name>
		<cmt>Mühlenberge, Wagenitz; Feuerwehrdepot  Wagenitz</cmt>
		<desc>Mühlenberge, Wagenitz; Feuerwehrdepot  Wagenitz</desc>
		<src>LB Forst Brandenburg</src>
	</wpt>
	<wpt lat="52.662256340528174" lon="12.54034624782703">
		<name>1584</name>
		<cmt>Kotzen, Landin; Feuerwehrdepot  Landin</cmt>
		<desc>Kotzen, Landin; Feuerwehrdepot  Landin</desc>
		<src>LB Forst Brandenburg</src>
	</wpt>
	<wpt lat="52.653428561898181" lon="12.553580943981796">
		<name>1601</name>
		<cmt>Kotzen, Kriele; Feuerwehrhaus Kriele</cmt>
		<desc>Kotzen, Kriele; Feuerwehrhaus Kriele</desc>
		<src>LB Forst Brandenburg</src>
	</wpt>
	<wpt lat="53.24269362032814" lon="12.423568709647251">
		<name>1568</name>
		<cmt>Wittstock/Dosse, Wulfersdorf; Kirche, Dorfstr.57</cmt>
		<desc>Wittstock/Dosse, Wulfersdorf; Kirche, Dorfstr.57</desc>
		<src>LB Forst Brandenburg</src>
	</wpt>
	<wpt lat="51.604772715898584" lon="14.128791207803387">
		<name>1800</name>
		<cmt>Neu Seenland, Lindchen; B 169 Lindchen Ortslage,  Bauernhof Laden</cmt>
		<desc>Neu Seenland, Lindchen; B 169 Lindchen Ortslage,  Bauernhof Laden</desc>
		<src>LB Forst Brandenburg</src>
	</wpt>
	<wpt lat="51.668044337665258" lon="13.915148343615762">
		<name>1807</name>
		<cmt>Bronkow; Bauernküche Landboden Bronkow GmbH</cmt>
		<desc>Bronkow; Bauernküche Landboden Bronkow GmbH</desc>
		<src>LB Forst Brandenburg</src>
	</wpt>
	<wpt lat="51.72955430551206" lon="14.019864573209183">
		<name>2371</name>
		<cmt>Gahlen; Dorfstr. 5 , Revierförsterei</cmt>
		<desc>Gahlen; Dorfstr. 5 , Revierförsterei</desc>
		<src>LB Forst Brandenburg</src>
	</wpt>
	<wpt lat="53.112710406548338" lon="12.32563025343879">
		<name>1562</name>
		<cmt>Heiligengrabe, Hohe Heide; Hohe Heide 2</cmt>
		<desc>Heiligengrabe, Hohe Heide; Hohe Heide 2</desc>
		<src>LB Forst Brandenburg</src>
	</wpt>
	<wpt lat="51.794517321910419" lon="13.967333202646886">
		<name>2472</name>
		<cmt>Lübbenau, OT Bischdorf; Friedhof Bischdorf</cmt>
		<desc>Lübbenau, OT Bischdorf; Friedhof Bischdorf</desc>
		<src>LB Forst Brandenburg</src>
	</wpt>
	<wpt lat="51.984984860645746" lon="14.411377695876224">
		<name>2511</name>
		<cmt>Staakow; B 320, Ortsmitte</cmt>
		<desc>Staakow; B 320, Ortsmitte</desc>
		<src>LB Forst Brandenburg</src>
	</wpt>
	<wpt lat="51.940448258606516" lon="14.454376954433036">
		<name>2512</name>
		<cmt>Schönhöhe; K 7143, Ortseingang</cmt>
		<desc>Schönhöhe; K 7143, Ortseingang</desc>
		<src>LB Forst Brandenburg</src>
	</wpt>
	<wpt lat="51.873865677206652" lon="14.283049412705955">
		<name>2473</name>
		<cmt>Drachhausen-Fehrow; L 50, Drachhausen-Fehrow, Forsthaus links; Forsthaus</cmt>
		<desc>Drachhausen-Fehrow; L 50, Drachhausen-Fehrow, Forsthaus links; Forsthaus</desc>
		<src>LB Forst Brandenburg</src>
	</wpt>
	<wpt lat="53.22195953568221" lon="11.661802205167609">
		<name>1421</name>
		<cmt>Groß Warnow, Klein Warnow; Straße Reckenzin - GroßWarnow; Abzweig Kolonie</cmt>
		<desc>Groß Warnow, Klein Warnow; Straße Reckenzin - GroßWarnow; Abzweig Kolonie</desc>
		<src>LB Forst Brandenburg</src>
	</wpt>
	<wpt lat="51.934886642225145" lon="14.568179204777806">
		<name>2514</name>
		<cmt>Schenkendöbern, Bärenklau; Bärenklau,alte Schule</cmt>
		<desc>Schenkendöbern, Bärenklau; Bärenklau,alte Schule</desc>
		<src>LB Forst Brandenburg</src>
	</wpt>
	<wpt lat="51.813520794337279" lon="14.434588578513601">
		<name>2438</name>
		<cmt>Neuendorf; Neuendorf Auffahrt z. Hochkippe</cmt>
		<desc>Neuendorf; Neuendorf Auffahrt z. Hochkippe</desc>
		<src>LB Forst Brandenburg</src>
	</wpt>
	<wpt lat="51.841785904700714" lon="14.46668342423887">
		<name>2439</name>
		<cmt>Peitz; L 474 (Kraftwerksstr.) Abzweig n. Jänschwalde</cmt>
		<desc>Peitz; L 474 (Kraftwerksstr.) Abzweig n. Jänschwalde</desc>
		<src>LB Forst Brandenburg</src>
	</wpt>
	<wpt lat="52.786575379636815" lon="13.83916386334861">
		<name>1680</name>
		<cmt>Trampe; Ortseingang Trampe aus Eberswalde kommend</cmt>
		<desc>Trampe; Ortseingang Trampe aus Eberswalde kommend</desc>
		<src>LB Forst Brandenburg</src>
	</wpt>
	<wpt lat="53.162273766763725" lon="14.332903058854026">
		<name>1765</name>
		<cmt>Gartz (Oder), Friedrichsthal; B 2 Richtung Gartz, Abfahrt Friedrichsthal</cmt>
		<desc>Gartz (Oder), Friedrichsthal; B 2 Richtung Gartz, Abfahrt Friedrichsthal</desc>
		<src>LB Forst Brandenburg</src>
	</wpt>
	<wpt lat="53.119180604777121" lon="14.208320914069709">
		<name>1449</name>
		<cmt>Schwedt; Bahnübergang, Ölbahnhof - Heuweg</cmt>
		<desc>Schwedt; Bahnübergang, Ölbahnhof - Heuweg</desc>
		<src>LB Forst Brandenburg</src>
	</wpt>
	<wpt lat="51.756802676040564" lon="14.177667459764541">
		<name>2566</name>
		<cmt>Kolkwitz, Limberg; B 115 Limberg nach Eichow; hinter Limberg nach 800m rechts ein Sportplatz</cmt>
		<desc>Kolkwitz, Limberg; B 115 Limberg nach Eichow; hinter Limberg nach 800m rechts ein Sportplatz</desc>
		<src>LB Forst Brandenburg</src>
	</wpt>
	<wpt lat="51.766167652387132" lon="14.130246684267348">
		<name>2465</name>
		<cmt>Kolkwitz, Eichow; Gaststätte</cmt>
		<desc>Kolkwitz, Eichow; Gaststätte</desc>
		<src>LB Forst Brandenburg</src>
	</wpt>
	<wpt lat="51.727727358742825" lon="14.169862833223396">
		<name>2466</name>
		<cmt>Kolkwitz, Krieschow; Radweg Wiesendorf-Koselmühle; Forsthaus</cmt>
		<desc>Kolkwitz, Krieschow; Radweg Wiesendorf-Koselmühle; Forsthaus</desc>
		<src>LB Forst Brandenburg</src>
	</wpt>
	<wpt lat="51.808443134305215" lon="14.247081905029898">
		<name>2468</name>
		<cmt>Briesen; Gaststätte Spreewaldbahn</cmt>
		<desc>Briesen; Gaststätte Spreewaldbahn</desc>
		<src>LB Forst Brandenburg</src>
	</wpt>
	<wpt lat="51.798620030143454" lon="14.219752034005564">
		<name>2470</name>
		<cmt>Werben, Ruben; Bushaltestelle</cmt>
		<desc>Werben, Ruben; Bushaltestelle</desc>
		<src>LB Forst Brandenburg</src>
	</wpt>
	<wpt lat="51.734339796207159" lon="14.244573771735938">
		<name>2482</name>
		<cmt>Kolkwitz; Koschendorferstraße Richtung CO-Tec-Park; Fortshaus Kolkwitz</cmt>
		<desc>Kolkwitz; Koschendorferstraße Richtung CO-Tec-Park; Fortshaus Kolkwitz</desc>
		<src>LB Forst Brandenburg</src>
	</wpt>
	<wpt lat="51.727650437225215" lon="14.169941468414191">
		<name>2567</name>
		<cmt>Kolkwitz, Krieschow; Radweg Wiesendorf-Koselmühle, Forsthaus</cmt>
		<desc>Kolkwitz, Krieschow; Radweg Wiesendorf-Koselmühle, Forsthaus</desc>
		<src>LB Forst Brandenburg</src>
	</wpt>
	<wpt lat="53.068327393474753" lon="12.238423355330459">
		<name>1539</name>
		<cmt>Groß Pankow, Boddin; Feldweg Schönebeck -Boddin</cmt>
		<desc>Groß Pankow, Boddin; Feldweg Schönebeck -Boddin</desc>
		<src>LB Forst Brandenburg</src>
	</wpt>
	<wpt lat="53.164795469985101" lon="11.686725884174823">
		<name>1468</name>
		<cmt>Garlin, Dargardt; L13 Abzweig "Unter den Linden",Richtung Stavenow</cmt>
		<desc>Garlin, Dargardt; L13 Abzweig "Unter den Linden",Richtung Stavenow</desc>
		<src>LB Forst Brandenburg</src>
	</wpt>
	<wpt lat="52.969504963660277" lon="12.215487108898008">
		<name>1540</name>
		<cmt>Gumtow, Klein Schönhagen; Einfahrt Waldweg Pankow Weg</cmt>
		<desc>Gumtow, Klein Schönhagen; Einfahrt Waldweg Pankow Weg</desc>
		<src>LB Forst Brandenburg</src>
	</wpt>
	<wpt lat="51.798238665610761" lon="14.303554389257066">
		<name>2461</name>
		<cmt>Cottbus, Sielow; Kirche Sielow</cmt>
		<desc>Cottbus, Sielow; Kirche Sielow</desc>
		<src>LB Forst Brandenburg</src>
	</wpt>
	<wpt lat="52.044884775312497" lon="12.377505303714846">
		<name>2139</name>
		<cmt>Wiesenburg, Medewitz; L 841, Punkt "Landesgrenze" zu Sachsen- Anhalt</cmt>
		<desc>Wiesenburg, Medewitz; L 841, Punkt "Landesgrenze" zu Sachsen- Anhalt</desc>
		<src>LB Forst Brandenburg</src>
	</wpt>
	<wpt lat="52.318222733388474" lon="13.435371371639192">
		<name>1050</name>
		<cmt>Dahlewitz; Rangsdorfer Weg, Sportplatz Dahlewitz</cmt>
		<desc>Dahlewitz; Rangsdorfer Weg, Sportplatz Dahlewitz</desc>
		<src>LB Forst Brandenburg</src>
	</wpt>
	<wpt lat="52.056183771415284" lon="12.904342789938491">
		<name>2096</name>
		<cmt>Treuenbrietzen, Frohnsdorf; B 102 Einfahrt nach Frohnsdorf</cmt>
		<desc>Treuenbrietzen, Frohnsdorf; B 102 Einfahrt nach Frohnsdorf</desc>
		<src>LB Forst Brandenburg</src>
	</wpt>
	<wpt lat="52.064745485555768" lon="12.894229423604116">
		<name>2097</name>
		<cmt>Treuenbrietzen; Bahnübergang Straße von der B 102 nach Lüdendorf, Nieplitzbruecke</cmt>
		<desc>Treuenbrietzen; Bahnübergang Straße von der B 102 nach Lüdendorf, Nieplitzbruecke</desc>
		<src>LB Forst Brandenburg</src>
	</wpt>
	<wpt lat="52.077511023255255" lon="12.963744311521438">
		<name>2274</name>
		<cmt>Treuenbrietzen, Pechüle; Dorfstraße, Kreuzung Ziegelstr. Ortsmitte (Gaststätte) - Zufahrt zur Mehlsdorfer Str. u. Pflaumenweg</cmt>
		<desc>Treuenbrietzen, Pechüle; Dorfstraße, Kreuzung Ziegelstr. Ortsmitte (Gaststätte) - Zufahrt zur Mehlsdorfer Str. u. Pflaumenweg</desc>
		<src>LB Forst Brandenburg</src>
	</wpt>
	<wpt lat="52.014370237612738" lon="12.645009015429002">
		<name>2299</name>
		<cmt>Rabenstein, Garrey; Gemeindestraße Garrey - Wüstemark, Abzweig Klein Marzehns</cmt>
		<desc>Rabenstein, Garrey; Gemeindestraße Garrey - Wüstemark, Abzweig Klein Marzehns</desc>
		<src>LB Forst Brandenburg</src>
	</wpt>
	<wpt lat="53.049112107992272" lon="12.237409631656911">
		<name>1545</name>
		<cmt>16928 Schönebeck; Pflasterdamm Schönebeck -Dannenwalde</cmt>
		<desc>16928 Schönebeck; Pflasterdamm Schönebeck -Dannenwalde</desc>
		<src>LB Forst Brandenburg</src>
	</wpt>
	<wpt lat="53.068804072122433" lon="12.274427760887237">
		<name>1546</name>
		<cmt>Schönebeck, Breitenfeld; Wegkreuzung Schwarzer Berg</cmt>
		<desc>Schönebeck, Breitenfeld; Wegkreuzung Schwarzer Berg</desc>
		<src>LB Forst Brandenburg</src>
	</wpt>
	<wpt lat="53.031806682442067" lon="12.283331417639662">
		<name>1541</name>
		<cmt>16866 Gumtow OT Kolrep; Wegkreuzung L 145 Breitenfelder Weg</cmt>
		<desc>16866 Gumtow OT Kolrep; Wegkreuzung L 145 Breitenfelder Weg</desc>
		<src>LB Forst Brandenburg</src>
	</wpt>
	<wpt lat="52.042230015151041" lon="12.601406926554501">
		<name>2144</name>
		<cmt>Rabenstein, Rädigke; L 84  Wandererparkplatz Straße zwischen Raben und Rädigke</cmt>
		<desc>Rabenstein, Rädigke; L 84  Wandererparkplatz Straße zwischen Raben und Rädigke</desc>
		<src>LB Forst Brandenburg</src>
	</wpt>
	<wpt lat="52.067044737168544" lon="12.43914536115842">
		<name>2310</name>
		<cmt>Wiesenburg; Spring</cmt>
		<desc>Wiesenburg; Spring</desc>
		<src>LB Forst Brandenburg</src>
	</wpt>
	<wpt lat="52.03663191534686" lon="12.518683357232154">
		<name>2141</name>
		<cmt>Wiesenburg, Lehnsdorf; L 831, Bushaltestelle</cmt>
		<desc>Wiesenburg, Lehnsdorf; L 831, Bushaltestelle</desc>
		<src>LB Forst Brandenburg</src>
	</wpt>
	<wpt lat="51.720380237170325" lon="14.415434483577249">
		<name>2554</name>
		<cmt>Cottbus, Kahren; Kahren Kirche</cmt>
		<desc>Cottbus, Kahren; Kahren Kirche</desc>
		<src>LB Forst Brandenburg</src>
	</wpt>
	<wpt lat="51.805506802455973" lon="14.360108021729303">
		<name>2447</name>
		<cmt>Cottbus, Skadow; Skadower Wiesenweg/Spreebrücke</cmt>
		<desc>Cottbus, Skadow; Skadower Wiesenweg/Spreebrücke</desc>
		<src>LB Forst Brandenburg</src>
	</wpt>
	<wpt lat="52.148733756694575" lon="12.627143974414365">
		<name>2120</name>
		<cmt>Belzig; B246 Richtung Brück, Abzweig Schwanebecker Weg</cmt>
		<desc>Belzig; B246 Richtung Brück, Abzweig Schwanebecker Weg</desc>
		<src>LB Forst Brandenburg</src>
	</wpt>
	<wpt lat="52.157941669745526" lon="12.521590712618883">
		<name>2132</name>
		<cmt>Lübnitz; L 95, Ortsausgang in Richtung Benken/ Görzke</cmt>
		<desc>Lübnitz; L 95, Ortsausgang in Richtung Benken/ Görzke</desc>
		<src>LB Forst Brandenburg</src>
	</wpt>
	<wpt lat="52.615611292848719" lon="12.372433132488618">
		<name>2015</name>
		<cmt>Rathenow; Stadtförsterei im Ferchesarer Weg</cmt>
		<desc>Rathenow; Stadtförsterei im Ferchesarer Weg</desc>
		<src>LB Forst Brandenburg</src>
	</wpt>
	<wpt lat="52.59458800416953" lon="12.391243251368122">
		<name>2180</name>
		<cmt>Rathenow; Bammer Landstr.</cmt>
		<desc>Rathenow; Bammer Landstr.</desc>
		<src>LB Forst Brandenburg</src>
	</wpt>
	<wpt lat="52.712468207803234" lon="12.932462733412413">
		<name>2040</name>
		<cmt>Nauen, Tietzow; Am Dorfanger 3</cmt>
		<desc>Nauen, Tietzow; Am Dorfanger 3</desc>
		<src>LB Forst Brandenburg</src>
	</wpt>
	<wpt lat="52.698322449139184" lon="12.95590325825612">
		<name>2037</name>
		<cmt>Nauen, Tietzow; B273, Börnicke ca. 1300 m Richtung Staffelde (Gastrasse)</cmt>
		<desc>Nauen, Tietzow; B273, Börnicke ca. 1300 m Richtung Staffelde (Gastrasse)</desc>
		<src>LB Forst Brandenburg</src>
	</wpt>
	<wpt lat="52.205171609195006" lon="12.48295263297417">
		<name>2134</name>
		<cmt>Belzig, Verlorenwasser; K 6935, Gaststätte "Hirschtränke"</cmt>
		<desc>Belzig, Verlorenwasser; K 6935, Gaststätte "Hirschtränke"</desc>
		<src>LB Forst Brandenburg</src>
	</wpt>
	<wpt lat="52.517225179546188" lon="12.947202329715722">
		<name>2728</name>
		<cmt>Wustermark, Buchow-Karpzow; Priorter Straße</cmt>
		<desc>Wustermark, Buchow-Karpzow; Priorter Straße</desc>
		<src>LB Forst Brandenburg</src>
	</wpt>
	<wpt lat="51.862642331424716" lon="13.305851719455383">
		<name>2398</name>
		<cmt>Niederer Fläming, Herbersdorf; L 713 Ortsverbindungsstraße Herbersdorf-Ihlow, Abzweig nach Hohenseefeld</cmt>
		<desc>Niederer Fläming, Herbersdorf; L 713 Ortsverbindungsstraße Herbersdorf-Ihlow, Abzweig nach Hohenseefeld</desc>
		<src>LB Forst Brandenburg</src>
	</wpt>
	<wpt lat="51.862344707086869" lon="13.295069888043381">
		<name>2399</name>
		<cmt>Niederer Fläming, Herbersdorf; Dorfstraße 11, Gaststätte Wäsche</cmt>
		<desc>Niederer Fläming, Herbersdorf; Dorfstraße 11, Gaststätte Wäsche</desc>
		<src>LB Forst Brandenburg</src>
	</wpt>
	<wpt lat="51.867342798843083" lon="13.337925473298675">
		<name>2397</name>
		<cmt>Ihlow; Dorfstr., Kirche</cmt>
		<desc>Ihlow; Dorfstr., Kirche</desc>
		<src>LB Forst Brandenburg</src>
	</wpt>
	<wpt lat="51.835980042246888" lon="13.347378896757576">
		<name>2381</name>
		<cmt>Ihlow, Mehlsdorf; Ihlower Weg, Friedhof Mehlsdorf</cmt>
		<desc>Ihlow, Mehlsdorf; Ihlower Weg, Friedhof Mehlsdorf</desc>
		<src>LB Forst Brandenburg</src>
	</wpt>
	<wpt lat="51.849365795152359" lon="13.268136379668938">
		<name>2400</name>
		<cmt>Niederer Fläming, Meinsdorf; Wiepersdorfer Weg, Gaststätte "Steakranch "</cmt>
		<desc>Niederer Fläming, Meinsdorf; Wiepersdorfer Weg, Gaststätte "Steakranch "</desc>
		<src>LB Forst Brandenburg</src>
	</wpt>
	<wpt lat="51.844321061807044" lon="13.250508799741304">
		<name>2401</name>
		<cmt>Niederer Fläming, Marienhof; L 713 Ortsverbindungsstraße Bärwalde-Kossin, Waldanfang Pumpenhaus</cmt>
		<desc>Niederer Fläming, Marienhof; L 713 Ortsverbindungsstraße Bärwalde-Kossin, Waldanfang Pumpenhaus</desc>
		<src>LB Forst Brandenburg</src>
	</wpt>
	<wpt lat="52.110908264626687" lon="14.219280098619812">
		<name>2624</name>
		<cmt>Leißnitz; K 6715, Bushaltestelle</cmt>
		<desc>Leißnitz; K 6715, Bushaltestelle</desc>
		<src>LB Forst Brandenburg</src>
	</wpt>
	<wpt lat="52.515543416829203" lon="13.101084336409098">
		<name>2010</name>
		<cmt>Seeburg; Seeburg Nord, Abzweig Dallgow-Ausbau Richtung Döberitzer Heide</cmt>
		<desc>Seeburg; Seeburg Nord, Abzweig Dallgow-Ausbau Richtung Döberitzer Heide</desc>
		<src>LB Forst Brandenburg</src>
	</wpt>
	<wpt lat="52.054447881889338" lon="14.230672296157296">
		<name>2621</name>
		<cmt>Pieskow; L 441, Bushaltestelle</cmt>
		<desc>Pieskow; L 441, Bushaltestelle</desc>
		<src>LB Forst Brandenburg</src>
	</wpt>
	<wpt lat="51.851181256097512" lon="14.215899768149416">
		<name>2467</name>
		<cmt>Schmogrow; Gemeindehaus Schmogrow</cmt>
		<desc>Schmogrow; Gemeindehaus Schmogrow</desc>
		<src>LB Forst Brandenburg</src>
	</wpt>
	<wpt lat="52.618850931727465" lon="12.963905021984241">
		<name>2031</name>
		<cmt>Nauen; Brieselanger Straße, L 201, 300m vor Kreisverkehr</cmt>
		<desc>Nauen; Brieselanger Straße, L 201, 300m vor Kreisverkehr</desc>
		<src>LB Forst Brandenburg</src>
	</wpt>
	<wpt lat="51.910864530787606" lon="14.352691638035346">
		<name>2479</name>
		<cmt>Peitz-Lieberose; B 168/C-Gestell rechte Seite</cmt>
		<desc>Peitz-Lieberose; B 168/C-Gestell rechte Seite</desc>
		<src>LB Forst Brandenburg</src>
	</wpt>
	<wpt lat="52.630637736593592" lon="12.932464300329213">
		<name>2035</name>
		<cmt>Nauen; Brieselanger Straße(L201), Abzweig Stolpshof 200m Waldeinfahrt links</cmt>
		<desc>Nauen; Brieselanger Straße(L201), Abzweig Stolpshof 200m Waldeinfahrt links</desc>
		<src>LB Forst Brandenburg</src>
	</wpt>
	<wpt lat="52.64001837527352" lon="12.966395276693779">
		<name>2033</name>
		<cmt>Nauen; Parkplatz Ruheforst-Leitsackbrücke</cmt>
		<desc>Nauen; Parkplatz Ruheforst-Leitsackbrücke</desc>
		<src>LB Forst Brandenburg</src>
	</wpt>
	<wpt lat="52.577003715976446" lon="13.01076754957889">
		<name>2021</name>
		<cmt>Brieselang; Forstweg 55, Parkplatz Oberförsterei Brieselang</cmt>
		<desc>Brieselang; Forstweg 55, Parkplatz Oberförsterei Brieselang</desc>
		<src>LB Forst Brandenburg</src>
	</wpt>
	<wpt lat="53.162854956500986" lon="11.808315166892941">
		<name>1570</name>
		<cmt>Blüthen; Reitplatz</cmt>
		<desc>Blüthen; Reitplatz</desc>
		<src>LB Forst Brandenburg</src>
	</wpt>
	<wpt lat="52.60855636734793" lon="12.501684161318671">
		<name>2011</name>
		<cmt>Nennhausen, Nennhausen; Parkeingang am Nennhausener Stadtweg</cmt>
		<desc>Nennhausen, Nennhausen; Parkeingang am Nennhausener Stadtweg</desc>
		<src>LB Forst Brandenburg</src>
	</wpt>
	<wpt lat="52.571231824763096" lon="13.138800205835132">
		<name>2002</name>
		<cmt>Falkensee, Falkennhöh; Pestalozzistraße, Waldzugang</cmt>
		<desc>Falkensee, Falkennhöh; Pestalozzistraße, Waldzugang</desc>
		<src>LB Forst Brandenburg</src>
	</wpt>
	<wpt lat="52.54722091350952" lon="13.101485462348398">
		<name>2008</name>
		<cmt>Dallgow-Döberitz; Potterstraße, Straßenende Richtung Wald (Königsgraben)</cmt>
		<desc>Dallgow-Döberitz; Potterstraße, Straßenende Richtung Wald (Königsgraben)</desc>
		<src>LB Forst Brandenburg</src>
	</wpt>
	<wpt lat="52.576314621332834" lon="13.060959107259754">
		<name>2014</name>
		<cmt>Falkensee, Falkenhain; Brieselanger Weg, Ecke Karl-Marx-Straße (gegenüber Hotel Kronprinz)</cmt>
		<desc>Falkensee, Falkenhain; Brieselanger Weg, Ecke Karl-Marx-Straße (gegenüber Hotel Kronprinz)</desc>
		<src>LB Forst Brandenburg</src>
	</wpt>
	<wpt lat="52.621539523830762" lon="12.513777404069657">
		<name>1591</name>
		<cmt>Nennhausen, Nennhausen; K6315 nach Kotzen, Einfahrt Wasserwerk</cmt>
		<desc>Nennhausen, Nennhausen; K6315 nach Kotzen, Einfahrt Wasserwerk</desc>
		<src>LB Forst Brandenburg</src>
	</wpt>
	<wpt lat="53.202225972649003" lon="11.770733952854899">
		<name>1474</name>
		<cmt>Dallmin; Parkplatz Dallmin</cmt>
		<desc>Dallmin; Parkplatz Dallmin</desc>
		<src>LB Forst Brandenburg</src>
	</wpt>
	<wpt lat="52.565142896239074" lon="12.616595495971829">
		<name>1397</name>
		<cmt>Märkisch Luch, Barnewitz; Feuerwehr Barnewitz</cmt>
		<desc>Märkisch Luch, Barnewitz; Feuerwehr Barnewitz</desc>
		<src>LB Forst Brandenburg</src>
	</wpt>
	<wpt lat="52.559092230750032" lon="12.55856358116217">
		<name>2088</name>
		<cmt>Märkisch Luch, Garlitz; Sportplatz Garlitz, am Waldweg nach Kieck</cmt>
		<desc>Märkisch Luch, Garlitz; Sportplatz Garlitz, am Waldweg nach Kieck</desc>
		<src>LB Forst Brandenburg</src>
	</wpt>
	<wpt lat="52.643143124006095" lon="12.413733896048418">
		<name>1598</name>
		<cmt>Stechow-Ferchesar, Stechow; Gemeindestraße Ferchesar-Semlin, Abzweig Buchtenweg</cmt>
		<desc>Stechow-Ferchesar, Stechow; Gemeindestraße Ferchesar-Semlin, Abzweig Buchtenweg</desc>
		<src>LB Forst Brandenburg</src>
	</wpt>
	<wpt lat="52.632059077835237" lon="12.447212133256093">
		<name>1597</name>
		<cmt>Stechow-Ferchesar, Stechow; Ortsausgang Semliner Straße</cmt>
		<desc>Stechow-Ferchesar, Stechow; Ortsausgang Semliner Straße</desc>
		<src>LB Forst Brandenburg</src>
	</wpt>
	<wpt lat="52.621265309816081" lon="12.444685513756575">
		<name>1595</name>
		<cmt>Stechow-Ferchesar, Stechow; B 188, Einfahrt zur Großen Breite</cmt>
		<desc>Stechow-Ferchesar, Stechow; B 188, Einfahrt zur Großen Breite</desc>
		<src>LB Forst Brandenburg</src>
	</wpt>
	<wpt lat="52.61005156503618" lon="12.420603591502203">
		<name>2012</name>
		<cmt>Stechow-Ferchsar; Abzweig Nennhausener Stadtweg,  B188</cmt>
		<desc>Stechow-Ferchsar; Abzweig Nennhausener Stadtweg,  B188</desc>
		<src>LB Forst Brandenburg</src>
	</wpt>
	<wpt lat="51.762618367258717" lon="13.747572231476463">
		<name>2364</name>
		<cmt>Luckau, Bergen; Feuerwehr und Buswendestelle</cmt>
		<desc>Luckau, Bergen; Feuerwehr und Buswendestelle</desc>
		<src>LB Forst Brandenburg</src>
	</wpt>
	<wpt lat="52.535116034271802" lon="12.576775986906094">
		<name>2086</name>
		<cmt>Märkisch Luch, Kieck; L99, Ortslage Kieck</cmt>
		<desc>Märkisch Luch, Kieck; L99, Ortslage Kieck</desc>
		<src>LB Forst Brandenburg</src>
	</wpt>
	<wpt lat="52.121200873718244" lon="13.549246376337285">
		<name>1150</name>
		<cmt>Teupitz, Egsdorf; Ortsverbindungsstraße Zesch am See - Egsdorf, Kreisgrenze</cmt>
		<desc>Teupitz, Egsdorf; Ortsverbindungsstraße Zesch am See - Egsdorf, Kreisgrenze</desc>
		<src>LB Forst Brandenburg</src>
	</wpt>
	<wpt lat="52.150114609502275" lon="13.587766493587571">
		<name>1171</name>
		<cmt>Mittenwalde, Töpchin; L74 Egsdorfer Str., an der OPAL-Gastrasse</cmt>
		<desc>Mittenwalde, Töpchin; L74 Egsdorfer Str., an der OPAL-Gastrasse</desc>
		<src>LB Forst Brandenburg</src>
	</wpt>
	<wpt lat="52.122960420630008" lon="13.630170966524137">
		<name>1176</name>
		<cmt>Teupitz; gegenüber der Rettungswache Teupitz</cmt>
		<desc>Teupitz; gegenüber der Rettungswache Teupitz</desc>
		<src>LB Forst Brandenburg</src>
	</wpt>
	<wpt lat="52.122716745975993" lon="13.596265012487883">
		<name>1179</name>
		<cmt>Teupitz, Neuendorf; Mittelmühler Weg, hinter dem Sägewerk</cmt>
		<desc>Teupitz, Neuendorf; Mittelmühler Weg, hinter dem Sägewerk</desc>
		<src>LB Forst Brandenburg</src>
	</wpt>
	<wpt lat="52.111154623067513" lon="13.622104609383678">
		<name>1177</name>
		<cmt>Teupitz, Tornow; Dorfstraße, südlich vom Feuerwehrhaus</cmt>
		<desc>Teupitz, Tornow; Dorfstraße, südlich vom Feuerwehrhaus</desc>
		<src>LB Forst Brandenburg</src>
	</wpt>
	<wpt lat="52.183045154402841" lon="13.578776172929119">
		<name>1170</name>
		<cmt>Mittenwalde, Töpchin; Märkische Straße, Bahnübergang Töpchin Nord</cmt>
		<desc>Mittenwalde, Töpchin; Märkische Straße, Bahnübergang Töpchin Nord</desc>
		<src>LB Forst Brandenburg</src>
	</wpt>
	<wpt lat="52.130987922958766" lon="13.674292361266339">
		<name>1174</name>
		<cmt>Teupitz; Forsthaus Buschmeierei, Teupitzer Straße</cmt>
		<desc>Teupitz; Forsthaus Buschmeierei, Teupitzer Straße</desc>
		<src>LB Forst Brandenburg</src>
	</wpt>
	<wpt lat="52.556181985976011" lon="12.633855408858709">
		<name>2089</name>
		<cmt>Märkisch Luch, Barnewitz; L911 Barnewitz-Gortz, Abzweig Plattenstraße nach Klein Behnitz</cmt>
		<desc>Märkisch Luch, Barnewitz; L911 Barnewitz-Gortz, Abzweig Plattenstraße nach Klein Behnitz</desc>
		<src>LB Forst Brandenburg</src>
	</wpt>
	<wpt lat="52.138969629070466" lon="13.695624873846056">
		<name>1178</name>
		<cmt>Löpten; Verbindungsweg Löpten- Halbe Abt. 2312</cmt>
		<desc>Löpten; Verbindungsweg Löpten- Halbe Abt. 2312</desc>
		<src>LB Forst Brandenburg</src>
	</wpt>
	<wpt lat="52.661965019264095" lon="12.277672113529603">
		<name>1600</name>
		<cmt>Rathenow, Grütz; Dorfplatz</cmt>
		<desc>Rathenow, Grütz; Dorfplatz</desc>
		<src>LB Forst Brandenburg</src>
	</wpt>
	<wpt lat="52.614298237209852" lon="12.280661042643645">
		<name>2016</name>
		<cmt>Rathenow, Steckelsdorf; ehemaliges Wasserwerk</cmt>
		<desc>Rathenow, Steckelsdorf; ehemaliges Wasserwerk</desc>
		<src>LB Forst Brandenburg</src>
	</wpt>
	<wpt lat="52.63037607323016" lon="12.307313678724316">
		<name>1599</name>
		<cmt>Rathenow, Göttlin; Dorfkirche</cmt>
		<desc>Rathenow, Göttlin; Dorfkirche</desc>
		<src>LB Forst Brandenburg</src>
	</wpt>
	<wpt lat="52.544016092520238" lon="12.661069534115933">
		<name>2090</name>
		<cmt>Märkisch Luch, Barnewitz/ Linde; Ortslage Linde bei Barnewitz</cmt>
		<desc>Märkisch Luch, Barnewitz/ Linde; Ortslage Linde bei Barnewitz</desc>
		<src>LB Forst Brandenburg</src>
	</wpt>
	<wpt lat="52.987347800177751" lon="12.164878560662741">
		<name>1537</name>
		<cmt>Gumtow, Kunow; B 5 Kunow - Abzweig Kramser Damm</cmt>
		<desc>Gumtow, Kunow; B 5 Kunow - Abzweig Kramser Damm</desc>
		<src>LB Forst Brandenburg</src>
	</wpt>
	<wpt lat="53.087239427856709" lon="12.159980111564497">
		<name>1441</name>
		<cmt>Groß Pankow, Groß Woltersdorf; Waldlehrpark Groß Wolterdorf</cmt>
		<desc>Groß Pankow, Groß Woltersdorf; Waldlehrpark Groß Wolterdorf</desc>
		<src>LB Forst Brandenburg</src>
	</wpt>
	<wpt lat="53.095918957480279" lon="12.307392825335587">
		<name>1556</name>
		<cmt>Groß Pankow; Sägewerk Heidelberg, An der Heidelberger Straße</cmt>
		<desc>Groß Pankow; Sägewerk Heidelberg, An der Heidelberger Straße</desc>
		<src>LB Forst Brandenburg</src>
	</wpt>
	<wpt lat="51.831772496140779" lon="13.262195744112022">
		<name>2402</name>
		<cmt>Niederer Fläming, Bärwalde; Dorfstr.11, Gaststätte Fiebeler</cmt>
		<desc>Niederer Fläming, Bärwalde; Dorfstr.11, Gaststätte Fiebeler</desc>
		<src>LB Forst Brandenburg</src>
	</wpt>
	<wpt lat="51.882148282788819" lon="13.246016185915277">
		<name>2403</name>
		<cmt>Niederer Fläming, Wiepersdorf; Dorfstr.12, Gaststätte Donath</cmt>
		<desc>Niederer Fläming, Wiepersdorf; Dorfstr.12, Gaststätte Donath</desc>
		<src>LB Forst Brandenburg</src>
	</wpt>
	<wpt lat="52.02543101688336" lon="14.673115375494413">
		<name>2599</name>
		<cmt>Steinsdorf; L 45, Bushaltestelle</cmt>
		<desc>Steinsdorf; L 45, Bushaltestelle</desc>
		<src>LB Forst Brandenburg</src>
	</wpt>
	<wpt lat="52.170986712753553" lon="13.594690983023462">
		<name>1172</name>
		<cmt>Mittenwalde, Töpchin; Forsthaus Waldeck Zum Forsthaus 2</cmt>
		<desc>Mittenwalde, Töpchin; Forsthaus Waldeck Zum Forsthaus 2</desc>
		<src>LB Forst Brandenburg</src>
	</wpt>
	<wpt lat="52.092826521454903" lon="14.308572491902064">
		<name>2622</name>
		<cmt>Günthersdorf; L 43, Bushaltestelle</cmt>
		<desc>Günthersdorf; L 43, Bushaltestelle</desc>
		<src>LB Forst Brandenburg</src>
	</wpt>
	<wpt lat="51.87184021355079" lon="14.283583089015726">
		<name>2540</name>
		<cmt>Drachhausen-Fehrow; Forsthaus links; südlich Wiese (rechte Seite der L50)</cmt>
		<desc>Drachhausen-Fehrow; Forsthaus links; südlich Wiese (rechte Seite der L50)</desc>
		<src>LB Forst Brandenburg</src>
	</wpt>
	<wpt lat="51.854549153546934" lon="13.713742758902635">
		<name>2331</name>
		<cmt>Luckau, Luckau; Nordpromenade 19, Oberförsterei Luckau</cmt>
		<desc>Luckau, Luckau; Nordpromenade 19, Oberförsterei Luckau</desc>
		<src>LB Forst Brandenburg</src>
	</wpt>
	<wpt lat="52.579979337211093" lon="12.549668369445385">
		<name>2734</name>
		<cmt>Nennhausen, Buckow; Chausee von Garlitz nach Buckow, Ortseingang</cmt>
		<desc>Nennhausen, Buckow; Chausee von Garlitz nach Buckow, Ortseingang</desc>
		<src>LB Forst Brandenburg</src>
	</wpt>
	<wpt lat="51.861514994560551" lon="13.813724997439495">
		<name>2382</name>
		<cmt>Luckau, Alteno; Ortsmitte Alteno, Gaststätte</cmt>
		<desc>Luckau, Alteno; Ortsmitte Alteno, Gaststätte</desc>
		<src>LB Forst Brandenburg</src>
	</wpt>
	<wpt lat="52.153818951272136" lon="13.742199310127369">
		<name>1190</name>
		<cmt>Löpten, Hammer; An der B179; Oberförsterei Hammer</cmt>
		<desc>Löpten, Hammer; An der B179; Oberförsterei Hammer</desc>
		<src>LB Forst Brandenburg</src>
	</wpt>
	<wpt lat="52.174724040738106" lon="13.717772835571818">
		<name>1191</name>
		<cmt>Klein Köris; B179 Abzweig Groß Köris L742 (Doppeltor)</cmt>
		<desc>Klein Köris; B179 Abzweig Groß Köris L742 (Doppeltor)</desc>
		<src>LB Forst Brandenburg</src>
	</wpt>
	<wpt lat="52.181159925779987" lon="13.67361256317502">
		<name>1167</name>
		<cmt>Groß Köris; Wilhelminenhofer Weg</cmt>
		<desc>Groß Köris; Wilhelminenhofer Weg</desc>
		<src>LB Forst Brandenburg</src>
	</wpt>
	<wpt lat="51.635831194455776" lon="13.620968430066315">
		<name>1858</name>
		<cmt>Doberlug-Kirchhain, Hennersdorf; L60, Parkplatz Ortsausgang Richtung Finsterwalde</cmt>
		<desc>Doberlug-Kirchhain, Hennersdorf; L60, Parkplatz Ortsausgang Richtung Finsterwalde</desc>
		<src>LB Forst Brandenburg</src>
	</wpt>
	<wpt lat="52.593241715374575" lon="12.938691319126054">
		<name>2730</name>
		<cmt>Brieselang, Bredow; L161 hinter Kanalbrücke  - Abzweig Bredow/Luch</cmt>
		<desc>Brieselang, Bredow; L161 hinter Kanalbrücke  - Abzweig Bredow/Luch</desc>
		<src>LB Forst Brandenburg</src>
	</wpt>
	<wpt lat="51.473158927815781" lon="13.41064944772687">
		<name>1775</name>
		<cmt>Röderland, Reichenhain; L593 zwischen Oschätzchen und Prieschka, gegenüber "Naturstein Bötig"</cmt>
		<desc>Röderland, Reichenhain; L593 zwischen Oschätzchen und Prieschka, gegenüber "Naturstein Bötig"</desc>
		<src>LB Forst Brandenburg</src>
	</wpt>
	<wpt lat="52.731397657047879" lon="12.274579944403389">
		<name>1613</name>
		<cmt>Havelaue, Prietzen; An der Bockwindmühle</cmt>
		<desc>Havelaue, Prietzen; An der Bockwindmühle</desc>
		<src>LB Forst Brandenburg</src>
	</wpt>
	<wpt lat="52.746810958090421" lon="12.378146943015713">
		<name>1617</name>
		<cmt>Gollenberg, Stölln; Zufahrt AG Stölln</cmt>
		<desc>Gollenberg, Stölln; Zufahrt AG Stölln</desc>
		<src>LB Forst Brandenburg</src>
	</wpt>
	<wpt lat="52.733441208065251" lon="12.426752213559878">
		<name>1609</name>
		<cmt>Gollenberg, Ohnewitz; Bushaltestelle  Ohnewitz</cmt>
		<desc>Gollenberg, Ohnewitz; Bushaltestelle  Ohnewitz</desc>
		<src>LB Forst Brandenburg</src>
	</wpt>
	<wpt lat="52.702770003772045" lon="12.373428511689525">
		<name>1611</name>
		<cmt>Seeblick, Hohennauen; Alte Mülldeponie Abt.6702  an der B 102</cmt>
		<desc>Seeblick, Hohennauen; Alte Mülldeponie Abt.6702  an der B 102</desc>
		<src>LB Forst Brandenburg</src>
	</wpt>
	<wpt lat="52.70395419068624" lon="12.310022759118297">
		<name>1615</name>
		<cmt>Havelaue, Spaatz; Kirche  Spaatz</cmt>
		<desc>Havelaue, Spaatz; Kirche  Spaatz</desc>
		<src>LB Forst Brandenburg</src>
	</wpt>
	<wpt lat="53.170826689505681" lon="12.090648881931218">
		<name>1561</name>
		<cmt>Groß Pankow, Groß Langerwisch; Bahnhof Groß Langerwisch</cmt>
		<desc>Groß Pankow, Groß Langerwisch; Bahnhof Groß Langerwisch</desc>
		<src>LB Forst Brandenburg</src>
	</wpt>
	<wpt lat="52.179504585108376" lon="13.559099381221946">
		<name>1169</name>
		<cmt>Mittenwalde, Töpchin; Zossener Weg,hinter dem Reiterhof</cmt>
		<desc>Mittenwalde, Töpchin; Zossener Weg,hinter dem Reiterhof</desc>
		<src>LB Forst Brandenburg</src>
	</wpt>
	<wpt lat="52.724955937872302" lon="13.227188472396071">
		<name>1963</name>
		<cmt>Oranienburg, Wilhelmsthal; B 96n, Abfahrt Oranienburg Süd, am Kreisverkehr Zufahrt Gewerbegebiet</cmt>
		<desc>Oranienburg, Wilhelmsthal; B 96n, Abfahrt Oranienburg Süd, am Kreisverkehr Zufahrt Gewerbegebiet</desc>
		<src>LB Forst Brandenburg</src>
	</wpt>
	<wpt lat="52.823546865501584" lon="13.408504554121148">
		<name>1957</name>
		<cmt>Liebenwalde, Kreuzbruch; L21 Berliner Chaussee 16, Waldzufahrt gegenüber Försterei Kreuzbruch</cmt>
		<desc>Liebenwalde, Kreuzbruch; L21 Berliner Chaussee 16, Waldzufahrt gegenüber Försterei Kreuzbruch</desc>
		<src>LB Forst Brandenburg</src>
	</wpt>
	<wpt lat="52.159930301802312" lon="13.66947440619235">
		<name>1192</name>
		<cmt>Klein Köris; L742 Chausseestr., Abzweig Löpten (Löptener Dreieck)</cmt>
		<desc>Klein Köris; L742 Chausseestr., Abzweig Löpten (Löptener Dreieck)</desc>
		<src>LB Forst Brandenburg</src>
	</wpt>
	<wpt lat="52.296101873331999" lon="13.648787694492741">
		<name>1207</name>
		<cmt>Königs Wusterhausen, Neue Mühle; Parkplatz Riedels Gasthaus Kirchsteig Ecke Tiergartenstraße</cmt>
		<desc>Königs Wusterhausen, Neue Mühle; Parkplatz Riedels Gasthaus Kirchsteig Ecke Tiergartenstraße</desc>
		<src>LB Forst Brandenburg</src>
	</wpt>
	<wpt lat="52.286339144366551" lon="13.669708435073151">
		<name>1203</name>
		<cmt>Königs Wusterhausen, Senzig; Gussower Str. 4 b,  Feuerwehrgerätehaus</cmt>
		<desc>Königs Wusterhausen, Senzig; Gussower Str. 4 b,  Feuerwehrgerätehaus</desc>
		<src>LB Forst Brandenburg</src>
	</wpt>
	<wpt lat="51.444679024078454" lon="13.290863582111742">
		<name>1768</name>
		<cmt>Altenau; Güldenstern</cmt>
		<desc>Altenau; Güldenstern</desc>
		<src>LB Forst Brandenburg</src>
	</wpt>
	<wpt lat="51.564432329880312" lon="13.294572388835981">
		<name>1840</name>
		<cmt>Beiersdorf; Strasse nach Uebigau</cmt>
		<desc>Beiersdorf; Strasse nach Uebigau</desc>
		<src>LB Forst Brandenburg</src>
	</wpt>
	<wpt lat="52.175223116199781" lon="13.656227628085068">
		<name>1166</name>
		<cmt>Groß Köris; Pätzer Str., gegenüber dem Friedhofsgelände</cmt>
		<desc>Groß Köris; Pätzer Str., gegenüber dem Friedhofsgelände</desc>
		<src>LB Forst Brandenburg</src>
	</wpt>
	<wpt lat="53.231088000943309" lon="11.988048754423293">
		<name>1560</name>
		<cmt>Putlitz-Karlshof; Bushaltestelle an der L13</cmt>
		<desc>Putlitz-Karlshof; Bushaltestelle an der L13</desc>
		<src>LB Forst Brandenburg</src>
	</wpt>
	<wpt lat="52.188714412640316" lon="13.637377309979993">
		<name>1248</name>
		<cmt>Groß Köris; Motzener Straße an der OPAL-Gastrasse</cmt>
		<desc>Groß Köris; Motzener Straße an der OPAL-Gastrasse</desc>
		<src>LB Forst Brandenburg</src>
	</wpt>
	<wpt lat="52.577804160011588" lon="12.349497428829025">
		<name>2181</name>
		<cmt>Rathenow; Grünaue 9, Oberförsterei Rathenow</cmt>
		<desc>Rathenow; Grünaue 9, Oberförsterei Rathenow</desc>
		<src>LB Forst Brandenburg</src>
	</wpt>
	<wpt lat="52.320824749128462" lon="13.651313728381707">
		<name>1206</name>
		<cmt>Königs Wusterhausen, Niederlehme; Sportplatz Karl-Marx-Straße Ecke Dorfanger</cmt>
		<desc>Königs Wusterhausen, Niederlehme; Sportplatz Karl-Marx-Straße Ecke Dorfanger</desc>
		<src>LB Forst Brandenburg</src>
	</wpt>
	<wpt lat="52.367471123493566" lon="13.700532179842169">
		<name>1204</name>
		<cmt>Königs Wusterhausen, Wernsdorf; L30 Niederlehmener Chaussee 1, Sportplatz</cmt>
		<desc>Königs Wusterhausen, Wernsdorf; L30 Niederlehmener Chaussee 1, Sportplatz</desc>
		<src>LB Forst Brandenburg</src>
	</wpt>
	<wpt lat="52.308959332413025" lon="13.700977199007694">
		<name>1205</name>
		<cmt>Königs Wusterhausen, Zernsdorf; Sportplatz Friedrich-Engels-Str. 77a</cmt>
		<desc>Königs Wusterhausen, Zernsdorf; Sportplatz Friedrich-Engels-Str. 77a</desc>
		<src>LB Forst Brandenburg</src>
	</wpt>
	<wpt lat="52.325830135107182" lon="13.716877432731197">
		<name>2774</name>
		<cmt>Königs Wusterhausen, Wernsdorf; Autobahnbrücke über die A10 Uckley / Richtung Uckleysee</cmt>
		<desc>Königs Wusterhausen, Wernsdorf; Autobahnbrücke über die A10 Uckley / Richtung Uckleysee</desc>
		<src>LB Forst Brandenburg</src>
	</wpt>
	<wpt lat="52.16639968537185" lon="13.641471277886057">
		<name>2772</name>
		<cmt>Groß Köris; Sputendorfer Str. Ecke Rankenheimer Straße</cmt>
		<desc>Groß Köris; Sputendorfer Str. Ecke Rankenheimer Straße</desc>
		<src>LB Forst Brandenburg</src>
	</wpt>
	<wpt lat="52.943962789630078" lon="12.210862647966998">
		<name>1538</name>
		<cmt>16866 Gumtow ,OT Görike; Kiesgrube Görike</cmt>
		<desc>16866 Gumtow ,OT Görike; Kiesgrube Görike</desc>
		<src>LB Forst Brandenburg</src>
	</wpt>
	<wpt lat="52.152247638194652" lon="12.58517412491379">
		<name>2740</name>
		<cmt>Belzig; Weitzgrunder Weg 23,Waldweg nach Weitzgrund, ehem.Revierförsterei</cmt>
		<desc>Belzig; Weitzgrunder Weg 23,Waldweg nach Weitzgrund, ehem.Revierförsterei</desc>
		<src>LB Forst Brandenburg</src>
	</wpt>
	<wpt lat="52.618106183953486" lon="13.100590607532286">
		<name>2026</name>
		<cmt>Schönwalde- Glien; L16 von Schönwalde-Siedlung Richtung Pausin, ca.150 m vor Bahnübergang</cmt>
		<desc>Schönwalde- Glien; L16 von Schönwalde-Siedlung Richtung Pausin, ca.150 m vor Bahnübergang</desc>
		<src>LB Forst Brandenburg</src>
	</wpt>
	<wpt lat="52.135546775105873" lon="12.909748496867691">
		<name>2105</name>
		<cmt>Treuenbrietzen, Niebel; Treuenbrietzen - Buchholz; B 102 gegenüber Abzweig Niebel</cmt>
		<desc>Treuenbrietzen, Niebel; Treuenbrietzen - Buchholz; B 102 gegenüber Abzweig Niebel</desc>
		<src>LB Forst Brandenburg</src>
	</wpt>
	<wpt lat="52.089586765043322" lon="14.432000079108626">
		<name>2614</name>
		<cmt>Chossewitz; K 6710,  Bushaltestelle</cmt>
		<desc>Chossewitz; K 6710,  Bushaltestelle</desc>
		<src>LB Forst Brandenburg</src>
	</wpt>
	<wpt lat="52.05202678239705" lon="12.37647226518588">
		<name>2138</name>
		<cmt>Wiesenburg, Medewitz; L 841 Richtung Sachsen-Anhalt hinter Gaststätte "Kegel" links bis Beginn Landeswald</cmt>
		<desc>Wiesenburg, Medewitz; L 841 Richtung Sachsen-Anhalt hinter Gaststätte "Kegel" links bis Beginn Landeswald</desc>
		<src>LB Forst Brandenburg</src>
	</wpt>
	<wpt lat="52.054915602884662" lon="12.498674312483789">
		<name>2140</name>
		<cmt>Wiesenburg, Mützdorf; L 831, Kirche</cmt>
		<desc>Wiesenburg, Mützdorf; L 831, Kirche</desc>
		<src>LB Forst Brandenburg</src>
	</wpt>
	<wpt lat="52.705310342707172" lon="12.598316800934681">
		<name>1603</name>
		<cmt>Friesack, Briesen; Bushaltestelle an B5 auf Höhe Briesen, Lindenallee</cmt>
		<desc>Friesack, Briesen; Bushaltestelle an B5 auf Höhe Briesen, Lindenallee</desc>
		<src>LB Forst Brandenburg</src>
	</wpt>
	<wpt lat="52.73743816701689" lon="12.578373911101085">
		<name>1647</name>
		<cmt>Friesack; Feuerwehrgerätehaus, Kleeßener Straße 2a</cmt>
		<desc>Friesack; Feuerwehrgerätehaus, Kleeßener Straße 2a</desc>
		<src>LB Forst Brandenburg</src>
	</wpt>
	<wpt lat="52.784255084891271" lon="12.596809400039394">
		<name>1661</name>
		<cmt>Friesack, Damm; Feuerwehr Hauptstaße</cmt>
		<desc>Friesack, Damm; Feuerwehr Hauptstaße</desc>
		<src>LB Forst Brandenburg</src>
	</wpt>
	<wpt lat="52.270212164457256" lon="14.35193321666916">
		<name>1136</name>
		<cmt>Müllrose, Biegenbrück; K6720 Neubrücker Str., OA in Richtung Neubrück, Buswendeschleife</cmt>
		<desc>Müllrose, Biegenbrück; K6720 Neubrücker Str., OA in Richtung Neubrück, Buswendeschleife</desc>
		<src>LB Forst Brandenburg</src>
	</wpt>
	<wpt lat="52.039944568361854" lon="12.808751106476469">
		<name>2101</name>
		<cmt>Treuenbrietzen, Dietersdorf; B 2 Ortsausgang nach Treuenbrietzen vor der Bäckerei</cmt>
		<desc>Treuenbrietzen, Dietersdorf; B 2 Ortsausgang nach Treuenbrietzen vor der Bäckerei</desc>
		<src>LB Forst Brandenburg</src>
	</wpt>
	<wpt lat="52.999653731697634" lon="14.080083875260396">
		<name>1453</name>
		<cmt>Stadt Angermünde, Crussow; Kirche Crussow</cmt>
		<desc>Stadt Angermünde, Crussow; Kirche Crussow</desc>
		<src>LB Forst Brandenburg</src>
	</wpt>
	<wpt lat="52.968270639055177" lon="14.037211349402057">
		<name>1454</name>
		<cmt>Stadt Angermünde, Neukünkendorf; Radweg am Haussee</cmt>
		<desc>Stadt Angermünde, Neukünkendorf; Radweg am Haussee</desc>
		<src>LB Forst Brandenburg</src>
	</wpt>
	<wpt lat="52.983334672157987" lon="13.931043225135776">
		<name>1665</name>
		<cmt>Stadt Angermünde, Schmargendorf; Rastplatz Waldstraße</cmt>
		<desc>Stadt Angermünde, Schmargendorf; Rastplatz Waldstraße</desc>
		<src>LB Forst Brandenburg</src>
	</wpt>
	<wpt lat="52.995910919770665" lon="13.852938454554156">
		<name>1667</name>
		<cmt>Stadt Angermünde, Grumsin; Bushaltestelle Grumsin</cmt>
		<desc>Stadt Angermünde, Grumsin; Bushaltestelle Grumsin</desc>
		<src>LB Forst Brandenburg</src>
	</wpt>
	<wpt lat="53.025143992774964" lon="13.902187058122911">
		<name>1668</name>
		<cmt>Stadt Angermünde, Wolletz; Feuerwehr Wolletz</cmt>
		<desc>Stadt Angermünde, Wolletz; Feuerwehr Wolletz</desc>
		<src>LB Forst Brandenburg</src>
	</wpt>
	<wpt lat="53.011721988860081" lon="13.94818029019301">
		<name>1666</name>
		<cmt>Stadt Angermünde, Gehegemühle; Buswendeschleife Gehegemühle 1</cmt>
		<desc>Stadt Angermünde, Gehegemühle; Buswendeschleife Gehegemühle 1</desc>
		<src>LB Forst Brandenburg</src>
	</wpt>
	<wpt lat="52.375143707600166" lon="12.638645610636864">
		<name>2041</name>
		<cmt>Kloster Lehnin, Rietz; Kirche, Infotafel Rietzer Dorfstraße</cmt>
		<desc>Kloster Lehnin, Rietz; Kirche, Infotafel Rietzer Dorfstraße</desc>
		<src>LB Forst Brandenburg</src>
	</wpt>
	<wpt lat="52.638539002529022" lon="13.045270494107987">
		<name>1849</name>
		<cmt>Schönwalde- Glien, Pausin; Ecke Eichstädter Weg 1</cmt>
		<desc>Schönwalde- Glien, Pausin; Ecke Eichstädter Weg 1</desc>
		<src>LB Forst Brandenburg</src>
	</wpt>
	<wpt lat="52.195547516358069" lon="12.865810244562031">
		<name>2123</name>
		<cmt>Alt Bork; L 851, Abzweig Brandenburger Straße</cmt>
		<desc>Alt Bork; L 851, Abzweig Brandenburger Straße</desc>
		<src>LB Forst Brandenburg</src>
	</wpt>
	<wpt lat="52.351427599983822" lon="12.626772396839863">
		<name>2150</name>
		<cmt>Kloster Lehnin, Prützke; Altes Dorf 19, Infotafel Gemeinde</cmt>
		<desc>Kloster Lehnin, Prützke; Altes Dorf 19, Infotafel Gemeinde</desc>
		<src>LB Forst Brandenburg</src>
	</wpt>
	<wpt lat="53.20668075732911" lon="14.152048549027217">
		<name>2745</name>
		<cmt>Casekow, Blumberg; Dorfmitte Kirche</cmt>
		<desc>Casekow, Blumberg; Dorfmitte Kirche</desc>
		<src>LB Forst Brandenburg</src>
	</wpt>
	<wpt lat="53.271810503850382" lon="14.351026271904598">
		<name>1389</name>
		<cmt>Tantow; Am Bahnhof, Kreuzung B113 - Bahnhofstraße</cmt>
		<desc>Tantow; Am Bahnhof, Kreuzung B113 - Bahnhofstraße</desc>
		<src>LB Forst Brandenburg</src>
	</wpt>
	<wpt lat="53.266828059644908" lon="11.907199412904433">
		<name>1480</name>
		<cmt>Muggerkuhl; nördl. Wegekreuzung Muggerkuhl</cmt>
		<desc>Muggerkuhl; nördl. Wegekreuzung Muggerkuhl</desc>
		<src>LB Forst Brandenburg</src>
	</wpt>
	<wpt lat="51.817706486936636" lon="13.214914878468127">
		<name>1886</name>
		<cmt>Schönewalde; Ortsausgang Richtung Ahlsdorf, FHS Forsttechnik</cmt>
		<desc>Schönewalde; Ortsausgang Richtung Ahlsdorf, FHS Forsttechnik</desc>
		<src>LB Forst Brandenburg</src>
	</wpt>
	<wpt lat="51.778986024967729" lon="13.22377302550696">
		<name>1945</name>
		<cmt>Schönewalde, Grassau; Ortsausgang Richtung Wildenau links</cmt>
		<desc>Schönewalde, Grassau; Ortsausgang Richtung Wildenau links</desc>
		<src>LB Forst Brandenburg</src>
	</wpt>
	<wpt lat="51.643324457626541" lon="14.544495161802736">
		<name>2426</name>
		<cmt>Bohsdorf Vorwerk; Lausitzimbiss</cmt>
		<desc>Bohsdorf Vorwerk; Lausitzimbiss</desc>
		<src>LB Forst Brandenburg</src>
	</wpt>
	<wpt lat="51.768981585948872" lon="13.464271642916435">
		<name>1794</name>
		<cmt>Hohenbucko, Hohenbucko; L 70, Ortslage, Dienstgebäude der Oberförsterei</cmt>
		<desc>Hohenbucko, Hohenbucko; L 70, Ortslage, Dienstgebäude der Oberförsterei</desc>
		<src>LB Forst Brandenburg</src>
	</wpt>
	<wpt lat="52.139838635624336" lon="12.518398203074458">
		<name>2327</name>
		<cmt>Belzig/Hagelberg; Forsthaus Hagelberg</cmt>
		<desc>Belzig/Hagelberg; Forsthaus Hagelberg</desc>
		<src>LB Forst Brandenburg</src>
	</wpt>
	<wpt lat="52.94779160380871" lon="11.963694638285894">
		<name>1526</name>
		<cmt>Bad Wilsnack; Waldstadion Bad Wilsnack</cmt>
		<desc>Bad Wilsnack; Waldstadion Bad Wilsnack</desc>
		<src>LB Forst Brandenburg</src>
	</wpt>
	<wpt lat="53.403200191937131" lon="14.116012088784213">
		<name>2762</name>
		<cmt>Brüssow; Parkplatz Ortseingang links</cmt>
		<desc>Brüssow; Parkplatz Ortseingang links</desc>
		<src>LB Forst Brandenburg</src>
	</wpt>
	<wpt lat="53.298110264379126" lon="14.100723390940571">
		<name>2761</name>
		<cmt>Schmölln; Parkplatz am alten Konsum</cmt>
		<desc>Schmölln; Parkplatz am alten Konsum</desc>
		<src>LB Forst Brandenburg</src>
	</wpt>
	<wpt lat="53.216670144631522" lon="13.935944768832462">
		<name>1387</name>
		<cmt>Oberuckersee, Blankenburg; Kreuzung Neuhofer-Gramzower Str.</cmt>
		<desc>Oberuckersee, Blankenburg; Kreuzung Neuhofer-Gramzower Str.</desc>
		<src>LB Forst Brandenburg</src>
	</wpt>
	<wpt lat="53.186584479662095" lon="13.933364351947796">
		<name>1390</name>
		<cmt>Oberuckersee, Warnitz; AS Warnitz, Auffahrt Richtung Norden</cmt>
		<desc>Oberuckersee, Warnitz; AS Warnitz, Auffahrt Richtung Norden</desc>
		<src>LB Forst Brandenburg</src>
	</wpt>
	<wpt lat="53.168041928710601" lon="13.891982777481937">
		<name>1386</name>
		<cmt>Oberuckersee, Melzow; Stegelitzer Str.2 Feuerwehr</cmt>
		<desc>Oberuckersee, Melzow; Stegelitzer Str.2 Feuerwehr</desc>
		<src>LB Forst Brandenburg</src>
	</wpt>
	<wpt lat="53.205456511389364" lon="13.74631973972213">
		<name>2769</name>
		<cmt>Buchholz; Am Dorfteich</cmt>
		<desc>Buchholz; Am Dorfteich</desc>
		<src>LB Forst Brandenburg</src>
	</wpt>
	<wpt lat="53.154534657097358" lon="13.65367206561171">
		<name>1362</name>
		<cmt>Gerswalde, Krohnhorst; L 100 - Abzweig Krohnhorst</cmt>
		<desc>Gerswalde, Krohnhorst; L 100 - Abzweig Krohnhorst</desc>
		<src>LB Forst Brandenburg</src>
	</wpt>
	<wpt lat="53.072385968528053" lon="13.921506587047443">
		<name>1447</name>
		<cmt>Angermünde, Greiffenberg-Peetzig; Parkplatz Strand Petzig</cmt>
		<desc>Angermünde, Greiffenberg-Peetzig; Parkplatz Strand Petzig</desc>
		<src>LB Forst Brandenburg</src>
	</wpt>
	<wpt lat="53.053305613770988" lon="13.942280332267282">
		<name>1763</name>
		<cmt>Angermünde, Görlsdorf; Bahnübergang  Dorfmitte</cmt>
		<desc>Angermünde, Görlsdorf; Bahnübergang  Dorfmitte</desc>
		<src>LB Forst Brandenburg</src>
	</wpt>
	<wpt lat="53.093675146207865" lon="13.87631576404759">
		<name>2746</name>
		<cmt>Angermünde, Steinhöfel; Dorfmitte,Bushaltestelle, Festplatz</cmt>
		<desc>Angermünde, Steinhöfel; Dorfmitte,Bushaltestelle, Festplatz</desc>
		<src>LB Forst Brandenburg</src>
	</wpt>
	<wpt lat="53.110970757928733" lon="13.906054688708116">
		<name>1764</name>
		<cmt>Angermünde, Wilmersdorf; Bushaltestelle Dorfmitte, am Straßenschild</cmt>
		<desc>Angermünde, Wilmersdorf; Bushaltestelle Dorfmitte, am Straßenschild</desc>
		<src>LB Forst Brandenburg</src>
	</wpt>
	<wpt lat="53.077075063148826" lon="13.830391754942607">
		<name>1446</name>
		<cmt>Angermünde, Steinhöfel - Neuhaus; Bushaltestelle</cmt>
		<desc>Angermünde, Steinhöfel - Neuhaus; Bushaltestelle</desc>
		<src>LB Forst Brandenburg</src>
	</wpt>
	<wpt lat="51.47786150515995" lon="13.719464136707312">
		<name>1832</name>
		<cmt>Lauchhammer - West; Parkplatz Friedhof Lauchhammer - West</cmt>
		<desc>Lauchhammer - West; Parkplatz Friedhof Lauchhammer - West</desc>
		<src>LB Forst Brandenburg</src>
	</wpt>
	<wpt lat="51.931477915053804" lon="13.122305889477516">
		<name>2238</name>
		<cmt>Niederer Fläming, Hohenahlsdorf; B101 - Dorfstraße, Dorfmitte Kreuzung B101 - L715 nach Borgisdorf</cmt>
		<desc>Niederer Fläming, Hohenahlsdorf; B101 - Dorfstraße, Dorfmitte Kreuzung B101 - L715 nach Borgisdorf</desc>
		<src>LB Forst Brandenburg</src>
	</wpt>
	<wpt lat="51.899594974288966" lon="13.162249395799831">
		<name>2237</name>
		<cmt>Niederer Fläming, Welsickendorf; Skaterweg, von B101 Richtung Osten 1,4 Km am Waldrand</cmt>
		<desc>Niederer Fläming, Welsickendorf; Skaterweg, von B101 Richtung Osten 1,4 Km am Waldrand</desc>
		<src>LB Forst Brandenburg</src>
	</wpt>
	<wpt lat="51.904395293692552" lon="13.257517479498087">
		<name>2386</name>
		<cmt>Niederer Fläming, Nonnendorf; B 102, Gaststätte "Schliebener" ;</cmt>
		<desc>Niederer Fläming, Nonnendorf; B 102, Gaststätte "Schliebener" ;</desc>
		<src>LB Forst Brandenburg</src>
	</wpt>
	<wpt lat="52.349582089127907" lon="12.765414724704554">
		<name>2069</name>
		<cmt>Kloster Lehin, Damsdorf; Lehniner Straße , Holli 's Imbiss</cmt>
		<desc>Kloster Lehin, Damsdorf; Lehniner Straße , Holli 's Imbiss</desc>
		<src>LB Forst Brandenburg</src>
	</wpt>
	<wpt lat="51.897500441263723" lon="13.113591512174208">
		<name>2235</name>
		<cmt>Niederer Fläming, Körbitz; K7209 - Dorfstrße, Kreuzung K7209 Richtung Ortsmitte</cmt>
		<desc>Niederer Fläming, Körbitz; K7209 - Dorfstrße, Kreuzung K7209 Richtung Ortsmitte</desc>
		<src>LB Forst Brandenburg</src>
	</wpt>
	<wpt lat="51.888682699743001" lon="13.141621185368404">
		<name>2236</name>
		<cmt>Niederer Fläming, Welsickendorf; B101, 1,1 Km von Ortsausgang Welsickendorf Richtung Süden am Waldrand</cmt>
		<desc>Niederer Fläming, Welsickendorf; B101, 1,1 Km von Ortsausgang Welsickendorf Richtung Süden am Waldrand</desc>
		<src>LB Forst Brandenburg</src>
	</wpt>
	<wpt lat="52.658824815250874" lon="12.499717535846068">
		<name>1596</name>
		<cmt>Kotzen, Rhinsmühlen; Gaststätte Rhinsmühlen</cmt>
		<desc>Kotzen, Rhinsmühlen; Gaststätte Rhinsmühlen</desc>
		<src>LB Forst Brandenburg</src>
	</wpt>
	<wpt lat="53.251877107631742" lon="13.306482941934497">
		<name>1364</name>
		<cmt>Lychen, OT Rutenberg; Kirche Rutenberg; Dorfstraße 15</cmt>
		<desc>Lychen, OT Rutenberg; Kirche Rutenberg; Dorfstraße 15</desc>
		<src>LB Forst Brandenburg</src>
	</wpt>
	<wpt lat="53.281359677180824" lon="13.461340887488744">
		<name>1411</name>
		<cmt>Boitzenburger Land, OT Thomsdorf; Thomsdorf Löschteich - Sportplatz</cmt>
		<desc>Boitzenburger Land, OT Thomsdorf; Thomsdorf Löschteich - Sportplatz</desc>
		<src>LB Forst Brandenburg</src>
	</wpt>
	<wpt lat="53.267925357026336" lon="13.346686935683641">
		<name>1363</name>
		<cmt>Lychen, OT Beenz; Kirche Beenz; Beenzer Str. 1</cmt>
		<desc>Lychen, OT Beenz; Kirche Beenz; Beenzer Str. 1</desc>
		<src>LB Forst Brandenburg</src>
	</wpt>
	<wpt lat="53.228287267308829" lon="13.268213022420955">
		<name>1365</name>
		<cmt>Lychen, OT Retzow; Kirchruine Retzow, Retzower Str. 14</cmt>
		<desc>Lychen, OT Retzow; Kirchruine Retzow, Retzower Str. 14</desc>
		<src>LB Forst Brandenburg</src>
	</wpt>
	<wpt lat="53.211844519580801" lon="13.288622828072961">
		<name>1382</name>
		<cmt>Lychen, OT Lychen; HEM Tankstelle; Fontanestraße 7</cmt>
		<desc>Lychen, OT Lychen; HEM Tankstelle; Fontanestraße 7</desc>
		<src>LB Forst Brandenburg</src>
	</wpt>
	<wpt lat="53.218933971255083" lon="13.316690733239627">
		<name>1260</name>
		<cmt>Lychen, OT Lychen; Feuerwehr Lychen; Beenzer Landstr. 5</cmt>
		<desc>Lychen, OT Lychen; Feuerwehr Lychen; Beenzer Landstr. 5</desc>
		<src>LB Forst Brandenburg</src>
	</wpt>
	<wpt lat="53.224363835315408" lon="13.357822755479971">
		<name>1366</name>
		<cmt>Lychen, OT Lychen; Abzweig Küstrinchen L15 Richtung Boitzenburg ab OA 2,7km Abfahrt Küstrinchen</cmt>
		<desc>Lychen, OT Lychen; Abzweig Küstrinchen L15 Richtung Boitzenburg ab OA 2,7km Abfahrt Küstrinchen</desc>
		<src>LB Forst Brandenburg</src>
	</wpt>
	<wpt lat="53.183367591717982" lon="13.352351163856293">
		<name>1394</name>
		<cmt>Lychen, OT Lychen; Wuppgartenbrücke vor Forsthaus</cmt>
		<desc>Lychen, OT Lychen; Wuppgartenbrücke vor Forsthaus</desc>
		<src>LB Forst Brandenburg</src>
	</wpt>
	<wpt lat="53.167696528082011" lon="13.33949085299909">
		<name>1370</name>
		<cmt>Lychen, OT Tangersdorf; L23 Richtung Templin ab OA 3,5km Bushaltestelle Tangersdorf</cmt>
		<desc>Lychen, OT Tangersdorf; L23 Richtung Templin ab OA 3,5km Bushaltestelle Tangersdorf</desc>
		<src>LB Forst Brandenburg</src>
	</wpt>
	<wpt lat="53.122268624612204" lon="13.322936724966583">
		<name>1264</name>
		<cmt>Lychen, OT Tangersdorf; Tangersdorfer Heide - Punkt 2000</cmt>
		<desc>Lychen, OT Tangersdorf; Tangersdorfer Heide - Punkt 2000</desc>
		<src>LB Forst Brandenburg</src>
	</wpt>
	<wpt lat="53.179954860257688" lon="13.303286956157336">
		<name>1379</name>
		<cmt>Lychen, Hohen Lychen; Wolfsbrücke/Landkreisgrenze/verlängerte Bredereicher Landstraße,</cmt>
		<desc>Lychen, Hohen Lychen; Wolfsbrücke/Landkreisgrenze/verlängerte Bredereicher Landstraße,</desc>
		<src>LB Forst Brandenburg</src>
	</wpt>
	<wpt lat="51.688124841558924" lon="14.622669673785754">
		<name>2419</name>
		<cmt>Groß Schacksdorf; Schule Ortseingang aus Richtung Simmersdorf</cmt>
		<desc>Groß Schacksdorf; Schule Ortseingang aus Richtung Simmersdorf</desc>
		<src>LB Forst Brandenburg</src>
	</wpt>
	<wpt lat="51.74437774915927" lon="13.828910051670109">
		<name>2365</name>
		<cmt>Luckau, Tugam; Bushaltestelle Tugam</cmt>
		<desc>Luckau, Tugam; Bushaltestelle Tugam</desc>
		<src>LB Forst Brandenburg</src>
	</wpt>
	<wpt lat="52.587869445600823" lon="13.062416717382979">
		<name>2006</name>
		<cmt>Falkensee; L201 Nauener Straße, Ortsausgang Falkensee</cmt>
		<desc>Falkensee; L201 Nauener Straße, Ortsausgang Falkensee</desc>
		<src>LB Forst Brandenburg</src>
	</wpt>
	<wpt lat="51.961989834808939" lon="14.13772100746028">
		<name>2314</name>
		<cmt>Waldow; K6109, Ortsausgang Richtung Laasow</cmt>
		<desc>Waldow; K6109, Ortsausgang Richtung Laasow</desc>
		<src>LB Forst Brandenburg</src>
	</wpt>
	<wpt lat="52.002427000680086" lon="13.714300139566749">
		<name>2241</name>
		<cmt>Schönwald, Waldow/Brand; Schäferei, nähe Autobahnbrücke über die BAB 13</cmt>
		<desc>Schönwald, Waldow/Brand; Schäferei, nähe Autobahnbrücke über die BAB 13</desc>
		<src>LB Forst Brandenburg</src>
	</wpt>
	<wpt lat="52.03448214134729" lon="14.219201646402448">
		<name>2324</name>
		<cmt>Schwielochsee, Speichrow; Hauptstr. 1a,  Gasthaus Zur Linde</cmt>
		<desc>Schwielochsee, Speichrow; Hauptstr. 1a,  Gasthaus Zur Linde</desc>
		<src>LB Forst Brandenburg</src>
	</wpt>
	<wpt lat="52.040816865454843" lon="14.51820635592609">
		<name>2601</name>
		<cmt>Henzendorf; L 452, Bushaltestelle</cmt>
		<desc>Henzendorf; L 452, Bushaltestelle</desc>
		<src>LB Forst Brandenburg</src>
	</wpt>
	<wpt lat="52.039088338521744" lon="14.724973541081113">
		<name>2604</name>
		<cmt>Breslack; K 6701, Friedhof</cmt>
		<desc>Breslack; K 6701, Friedhof</desc>
		<src>LB Forst Brandenburg</src>
	</wpt>
	<wpt lat="52.066078993408134" lon="14.71448859729751">
		<name>2605</name>
		<cmt>Wellmitz; L 451, Bahnübergang</cmt>
		<desc>Wellmitz; L 451, Bahnübergang</desc>
		<src>LB Forst Brandenburg</src>
	</wpt>
	<wpt lat="52.043144788529602" lon="14.572614507158784">
		<name>2602</name>
		<cmt>Neuzelle, Göhlen; L 45, Gaststätte</cmt>
		<desc>Neuzelle, Göhlen; L 45, Gaststätte</desc>
		<src>LB Forst Brandenburg</src>
	</wpt>
	<wpt lat="52.081418848622256" lon="14.62321646529977">
		<name>2594</name>
		<cmt>Neuzelle, Kummro; L 453, OT Kummro Bushaltestelle</cmt>
		<desc>Neuzelle, Kummro; L 453, OT Kummro Bushaltestelle</desc>
		<src>LB Forst Brandenburg</src>
	</wpt>
	<wpt lat="51.996294350915583" lon="14.118038152181228">
		<name>2222</name>
		<cmt>Siegadel; Kreuzung Ortsmitte</cmt>
		<desc>Siegadel; Kreuzung Ortsmitte</desc>
		<src>LB Forst Brandenburg</src>
	</wpt>
	<wpt lat="53.171628987290177" lon="13.44051728005376">
		<name>1261</name>
		<cmt>Templin, Gandenitz; Gandenitzer Dorfstaße 63; Bushaltestelle</cmt>
		<desc>Templin, Gandenitz; Gandenitzer Dorfstaße 63; Bushaltestelle</desc>
		<src>LB Forst Brandenburg</src>
	</wpt>
	<wpt lat="53.156126602056879" lon="13.597805687844614">
		<name>1263</name>
		<cmt>Templin, Petznick; Kreuzkrug 9; Bushaltestelle</cmt>
		<desc>Templin, Petznick; Kreuzkrug 9; Bushaltestelle</desc>
		<src>LB Forst Brandenburg</src>
	</wpt>
	<wpt lat="51.981320991011614" lon="14.217403553602811">
		<name>2494</name>
		<cmt>Schwielochsee, Lamsfeld; B 320, in Richtung Butzen, Feuerwehr</cmt>
		<desc>Schwielochsee, Lamsfeld; B 320, in Richtung Butzen, Feuerwehr</desc>
		<src>LB Forst Brandenburg</src>
	</wpt>
	<wpt lat="51.881849562030617" lon="14.16978133125761">
		<name>2319</name>
		<cmt>Byhleguhre-Byhlen, Byhleguhre; L51 Straupitzer Straße, Ortsausgang Byhleguhre, Gemeindehaus alte Schule</cmt>
		<desc>Byhleguhre-Byhlen, Byhleguhre; L51 Straupitzer Straße, Ortsausgang Byhleguhre, Gemeindehaus alte Schule</desc>
		<src>LB Forst Brandenburg</src>
	</wpt>
	<wpt lat="52.139638588814577" lon="14.673982948509465">
		<name>2606</name>
		<cmt>Eisenhüttenstadt, Fürstenberg; Kreuzung Neue Brückenstraße Stadion Fürstenberg</cmt>
		<desc>Eisenhüttenstadt, Fürstenberg; Kreuzung Neue Brückenstraße Stadion Fürstenberg</desc>
		<src>LB Forst Brandenburg</src>
	</wpt>
	<wpt lat="52.123079067870933" lon="14.640895227001828">
		<name>2603</name>
		<cmt>Eisenhüttenstadt; B 112 Kreisel Richtung Neuzelle (West)</cmt>
		<desc>Eisenhüttenstadt; B 112 Kreisel Richtung Neuzelle (West)</desc>
		<src>LB Forst Brandenburg</src>
	</wpt>
	<wpt lat="52.186151927419658" lon="14.655809711988692">
		<name>2656</name>
		<cmt>Vogelsang; L 372 Ortseingang aus Ziltendorf kommend</cmt>
		<desc>Vogelsang; L 372 Ortseingang aus Ziltendorf kommend</desc>
		<src>LB Forst Brandenburg</src>
	</wpt>
	<wpt lat="52.229709172979476" lon="14.585094847339438">
		<name>2633</name>
		<cmt>Wiesenau; K 6706, Eisenbahntunnel</cmt>
		<desc>Wiesenau; K 6706, Eisenbahntunnel</desc>
		<src>LB Forst Brandenburg</src>
	</wpt>
	<wpt lat="52.256855524290209" lon="14.557654773930524">
		<name>2632</name>
		<cmt>Brieskow- Finkenheerd; Margaretensiedlung, Einfahrt Kiesgrube BKB</cmt>
		<desc>Brieskow- Finkenheerd; Margaretensiedlung, Einfahrt Kiesgrube BKB</desc>
		<src>LB Forst Brandenburg</src>
	</wpt>
	<wpt lat="51.944648133600019" lon="14.178021712603185">
		<name>2320</name>
		<cmt>Butzen; Parkplatz Bergsee</cmt>
		<desc>Butzen; Parkplatz Bergsee</desc>
		<src>LB Forst Brandenburg</src>
	</wpt>
	<wpt lat="52.078803054886123" lon="14.545479680282073">
		<name>2595</name>
		<cmt>Neuzelle, Treppeln; L 45, Nähe  Gaststätte</cmt>
		<desc>Neuzelle, Treppeln; L 45, Nähe  Gaststätte</desc>
		<src>LB Forst Brandenburg</src>
	</wpt>
	<wpt lat="52.10503022381436" lon="14.588227704309981">
		<name>2589</name>
		<cmt>Neuzelle, Möbiskruge; Bushaltestelle Nähe Kreuzung L43/L 431</cmt>
		<desc>Neuzelle, Möbiskruge; Bushaltestelle Nähe Kreuzung L43/L 431</desc>
		<src>LB Forst Brandenburg</src>
	</wpt>
	<wpt lat="52.94125160149742" lon="12.105252704169306">
		<name>1533</name>
		<cmt>Plattenburg, Klein Leppin; Karthanebrücke</cmt>
		<desc>Plattenburg, Klein Leppin; Karthanebrücke</desc>
		<src>LB Forst Brandenburg</src>
	</wpt>
	<wpt lat="52.038841333709009" lon="14.326126142591201">
		<name>2485</name>
		<cmt>Lieberose, Trebitz; Ortsmitte, an der Bushaltestelle</cmt>
		<desc>Lieberose, Trebitz; Ortsmitte, an der Bushaltestelle</desc>
		<src>LB Forst Brandenburg</src>
	</wpt>
	<wpt lat="52.017352588832487" lon="14.412121721339954">
		<name>2489</name>
		<cmt>Jamlitz, Leeskow; Ortsmitte Leeskow am Feuerlöschteich</cmt>
		<desc>Jamlitz, Leeskow; Ortsmitte Leeskow am Feuerlöschteich</desc>
		<src>LB Forst Brandenburg</src>
	</wpt>
	<wpt lat="52.025504360230947" lon="14.304456037031891">
		<name>2488</name>
		<cmt>Lieberose, Goschen; Kreuzung B 168, Abzweig Kreisstraße nach Goschen</cmt>
		<desc>Lieberose, Goschen; Kreuzung B 168, Abzweig Kreisstraße nach Goschen</desc>
		<src>LB Forst Brandenburg</src>
	</wpt>
	<wpt lat="51.665109832746687" lon="14.73684565222478">
		<name>2412</name>
		<cmt>Klein Bademeusel; Ausfahrt BAB 15;Richtung Jerischke Waldparkplatz</cmt>
		<desc>Klein Bademeusel; Ausfahrt BAB 15;Richtung Jerischke Waldparkplatz</desc>
		<src>LB Forst Brandenburg</src>
	</wpt>
	<wpt lat="51.99160674662005" lon="14.354846448910875">
		<name>2498</name>
		<cmt>Jamlitz, Jamlitz; Kreuzung B 320, Abzweig auf L 452 nach Leeskow</cmt>
		<desc>Jamlitz, Jamlitz; Kreuzung B 320, Abzweig auf L 452 nach Leeskow</desc>
		<src>LB Forst Brandenburg</src>
	</wpt>
	<wpt lat="53.056312491573152" lon="13.754972021996082">
		<name>1280</name>
		<cmt>Poratzer Kreuz; Straße Ringenwalde - Poratz, Abzweig Luisenau</cmt>
		<desc>Poratzer Kreuz; Straße Ringenwalde - Poratz, Abzweig Luisenau</desc>
		<src>LB Forst Brandenburg</src>
	</wpt>
	<wpt lat="53.063089133289964" lon="13.792687051191331">
		<name>1279</name>
		<cmt>Temmen-Ringenwalde, Poratz; Ortsmitte</cmt>
		<desc>Temmen-Ringenwalde, Poratz; Ortsmitte</desc>
		<src>LB Forst Brandenburg</src>
	</wpt>
	<wpt lat="53.058731645920176" lon="13.665809899970606">
		<name>1281</name>
		<cmt>Libbesicke, Temmen-Ringenwalde; Libbesicke Nr. 1</cmt>
		<desc>Libbesicke, Temmen-Ringenwalde; Libbesicke Nr. 1</desc>
		<src>LB Forst Brandenburg</src>
	</wpt>
	<wpt lat="53.074742725230628" lon="13.622586445279053">
		<name>1282</name>
		<cmt>Milmersdorf, Ahlimbsmühle; Ahlimbsmühle Brücke</cmt>
		<desc>Milmersdorf, Ahlimbsmühle; Ahlimbsmühle Brücke</desc>
		<src>LB Forst Brandenburg</src>
	</wpt>
	<wpt lat="53.10613131266863" lon="13.803124760857942">
		<name>1342</name>
		<cmt>Hessenhagen, Flieth-Stegelitz; Straße L241, Abzweig Hessenagen</cmt>
		<desc>Hessenhagen, Flieth-Stegelitz; Straße L241, Abzweig Hessenagen</desc>
		<src>LB Forst Brandenburg</src>
	</wpt>
	<wpt lat="53.086890335792837" lon="13.775454097241973">
		<name>1343</name>
		<cmt>Temmen-Ringenwalde, Neu Temmen; Kirche</cmt>
		<desc>Temmen-Ringenwalde, Neu Temmen; Kirche</desc>
		<src>LB Forst Brandenburg</src>
	</wpt>
	<wpt lat="53.091572069100849" lon="13.674828837433594">
		<name>1345</name>
		<cmt>Götschendorf, Milmersdorf; Götschendorf Bushaltestelle</cmt>
		<desc>Götschendorf, Milmersdorf; Götschendorf Bushaltestelle</desc>
		<src>LB Forst Brandenburg</src>
	</wpt>
	<wpt lat="53.096381222794122" lon="13.758985926887009">
		<name>1347</name>
		<cmt>Temmen-Ringenwalde,  Alt-Temmen; Bushaltestelle</cmt>
		<desc>Temmen-Ringenwalde,  Alt-Temmen; Bushaltestelle</desc>
		<src>LB Forst Brandenburg</src>
	</wpt>
	<wpt lat="53.111714731466449" lon="13.641342088418471">
		<name>1348</name>
		<cmt>Milmersdorf; Kirche</cmt>
		<desc>Milmersdorf; Kirche</desc>
		<src>LB Forst Brandenburg</src>
	</wpt>
	<wpt lat="53.091749400083152" lon="13.601717008206339">
		<name>1350</name>
		<cmt>Milmersdorf, Petersdorf; Kirche</cmt>
		<desc>Milmersdorf, Petersdorf; Kirche</desc>
		<src>LB Forst Brandenburg</src>
	</wpt>
	<wpt lat="53.13601422826406" lon="13.677744327834171">
		<name>1445</name>
		<cmt>Briesen, Gerswalde; Briesen Ortsmitte</cmt>
		<desc>Briesen, Gerswalde; Briesen Ortsmitte</desc>
		<src>LB Forst Brandenburg</src>
	</wpt>
	<wpt lat="52.00437477189309" lon="14.24454400023882">
		<name>2493</name>
		<cmt>Lieberose, Doberburg; Ortsmitte Doberburg, am Gemeindehaus</cmt>
		<desc>Lieberose, Doberburg; Ortsmitte Doberburg, am Gemeindehaus</desc>
		<src>LB Forst Brandenburg</src>
	</wpt>
	<wpt lat="51.745671662201808" lon="14.573966489939279">
		<name>2551</name>
		<cmt>Gosda; Alte Ziegelei, Ortsverbindung Gosda-Forst-Eulo</cmt>
		<desc>Gosda; Alte Ziegelei, Ortsverbindung Gosda-Forst-Eulo</desc>
		<src>LB Forst Brandenburg</src>
	</wpt>
	<wpt lat="53.057033657967089" lon="13.715053317954156">
		<name>1278</name>
		<cmt>Temmen-Ringenwalde, Ringenwalde; Kirche</cmt>
		<desc>Temmen-Ringenwalde, Ringenwalde; Kirche</desc>
		<src>LB Forst Brandenburg</src>
	</wpt>
	<wpt lat="52.986599437509241" lon="11.948998647801096">
		<name>1524</name>
		<cmt>Bad Wilsnack; L10 Einfahrt Forsthof Karthan</cmt>
		<desc>Bad Wilsnack; L10 Einfahrt Forsthof Karthan</desc>
		<src>LB Forst Brandenburg</src>
	</wpt>
	<wpt lat="52.988628938772798" lon="11.879994811190599">
		<name>1520</name>
		<cmt>Bad Wilsnack, Klein Lüben; L11 Brücke Bahn bei Kuhblank</cmt>
		<desc>Bad Wilsnack, Klein Lüben; L11 Brücke Bahn bei Kuhblank</desc>
		<src>LB Forst Brandenburg</src>
	</wpt>
	<wpt lat="53.145670246616191" lon="13.379290066473756">
		<name>1371</name>
		<cmt>Templin, Densow; Hauptstraße; Bushaltestelle-Dorfmitte</cmt>
		<desc>Templin, Densow; Hauptstraße; Bushaltestelle-Dorfmitte</desc>
		<src>LB Forst Brandenburg</src>
	</wpt>
	<wpt lat="53.114213514249336" lon="13.392558622071768">
		<name>1373</name>
		<cmt>Templin, Beutel; Beuteler Str. 60 a ; Feuerwehr</cmt>
		<desc>Templin, Beutel; Beuteler Str. 60 a ; Feuerwehr</desc>
		<src>LB Forst Brandenburg</src>
	</wpt>
	<wpt lat="53.161323159079402" lon="13.402822618335975">
		<name>1369</name>
		<cmt>Templin, Densow; Alt Placht Nr. 3; ehemalige Bushaltestelle</cmt>
		<desc>Templin, Densow; Alt Placht Nr. 3; ehemalige Bushaltestelle</desc>
		<src>LB Forst Brandenburg</src>
	</wpt>
	<wpt lat="53.177486650982587" lon="13.511456055490926">
		<name>1368</name>
		<cmt>Templin, Klosterwalde; Metzelthin 40; Bushaltestelle</cmt>
		<desc>Templin, Klosterwalde; Metzelthin 40; Bushaltestelle</desc>
		<src>LB Forst Brandenburg</src>
	</wpt>
	<wpt lat="53.171567598534089" lon="13.559732823484156">
		<name>2768</name>
		<cmt>Templin, Klosterwalde; Klosterwalder Dorfstraße 14; Bushaltestelle</cmt>
		<desc>Templin, Klosterwalde; Klosterwalder Dorfstraße 14; Bushaltestelle</desc>
		<src>LB Forst Brandenburg</src>
	</wpt>
	<wpt lat="52.962723321877618" lon="12.029212825600544">
		<name>1534</name>
		<cmt>Plattenburg, Plattenburg; Parkplatz Ortseingang</cmt>
		<desc>Plattenburg, Plattenburg; Parkplatz Ortseingang</desc>
		<src>LB Forst Brandenburg</src>
	</wpt>
	<wpt lat="52.166379464294053" lon="12.277692625499293">
		<name>2474</name>
		<cmt>Görzke, Hohenlobbese; Ortsanfang,  ehem. Gaststätte  Westpfah</cmt>
		<desc>Görzke, Hohenlobbese; Ortsanfang,  ehem. Gaststätte  Westpfah</desc>
		<src>LB Forst Brandenburg</src>
	</wpt>
	<wpt lat="52.170097428678098" lon="12.362338380496844">
		<name>2177</name>
		<cmt>Görzke; K 6938, Abzweig Reppinichen - Hohenlobbese</cmt>
		<desc>Görzke; K 6938, Abzweig Reppinichen - Hohenlobbese</desc>
		<src>LB Forst Brandenburg</src>
	</wpt>
	<wpt lat="52.43092662527981" lon="12.320975583387938">
		<name>2028</name>
		<cmt>Wusterwitz, Vehlen; Ortsmitte, Bergstraße - Ecke Schlagenthiner Straße</cmt>
		<desc>Wusterwitz, Vehlen; Ortsmitte, Bergstraße - Ecke Schlagenthiner Straße</desc>
		<src>LB Forst Brandenburg</src>
	</wpt>
	<wpt lat="52.175543230229145" lon="12.383153370878604">
		<name>2176</name>
		<cmt>Görzke; Nonnenheiderweg 8, Revierförsterei Hohenlobbese</cmt>
		<desc>Görzke; Nonnenheiderweg 8, Revierförsterei Hohenlobbese</desc>
		<src>LB Forst Brandenburg</src>
	</wpt>
	<wpt lat="52.196934622696901" lon="12.35184190294995">
		<name>2178</name>
		<cmt>Gräben, Rottstock; B 107, Freiwillige Feuerwehr/Kirche</cmt>
		<desc>Gräben, Rottstock; B 107, Freiwillige Feuerwehr/Kirche</desc>
		<src>LB Forst Brandenburg</src>
	</wpt>
	<wpt lat="52.212471016434172" lon="12.283323850505957">
		<name>2475</name>
		<cmt>Dretzen; Gemeindehaus/Sportplatz, Rev. Görzke</cmt>
		<desc>Dretzen; Gemeindehaus/Sportplatz, Rev. Görzke</desc>
		<src>LB Forst Brandenburg</src>
	</wpt>
	<wpt lat="52.001975584980144" lon="13.32835995313723">
		<name>2246</name>
		<cmt>Baruth/ Mark, Ließen; Ortsausgang (L70) Richt.Stülpe an Kläranlage</cmt>
		<desc>Baruth/ Mark, Ließen; Ortsausgang (L70) Richt.Stülpe an Kläranlage</desc>
		<src>LB Forst Brandenburg</src>
	</wpt>
	<wpt lat="52.963414039885109" lon="11.861453989442387">
		<name>1521</name>
		<cmt>Bad Wilsnack, Klein Lüben; L11 Klein Lüben  - Abzweig Bälow/Rühstedt</cmt>
		<desc>Bad Wilsnack, Klein Lüben; L11 Klein Lüben  - Abzweig Bälow/Rühstedt</desc>
		<src>LB Forst Brandenburg</src>
	</wpt>
	<wpt lat="52.047324915452307" lon="13.315015454676741">
		<name>2351</name>
		<cmt>Nuthe-Urstromtal, Stülpe; Sandstr.Ecke Kastanienweg- z.Grundschule Stülpe</cmt>
		<desc>Nuthe-Urstromtal, Stülpe; Sandstr.Ecke Kastanienweg- z.Grundschule Stülpe</desc>
		<src>LB Forst Brandenburg</src>
	</wpt>
	<wpt lat="51.988732818840035" lon="13.481784886984054">
		<name>2358</name>
		<cmt>Baruth/ Mark, Groß Ziescht; Kreuzung Groß Zieschter Dorfstraße, gegenüber Gasthof Bergemann-an der Trafostation</cmt>
		<desc>Baruth/ Mark, Groß Ziescht; Kreuzung Groß Zieschter Dorfstraße, gegenüber Gasthof Bergemann-an der Trafostation</desc>
		<src>LB Forst Brandenburg</src>
	</wpt>
	<wpt lat="51.632517726430962" lon="14.432879873505104">
		<name>2523</name>
		<cmt>Neuhausen, Bagenz; Bagenzer Hauptstr. Bahnunterführung</cmt>
		<desc>Neuhausen, Bagenz; Bagenzer Hauptstr. Bahnunterführung</desc>
		<src>LB Forst Brandenburg</src>
	</wpt>
	<wpt lat="52.097707005427914" lon="13.100358801040034">
		<name>2263</name>
		<cmt>Luckenwalde, Frankenfelde; L80 Zapfholzweg Richt. Frankenförde,Waldeinfahrt südwestl d.Abfahrt Frankenfelde</cmt>
		<desc>Luckenwalde, Frankenfelde; L80 Zapfholzweg Richt. Frankenförde,Waldeinfahrt südwestl d.Abfahrt Frankenfelde</desc>
		<src>LB Forst Brandenburg</src>
	</wpt>
	<wpt lat="52.393365734728043" lon="12.373340940497799">
		<name>2079</name>
		<cmt>Wusterwitz, Woltersdorf; L 96 von Woltersdorf kommend Waldeinfahrt links, unmittelbar vor Kanalbrücke</cmt>
		<desc>Wusterwitz, Woltersdorf; L 96 von Woltersdorf kommend Waldeinfahrt links, unmittelbar vor Kanalbrücke</desc>
		<src>LB Forst Brandenburg</src>
	</wpt>
	<wpt lat="52.373019880207046" lon="12.38348608346581">
		<name>2077</name>
		<cmt>Wusterwitz, Wusterwitz; L 96 Ortsmitte, Ernst-Thälmann-Straße 75, Dienstgebäude Obf Wusterwitz</cmt>
		<desc>Wusterwitz, Wusterwitz; L 96 Ortsmitte, Ernst-Thälmann-Straße 75, Dienstgebäude Obf Wusterwitz</desc>
		<src>LB Forst Brandenburg</src>
	</wpt>
	<wpt lat="52.359613862497184" lon="12.340033808808085">
		<name>2075</name>
		<cmt>Wusterwitz, Warchau; Ortsverbindungsstraße Warchau- Gollwitz, Ortsausgang Warchau in Richtung Gollwitz</cmt>
		<desc>Wusterwitz, Warchau; Ortsverbindungsstraße Warchau- Gollwitz, Ortsausgang Warchau in Richtung Gollwitz</desc>
		<src>LB Forst Brandenburg</src>
	</wpt>
	<wpt lat="52.324703087451219" lon="12.389528075818655">
		<name>2058</name>
		<cmt>Wusterwitz, Viesen; Viesener Weg, Viesen-Wusterwitz, Waldkante  850 m nördlich von Viesen</cmt>
		<desc>Wusterwitz, Viesen; Viesener Weg, Viesen-Wusterwitz, Waldkante  850 m nördlich von Viesen</desc>
		<src>LB Forst Brandenburg</src>
	</wpt>
	<wpt lat="52.321728658194459" lon="12.355481232771977">
		<name>2053</name>
		<cmt>Wusterwitz, Rogäsen; L96 Ziesar - Rogäsen, Ortseingang Rogäsen/Waffelfabrik</cmt>
		<desc>Wusterwitz, Rogäsen; L96 Ziesar - Rogäsen, Ortseingang Rogäsen/Waffelfabrik</desc>
		<src>LB Forst Brandenburg</src>
	</wpt>
	<wpt lat="51.967071563487579" lon="14.192224488251368">
		<name>2495</name>
		<cmt>Mochow; Waldparkplatz Alte Cottbuser Straße</cmt>
		<desc>Mochow; Waldparkplatz Alte Cottbuser Straße</desc>
		<src>LB Forst Brandenburg</src>
	</wpt>
	<wpt lat="52.637029772506359" lon="14.183219370099748">
		<name>2687</name>
		<cmt>Neuhardenberg,  Gottesgabe; B 167, Bushaltestelle</cmt>
		<desc>Neuhardenberg,  Gottesgabe; B 167, Bushaltestelle</desc>
		<src>LB Forst Brandenburg</src>
	</wpt>
	<wpt lat="52.620440372300315" lon="14.201407177288329">
		<name>2688</name>
		<cmt>Altfriedland; B 167, Parkplatz Altfriedland</cmt>
		<desc>Altfriedland; B 167, Parkplatz Altfriedland</desc>
		<src>LB Forst Brandenburg</src>
	</wpt>
	<wpt lat="52.703542657679215" lon="14.351612319569085">
		<name>2738</name>
		<cmt>Ortwig; Ortsrandlage auf dem Feld Ecke Ortwiger Hauptstraße // Bauerndorf</cmt>
		<desc>Ortwig; Ortsrandlage auf dem Feld Ecke Ortwiger Hauptstraße // Bauerndorf</desc>
		<src>LB Forst Brandenburg</src>
	</wpt>
	<wpt lat="52.645324280613472" lon="14.359845721952379">
		<name>2779</name>
		<cmt>Letschin; Ortslage Letschin, Karl-Marx-Straße 5</cmt>
		<desc>Letschin; Ortslage Letschin, Karl-Marx-Straße 5</desc>
		<src>LB Forst Brandenburg</src>
	</wpt>
	<wpt lat="52.612599101502987" lon="14.167680629959593">
		<name>2782</name>
		<cmt>Märkische Höhe, Ringenwalde; L34, Ecke Waldweg zur alten Försterei</cmt>
		<desc>Märkische Höhe, Ringenwalde; L34, Ecke Waldweg zur alten Försterei</desc>
		<src>LB Forst Brandenburg</src>
	</wpt>
	<wpt lat="52.58487055244553" lon="14.295312613639936">
		<name>2787</name>
		<cmt>Platkow - Neuhardenberg B 167; B167 Waldgebiet Platkow</cmt>
		<desc>Platkow - Neuhardenberg B 167; B167 Waldgebiet Platkow</desc>
		<src>LB Forst Brandenburg</src>
	</wpt>
	<wpt lat="52.47252950338013" lon="14.532840649366783">
		<name>2802</name>
		<cmt>Lebus, Podelzig; an der Festwiese</cmt>
		<desc>Lebus, Podelzig; an der Festwiese</desc>
		<src>LB Forst Brandenburg</src>
	</wpt>
	<wpt lat="52.400450375685324" lon="14.339165961946174">
		<name>2665</name>
		<cmt>Lebus, Petershagen; B 5, Bushaltestelle</cmt>
		<desc>Lebus, Petershagen; B 5, Bushaltestelle</desc>
		<src>LB Forst Brandenburg</src>
	</wpt>
	<wpt lat="52.339376875008746" lon="12.853309158698163">
		<name>2159</name>
		<cmt>Werder (Havel), Bliesendorf; FFW Bliesendorf</cmt>
		<desc>Werder (Havel), Bliesendorf; FFW Bliesendorf</desc>
		<src>LB Forst Brandenburg</src>
	</wpt>
	<wpt lat="51.90798559107418" lon="14.480883203749887">
		<name>2521</name>
		<cmt>Tauer; Parkplatz L50; 1200 m hinter Tauer Richtung Guben</cmt>
		<desc>Tauer; Parkplatz L50; 1200 m hinter Tauer Richtung Guben</desc>
		<src>LB Forst Brandenburg</src>
	</wpt>
	<wpt lat="52.1313750135186" lon="14.589861387207698">
		<name>2587</name>
		<cmt>Diehlo; K 6708, Ortseingangsschild</cmt>
		<desc>Diehlo; K 6708, Ortseingangsschild</desc>
		<src>LB Forst Brandenburg</src>
	</wpt>
	<wpt lat="52.129042136736324" lon="13.21773953976388">
		<name>2287</name>
		<cmt>Nuthe-Urstromtal, Woltersdorf; B 101, Anbinder Forsthaus Birkhorst (alteB101)</cmt>
		<desc>Nuthe-Urstromtal, Woltersdorf; B 101, Anbinder Forsthaus Birkhorst (alteB101)</desc>
		<src>LB Forst Brandenburg</src>
	</wpt>
	<wpt lat="51.739957113320763" lon="14.510047916311091">
		<name>2442</name>
		<cmt>Neuhausen/Spree, Kathlow; K 71 Kathlow-Klinge Waldparkplatz</cmt>
		<desc>Neuhausen/Spree, Kathlow; K 71 Kathlow-Klinge Waldparkplatz</desc>
		<src>LB Forst Brandenburg</src>
	</wpt>
	<wpt lat="51.741037757753674" lon="14.460944391411122">
		<name>2443</name>
		<cmt>Neuhausen/Spree, Kathlow; B 97 Abzweig Kathlower Mühle</cmt>
		<desc>Neuhausen/Spree, Kathlow; B 97 Abzweig Kathlower Mühle</desc>
		<src>LB Forst Brandenburg</src>
	</wpt>
	<wpt lat="51.738693043478079" lon="14.481042316807308">
		<name>2555</name>
		<cmt>Neuhausen/Spree, Kathlow; Kathlower Mühle, ehemalige Oberförsterei</cmt>
		<desc>Neuhausen/Spree, Kathlow; Kathlower Mühle, ehemalige Oberförsterei</desc>
		<src>LB Forst Brandenburg</src>
	</wpt>
	<wpt lat="52.311909059499484" lon="14.417929102307768">
		<name>2648</name>
		<cmt>Frankfurt (Oder), Lichtenberg; Vorwerk,</cmt>
		<desc>Frankfurt (Oder), Lichtenberg; Vorwerk,</desc>
		<src>LB Forst Brandenburg</src>
	</wpt>
	<wpt lat="52.316444541032851" lon="14.554152710286793">
		<name>2817</name>
		<cmt>Frankfurt (Oder); Einfahrt  Buschmühlenweg - Eichwaldweg</cmt>
		<desc>Frankfurt (Oder); Einfahrt  Buschmühlenweg - Eichwaldweg</desc>
		<src>LB Forst Brandenburg</src>
	</wpt>
	<wpt lat="52.307195892445606" lon="14.528943053292391">
		<name>2643</name>
		<cmt>Frankfurt(Oder), Güldendorf; B112, Kreuzung Eisenhüttenstädter Chaussee, Lossower Förstereiweg</cmt>
		<desc>Frankfurt(Oder), Güldendorf; B112, Kreuzung Eisenhüttenstädter Chaussee, Lossower Förstereiweg</desc>
		<src>LB Forst Brandenburg</src>
	</wpt>
	<wpt lat="52.285196182674021" lon="14.55028141684619">
		<name>2642</name>
		<cmt>Frankfurt (Oder), Lossow; L 381, Dorfteich</cmt>
		<desc>Frankfurt (Oder), Lossow; L 381, Dorfteich</desc>
		<src>LB Forst Brandenburg</src>
	</wpt>
	<wpt lat="52.235422819084896" lon="14.532688685826795">
		<name>2634</name>
		<cmt>Groß Lindow; Groß Lindow; L 373, Kirche</cmt>
		<desc>Groß Lindow; Groß Lindow; L 373, Kirche</desc>
		<src>LB Forst Brandenburg</src>
	</wpt>
	<wpt lat="52.246327984271339" lon="14.47668100915833">
		<name>2640</name>
		<cmt>Groß Lindow, Schlaubehammer; L 373, Gaststätte "Zur Waldschänke"</cmt>
		<desc>Groß Lindow, Schlaubehammer; L 373, Gaststätte "Zur Waldschänke"</desc>
		<src>LB Forst Brandenburg</src>
	</wpt>
	<wpt lat="53.029063281528686" lon="11.912413988319349">
		<name>1535</name>
		<cmt>Plattenburg, Uenze; Klinkr Waldkante</cmt>
		<desc>Plattenburg, Uenze; Klinkr Waldkante</desc>
		<src>LB Forst Brandenburg</src>
	</wpt>
	<wpt lat="52.092348981972826" lon="12.334429101040259">
		<name>2346</name>
		<cmt>Wiesenburg, Reetz; B246 Reetz Richtung Reuden, rechts vor altem Bahnübergang</cmt>
		<desc>Wiesenburg, Reetz; B246 Reetz Richtung Reuden, rechts vor altem Bahnübergang</desc>
		<src>LB Forst Brandenburg</src>
	</wpt>
	<wpt lat="52.692305272782242" lon="14.158269070522696">
		<name>1635</name>
		<cmt>Bliesdorf, Bliesdorf; Bildungswerk Bliesdorf in Bliesdorf, Kunersdorfer Weg 1</cmt>
		<desc>Bliesdorf, Bliesdorf; Bildungswerk Bliesdorf in Bliesdorf, Kunersdorfer Weg 1</desc>
		<src>LB Forst Brandenburg</src>
	</wpt>
	<wpt lat="52.053777823231435" lon="12.389646599445395">
		<name>2137</name>
		<cmt>Wiesenburg, Medewitz; L 841, abbiegen bis zum Bahnübergang (Bahn Wiesenburg- Rosslau)</cmt>
		<desc>Wiesenburg, Medewitz; L 841, abbiegen bis zum Bahnübergang (Bahn Wiesenburg- Rosslau)</desc>
		<src>LB Forst Brandenburg</src>
	</wpt>
	<wpt lat="52.526042820960782" lon="12.68935368913897">
		<name>2091</name>
		<cmt>Päwesin, Vogelgesang; OT Bagow,Vogelgesang</cmt>
		<desc>Päwesin, Vogelgesang; OT Bagow,Vogelgesang</desc>
		<src>LB Forst Brandenburg</src>
	</wpt>
	<wpt lat="51.997328441346028" lon="13.409188754509247">
		<name>2355</name>
		<cmt>Baruth/ Mark, Merzdorf; B 115, Ortsausgang Richtung Petkus, Rastplatz Abzweig Buckower Weg</cmt>
		<desc>Baruth/ Mark, Merzdorf; B 115, Ortsausgang Richtung Petkus, Rastplatz Abzweig Buckower Weg</desc>
		<src>LB Forst Brandenburg</src>
	</wpt>
	<wpt lat="52.690681236156067" lon="12.651825249853363">
		<name>1602</name>
		<cmt>Wiesenaue, Brädikow; Feuerwehr, Unter den Linden</cmt>
		<desc>Wiesenaue, Brädikow; Feuerwehr, Unter den Linden</desc>
		<src>LB Forst Brandenburg</src>
	</wpt>
	<wpt lat="51.669390287057674" lon="14.520665849098068">
		<name>2423</name>
		<cmt>Wiesengrund, Trebendorf; L48 zwischen Gablenz u. Bohsdorf Vorwerk,Trafohaus</cmt>
		<desc>Wiesengrund, Trebendorf; L48 zwischen Gablenz u. Bohsdorf Vorwerk,Trafohaus</desc>
		<src>LB Forst Brandenburg</src>
	</wpt>
	<wpt lat="51.843936234407302" lon="13.411940820094321">
		<name>2379</name>
		<cmt>Dahme, Dahme; Landstrasse nach Herzberg, Beginn des Waldgebietes im Bereich der Wegekreuzung am Radweg</cmt>
		<desc>Dahme, Dahme; Landstrasse nach Herzberg, Beginn des Waldgebietes im Bereich der Wegekreuzung am Radweg</desc>
		<src>LB Forst Brandenburg</src>
	</wpt>
	<wpt lat="51.972165121142091" lon="12.788070567940675">
		<name>2226</name>
		<cmt>Niedergörsdorf, Wergzahna; K7213 - Dorfstraße, Ortsmitte - Kreuzung K7213 nach Marzahna</cmt>
		<desc>Niedergörsdorf, Wergzahna; K7213 - Dorfstraße, Ortsmitte - Kreuzung K7213 nach Marzahna</desc>
		<src>LB Forst Brandenburg</src>
	</wpt>
	<wpt lat="51.95631571374912" lon="12.888557602290977">
		<name>2228</name>
		<cmt>Niedergörsdorf, Blönsdorf; L82 - Dorfstraße, Ortslage- Kreuzung L82 vor der Schule - Abzweig zur Bahnunterführung (neue L82)</cmt>
		<desc>Niedergörsdorf, Blönsdorf; L82 - Dorfstraße, Ortslage- Kreuzung L82 vor der Schule - Abzweig zur Bahnunterführung (neue L82)</desc>
		<src>LB Forst Brandenburg</src>
	</wpt>
	<wpt lat="51.951421050047209" lon="12.909266008463565">
		<name>2229</name>
		<cmt>Niedergörsdorf, Seehausen; L82 - Bahnhofstraße, Ortslage - Gaststätte in der Kurve</cmt>
		<desc>Niedergörsdorf, Seehausen; L82 - Bahnhofstraße, Ortslage - Gaststätte in der Kurve</desc>
		<src>LB Forst Brandenburg</src>
	</wpt>
	<wpt lat="51.932509211238688" lon="12.969135321199058">
		<name>2230</name>
		<cmt>Niedergörsdorf, Gölsdorf; K7212 zw. Gölsdorf u. Morxdorf, von Gölsdorf aus 2,2 Km - Abzweig nach Waidmannsruh</cmt>
		<desc>Niedergörsdorf, Gölsdorf; K7212 zw. Gölsdorf u. Morxdorf, von Gölsdorf aus 2,2 Km - Abzweig nach Waidmannsruh</desc>
		<src>LB Forst Brandenburg</src>
	</wpt>
	<wpt lat="52.01294292518137" lon="13.00261119081136">
		<name>2269</name>
		<cmt>Niedergörsdorf, Altes lager; B102 Treuenbrietzener Straße, Kreuzung B102 - Hohlweg (am Friedhof) bzw. Einfahrt zum Speedbowling</cmt>
		<desc>Niedergörsdorf, Altes lager; B102 Treuenbrietzener Straße, Kreuzung B102 - Hohlweg (am Friedhof) bzw. Einfahrt zum Speedbowling</desc>
		<src>LB Forst Brandenburg</src>
	</wpt>
	<wpt lat="52.012344456227353" lon="12.941482968579475">
		<name>2275</name>
		<cmt>Niedergörsdorf, Malterhausen; L812 - Siedlung, Kreuzung "Straße zum Sportplatz"</cmt>
		<desc>Niedergörsdorf, Malterhausen; L812 - Siedlung, Kreuzung "Straße zum Sportplatz"</desc>
		<src>LB Forst Brandenburg</src>
	</wpt>
	<wpt lat="52.655978419235232" lon="12.616890864610212">
		<name>1590</name>
		<cmt>Mühlenberge, Senzke; Kirche Senzke</cmt>
		<desc>Mühlenberge, Senzke; Kirche Senzke</desc>
		<src>LB Forst Brandenburg</src>
	</wpt>
	<wpt lat="51.767970384055261" lon="14.593916995912284">
		<name>2433</name>
		<cmt>Mulknitz; K7110 Mulknitz Kirche;</cmt>
		<desc>Mulknitz; K7110 Mulknitz Kirche;</desc>
		<src>LB Forst Brandenburg</src>
	</wpt>
	<wpt lat="51.674879718264997" lon="14.625142350039154">
		<name>2420</name>
		<cmt>Groß Schacksdorf; Waldsiedlung ehemaliger Fliegerhorst, P 36 Bushaltestelle</cmt>
		<desc>Groß Schacksdorf; Waldsiedlung ehemaliger Fliegerhorst, P 36 Bushaltestelle</desc>
		<src>LB Forst Brandenburg</src>
	</wpt>
	<wpt lat="51.569176899822146" lon="14.331307081490072">
		<name>2534</name>
		<cmt>Spremberg; Parkplatz Rodelberg (Hochkippe Pulsberg);</cmt>
		<desc>Spremberg; Parkplatz Rodelberg (Hochkippe Pulsberg);</desc>
		<src>LB Forst Brandenburg</src>
	</wpt>
	<wpt lat="51.742443771086528" lon="14.3937928345802">
		<name>2446</name>
		<cmt>Cottbus, Branitz; L49 Branitz Wappenhaus</cmt>
		<desc>Cottbus, Branitz; L49 Branitz Wappenhaus</desc>
		<src>LB Forst Brandenburg</src>
	</wpt>
	<wpt lat="52.686514251678403" lon="13.414923323059167">
		<name>1704</name>
		<cmt>Wandlitz, Schönwalde; Einmündung Summter Pflasterdamm in die schlossstrasse</cmt>
		<desc>Wandlitz, Schönwalde; Einmündung Summter Pflasterdamm in die schlossstrasse</desc>
		<src>LB Forst Brandenburg</src>
	</wpt>
	<wpt lat="52.692863465293627" lon="13.443572774571233">
		<name>1705</name>
		<cmt>Wandlitz, Basdorf; Parklplatz an der B 109 zwischen Basdorf und Schönwalde</cmt>
		<desc>Wandlitz, Basdorf; Parklplatz an der B 109 zwischen Basdorf und Schönwalde</desc>
		<src>LB Forst Brandenburg</src>
	</wpt>
	<wpt lat="51.65131249590241" lon="14.360962410705042">
		<name>2459</name>
		<cmt>Neuhausen, Kl. Döbbern; B 97, Schäferberg, Abzweig Spree Camp</cmt>
		<desc>Neuhausen, Kl. Döbbern; B 97, Schäferberg, Abzweig Spree Camp</desc>
		<src>LB Forst Brandenburg</src>
	</wpt>
	<wpt lat="51.969627294811708" lon="12.861937749517219">
		<name>2227</name>
		<cmt>Niedergörsdorf, Kurzlipsdorf; L82 - Dorfstraße, Ortslage - Kreuzung L82 und K7215</cmt>
		<desc>Niedergörsdorf, Kurzlipsdorf; L82 - Dorfstraße, Ortslage - Kreuzung L82 und K7215</desc>
		<src>LB Forst Brandenburg</src>
	</wpt>
	<wpt lat="51.716614024842883" lon="14.458161668116954">
		<name>2445</name>
		<cmt>Neuhausen/Spree, Roggosen; B 97 Abzweig EHLEGO</cmt>
		<desc>Neuhausen/Spree, Roggosen; B 97 Abzweig EHLEGO</desc>
		<src>LB Forst Brandenburg</src>
	</wpt>
	<wpt lat="51.68770078160577" lon="14.504803038725955">
		<name>2424</name>
		<cmt>Neuhausen/Spree, Gablenz; L48, Parkplatz am Hofladen</cmt>
		<desc>Neuhausen/Spree, Gablenz; L48, Parkplatz am Hofladen</desc>
		<src>LB Forst Brandenburg</src>
	</wpt>
	<wpt lat="51.695874575332461" lon="14.567098298718511">
		<name>2435</name>
		<cmt>Wiesengrund, Jethe; Kreisstraße 7109, Einfahrt Eichenweg (Fahrradstraße)</cmt>
		<desc>Wiesengrund, Jethe; Kreisstraße 7109, Einfahrt Eichenweg (Fahrradstraße)</desc>
		<src>LB Forst Brandenburg</src>
	</wpt>
	<wpt lat="53.23868747539791" lon="11.873037961204455">
		<name>1484</name>
		<cmt>Berge, Flur 2, Flstk 150; L10 / Parkplatz Nahkauf</cmt>
		<desc>Berge, Flur 2, Flstk 150; L10 / Parkplatz Nahkauf</desc>
		<src>LB Forst Brandenburg</src>
	</wpt>
	<wpt lat="53.204163036621594" lon="11.929761910492145">
		<name>1479</name>
		<cmt>Schönholz, Gem.Gülitz, Fl. 5, Flstk. 19/1; L 13, Othilienweg - Schönholz</cmt>
		<desc>Schönholz, Gem.Gülitz, Fl. 5, Flstk. 19/1; L 13, Othilienweg - Schönholz</desc>
		<src>LB Forst Brandenburg</src>
	</wpt>
	<wpt lat="53.181679371022668" lon="11.877141677046858">
		<name>1473</name>
		<cmt>Reetz, Flur 3, Flstk. 305; Gaststätte Muhs / an der L13</cmt>
		<desc>Reetz, Flur 3, Flstk. 305; Gaststätte Muhs / an der L13</desc>
		<src>LB Forst Brandenburg</src>
	</wpt>
	<wpt lat="53.149197100098505" lon="11.883351136063975">
		<name>1478</name>
		<cmt>Gulow, Flur 4, Flstk. 30/1; L 13 Abzweig Stallanlage - Waage</cmt>
		<desc>Gulow, Flur 4, Flstk. 30/1; L 13 Abzweig Stallanlage - Waage</desc>
		<src>LB Forst Brandenburg</src>
	</wpt>
	<wpt lat="53.163049728936784" lon="11.959364639242118">
		<name>1618</name>
		<cmt>Hohenvier, Flur 1, Flstk. 21/1; Kreuzung L103/Dorfstraße/Friedhof</cmt>
		<desc>Hohenvier, Flur 1, Flstk. 21/1; Kreuzung L103/Dorfstraße/Friedhof</desc>
		<src>LB Forst Brandenburg</src>
	</wpt>
	<wpt lat="53.105475133308111" lon="11.955365125717885">
		<name>1550</name>
		<cmt>Rohlsdorf, Flur 1, Flstk. 19; B 189, Abzweig ins Dorf/Festplatz</cmt>
		<desc>Rohlsdorf, Flur 1, Flstk. 19; B 189, Abzweig ins Dorf/Festplatz</desc>
		<src>LB Forst Brandenburg</src>
	</wpt>
	<wpt lat="53.11753706439962" lon="11.811674377171924">
		<name>1483</name>
		<cmt>Perleberg, Schönfeld, Fl. 1, Flstk. 4; B5 gegenüber Abzweig Schönfeld</cmt>
		<desc>Perleberg, Schönfeld, Fl. 1, Flstk. 4; B5 gegenüber Abzweig Schönfeld</desc>
		<src>LB Forst Brandenburg</src>
	</wpt>
	<wpt lat="51.944791463196367" lon="14.516239614991065">
		<name>2560</name>
		<cmt>Strusewiese nähe Kleinsee; Zwischen Tauer und Bärenklau; L 50, Bushaltestelle Kleinseeabzweig, Strusewiese Nähe Waldschule Kleinsee</cmt>
		<desc>Strusewiese nähe Kleinsee; Zwischen Tauer und Bärenklau; L 50, Bushaltestelle Kleinseeabzweig, Strusewiese Nähe Waldschule Kleinsee</desc>
		<src>LB Forst Brandenburg</src>
	</wpt>
	<wpt lat="51.896122458948618" lon="14.452777890615028">
		<name>2520</name>
		<cmt>Tauer; L 50 Hauptstraße, Feuerwehr Ortsmitte</cmt>
		<desc>Tauer; L 50 Hauptstraße, Feuerwehr Ortsmitte</desc>
		<src>LB Forst Brandenburg</src>
	</wpt>
	<wpt lat="52.325510404123868" lon="13.532158506656643">
		<name>1210</name>
		<cmt>Schönefeld, Kiekebusch; Str.von Kiekebusch nach Karlshof, nach ca 2,0 km auf der Plattenstraße Richtung A10 an der Waldkante</cmt>
		<desc>Schönefeld, Kiekebusch; Str.von Kiekebusch nach Karlshof, nach ca 2,0 km auf der Plattenstraße Richtung A10 an der Waldkante</desc>
		<src>LB Forst Brandenburg</src>
	</wpt>
	<wpt lat="52.020986384089689" lon="12.533763960552831">
		<name>2142</name>
		<cmt>Wiesenburg, Klepzig; L 831, Bushaltestelle</cmt>
		<desc>Wiesenburg, Klepzig; L 831, Bushaltestelle</desc>
		<src>LB Forst Brandenburg</src>
	</wpt>
	<wpt lat="52.020674391965365" lon="12.556002481000188">
		<name>2303</name>
		<cmt>Wiesenburg, Klepzig; L 831, Abzweig Zehrensdorf</cmt>
		<desc>Wiesenburg, Klepzig; L 831, Abzweig Zehrensdorf</desc>
		<src>LB Forst Brandenburg</src>
	</wpt>
	<wpt lat="52.041524096225928" lon="12.575853526207178">
		<name>2143</name>
		<cmt>Rabenstein, Raben; Brennereiweg, Parkplatz</cmt>
		<desc>Rabenstein, Raben; Brennereiweg, Parkplatz</desc>
		<src>LB Forst Brandenburg</src>
	</wpt>
	<wpt lat="52.033809315096889" lon="12.582268308703153">
		<name>2304</name>
		<cmt>Rabenstein, Raben; Parkplatz Burg Rabenstein</cmt>
		<desc>Rabenstein, Raben; Parkplatz Burg Rabenstein</desc>
		<src>LB Forst Brandenburg</src>
	</wpt>
	<wpt lat="52.064218780072245" lon="12.57377382145698">
		<name>2307</name>
		<cmt>Rabenstein, Rädigke; L 84 Rabener Knie, Straße von Grubo nach Raben</cmt>
		<desc>Rabenstein, Rädigke; L 84 Rabener Knie, Straße von Grubo nach Raben</desc>
		<src>LB Forst Brandenburg</src>
	</wpt>
	<wpt lat="52.052879276565044" lon="12.620064488381905">
		<name>2117</name>
		<cmt>Rabenstein, Rädigke; Dorfanger (Muffelgehege)</cmt>
		<desc>Rabenstein, Rädigke; Dorfanger (Muffelgehege)</desc>
		<src>LB Forst Brandenburg</src>
	</wpt>
	<wpt lat="52.832800199143641" lon="12.449970762422765">
		<name>1490</name>
		<cmt>Neustadt (Dosse), Neustadt; L 141 Richtung Dreetz, Abzw. Jadenshofer Weg</cmt>
		<desc>Neustadt (Dosse), Neustadt; L 141 Richtung Dreetz, Abzw. Jadenshofer Weg</desc>
		<src>LB Forst Brandenburg</src>
	</wpt>
	<wpt lat="52.797962088969633" lon="12.527908701565655">
		<name>1422</name>
		<cmt>Dreetz, Dreetz; L 141, BÜ Segeletzer Bahnhof, Denkmal</cmt>
		<desc>Dreetz, Dreetz; L 141, BÜ Segeletzer Bahnhof, Denkmal</desc>
		<src>LB Forst Brandenburg</src>
	</wpt>
	<wpt lat="51.463972802914611" lon="13.778060227518408">
		<name>1811</name>
		<cmt>Lauchhammer - Süd; B 169 Lauchhammer- Schwarzheide, Abzw. rechts Bärhaus</cmt>
		<desc>Lauchhammer - Süd; B 169 Lauchhammer- Schwarzheide, Abzw. rechts Bärhaus</desc>
		<src>LB Forst Brandenburg</src>
	</wpt>
	<wpt lat="52.334445148654773" lon="13.688450555567595">
		<name>2804</name>
		<cmt>Königs Wusterhausen, Wernsdorf; Kleiner Stern - Krummeluchstrasse Kreuzung Lichtleitung</cmt>
		<desc>Königs Wusterhausen, Wernsdorf; Kleiner Stern - Krummeluchstrasse Kreuzung Lichtleitung</desc>
		<src>LB Forst Brandenburg</src>
	</wpt>
	<wpt lat="52.139327065428056" lon="14.493351307129753">
		<name>2585</name>
		<cmt>Schlaubetal, Bremsdorf; B 246, Gaststätte, Kreuzung</cmt>
		<desc>Schlaubetal, Bremsdorf; B 246, Gaststätte, Kreuzung</desc>
		<src>LB Forst Brandenburg</src>
	</wpt>
	<wpt lat="52.136323944099054" lon="14.462820226690933">
		<name>2591</name>
		<cmt>Schlaubetal, Bremsdorf; B246, Parkplatz Bremsdorfer Mühle</cmt>
		<desc>Schlaubetal, Bremsdorf; B246, Parkplatz Bremsdorfer Mühle</desc>
		<src>LB Forst Brandenburg</src>
	</wpt>
	<wpt lat="52.142537539646618" lon="14.416261867716599">
		<name>2610</name>
		<cmt>Grunow-Dammendorf, Dammendorf; Dammendorf; B 246, Bushaltestelle</cmt>
		<desc>Grunow-Dammendorf, Dammendorf; Dammendorf; B 246, Bushaltestelle</desc>
		<src>LB Forst Brandenburg</src>
	</wpt>
	<wpt lat="52.15730081686408" lon="14.394370229136861">
		<name>2609</name>
		<cmt>Grunow-Dammendorf, Grunow; B 246, Kirche</cmt>
		<desc>Grunow-Dammendorf, Grunow; B 246, Kirche</desc>
		<src>LB Forst Brandenburg</src>
	</wpt>
	<wpt lat="52.08759432633498" lon="12.750330130321474">
		<name>2110</name>
		<cmt>Haseloff; B 102 Ortsausgang Haseloff nach Niemegk</cmt>
		<desc>Haseloff; B 102 Ortsausgang Haseloff nach Niemegk</desc>
		<src>LB Forst Brandenburg</src>
	</wpt>
	<wpt lat="53.059411526050724" lon="12.326000665956306">
		<name>1547</name>
		<cmt>Heiligengrabe, Dahlhausen; L 15, Einfahrt Waldhof</cmt>
		<desc>Heiligengrabe, Dahlhausen; L 15, Einfahrt Waldhof</desc>
		<src>LB Forst Brandenburg</src>
	</wpt>
	<wpt lat="53.077034936347772" lon="12.339183630483358">
		<name>1553</name>
		<cmt>Heiligengrabe, Blumenthal; Blumenthal Kreuzung Straße der Einheit/ Straße der Solidarität</cmt>
		<desc>Heiligengrabe, Blumenthal; Blumenthal Kreuzung Straße der Einheit/ Straße der Solidarität</desc>
		<src>LB Forst Brandenburg</src>
	</wpt>
	<wpt lat="53.044154051816882" lon="12.371269035332645">
		<name>1554</name>
		<cmt>Heilgengrabe, Rosenwinkel; Rosenwinkel Kreuzung</cmt>
		<desc>Heilgengrabe, Rosenwinkel; Rosenwinkel Kreuzung</desc>
		<src>LB Forst Brandenburg</src>
	</wpt>
	<wpt lat="53.061628988521356" lon="12.434864448711439">
		<name>1414</name>
		<cmt>Heiligengrabe, Königsberg; Ortsmitte, Feuerwehr</cmt>
		<desc>Heiligengrabe, Königsberg; Ortsmitte, Feuerwehr</desc>
		<src>LB Forst Brandenburg</src>
	</wpt>
	<wpt lat="52.810930974853129" lon="12.260256346644379">
		<name>2757</name>
		<cmt>Breddin, Joachimshof; Straße nach Damerow, Schöpfwerk Dammgraben</cmt>
		<desc>Breddin, Joachimshof; Straße nach Damerow, Schöpfwerk Dammgraben</desc>
		<src>LB Forst Brandenburg</src>
	</wpt>
	<wpt lat="53.091642363062192" lon="13.712031280636728">
		<name>1346</name>
		<cmt>Gerswalde, Temmener Kreuz; Einfahrt L 23 nach Arnimswalde am Temmener Kreuz</cmt>
		<desc>Gerswalde, Temmener Kreuz; Einfahrt L 23 nach Arnimswalde am Temmener Kreuz</desc>
		<src>LB Forst Brandenburg</src>
	</wpt>
	<wpt lat="51.854858420518234" lon="13.490384120232331">
		<name>2375</name>
		<cmt>Dahme, Sieb; B102, Richtung Dahme Bushaltestelle</cmt>
		<desc>Dahme, Sieb; B102, Richtung Dahme Bushaltestelle</desc>
		<src>LB Forst Brandenburg</src>
	</wpt>
	<wpt lat="53.130252079347741" lon="12.344680717894253">
		<name>1574</name>
		<cmt>Heiligengrabe, Heiligengrabe; Zur Roten Brücke (Walderlebnisspfad), Wanderparkplatz hinter Putenfarm</cmt>
		<desc>Heiligengrabe, Heiligengrabe; Zur Roten Brücke (Walderlebnisspfad), Wanderparkplatz hinter Putenfarm</desc>
		<src>LB Forst Brandenburg</src>
	</wpt>
	<wpt lat="53.150156374616785" lon="12.343114576333134">
		<name>1576</name>
		<cmt>Heiligengrabe, Heiligengrabe; Bahnhof, Heiligengrabe, K6824 Ecke Wilmersdorfer Weg</cmt>
		<desc>Heiligengrabe, Heiligengrabe; Bahnhof, Heiligengrabe, K6824 Ecke Wilmersdorfer Weg</desc>
		<src>LB Forst Brandenburg</src>
	</wpt>
	<wpt lat="52.85409959209823" lon="12.312097431559121">
		<name>1494</name>
		<cmt>Zernitz-Lohm, Lohm; Lohmer Dorfstr. 72 , Revierförsterei</cmt>
		<desc>Zernitz-Lohm, Lohm; Lohmer Dorfstr. 72 , Revierförsterei</desc>
		<src>LB Forst Brandenburg</src>
	</wpt>
	<wpt lat="52.786259152146819" lon="12.47927616516909">
		<name>1489</name>
		<cmt>Dreetz, Dreetz; Bartschendorfer Straße 13, Parkplatz Arboretum / Revierförsterei</cmt>
		<desc>Dreetz, Dreetz; Bartschendorfer Straße 13, Parkplatz Arboretum / Revierförsterei</desc>
		<src>LB Forst Brandenburg</src>
	</wpt>
	<wpt lat="52.799083649362515" lon="12.497160981925694">
		<name>1491</name>
		<cmt>Dreetz, Dreetz; L 141, Waldparkplatz Schäferberg</cmt>
		<desc>Dreetz, Dreetz; L 141, Waldparkplatz Schäferberg</desc>
		<src>LB Forst Brandenburg</src>
	</wpt>
	<wpt lat="52.793259196347556" lon="12.513710896743202">
		<name>1488</name>
		<cmt>Dreetz, Dreetz; L 141, Abzweig Michaelisbruch km 2,6</cmt>
		<desc>Dreetz, Dreetz; L 141, Abzweig Michaelisbruch km 2,6</desc>
		<src>LB Forst Brandenburg</src>
	</wpt>
	<wpt lat="52.847288530302585" lon="12.413586016133266">
		<name>1493</name>
		<cmt>Neustadt (Dosse); Parkplatz am Pferdegrab/Gestütswald Neustadt</cmt>
		<desc>Neustadt (Dosse); Parkplatz am Pferdegrab/Gestütswald Neustadt</desc>
		<src>LB Forst Brandenburg</src>
	</wpt>
	<wpt lat="52.875034051563468" lon="12.331867395064309">
		<name>2753</name>
		<cmt>Zernitz-Lohm, Krüllenkempe; L 14 Bushaltestelle Krüllenkempe, Waldeingang</cmt>
		<desc>Zernitz-Lohm, Krüllenkempe; L 14 Bushaltestelle Krüllenkempe, Waldeingang</desc>
		<src>LB Forst Brandenburg</src>
	</wpt>
	<wpt lat="52.894523265523148" lon="12.343376607129033">
		<name>1495</name>
		<cmt>Zernitz-Lohm, Zernitz - Bahnhof; Straße nach Schönermark, Waldeingang</cmt>
		<desc>Zernitz-Lohm, Zernitz - Bahnhof; Straße nach Schönermark, Waldeingang</desc>
		<src>LB Forst Brandenburg</src>
	</wpt>
	<wpt lat="52.809540761399404" lon="12.311403671609005">
		<name>2749</name>
		<cmt>Neustadt (Dosse), Babe; Kastanienallee 1 / Hauptstraße, Bushaltestelle</cmt>
		<desc>Neustadt (Dosse), Babe; Kastanienallee 1 / Hauptstraße, Bushaltestelle</desc>
		<src>LB Forst Brandenburg</src>
	</wpt>
	<wpt lat="52.992678510363049" lon="13.524620440652837">
		<name>1273</name>
		<cmt>Templin, Groß Dölln; Kleine Dellenstraße 35, Nähe Kirche</cmt>
		<desc>Templin, Groß Dölln; Kleine Dellenstraße 35, Nähe Kirche</desc>
		<src>LB Forst Brandenburg</src>
	</wpt>
	<wpt lat="53.006661364963179" lon="13.550628537616536">
		<name>1274</name>
		<cmt>Templin, Groß Dölln; Groß Väter 2; Gaststätte</cmt>
		<desc>Templin, Groß Dölln; Groß Väter 2; Gaststätte</desc>
		<src>LB Forst Brandenburg</src>
	</wpt>
	<wpt lat="53.022143624882979" lon="13.602955082951556">
		<name>1275</name>
		<cmt>Templin, Groß Dölln; L100, Abfahrt Bebersee-Waldparkplatz</cmt>
		<desc>Templin, Groß Dölln; L100, Abfahrt Bebersee-Waldparkplatz</desc>
		<src>LB Forst Brandenburg</src>
	</wpt>
	<wpt lat="52.817949859026889" lon="12.312957771330311">
		<name>2750</name>
		<cmt>Neustadt (Dosse), Roddahn; L 14 Roddahn-Babe,km 2,6, Waldparkplatz</cmt>
		<desc>Neustadt (Dosse), Roddahn; L 14 Roddahn-Babe,km 2,6, Waldparkplatz</desc>
		<src>LB Forst Brandenburg</src>
	</wpt>
	<wpt lat="53.050056934298212" lon="13.60531074184575">
		<name>1276</name>
		<cmt>Templin, Gollin; Golliner Dorfstraße 18</cmt>
		<desc>Templin, Gollin; Golliner Dorfstraße 18</desc>
		<src>LB Forst Brandenburg</src>
	</wpt>
	<wpt lat="53.049162279271954" lon="13.644301390332346">
		<name>1277</name>
		<cmt>Templin, Gollin; Reiersdorf 3; LW-Oberförsterei</cmt>
		<desc>Templin, Gollin; Reiersdorf 3; LW-Oberförsterei</desc>
		<src>LB Forst Brandenburg</src>
	</wpt>
	<wpt lat="53.045094814980374" lon="13.533800547692852">
		<name>1351</name>
		<cmt>Templin, Vietmannsdorf; Vietmannsdorf; Uhlenhof 11; Wasserwerk</cmt>
		<desc>Templin, Vietmannsdorf; Vietmannsdorf; Uhlenhof 11; Wasserwerk</desc>
		<src>LB Forst Brandenburg</src>
	</wpt>
	<wpt lat="53.054303009465123" lon="13.571924461591873">
		<name>1353</name>
		<cmt>Templin, Vietmannsdorf; Gut Gollin; an der L 216</cmt>
		<desc>Templin, Vietmannsdorf; Gut Gollin; an der L 216</desc>
		<src>LB Forst Brandenburg</src>
	</wpt>
	<wpt lat="53.012915020625805" lon="13.651755489758953">
		<name>1358</name>
		<cmt>Templin, Gollin; Wucker 3, Torwärterhäuser</cmt>
		<desc>Templin, Gollin; Wucker 3, Torwärterhäuser</desc>
		<src>LB Forst Brandenburg</src>
	</wpt>
	<wpt lat="53.046993040535696" lon="13.440788353492625">
		<name>1359</name>
		<cmt>Templin, Storkow; Storkower Dorfstraße 43; Feuerwehr</cmt>
		<desc>Templin, Storkow; Storkower Dorfstraße 43; Feuerwehr</desc>
		<src>LB Forst Brandenburg</src>
	</wpt>
	<wpt lat="53.024484778360836" lon="13.479896083007155">
		<name>1361</name>
		<cmt>Templin, Grunewald; Grunewald; Grunewalder Dorfstraße 54</cmt>
		<desc>Templin, Grunewald; Grunewald; Grunewalder Dorfstraße 54</desc>
		<src>LB Forst Brandenburg</src>
	</wpt>
	<wpt lat="53.074520421935325" lon="13.43798243959051">
		<name>1354</name>
		<cmt>Templin, Hammelspring; Hammelspring; Vogelsang Str., B109, Autohaus Franzke</cmt>
		<desc>Templin, Hammelspring; Hammelspring; Vogelsang Str., B109, Autohaus Franzke</desc>
		<src>LB Forst Brandenburg</src>
	</wpt>
	<wpt lat="53.090386111495377" lon="13.50584269265269">
		<name>1355</name>
		<cmt>Templin; Vietmansdorfer Str., Waldkante links vor Abzweig Heinrichshof</cmt>
		<desc>Templin; Vietmansdorfer Str., Waldkante links vor Abzweig Heinrichshof</desc>
		<src>LB Forst Brandenburg</src>
	</wpt>
	<wpt lat="53.104027957502382" lon="13.526434877724251">
		<name>1356</name>
		<cmt>Templin; Dargersdorfer Str., Abzweig Forstbaumschule, zur Buchheide</cmt>
		<desc>Templin; Dargersdorfer Str., Abzweig Forstbaumschule, zur Buchheide</desc>
		<src>LB Forst Brandenburg</src>
	</wpt>
	<wpt lat="53.124037965646416" lon="13.525967110437531">
		<name>1357</name>
		<cmt>Templin; Prenzlauer Allee, IfL</cmt>
		<desc>Templin; Prenzlauer Allee, IfL</desc>
		<src>LB Forst Brandenburg</src>
	</wpt>
	<wpt lat="53.106528074710312" lon="13.447504836880123">
		<name>1372</name>
		<cmt>Templin, Röddelin; Abzweig Schulzenfelde</cmt>
		<desc>Templin, Röddelin; Abzweig Schulzenfelde</desc>
		<src>LB Forst Brandenburg</src>
	</wpt>
	<wpt lat="51.82516893677365" lon="13.392715894371198">
		<name>2380</name>
		<cmt>Ihlow, Bollensdorf; Ortsverbindungsstraße Bollensdorf-Körba, Friedhof</cmt>
		<desc>Ihlow, Bollensdorf; Ortsverbindungsstraße Bollensdorf-Körba, Friedhof</desc>
		<src>LB Forst Brandenburg</src>
	</wpt>
	<wpt lat="53.10330342980815" lon="12.5966212758171">
		<name>2829</name>
		<cmt>Wittstock, Gadow; Glashütte</cmt>
		<desc>Wittstock, Gadow; Glashütte</desc>
		<src>LB Forst Brandenburg</src>
	</wpt>
	<wpt lat="51.86318182424089" lon="13.462016303222144">
		<name>2374</name>
		<cmt>Dahme, Rosenthal; Hauptstraße, Ecke Gaststätte / Kindergarten</cmt>
		<desc>Dahme, Rosenthal; Hauptstraße, Ecke Gaststätte / Kindergarten</desc>
		<src>LB Forst Brandenburg</src>
	</wpt>
	<wpt lat="52.606397983081763" lon="14.034158050304473">
		<name>2703</name>
		<cmt>Oberbarnim, Grunow; Buswendeschleife Grunow</cmt>
		<desc>Oberbarnim, Grunow; Buswendeschleife Grunow</desc>
		<src>LB Forst Brandenburg</src>
	</wpt>
	<wpt lat="52.588604116555906" lon="14.103496040020248">
		<name>2736</name>
		<cmt>Oberbarnim, Pritzhagen; Bushaltestelle im Ort Pritzhagen</cmt>
		<desc>Oberbarnim, Pritzhagen; Bushaltestelle im Ort Pritzhagen</desc>
		<src>LB Forst Brandenburg</src>
	</wpt>
	<wpt lat="52.941619958878896" lon="12.667690954651865">
		<name>1905</name>
		<cmt>Walsleben; 1905, Schule Walsleben</cmt>
		<desc>Walsleben; 1905, Schule Walsleben</desc>
		<src>LB Forst Brandenburg</src>
	</wpt>
	<wpt lat="52.56648449714465" lon="14.080458279555607">
		<name>2789</name>
		<cmt>Buckow; Sportplatz Buckow</cmt>
		<desc>Buckow; Sportplatz Buckow</desc>
		<src>LB Forst Brandenburg</src>
	</wpt>
	<wpt lat="53.038035874753113" lon="12.802900204733705">
		<name>1918</name>
		<cmt>Neuruppin, Gühlen Glienicke; Boltenmühle-Zufahrtsstraße, Gaststätte Boltenmühle</cmt>
		<desc>Neuruppin, Gühlen Glienicke; Boltenmühle-Zufahrtsstraße, Gaststätte Boltenmühle</desc>
		<src>LB Forst Brandenburg</src>
	</wpt>
	<wpt lat="52.737541293910851" lon="13.83798158494649">
		<name>1641</name>
		<cmt>Heckelberg-Brunow, Heckelberg; Bushaltestelle gegenüber der Str. der Freundschaft 3</cmt>
		<desc>Heckelberg-Brunow, Heckelberg; Bushaltestelle gegenüber der Str. der Freundschaft 3</desc>
		<src>LB Forst Brandenburg</src>
	</wpt>
	<wpt lat="52.157566742744848" lon="12.926462253343901">
		<name>2115</name>
		<cmt>Beelitz, Buchholz; B2,Kirche</cmt>
		<desc>Beelitz, Buchholz; B2,Kirche</desc>
		<src>LB Forst Brandenburg</src>
	</wpt>
	<wpt lat="53.137240899874897" lon="12.301480719729399">
		<name>1563</name>
		<cmt>Heiligengrabe, Wilmersdorf; Kreuzung B 189 Wilmersdorf Wilmersorfer Damm</cmt>
		<desc>Heiligengrabe, Wilmersdorf; Kreuzung B 189 Wilmersdorf Wilmersorfer Damm</desc>
		<src>LB Forst Brandenburg</src>
	</wpt>
	<wpt lat="53.117034476174439" lon="12.375540790766912">
		<name>1552</name>
		<cmt>Heiligengrabe, Blandikow; L 145 Blandikow Kreisverkehr</cmt>
		<desc>Heiligengrabe, Blandikow; L 145 Blandikow Kreisverkehr</desc>
		<src>LB Forst Brandenburg</src>
	</wpt>
	<wpt lat="53.195652138899057" lon="12.737005873142378">
		<name>1322</name>
		<cmt>Rheinsberg, Flecken Zechlin; K 6827 Ortsverbindungsstraße Flecken-Zechlin - Zempow, 700 m hinter Doppelkurve, Waldeinfahrt links</cmt>
		<desc>Rheinsberg, Flecken Zechlin; K 6827 Ortsverbindungsstraße Flecken-Zechlin - Zempow, 700 m hinter Doppelkurve, Waldeinfahrt links</desc>
		<src>LB Forst Brandenburg</src>
	</wpt>
	<wpt lat="51.860375472667535" lon="13.381374366315008">
		<name>2396</name>
		<cmt>Ihlow, Niendorf; Niendorf Nr.22, Gaststätte</cmt>
		<desc>Ihlow, Niendorf; Niendorf Nr.22, Gaststätte</desc>
		<src>LB Forst Brandenburg</src>
	</wpt>
	<wpt lat="53.18578163564667" lon="12.763520617571245">
		<name>1323</name>
		<cmt>Rheinsberg, Flecken Zechlin; K 6827 Ortsverbindungsstraße Flecken-Zechlin - Zempow, rechts vor 1. Linkskurve</cmt>
		<desc>Rheinsberg, Flecken Zechlin; K 6827 Ortsverbindungsstraße Flecken-Zechlin - Zempow, rechts vor 1. Linkskurve</desc>
		<src>LB Forst Brandenburg</src>
	</wpt>
	<wpt lat="53.164773277180473" lon="12.764448207577484">
		<name>1324</name>
		<cmt>Rheinsberg, Flecken Zechlin; Dranser Damm, an der Festwiese</cmt>
		<desc>Rheinsberg, Flecken Zechlin; Dranser Damm, an der Festwiese</desc>
		<src>LB Forst Brandenburg</src>
	</wpt>
	<wpt lat="53.183233121889657" lon="12.809798301301212">
		<name>1325</name>
		<cmt>Rheinsberg, Luhme; Grüne Hütte, K 6814 Orstverbindungsstraße Luhme - Flecken-Zechlin, Parkplatz Grünhütte</cmt>
		<desc>Rheinsberg, Luhme; Grüne Hütte, K 6814 Orstverbindungsstraße Luhme - Flecken-Zechlin, Parkplatz Grünhütte</desc>
		<src>LB Forst Brandenburg</src>
	</wpt>
	<wpt lat="53.173576963919444" lon="12.857771056068724">
		<name>1326</name>
		<cmt>Rheinsberg, Zechlinerhütte; K 6814 Straße Zechlinerhütte - Luhme, Neumühl, Abzweig Ortsverbindungsweg nach Repente</cmt>
		<desc>Rheinsberg, Zechlinerhütte; K 6814 Straße Zechlinerhütte - Luhme, Neumühl, Abzweig Ortsverbindungsweg nach Repente</desc>
		<src>LB Forst Brandenburg</src>
	</wpt>
	<wpt lat="53.155161918991801" lon="12.865484225966107">
		<name>1330</name>
		<cmt>Rheinsberg, Zechlinerhütte; Ortsausgang/ Orstverbindungsweg Zechlinerhütte Richtung Kagar, Abzweig Reiherholz</cmt>
		<desc>Rheinsberg, Zechlinerhütte; Ortsausgang/ Orstverbindungsweg Zechlinerhütte Richtung Kagar, Abzweig Reiherholz</desc>
		<src>LB Forst Brandenburg</src>
	</wpt>
	<wpt lat="53.143779045908488" lon="12.938242128600054">
		<name>1320</name>
		<cmt>Rheinsberg, Beerenbusch; Beerenbusch 3 Revierförsterei Beerenbusch</cmt>
		<desc>Rheinsberg, Beerenbusch; Beerenbusch 3 Revierförsterei Beerenbusch</desc>
		<src>LB Forst Brandenburg</src>
	</wpt>
	<wpt lat="53.1575760095375" lon="12.879351077788382">
		<name>1329</name>
		<cmt>Rheinsberg, Zechlinerhütte; Waldstraße 1, Ortsausgang in Richtung Wesenberg, alte Oberförsterei rechts</cmt>
		<desc>Rheinsberg, Zechlinerhütte; Waldstraße 1, Ortsausgang in Richtung Wesenberg, alte Oberförsterei rechts</desc>
		<src>LB Forst Brandenburg</src>
	</wpt>
	<wpt lat="53.146191989057691" lon="12.883691664082498">
		<name>1383</name>
		<cmt>Rheinsberg, Zechlinerhütte; Südlich Ortslage Zechlinerhütte an B122, Einfahrt zum Haus am Bikowsee</cmt>
		<desc>Rheinsberg, Zechlinerhütte; Südlich Ortslage Zechlinerhütte an B122, Einfahrt zum Haus am Bikowsee</desc>
		<src>LB Forst Brandenburg</src>
	</wpt>
	<wpt lat="53.111641780300225" lon="12.898292957261313">
		<name>1352</name>
		<cmt>Rheinsberg, Rheinsberg; Ortsausgang Rheinsberg Richtung Zechlinerhütte, Abzweig nach Wittwien</cmt>
		<desc>Rheinsberg, Rheinsberg; Ortsausgang Rheinsberg Richtung Zechlinerhütte, Abzweig nach Wittwien</desc>
		<src>LB Forst Brandenburg</src>
	</wpt>
	<wpt lat="53.066480850900867" lon="12.930769555455965">
		<name>1337</name>
		<cmt>Rheinsberg, Rheinsberg; B 122 Abzweig nach Zechow, am Bahnübergang</cmt>
		<desc>Rheinsberg, Rheinsberg; B 122 Abzweig nach Zechow, am Bahnübergang</desc>
		<src>LB Forst Brandenburg</src>
	</wpt>
	<wpt lat="52.729681801684826" lon="13.792903344483831">
		<name>1640</name>
		<cmt>Heckelberg-Brunow,Beerbaum; Bushaltestelle</cmt>
		<desc>Heckelberg-Brunow,Beerbaum; Bushaltestelle</desc>
		<src>LB Forst Brandenburg</src>
	</wpt>
	<wpt lat="52.72971755296502" lon="13.871579291350882">
		<name>1642</name>
		<cmt>Heckelberg-Brunow, Brunow; Bushaltestelle</cmt>
		<desc>Heckelberg-Brunow, Brunow; Bushaltestelle</desc>
		<src>LB Forst Brandenburg</src>
	</wpt>
	<wpt lat="52.432349121887526" lon="14.394762146427189">
		<name>2810</name>
		<cmt>Zeschdorf, Alt Zeschdorf; Alt-Zeschdorf Döberiner Weg</cmt>
		<desc>Zeschdorf, Alt Zeschdorf; Alt-Zeschdorf Döberiner Weg</desc>
		<src>LB Forst Brandenburg</src>
	</wpt>
	<wpt lat="52.770348454096677" lon="13.925522762437955">
		<name>1643</name>
		<cmt>Falkenberg-Mark, Krummenpfahl; Krummenpfahl Bushaltestelle</cmt>
		<desc>Falkenberg-Mark, Krummenpfahl; Krummenpfahl Bushaltestelle</desc>
		<src>LB Forst Brandenburg</src>
	</wpt>
	<wpt lat="52.765905509376815" lon="13.993493341348895">
		<name>1621</name>
		<cmt>Bad Freienwalde; ehm. Försterei Bodenseichen an der B 158</cmt>
		<desc>Bad Freienwalde; ehm. Försterei Bodenseichen an der B 158</desc>
		<src>LB Forst Brandenburg</src>
	</wpt>
	<wpt lat="52.79689753437561" lon="13.957193369292947">
		<name>1486</name>
		<cmt>Falkenberg-Mark; Burgstrasse, Sportplatz</cmt>
		<desc>Falkenberg-Mark; Burgstrasse, Sportplatz</desc>
		<src>LB Forst Brandenburg</src>
	</wpt>
	<wpt lat="52.779316483498853" lon="13.89376225708914">
		<name>2800</name>
		<cmt>Falkenberg-Mark, Neugersdorf; L 29, Neugersdorf, Ortseinfahrt</cmt>
		<desc>Falkenberg-Mark, Neugersdorf; L 29, Neugersdorf, Ortseinfahrt</desc>
		<src>LB Forst Brandenburg</src>
	</wpt>
	<wpt lat="52.588328176197038" lon="13.099473518215715">
		<name>2005</name>
		<cmt>Falkensee; L20 Schönwalder Straße, Havelländer Weg, Ecke Birkenholz</cmt>
		<desc>Falkensee; L20 Schönwalder Straße, Havelländer Weg, Ecke Birkenholz</desc>
		<src>LB Forst Brandenburg</src>
	</wpt>
	<wpt lat="51.85735379983096" lon="14.03920374494805">
		<name>2367</name>
		<cmt>Leipe; Schleuse/Wehr 47 , in Leipe bis Straßenende</cmt>
		<desc>Leipe; Schleuse/Wehr 47 , in Leipe bis Straßenende</desc>
		<src>LB Forst Brandenburg</src>
	</wpt>
	<wpt lat="51.849062322894454" lon="13.999280757006693">
		<name>2372</name>
		<cmt>Boblitz; am Schöpfwerk Boblitz, Südumfluter</cmt>
		<desc>Boblitz; am Schöpfwerk Boblitz, Südumfluter</desc>
		<src>LB Forst Brandenburg</src>
	</wpt>
	<wpt lat="51.752102211780077" lon="14.094617611345457">
		<name>2464</name>
		<cmt>Tornitz; Schweinemastanlage</cmt>
		<desc>Tornitz; Schweinemastanlage</desc>
		<src>LB Forst Brandenburg</src>
	</wpt>
	<wpt lat="53.158052931620546" lon="12.705481205651589">
		<name>1430</name>
		<cmt>Rheinsberg, Neulutterow; L15 Einfahrt Privatstraße Bund, Kyritz-Ruppiner-Heide</cmt>
		<desc>Rheinsberg, Neulutterow; L15 Einfahrt Privatstraße Bund, Kyritz-Ruppiner-Heide</desc>
		<src>LB Forst Brandenburg</src>
	</wpt>
	<wpt lat="53.09944650606495" lon="12.908338320858704">
		<name>1349</name>
		<cmt>Rheinsberg, Rheinsberg; Feuerwehr, Menzer Straße, Ortsaugang Richtung Menz</cmt>
		<desc>Rheinsberg, Rheinsberg; Feuerwehr, Menzer Straße, Ortsaugang Richtung Menz</desc>
		<src>LB Forst Brandenburg</src>
	</wpt>
	<wpt lat="53.116147615134871" lon="12.804066390869894">
		<name>1334</name>
		<cmt>Rheinsberg, Möckern; L15 in Richtung Flecken-Zechlin, 500m hinter Ortsausgang Möckern rechts am Waldrand</cmt>
		<desc>Rheinsberg, Möckern; L15 in Richtung Flecken-Zechlin, 500m hinter Ortsausgang Möckern rechts am Waldrand</desc>
		<src>LB Forst Brandenburg</src>
	</wpt>
	<wpt lat="53.146779974553269" lon="12.803971308446073">
		<name>1391</name>
		<cmt>Rheinsberg, Dorf Zechlin; Hotel Beckersmühle 200 m Richtung Kagar, Am Badestrand</cmt>
		<desc>Rheinsberg, Dorf Zechlin; Hotel Beckersmühle 200 m Richtung Kagar, Am Badestrand</desc>
		<src>LB Forst Brandenburg</src>
	</wpt>
	<wpt lat="51.77386708388088" lon="14.028571832863918">
		<name>2471</name>
		<cmt>Vetschau, Koßwig; L54/ Koßwiger Dorfstraße</cmt>
		<desc>Vetschau, Koßwig; L54/ Koßwiger Dorfstraße</desc>
		<src>LB Forst Brandenburg</src>
	</wpt>
	<wpt lat="51.699835532571569" lon="13.874246577589899">
		<name>1808</name>
		<cmt>Calau, OT Gollmitz; Am Sportplatz</cmt>
		<desc>Calau, OT Gollmitz; Am Sportplatz</desc>
		<src>LB Forst Brandenburg</src>
	</wpt>
	<wpt lat="53.076223998228478" lon="12.827626645399206">
		<name>2044</name>
		<cmt>Rheinsberg, Zühlen; Ausbau (Straße nach Rheinsberg), Abzweig Straße nach Braunsberg</cmt>
		<desc>Rheinsberg, Zühlen; Ausbau (Straße nach Rheinsberg), Abzweig Straße nach Braunsberg</desc>
		<src>LB Forst Brandenburg</src>
	</wpt>
	<wpt lat="53.063331170719536" lon="12.857054089310239">
		<name>2003</name>
		<cmt>Rheinsberg, Braunsberg; Braunsberg Richtung Zühlen, 100 m nach Ortsausgang rechts, Braunsberger Pflasterdamm nach Rheinsberg, Waldkante rechts</cmt>
		<desc>Rheinsberg, Braunsberg; Braunsberg Richtung Zühlen, 100 m nach Ortsausgang rechts, Braunsberger Pflasterdamm nach Rheinsberg, Waldkante rechts</desc>
		<src>LB Forst Brandenburg</src>
	</wpt>
	<wpt lat="51.890496045730693" lon="13.911096071103646">
		<name>2363</name>
		<cmt>Ragow; Bahnhofstraße, Bahnhof</cmt>
		<desc>Ragow; Bahnhofstraße, Bahnhof</desc>
		<src>LB Forst Brandenburg</src>
	</wpt>
	<wpt lat="52.032078056708855" lon="13.775723091737122">
		<name>2247</name>
		<cmt>Krausnick; L711/ Tropical Islands-Allee, auf halber Strecke zwischen Krausnick und Bahnhof Brand</cmt>
		<desc>Krausnick; L711/ Tropical Islands-Allee, auf halber Strecke zwischen Krausnick und Bahnhof Brand</desc>
		<src>LB Forst Brandenburg</src>
	</wpt>
	<wpt lat="51.974760195836069" lon="13.689539997585586">
		<name>2328</name>
		<cmt>Schönwald, Waldow/Brand; B115 Abzweig nach Waldow/Brand auf K647, Altes Forsthaus, links</cmt>
		<desc>Schönwald, Waldow/Brand; B115 Abzweig nach Waldow/Brand auf K647, Altes Forsthaus, links</desc>
		<src>LB Forst Brandenburg</src>
	</wpt>
	<wpt lat="53.248694403022398" lon="13.5100858809391">
		<name>2760</name>
		<cmt>Boitzenburger Land, Hardenbeck; L15, westlich Hardenbecker Haussee (Hildebrand)</cmt>
		<desc>Boitzenburger Land, Hardenbeck; L15, westlich Hardenbecker Haussee (Hildebrand)</desc>
		<src>LB Forst Brandenburg</src>
	</wpt>
	<wpt lat="53.217219326416767" lon="13.694370041718408">
		<name>2767</name>
		<cmt>Boitzenburger Land, Haßleben; Prenzlauer Straße 20, Gaststätte "Rasselbock"</cmt>
		<desc>Boitzenburger Land, Haßleben; Prenzlauer Straße 20, Gaststätte "Rasselbock"</desc>
		<src>LB Forst Brandenburg</src>
	</wpt>
	<wpt lat="53.24524992435515" lon="13.747728443552658">
		<name>2766</name>
		<cmt>Nordwestuckermark, Birkenhain; Birkenhain 2, Gaststätte "Tanneneck"</cmt>
		<desc>Nordwestuckermark, Birkenhain; Birkenhain 2, Gaststätte "Tanneneck"</desc>
		<src>LB Forst Brandenburg</src>
	</wpt>
	<wpt lat="52.249070159763207" lon="12.436188553910888">
		<name>2477</name>
		<cmt>Wollin; L94, Gräben Wollin an der alten Kiesgrube</cmt>
		<desc>Wollin; L94, Gräben Wollin an der alten Kiesgrube</desc>
		<src>LB Forst Brandenburg</src>
	</wpt>
	<wpt lat="52.980337673808755" lon="13.074683980258889">
		<name>1299</name>
		<cmt>Sonnenberg, Baumgarten; Heidestraße 9a / gegenüber Kirche</cmt>
		<desc>Sonnenberg, Baumgarten; Heidestraße 9a / gegenüber Kirche</desc>
		<src>LB Forst Brandenburg</src>
	</wpt>
	<wpt lat="53.007154381078074" lon="13.119516958356542">
		<name>1301</name>
		<cmt>Schönermark, Schönermark; Dorfstraße Ecke Rauschendorfer Weg</cmt>
		<desc>Schönermark, Schönermark; Dorfstraße Ecke Rauschendorfer Weg</desc>
		<src>LB Forst Brandenburg</src>
	</wpt>
	<wpt lat="52.109436902993529" lon="13.763364151602437">
		<name>1186</name>
		<cmt>Märkisch Buchholz; B 179 Am Markt</cmt>
		<desc>Märkisch Buchholz; B 179 Am Markt</desc>
		<src>LB Forst Brandenburg</src>
	</wpt>
	<wpt lat="52.159971582245838" lon="13.795438058806765">
		<name>1189</name>
		<cmt>Münchehofe, Hermsdorf; Dorfstraße, Abzweig Hermsdorf Mühle</cmt>
		<desc>Münchehofe, Hermsdorf; Dorfstraße, Abzweig Hermsdorf Mühle</desc>
		<src>LB Forst Brandenburg</src>
	</wpt>
	<wpt lat="52.072883973531994" lon="13.692114868500058">
		<name>1180</name>
		<cmt>Halbe, Freidorf; K6150 Richtung Teurow, Abzweig Försterei Semmelei</cmt>
		<desc>Halbe, Freidorf; K6150 Richtung Teurow, Abzweig Försterei Semmelei</desc>
		<src>LB Forst Brandenburg</src>
	</wpt>
	<wpt lat="52.076835583514494" lon="13.784985328666863">
		<name>2250</name>
		<cmt>Märkisch Buchholz, Köthen; Wald-Parkplatz, Nähe Abzweig von der Straße nach Neuköthen</cmt>
		<desc>Märkisch Buchholz, Köthen; Wald-Parkplatz, Nähe Abzweig von der Straße nach Neuköthen</desc>
		<src>LB Forst Brandenburg</src>
	</wpt>
	<wpt lat="53.130365141360677" lon="13.113486042701624">
		<name>1312</name>
		<cmt>Stechlin, Altglobsow; Seestraße</cmt>
		<desc>Stechlin, Altglobsow; Seestraße</desc>
		<src>LB Forst Brandenburg</src>
	</wpt>
	<wpt lat="52.693074851727644" lon="13.027368409400912">
		<name>1997</name>
		<cmt>Oberkrämer, Wolfslake; L161 Krämerpfuhl, Einfahrt Poststraße</cmt>
		<desc>Oberkrämer, Wolfslake; L161 Krämerpfuhl, Einfahrt Poststraße</desc>
		<src>LB Forst Brandenburg</src>
	</wpt>
	<wpt lat="52.887011504441439" lon="14.111626111479417">
		<name>1633</name>
		<cmt>Bad Freienwalde, Hohensaaten; L 282, Abschnitt 10 Großer Parkplatz Kilometer 1,4--1,6</cmt>
		<desc>Bad Freienwalde, Hohensaaten; L 282, Abschnitt 10 Großer Parkplatz Kilometer 1,4--1,6</desc>
		<src>LB Forst Brandenburg</src>
	</wpt>
	<wpt lat="52.408878599469901" lon="12.86726039309676">
		<name>2167</name>
		<cmt>Weder, Kemnitz; Seestraße, "Bürgerhaus Kemnitz"</cmt>
		<desc>Weder, Kemnitz; Seestraße, "Bürgerhaus Kemnitz"</desc>
		<src>LB Forst Brandenburg</src>
	</wpt>
	<wpt lat="51.543237496812011" lon="13.263280125392583">
		<name>1801</name>
		<cmt>Marxdorf; Bahnübergang</cmt>
		<desc>Marxdorf; Bahnübergang</desc>
		<src>LB Forst Brandenburg</src>
	</wpt>
	<wpt lat="51.56100887407343" lon="13.419323057456824">
		<name>1844</name>
		<cmt>Rothstein; Friedhof</cmt>
		<desc>Rothstein; Friedhof</desc>
		<src>LB Forst Brandenburg</src>
	</wpt>
	<wpt lat="51.587769937297736" lon="13.3960560377049">
		<name>1859</name>
		<cmt>Wildgrube; Friedhof</cmt>
		<desc>Wildgrube; Friedhof</desc>
		<src>LB Forst Brandenburg</src>
	</wpt>
	<wpt lat="52.358849168604806" lon="12.977854661783757">
		<name>2203</name>
		<cmt>Schwielowsee, Geltow; Finkenweg, Ecke Caputher Chaussee</cmt>
		<desc>Schwielowsee, Geltow; Finkenweg, Ecke Caputher Chaussee</desc>
		<src>LB Forst Brandenburg</src>
	</wpt>
	<wpt lat="52.791092966393094" lon="13.993792185822629">
		<name>1625</name>
		<cmt>Bad Freienwalde; B167 Ecke Einfahrt Malche</cmt>
		<desc>Bad Freienwalde; B167 Ecke Einfahrt Malche</desc>
		<src>LB Forst Brandenburg</src>
	</wpt>
	<wpt lat="51.537447230508256" lon="13.22581550969916">
		<name>1792</name>
		<cmt>Lönnewitz; Falkenberg OT Lönnewitz; L 67 Richtung Koßdorf, Ortsausgang</cmt>
		<desc>Lönnewitz; Falkenberg OT Lönnewitz; L 67 Richtung Koßdorf, Ortsausgang</desc>
		<src>LB Forst Brandenburg</src>
	</wpt>
	<wpt lat="51.861498591863644" lon="13.209272477846909">
		<name>2404</name>
		<cmt>Schönewalde, Hohenkuhnsdorf; Ortseingang aus Richtung Ahlsdorf</cmt>
		<desc>Schönewalde, Hohenkuhnsdorf; Ortseingang aus Richtung Ahlsdorf</desc>
		<src>LB Forst Brandenburg</src>
	</wpt>
	<wpt lat="52.850921977777247" lon="13.825016873660731">
		<name>1475</name>
		<cmt>Eberswalde; Eberswalde Nordend, L200 Einfahrt Dr-Zinn-Weg</cmt>
		<desc>Eberswalde; Eberswalde Nordend, L200 Einfahrt Dr-Zinn-Weg</desc>
		<src>LB Forst Brandenburg</src>
	</wpt>
	<wpt lat="52.890973614703704" lon="13.772561062933255">
		<name>1457</name>
		<cmt>Lichterfelde, Blütenberg; Blütenberg Bushaltestelle</cmt>
		<desc>Lichterfelde, Blütenberg; Blütenberg Bushaltestelle</desc>
		<src>LB Forst Brandenburg</src>
	</wpt>
	<wpt lat="52.86470480365621" lon="13.7125266866099">
		<name>1686</name>
		<cmt>Eberswalde, Finow; Clara Zetkin Siedlung am Sportplatz</cmt>
		<desc>Eberswalde, Finow; Clara Zetkin Siedlung am Sportplatz</desc>
		<src>LB Forst Brandenburg</src>
	</wpt>
	<wpt lat="51.48075124990671" lon="13.224731007513915">
		<name>1783</name>
		<cmt>Martinskirchen; Zufahrt Alte Ziegelei</cmt>
		<desc>Martinskirchen; Zufahrt Alte Ziegelei</desc>
		<src>LB Forst Brandenburg</src>
	</wpt>
	<wpt lat="51.556890613209205" lon="13.377128761573625">
		<name>1843</name>
		<cmt>Winkel; Domsdorfer Weg / Schulberg</cmt>
		<desc>Winkel; Domsdorfer Weg / Schulberg</desc>
		<src>LB Forst Brandenburg</src>
	</wpt>
	<wpt lat="52.106096632486626" lon="13.899830550424452">
		<name>1118</name>
		<cmt>Unterspreewald, Neuendorf am See; Dorfstraße, am Autohaus Opel</cmt>
		<desc>Unterspreewald, Neuendorf am See; Dorfstraße, am Autohaus Opel</desc>
		<src>LB Forst Brandenburg</src>
	</wpt>
	<wpt lat="52.01427340318633" lon="13.658711871126975">
		<name>2243</name>
		<cmt>Rietzneuendorf/Staakow, Rietzneuendorf; Feuerwehrgerätehaus Rietzneuendorf</cmt>
		<desc>Rietzneuendorf/Staakow, Rietzneuendorf; Feuerwehrgerätehaus Rietzneuendorf</desc>
		<src>LB Forst Brandenburg</src>
	</wpt>
	<wpt lat="52.028025813918688" lon="13.693267745807676">
		<name>2245</name>
		<cmt>Rietzneuendorf/Staakow, Staakow; Feuerwehrgerätehaus Staakow</cmt>
		<desc>Rietzneuendorf/Staakow, Staakow; Feuerwehrgerätehaus Staakow</desc>
		<src>LB Forst Brandenburg</src>
	</wpt>
	<wpt lat="53.062025996082667" lon="11.828008060572694">
		<name>1439</name>
		<cmt>Perleberg, Perleberg; B189 Abfahrt Perleberg West Eichhölzer Weg</cmt>
		<desc>Perleberg, Perleberg; B189 Abfahrt Perleberg West Eichhölzer Weg</desc>
		<src>LB Forst Brandenburg</src>
	</wpt>
	<wpt lat="53.092986873465236" lon="11.923397784596728">
		<name>1558</name>
		<cmt>Perleberg, Rosenhagen; B189 X Lübzower Weg zwischen Spiegelhagen und Rohlsdorf</cmt>
		<desc>Perleberg, Rosenhagen; B189 X Lübzower Weg zwischen Spiegelhagen und Rohlsdorf</desc>
		<src>LB Forst Brandenburg</src>
	</wpt>
	<wpt lat="51.629453379727828" lon="13.320290056064493">
		<name>1866</name>
		<cmt>Wiederau; Ortslage, an der B101, Eisdiele Pinguin</cmt>
		<desc>Wiederau; Ortslage, an der B101, Eisdiele Pinguin</desc>
		<src>LB Forst Brandenburg</src>
	</wpt>
	<wpt lat="52.542713686756322" lon="12.998671697085026">
		<name>2732</name>
		<cmt>Wustermark, Elstal; Stickelmann-Straße, Waldeingang</cmt>
		<desc>Wustermark, Elstal; Stickelmann-Straße, Waldeingang</desc>
		<src>LB Forst Brandenburg</src>
	</wpt>
	<wpt lat="53.02320996965382" lon="11.876907364908561">
		<name>1523</name>
		<cmt>Perleberg, Perleberg; L10 4,5 km südlich Perleberg X Hochspannung</cmt>
		<desc>Perleberg, Perleberg; L10 4,5 km südlich Perleberg X Hochspannung</desc>
		<src>LB Forst Brandenburg</src>
	</wpt>
	<wpt lat="52.801067391316174" lon="12.777177347492053">
		<name>1925</name>
		<cmt>Fehrbellin; Pumpstation Getreide AG Abwasserverband</cmt>
		<desc>Fehrbellin; Pumpstation Getreide AG Abwasserverband</desc>
		<src>LB Forst Brandenburg</src>
	</wpt>
	<wpt lat="53.195779382928933" lon="12.556667675811955">
		<name>1400</name>
		<cmt>Wittstock, Randow; Dorfplatz</cmt>
		<desc>Wittstock, Randow; Dorfplatz</desc>
		<src>LB Forst Brandenburg</src>
	</wpt>
	<wpt lat="53.252416133536542" lon="12.626419253249615">
		<name>1404</name>
		<cmt>Wittstock, Berlinchen; Zeltplatz am Glambecksee</cmt>
		<desc>Wittstock, Berlinchen; Zeltplatz am Glambecksee</desc>
		<src>LB Forst Brandenburg</src>
	</wpt>
	<wpt lat="53.235026317017997" lon="12.479570713122934">
		<name>1406</name>
		<cmt>Wittstock, Heinrichsdorf; Heinrichsdorfer Siedlung</cmt>
		<desc>Wittstock, Heinrichsdorf; Heinrichsdorfer Siedlung</desc>
		<src>LB Forst Brandenburg</src>
	</wpt>
	<wpt lat="53.208125258828929" lon="12.501769553308019">
		<name>1551</name>
		<cmt>Wittstock, Alt-Daber; Buswendeschleife Ortsausgang in Richtung Röbel</cmt>
		<desc>Wittstock, Alt-Daber; Buswendeschleife Ortsausgang in Richtung Röbel</desc>
		<src>LB Forst Brandenburg</src>
	</wpt>
	<wpt lat="53.126343169690259" lon="12.537367446010279">
		<name>1432</name>
		<cmt>Wittstock, Dossow; Dossow Stilllegungsfläche an der Schule</cmt>
		<desc>Wittstock, Dossow; Dossow Stilllegungsfläche an der Schule</desc>
		<src>LB Forst Brandenburg</src>
	</wpt>
	<wpt lat="53.008826261485915" lon="12.646661812956268">
		<name>1901</name>
		<cmt>Temnitzquell, Rägelin; L18, Ortseingang von Neuruppin kommend</cmt>
		<desc>Temnitzquell, Rägelin; L18, Ortseingang von Neuruppin kommend</desc>
		<src>LB Forst Brandenburg</src>
	</wpt>
	<wpt lat="52.974995706633905" lon="12.619682394181487">
		<name>1904</name>
		<cmt>Temnitzquell, Katerbow; Straße nach Walsleben, 430m westlich der Autobahnbrücke BAB24</cmt>
		<desc>Temnitzquell, Katerbow; Straße nach Walsleben, 430m westlich der Autobahnbrücke BAB24</desc>
		<src>LB Forst Brandenburg</src>
	</wpt>
	<wpt lat="53.034828375780812" lon="12.760823162637633">
		<name>1915</name>
		<cmt>Neuruppin, Steinberge; L16, Waldweg 30m nördlich Forsthaus Steinberge</cmt>
		<desc>Neuruppin, Steinberge; L16, Waldweg 30m nördlich Forsthaus Steinberge</desc>
		<src>LB Forst Brandenburg</src>
	</wpt>
	<wpt lat="52.490872410260465" lon="12.98555780051583">
		<name>2856</name>
		<cmt>Potsdam, Kartzow; Glienicker Weg</cmt>
		<desc>Potsdam, Kartzow; Glienicker Weg</desc>
		<src>LB Forst Brandenburg</src>
	</wpt>
	<wpt lat="52.826500173088483" lon="13.805984775166072">
		<name>1672</name>
		<cmt>Eberswalde; Ortsausgang Eberswalde in Richtung  Spechthausen, Wald-Solar-Heim / Obf. Eberswalde</cmt>
		<desc>Eberswalde; Ortsausgang Eberswalde in Richtung  Spechthausen, Wald-Solar-Heim / Obf. Eberswalde</desc>
		<src>LB Forst Brandenburg</src>
	</wpt>
	<wpt lat="52.80978178066966" lon="13.782082314001821">
		<name>1673</name>
		<cmt>Eberswalde, Spechthausen; Ortseingang Spechthausen aus Eberswalde kommend</cmt>
		<desc>Eberswalde, Spechthausen; Ortseingang Spechthausen aus Eberswalde kommend</desc>
		<src>LB Forst Brandenburg</src>
	</wpt>
	<wpt lat="52.799921542467082" lon="13.752178397873235">
		<name>1676</name>
		<cmt>Eberswalde, Spechthausen; L200 an der Einfahrt zur Hochspannungstrasse</cmt>
		<desc>Eberswalde, Spechthausen; L200 an der Einfahrt zur Hochspannungstrasse</desc>
		<src>LB Forst Brandenburg</src>
	</wpt>
	<wpt lat="52.786288131441395" lon="13.736851345758218">
		<name>1681</name>
		<cmt>Melchow, Schönholz; Försterei Wildtränke an der L200</cmt>
		<desc>Melchow, Schönholz; Försterei Wildtränke an der L200</desc>
		<src>LB Forst Brandenburg</src>
	</wpt>
	<wpt lat="52.814021876207505" lon="13.715070150267032">
		<name>1688</name>
		<cmt>Eberswalde, Spechthausen; Einfahrt zur Försterei Melchow, 16227 Eberswalde  Biesenthaler Str. 80</cmt>
		<desc>Eberswalde, Spechthausen; Einfahrt zur Försterei Melchow, 16227 Eberswalde  Biesenthaler Str. 80</desc>
		<src>LB Forst Brandenburg</src>
	</wpt>
	<wpt lat="52.831238854967445" lon="13.737102494625899">
		<name>1455</name>
		<cmt>Eberswalde; Finow Schranke am Ende der Schönholzer Straße</cmt>
		<desc>Eberswalde; Finow Schranke am Ende der Schönholzer Straße</desc>
		<src>LB Forst Brandenburg</src>
	</wpt>
	<wpt lat="52.822832849783026" lon="13.77085633309982">
		<name>1687</name>
		<cmt>Eberswalde; Zoostraße; Umgehungsstraße Tierpark zum Brandenburgischen Viertel in der 90° Kurve</cmt>
		<desc>Eberswalde; Zoostraße; Umgehungsstraße Tierpark zum Brandenburgischen Viertel in der 90° Kurve</desc>
		<src>LB Forst Brandenburg</src>
	</wpt>
	<wpt lat="52.823505247037403" lon="13.780171738371282">
		<name>1670</name>
		<cmt>Eberswalde; Parkplatz am Tierpark in Richtung Spechthausen</cmt>
		<desc>Eberswalde; Parkplatz am Tierpark in Richtung Spechthausen</desc>
		<src>LB Forst Brandenburg</src>
	</wpt>
	<wpt lat="52.821050170934555" lon="13.832150850787597">
		<name>1677</name>
		<cmt>Eberswalde; Ortsausgang Eberswald Richtung Trampe, gegenüber Einfahrt Behördenzentrum</cmt>
		<desc>Eberswalde; Ortsausgang Eberswald Richtung Trampe, gegenüber Einfahrt Behördenzentrum</desc>
		<src>LB Forst Brandenburg</src>
	</wpt>
	<wpt lat="52.788092042980566" lon="12.84885197839102">
		<name>1678</name>
		<cmt>Fehrbellin, Hakenberg; Rhinbrücke am Fahrradweg, Hakenberger Schleuse</cmt>
		<desc>Fehrbellin, Hakenberg; Rhinbrücke am Fahrradweg, Hakenberger Schleuse</desc>
		<src>LB Forst Brandenburg</src>
	</wpt>
	<wpt lat="52.852785070340879" lon="12.93384490812819">
		<name>1917</name>
		<cmt>Neuruppin, Pabstthum; Ortslage</cmt>
		<desc>Neuruppin, Pabstthum; Ortslage</desc>
		<src>LB Forst Brandenburg</src>
	</wpt>
	<wpt lat="53.208432911547739" lon="12.73971152929008">
		<name>1429</name>
		<cmt>Wittstock, Zempow; Zempower Dorfstraße 14, Kreuzung</cmt>
		<desc>Wittstock, Zempow; Zempower Dorfstraße 14, Kreuzung</desc>
		<src>LB Forst Brandenburg</src>
	</wpt>
	<wpt lat="53.137835633230125" lon="12.588327834223815">
		<name>1548</name>
		<cmt>Wittstock, Zootzen; Zootzener Dorfstr. 30, Gemeindehaus</cmt>
		<desc>Wittstock, Zootzen; Zootzener Dorfstr. 30, Gemeindehaus</desc>
		<src>LB Forst Brandenburg</src>
	</wpt>
	<wpt lat="53.178494924116769" lon="12.631825547195474">
		<name>1549</name>
		<cmt>Wittstock, Schweinrich; Schweinricher Str. 26, Gemeindehaus</cmt>
		<desc>Wittstock, Schweinrich; Schweinricher Str. 26, Gemeindehaus</desc>
		<src>LB Forst Brandenburg</src>
	</wpt>
	<wpt lat="53.110709776672643" lon="12.61396056024239">
		<name>2747</name>
		<cmt>Wittstock, Gadow; Gadower Dorfstr. 17, Gemeindehaus</cmt>
		<desc>Wittstock, Gadow; Gadower Dorfstr. 17, Gemeindehaus</desc>
		<src>LB Forst Brandenburg</src>
	</wpt>
	<wpt lat="53.082721609114579" lon="12.460842594341999">
		<name>2748</name>
		<cmt>Wittstock, Christdorf; Christdorfer Dorfstr. 47, Bushaltestelle</cmt>
		<desc>Wittstock, Christdorf; Christdorfer Dorfstr. 47, Bushaltestelle</desc>
		<src>LB Forst Brandenburg</src>
	</wpt>
	<wpt lat="53.047110093766015" lon="12.569148924766687">
		<name>2828</name>
		<cmt>Wittstock, Rossow; Rossower Dorfstr. 18A, Spielplatz</cmt>
		<desc>Wittstock, Rossow; Rossower Dorfstr. 18A, Spielplatz</desc>
		<src>LB Forst Brandenburg</src>
	</wpt>
	<wpt lat="53.021590194210106" lon="12.964972989387386">
		<name>1321</name>
		<cmt>Dierberg; B 122 Ortseingang Dierberg von Alt Ruppin</cmt>
		<desc>Dierberg; B 122 Ortseingang Dierberg von Alt Ruppin</desc>
		<src>LB Forst Brandenburg</src>
	</wpt>
	<wpt lat="52.867257730893371" lon="13.844009200872948">
		<name>1461</name>
		<cmt>Eberswlade; L200 Einfahrt FBS Stadtsee / Friedwald</cmt>
		<desc>Eberswlade; L200 Einfahrt FBS Stadtsee / Friedwald</desc>
		<src>LB Forst Brandenburg</src>
	</wpt>
	<wpt lat="52.871311617575657" lon="13.806847891743297">
		<name>1458</name>
		<cmt>Britz; Kolonie Britz am Ende der Heegermühler Straße in der Kurve</cmt>
		<desc>Britz; Kolonie Britz am Ende der Heegermühler Straße in der Kurve</desc>
		<src>LB Forst Brandenburg</src>
	</wpt>
	<wpt lat="52.859417660325327" lon="13.788771934688919">
		<name>1456</name>
		<cmt>Eberswalde; Gewerbepark TGE erster Kreisel von Britz kommend</cmt>
		<desc>Eberswalde; Gewerbepark TGE erster Kreisel von Britz kommend</desc>
		<src>LB Forst Brandenburg</src>
	</wpt>
	<wpt lat="51.577949458085627" lon="13.608455547563382">
		<name>1853</name>
		<cmt>Heidelan, Fischwasser; Forsthaus Weberteich</cmt>
		<desc>Heidelan, Fischwasser; Forsthaus Weberteich</desc>
		<src>LB Forst Brandenburg</src>
	</wpt>
	<wpt lat="52.872124455975616" lon="13.640332530670626">
		<name>1715</name>
		<cmt>Schorfheide, Eichhorst; Eberswalder Chaussee, SOS-Säule Landstr. v. Finowfurt in Richtung Eichhorst nach ca. 2,5 km auf der linken Seite</cmt>
		<desc>Schorfheide, Eichhorst; Eberswalder Chaussee, SOS-Säule Landstr. v. Finowfurt in Richtung Eichhorst nach ca. 2,5 km auf der linken Seite</desc>
		<src>LB Forst Brandenburg</src>
	</wpt>
	<wpt lat="51.807288256356365" lon="13.300968455119444">
		<name>1885</name>
		<cmt>Schönewalde, Wiepersdorf; Landgasthaus, Am Sportplatz 4</cmt>
		<desc>Schönewalde, Wiepersdorf; Landgasthaus, Am Sportplatz 4</desc>
		<src>LB Forst Brandenburg</src>
	</wpt>
	<wpt lat="52.922591376814943" lon="13.324339055838559">
		<name>1285</name>
		<cmt>Falkenthal; B 109 Ortsverbindungsstraße Falkenthal-Zehdenick, Straßenbrücke in Richtung Zehdenick</cmt>
		<desc>Falkenthal; B 109 Ortsverbindungsstraße Falkenthal-Zehdenick, Straßenbrücke in Richtung Zehdenick</desc>
		<src>LB Forst Brandenburg</src>
	</wpt>
	<wpt lat="52.9085771036818" lon="12.837838790707481">
		<name>1935</name>
		<cmt>Neuruppin, Wuthenow; Kirche</cmt>
		<desc>Neuruppin, Wuthenow; Kirche</desc>
		<src>LB Forst Brandenburg</src>
	</wpt>
	<wpt lat="52.262463085153563" lon="12.659602466236331">
		<name>2152</name>
		<cmt>Planebruch, Cammer; L85 -Hauptstraße,Mühle</cmt>
		<desc>Planebruch, Cammer; L85 -Hauptstraße,Mühle</desc>
		<src>LB Forst Brandenburg</src>
	</wpt>
	<wpt lat="52.20607689512606" lon="14.623506526801403">
		<name>2664</name>
		<cmt>Ziltendorf; Feuerwehrgebäude</cmt>
		<desc>Ziltendorf; Feuerwehrgebäude</desc>
		<src>LB Forst Brandenburg</src>
	</wpt>
	<wpt lat="51.572769260300745" lon="13.258706204176029">
		<name>1862</name>
		<cmt>Falkenberg,Schmerkendorf; Krumme Trift,Am Ziegengehege</cmt>
		<desc>Falkenberg,Schmerkendorf; Krumme Trift,Am Ziegengehege</desc>
		<src>LB Forst Brandenburg</src>
	</wpt>
	<wpt lat="53.068600603043933" lon="11.556618404935911">
		<name>1482</name>
		<cmt>Wustrow; Alte Schule</cmt>
		<desc>Wustrow; Alte Schule</desc>
		<src>LB Forst Brandenburg</src>
	</wpt>
	<wpt lat="52.140612638017195" lon="12.401511314385479">
		<name>2408</name>
		<cmt>Wiesenburg, Neuehütten; B107 Wiesenurg- Görzke Höhe Waldparkplatz</cmt>
		<desc>Wiesenburg, Neuehütten; B107 Wiesenurg- Görzke Höhe Waldparkplatz</desc>
		<src>LB Forst Brandenburg</src>
	</wpt>
	<wpt lat="52.537354521624053" lon="14.168204945416829">
		<name>2694</name>
		<cmt>Müncheberg, Obersdorf; L 362, Bahnübergang Obersdorf</cmt>
		<desc>Müncheberg, Obersdorf; L 362, Bahnübergang Obersdorf</desc>
		<src>LB Forst Brandenburg</src>
	</wpt>
	<wpt lat="52.572153561221683" lon="14.253004485579233">
		<name>2695</name>
		<cmt>Neuhardenberg ,Wulkow; Abt. 2711 c4</cmt>
		<desc>Neuhardenberg ,Wulkow; Abt. 2711 c4</desc>
		<src>LB Forst Brandenburg</src>
	</wpt>
	<wpt lat="52.567657550556703" lon="14.1835956233139">
		<name>2783</name>
		<cmt>Neuhardenberg ,Wulkow; Hermersdorfer Hauptstr. an der Kirche</cmt>
		<desc>Neuhardenberg ,Wulkow; Hermersdorfer Hauptstr. an der Kirche</desc>
		<src>LB Forst Brandenburg</src>
	</wpt>
	<wpt lat="52.566972793437444" lon="14.165542805169837">
		<name>2784</name>
		<cmt>Müncheberg, Hermersdorf; Alte Oberförsterei</cmt>
		<desc>Müncheberg, Hermersdorf; Alte Oberförsterei</desc>
		<src>LB Forst Brandenburg</src>
	</wpt>
	<wpt lat="52.557207378637813" lon="14.13904503193989">
		<name>2785</name>
		<cmt>Münchehofe; Kirche , L 362</cmt>
		<desc>Münchehofe; Kirche , L 362</desc>
		<src>LB Forst Brandenburg</src>
	</wpt>
	<wpt lat="52.499347294600916" lon="14.093187000561803">
		<name>2679</name>
		<cmt>Müncheberg; B1,Radweg Abt. 3103 a1</cmt>
		<desc>Müncheberg; B1,Radweg Abt. 3103 a1</desc>
		<src>LB Forst Brandenburg</src>
	</wpt>
	<wpt lat="52.478906826971652" lon="13.965488484247341">
		<name>2807</name>
		<cmt>Rehfelde ,Heidehrug; Revierförsterei Rehfelde, ,B 1</cmt>
		<desc>Rehfelde ,Heidehrug; Revierförsterei Rehfelde, ,B 1</desc>
		<src>LB Forst Brandenburg</src>
	</wpt>
	<wpt lat="51.59995139920948" lon="13.262211323956251">
		<name>1864</name>
		<cmt>Falkenberg; Kiebitz,Wendeschleife</cmt>
		<desc>Falkenberg; Kiebitz,Wendeschleife</desc>
		<src>LB Forst Brandenburg</src>
	</wpt>
	<wpt lat="51.583741763491737" lon="13.212395454066122">
		<name>1863</name>
		<cmt>Falkenberg,Kölsa; Kölsa an der Feuerqwehtr</cmt>
		<desc>Falkenberg,Kölsa; Kölsa an der Feuerqwehtr</desc>
		<src>LB Forst Brandenburg</src>
	</wpt>
	<wpt lat="51.584282139424751" lon="13.701407715784999">
		<name>1790</name>
		<cmt>Finsterwalde, Pechhütte; L62 Ortsausgang Richtung Sorno, Containerstellplatz rechts</cmt>
		<desc>Finsterwalde, Pechhütte; L62 Ortsausgang Richtung Sorno, Containerstellplatz rechts</desc>
		<src>LB Forst Brandenburg</src>
	</wpt>
	<wpt lat="52.029919989244419" lon="13.873533479521535">
		<name>2214</name>
		<cmt>Schlepzig, Schlepzig; Schlepzig; Ortsverbindungsstraße Schlepzig-Krausnick, Einfahrt Forsthaus Buchenhain</cmt>
		<desc>Schlepzig, Schlepzig; Schlepzig; Ortsverbindungsstraße Schlepzig-Krausnick, Einfahrt Forsthaus Buchenhain</desc>
		<src>LB Forst Brandenburg</src>
	</wpt>
	<wpt lat="51.993466193668546" lon="13.923813569979801">
		<name>2211</name>
		<cmt>Schlepzig, Schlepzig; Bahnhof Börnichen; L42 Ortsverbindungsstraße Lübben-Schlepzig</cmt>
		<desc>Schlepzig, Schlepzig; Bahnhof Börnichen; L42 Ortsverbindungsstraße Lübben-Schlepzig</desc>
		<src>LB Forst Brandenburg</src>
	</wpt>
	<wpt lat="51.514674888547944" lon="13.749280957193699">
		<name>1831</name>
		<cmt>Lauchhammer, Kleinleipisch; K 6609,Kreuzung Grünewalde - Lichterfeld - Lauchhammer - Kleinleipisch</cmt>
		<desc>Lauchhammer, Kleinleipisch; K 6609,Kreuzung Grünewalde - Lichterfeld - Lauchhammer - Kleinleipisch</desc>
		<src>LB Forst Brandenburg</src>
	</wpt>
	<wpt lat="52.42522604597108" lon="13.802007515293257">
		<name>1235</name>
		<cmt>Grünheide, Fangschluese; L231 Forsthaus 1, Försterei Fangschleuse</cmt>
		<desc>Grünheide, Fangschluese; L231 Forsthaus 1, Försterei Fangschleuse</desc>
		<src>LB Forst Brandenburg</src>
	</wpt>
	<wpt lat="52.421689419345014" lon="13.764100717536349">
		<name>1225</name>
		<cmt>Erkner; L38 Fangschleusenstraße, Parkplatz "Löcknitzidyll"</cmt>
		<desc>Erkner; L38 Fangschleusenstraße, Parkplatz "Löcknitzidyll"</desc>
		<src>LB Forst Brandenburg</src>
	</wpt>
	<wpt lat="52.42721901597367" lon="13.822726612172531">
		<name>1236</name>
		<cmt>Grünheide (Mark); Am Marktplatz 1, Parkplatz EDEKA Waldseite</cmt>
		<desc>Grünheide (Mark); Am Marktplatz 1, Parkplatz EDEKA Waldseite</desc>
		<src>LB Forst Brandenburg</src>
	</wpt>
	<wpt lat="52.436303838944589" lon="13.837038466972045">
		<name>1242</name>
		<cmt>Grünheide, Alt Buchhorst; Hubertusstrasse, Parkplatz Wohnpark Alt Buchhorst</cmt>
		<desc>Grünheide, Alt Buchhorst; Hubertusstrasse, Parkplatz Wohnpark Alt Buchhorst</desc>
		<src>LB Forst Brandenburg</src>
	</wpt>
	<wpt lat="52.40748744823" lon="13.823650562957964">
		<name>1239</name>
		<cmt>Grünheide, Fangschleuse; L23 Chausseestr., Parkplatz Nord am Bhf. Fangschleuse</cmt>
		<desc>Grünheide, Fangschleuse; L23 Chausseestr., Parkplatz Nord am Bhf. Fangschleuse</desc>
		<src>LB Forst Brandenburg</src>
	</wpt>
	<wpt lat="52.416124295276106" lon="13.763383306324606">
		<name>1224</name>
		<cmt>Erkner; Friedhof Erkner, an der Halbschranke zur Oberförsterei</cmt>
		<desc>Erkner; Friedhof Erkner, an der Halbschranke zur Oberförsterei</desc>
		<src>LB Forst Brandenburg</src>
	</wpt>
	<wpt lat="52.406047702888735" lon="13.762754190327616">
		<name>1223</name>
		<cmt>Erkner, Karutzhöhe; Hohenbinder Straße, Ecke Waldstraße</cmt>
		<desc>Erkner, Karutzhöhe; Hohenbinder Straße, Ecke Waldstraße</desc>
		<src>LB Forst Brandenburg</src>
	</wpt>
	<wpt lat="52.381373860993222" lon="13.800262770645553">
		<name>1231</name>
		<cmt>Grünheide, Freienbrink; GVZ Freienbrink,gegenüber Parkplatz "Brotbüchse"</cmt>
		<desc>Grünheide, Freienbrink; GVZ Freienbrink,gegenüber Parkplatz "Brotbüchse"</desc>
		<src>LB Forst Brandenburg</src>
	</wpt>
	<wpt lat="52.382869408205707" lon="13.852697990720454">
		<name>1064</name>
		<cmt>Grünheide, Störitz; Störitzland Parkplatz, L 38 ab Kreisel Freienbrink Richtung Hangelsberg ca. 1,5 km, dann rechts ab</cmt>
		<desc>Grünheide, Störitz; Störitzland Parkplatz, L 38 ab Kreisel Freienbrink Richtung Hangelsberg ca. 1,5 km, dann rechts ab</desc>
		<src>LB Forst Brandenburg</src>
	</wpt>
	<wpt lat="52.392497739285808" lon="13.887693530947521">
		<name>1061</name>
		<cmt>Grünheide, Mönchwinkkel; Neue Spreeauer Str. Ecke Große Dorfstraße</cmt>
		<desc>Grünheide, Mönchwinkkel; Neue Spreeauer Str. Ecke Große Dorfstraße</desc>
		<src>LB Forst Brandenburg</src>
	</wpt>
	<wpt lat="52.395441102525488" lon="13.847977823013482">
		<name>1234</name>
		<cmt>Grünheide; L38, vom Kreisel 1,6 km Richtung Hangelsberg, Einfahrt Störitzsee</cmt>
		<desc>Grünheide; L38, vom Kreisel 1,6 km Richtung Hangelsberg, Einfahrt Störitzsee</desc>
		<src>LB Forst Brandenburg</src>
	</wpt>
	<wpt lat="52.416950610882878" lon="13.868478327770489">
		<name>1238</name>
		<cmt>Grünheide, Klein Wall; Ortseingang Klein Wall Nordseite</cmt>
		<desc>Grünheide, Klein Wall; Ortseingang Klein Wall Nordseite</desc>
		<src>LB Forst Brandenburg</src>
	</wpt>
	<wpt lat="52.437089505834663" lon="13.871863071311918">
		<name>1240</name>
		<cmt>Grünheide, Kagel-Finkenstein; Weg zur Erholung, Parkplatz am Zelt- und Campingplatz Kiessee</cmt>
		<desc>Grünheide, Kagel-Finkenstein; Weg zur Erholung, Parkplatz am Zelt- und Campingplatz Kiessee</desc>
		<src>LB Forst Brandenburg</src>
	</wpt>
	<wpt lat="52.465948891039169" lon="13.905891627617795">
		<name>1245</name>
		<cmt>Grünheide, Kagel; L 232 G. Hauptmann Str., Richtung B1 linke Seite Einfahrt Friedhof</cmt>
		<desc>Grünheide, Kagel; L 232 G. Hauptmann Str., Richtung B1 linke Seite Einfahrt Friedhof</desc>
		<src>LB Forst Brandenburg</src>
	</wpt>
	<wpt lat="52.442174107466272" lon="13.768921469960004">
		<name>1227</name>
		<cmt>Woltersdorf; Buchhorster Straße, Parkplatz an der "Maiwiese" zum Aussichtsturm</cmt>
		<desc>Woltersdorf; Buchhorster Straße, Parkplatz an der "Maiwiese" zum Aussichtsturm</desc>
		<src>LB Forst Brandenburg</src>
	</wpt>
	<wpt lat="52.834463542713422" lon="14.089815037830013">
		<name>1637</name>
		<cmt>Bad Freienwalde, Altgliezen; Fußgängerampelauf der Chauseestrasse</cmt>
		<desc>Bad Freienwalde, Altgliezen; Fußgängerampelauf der Chauseestrasse</desc>
		<src>LB Forst Brandenburg</src>
	</wpt>
	<wpt lat="52.838827363141881" lon="14.050412776329265">
		<name>1472</name>
		<cmt>Neuenhagen; Oderberger Chausee Bushaltestelle GS</cmt>
		<desc>Neuenhagen; Oderberger Chausee Bushaltestelle GS</desc>
		<src>LB Forst Brandenburg</src>
	</wpt>
	<wpt lat="52.833153086586783" lon="14.005373068399956">
		<name>1627</name>
		<cmt>Bad Freienwalde, Bralitz; Hauptstr. 1,Dorfmitte beim Fleischer</cmt>
		<desc>Bad Freienwalde, Bralitz; Hauptstr. 1,Dorfmitte beim Fleischer</desc>
		<src>LB Forst Brandenburg</src>
	</wpt>
	<wpt lat="52.74325253209053" lon="14.046772757550245">
		<name>1620</name>
		<cmt>Bad Freienwalde, Sonnenburg; Ortseingang Sonnenburg aus Altranft kommend</cmt>
		<desc>Bad Freienwalde, Sonnenburg; Ortseingang Sonnenburg aus Altranft kommend</desc>
		<src>LB Forst Brandenburg</src>
	</wpt>
	<wpt lat="52.35511003075532" lon="13.800007536066969">
		<name>1217</name>
		<cmt>Spreenhagen, Hartmannsdorf; Straße zwischen Neu Zittau-Hartmannsdorf -Opaltrasse</cmt>
		<desc>Spreenhagen, Hartmannsdorf; Straße zwischen Neu Zittau-Hartmannsdorf -Opaltrasse</desc>
		<src>LB Forst Brandenburg</src>
	</wpt>
	<wpt lat="52.961438075769031" lon="12.982240840881039">
		<name>1922</name>
		<cmt>Lindow (Mark); Bahnhofstraße, Bahnhof Lindow</cmt>
		<desc>Lindow (Mark); Bahnhofstraße, Bahnhof Lindow</desc>
		<src>LB Forst Brandenburg</src>
	</wpt>
	<wpt lat="52.904510083601345" lon="12.968355986163898">
		<name>1923</name>
		<cmt>Herzberg (Mark); B167 (Ruppiner Straße), Parkplatz hinter Imbiss</cmt>
		<desc>Herzberg (Mark); B167 (Ruppiner Straße), Parkplatz hinter Imbiss</desc>
		<src>LB Forst Brandenburg</src>
	</wpt>
	<wpt lat="52.917543153817299" lon="13.044425167558463">
		<name>2046</name>
		<cmt>Löwenberger Land, Grieben; K6512, zwischen Grieben und Glambeck, Abzweig Vielitzer Straße</cmt>
		<desc>Löwenberger Land, Grieben; K6512, zwischen Grieben und Glambeck, Abzweig Vielitzer Straße</desc>
		<src>LB Forst Brandenburg</src>
	</wpt>
	<wpt lat="52.855814227621089" lon="13.859374383529063">
		<name>1648</name>
		<cmt>Eberswalde, Försterei Kahlenberg; L 291 Eberswalde Richtung LIepe hinter Mönchsbrück nach den Kurven rechts</cmt>
		<desc>Eberswalde, Försterei Kahlenberg; L 291 Eberswalde Richtung LIepe hinter Mönchsbrück nach den Kurven rechts</desc>
		<src>LB Forst Brandenburg</src>
	</wpt>
	<wpt lat="52.875756650136573" lon="13.959373616110152">
		<name>1654</name>
		<cmt>Liepe; Liepe Richtung Brodowin, 200 m vor der Försterei Liepe</cmt>
		<desc>Liepe; Liepe Richtung Brodowin, 200 m vor der Försterei Liepe</desc>
		<src>LB Forst Brandenburg</src>
	</wpt>
	<wpt lat="52.889310315870759" lon="13.998448386016701">
		<name>1465</name>
		<cmt>Chorin, Brodowin; Ewaldshügel, Straße zwischen Brodowin und Oderberg</cmt>
		<desc>Chorin, Brodowin; Ewaldshügel, Straße zwischen Brodowin und Oderberg</desc>
		<src>LB Forst Brandenburg</src>
	</wpt>
	<wpt lat="51.568159199569095" lon="13.857743650934765">
		<name>1836</name>
		<cmt>Sallgast, Poley; K 6258  ehemaliges Werksgasthaus, Siedlung Poley</cmt>
		<desc>Sallgast, Poley; K 6258  ehemaliges Werksgasthaus, Siedlung Poley</desc>
		<src>LB Forst Brandenburg</src>
	</wpt>
	<wpt lat="52.216610604533891" lon="13.774185470632553">
		<name>1197</name>
		<cmt>Heidesee, Prieros; Toreinfahrt der Bootswerft Wendisch, Zum Waldhaus / Mühlendamm</cmt>
		<desc>Heidesee, Prieros; Toreinfahrt der Bootswerft Wendisch, Zum Waldhaus / Mühlendamm</desc>
		<src>LB Forst Brandenburg</src>
	</wpt>
	<wpt lat="52.225245324013258" lon="13.732126890322931">
		<name>1196</name>
		<cmt>Heidesee, Gräbendorf; B246, Richtung Prieros nach ca. 2 km rechts abbiegen, ca. 500 m bis Ferienlager Frauensee</cmt>
		<desc>Heidesee, Gräbendorf; B246, Richtung Prieros nach ca. 2 km rechts abbiegen, ca. 500 m bis Ferienlager Frauensee</desc>
		<src>LB Forst Brandenburg</src>
	</wpt>
	<wpt lat="52.227483728288433" lon="13.718597250025546">
		<name>1194</name>
		<cmt>Heidesee, Gräbendorf; Dubrower Str., nach ca. 1,5 km links abbiegen, ca. 500 m bis Haus des Waldes</cmt>
		<desc>Heidesee, Gräbendorf; Dubrower Str., nach ca. 1,5 km links abbiegen, ca. 500 m bis Haus des Waldes</desc>
		<src>LB Forst Brandenburg</src>
	</wpt>
	<wpt lat="52.211689659869897" lon="13.702765409076379">
		<name>1193</name>
		<cmt>Heidesee, Gräbendorf; von Pätz B179, Richtung Neubrück Forsthaus Sauberg links in die Dubrower Straße abbiegen</cmt>
		<desc>Heidesee, Gräbendorf; von Pätz B179, Richtung Neubrück Forsthaus Sauberg links in die Dubrower Straße abbiegen</desc>
		<src>LB Forst Brandenburg</src>
	</wpt>
	<wpt lat="52.212112880394159" lon="13.688810949128412">
		<name>1195</name>
		<cmt>Heidesee, Gräbendorf; von Pätz B179, Richtung Neubrück, nach ca. 1,5 km Forsthaus Sauberg</cmt>
		<desc>Heidesee, Gräbendorf; von Pätz B179, Richtung Neubrück, nach ca. 1,5 km Forsthaus Sauberg</desc>
		<src>LB Forst Brandenburg</src>
	</wpt>
	<wpt lat="52.294740109054857" lon="13.790649087944308">
		<name>1199</name>
		<cmt>Heidesee, Friedersdorf; Lindenstraße 16 a, Revierförsterei</cmt>
		<desc>Heidesee, Friedersdorf; Lindenstraße 16 a, Revierförsterei</desc>
		<src>LB Forst Brandenburg</src>
	</wpt>
	<wpt lat="53.040523014558666" lon="11.721962633622011">
		<name>1416</name>
		<cmt>Wittenberge, Bentwisch; Dorfstraße 30 a</cmt>
		<desc>Wittenberge, Bentwisch; Dorfstraße 30 a</desc>
		<src>LB Forst Brandenburg</src>
	</wpt>
	<wpt lat="53.076862470086354" lon="11.769857477856394">
		<name>1450</name>
		<cmt>Perleberg, Dergenthin; Kreuzung Lenzener Str. / Silger Weg</cmt>
		<desc>Perleberg, Dergenthin; Kreuzung Lenzener Str. / Silger Weg</desc>
		<src>LB Forst Brandenburg</src>
	</wpt>
	<wpt lat="53.026014206919363" lon="11.788351000163512">
		<name>1476</name>
		<cmt>Wittenberge, Weisen; Am Bahnhof</cmt>
		<desc>Wittenberge, Weisen; Am Bahnhof</desc>
		<src>LB Forst Brandenburg</src>
	</wpt>
	<wpt lat="53.00545330468028" lon="11.822486728735122">
		<name>1519</name>
		<cmt>Wittenberge, Groß Breese; L11 Groß Breese-Kirche</cmt>
		<desc>Wittenberge, Groß Breese; L11 Groß Breese-Kirche</desc>
		<src>LB Forst Brandenburg</src>
	</wpt>
	<wpt lat="53.091455853529261" lon="11.733718208904797">
		<name>1467</name>
		<cmt>Perleberg, Dergenthin; Parkplatz gegenüber Kreuzung L 12 Abzweig L 122 Richtung Nebelin</cmt>
		<desc>Perleberg, Dergenthin; Parkplatz gegenüber Kreuzung L 12 Abzweig L 122 Richtung Nebelin</desc>
		<src>LB Forst Brandenburg</src>
	</wpt>
	<wpt lat="52.430031744409433" lon="13.844294433753214">
		<name>1237</name>
		<cmt>Grünheide, Alt Buchhorst; Altbuchhorster Str.26, Försterei Alt Buchhorst</cmt>
		<desc>Grünheide, Alt Buchhorst; Altbuchhorster Str.26, Försterei Alt Buchhorst</desc>
		<src>LB Forst Brandenburg</src>
	</wpt>
	<wpt lat="53.046240850268752" lon="13.006708708866329">
		<name>1331</name>
		<cmt>Lindow (Mark), Hindenberg; Kreuzung L223 und K6804</cmt>
		<desc>Lindow (Mark), Hindenberg; Kreuzung L223 und K6804</desc>
		<src>LB Forst Brandenburg</src>
	</wpt>
	<wpt lat="52.026552148192707" lon="13.059609999287646">
		<name>2267</name>
		<cmt>Jüterbog, Neuheim; K7217 Dorfstraße, Ortsausgang Richtung Grüna</cmt>
		<desc>Jüterbog, Neuheim; K7217 Dorfstraße, Ortsausgang Richtung Grüna</desc>
		<src>LB Forst Brandenburg</src>
	</wpt>
	<wpt lat="52.729185038675446" lon="13.461424187758947">
		<name>1985</name>
		<cmt>Wandlitz, Basdorf; Einmündung bernauer weg in Liepnitzweg</cmt>
		<desc>Wandlitz, Basdorf; Einmündung bernauer weg in Liepnitzweg</desc>
		<src>LB Forst Brandenburg</src>
	</wpt>
	<wpt lat="53.14156230365775" lon="12.923418647220743">
		<name>1333</name>
		<cmt>Rheinsberg, Wittwien; Ortsteil Wittwien; Ortslage Wittwien an der Kreuzung Verbindungsweg Zechlinerhütte - Beerenbusch</cmt>
		<desc>Rheinsberg, Wittwien; Ortsteil Wittwien; Ortslage Wittwien an der Kreuzung Verbindungsweg Zechlinerhütte - Beerenbusch</desc>
		<src>LB Forst Brandenburg</src>
	</wpt>
	<wpt lat="52.332789592949062" lon="12.719927309291657">
		<name>2164</name>
		<cmt>Kloster Lehnin, Nahmitz; L88 von Lehnin nach Netzen, Abfahrt Doberower Weg</cmt>
		<desc>Kloster Lehnin, Nahmitz; L88 von Lehnin nach Netzen, Abfahrt Doberower Weg</desc>
		<src>LB Forst Brandenburg</src>
	</wpt>
	<wpt lat="52.885871393246475" lon="12.170075202291748">
		<name>1496</name>
		<cmt>Breddin, Damelack; Kreuzung Dorfstraße + Kümmernitzer Weg</cmt>
		<desc>Breddin, Damelack; Kreuzung Dorfstraße + Kümmernitzer Weg</desc>
		<src>LB Forst Brandenburg</src>
	</wpt>
	<wpt lat="52.868848965834268" lon="12.367243294968356">
		<name>2758</name>
		<cmt>Zernitz-Lohm, Neuendorf; L 141 Neuendorfer Dorfstr., Abzweig Zum Kahlschlag</cmt>
		<desc>Zernitz-Lohm, Neuendorf; L 141 Neuendorfer Dorfstr., Abzweig Zum Kahlschlag</desc>
		<src>LB Forst Brandenburg</src>
	</wpt>
	<wpt lat="52.843997605541873" lon="12.263675136090377">
		<name>2752</name>
		<cmt>Breddin, Joachimshof; K 6818 Lohm-Voigtsbrügge, km 3,6</cmt>
		<desc>Breddin, Joachimshof; K 6818 Lohm-Voigtsbrügge, km 3,6</desc>
		<src>LB Forst Brandenburg</src>
	</wpt>
	<wpt lat="52.856957398973272" lon="13.530610246104896">
		<name>1711</name>
		<cmt>Zerpenschleuse; Zerpenschleuse im Ort an der L 100 Ortsausgang Richtung Groß Schönebeck</cmt>
		<desc>Zerpenschleuse; Zerpenschleuse im Ort an der L 100 Ortsausgang Richtung Groß Schönebeck</desc>
		<src>LB Forst Brandenburg</src>
	</wpt>
	<wpt lat="52.85507186671034" lon="13.48250178830688">
		<name>1970</name>
		<cmt>Wandlitz, Zerpenschleuse; in Richtung Rehhorst,Kanalstraße Ende, Waldanfang Radweg Bitumenstraße Richtung Rehhorst</cmt>
		<desc>Wandlitz, Zerpenschleuse; in Richtung Rehhorst,Kanalstraße Ende, Waldanfang Radweg Bitumenstraße Richtung Rehhorst</desc>
		<src>LB Forst Brandenburg</src>
	</wpt>
	<wpt lat="52.206507037225229" lon="14.008610584427474">
		<name>1121</name>
		<cmt>Wendisch Rietz; B246 Beeskower Chaussee, am Bahnhof Wendisch Rietz</cmt>
		<desc>Wendisch Rietz; B246 Beeskower Chaussee, am Bahnhof Wendisch Rietz</desc>
		<src>LB Forst Brandenburg</src>
	</wpt>
	<wpt lat="52.267492666264921" lon="14.071149779201992">
		<name>1140</name>
		<cmt>Bad Saarow, Pieskow; L35 Diensdorfer Str., Abzweig Wilmersdorfer Str.</cmt>
		<desc>Bad Saarow, Pieskow; L35 Diensdorfer Str., Abzweig Wilmersdorfer Str.</desc>
		<src>LB Forst Brandenburg</src>
	</wpt>
	<wpt lat="52.322839093500136" lon="14.100482663322424">
		<name>1094</name>
		<cmt>Langewahl; Neu Golmer Weg Ortsausgang am Friedhof</cmt>
		<desc>Langewahl; Neu Golmer Weg Ortsausgang am Friedhof</desc>
		<src>LB Forst Brandenburg</src>
	</wpt>
	<wpt lat="52.328536436702585" lon="14.126948424654978">
		<name>1093</name>
		<cmt>Langewahl; Alte Försterei Langewahl, Langes Gestell</cmt>
		<desc>Langewahl; Alte Försterei Langewahl, Langes Gestell</desc>
		<src>LB Forst Brandenburg</src>
	</wpt>
	<wpt lat="52.245934855715639" lon="13.991866385127675">
		<name>1074</name>
		<cmt>Dahmsdorf; Reichenwalder Str. ,1.Gestellweg links (befestigter Weg)</cmt>
		<desc>Dahmsdorf; Reichenwalder Str. ,1.Gestellweg links (befestigter Weg)</desc>
		<src>LB Forst Brandenburg</src>
	</wpt>
	<wpt lat="52.82016924450528" lon="12.396203373653861">
		<name>1696</name>
		<cmt>Sieversdorf-Hohenofen, Sieversdorf; Hauptstraße/Dorfstraße, Bushaltestelle</cmt>
		<desc>Sieversdorf-Hohenofen, Sieversdorf; Hauptstraße/Dorfstraße, Bushaltestelle</desc>
		<src>LB Forst Brandenburg</src>
	</wpt>
	<wpt lat="52.848963802451372" lon="12.345777227807206">
		<name>2751</name>
		<cmt>Zernitz-Lohm, Koppenbrück; Koppenbrück 21, Waldeingang</cmt>
		<desc>Zernitz-Lohm, Koppenbrück; Koppenbrück 21, Waldeingang</desc>
		<src>LB Forst Brandenburg</src>
	</wpt>
	<wpt lat="52.804924094716441" lon="12.458962795605753">
		<name>1492</name>
		<cmt>Dreetz, Dreetz; Wilhelm Pieck Str. 16 , Bushaltestelle</cmt>
		<desc>Dreetz, Dreetz; Wilhelm Pieck Str. 16 , Bushaltestelle</desc>
		<src>LB Forst Brandenburg</src>
	</wpt>
	<wpt lat="53.056195845633646" lon="12.971004753602074">
		<name>1340</name>
		<cmt>Rheinsberg, Köpernitz; L 223 Richtung Schulzendorf Abzweig Dollgow</cmt>
		<desc>Rheinsberg, Köpernitz; L 223 Richtung Schulzendorf Abzweig Dollgow</desc>
		<src>LB Forst Brandenburg</src>
	</wpt>
	<wpt lat="52.775463264478759" lon="13.691933622690058">
		<name>1689</name>
		<cmt>Melchow; Melchow Höhe "Märkisch Grün"</cmt>
		<desc>Melchow; Melchow Höhe "Märkisch Grün"</desc>
		<src>LB Forst Brandenburg</src>
	</wpt>
	<wpt lat="52.819068575970071" lon="13.600037783682732">
		<name>1693</name>
		<cmt>Sophienstädt; Försterei Eiserbude, 16359 Biesenthal Eiserbuder Weg 2</cmt>
		<desc>Sophienstädt; Försterei Eiserbude, 16359 Biesenthal Eiserbuder Weg 2</desc>
		<src>LB Forst Brandenburg</src>
	</wpt>
	<wpt lat="52.872491376095702" lon="13.56495033486611">
		<name>1710</name>
		<cmt>Klandorf; Feuerwehr Klandorf</cmt>
		<desc>Klandorf; Feuerwehr Klandorf</desc>
		<src>LB Forst Brandenburg</src>
	</wpt>
	<wpt lat="52.232114164633501" lon="14.0207162513959">
		<name>1072</name>
		<cmt>Wendisch-Rietz; Gemeindestr.Wendisch Rietz Silberberg Abt.Grenze 2103-2106b1 ca1,5 km</cmt>
		<desc>Wendisch-Rietz; Gemeindestr.Wendisch Rietz Silberberg Abt.Grenze 2103-2106b1 ca1,5 km</desc>
		<src>LB Forst Brandenburg</src>
	</wpt>
	<wpt lat="52.226087805702157" lon="13.999944975166841">
		<name>1073</name>
		<cmt>Dahmsdorf; Wend.-Rietzer Str.-Dahmsdorf,Gemakungsgrenze</cmt>
		<desc>Dahmsdorf; Wend.-Rietzer Str.-Dahmsdorf,Gemakungsgrenze</desc>
		<src>LB Forst Brandenburg</src>
	</wpt>
	<wpt lat="52.26452051947534" lon="13.97116842409784">
		<name>1076</name>
		<cmt>Reichenwalde; Storkower-Reichenwalde, unterhalb Wurzelberg</cmt>
		<desc>Reichenwalde; Storkower-Reichenwalde, unterhalb Wurzelberg</desc>
		<src>LB Forst Brandenburg</src>
	</wpt>
	<wpt lat="52.292652475224251" lon="14.033138897209991">
		<name>1075</name>
		<cmt>Bad Saarow; Zufahrtsstr.Marienhöhe Ecke Str. an den Rehwiesen</cmt>
		<desc>Bad Saarow; Zufahrtsstr.Marienhöhe Ecke Str. an den Rehwiesen</desc>
		<src>LB Forst Brandenburg</src>
	</wpt>
	<wpt lat="52.314541585875624" lon="13.748567914722866">
		<name>1200</name>
		<cmt>Heidesee, Dannenreich; Dorfstraße, Feuerwehr</cmt>
		<desc>Heidesee, Dannenreich; Dorfstraße, Feuerwehr</desc>
		<src>LB Forst Brandenburg</src>
	</wpt>
	<wpt lat="52.192227952815955" lon="13.877333268834096">
		<name>1124</name>
		<cmt>Storkow, Schwerin; am Dorfteich</cmt>
		<desc>Storkow, Schwerin; am Dorfteich</desc>
		<src>LB Forst Brandenburg</src>
	</wpt>
	<wpt lat="52.240125708057299" lon="13.945355203393822">
		<name>2776</name>
		<cmt>Storkow; Gersde Rüber Haupteingang Bundeswehrkaserne</cmt>
		<desc>Storkow; Gersde Rüber Haupteingang Bundeswehrkaserne</desc>
		<src>LB Forst Brandenburg</src>
	</wpt>
	<wpt lat="52.159861815530853" lon="13.873909682451897">
		<name>1255</name>
		<cmt>Storkow, Groß Eichholz; L74 Dorfstraße,  Dorfplatz</cmt>
		<desc>Storkow, Groß Eichholz; L74 Dorfstraße,  Dorfplatz</desc>
		<src>LB Forst Brandenburg</src>
	</wpt>
	<wpt lat="52.151894951542801" lon="13.977973991515526">
		<name>1112</name>
		<cmt>Storkow, Limsdorf; an der L42, ( Spitze Wald am Kreuzungsbereich)ca.2,6 km Richtung Alt Schadow Abzweig Kehrigk (L74) "Gleis Dreieck"</cmt>
		<desc>Storkow, Limsdorf; an der L42, ( Spitze Wald am Kreuzungsbereich)ca.2,6 km Richtung Alt Schadow Abzweig Kehrigk (L74) "Gleis Dreieck"</desc>
		<src>LB Forst Brandenburg</src>
	</wpt>
	<wpt lat="52.169736874317501" lon="14.029789313106205">
		<name>1108</name>
		<cmt>Storkow, Möllendorf; Dorfanger</cmt>
		<desc>Storkow, Möllendorf; Dorfanger</desc>
		<src>LB Forst Brandenburg</src>
	</wpt>
	<wpt lat="52.194044779392094" lon="13.919047054553646">
		<name>1122</name>
		<cmt>Storkow, Bugk; L741 Dorfstraße, am  Feuerwehrhaus</cmt>
		<desc>Storkow, Bugk; L741 Dorfstraße, am  Feuerwehrhaus</desc>
		<src>LB Forst Brandenburg</src>
	</wpt>
	<wpt lat="52.225776912121766" lon="13.90421914182666">
		<name>1125</name>
		<cmt>Storkow, Wochowsee; Dorfstraße am Gemeindehaus</cmt>
		<desc>Storkow, Wochowsee; Dorfstraße am Gemeindehaus</desc>
		<src>LB Forst Brandenburg</src>
	</wpt>
	<wpt lat="52.771776000878837" lon="14.067218347670982">
		<name>1624</name>
		<cmt>Bad Freienwalde, Altranft; Straßenmeisterei, Sitz Altranft, Besucherparkplatz</cmt>
		<desc>Bad Freienwalde, Altranft; Straßenmeisterei, Sitz Altranft, Besucherparkplatz</desc>
		<src>LB Forst Brandenburg</src>
	</wpt>
	<wpt lat="53.148391367768539" lon="12.008656131262441">
		<name>1469</name>
		<cmt>Groß Pankow, Wolfshagen; Schloß Wolfshagen</cmt>
		<desc>Groß Pankow, Wolfshagen; Schloß Wolfshagen</desc>
		<src>LB Forst Brandenburg</src>
	</wpt>
	<wpt lat="53.252858501230094" lon="12.037334473243353">
		<name>1579</name>
		<cmt>Putlitz; Platz neben der Parchimer Straße</cmt>
		<desc>Putlitz; Platz neben der Parchimer Straße</desc>
		<src>LB Forst Brandenburg</src>
	</wpt>
	<wpt lat="53.286271080370483" lon="11.993607292797666">
		<name>1580</name>
		<cmt>Nettelbeck, Krumbeck; Bushaltestelle an der L111</cmt>
		<desc>Nettelbeck, Krumbeck; Bushaltestelle an der L111</desc>
		<src>LB Forst Brandenburg</src>
	</wpt>
	<wpt lat="52.274495755464898" lon="13.958205195741845">
		<name>1078</name>
		<cmt>Storkow; L361, Fürstenwalder Str.Einfahrt Storkower Hähnchen GmbH</cmt>
		<desc>Storkow; L361, Fürstenwalder Str.Einfahrt Storkower Hähnchen GmbH</desc>
		<src>LB Forst Brandenburg</src>
	</wpt>
	<wpt lat="52.162444429226255" lon="13.920943539870638">
		<name>1115</name>
		<cmt>Storkow, Kehrigk; Abbiegung nach Limsdorf gleich rechts an der Kreuzung</cmt>
		<desc>Storkow, Kehrigk; Abbiegung nach Limsdorf gleich rechts an der Kreuzung</desc>
		<src>LB Forst Brandenburg</src>
	</wpt>
	<wpt lat="52.152190448295464" lon="14.028729017402632">
		<name>1106</name>
		<cmt>Storkow, Limsdorf; K6726, Richtung OT Schwenow, Waldparkplatz</cmt>
		<desc>Storkow, Limsdorf; K6726, Richtung OT Schwenow, Waldparkplatz</desc>
		<src>LB Forst Brandenburg</src>
	</wpt>
	<wpt lat="52.14324102223366" lon="14.044045720497738">
		<name>1105</name>
		<cmt>Storkow, Schwenow; K6726 Limsdorfer Str., Ortsmitte</cmt>
		<desc>Storkow, Schwenow; K6726 Limsdorfer Str., Ortsmitte</desc>
		<src>LB Forst Brandenburg</src>
	</wpt>
	<wpt lat="52.297217853748663" lon="13.986358548123187">
		<name>1081</name>
		<cmt>Kolpin; von L361,Richtung Briesenluch,am Sportplatz Kolpin</cmt>
		<desc>Kolpin; von L361,Richtung Briesenluch,am Sportplatz Kolpin</desc>
		<src>LB Forst Brandenburg</src>
	</wpt>
	<wpt lat="52.302054474120631" lon="13.885486692373014">
		<name>1089</name>
		<cmt>Neu Stahnsdorf; Alt-Stahnsdorf,Ot Neu Stahnsdorf,am Plattenweg</cmt>
		<desc>Neu Stahnsdorf; Alt-Stahnsdorf,Ot Neu Stahnsdorf,am Plattenweg</desc>
		<src>LB Forst Brandenburg</src>
	</wpt>
	<wpt lat="53.045384836225658" lon="13.842304152912213">
		<name>1669</name>
		<cmt>Parlow/Glambeck, Redernswalde; Kreuzung "Alte Templiner Straße"</cmt>
		<desc>Parlow/Glambeck, Redernswalde; Kreuzung "Alte Templiner Straße"</desc>
		<src>LB Forst Brandenburg</src>
	</wpt>
	<wpt lat="52.953825642597558" lon="13.721323798501775">
		<name>1754</name>
		<cmt>Joachimsthal; Holzablage Michen, an der B 198</cmt>
		<desc>Joachimsthal; Holzablage Michen, an der B 198</desc>
		<src>LB Forst Brandenburg</src>
	</wpt>
	<wpt lat="52.927294658666092" lon="13.704742902498802">
		<name>1726</name>
		<cmt>Joachimsthal; "Waldhof" zwischen Eichhorst und Joachimsthal</cmt>
		<desc>Joachimsthal; "Waldhof" zwischen Eichhorst und Joachimsthal</desc>
		<src>LB Forst Brandenburg</src>
	</wpt>
	<wpt lat="52.994586739770128" lon="13.680154975178546">
		<name>1747</name>
		<cmt>Joachimthal, Forst Joachimsthal; Försterei Lindhorst (Zorndorf)</cmt>
		<desc>Joachimthal, Forst Joachimsthal; Försterei Lindhorst (Zorndorf)</desc>
		<src>LB Forst Brandenburg</src>
	</wpt>
	<wpt lat="52.923782309750976" lon="13.73168474446377">
		<name>1720</name>
		<cmt>Schorfheide, Altenhof; Europäische Jugend und Erholungsstätte Altenhof - Eingang</cmt>
		<desc>Schorfheide, Altenhof; Europäische Jugend und Erholungsstätte Altenhof - Eingang</desc>
		<src>LB Forst Brandenburg</src>
	</wpt>
	<wpt lat="52.950651533171893" lon="13.831011830338518">
		<name>1664</name>
		<cmt>Chorin, Senftenhütte; B 198 Abzweig Senftenhütte</cmt>
		<desc>Chorin, Senftenhütte; B 198 Abzweig Senftenhütte</desc>
		<src>LB Forst Brandenburg</src>
	</wpt>
	<wpt lat="53.018026620841219" lon="13.816807804785469">
		<name>1752</name>
		<cmt>Friedrichswalde, Parlow-Glambeck; Ortseingang Glambeck aus Richtung Joachimsthal kommend</cmt>
		<desc>Friedrichswalde, Parlow-Glambeck; Ortseingang Glambeck aus Richtung Joachimsthal kommend</desc>
		<src>LB Forst Brandenburg</src>
	</wpt>
	<wpt lat="52.963204776597536" lon="13.752021588809598">
		<name>1753</name>
		<cmt>Joachimsthal; B 198 Einfahrt Kaiserbahnhof bei Joachimsthal</cmt>
		<desc>Joachimsthal; B 198 Einfahrt Kaiserbahnhof bei Joachimsthal</desc>
		<src>LB Forst Brandenburg</src>
	</wpt>
	<wpt lat="52.942721954008611" lon="13.7830667691304">
		<name>2794</name>
		<cmt>Altenhof; Joachimsthal Richtung Golzow (B198) rechts Abzweig Glasstraße</cmt>
		<desc>Altenhof; Joachimsthal Richtung Golzow (B198) rechts Abzweig Glasstraße</desc>
		<src>LB Forst Brandenburg</src>
	</wpt>
	<wpt lat="52.959280402511375" lon="13.682344945549248">
		<name>1755</name>
		<cmt>Joachimsthal, Kienhorst; Schönebecker Straße, aus Richtung Joachimsthal        himsthal kommend, Einfahrt Revierförsterei Kienhorst</cmt>
		<desc>Joachimsthal, Kienhorst; Schönebecker Straße, aus Richtung Joachimsthal        himsthal kommend, Einfahrt Revierförsterei Kienhorst</desc>
		<src>LB Forst Brandenburg</src>
	</wpt>
	<wpt lat="52.993441355642126" lon="13.73061234275554">
		<name>1749</name>
		<cmt>Joachimsthal; Friedrichswalder Straße (L23), aus Richtung Joachimsthal (A-Gestell) kommend</cmt>
		<desc>Joachimsthal; Friedrichswalder Straße (L23), aus Richtung Joachimsthal (A-Gestell) kommend</desc>
		<src>LB Forst Brandenburg</src>
	</wpt>
	<wpt lat="52.384175473174736" lon="13.873861731889782">
		<name>1063</name>
		<cmt>Grünheide, Mönchwinkel; Neue Spreeauer Str., Ecke Am Walde</cmt>
		<desc>Grünheide, Mönchwinkel; Neue Spreeauer Str., Ecke Am Walde</desc>
		<src>LB Forst Brandenburg</src>
	</wpt>
	<wpt lat="52.366906019262665" lon="13.838057678559338">
		<name>1212</name>
		<cmt>Grünheide, Spreeau; K6755, gegenüber der Feuerwehr</cmt>
		<desc>Grünheide, Spreeau; K6755, gegenüber der Feuerwehr</desc>
		<src>LB Forst Brandenburg</src>
	</wpt>
	<wpt lat="52.366939736646465" lon="13.821559534163535">
		<name>1213</name>
		<cmt>Grünheide, Spreeau; K6755 in Richtg. Freienbrink, an der Leitungstrasse</cmt>
		<desc>Grünheide, Spreeau; K6755 in Richtg. Freienbrink, an der Leitungstrasse</desc>
		<src>LB Forst Brandenburg</src>
	</wpt>
	<wpt lat="52.374526773598575" lon="13.835398373091653">
		<name>1214</name>
		<cmt>Grünheide, Spreeau; L23, Busstelle und Parkpl.zum Störitzsee</cmt>
		<desc>Grünheide, Spreeau; L23, Busstelle und Parkpl.zum Störitzsee</desc>
		<src>LB Forst Brandenburg</src>
	</wpt>
	<wpt lat="52.394005163897866" lon="13.813239602407853">
		<name>1232</name>
		<cmt>Grünheide; L38, Kreisel 900m Richtung A10, Forstschranke Einfahrt Alte Poststrasse</cmt>
		<desc>Grünheide; L38, Kreisel 900m Richtung A10, Forstschranke Einfahrt Alte Poststrasse</desc>
		<src>LB Forst Brandenburg</src>
	</wpt>
	<wpt lat="52.423848512806046" lon="13.780558765660325">
		<name>1226</name>
		<cmt>Erkner; L38 Fangschleusenstraße, Parkplatz am Heidereutersee</cmt>
		<desc>Erkner; L38 Fangschleusenstraße, Parkplatz am Heidereutersee</desc>
		<src>LB Forst Brandenburg</src>
	</wpt>
	<wpt lat="52.142460851573617" lon="13.64757089656216">
		<name>1168</name>
		<cmt>Schwerin; Halber Weg, Autobahnbrücke A 13</cmt>
		<desc>Schwerin; Halber Weg, Autobahnbrücke A 13</desc>
		<src>LB Forst Brandenburg</src>
	</wpt>
	<wpt lat="52.559787120664581" lon="14.355551785055896">
		<name>2781</name>
		<cmt>Gusow-Platkow, Gusow; B 167, Am Bahnübergang Gusow</cmt>
		<desc>Gusow-Platkow, Gusow; B 167, Am Bahnübergang Gusow</desc>
		<src>LB Forst Brandenburg</src>
	</wpt>
	<wpt lat="52.511076144516039" lon="14.328346586849751">
		<name>2675</name>
		<cmt>Vierlinden, Diedersdorf; B 1, Gaststätte Ulmenhof</cmt>
		<desc>Vierlinden, Diedersdorf; B 1, Gaststätte Ulmenhof</desc>
		<src>LB Forst Brandenburg</src>
	</wpt>
	<wpt lat="52.509246447959185" lon="14.274296764084568">
		<name>2674</name>
		<cmt>Vierlinden, Worin; B 1, Forsthaus Grüner Wald</cmt>
		<desc>Vierlinden, Worin; B 1, Forsthaus Grüner Wald</desc>
		<src>LB Forst Brandenburg</src>
	</wpt>
	<wpt lat="52.508542319317101" lon="14.223728205384333">
		<name>2676</name>
		<cmt>Müncheberg, Jahnsfelde; B 1, Gaststätte Landhaus Jahnsfelde</cmt>
		<desc>Müncheberg, Jahnsfelde; B 1, Gaststätte Landhaus Jahnsfelde</desc>
		<src>LB Forst Brandenburg</src>
	</wpt>
	<wpt lat="53.048099279797469" lon="13.163079403555363">
		<name>1304</name>
		<cmt>Neulüdersdorf; K6514 Abzweig Neulüdersdorf</cmt>
		<desc>Neulüdersdorf; K6514 Abzweig Neulüdersdorf</desc>
		<src>LB Forst Brandenburg</src>
	</wpt>
	<wpt lat="53.071706981173371" lon="13.180108078452173">
		<name>1305</name>
		<cmt>Seilershof; Abzweig B96 Seilershof; Abzweig B96</cmt>
		<desc>Seilershof; Abzweig B96 Seilershof; Abzweig B96</desc>
		<src>LB Forst Brandenburg</src>
	</wpt>
	<wpt lat="53.09373386434752" lon="13.143661572975626">
		<name>1306</name>
		<cmt>Seilershof; Haus an der Polz</cmt>
		<desc>Seilershof; Haus an der Polz</desc>
		<src>LB Forst Brandenburg</src>
	</wpt>
	<wpt lat="53.100529897298266" lon="13.251018123388507">
		<name>1296</name>
		<cmt>Fürstenberg, Blumenow; Hauptkreuzung am ehemaligen Gutshof</cmt>
		<desc>Fürstenberg, Blumenow; Hauptkreuzung am ehemaligen Gutshof</desc>
		<src>LB Forst Brandenburg</src>
	</wpt>
	<wpt lat="53.098568943706532" lon="13.28763745769483">
		<name>1297</name>
		<cmt>Fürstenberg, Barsdorf; Ortsausgang Richtung Blumenow</cmt>
		<desc>Fürstenberg, Barsdorf; Ortsausgang Richtung Blumenow</desc>
		<src>LB Forst Brandenburg</src>
	</wpt>
	<wpt lat="52.673632669571226" lon="13.337164448503987">
		<name>1962</name>
		<cmt>Hohen Neuendorf, Bergfelde; Grünstraße am Waldrand</cmt>
		<desc>Hohen Neuendorf, Bergfelde; Grünstraße am Waldrand</desc>
		<src>LB Forst Brandenburg</src>
	</wpt>
	<wpt lat="52.597836567319042" lon="13.196186397717668">
		<name>1979</name>
		<cmt>Hennigsdorf, Nieder Neuendorf; Oberjägerweg am Waldrand</cmt>
		<desc>Hennigsdorf, Nieder Neuendorf; Oberjägerweg am Waldrand</desc>
		<src>LB Forst Brandenburg</src>
	</wpt>
	<wpt lat="52.481683452362702" lon="14.333908197935012">
		<name>2672</name>
		<cmt>Lietzen; Komturei</cmt>
		<desc>Lietzen; Komturei</desc>
		<src>LB Forst Brandenburg</src>
	</wpt>
	<wpt lat="52.306087858606823" lon="14.243961097548608">
		<name>2650</name>
		<cmt>Kersdorfer Schleuse; Funkmast, nörd-östlich, Kersdorfer Schleuse</cmt>
		<desc>Kersdorfer Schleuse; Funkmast, nörd-östlich, Kersdorfer Schleuse</desc>
		<src>LB Forst Brandenburg</src>
	</wpt>
	<wpt lat="52.532103317914391" lon="14.217298114507127">
		<name>2791</name>
		<cmt>Müncheberg, Trebnitz; Dorfkirche Trebnitz</cmt>
		<desc>Müncheberg, Trebnitz; Dorfkirche Trebnitz</desc>
		<src>LB Forst Brandenburg</src>
	</wpt>
	<wpt lat="52.487237063122727" lon="14.27860677848426">
		<name>2673</name>
		<cmt>Vierlinden, Marxdorf; Dorfkirche Marxdorf</cmt>
		<desc>Vierlinden, Marxdorf; Dorfkirche Marxdorf</desc>
		<src>LB Forst Brandenburg</src>
	</wpt>
	<wpt lat="52.345591022265268" lon="14.184218708044076">
		<name>2654</name>
		<cmt>Berkenbrück; ehem. Forsthaus, östlich Berkenbrück</cmt>
		<desc>Berkenbrück; ehem. Forsthaus, östlich Berkenbrück</desc>
		<src>LB Forst Brandenburg</src>
	</wpt>
	<wpt lat="53.104896263876931" lon="12.953669440942441">
		<name>1310</name>
		<cmt>Stechlin, Sellenwalde; L15 / Alte Försterei Sellenwalde</cmt>
		<desc>Stechlin, Sellenwalde; L15 / Alte Försterei Sellenwalde</desc>
		<src>LB Forst Brandenburg</src>
	</wpt>
	<wpt lat="53.143330169737531" lon="13.060428846336681">
		<name>1314</name>
		<cmt>Stechlin, Neuglobsow; L15 Kreuzung Neuglobsow</cmt>
		<desc>Stechlin, Neuglobsow; L15 Kreuzung Neuglobsow</desc>
		<src>LB Forst Brandenburg</src>
	</wpt>
	<wpt lat="53.142200150890012" lon="13.097505340431516">
		<name>1313</name>
		<cmt>Stechlin, Altglobsow; L15 Abzweig Altglobsow</cmt>
		<desc>Stechlin, Altglobsow; L15 Abzweig Altglobsow</desc>
		<src>LB Forst Brandenburg</src>
	</wpt>
	<wpt lat="52.870060863635587" lon="13.167993028575097">
		<name>2049</name>
		<cmt>Löwenberger Land Ausbau Wackerberge; K6509 nahe B96 Abzweig Grüneberg</cmt>
		<desc>Löwenberger Land Ausbau Wackerberge; K6509 nahe B96 Abzweig Grüneberg</desc>
		<src>LB Forst Brandenburg</src>
	</wpt>
	<wpt lat="52.319830961664536" lon="14.114418632306574">
		<name>2820</name>
		<cmt>Langewahl; Zufahrt Langewahl von Umgehungsstr.,nahe Mülldeponie</cmt>
		<desc>Langewahl; Zufahrt Langewahl von Umgehungsstr.,nahe Mülldeponie</desc>
		<src>LB Forst Brandenburg</src>
	</wpt>
	<wpt lat="52.941132666918975" lon="13.213742814138199">
		<name>1929</name>
		<cmt>Löwenberger Land, Häsen; K6512 Ortslage Häsen, Abzweig Liebenberger Weg</cmt>
		<desc>Löwenberger Land, Häsen; K6512 Ortslage Häsen, Abzweig Liebenberger Weg</desc>
		<src>LB Forst Brandenburg</src>
	</wpt>
	<wpt lat="52.517734988128836" lon="13.829006834723254">
		<name>2720</name>
		<cmt>Strausberg; Wasserwerk am Stienitzsee</cmt>
		<desc>Strausberg; Wasserwerk am Stienitzsee</desc>
		<src>LB Forst Brandenburg</src>
	</wpt>
	<wpt lat="52.053396391886167" lon="13.897434408771886">
		<name>2216</name>
		<cmt>Unterspreewald, Neu Lübbenau; Lübbener Straße Nr.36</cmt>
		<desc>Unterspreewald, Neu Lübbenau; Lübbener Straße Nr.36</desc>
		<src>LB Forst Brandenburg</src>
	</wpt>
	<wpt lat="52.106569399881948" lon="13.702330989440931">
		<name>1188</name>
		<cmt>Halbe; Bushaltestelle:Moritzplatz</cmt>
		<desc>Halbe; Bushaltestelle:Moritzplatz</desc>
		<src>LB Forst Brandenburg</src>
	</wpt>
	<wpt lat="52.099462700116511" lon="13.824243764469793">
		<name>1184</name>
		<cmt>Münchehofe, Klein Wasserburg; B179 Leibscher Chaussee, Abzweig Klein Wasserburg</cmt>
		<desc>Münchehofe, Klein Wasserburg; B179 Leibscher Chaussee, Abzweig Klein Wasserburg</desc>
		<src>LB Forst Brandenburg</src>
	</wpt>
	<wpt lat="52.123437706174087" lon="13.79946789922545">
		<name>1185</name>
		<cmt>Münchehofe; L74 Münchehofer Str., Abzweig Birkholz</cmt>
		<desc>Münchehofe; L74 Münchehofer Str., Abzweig Birkholz</desc>
		<src>LB Forst Brandenburg</src>
	</wpt>
	<wpt lat="52.753349118137635" lon="13.038805937165042">
		<name>1769</name>
		<cmt>Kremmen; B273 Orstlage Kremmen, Bahnhof Kremmen</cmt>
		<desc>Kremmen; B273 Orstlage Kremmen, Bahnhof Kremmen</desc>
		<src>LB Forst Brandenburg</src>
	</wpt>
	<wpt lat="52.726976101119732" lon="12.987991977417947">
		<name>2000</name>
		<cmt>Kremmen, Staffelde; B273 Nauener Chaussee Rettungswache Staffelde</cmt>
		<desc>Kremmen, Staffelde; B273 Nauener Chaussee Rettungswache Staffelde</desc>
		<src>LB Forst Brandenburg</src>
	</wpt>
	<wpt lat="52.63330328769689" lon="13.146517627830528">
		<name>1976</name>
		<cmt>Oberkrämer, Bötzow; L20 in Richtung Schönwalde, Parkplatz Bötzow</cmt>
		<desc>Oberkrämer, Bötzow; L20 in Richtung Schönwalde, Parkplatz Bötzow</desc>
		<src>LB Forst Brandenburg</src>
	</wpt>
	<wpt lat="52.747538861318276" lon="13.154400678217977">
		<name>2579</name>
		<cmt>Oranienburg, Germendorf; B273 Kremmener Allee, Tierpark - Parkplatz</cmt>
		<desc>Oranienburg, Germendorf; B273 Kremmener Allee, Tierpark - Parkplatz</desc>
		<src>LB Forst Brandenburg</src>
	</wpt>
	<wpt lat="51.721463219617746" lon="13.383042380127462">
		<name>1876</name>
		<cmt>Schlieben; Amtsverwaltung, Herzberger Str. 7</cmt>
		<desc>Schlieben; Amtsverwaltung, Herzberger Str. 7</desc>
		<src>LB Forst Brandenburg</src>
	</wpt>
	<wpt lat="53.204131901460485" lon="11.822665809956877">
		<name>1572</name>
		<cmt>Kribbe, Neuhof; Dorfplatz Neuhof</cmt>
		<desc>Kribbe, Neuhof; Dorfplatz Neuhof</desc>
		<src>LB Forst Brandenburg</src>
	</wpt>
	<wpt lat="52.527395959255472" lon="13.719927793904022">
		<name>2711</name>
		<cmt>Neuenhagen, Elisenhof; Elisenhofer Weg</cmt>
		<desc>Neuenhagen, Elisenhof; Elisenhofer Weg</desc>
		<src>LB Forst Brandenburg</src>
	</wpt>
	<wpt lat="51.728427279733062" lon="13.316998811014075">
		<name>1877</name>
		<cmt>Kolochau; Parkplatz / B87, Poststr. 14</cmt>
		<desc>Kolochau; Parkplatz / B87, Poststr. 14</desc>
		<src>LB Forst Brandenburg</src>
	</wpt>
	<wpt lat="53.130903883991543" lon="11.663447898771118">
		<name>1418</name>
		<cmt>Mankmuß; Festplatz Mankmuß;</cmt>
		<desc>Mankmuß; Festplatz Mankmuß;</desc>
		<src>LB Forst Brandenburg</src>
	</wpt>
	<wpt lat="51.754355822117283" lon="13.357291757184493">
		<name>1878</name>
		<cmt>Schlieben , Krassig; Ortseingang aus Richtung Schlieben, Krassig Nr. 1</cmt>
		<desc>Schlieben , Krassig; Ortseingang aus Richtung Schlieben, Krassig Nr. 1</desc>
		<src>LB Forst Brandenburg</src>
	</wpt>
	<wpt lat="53.185655241066058" lon="11.651525697342155">
		<name>1420</name>
		<cmt>Garlin, Sargleben; Abzweig Seetz</cmt>
		<desc>Garlin, Sargleben; Abzweig Seetz</desc>
		<src>LB Forst Brandenburg</src>
	</wpt>
	<wpt lat="51.742434800856763" lon="13.438863947023046">
		<name>1879</name>
		<cmt>Fichtwald , Naundorf; Gaststätte , Parkplatz, Dorfstr. 45</cmt>
		<desc>Fichtwald , Naundorf; Gaststätte , Parkplatz, Dorfstr. 45</desc>
		<src>LB Forst Brandenburg</src>
	</wpt>
	<wpt lat="53.175261146890776" lon="11.573480606559048">
		<name>1419</name>
		<cmt>Zapel; Gemeindehaus</cmt>
		<desc>Zapel; Gemeindehaus</desc>
		<src>LB Forst Brandenburg</src>
	</wpt>
	<wpt lat="53.032294538874275" lon="12.665962663322418">
		<name>1910</name>
		<cmt>Temnitzquell, Pfalzheim; Ortseingang von Rägelin kommend</cmt>
		<desc>Temnitzquell, Pfalzheim; Ortseingang von Rägelin kommend</desc>
		<src>LB Forst Brandenburg</src>
	</wpt>
	<wpt lat="52.727810388636328" lon="12.926883578077373">
		<name>2001</name>
		<cmt>Kremmen, Flatow; L17 Kreuzung Richtung Kuhhorst</cmt>
		<desc>Kremmen, Flatow; L17 Kreuzung Richtung Kuhhorst</desc>
		<src>LB Forst Brandenburg</src>
	</wpt>
	<wpt lat="52.459391092860784" lon="13.952552074064617">
		<name>1046</name>
		<cmt>Grünheide, Kienbaum; Sportschule, Radrennbahn</cmt>
		<desc>Grünheide, Kienbaum; Sportschule, Radrennbahn</desc>
		<src>LB Forst Brandenburg</src>
	</wpt>
	<wpt lat="52.450216096541183" lon="13.95739319356796">
		<name>1040</name>
		<cmt>Grünheide, Kienbaum; Kienbaumer Straße,Ölleitung</cmt>
		<desc>Grünheide, Kienbaum; Kienbaumer Straße,Ölleitung</desc>
		<src>LB Forst Brandenburg</src>
	</wpt>
	<wpt lat="52.461762168699011" lon="13.984228065351221">
		<name>2813</name>
		<cmt>Grünheide, Kienbaum; Radweg Neue Mühle</cmt>
		<desc>Grünheide, Kienbaum; Radweg Neue Mühle</desc>
		<src>LB Forst Brandenburg</src>
	</wpt>
	<wpt lat="52.420886703058493" lon="13.974341571158769">
		<name>1066</name>
		<cmt>Grünheide, Hangelsberg; Am Plaatz1, L385 Hangelsbg. Richtung Kienbaum  ab Bahnüberg. ca. 2,4 km dann rechts ab, Revierförsterei Plaatz Hubschr.-Land</cmt>
		<desc>Grünheide, Hangelsberg; Am Plaatz1, L385 Hangelsbg. Richtung Kienbaum  ab Bahnüberg. ca. 2,4 km dann rechts ab, Revierförsterei Plaatz Hubschr.-Land</desc>
		<src>LB Forst Brandenburg</src>
	</wpt>
	<wpt lat="52.396548960728389" lon="13.964484307675738">
		<name>1030</name>
		<cmt>Fürstenwalde; Forsthaus Kleine Heide</cmt>
		<desc>Fürstenwalde; Forsthaus Kleine Heide</desc>
		<src>LB Forst Brandenburg</src>
	</wpt>
	<wpt lat="52.383648006572933" lon="13.892127699882673">
		<name>1031</name>
		<cmt>Sprennhagen, Kirchhofen; Radweg Mönchwinkel - Kirchhofen rechts hinter Spreebrücke Parkplatz Wasserwanderer</cmt>
		<desc>Sprennhagen, Kirchhofen; Radweg Mönchwinkel - Kirchhofen rechts hinter Spreebrücke Parkplatz Wasserwanderer</desc>
		<src>LB Forst Brandenburg</src>
	</wpt>
	<wpt lat="52.366759444618047" lon="13.992937241164855">
		<name>1087</name>
		<cmt>Fürstenwalde; Braunsdorfer Straße  Schleuse Große Tränke</cmt>
		<desc>Fürstenwalde; Braunsdorfer Straße  Schleuse Große Tränke</desc>
		<src>LB Forst Brandenburg</src>
	</wpt>
	<wpt lat="52.35253474055439" lon="14.006352395269785">
		<name>1086</name>
		<cmt>Fürstenwalde; Fürstenwalde Südwest; L36 Spreenhagener Str., Einmündung Kiesweg</cmt>
		<desc>Fürstenwalde; Fürstenwalde Südwest; L36 Spreenhagener Str., Einmündung Kiesweg</desc>
		<src>LB Forst Brandenburg</src>
	</wpt>
	<wpt lat="52.384714576621519" lon="14.015660098856587">
		<name>1067</name>
		<cmt>Fürstenwalde; Amselweg, Onkel Toms Hütte, L35 am Umspannwerk in Amselweg einbiegen.</cmt>
		<desc>Fürstenwalde; Amselweg, Onkel Toms Hütte, L35 am Umspannwerk in Amselweg einbiegen.</desc>
		<src>LB Forst Brandenburg</src>
	</wpt>
	<wpt lat="52.352552360763802" lon="14.140835334729204">
		<name>2816</name>
		<cmt>Berkenbrück/Spree, Berkenbrück; Berkenbrück Forsthaus Beerenbusch</cmt>
		<desc>Berkenbrück/Spree, Berkenbrück; Berkenbrück Forsthaus Beerenbusch</desc>
		<src>LB Forst Brandenburg</src>
	</wpt>
	<wpt lat="52.333925777310093" lon="14.067147332516088">
		<name>2822</name>
		<cmt>Fürstenwalde; A12, AS Fürstenwalde; nördlich</cmt>
		<desc>Fürstenwalde; A12, AS Fürstenwalde; nördlich</desc>
		<src>LB Forst Brandenburg</src>
	</wpt>
	<wpt lat="52.061468990292035" lon="13.849795330449677">
		<name>2215</name>
		<cmt>Krausnick/Groß Wasserburg, Groß Wasserburg; Groß Wasserbung;  Dorfstraße Nr. 20/21, Gaststätte</cmt>
		<desc>Krausnick/Groß Wasserburg, Groß Wasserburg; Groß Wasserbung;  Dorfstraße Nr. 20/21, Gaststätte</desc>
		<src>LB Forst Brandenburg</src>
	</wpt>
	<wpt lat="52.032642382125559" lon="13.821435327707261">
		<name>2219</name>
		<cmt>Krausnick/Groß Wasserburg, Krausnick; Hauptstraße Ringstraße, Kreisverkehr</cmt>
		<desc>Krausnick/Groß Wasserburg, Krausnick; Hauptstraße Ringstraße, Kreisverkehr</desc>
		<src>LB Forst Brandenburg</src>
	</wpt>
	<wpt lat="53.103180224740917" lon="11.483042360245662">
		<name>1464</name>
		<cmt>Lenzen; Busunternehmen Hülsebeck</cmt>
		<desc>Lenzen; Busunternehmen Hülsebeck</desc>
		<src>LB Forst Brandenburg</src>
	</wpt>
	<wpt lat="52.137712083216648" lon="13.940862464585612">
		<name>1114</name>
		<cmt>Märkisch Heide, OT Alt Schadow; am Radweg gerade rüber v. ehm. Forsthaus Tschinka</cmt>
		<desc>Märkisch Heide, OT Alt Schadow; am Radweg gerade rüber v. ehm. Forsthaus Tschinka</desc>
		<src>LB Forst Brandenburg</src>
	</wpt>
	<wpt lat="51.641079599068071" lon="13.120179865296961">
		<name>1791</name>
		<cmt>Herzberg,Züllsdorf; Dorfmitte,gegenüber Gaststätte "Zur Tanne"</cmt>
		<desc>Herzberg,Züllsdorf; Dorfmitte,gegenüber Gaststätte "Zur Tanne"</desc>
		<src>LB Forst Brandenburg</src>
	</wpt>
	<wpt lat="51.606196590723322" lon="13.155543018915941">
		<name>1865</name>
		<cmt>Herzberg,Löhsten; Richtung Rehfeld, Waldkante</cmt>
		<desc>Herzberg,Löhsten; Richtung Rehfeld, Waldkante</desc>
		<src>LB Forst Brandenburg</src>
	</wpt>
	<wpt lat="51.844610186501527" lon="13.159502025486947">
		<name>2406</name>
		<cmt>Schönewalde,  Stolzenhain; Gaststätte Hagen, Abzweig "An den Hufen"</cmt>
		<desc>Schönewalde,  Stolzenhain; Gaststätte Hagen, Abzweig "An den Hufen"</desc>
		<src>LB Forst Brandenburg</src>
	</wpt>
	<wpt lat="53.282142956143282" lon="13.779532491688029">
		<name>1262</name>
		<cmt>Nordwestuckermark, Groß Sperrenwalde; Groß Sperrenwalde, Einfahrt Wache zum StOÜPl Kleine Heide, L15</cmt>
		<desc>Nordwestuckermark, Groß Sperrenwalde; Groß Sperrenwalde, Einfahrt Wache zum StOÜPl Kleine Heide, L15</desc>
		<src>LB Forst Brandenburg</src>
	</wpt>
	<wpt lat="52.192766683844582" lon="12.524304266132679">
		<name>2135</name>
		<cmt>Belzig, Weitzgrund; K 6936, Ortseingang von Verlorenwasser kommend</cmt>
		<desc>Belzig, Weitzgrund; K 6936, Ortseingang von Verlorenwasser kommend</desc>
		<src>LB Forst Brandenburg</src>
	</wpt>
	<wpt lat="52.183063374791445" lon="12.462956646478721">
		<name>2175</name>
		<cmt>Belzig, Werbig; Werbiger Dorfstrasse 1, "Gaststaette zur Erholung"</cmt>
		<desc>Belzig, Werbig; Werbiger Dorfstrasse 1, "Gaststaette zur Erholung"</desc>
		<src>LB Forst Brandenburg</src>
	</wpt>
	<wpt lat="52.24853874863728" lon="12.484755555522167">
		<name>2179</name>
		<cmt>Belzig, Groß Briesen; L 941, Ortsmitte Groß Briesen, Kirche</cmt>
		<desc>Belzig, Groß Briesen; L 941, Ortsmitte Groß Briesen, Kirche</desc>
		<src>LB Forst Brandenburg</src>
	</wpt>
	<wpt lat="52.238399029703146" lon="12.513235791568897">
		<name>2174</name>
		<cmt>Belzig, Klein Briesen; L 941, Ortsmitte Klein Briesen, Kirche</cmt>
		<desc>Belzig, Klein Briesen; L 941, Ortsmitte Klein Briesen, Kirche</desc>
		<src>LB Forst Brandenburg</src>
	</wpt>
	<wpt lat="52.6326398183663" lon="13.849943252315969">
		<name>2725</name>
		<cmt>Gielsdorf, Eichenbrandt; L 23, OT Eichenbrandt, Kreuzung Tiefenseer Chaussee/Eichenbrandt</cmt>
		<desc>Gielsdorf, Eichenbrandt; L 23, OT Eichenbrandt, Kreuzung Tiefenseer Chaussee/Eichenbrandt</desc>
		<src>LB Forst Brandenburg</src>
	</wpt>
	<wpt lat="52.576138093624841" lon="14.625228662563414">
		<name>2799</name>
		<cmt>Küstriner Vorland, Küstrin-Kietz; B1, Oderinsel</cmt>
		<desc>Küstriner Vorland, Küstrin-Kietz; B1, Oderinsel</desc>
		<src>LB Forst Brandenburg</src>
	</wpt>
	<wpt lat="53.196724547940271" lon="11.707061475864695">
		<name>1436</name>
		<cmt>Bootz; Spielplatz Bootz</cmt>
		<desc>Bootz; Spielplatz Bootz</desc>
		<src>LB Forst Brandenburg</src>
	</wpt>
	<wpt lat="52.245532961420686" lon="13.567534732803427">
		<name>1158</name>
		<cmt>Mittenwalde, Gallun; Storkower Straße 1, Gelände Wasser- und Bodenverband</cmt>
		<desc>Mittenwalde, Gallun; Storkower Straße 1, Gelände Wasser- und Bodenverband</desc>
		<src>LB Forst Brandenburg</src>
	</wpt>
	<wpt lat="52.199199397930919" lon="13.5860417063695">
		<name>1155</name>
		<cmt>Mittenwalde, Motzen; Karl Marx Straße, Ecke Köriser Straße</cmt>
		<desc>Mittenwalde, Motzen; Karl Marx Straße, Ecke Köriser Straße</desc>
		<src>LB Forst Brandenburg</src>
	</wpt>
	<wpt lat="52.195218414530871" lon="13.623747215311646">
		<name>1156</name>
		<cmt>Mittenwalde, Motzen; Köriser Straße, Bahnübergang "Blockstelle"</cmt>
		<desc>Mittenwalde, Motzen; Köriser Straße, Bahnübergang "Blockstelle"</desc>
		<src>LB Forst Brandenburg</src>
	</wpt>
	<wpt lat="52.220651477742855" lon="13.604555079515308">
		<name>1157</name>
		<cmt>Bestensee; Motzener Straße / Unter den Eichen</cmt>
		<desc>Bestensee; Motzener Straße / Unter den Eichen</desc>
		<src>LB Forst Brandenburg</src>
	</wpt>
	<wpt lat="52.24087765185984" lon="13.664058373488036">
		<name>1160</name>
		<cmt>Bestensee, Pätz; B179 an der Rettungswache</cmt>
		<desc>Bestensee, Pätz; B179 an der Rettungswache</desc>
		<src>LB Forst Brandenburg</src>
	</wpt>
	<wpt lat="52.270459574684971" lon="13.609771712851689">
		<name>1208</name>
		<cmt>Königs Wusterhausen, Zeesen; Straße am Klärwerk Ecke August-Bebel-Straße</cmt>
		<desc>Königs Wusterhausen, Zeesen; Straße am Klärwerk Ecke August-Bebel-Straße</desc>
		<src>LB Forst Brandenburg</src>
	</wpt>
	<wpt lat="52.848725654318649" lon="13.845354285603459">
		<name>1477</name>
		<cmt>Eberswalde; Macherslust, Einfahrt Waldweg gegenüber Villa</cmt>
		<desc>Eberswalde; Macherslust, Einfahrt Waldweg gegenüber Villa</desc>
		<src>LB Forst Brandenburg</src>
	</wpt>
	<wpt lat="51.583103250658553" lon="14.336734115809175">
		<name>2449</name>
		<cmt>Spremberg; Auffahrt west Kippe Pulsberg, Nähe Drebkauer Str.9a Spremberg</cmt>
		<desc>Spremberg; Auffahrt west Kippe Pulsberg, Nähe Drebkauer Str.9a Spremberg</desc>
		<src>LB Forst Brandenburg</src>
	</wpt>
	<wpt lat="52.013354081978086" lon="13.691358562817889">
		<name>2242</name>
		<cmt>Rietzeneudorf/Staakow, Rietzneuendorf; Autobahnabfahrt Staakow BAB 13, westlich Richtung Golßen</cmt>
		<desc>Rietzeneudorf/Staakow, Rietzneuendorf; Autobahnabfahrt Staakow BAB 13, westlich Richtung Golßen</desc>
		<src>LB Forst Brandenburg</src>
	</wpt>
	<wpt lat="52.400610795408276" lon="14.027867894786112">
		<name>1069</name>
		<cmt>Fürstenwalde, Trebus; Trebus Hangelsberger Weg</cmt>
		<desc>Fürstenwalde, Trebus; Trebus Hangelsberger Weg</desc>
		<src>LB Forst Brandenburg</src>
	</wpt>
	<wpt lat="52.359671602095936" lon="13.965851812780812">
		<name>1070</name>
		<cmt>Spreenhagen, Göllmnitz; L753 von FüWa Richtung Braunsdorf kurz vor Braunsdorf links ab</cmt>
		<desc>Spreenhagen, Göllmnitz; L753 von FüWa Richtung Braunsdorf kurz vor Braunsdorf links ab</desc>
		<src>LB Forst Brandenburg</src>
	</wpt>
	<wpt lat="52.453716888184893" lon="13.774167056763268">
		<name>2708</name>
		<cmt>Rüdersdorf; K 6420, Waldstraße  -  Rehaklinik</cmt>
		<desc>Rüdersdorf; K 6420, Waldstraße  -  Rehaklinik</desc>
		<src>LB Forst Brandenburg</src>
	</wpt>
	<wpt lat="52.106472271702145" lon="13.274977474824562">
		<name>2285</name>
		<cmt>Nuthe-Urstromtal, Schöneweide; an der Feuerwehr, Lüdersdorfer Straße</cmt>
		<desc>Nuthe-Urstromtal, Schöneweide; an der Feuerwehr, Lüdersdorfer Straße</desc>
		<src>LB Forst Brandenburg</src>
	</wpt>
	<wpt lat="52.453521939443633" lon="13.880628665778207">
		<name>1243</name>
		<cmt>Grünheide, Möllensee; Parkplatz an der Südspitze Elsensee</cmt>
		<desc>Grünheide, Möllensee; Parkplatz an der Südspitze Elsensee</desc>
		<src>LB Forst Brandenburg</src>
	</wpt>
	<wpt lat="52.481586987990809" lon="13.68957355677253">
		<name>1229</name>
		<cmt>Schöneiche b. Berlin; Am Weidensee</cmt>
		<desc>Schöneiche b. Berlin; Am Weidensee</desc>
		<src>LB Forst Brandenburg</src>
	</wpt>
	<wpt lat="52.899731856554034" lon="13.660908420497517">
		<name>1718</name>
		<cmt>Schorfheide, Eichhorst; Campingplatz Süßer Winkel, Str. Eichhorst nach Altenhof im Wald</cmt>
		<desc>Schorfheide, Eichhorst; Campingplatz Süßer Winkel, Str. Eichhorst nach Altenhof im Wald</desc>
		<src>LB Forst Brandenburg</src>
	</wpt>
	<wpt lat="52.756466328390282" lon="13.533279064880665">
		<name>1702</name>
		<cmt>Wandlitz, Ützdorf; Parkplatz Ützdorf, Ortsausgang Richtung Lanke</cmt>
		<desc>Wandlitz, Ützdorf; Parkplatz Ützdorf, Ortsausgang Richtung Lanke</desc>
		<src>LB Forst Brandenburg</src>
	</wpt>
	<wpt lat="52.726513504703711" lon="13.964719449203979">
		<name>1639</name>
		<cmt>Höhenland, Wölsickendorf-Wollenberg; Waldweg Wollenberg</cmt>
		<desc>Höhenland, Wölsickendorf-Wollenberg; Waldweg Wollenberg</desc>
		<src>LB Forst Brandenburg</src>
	</wpt>
	<wpt lat="52.717083510498917" lon="14.000647622689119">
		<name>1622</name>
		<cmt>Wriezen, Rädikow; Parkplatz Rädikow, gegenüber Forsthaus 1</cmt>
		<desc>Wriezen, Rädikow; Parkplatz Rädikow, gegenüber Forsthaus 1</desc>
		<src>LB Forst Brandenburg</src>
	</wpt>
	<wpt lat="52.711670894325202" lon="14.029168646435418">
		<name>1638</name>
		<cmt>Wriezen, Haselberg; Abzweig Heideweg</cmt>
		<desc>Wriezen, Haselberg; Abzweig Heideweg</desc>
		<src>LB Forst Brandenburg</src>
	</wpt>
	<wpt lat="52.645600025431904" lon="14.073633631094207">
		<name>2705</name>
		<cmt>Reichenow-Möglin, Reichenow; Wanderweg Reichenow</cmt>
		<desc>Reichenow-Möglin, Reichenow; Wanderweg Reichenow</desc>
		<src>LB Forst Brandenburg</src>
	</wpt>
	<wpt lat="52.730242564901253" lon="14.115434280868623">
		<name>1634</name>
		<cmt>Wriezen; Stadtsee</cmt>
		<desc>Wriezen; Stadtsee</desc>
		<src>LB Forst Brandenburg</src>
	</wpt>
	<wpt lat="52.74371650653233" lon="14.101617744846255">
		<name>1636</name>
		<cmt>Wriezen,  Altgaul; Waldweg, Gasleitung Altgaul</cmt>
		<desc>Wriezen,  Altgaul; Waldweg, Gasleitung Altgaul</desc>
		<src>LB Forst Brandenburg</src>
	</wpt>
	<wpt lat="52.889414134202731" lon="13.700696737593043">
		<name>1713</name>
		<cmt>Schorfheide, Werbellin; An der Feuerwehr</cmt>
		<desc>Schorfheide, Werbellin; An der Feuerwehr</desc>
		<src>LB Forst Brandenburg</src>
	</wpt>
	<wpt lat="52.96294129653517" lon="13.570573968639454">
		<name>1729</name>
		<cmt>Schorfheide; L 100 Parkplatz Eichendreieck, 5,3 km von OA Groß Schönebeck Richtung Prenzlau linke Seite</cmt>
		<desc>Schorfheide; L 100 Parkplatz Eichendreieck, 5,3 km von OA Groß Schönebeck Richtung Prenzlau linke Seite</desc>
		<src>LB Forst Brandenburg</src>
	</wpt>
	<wpt lat="52.943907799912033" lon="13.469078722241356">
		<name>1736</name>
		<cmt>Schorfheide, Schluft; Buswendeschleife Ortsteil Schluft</cmt>
		<desc>Schorfheide, Schluft; Buswendeschleife Ortsteil Schluft</desc>
		<src>LB Forst Brandenburg</src>
	</wpt>
	<wpt lat="52.913065183637848" lon="13.46161445850252">
		<name>1739</name>
		<cmt>Liebenthal; Ortsmitte Liebenthal, Abzweig Wildpferdgehege</cmt>
		<desc>Liebenthal; Ortsmitte Liebenthal, Abzweig Wildpferdgehege</desc>
		<src>LB Forst Brandenburg</src>
	</wpt>
	<wpt lat="52.833721973715477" lon="13.671125979836448">
		<name>1692</name>
		<cmt>Schorfheide, Finowfurt; Museumsstr. 1, Finowfurt an der Haupteinfahrt zum Flugzeugmuseum</cmt>
		<desc>Schorfheide, Finowfurt; Museumsstr. 1, Finowfurt an der Haupteinfahrt zum Flugzeugmuseum</desc>
		<src>LB Forst Brandenburg</src>
	</wpt>
	<wpt lat="52.051846047604606" lon="13.234803312963638">
		<name>2240</name>
		<cmt>Nuthe Urstromtal, Jänickendorf; Alte Hauptstraße (L73) Abzweig Charlottenfelder Str- Ortsausgang</cmt>
		<desc>Nuthe Urstromtal, Jänickendorf; Alte Hauptstraße (L73) Abzweig Charlottenfelder Str- Ortsausgang</desc>
		<src>LB Forst Brandenburg</src>
	</wpt>
	<wpt lat="51.634370265155233" lon="14.513299809915768">
		<name>2427</name>
		<cmt>Hornow; Revierförsterei</cmt>
		<desc>Hornow; Revierförsterei</desc>
		<src>LB Forst Brandenburg</src>
	</wpt>
	<wpt lat="51.618906795945676" lon="14.756256084241592">
		<name>2413</name>
		<cmt>Jerischke, Zelz; K 710 , Bushalte- und Wendestelle an der Ortsteileinfahrt Zelz</cmt>
		<desc>Jerischke, Zelz; K 710 , Bushalte- und Wendestelle an der Ortsteileinfahrt Zelz</desc>
		<src>LB Forst Brandenburg</src>
	</wpt>
	<wpt lat="51.60279100880549" lon="14.611719064513627">
		<name>2410</name>
		<cmt>Döbern, Eichwege; B 115 , Kreuzzung K 7101 Richtung Jerischke Parkplatz Norma</cmt>
		<desc>Döbern, Eichwege; B 115 , Kreuzzung K 7101 Richtung Jerischke Parkplatz Norma</desc>
		<src>LB Forst Brandenburg</src>
	</wpt>
	<wpt lat="51.625630030611298" lon="14.58165620493093">
		<name>2416</name>
		<cmt>Döbern; B 115 an der Einfahrt Garten und Landschaftsbau Döbern</cmt>
		<desc>Döbern; B 115 an der Einfahrt Garten und Landschaftsbau Döbern</desc>
		<src>LB Forst Brandenburg</src>
	</wpt>
	<wpt lat="52.894716228061533" lon="13.892786844783354">
		<name>1656</name>
		<cmt>Chorin; Amtsseekurve L 200 (B 2), Einfahrt Denglerweg</cmt>
		<desc>Chorin; Amtsseekurve L 200 (B 2), Einfahrt Denglerweg</desc>
		<src>LB Forst Brandenburg</src>
	</wpt>
	<wpt lat="52.198057187253028" lon="13.179668636351387">
		<name>1017</name>
		<cmt>Nuthe-Urstromtal,  Ahrensdorf; ehem. Altersheim-Löwendorfer Straße 25- K7220</cmt>
		<desc>Nuthe-Urstromtal,  Ahrensdorf; ehem. Altersheim-Löwendorfer Straße 25- K7220</desc>
		<src>LB Forst Brandenburg</src>
	</wpt>
	<wpt lat="52.755510396439384" lon="13.674061564632789">
		<name>2796</name>
		<cmt>Biesenthal; L29 beim Bahnhof, ehem. kleines Tanklager</cmt>
		<desc>Biesenthal; L29 beim Bahnhof, ehem. kleines Tanklager</desc>
		<src>LB Forst Brandenburg</src>
	</wpt>
	<wpt lat="52.812903210946551" lon="13.581689810297362">
		<name>1701</name>
		<cmt>Sophienstädt; Sophienstädt an der Kirche</cmt>
		<desc>Sophienstädt; Sophienstädt an der Kirche</desc>
		<src>LB Forst Brandenburg</src>
	</wpt>
	<wpt lat="52.835645165369769" lon="13.600686763609595">
		<name>1694</name>
		<cmt>Marienwerder; Marienwerder am Sportplatz</cmt>
		<desc>Marienwerder; Marienwerder am Sportplatz</desc>
		<src>LB Forst Brandenburg</src>
	</wpt>
	<wpt lat="52.85109770793408" lon="13.592327200497706">
		<name>2798</name>
		<cmt>Marienwerder; Marienwerder, B167, Marienwerderweg Richtung Klandorf</cmt>
		<desc>Marienwerder; Marienwerder, B167, Marienwerderweg Richtung Klandorf</desc>
		<src>LB Forst Brandenburg</src>
	</wpt>
	<wpt lat="52.82602648728502" lon="13.56004842725941">
		<name>1699</name>
		<cmt>Marienwerder, Ruhlsdorf; an der Kirche</cmt>
		<desc>Marienwerder, Ruhlsdorf; an der Kirche</desc>
		<src>LB Forst Brandenburg</src>
	</wpt>
	<wpt lat="52.796856012288842" lon="13.515317068547922">
		<name>1977</name>
		<cmt>Neudörfchen; Hiramhaus Neudörfchen</cmt>
		<desc>Neudörfchen; Hiramhaus Neudörfchen</desc>
		<src>LB Forst Brandenburg</src>
	</wpt>
	<wpt lat="52.790261464622397" lon="13.552356277607247">
		<name>1980</name>
		<cmt>Prenden; Feuerwehr</cmt>
		<desc>Prenden; Feuerwehr</desc>
		<src>LB Forst Brandenburg</src>
	</wpt>
	<wpt lat="52.06564354782526" lon="14.570282380830134">
		<name>2600</name>
		<cmt>Neuzelle, Ossendorf; L 452, Bushaltestelle/Feuerwehr</cmt>
		<desc>Neuzelle, Ossendorf; L 452, Bushaltestelle/Feuerwehr</desc>
		<src>LB Forst Brandenburg</src>
	</wpt>
	<wpt lat="52.094512826640909" lon="14.561732638574385">
		<name>2590</name>
		<cmt>Neuzelle, Kobbeln; L 43, gegenüber Gaststätte</cmt>
		<desc>Neuzelle, Kobbeln; L 43, gegenüber Gaststätte</desc>
		<src>LB Forst Brandenburg</src>
	</wpt>
	<wpt lat="52.766437634070094" lon="13.631290513082076">
		<name>1691</name>
		<cmt>Biesenthal; Kirchgasse Parkplatz Kirche</cmt>
		<desc>Biesenthal; Kirchgasse Parkplatz Kirche</desc>
		<src>LB Forst Brandenburg</src>
	</wpt>
	<wpt lat="52.294460133381037" lon="14.068176188186616">
		<name>1077</name>
		<cmt>Bad Saarow; L412 Golmer Str.-Ecke Philipp-Müller Str.</cmt>
		<desc>Bad Saarow; L412 Golmer Str.-Ecke Philipp-Müller Str.</desc>
		<src>LB Forst Brandenburg</src>
	</wpt>
	<wpt lat="52.887150204799632" lon="13.877591498083325">
		<name>1646</name>
		<cmt>Chorin, Sandkrug; L 200 (B 2) Ortsausgang Sandkrug Richtung Chorin rechts</cmt>
		<desc>Chorin, Sandkrug; L 200 (B 2) Ortsausgang Sandkrug Richtung Chorin rechts</desc>
		<src>LB Forst Brandenburg</src>
	</wpt>
	<wpt lat="52.050346853275407" lon="13.469084483095898">
		<name>2348</name>
		<cmt>Baruth/Mark, Paplitz; Baruther Landstraße, Bushaltestelle</cmt>
		<desc>Baruth/Mark, Paplitz; Baruther Landstraße, Bushaltestelle</desc>
		<src>LB Forst Brandenburg</src>
	</wpt>
	<wpt lat="52.919837853824397" lon="13.905590987346171">
		<name>1660</name>
		<cmt>Chorin; L 200 (B 2) Bahnhof Chorin Einfahrt Richtung Brodowin</cmt>
		<desc>Chorin; L 200 (B 2) Bahnhof Chorin Einfahrt Richtung Brodowin</desc>
		<src>LB Forst Brandenburg</src>
	</wpt>
	<wpt lat="51.722287423391478" lon="14.542051670735525">
		<name>2434</name>
		<cmt>Dubrau; Forsthaus Dubrau</cmt>
		<desc>Dubrau; Forsthaus Dubrau</desc>
		<src>LB Forst Brandenburg</src>
	</wpt>
	<wpt lat="51.583388099328573" lon="13.347439409151619">
		<name>1860</name>
		<cmt>Beutersitz Bahnhof, Zufahrt zum Denkmal; Landeswald, Waldweg Ortseingang Richtung Beutersitz</cmt>
		<desc>Beutersitz Bahnhof, Zufahrt zum Denkmal; Landeswald, Waldweg Ortseingang Richtung Beutersitz</desc>
		<src>LB Forst Brandenburg</src>
	</wpt>
	<wpt lat="51.68565560440571" lon="14.358579971273144">
		<name>2539</name>
		<cmt>Groß Oßnik; B 97 Bushaltestelle OT Eichweg/Apfelweg;</cmt>
		<desc>Groß Oßnik; B 97 Bushaltestelle OT Eichweg/Apfelweg;</desc>
		<src>LB Forst Brandenburg</src>
	</wpt>
	<wpt lat="51.656184772003591" lon="14.3305628589756">
		<name>2538</name>
		<cmt>Neuhausen, Gr. Döbbern; Drebkauer Str.,Sportlerheim</cmt>
		<desc>Neuhausen, Gr. Döbbern; Drebkauer Str.,Sportlerheim</desc>
		<src>LB Forst Brandenburg</src>
	</wpt>
	<wpt lat="51.654385916234034" lon="14.4185774431136">
		<name>2428</name>
		<cmt>Neuhausen, Bagenz; Ehem. Jugendherberge Bagenz; Heideschänke</cmt>
		<desc>Neuhausen, Bagenz; Ehem. Jugendherberge Bagenz; Heideschänke</desc>
		<src>LB Forst Brandenburg</src>
	</wpt>
	<wpt lat="51.647781581034522" lon="14.649241852654313">
		<name>2417</name>
		<cmt>Preschen; Forsthaus Ortseingang aus Richtung Döbern</cmt>
		<desc>Preschen; Forsthaus Ortseingang aus Richtung Döbern</desc>
		<src>LB Forst Brandenburg</src>
	</wpt>
	<wpt lat="51.657158636365061" lon="14.652452271234067">
		<name>2571</name>
		<cmt>Preschen; Richtung Flugplatz, südlich</cmt>
		<desc>Preschen; Richtung Flugplatz, südlich</desc>
		<src>LB Forst Brandenburg</src>
	</wpt>
	<wpt lat="51.655919709909213" lon="14.693398450074854">
		<name>2421</name>
		<cmt>Raden; Ortseingang aus Richtung Groß Bademeusel, ehemalige Gaststätte</cmt>
		<desc>Raden; Ortseingang aus Richtung Groß Bademeusel, ehemalige Gaststätte</desc>
		<src>LB Forst Brandenburg</src>
	</wpt>
	<wpt lat="51.616813967319551" lon="14.703016314954825">
		<name>2415</name>
		<cmt>Jerischke; K 7101 , Abzweig Fahrradstraße Richtung Preschen Hauptgebäude Landschulheim</cmt>
		<desc>Jerischke; K 7101 , Abzweig Fahrradstraße Richtung Preschen Hauptgebäude Landschulheim</desc>
		<src>LB Forst Brandenburg</src>
	</wpt>
	<wpt lat="53.031446332246567" lon="14.115817609033209">
		<name>1762</name>
		<cmt>Felchow; Ortslage Felchow, Abzweig Schöneberg von der L284</cmt>
		<desc>Felchow; Ortslage Felchow, Abzweig Schöneberg von der L284</desc>
		<src>LB Forst Brandenburg</src>
	</wpt>
	<wpt lat="52.109082406141383" lon="14.265069870939215">
		<name>2623</name>
		<cmt>Friedland; Alte Försterei Friedland, Sportplatz 1</cmt>
		<desc>Friedland; Alte Försterei Friedland, Sportplatz 1</desc>
		<src>LB Forst Brandenburg</src>
	</wpt>
	<wpt lat="52.059176373306492" lon="14.279658036116938">
		<name>2620</name>
		<cmt>Karras/Postbrücke; Postbrücke,B 168, angelegen</cmt>
		<desc>Karras/Postbrücke; Postbrücke,B 168, angelegen</desc>
		<src>LB Forst Brandenburg</src>
	</wpt>
	<wpt lat="52.125360179238591" lon="13.162965452742085">
		<name>2301</name>
		<cmt>Nuthe-Urstromtal, Ruhlsdorf; Frankenfelder Straße- Einfahrt zur Gemeindeverwaltung</cmt>
		<desc>Nuthe-Urstromtal, Ruhlsdorf; Frankenfelder Straße- Einfahrt zur Gemeindeverwaltung</desc>
		<src>LB Forst Brandenburg</src>
	</wpt>
	<wpt lat="51.534165192906357" lon="13.630321988251481">
		<name>1780</name>
		<cmt>Gorden; L 62 Ortsmitte, Bäckerei Schulze</cmt>
		<desc>Gorden; L 62 Ortsmitte, Bäckerei Schulze</desc>
		<src>LB Forst Brandenburg</src>
	</wpt>
	<wpt lat="51.727226671192788" lon="13.765533092151824">
		<name>1795</name>
		<cmt>Crinitz, Crinitz; Zufahrt Revierförsterei Oberhof 1</cmt>
		<desc>Crinitz, Crinitz; Zufahrt Revierförsterei Oberhof 1</desc>
		<src>LB Forst Brandenburg</src>
	</wpt>
	<wpt lat="52.9723452263501" lon="12.743108322123227">
		<name>1907</name>
		<cmt>Storbeck-Frankendorf, Waisenkrug; L18, Forsthaus Waisenkrug</cmt>
		<desc>Storbeck-Frankendorf, Waisenkrug; L18, Forsthaus Waisenkrug</desc>
		<src>LB Forst Brandenburg</src>
	</wpt>
	<wpt lat="51.613732806366244" lon="13.759130203300064">
		<name>1855</name>
		<cmt>Lichterfeld-Schacksdorf, Schacksdorf; L 60,  "Gaststätte Zierenberg"</cmt>
		<desc>Lichterfeld-Schacksdorf, Schacksdorf; L 60,  "Gaststätte Zierenberg"</desc>
		<src>LB Forst Brandenburg</src>
	</wpt>
	<wpt lat="51.620111375790529" lon="13.815902900399267">
		<name>1856</name>
		<cmt>Lichterfeld-Schacksdorf, Lieskau; L 61, "Agrar Dollenchen"</cmt>
		<desc>Lichterfeld-Schacksdorf, Lieskau; L 61, "Agrar Dollenchen"</desc>
		<src>LB Forst Brandenburg</src>
	</wpt>
	<wpt lat="51.660057425558662" lon="13.785492444319486">
		<name>1804</name>
		<cmt>Massen Niederlausitz, Lindthal; K 6227, Weggabelung Ortsausgang Lindthal in Richtung Rehain</cmt>
		<desc>Massen Niederlausitz, Lindthal; K 6227, Weggabelung Ortsausgang Lindthal in Richtung Rehain</desc>
		<src>LB Forst Brandenburg</src>
	</wpt>
	<wpt lat="51.709050527717658" lon="13.782459380959736">
		<name>1805</name>
		<cmt>Massen, Babben; K 6229, Wegekreuzung Revierförsterei</cmt>
		<desc>Massen, Babben; K 6229, Wegekreuzung Revierförsterei</desc>
		<src>LB Forst Brandenburg</src>
	</wpt>
	<wpt lat="51.74360591888307" lon="13.778798593847169">
		<name>1796</name>
		<cmt>Crinitz, Crinitz; L 56, ehemaliger Holzplatz Crinitz</cmt>
		<desc>Crinitz, Crinitz; L 56, ehemaliger Holzplatz Crinitz</desc>
		<src>LB Forst Brandenburg</src>
	</wpt>
	<wpt lat="51.735235111550374" lon="13.592280883852965">
		<name>1881</name>
		<cmt>Sonnewalde, Kleinkrausnik; K 6234, Ortslage Kleinkrausnik, Gaststätte Trappe</cmt>
		<desc>Sonnewalde, Kleinkrausnik; K 6234, Ortslage Kleinkrausnik, Gaststätte Trappe</desc>
		<src>LB Forst Brandenburg</src>
	</wpt>
	<wpt lat="51.691680076996875" lon="13.53933073665166">
		<name>1797</name>
		<cmt>Doberlug-Kirchhain, Lichtena; L 703, Lagerhallen Agrar Werenzhain in Lichtena</cmt>
		<desc>Doberlug-Kirchhain, Lichtena; L 703, Lagerhallen Agrar Werenzhain in Lichtena</desc>
		<src>LB Forst Brandenburg</src>
	</wpt>
	<wpt lat="52.675727719668579" lon="13.827397137594243">
		<name>1709</name>
		<cmt>Tiefensee; Tiefensee Bahnhof,  Berliner Str., Tiefensee an der L 158</cmt>
		<desc>Tiefensee; Tiefensee Bahnhof,  Berliner Str., Tiefensee an der L 158</desc>
		<src>LB Forst Brandenburg</src>
	</wpt>
	<wpt lat="52.68071099408651" lon="13.739323287046389">
		<name>2004</name>
		<cmt>Schönfeld; an der Kirche</cmt>
		<desc>Schönfeld; an der Kirche</desc>
		<src>LB Forst Brandenburg</src>
	</wpt>
	<wpt lat="52.600098003814004" lon="13.572546837180736">
		<name>2793</name>
		<cmt>Ahrensfelde, Blumberg; Bundespolizei Blumberg Zufahrt / Diensthundeausbildungsanlage</cmt>
		<desc>Ahrensfelde, Blumberg; Bundespolizei Blumberg Zufahrt / Diensthundeausbildungsanlage</desc>
		<src>LB Forst Brandenburg</src>
	</wpt>
	<wpt lat="52.199254289246255" lon="13.792677647156379">
		<name>1198</name>
		<cmt>Heidesee, Streganz; Kreuzung Am Streganzberg / Münchehofener Straße / Weg zum Blauen Weg</cmt>
		<desc>Heidesee, Streganz; Kreuzung Am Streganzberg / Münchehofener Straße / Weg zum Blauen Weg</desc>
		<src>LB Forst Brandenburg</src>
	</wpt>
	<wpt lat="52.558662473140053" lon="12.600523435162785">
		<name>2507</name>
		<cmt>GMDE Nennhausen,GMRK Barnewitz; Einmündung Alte Heerstraße auf K 6311</cmt>
		<desc>GMDE Nennhausen,GMRK Barnewitz; Einmündung Alte Heerstraße auf K 6311</desc>
		<src>LB Forst Brandenburg</src>
	</wpt>
	<wpt lat="52.536832646018617" lon="12.539206789228013">
		<name>2506</name>
		<cmt>GMDE Nennhausen,GMRK Garlitz; Einmündung Alte Heerstraße auf L982</cmt>
		<desc>GMDE Nennhausen,GMRK Garlitz; Einmündung Alte Heerstraße auf L982</desc>
		<src>LB Forst Brandenburg</src>
	</wpt>
	<wpt lat="52.094901487020927" lon="13.050014631594415">
		<name>1119</name>
		<cmt>Luckenwalde, Felgentreu; K7218 Betonweg Alte Funkstation Frankenförde</cmt>
		<desc>Luckenwalde, Felgentreu; K7218 Betonweg Alte Funkstation Frankenförde</desc>
		<src>LB Forst Brandenburg</src>
	</wpt>
	<wpt lat="52.067672072453185" lon="12.941934156221047">
		<name>1139</name>
		<cmt>Treuenbrietzen, Pech; L812 Ortsausgang Bardenitz Richtung Klausdorf, erste Kurve vor Waldanfang</cmt>
		<desc>Treuenbrietzen, Pech; L812 Ortsausgang Bardenitz Richtung Klausdorf, erste Kurve vor Waldanfang</desc>
		<src>LB Forst Brandenburg</src>
	</wpt>
	<wpt lat="52.032636536573044" lon="12.953095140573858">
		<name>1147</name>
		<cmt>Treuenbrietzen, Tiefenbrunnen; B102 Ortsausgang Tiefenbrunnen, 500m in Richtung Jüterbog (Altes Lager), Abzweig Pflasterstraße</cmt>
		<desc>Treuenbrietzen, Tiefenbrunnen; B102 Ortsausgang Tiefenbrunnen, 500m in Richtung Jüterbog (Altes Lager), Abzweig Pflasterstraße</desc>
		<src>LB Forst Brandenburg</src>
	</wpt>
	<wpt lat="52.359654007970903" lon="13.188812494129786">
		<name>2871</name>
		<cmt>Güterfelde; Güterfelde, L77 Richtung Saarmund, Parkplatz Grüner Weg</cmt>
		<desc>Güterfelde; Güterfelde, L77 Richtung Saarmund, Parkplatz Grüner Weg</desc>
		<src>LB Forst Brandenburg</src>
	</wpt>
	<wpt lat="52.391823942228818" lon="13.190731535850515">
		<name>2870</name>
		<cmt>Stahnsdorf; Alte Potsdamer Landstraße, Kreuzung Bundespolizei</cmt>
		<desc>Stahnsdorf; Alte Potsdamer Landstraße, Kreuzung Bundespolizei</desc>
		<src>LB Forst Brandenburg</src>
	</wpt>
	<wpt lat="52.329717879166736" lon="13.11581404276671">
		<name>2866</name>
		<cmt>Nuthetal, Saarmund; Potsdamer Straße, ggü Autobahnabfahrt Saarmund</cmt>
		<desc>Nuthetal, Saarmund; Potsdamer Straße, ggü Autobahnabfahrt Saarmund</desc>
		<src>LB Forst Brandenburg</src>
	</wpt>
	<wpt lat="52.340532146080911" lon="12.720642769124186">
		<name>2862</name>
		<cmt>Kloster Lehnin, Nahmitz; Hafen Nahmitz, Dorfstraße 62a</cmt>
		<desc>Kloster Lehnin, Nahmitz; Hafen Nahmitz, Dorfstraße 62a</desc>
		<src>LB Forst Brandenburg</src>
	</wpt>
	<wpt lat="52.163465014630212" lon="13.117299296602491">
		<name>2873</name>
		<cmt>Nuthe-Urstromtal, Hennickendorf; Hennickendorf, Zur Kaserne 10, Einfahrt ehem Kaserne "Pegasus Park"</cmt>
		<desc>Nuthe-Urstromtal, Hennickendorf; Hennickendorf, Zur Kaserne 10, Einfahrt ehem Kaserne "Pegasus Park"</desc>
		<src>LB Forst Brandenburg</src>
	</wpt>
	<wpt lat="52.328743883844133" lon="13.281312981242719">
		<name>2872</name>
		<cmt>Ludwigsfelde; B101n, Abfahrt Gewerbegebiet, Einfahrt Waldschneise</cmt>
		<desc>Ludwigsfelde; B101n, Abfahrt Gewerbegebiet, Einfahrt Waldschneise</desc>
		<src>LB Forst Brandenburg</src>
	</wpt>
	<wpt lat="53.049884237619629" lon="11.8223414824">
		<name>2836</name>
		<cmt>Perleberg; Weg zum Bauhof, Waldeinfahrt</cmt>
		<desc>Perleberg; Weg zum Bauhof, Waldeinfahrt</desc>
		<src>LB Forst Brandenburg</src>
	</wpt>
	<wpt lat="53.042337637664907" lon="11.804303758957973">
		<name>2837</name>
		<cmt>Perleberg; am Bauhof</cmt>
		<desc>Perleberg; am Bauhof</desc>
		<src>LB Forst Brandenburg</src>
	</wpt>
	<wpt lat="53.052346635575056" lon="11.778219979304426">
		<name>2838</name>
		<cmt>Weisen, Schilde; Sükower Weg</cmt>
		<desc>Weisen, Schilde; Sükower Weg</desc>
		<src>LB Forst Brandenburg</src>
	</wpt>
	<wpt lat="52.90763055314023" lon="12.090580824405579">
		<name>2846</name>
		<cmt>Plattenburg, Glöwen; Zum Sportplatz</cmt>
		<desc>Plattenburg, Glöwen; Zum Sportplatz</desc>
		<src>LB Forst Brandenburg</src>
	</wpt>
	<wpt lat="53.198637213157397" lon="12.145788067639169">
		<name>2840</name>
		<cmt>Pritzwalk, Steffenshagen; Straße des Friedens 7, Ehem. Kaserne</cmt>
		<desc>Pritzwalk, Steffenshagen; Straße des Friedens 7, Ehem. Kaserne</desc>
		<src>LB Forst Brandenburg</src>
	</wpt>
	<wpt lat="53.193840124366645" lon="12.51362843456104">
		<name>2845</name>
		<cmt>Wittstock (Dosse), Alt Daber; Röbeler Straße Richtung Alt Daber, Flugplatzallee, Zufahrt Solarpark an ehem. Kaserne</cmt>
		<desc>Wittstock (Dosse), Alt Daber; Röbeler Straße Richtung Alt Daber, Flugplatzallee, Zufahrt Solarpark an ehem. Kaserne</desc>
		<src>LB Forst Brandenburg</src>
	</wpt>
	<wpt lat="52.58544473037977" lon="12.76943417813599">
		<name>2850</name>
		<cmt>Nauen, Groß Behnitz; L91, Einfahrt Haus am Wald</cmt>
		<desc>Nauen, Groß Behnitz; L91, Einfahrt Haus am Wald</desc>
		<src>LB Forst Brandenburg</src>
	</wpt>
	<wpt lat="52.296307554963214" lon="13.112876298201982">
		<name>2869</name>
		<cmt>Nuthetal, Saarmund; L771, Einfahrt Kiesgrube</cmt>
		<desc>Nuthetal, Saarmund; L771, Einfahrt Kiesgrube</desc>
		<src>LB Forst Brandenburg</src>
	</wpt>
	<wpt lat="52.249807344178905" lon="12.299873749262895">
		<name>2863</name>
		<cmt>Ziesar; B107 Ziesar-Köpernitz, Feldweg vor Autobahnbrücke rechts</cmt>
		<desc>Ziesar; B107 Ziesar-Köpernitz, Feldweg vor Autobahnbrücke rechts</desc>
		<src>LB Forst Brandenburg</src>
	</wpt>
	<wpt lat="52.51619613363772" lon="12.98066706064205">
		<name>2853</name>
		<cmt>Wustermark, Priort; Potsdamer Weg, Ecke Neubauernweg</cmt>
		<desc>Wustermark, Priort; Potsdamer Weg, Ecke Neubauernweg</desc>
		<src>LB Forst Brandenburg</src>
	</wpt>
	<wpt lat="52.529880428447619" lon="12.997185297040524">
		<name>2852</name>
		<cmt>Wustermark, Elstal; Zur Döberitzer Heide, Eingang HSS, Wendeschleife hinter Erdbeerhof</cmt>
		<desc>Wustermark, Elstal; Zur Döberitzer Heide, Eingang HSS, Wendeschleife hinter Erdbeerhof</desc>
		<src>LB Forst Brandenburg</src>
	</wpt>
	<wpt lat="52.513708946410794" lon="13.155678254651805">
		<name>2854</name>
		<cmt>Dallgow-Döberitz, Seeburg; Staaken, Weinbergshöhe, Landesgrenze BE/BB, Wohngebiet südöstlich Hahneberg</cmt>
		<desc>Dallgow-Döberitz, Seeburg; Staaken, Weinbergshöhe, Landesgrenze BE/BB, Wohngebiet südöstlich Hahneberg</desc>
		<src>LB Forst Brandenburg</src>
	</wpt>
	<wpt lat="52.506813897434952" lon="13.149632776379848">
		<name>2855</name>
		<cmt>Dallgow-Döberitz, Seeburg; Seeburg-Engelsfelde, Einfahrt Acker, ggü Wendeschleife Ortsausgang</cmt>
		<desc>Dallgow-Döberitz, Seeburg; Seeburg-Engelsfelde, Einfahrt Acker, ggü Wendeschleife Ortsausgang</desc>
		<src>LB Forst Brandenburg</src>
	</wpt>
	<wpt lat="52.299022768290605" lon="12.93657798338389">
		<name>2864</name>
		<cmt>Schwielowsee, Ferch; Seddiner Weg 19, Ecke Beelitzer Straße</cmt>
		<desc>Schwielowsee, Ferch; Seddiner Weg 19, Ecke Beelitzer Straße</desc>
		<src>LB Forst Brandenburg</src>
	</wpt>
	<wpt lat="52.301863197649411" lon="13.061830535579293">
		<name>2865</name>
		<cmt>Michendorf, Wildenbruch; Wildenbrucher Straße, Am Regenrückhaltebecken</cmt>
		<desc>Michendorf, Wildenbruch; Wildenbrucher Straße, Am Regenrückhaltebecken</desc>
		<src>LB Forst Brandenburg</src>
	</wpt>
	<wpt lat="52.474492670319108" lon="12.950613707076721">
		<name>2857</name>
		<cmt>Potsdam, Marquardt; BAB A10, Abfahrt Potsdam-Nord, Freifläche an Baumschule</cmt>
		<desc>Potsdam, Marquardt; BAB A10, Abfahrt Potsdam-Nord, Freifläche an Baumschule</desc>
		<src>LB Forst Brandenburg</src>
	</wpt>
	<wpt lat="52.361642373689207" lon="12.776447729720964">
		<name>2861</name>
		<cmt>Kloster Lehnin, Damsdorf; Göhlsdorfer Straße, Einfahrt hinter ehem. Kaserne</cmt>
		<desc>Kloster Lehnin, Damsdorf; Göhlsdorfer Straße, Einfahrt hinter ehem. Kaserne</desc>
		<src>LB Forst Brandenburg</src>
	</wpt>
	<wpt lat="52.631842470406674" lon="12.357216069528905">
		<name>2848</name>
		<cmt>Rathenow; Semliner Straße, Zufahrt Waldweg hinter Radweg</cmt>
		<desc>Rathenow; Semliner Straße, Zufahrt Waldweg hinter Radweg</desc>
		<src>LB Forst Brandenburg</src>
	</wpt>
	<wpt lat="52.883313932644853" lon="11.990833839485045">
		<name>2847</name>
		<cmt>Legde/Quitzöbel, Quitzöbel; Werbener Straße 13M, Freifläche am Weg</cmt>
		<desc>Legde/Quitzöbel, Quitzöbel; Werbener Straße 13M, Freifläche am Weg</desc>
		<src>LB Forst Brandenburg</src>
	</wpt>
	<wpt lat="53.186656454966268" lon="12.088225320622842">
		<name>2841</name>
		<cmt>Pritzwalk; Jakobsdorfer Straße, scharfe Kurve am Gewerbeobjekt, Einfahrt Wald</cmt>
		<desc>Pritzwalk; Jakobsdorfer Straße, scharfe Kurve am Gewerbeobjekt, Einfahrt Wald</desc>
		<src>LB Forst Brandenburg</src>
	</wpt>
	<wpt lat="53.148744207102588" lon="12.152247442438203">
		<name>2842</name>
		<cmt>Pritzwalk; Perleberger Chaussee Richtung B103, Einfahrt A+E Fläche links in Kurve</cmt>
		<desc>Pritzwalk; Perleberger Chaussee Richtung B103, Einfahrt A+E Fläche links in Kurve</desc>
		<src>LB Forst Brandenburg</src>
	</wpt>
	<wpt lat="53.136467530847746" lon="12.17176293523508">
		<name>2843</name>
		<cmt>Pritzwalk; Havelberger Chaussee, unmittelbar vor Brücke B189</cmt>
		<desc>Pritzwalk; Havelberger Chaussee, unmittelbar vor Brücke B189</desc>
		<src>LB Forst Brandenburg</src>
	</wpt>
	<wpt lat="53.090231811497205" lon="11.845325674859874">
		<name>2834</name>
		<cmt>Perleberg; Hamburger Straße, Ortsausgang, kurz vor Einfahrt Gewerbeobjekt</cmt>
		<desc>Perleberg; Hamburger Straße, Ortsausgang, kurz vor Einfahrt Gewerbeobjekt</desc>
		<src>LB Forst Brandenburg</src>
	</wpt>
	<wpt lat="53.160213365425442" lon="11.736748605624301">
		<name>2832</name>
		<cmt>Karstädt; Straße des Friedens, Kreisverkehr Richtung Bahnhof</cmt>
		<desc>Karstädt; Straße des Friedens, Kreisverkehr Richtung Bahnhof</desc>
		<src>LB Forst Brandenburg</src>
	</wpt>
	<wpt lat="53.147307225621397" lon="11.761827183133162">
		<name>2833</name>
		<cmt>Karstädt; Kreuzung Semliner Straße - Straße des Friedens</cmt>
		<desc>Karstädt; Kreuzung Semliner Straße - Straße des Friedens</desc>
		<src>LB Forst Brandenburg</src>
	</wpt>
	<wpt lat="53.107440116692203" lon="11.989286245152904">
		<name>2844</name>
		<cmt>Groß Pankow, Retzin; An den Teichen, Ecke Retziner Weg</cmt>
		<desc>Groß Pankow, Retzin; An den Teichen, Ecke Retziner Weg</desc>
		<src>LB Forst Brandenburg</src>
	</wpt>
	<wpt lat="52.56200600707556" lon="12.962927809494179">
		<name>2851</name>
		<cmt>Wustermark; Kuhdammweg, Abfahrt Wirtschaftsweg zum Havelkanal</cmt>
		<desc>Wustermark; Kuhdammweg, Abfahrt Wirtschaftsweg zum Havelkanal</desc>
		<src>LB Forst Brandenburg</src>
	</wpt>
	<wpt lat="52.161836289195591" lon="13.156716818706611">
		<name>2874</name>
		<cmt>Nuthe-Urstromtal; Straße Hennickendorf-Märtensmühle, Einfahrt Bunkerobjekt</cmt>
		<desc>Nuthe-Urstromtal; Straße Hennickendorf-Märtensmühle, Einfahrt Bunkerobjekt</desc>
		<src>LB Forst Brandenburg</src>
	</wpt>
	<wpt lat="52.478062448017205" lon="13.105230298924798">
		<name>2859</name>
		<cmt>Potsdam, Groß Glienicke; Kreuzung Seeburger Chaussee - Alt Döberitzer Weg, Besucherparkplatz HSS</cmt>
		<desc>Potsdam, Groß Glienicke; Kreuzung Seeburger Chaussee - Alt Döberitzer Weg, Besucherparkplatz HSS</desc>
		<src>LB Forst Brandenburg</src>
	</wpt>
	<wpt lat="52.597367650727783" lon="12.74246264757584">
		<name>2849</name>
		<cmt>Nauen, Groß Behnitz; Radweg Groß Behnitz - Ribbeck</cmt>
		<desc>Nauen, Groß Behnitz; Radweg Groß Behnitz - Ribbeck</desc>
		<src>LB Forst Brandenburg</src>
	</wpt>
	<wpt lat="53.208047435680406" lon="11.61262125690857">
		<name>2830</name>
		<cmt>Karstädt, Pinnow; Pinnower Lindenstraße 21A, ggü Einfahrt Landwirtschaftsbetrieb</cmt>
		<desc>Karstädt, Pinnow; Pinnower Lindenstraße 21A, ggü Einfahrt Landwirtschaftsbetrieb</desc>
		<src>LB Forst Brandenburg</src>
	</wpt>
	<wpt lat="51.581111110684724" lon="14.624127778701649">
		<name>2887</name>
		<cmt>Tschernitz; B115 zwischen Döbern und Jämlitz Höhe Ortschaft Tschernitz, am Mobilfunkfunkmast, Einfahrt Jerischker Weg</cmt>
		<desc>Tschernitz; B115 zwischen Döbern und Jämlitz Höhe Ortschaft Tschernitz, am Mobilfunkfunkmast, Einfahrt Jerischker Weg</desc>
		<src>LB Forst Brandenburg</src>
	</wpt>
	<wpt lat="51.578016667040131" lon="14.668186109848865">
		<name>2888</name>
		<cmt>Jämlitz-Klein Düben; Ortslage Jämlitz Richtung Zschorno an der Weißmühle, Abzweig Kölziger Weg</cmt>
		<desc>Jämlitz-Klein Düben; Ortslage Jämlitz Richtung Zschorno an der Weißmühle, Abzweig Kölziger Weg</desc>
		<src>LB Forst Brandenburg</src>
	</wpt>
	<wpt lat="51.66825" lon="14.046191667754679">
		<name>2878</name>
		<cmt>Altdöbern, Peitzendorf; Straße L53 zwischen Reddern und Altdöbern, ca 2 km südwestlich Reddern, Einfahrt zur Stallanlage Peitzendorf</cmt>
		<desc>Altdöbern, Peitzendorf; Straße L53 zwischen Reddern und Altdöbern, ca 2 km südwestlich Reddern, Einfahrt zur Stallanlage Peitzendorf</desc>
		<src>LB Forst Brandenburg</src>
	</wpt>
	<wpt lat="51.68448611062572" lon="14.025191665795308">
		<name>2877</name>
		<cmt>Luckaitztal, Muckwar; Ortsmitte, Kreuzung L53 - Dorfstraße 1</cmt>
		<desc>Luckaitztal, Muckwar; Ortsmitte, Kreuzung L53 - Dorfstraße 1</desc>
		<src>LB Forst Brandenburg</src>
	</wpt>
	<wpt lat="51.625283333084212" lon="14.339849998758403">
		<name>2885</name>
		<cmt>Spremberg; B97 zwischen Spremberg und Cottbus, L52 Richtung Drebkau, ca. 1 km bis zum Bahnübergang Grubenbahn</cmt>
		<desc>Spremberg; B97 zwischen Spremberg und Cottbus, L52 Richtung Drebkau, ca. 1 km bis zum Bahnübergang Grubenbahn</desc>
		<src>LB Forst Brandenburg</src>
	</wpt>
	<wpt lat="51.466519443252864" lon="13.8682">
		<name>2881</name>
		<cmt>Schwarzheide; Schwarzheide-Mitte, Kreuzung B169 und L55 Schipkauer Straße, Total Tankstelle</cmt>
		<desc>Schwarzheide; Schwarzheide-Mitte, Kreuzung B169 und L55 Schipkauer Straße, Total Tankstelle</desc>
		<src>LB Forst Brandenburg</src>
	</wpt>
	<wpt lat="51.677577095687759" lon="14.362156231563304">
		<name>2884</name>
		<cmt>Neuhausen/Spree, Groß Oßnig; Einfahrt Bergstraße; Rastplatz Groß Oßnig Radweg Cottbus – Talsperre Spremberg</cmt>
		<desc>Neuhausen/Spree, Groß Oßnig; Einfahrt Bergstraße; Rastplatz Groß Oßnig Radweg Cottbus – Talsperre Spremberg</desc>
		<src>LB Forst Brandenburg</src>
	</wpt>
	<wpt lat="51.611933332347206" lon="14.578750000970919">
		<name>2889</name>
		<cmt>Döbern; Hohe Bergstraße, Straßenzufahrt zum Objekt, Wache</cmt>
		<desc>Döbern; Hohe Bergstraße, Straßenzufahrt zum Objekt, Wache</desc>
		<src>LB Forst Brandenburg</src>
	</wpt>
	<wpt lat="51.598088282572249" lon="13.957983264374072">
		<name>2879</name>
		<cmt>Großräschen, Barzig; Räschener Str. Richtung Großräschen, westl. der A13</cmt>
		<desc>Großräschen, Barzig; Räschener Str. Richtung Großräschen, westl. der A13</desc>
		<src>LB Forst Brandenburg</src>
	</wpt>
	<wpt lat="51.844571618098342" lon="13.683503143052691">
		<name>2875</name>
		<cmt>Luckau; Kupsch GmbH, Wiesenweg 21, B96 Herzberger Straße Richtung Luckau</cmt>
		<desc>Luckau; Kupsch GmbH, Wiesenweg 21, B96 Herzberger Straße Richtung Luckau</desc>
		<src>LB Forst Brandenburg</src>
	</wpt>
	<wpt lat="51.531513236987578" lon="13.900918120398225">
		<name>2880</name>
		<cmt>Schipkau, Treuhandsiedlung; Treuhandsiedlung, Kreuzung Talstraße - Siedlerweg</cmt>
		<desc>Schipkau, Treuhandsiedlung; Treuhandsiedlung, Kreuzung Talstraße - Siedlerweg</desc>
		<src>LB Forst Brandenburg</src>
	</wpt>
	<wpt lat="51.635942340657699" lon="14.193794284779155">
		<name>2882</name>
		<cmt>Drebkau, Domsdorf; Rasthof Roland Scholsching, Neupetershainer Str. 8</cmt>
		<desc>Drebkau, Domsdorf; Rasthof Roland Scholsching, Neupetershainer Str. 8</desc>
		<src>LB Forst Brandenburg</src>
	</wpt>
	<wpt lat="51.547813112371095" lon="14.345423200711904">
		<name>2886</name>
		<cmt>Spremberg; Auto Merker, Märzschäferei 1, Kreisverkehr Spremberg, Ausfahrt Dresdner Chaussee, Abfahrt Märzschäferei</cmt>
		<desc>Spremberg; Auto Merker, Märzschäferei 1, Kreisverkehr Spremberg, Ausfahrt Dresdner Chaussee, Abfahrt Märzschäferei</desc>
		<src>LB Forst Brandenburg</src>
	</wpt>
	<wpt lat="51.788177847811923" lon="14.037145951488723">
		<name>2876</name>
		<cmt>Vetschau/Spreewald, Belten; Reitverein Gut Belten, Dubrauer Dorfstraße 13</cmt>
		<desc>Vetschau/Spreewald, Belten; Reitverein Gut Belten, Dubrauer Dorfstraße 13</desc>
		<src>LB Forst Brandenburg</src>
	</wpt>
	<wpt lat="51.743188032589273" lon="14.308578931893717">
		<name>2883</name>
		<cmt>Cottbus; Cottbuser Tennissportverein 92 e.V., Am Priorgraben 53</cmt>
		<desc>Cottbus; Cottbuser Tennissportverein 92 e.V., Am Priorgraben 53</desc>
		<src>LB Forst Brandenburg</src>
	</wpt>
	<wpt lat="51.965977969886389" lon="14.705941199031207">
		<name>2892</name>
		<cmt>Guben; BIBER &amp; BIKE Fahrradpension, Grunewalder Str. 20</cmt>
		<desc>Guben; BIBER &amp; BIKE Fahrradpension, Grunewalder Str. 20</desc>
		<src>LB Forst Brandenburg</src>
	</wpt>
	<wpt lat="52.478678281479411" lon="12.52231418848945">
		<name>2860</name>
		<cmt>Beetzsee, Radewege Siedlung; Hohenferchesaer Straße Kreuzung Weg von Radewege nach Fohrde</cmt>
		<desc>Beetzsee, Radewege Siedlung; Hohenferchesaer Straße Kreuzung Weg von Radewege nach Fohrde</desc>
		<src>LB Forst Brandenburg</src>
	</wpt>
	<wpt lat="53.062403863533575" lon="11.842202613449295">
		<name>2835</name>
		<cmt>Perleberg, Perleberg; Wittenberger Chaussee, Ecke Eichhölzer Weg, Wirtschaftsweg zur Stepenitz</cmt>
		<desc>Perleberg, Perleberg; Wittenberger Chaussee, Ecke Eichhölzer Weg, Wirtschaftsweg zur Stepenitz</desc>
		<src>LB Forst Brandenburg</src>
	</wpt>
	<wpt lat="53.183602639462748" lon="11.671207631607629">
		<name>2831</name>
		<cmt>Karstädt, Garlin; K7048 Garlin-Sargleben, etwa 400m hinter OA Garlin, Weg rechts</cmt>
		<desc>Karstädt, Garlin; K7048 Garlin-Sargleben, etwa 400m hinter OA Garlin, Weg rechts</desc>
		<src>LB Forst Brandenburg</src>
	</wpt>
	<wpt lat="51.673937017167439" lon="14.666516890766111">
		<name>2890</name>
		<cmt>Groß Schacksdorf, Waldsiedlung; Kreuzung Forster Straße - Hauptstraße</cmt>
		<desc>Groß Schacksdorf, Waldsiedlung; Kreuzung Forster Straße - Hauptstraße</desc>
		<src>LB Forst Brandenburg</src>
	</wpt>
	<wpt lat="51.702988332126644" lon="14.652223427850499">
		<name>2891</name>
		<cmt>Forst, Keune; Schacksdorfer Straße von Keune nach Groß Schacksdorf, ca. 200m vor Autobahnbrücke</cmt>
		<desc>Forst, Keune; Schacksdorfer Straße von Keune nach Groß Schacksdorf, ca. 200m vor Autobahnbrücke</desc>
		<src>LB Forst Brandenburg</src>
	</wpt>
	<wpt lat="52.468263663900082" lon="12.980745519948464">
		<name>2858</name>
		<cmt>Potsdam, Satzkorn; Ecke Satzkorner Straße - Eichenalle zur BEST-Bau</cmt>
		<desc>Potsdam, Satzkorn; Ecke Satzkorner Straße - Eichenalle zur BEST-Bau</desc>
		<src>LB Forst Brandenburg</src>
	</wpt>
	<wpt lat="52.316207097950453" lon="13.119569420531356">
		<name>2867</name>
		<cmt>Nuthetal, Saarmund; Bergstraße Richtung L77, ca. 50m hinter Kreuzung Alleestraße links in Wendeschleife</cmt>
		<desc>Nuthetal, Saarmund; Bergstraße Richtung L77, ca. 50m hinter Kreuzung Alleestraße links in Wendeschleife</desc>
		<src>LB Forst Brandenburg</src>
	</wpt>
	<wpt lat="52.639503851099683" lon="13.800827922127569">
		<name>1143</name>
		<cmt>Werneuchen, OT Hirschfelde; Akazienallee 11</cmt>
		<desc>Werneuchen, OT Hirschfelde; Akazienallee 11</desc>
		<src>LB Forst Brandenburg</src>
	</wpt>
	<wpt lat="53.097370603161473" lon="13.337853577584537">
		<name>1202</name>
		<cmt>Templin, Beutel; Zaarenschleuse an der Havel</cmt>
		<desc>Templin, Beutel; Zaarenschleuse an der Havel</desc>
		<src>LB Forst Brandenburg</src>
	</wpt>
	<wpt lat="52.530416143708223" lon="13.079312348257179">
		<name>1173</name>
		<cmt>Dallgow-Döberitz; Döberitzer Heide, Eingang Döberitzer Weg</cmt>
		<desc>Dallgow-Döberitz; Döberitzer Heide, Eingang Döberitzer Weg</desc>
		<src>LB Forst Brandenburg</src>
	</wpt>
	<wpt lat="52.310609460633842" lon="13.668267456938056">
		<name>1161</name>
		<cmt>Königs Wusterhausen, Niederlehme; Einfahrtstor Kieswerk Elbekies GmbH, Segelfliegerdamm</cmt>
		<desc>Königs Wusterhausen, Niederlehme; Einfahrtstor Kieswerk Elbekies GmbH, Segelfliegerdamm</desc>
		<src>LB Forst Brandenburg</src>
	</wpt>
	<wpt lat="52.475200888683311" lon="13.039910300937596">
		<name>1165</name>
		<cmt>Potsdam, Fahrland; Eingang Speckdammbrücke zur Sielmann-Stiftung</cmt>
		<desc>Potsdam, Fahrland; Eingang Speckdammbrücke zur Sielmann-Stiftung</desc>
		<src>LB Forst Brandenburg</src>
	</wpt>
	<wpt lat="52.532973610727154" lon="13.046516391707843">
		<name>1181</name>
		<cmt>Dallgow-Döberitz; Döberitzer Heide, Eingang Rohrbeck</cmt>
		<desc>Dallgow-Döberitz; Döberitzer Heide, Eingang Rohrbeck</desc>
		<src>LB Forst Brandenburg</src>
	</wpt>
	<wpt lat="52.499277472623142" lon="13.090167380282823">
		<name>1182</name>
		<cmt>Dallgow-Döberitz; Döberitzer Heide, Feuerlöschteich Plettenberg</cmt>
		<desc>Dallgow-Döberitz; Döberitzer Heide, Feuerlöschteich Plettenberg</desc>
		<src>LB Forst Brandenburg</src>
	</wpt>
	<wpt lat="52.489978384213039" lon="13.054324770172618">
		<name>1183</name>
		<cmt>Dallgow-Döberitz; Döberitzer Heide, Aussichtsturm</cmt>
		<desc>Dallgow-Döberitz; Döberitzer Heide, Aussichtsturm</desc>
		<src>LB Forst Brandenburg</src>
	</wpt>
	<wpt lat="52.503985652258478" lon="13.014960059824384">
		<name>1187</name>
		<cmt>Dallgow-Döberitz; Döberitzer Heide, Aussichtspunkt Wüste</cmt>
		<desc>Dallgow-Döberitz; Döberitzer Heide, Aussichtspunkt Wüste</desc>
		<src>LB Forst Brandenburg</src>
	</wpt>
	<wpt lat="53.150814561579445" lon="12.984096837028659">
		<name>1360</name>
		<cmt>Rheinsberg, Rheinsberg; KKW Nord</cmt>
		<desc>Rheinsberg, Rheinsberg; KKW Nord</desc>
		<src>LB Forst Brandenburg</src>
	</wpt>
</gpx>