<?xml version="1.0" encoding="UTF-8"?>
<gpx xmlns="http://www.topografix.com/GPX/1/1" version="1.1" creator="FME(R) 2021.1.0.1">
	<metadata>
		<time>2025-10-20T13:45:34+02:00</time>
		<bounds minlat="49.402468273223612" minlon="7.7933678898442258" maxlat="51.65014321439309" maxlon="10.206772577139493"/>
	</metadata>
	<wpt lat="49.902774105058498" lon="8.448593836538107">
		<name>GG-65</name>
		<cmt>Parkplatz Sportplatz Wallerstädten; Nachtweide, ehem. Safariland</cmt>
		<desc>Parkplatz Sportplatz Wallerstädten; Nachtweide, ehem. Safariland</desc>
		<src>Stadt Groß-Gerau</src>
	</wpt>
	<wpt lat="49.936936179682412" lon="8.5033599063480629">
		<name>GG-64</name>
		<cmt>Schützenhaus Groß-Gerau</cmt>
		<desc>Schützenhaus Groß-Gerau</desc>
		<src>Stadt Groß-Gerau</src>
	</wpt>
	<wpt lat="51.076195578857586" lon="9.3955184196077077">
		<name>HR-957</name>
		<cmt>Falkenberg</cmt>
		<desc>Falkenberg</desc>
		<src>HessenForst</src>
	</wpt>
	<wpt lat="51.037808627928797" lon="9.2568068085558046">
		<name>HR-960</name>
		<cmt>Trockenerfurth</cmt>
		<desc>Trockenerfurth</desc>
		<src>HessenForst</src>
	</wpt>
	<wpt lat="50.014762846179394" lon="7.8946537078529815">
		<name>RÜD-312</name>
		<cmt>Segelflugplatz RÜD</cmt>
		<desc>Segelflugplatz RÜD</desc>
		<src>HessenForst</src>
	</wpt>
	<wpt lat="50.131738796007973" lon="8.872446936568501">
		<name>UW-DOEH</name>
		<cmt>Dörnigheim UW</cmt>
		<desc>Dörnigheim UW</desc>
		<src>TenneT TSO GmbH</src>
	</wpt>
	<wpt lat="51.192825123679647" lon="8.9178115531117079">
		<name>KB-280</name>
		<cmt>Vöhl Jugendzeltplatz</cmt>
		<desc>Vöhl Jugendzeltplatz</desc>
		<src>HessenForst</src>
	</wpt>
	<wpt lat="51.187185335383909" lon="9.0595723668580561">
		<name>KB-286</name>
		<cmt>Randstraße unterhalb Uhrenberg</cmt>
		<desc>Randstraße unterhalb Uhrenberg</desc>
		<src>HessenForst</src>
	</wpt>
	<wpt lat="51.231606890226281" lon="8.88814222129845">
		<name>KB-287</name>
		<cmt>Dorfritter, Waldeingang</cmt>
		<desc>Dorfritter, Waldeingang</desc>
		<src>HessenForst</src>
	</wpt>
	<wpt lat="51.190093218947645" lon="8.971929182999645">
		<name>KB-281</name>
		<cmt>Basdorf, NLP Grenze</cmt>
		<desc>Basdorf, NLP Grenze</desc>
		<src>HessenForst</src>
	</wpt>
	<wpt lat="51.18826724199895" lon="8.9845871200033738">
		<name>KB-282</name>
		<cmt>Fürstental</cmt>
		<desc>Fürstental</desc>
		<src>HessenForst</src>
	</wpt>
	<wpt lat="51.204307940473207" lon="9.0182121271714859">
		<name>KB-283</name>
		<cmt>Nieder-Werbe</cmt>
		<desc>Nieder-Werbe</desc>
		<src>HessenForst</src>
	</wpt>
	<wpt lat="51.215451288415785" lon="9.0326306434605179">
		<name>KB-284</name>
		<cmt>Großer Mehlberg</cmt>
		<desc>Großer Mehlberg</desc>
		<src>HessenForst</src>
	</wpt>
	<wpt lat="51.21069132716449" lon="9.0474343347335271">
		<name>KB-285</name>
		<cmt>Kleiner Mehlberg Reitplatz</cmt>
		<desc>Kleiner Mehlberg Reitplatz</desc>
		<src>HessenForst</src>
	</wpt>
	<wpt lat="50.934933616479938" lon="9.7919392912816754">
		<name>HEF-70</name>
		<cmt>Waldeingang Lämmerberg</cmt>
		<desc>Waldeingang Lämmerberg</desc>
		<src>HessenForst</src>
	</wpt>
	<wpt lat="50.388242441049833" lon="8.9021227299775987">
		<name>FB-32</name>
		<cmt>Parkplatz Trimmpfad</cmt>
		<desc>Parkplatz Trimmpfad</desc>
		<src>HessenForst</src>
	</wpt>
	<wpt lat="50.364894569157634" lon="8.9229502841787589">
		<name>FB-30</name>
		<cmt>BGH Blofeld</cmt>
		<desc>BGH Blofeld</desc>
		<src>HessenForst</src>
	</wpt>
	<wpt lat="50.847361673852511" lon="8.2410201849282831">
		<name>LDK-418</name>
		<cmt>Rittershausen Richtung Nepthen-Hainchen, Abzweig Offdilln (Offdillner Bahnhof)</cmt>
		<desc>Rittershausen Richtung Nepthen-Hainchen, Abzweig Offdilln (Offdillner Bahnhof)</desc>
		<src>HessenForst</src>
	</wpt>
	<wpt lat="50.329302708895518" lon="8.940385893685951">
		<name>FB-199</name>
		<cmt>Sportheim Nieder-Mockstadt</cmt>
		<desc>Sportheim Nieder-Mockstadt</desc>
		<src>HessenForst</src>
	</wpt>
	<wpt lat="50.45700399606536" lon="8.7696925336298719">
		<name>FB-198</name>
		<cmt>Sportplatz Münzenberg</cmt>
		<desc>Sportplatz Münzenberg</desc>
		<src>HessenForst</src>
	</wpt>
	<wpt lat="50.435502384284476" lon="8.8966053814186274">
		<name>GI-409</name>
		<cmt>Kläranlage</cmt>
		<desc>Kläranlage</desc>
		<src>HessenForst</src>
	</wpt>
	<wpt lat="50.367597156419897" lon="8.9588334850766085">
		<name>FB-197</name>
		<cmt>Feldwegegabelung</cmt>
		<desc>Feldwegegabelung</desc>
		<src>HessenForst</src>
	</wpt>
	<wpt lat="50.370702467953343" lon="8.8690080853683693">
		<name>FB-196</name>
		<cmt>Feldeinfahrt</cmt>
		<desc>Feldeinfahrt</desc>
		<src>HessenForst</src>
	</wpt>
	<wpt lat="50.34920142771378" lon="8.7990999939760979">
		<name>FB-195</name>
		<cmt>Tennisclub Dornheim</cmt>
		<desc>Tennisclub Dornheim</desc>
		<src>HessenForst</src>
	</wpt>
	<wpt lat="50.276907170729324" lon="8.7908177920439687">
		<name>FB-194</name>
		<cmt>Feldabzweig</cmt>
		<desc>Feldabzweig</desc>
		<src>HessenForst</src>
	</wpt>
	<wpt lat="50.248831449044189" lon="8.7747198913453648">
		<name>FB-193</name>
		<cmt>Ludwigsbrunnen</cmt>
		<desc>Ludwigsbrunnen</desc>
		<src>HessenForst</src>
	</wpt>
	<wpt lat="50.223985737029054" lon="8.7489067512875067">
		<name>FB-192</name>
		<cmt>Feldwegedreieck</cmt>
		<desc>Feldwegedreieck</desc>
		<src>HessenForst</src>
	</wpt>
	<wpt lat="50.830601388924933" lon="8.7163172752139459">
		<name>MR-407</name>
		<cmt>Michelbacher Straße-Görzhausen</cmt>
		<desc>Michelbacher Straße-Görzhausen</desc>
		<src>Pharmaserv GmbH</src>
	</wpt>
	<wpt lat="50.106082324316851" lon="8.703390326744584">
		<name>RP255</name>
		<cmt>Suedufer</cmt>
		<desc>Suedufer</desc>
		<src>Stadt Frankfurt am Main</src>
	</wpt>
	<wpt lat="50.298689118816682" lon="9.6776303211724173">
		<name>MKK-98</name>
		<cmt>Dreschhalle Grieshof</cmt>
		<desc>Dreschhalle Grieshof</desc>
		<src>HessenForst</src>
	</wpt>
	<wpt lat="50.989600484439649" lon="8.9468200165710741">
		<name>KB-839</name>
		<cmt>Sportplatz Grüsen</cmt>
		<desc>Sportplatz Grüsen</desc>
		<src>Kommunalwald GmbH</src>
	</wpt>
	<wpt lat="50.234326604342911" lon="9.2064782293753353">
		<name>MKK-CF-002</name>
		<cmt>Am Naturdenkmal</cmt>
		<desc>Am Naturdenkmal</desc>
		<src>Constantia Forst</src>
	</wpt>
	<wpt lat="50.106213212830816" lon="8.7018378889958008">
		<name>RP254</name>
		<cmt>Suedufer</cmt>
		<desc>Suedufer</desc>
		<src>Stadt Frankfurt am Main</src>
	</wpt>
	<wpt lat="50.096713395590328" lon="8.6602624758855704">
		<name>RP201</name>
		<cmt>Suedufer</cmt>
		<desc>Suedufer</desc>
		<src>Stadt Frankfurt am Main</src>
	</wpt>
	<wpt lat="50.097012026952676" lon="8.6609312170195594">
		<name>RP202</name>
		<cmt>Suedufer</cmt>
		<desc>Suedufer</desc>
		<src>Stadt Frankfurt am Main</src>
	</wpt>
	<wpt lat="50.097310816481759" lon="8.6616558683398139">
		<name>RP203</name>
		<cmt>Suedufer</cmt>
		<desc>Suedufer</desc>
		<src>Stadt Frankfurt am Main</src>
	</wpt>
	<wpt lat="50.097654714782934" lon="8.6624361192536696">
		<name>RP204</name>
		<cmt>Suedufer</cmt>
		<desc>Suedufer</desc>
		<src>Stadt Frankfurt am Main</src>
	</wpt>
	<wpt lat="50.097944423681852" lon="8.6631329006856337">
		<name>RP205</name>
		<cmt>Suedufer</cmt>
		<desc>Suedufer</desc>
		<src>Stadt Frankfurt am Main</src>
	</wpt>
	<wpt lat="50.098270291305226" lon="8.6638993207795778">
		<name>RP206</name>
		<cmt>Suedufer</cmt>
		<desc>Suedufer</desc>
		<src>Stadt Frankfurt am Main</src>
	</wpt>
	<wpt lat="50.098586962776295" lon="8.6645959330842679">
		<name>RP207</name>
		<cmt>Suedufer</cmt>
		<desc>Suedufer</desc>
		<src>Stadt Frankfurt am Main</src>
	</wpt>
	<wpt lat="50.098939670343611" lon="8.6653202580302402">
		<name>RP208</name>
		<cmt>Suedufer</cmt>
		<desc>Suedufer</desc>
		<src>Stadt Frankfurt am Main</src>
	</wpt>
	<wpt lat="50.099310113356168" lon="8.6659606088157233">
		<name>RP209</name>
		<cmt>Suedufer</cmt>
		<desc>Suedufer</desc>
		<src>Stadt Frankfurt am Main</src>
	</wpt>
	<wpt lat="50.099715459407868" lon="8.6665750611465544">
		<name>RP210</name>
		<cmt>Suedufer</cmt>
		<desc>Suedufer</desc>
		<src>Stadt Frankfurt am Main</src>
	</wpt>
	<wpt lat="50.100032848248603" lon="8.6671855609126958">
		<name>RP211</name>
		<cmt>Suedufer</cmt>
		<desc>Suedufer</desc>
		<src>Stadt Frankfurt am Main</src>
	</wpt>
	<wpt lat="50.100412470118933" lon="8.6678957621288131">
		<name>RP212</name>
		<cmt>Suedufer</cmt>
		<desc>Suedufer</desc>
		<src>Stadt Frankfurt am Main</src>
	</wpt>
	<wpt lat="50.100890222823786" lon="8.6683397347082494">
		<name>RP213</name>
		<cmt>Suedufer</cmt>
		<desc>Suedufer</desc>
		<src>Stadt Frankfurt am Main</src>
	</wpt>
	<wpt lat="50.101221931080588" lon="8.6688731574817517">
		<name>RP214</name>
		<cmt>Suedufer</cmt>
		<desc>Suedufer</desc>
		<src>Stadt Frankfurt am Main</src>
	</wpt>
	<wpt lat="50.101566559803388" lon="8.669582107506054">
		<name>RP215</name>
		<cmt>Suedufer</cmt>
		<desc>Suedufer</desc>
		<src>Stadt Frankfurt am Main</src>
	</wpt>
	<wpt lat="50.102015780196126" lon="8.6701698871130795">
		<name>RP216</name>
		<cmt>Suedufer</cmt>
		<desc>Suedufer</desc>
		<src>Stadt Frankfurt am Main</src>
	</wpt>
	<wpt lat="50.102272737959744" lon="8.670804233734323">
		<name>RP217</name>
		<cmt>Suedufer</cmt>
		<desc>Suedufer</desc>
		<src>Stadt Frankfurt am Main</src>
	</wpt>
	<wpt lat="50.102534005100111" lon="8.6709981340439271">
		<name>RP218</name>
		<cmt>Suedufer</cmt>
		<desc>Suedufer</desc>
		<src>Stadt Frankfurt am Main</src>
	</wpt>
	<wpt lat="50.102940298284786" lon="8.6716103771868625">
		<name>RP219</name>
		<cmt>Suedufer</cmt>
		<desc>Suedufer</desc>
		<src>Stadt Frankfurt am Main</src>
	</wpt>
	<wpt lat="50.103319579230195" lon="8.6722088371481121">
		<name>RP220</name>
		<cmt>Suedufer</cmt>
		<desc>Suedufer</desc>
		<src>Stadt Frankfurt am Main</src>
	</wpt>
	<wpt lat="50.103698895568662" lon="8.6728212828569404">
		<name>RP221</name>
		<cmt>Suedufer</cmt>
		<desc>Suedufer</desc>
		<src>Stadt Frankfurt am Main</src>
	</wpt>
	<wpt lat="50.10403310067155" lon="8.6733781341094343">
		<name>RP222</name>
		<cmt>Suedufer</cmt>
		<desc>Suedufer</desc>
		<src>Stadt Frankfurt am Main</src>
	</wpt>
	<wpt lat="50.104385597359183" lon="8.6740466927707729">
		<name>RP223</name>
		<cmt>Suedufer</cmt>
		<desc>Suedufer</desc>
		<src>Stadt Frankfurt am Main</src>
	</wpt>
	<wpt lat="50.107502686695589" lon="8.6828883021774903">
		<name>RP235</name>
		<cmt>Suedufer</cmt>
		<desc>Suedufer</desc>
		<src>Stadt Frankfurt am Main</src>
	</wpt>
	<wpt lat="50.107603367207155" lon="8.683544656037574">
		<name>RP236</name>
		<cmt>Suedufer</cmt>
		<desc>Suedufer</desc>
		<src>Stadt Frankfurt am Main</src>
	</wpt>
	<wpt lat="50.107686404006365" lon="8.684326939288967">
		<name>RP237</name>
		<cmt>Suedufer</cmt>
		<desc>Suedufer</desc>
		<src>Stadt Frankfurt am Main</src>
	</wpt>
	<wpt lat="50.107733588650696" lon="8.6851513976894772">
		<name>RP238</name>
		<cmt>Suedufer</cmt>
		<desc>Suedufer</desc>
		<src>Stadt Frankfurt am Main</src>
	</wpt>
	<wpt lat="50.107672847794333" lon="8.6859625814773942">
		<name>RP239</name>
		<cmt>Suedufer</cmt>
		<desc>Suedufer</desc>
		<src>Stadt Frankfurt am Main</src>
	</wpt>
	<wpt lat="50.107576290573512" lon="8.6868299131225974">
		<name>RP240</name>
		<cmt>Suedufer</cmt>
		<desc>Suedufer</desc>
		<src>Stadt Frankfurt am Main</src>
	</wpt>
	<wpt lat="50.107508272251657" lon="8.6882841762690948">
		<name>RP241</name>
		<cmt>Suedufer</cmt>
		<desc>Suedufer</desc>
		<src>Stadt Frankfurt am Main</src>
	</wpt>
	<wpt lat="50.107501450436381" lon="8.6890950059897278">
		<name>RP242</name>
		<cmt>Suedufer</cmt>
		<desc>Suedufer</desc>
		<src>Stadt Frankfurt am Main</src>
	</wpt>
	<wpt lat="50.107440570007775" lon="8.6898642445909964">
		<name>RP243</name>
		<cmt>Suedufer</cmt>
		<desc>Suedufer</desc>
		<src>Stadt Frankfurt am Main</src>
	</wpt>
	<wpt lat="50.107394646419962" lon="8.6907886785157018">
		<name>RP244</name>
		<cmt>Suedufer</cmt>
		<desc>Suedufer</desc>
		<src>Stadt Frankfurt am Main</src>
	</wpt>
	<wpt lat="50.107265335729579" lon="8.6915847877762396">
		<name>RP245</name>
		<cmt>Suedufer</cmt>
		<desc>Suedufer</desc>
		<src>Stadt Frankfurt am Main</src>
	</wpt>
	<wpt lat="50.107168700344921" lon="8.6924381222121383">
		<name>RP246</name>
		<cmt>Suedufer</cmt>
		<desc>Suedufer</desc>
		<src>Stadt Frankfurt am Main</src>
	</wpt>
	<wpt lat="50.107099175944924" lon="8.6933471958304569">
		<name>RP247</name>
		<cmt>Suedufer</cmt>
		<desc>Suedufer</desc>
		<src>Stadt Frankfurt am Main</src>
	</wpt>
	<wpt lat="50.107011701809668" lon="8.6942703613859003">
		<name>RP248</name>
		<cmt>Suedufer</cmt>
		<desc>Suedufer</desc>
		<src>Stadt Frankfurt am Main</src>
	</wpt>
	<wpt lat="50.106906495020041" lon="8.6952914855004195">
		<name>RP249</name>
		<cmt>Suedufer</cmt>
		<desc>Suedufer</desc>
		<src>Stadt Frankfurt am Main</src>
	</wpt>
	<wpt lat="50.106801462922995" lon="8.6963824996862478">
		<name>RP250</name>
		<cmt>Suedufer</cmt>
		<desc>Suedufer</desc>
		<src>Stadt Frankfurt am Main</src>
	</wpt>
	<wpt lat="50.106687647092528" lon="8.6975574373312305">
		<name>RP251</name>
		<cmt>Suedufer</cmt>
		<desc>Suedufer</desc>
		<src>Stadt Frankfurt am Main</src>
	</wpt>
	<wpt lat="50.106565083031121" lon="8.6988302743525043">
		<name>RP252</name>
		<cmt>Suedufer</cmt>
		<desc>Suedufer</desc>
		<src>Stadt Frankfurt am Main</src>
	</wpt>
	<wpt lat="50.106425028158981" lon="8.7002989178720505">
		<name>RP253</name>
		<cmt>Suedufer</cmt>
		<desc>Suedufer</desc>
		<src>Stadt Frankfurt am Main</src>
	</wpt>
	<wpt lat="50.105798405377847" lon="8.7048738005059274">
		<name>RP256</name>
		<cmt>Suedufer</cmt>
		<desc>Suedufer</desc>
		<src>Stadt Frankfurt am Main</src>
	</wpt>
	<wpt lat="50.105630668643151" lon="8.7060909588607416">
		<name>RP257</name>
		<cmt>Suedufer</cmt>
		<desc>Suedufer</desc>
		<src>Stadt Frankfurt am Main</src>
	</wpt>
	<wpt lat="50.105483361347275" lon="8.7155552684593598">
		<name>RP258</name>
		<cmt>Suedufer</cmt>
		<desc>Suedufer</desc>
		<src>Stadt Frankfurt am Main</src>
	</wpt>
	<wpt lat="50.105533551319191" lon="8.7177076544000922">
		<name>RP259</name>
		<cmt>Suedufer</cmt>
		<desc>Suedufer</desc>
		<src>Stadt Frankfurt am Main</src>
	</wpt>
	<wpt lat="50.267900177679884" lon="9.1500996463201822">
		<name>FB-CF-003</name>
		<cmt>An der Kreuzung</cmt>
		<desc>An der Kreuzung</desc>
		<src>Constantia Forst</src>
	</wpt>
	<wpt lat="50.292066798249181" lon="9.1882259058428914">
		<name>FB-CF-001</name>
		<cmt>Fürstengräber</cmt>
		<desc>Fürstengräber</desc>
		<src>Constantia Forst</src>
	</wpt>
	<wpt lat="50.2671398" lon="9.2476347">
		<name>MKK-CF-003</name>
		<cmt>An der Kreuzung</cmt>
		<desc>An der Kreuzung</desc>
		<src>Constantia Forst</src>
	</wpt>
	<wpt lat="50.10469313855662" lon="8.6747155656811703">
		<name>RP224</name>
		<cmt>Suedufer</cmt>
		<desc>Suedufer</desc>
		<src>Stadt Frankfurt am Main</src>
	</wpt>
	<wpt lat="50.104991803880857" lon="8.6754264421241825">
		<name>RP225</name>
		<cmt>Suedufer</cmt>
		<desc>Suedufer</desc>
		<src>Stadt Frankfurt am Main</src>
	</wpt>
	<wpt lat="50.105290580912097" lon="8.6761792618938482">
		<name>RP226</name>
		<cmt>Suedufer</cmt>
		<desc>Suedufer</desc>
		<src>Stadt Frankfurt am Main</src>
	</wpt>
	<wpt lat="50.105589236375948" lon="8.6768901549135133">
		<name>RP227</name>
		<cmt>Suedufer</cmt>
		<desc>Suedufer</desc>
		<src>Stadt Frankfurt am Main</src>
	</wpt>
	<wpt lat="50.105860955858638" lon="8.6776152175497074">
		<name>RP228</name>
		<cmt>Suedufer</cmt>
		<desc>Suedufer</desc>
		<src>Stadt Frankfurt am Main</src>
	</wpt>
	<wpt lat="50.106141468227037" lon="8.6782703361553892">
		<name>RP229</name>
		<cmt>Suedufer</cmt>
		<desc>Suedufer</desc>
		<src>Stadt Frankfurt am Main</src>
	</wpt>
	<wpt lat="50.10641306405045" lon="8.6789534780982329">
		<name>RP230</name>
		<cmt>Suedufer</cmt>
		<desc>Suedufer</desc>
		<src>Stadt Frankfurt am Main</src>
	</wpt>
	<wpt lat="50.106729837082504" lon="8.6797202008217607">
		<name>RP231</name>
		<cmt>Suedufer</cmt>
		<desc>Suedufer</desc>
		<src>Stadt Frankfurt am Main</src>
	</wpt>
	<wpt lat="50.106956319718186" lon="8.6803477438950694">
		<name>RP232</name>
		<cmt>Suedufer</cmt>
		<desc>Suedufer</desc>
		<src>Stadt Frankfurt am Main</src>
	</wpt>
	<wpt lat="50.1072012775102" lon="8.6811568968108226">
		<name>RP233</name>
		<cmt>Suedufer</cmt>
		<desc>Suedufer</desc>
		<src>Stadt Frankfurt am Main</src>
	</wpt>
	<wpt lat="50.107374345852257" lon="8.6819805116455679">
		<name>RP234</name>
		<cmt>Suedufer</cmt>
		<desc>Suedufer</desc>
		<src>Stadt Frankfurt am Main</src>
	</wpt>
	<wpt lat="50.248974176054404" lon="9.2388754074004495">
		<name>MKK-CF-001</name>
		<cmt>Schutzhütte an den Vier Fichten</cmt>
		<desc>Schutzhütte an den Vier Fichten</desc>
		<src>Constantia Forst</src>
	</wpt>
	<wpt lat="50.28263606647409" lon="9.1682700279077682">
		<name>FB-CF-002</name>
		<cmt>An der Kreuzung</cmt>
		<desc>An der Kreuzung</desc>
		<src>Constantia Forst</src>
	</wpt>
	<wpt lat="50.328807674872401" lon="8.3478688248131618">
		<name>HG-83</name>
		<cmt>Berghof</cmt>
		<desc>Berghof</desc>
		<src>HessenForst</src>
	</wpt>
	<wpt lat="50.859025700957702" lon="9.6738644239495422">
		<name>HEF-234</name>
		<cmt>Tanzplatz</cmt>
		<desc>Tanzplatz</desc>
		<src>HessenForst</src>
	</wpt>
	<wpt lat="49.856301164158701" lon="8.7030128770741371">
		<name>DA-920</name>
		<cmt>Fischerhütte</cmt>
		<desc>Fischerhütte</desc>
		<src>HessenForst</src>
	</wpt>
	<wpt lat="51.248268039013922" lon="9.9855248476386222">
		<name>ESW-215</name>
		<cmt>Dohlsbachtal</cmt>
		<desc>Dohlsbachtal</desc>
		<src>HessenForst</src>
	</wpt>
	<wpt lat="50.651103757018184" lon="8.8930394550303493">
		<name>GI-253</name>
		<cmt>L 3126</cmt>
		<desc>L 3126</desc>
		<src>HessenForst</src>
	</wpt>
	<wpt lat="50.656752779861939" lon="8.4566694555951099">
		<name>LDK-124</name>
		<cmt>Kirche Bermoll</cmt>
		<desc>Kirche Bermoll</desc>
		<src>Stadt Aßlar</src>
	</wpt>
	<wpt lat="50.497599426140788" lon="9.7156588683987319">
		<name>FD-262</name>
		<cmt>Wartturm</cmt>
		<desc>Wartturm</desc>
		<src>HessenForst</src>
	</wpt>
	<wpt lat="49.838216186650108" lon="8.3984276749928295">
		<name>GG-80</name>
		<cmt>Plattenhof</cmt>
		<desc>Plattenhof</desc>
		<src>HessenForst</src>
	</wpt>
	<wpt lat="51.24010571572839" lon="9.4309823500529397">
		<name>KS-610</name>
		<cmt>Kläranlage Baunatal-Kirchbauna</cmt>
		<desc>Kläranlage Baunatal-Kirchbauna</desc>
		<src>HessenForst</src>
	</wpt>
	<wpt lat="50.844190767236441" lon="10.021565502400659">
		<name>HEF-240</name>
		<cmt>Thüringer Hütte bei Philippsthal</cmt>
		<desc>Thüringer Hütte bei Philippsthal</desc>
		<src>HessenForst</src>
	</wpt>
	<wpt lat="51.029689297798349" lon="9.1638213944776208">
		<name>HR-49</name>
		<cmt>Einfahrt zum Biolandhof, Hensel</cmt>
		<desc>Einfahrt zum Biolandhof, Hensel</desc>
		<src>HessenForst</src>
	</wpt>
	<wpt lat="50.175352095237407" lon="8.3701150444374814">
		<name>MTK-55</name>
		<cmt>Bushäuschen Ehlhalten</cmt>
		<desc>Bushäuschen Ehlhalten</desc>
		<src>HessenForst</src>
	</wpt>
	<wpt lat="51.56693267097419" lon="9.4831722925276303">
		<name>KS-101</name>
		<cmt>Michelsbrücke</cmt>
		<desc>Michelsbrücke</desc>
		<src>HessenForst</src>
	</wpt>
	<wpt lat="50.472404058210017" lon="9.8539846345994953">
		<name>FD-322</name>
		<cmt>Parkplatz Ebersburg</cmt>
		<desc>Parkplatz Ebersburg</desc>
		<src>HessenForst</src>
	</wpt>
	<wpt lat="51.031838792710701" lon="9.2213324675523793">
		<name>HR-959</name>
		<cmt>Römersberg</cmt>
		<desc>Römersberg</desc>
		<src>HessenForst</src>
	</wpt>
	<wpt lat="50.259223359976595" lon="9.419183642528818">
		<name>MKK-5</name>
		<cmt>Roter Bildstock</cmt>
		<desc>Roter Bildstock</desc>
		<src>HessenForst</src>
	</wpt>
	<wpt lat="51.05983527543885" lon="9.3151633965898828">
		<name>HR-958</name>
		<cmt>singliser See Ost</cmt>
		<desc>singliser See Ost</desc>
		<src>HessenForst</src>
	</wpt>
	<wpt lat="50.994506504763599" lon="9.2939247543768264">
		<name>HR-956</name>
		<cmt>Dillich</cmt>
		<desc>Dillich</desc>
		<src>HessenForst</src>
	</wpt>
	<wpt lat="51.05871590865771" lon="9.296066844568081">
		<name>HR-185</name>
		<cmt>Singlis West</cmt>
		<desc>Singlis West</desc>
		<src>HessenForst</src>
	</wpt>
	<wpt lat="50.270702224866639" lon="9.6058616568839827">
		<name>MKK-105</name>
		<cmt>Neuengronau-Mitte</cmt>
		<desc>Neuengronau-Mitte</desc>
		<src>HessenForst</src>
	</wpt>
	<wpt lat="51.379892129160403" lon="9.3529572415280757">
		<name>KS-551</name>
		<cmt>K 30 Weimar, Fürstenwald, Ri. Sportplatz (Kopfstein)</cmt>
		<desc>K 30 Weimar, Fürstenwald, Ri. Sportplatz (Kopfstein)</desc>
		<src>HessenForst</src>
	</wpt>
	<wpt lat="51.079361106273232" lon="9.5945052307904124">
		<name>HR-233</name>
		<cmt>Heina</cmt>
		<desc>Heina</desc>
		<src>HessenForst</src>
	</wpt>
	<wpt lat="50.031978636744896" lon="8.6611965465671403">
		<name>OF-119</name>
		<cmt>Waldfriedhof Buchschlag</cmt>
		<desc>Waldfriedhof Buchschlag</desc>
		<src>HessenForst</src>
	</wpt>
	<wpt lat="50.991600051459322" lon="8.6954062833410433">
		<name>KB-732</name>
		<cmt>Lierloch</cmt>
		<desc>Lierloch</desc>
		<src>HessenForst</src>
	</wpt>
	<wpt lat="50.843668535649385" lon="9.1707506569390524">
		<name>HR-916</name>
		<cmt>Waldeingang Willingshausen</cmt>
		<desc>Waldeingang Willingshausen</desc>
		<src>SonstigeHessen</src>
	</wpt>
	<wpt lat="49.877271333894463" lon="8.5344703660061878">
		<name>GG-95</name>
		<cmt>Waldzufahrt Abt. 14</cmt>
		<desc>Waldzufahrt Abt. 14</desc>
		<src>Gemeinde Büttelborn</src>
	</wpt>
	<wpt lat="50.107569795222339" lon="8.701466033368213">
		<name>RP147</name>
		<cmt>Nordufer</cmt>
		<desc>Nordufer</desc>
		<src>Stadt Frankfurt am Main</src>
	</wpt>
	<wpt lat="49.5131666667" lon="8.96563888889">
		<name>ERB-284</name>
		<cmt>Einfahrt Campingplatz</cmt>
		<desc>Einfahrt Campingplatz</desc>
		<src>Graf von Merveldt’sche Verwaltung</src>
	</wpt>
	<wpt lat="50.689994305966295" lon="8.5434306802072264">
		<name>LDK-151</name>
		<cmt>Eiserne Hand, 3 km vor Frankenbach, HubschrLdPl</cmt>
		<desc>Eiserne Hand, 3 km vor Frankenbach, HubschrLdPl</desc>
		<src>SonstigeHessen</src>
	</wpt>
	<wpt lat="50.680088524141865" lon="8.4590107631995544">
		<name>LDK-131</name>
		<cmt>Ortsmitte, Kreuzung vor der Kirche</cmt>
		<desc>Ortsmitte, Kreuzung vor der Kirche</desc>
		<src>SonstigeHessen</src>
	</wpt>
	<wpt lat="50.650707234319555" lon="8.4868711428344614">
		<name>LDK-153</name>
		<cmt>Verlängerung Heidestr., Wegegabel nördl. Reitplatz</cmt>
		<desc>Verlängerung Heidestr., Wegegabel nördl. Reitplatz</desc>
		<src>SonstigeHessen</src>
	</wpt>
	<wpt lat="50.636774483875094" lon="8.5122257700133996">
		<name>LDK-154</name>
		<cmt>Hohensolms &amp;gt; Blasbach, Parkplatz bei Bushaltestelle Altenberg</cmt>
		<desc>Hohensolms &amp;gt; Blasbach, Parkplatz bei Bushaltestelle Altenberg</desc>
		<src>SonstigeHessen</src>
	</wpt>
	<wpt lat="50.66958443022876" lon="8.5112301798888179">
		<name>LDK-152</name>
		<cmt>Erdaer Kreuz, Parkbucht</cmt>
		<desc>Erdaer Kreuz, Parkbucht</desc>
		<src>SonstigeHessen</src>
	</wpt>
	<wpt lat="50.281548684723695" lon="8.3668070780794057">
		<name>RÜD-271</name>
		<cmt>Parkplatz Tenne</cmt>
		<desc>Parkplatz Tenne</desc>
		<src>SonstigeHessen</src>
	</wpt>
	<wpt lat="50.260303037891113" lon="8.3231893791520921">
		<name>RÜD-265</name>
		<cmt>Waldanfang nach 1200m</cmt>
		<desc>Waldanfang nach 1200m</desc>
		<src>SonstigeHessen</src>
	</wpt>
	<wpt lat="50.246855615845917" lon="8.327658875060413">
		<name>RÜD-268</name>
		<cmt>nach 700 m Abzweig links zum Sportplatz</cmt>
		<desc>nach 700 m Abzweig links zum Sportplatz</desc>
		<src>SonstigeHessen</src>
	</wpt>
	<wpt lat="51.05236165360116" lon="9.8484319861763048">
		<name>HEF-6</name>
		<cmt>DGH Rockensüß</cmt>
		<desc>DGH Rockensüß</desc>
		<src>SonstigeHessen</src>
	</wpt>
	<wpt lat="50.242325296921109" lon="8.3683481450649797">
		<name>RÜD-266</name>
		<cmt>P Glaswald, 300 m vor Abzweig Oberrod</cmt>
		<desc>P Glaswald, 300 m vor Abzweig Oberrod</desc>
		<src>SonstigeHessen</src>
	</wpt>
	<wpt lat="50.272257977807421" lon="8.3753646163292021">
		<name>RÜD-270</name>
		<cmt>Bushaltestelle Reichenbach</cmt>
		<desc>Bushaltestelle Reichenbach</desc>
		<src>SonstigeHessen</src>
	</wpt>
	<wpt lat="50.273446649120366" lon="8.3414060796590359">
		<name>RÜD-272</name>
		<cmt>Kreuzung Escher Straße / Pfarrgasse</cmt>
		<desc>Kreuzung Escher Straße / Pfarrgasse</desc>
		<src>SonstigeHessen</src>
	</wpt>
	<wpt lat="50.254873693860695" lon="8.3247481194633863">
		<name>RÜD-267</name>
		<cmt>nach 700 m Abzweig Hammermühle</cmt>
		<desc>nach 700 m Abzweig Hammermühle</desc>
		<src>SonstigeHessen</src>
	</wpt>
	<wpt lat="50.254571058145181" lon="8.3822896389733046">
		<name>RÜD-273</name>
		<cmt>Emstalhalle</cmt>
		<desc>Emstalhalle</desc>
		<src>SonstigeHessen</src>
	</wpt>
	<wpt lat="51.068740927965088" lon="9.8188126034764451">
		<name>HEF-4</name>
		<cmt>Raiffeisen Königswald</cmt>
		<desc>Raiffeisen Königswald</desc>
		<src>SonstigeHessen</src>
	</wpt>
	<wpt lat="50.261978993776466" lon="8.3587870590415854">
		<name>RÜD-269</name>
		<cmt>Ortsanfang Naturdenkmal Linde, Kreuzung</cmt>
		<desc>Ortsanfang Naturdenkmal Linde, Kreuzung</desc>
		<src>SonstigeHessen</src>
	</wpt>
	<wpt lat="50.354852334089742" lon="9.1381182771784495">
		<name>FB-99</name>
		<cmt>Kläranlage</cmt>
		<desc>Kläranlage</desc>
		<src>HessenForst</src>
	</wpt>
	<wpt lat="50.634480105828096" lon="8.7064046898828131">
		<name>GI-265</name>
		<cmt>Grenzschneise Lollar/Gießen</cmt>
		<desc>Grenzschneise Lollar/Gießen</desc>
		<src>HessenForst</src>
	</wpt>
	<wpt lat="50.158394322176036" lon="8.9042007687582743">
		<name>MKK-613</name>
		<cmt>Waldeingang</cmt>
		<desc>Waldeingang</desc>
		<src>HessenForst</src>
	</wpt>
	<wpt lat="51.171821758931024" lon="9.0344745593186637">
		<name>KB-437</name>
		<cmt>Edertal-Hemfurth, NLP-Eingang Peterskopf</cmt>
		<desc>Edertal-Hemfurth, NLP-Eingang Peterskopf</desc>
		<src>HessenForst</src>
	</wpt>
	<wpt lat="51.157943046529319" lon="9.0931166905927494">
		<name>KB-436</name>
		<cmt>Edertal-Mehlen, NLP-Eingang Dinkelsburg, bei Rabenstein</cmt>
		<desc>Edertal-Mehlen, NLP-Eingang Dinkelsburg, bei Rabenstein</desc>
		<src>HessenForst</src>
	</wpt>
	<wpt lat="50.095302038493053" lon="7.9577434388050134">
		<name>RÜD-408</name>
		<cmt>Volkmann-Eiche</cmt>
		<desc>Volkmann-Eiche</desc>
		<src>HessenForst</src>
	</wpt>
	<wpt lat="50.075288725745054" lon="8.0175564281692786">
		<name>RÜD-409</name>
		<cmt>Ruhplatz</cmt>
		<desc>Ruhplatz</desc>
		<src>HessenForst</src>
	</wpt>
	<wpt lat="50.027772464533633" lon="8.0053145275170632">
		<name>RÜD-410</name>
		<cmt>Parkplatz Krebesberg</cmt>
		<desc>Parkplatz Krebesberg</desc>
		<src>HessenForst</src>
	</wpt>
	<wpt lat="50.06223" lon="8.0390987676708185">
		<name>RÜD-411</name>
		<cmt>Bildeiche</cmt>
		<desc>Bildeiche</desc>
		<src>HessenForst</src>
	</wpt>
	<wpt lat="50.91766" lon="9.7473820005871179">
		<name>UW-MECK</name>
		<cmt>Mecklar UW</cmt>
		<desc>Mecklar UW</desc>
		<src>TenneT TSO GmbH</src>
	</wpt>
	<wpt lat="51.2578" lon="9.51347">
		<name>UW-BEHS</name>
		<cmt>Bergshausen UW</cmt>
		<desc>Bergshausen UW</desc>
		<src>TenneT TSO GmbH</src>
	</wpt>
	<wpt lat="51.059846999774201" lon="9.2607089996676066">
		<name>UW-BORK</name>
		<cmt>Borken UW</cmt>
		<desc>Borken UW</desc>
		<src>TenneT TSO GmbH</src>
	</wpt>
	<wpt lat="50.202978999879008" lon="8.8093019995939947">
		<name>UW-KARB</name>
		<cmt>Karben UW</cmt>
		<desc>Karben UW</desc>
		<src>TenneT TSO GmbH</src>
	</wpt>
	<wpt lat="50.160697" lon="8.7359630006729514">
		<name>UW-FRAN</name>
		<cmt>Frankfurt/N UW</cmt>
		<desc>Frankfurt/N UW</desc>
		<src>TenneT TSO GmbH</src>
	</wpt>
	<wpt lat="50.091859999175568" lon="8.61915">
		<name>UW-FRSW</name>
		<cmt>Frankfurt/SW UW</cmt>
		<desc>Frankfurt/SW UW</desc>
		<src>TenneT TSO GmbH</src>
	</wpt>
	<wpt lat="50.530131000158299" lon="9.773570999824944">
		<name>UW-DIPP</name>
		<cmt>Dipperz UW</cmt>
		<desc>Dipperz UW</desc>
		<src>TenneT TSO GmbH</src>
	</wpt>
	<wpt lat="50.590541000153436" lon="8.4811789998791003">
		<name>UW-ASSL</name>
		<cmt>Asslar UW</cmt>
		<desc>Asslar UW</desc>
		<src>TenneT TSO GmbH</src>
	</wpt>
	<wpt lat="50.757757000192072" lon="8.2834660005074134">
		<name>UW-DILL</name>
		<cmt>Dillenburg UW</cmt>
		<desc>Dillenburg UW</desc>
		<src>TenneT TSO GmbH</src>
	</wpt>
	<wpt lat="50.603623999669914" lon="8.6554680001456248">
		<name>UW-GIEN</name>
		<cmt>Giessen/N UW</cmt>
		<desc>Giessen/N UW</desc>
		<src>TenneT TSO GmbH</src>
	</wpt>
	<wpt lat="50.085854999565534" lon="8.9567440004068768">
		<name>UW-GKRO-220</name>
		<cmt>Großkrotzenburg 220kV</cmt>
		<desc>Großkrotzenburg 220kV</desc>
		<src>TenneT TSO GmbH</src>
	</wpt>
	<wpt lat="50.084773999885428" lon="8.9601710001665431">
		<name>UW-GKRO-380</name>
		<cmt>Großkrotzenburg 380kV</cmt>
		<desc>Großkrotzenburg 380kV</desc>
		<src>TenneT TSO GmbH</src>
	</wpt>
	<wpt lat="51.343950999907506" lon="8.9912310004011253">
		<name>UW-TWIS</name>
		<cmt>Twistetal UW</cmt>
		<desc>Twistetal UW</desc>
		<src>TenneT TSO GmbH</src>
	</wpt>
	<wpt lat="51.167783999933121" lon="9.0513130002418887">
		<name>UW-WALD</name>
		<cmt>Waldeck UW</cmt>
		<desc>Waldeck UW</desc>
		<src>TenneT TSO GmbH</src>
	</wpt>
	<wpt lat="50.374514400355245" lon="8.5826088443713751">
		<name>FB-176</name>
		<cmt>Sportplatz Maibach</cmt>
		<desc>Sportplatz Maibach</desc>
		<src>HessenForst</src>
	</wpt>
	<wpt lat="50.191746382277636" lon="8.1013187248934777">
		<name>RÜD-162</name>
		<cmt>Abzweig Born</cmt>
		<desc>Abzweig Born</desc>
		<src>HessenForst</src>
	</wpt>
	<wpt lat="51.126121271498732" lon="9.7801849133317376">
		<name>HR-224</name>
		<cmt>Bischofferöder Höhe</cmt>
		<desc>Bischofferöder Höhe</desc>
		<src>HessenForst</src>
	</wpt>
	<wpt lat="49.906419185245419" lon="8.9580608477974568">
		<name>DA-7</name>
		<cmt>Sportplatz Kleestadt</cmt>
		<desc>Sportplatz Kleestadt</desc>
		<src>HessenForst</src>
	</wpt>
	<wpt lat="50.668131089956475" lon="8.5707761555814113">
		<name>GI-214</name>
		<cmt>Eulersgrund</cmt>
		<desc>Eulersgrund</desc>
		<src>HessenForst</src>
	</wpt>
	<wpt lat="51.080558454701823" lon="9.4910858433239582">
		<name>HR-169</name>
		<cmt>Hügelskopf</cmt>
		<desc>Hügelskopf</desc>
		<src>HessenForst</src>
	</wpt>
	<wpt lat="50.952162782365789" lon="9.8182232697202281">
		<name>HEF-48</name>
		<cmt>Sportplatz Weiterode</cmt>
		<desc>Sportplatz Weiterode</desc>
		<src>HessenForst</src>
	</wpt>
	<wpt lat="50.678875079871808" lon="9.1871786873647139">
		<name>VB-143</name>
		<cmt>Haberkorneiche</cmt>
		<desc>Haberkorneiche</desc>
		<src>HessenForst</src>
	</wpt>
	<wpt lat="49.643159286710215" lon="8.8461557957896257">
		<name>HP-433</name>
		<cmt>Hammelbach, Cafe Bauer</cmt>
		<desc>Hammelbach, Cafe Bauer</desc>
		<src>HessenForst</src>
	</wpt>
	<wpt lat="50.285080218657143" lon="9.6527304798361033">
		<name>MKK-99</name>
		<cmt>Limbach</cmt>
		<desc>Limbach</desc>
		<src>HessenForst</src>
	</wpt>
	<wpt lat="50.923894251879958" lon="9.4097296900126466">
		<name>HR-859</name>
		<cmt>Gut Kämmershagen</cmt>
		<desc>Gut Kämmershagen</desc>
		<src>HessenForst</src>
	</wpt>
	<wpt lat="50.909288400636562" lon="9.9547857687393915">
		<name>HEF-130</name>
		<cmt>Dielenloch</cmt>
		<desc>Dielenloch</desc>
		<src>HessenForst</src>
	</wpt>
	<wpt lat="51.137971231133605" lon="9.5701894537826977">
		<name>HR-147</name>
		<cmt>Waldeingang Sälzerweg</cmt>
		<desc>Waldeingang Sälzerweg</desc>
		<src>HessenForst</src>
	</wpt>
	<wpt lat="51.009956" lon="9.457724">
		<name>HR-955</name>
		<cmt>Reblehausen; Nähe Eisenbahnbrücke</cmt>
		<desc>Reblehausen; Nähe Eisenbahnbrücke</desc>
		<src>HessenForst</src>
	</wpt>
	<wpt lat="49.838726069113505" lon="8.9704174952308531">
		<name>DA-17</name>
		<cmt>Forsthaus Heubach</cmt>
		<desc>Forsthaus Heubach</desc>
		<src>HessenForst</src>
	</wpt>
	<wpt lat="50.534313837197153" lon="8.8293366427464832">
		<name>GI-16</name>
		<cmt>Waldeingang; Anfahrt: L3355 Lich - Hattenrod</cmt>
		<desc>Waldeingang; Anfahrt: L3355 Lich - Hattenrod</desc>
		<src>Magistrat der Stadt Lich</src>
	</wpt>
	<wpt lat="50.531320960844489" lon="8.862148676549273">
		<name>GI-18</name>
		<cmt>Parkpl. rechts im Wald in Richtung Nieder-Bessingen; Anfahrt: L3481 - Nieder-Bessingen</cmt>
		<desc>Parkpl. rechts im Wald in Richtung Nieder-Bessingen; Anfahrt: L3481 - Nieder-Bessingen</desc>
		<src>Magistrat der Stadt Lich</src>
	</wpt>
	<wpt lat="50.345974741118162" lon="9.2077597027983291">
		<name>FB-118</name>
		<cmt>Bäckerei Naumann</cmt>
		<desc>Bäckerei Naumann</desc>
		<src>HessenForst</src>
	</wpt>
	<wpt lat="50.715121205084266" lon="9.7199396572878332">
		<name>FD-34</name>
		<cmt>B 27 Abzweig Steinbach</cmt>
		<desc>B 27 Abzweig Steinbach</desc>
		<src>HessenForst</src>
	</wpt>
	<wpt lat="51.102881115072947" lon="10.025958637569847">
		<name>ESW-424</name>
		<cmt>Gut Harmuthshausen</cmt>
		<desc>Gut Harmuthshausen</desc>
		<src>HessenForst</src>
	</wpt>
	<wpt lat="50.51420352412535" lon="9.0925660174416869">
		<name>VB-25</name>
		<cmt>Laubach</cmt>
		<desc>Laubach</desc>
		<src>HessenForst</src>
	</wpt>
	<wpt lat="50.408871274153206" lon="8.2344527317680303">
		<name>LM-359</name>
		<cmt>Hof Am Stein</cmt>
		<desc>Hof Am Stein</desc>
		<src>HessenForst</src>
	</wpt>
	<wpt lat="50.049923630301087" lon="7.8375469468484393">
		<name>RÜD-352</name>
		<cmt>Fa Schlaad Tor 3</cmt>
		<desc>Fa Schlaad Tor 3</desc>
		<src>HessenForst</src>
	</wpt>
	<wpt lat="49.88262368962296" lon="9.0322191378682266">
		<name>DA-336</name>
		<cmt>NP-Parkplatz Sterbach</cmt>
		<desc>NP-Parkplatz Sterbach</desc>
		<src>HessenForst</src>
	</wpt>
	<wpt lat="50.995221937558" lon="9.2068763355364158">
		<name>HR-340</name>
		<cmt>Abzweig Waltersbrück</cmt>
		<desc>Abzweig Waltersbrück</desc>
		<src>HessenForst</src>
	</wpt>
	<wpt lat="49.549260361769676" lon="8.7048444786071979">
		<name>HP-223</name>
		<cmt>Friedrichshütte</cmt>
		<desc>Friedrichshütte</desc>
		<src>HessenForst</src>
	</wpt>
	<wpt lat="50.047152252167166" lon="7.9272961985730221">
		<name>RÜD-331</name>
		<cmt>P Bordekreuz</cmt>
		<desc>P Bordekreuz</desc>
		<src>HessenForst</src>
	</wpt>
	<wpt lat="51.052775890354859" lon="9.3303891667629255">
		<name>HR-46</name>
		<cmt>Schießstand</cmt>
		<desc>Schießstand</desc>
		<src>HessenForst</src>
	</wpt>
	<wpt lat="51.055486113684601" lon="9.6864029581830149">
		<name>HEF-5</name>
		<cmt>Heinebergkreuzung</cmt>
		<desc>Heinebergkreuzung</desc>
		<src>HessenForst</src>
	</wpt>
	<wpt lat="50.116354322456829" lon="8.1107423997510235">
		<name>RÜD-390</name>
		<cmt>Taunus Wunderland</cmt>
		<desc>Taunus Wunderland</desc>
		<src>HessenForst</src>
	</wpt>
	<wpt lat="50.667516590625958" lon="8.3488471942769902">
		<name>LDK-320</name>
		<cmt>Ballersbacher Weg Kreuzwegndungsweg Kreuzung Rennweg</cmt>
		<desc>Ballersbacher Weg Kreuzwegndungsweg Kreuzung Rennweg</desc>
		<src>HessenForst</src>
	</wpt>
	<wpt lat="50.717088357849093" lon="9.8903994807644313">
		<name>FD-18</name>
		<cmt>Ortseingang Rasdorf</cmt>
		<desc>Ortseingang Rasdorf</desc>
		<src>HessenForst</src>
	</wpt>
	<wpt lat="50.697769863909052" lon="8.928105299037675">
		<name>GI-256</name>
		<cmt>Schutzforst</cmt>
		<desc>Schutzforst</desc>
		<src>HessenForst</src>
	</wpt>
	<wpt lat="50.126790014604431" lon="7.9934320911596917">
		<name>RÜD-133</name>
		<cmt>Abfahrt Springen</cmt>
		<desc>Abfahrt Springen</desc>
		<src>HessenForst</src>
	</wpt>
	<wpt lat="50.313494566661213" lon="9.3887533881363918">
		<name>MKK-1011</name>
		<cmt>Sandkopf</cmt>
		<desc>Sandkopf</desc>
		<src>HessenForst</src>
	</wpt>
	<wpt lat="51.158869230552831" lon="9.7293422274316352">
		<name>ESW-20</name>
		<cmt>Wickersröder Höhe</cmt>
		<desc>Wickersröder Höhe</desc>
		<src>HessenForst</src>
	</wpt>
	<wpt lat="51.242936758988179" lon="9.9689593037995419">
		<name>ESW-212</name>
		<cmt>Weid'scher Kopf</cmt>
		<desc>Weid'scher Kopf</desc>
		<src>HessenForst</src>
	</wpt>
	<wpt lat="50.326694970650948" lon="9.167311055507394">
		<name>FB-133</name>
		<cmt>Sportplaltz Michelau</cmt>
		<desc>Sportplaltz Michelau</desc>
		<src>HessenForst</src>
	</wpt>
	<wpt lat="51.384608464382765" lon="9.176468117091364">
		<name>KS-510</name>
		<cmt>Parkplatz an der K 90 zw. Niederelsungen und Ehringen</cmt>
		<desc>Parkplatz an der K 90 zw. Niederelsungen und Ehringen</desc>
		<src>HessenForst</src>
	</wpt>
	<wpt lat="50.658976862958561" lon="8.3389929976031354">
		<name>LDK-285</name>
		<cmt>Ballersbacher Weg Waldschwimmbad"</cmt>
		<desc>Ballersbacher Weg Waldschwimmbad"</desc>
		<src>HessenForst</src>
	</wpt>
	<wpt lat="50.646444790945019" lon="8.3319336060326705">
		<name>LDK-284</name>
		<cmt>Bauhof Sinn , Wetzlarerstr. 49</cmt>
		<desc>Bauhof Sinn , Wetzlarerstr. 49</desc>
		<src>HessenForst</src>
	</wpt>
	<wpt lat="50.703258835423476" lon="8.4769636512496742">
		<name>LDK-132</name>
		<cmt>B 255 Abzweig &amp;gt;Nieder-weidbach, (Parkplatz) Bushaltestelle  Niederweidbach (Zufahrt Hotel Seehof)</cmt>
		<desc>B 255 Abzweig &amp;gt;Nieder-weidbach, (Parkplatz) Bushaltestelle  Niederweidbach (Zufahrt Hotel Seehof)</desc>
		<src>HessenForst</src>
	</wpt>
	<wpt lat="50.681632892211184" lon="8.3652291802099352">
		<name>LDK-321</name>
		<cmt>Sinner Straße Abzweig Rennweg, Parkplatz am Friedhof Ballersbach</cmt>
		<desc>Sinner Straße Abzweig Rennweg, Parkplatz am Friedhof Ballersbach</desc>
		<src>HessenForst</src>
	</wpt>
	<wpt lat="51.420792674869446" lon="9.3691395364603363">
		<name>KS-550</name>
		<cmt>B7 am Flughafenwald - östliche Zufahrt</cmt>
		<desc>B7 am Flughafenwald - östliche Zufahrt</desc>
		<src>HessenForst</src>
	</wpt>
	<wpt lat="50.794326723240125" lon="8.2421382647829411">
		<name>LDK-409</name>
		<cmt>Bushaltestelle Ortsmitte Oerroßbach, Grundstraße</cmt>
		<desc>Bushaltestelle Ortsmitte Oerroßbach, Grundstraße</desc>
		<src>HessenForst</src>
	</wpt>
	<wpt lat="50.769116275909113" lon="8.1527851122598687">
		<name>LDK-404</name>
		<cmt>Gewerbegebiet Kalteiche Einfahrt von B 54</cmt>
		<desc>Gewerbegebiet Kalteiche Einfahrt von B 54</desc>
		<src>HessenForst</src>
	</wpt>
	<wpt lat="50.427863754697675" lon="9.5367817564635047">
		<name>FD-516</name>
		<cmt>Berishof</cmt>
		<desc>Berishof</desc>
		<src>HessenForst</src>
	</wpt>
	<wpt lat="50.752865703818522" lon="8.2530265261254652">
		<name>LDK-403</name>
		<cmt>Sechshelden Imbachstr., Parkplatz Friedhof Sechshelden am Ortsausgang Sechshelden in Richtung Manderbach</cmt>
		<desc>Sechshelden Imbachstr., Parkplatz Friedhof Sechshelden am Ortsausgang Sechshelden in Richtung Manderbach</desc>
		<src>HessenForst</src>
	</wpt>
	<wpt lat="50.796537180967235" lon="8.1459900570530817">
		<name>HSK-405</name>
		<cmt>Kalteiche Richtung Siegen, Abzweig Wilgersdorf</cmt>
		<desc>Kalteiche Richtung Siegen, Abzweig Wilgersdorf</desc>
		<src>HessenForst</src>
	</wpt>
	<wpt lat="50.79529664919032" lon="9.2944726789038192">
		<name>VB-205</name>
		<cmt>Abzweig Berghof / Berfmühle</cmt>
		<desc>Abzweig Berghof / Berfmühle</desc>
		<src>HessenForst</src>
	</wpt>
	<wpt lat="50.772296188734906" lon="8.2110071967194962">
		<name>LDK-406</name>
		<cmt>Rodenbach, Fellerdillner Str. 2, Cisas'sche Mühle am Abzweig L 3442</cmt>
		<desc>Rodenbach, Fellerdillner Str. 2, Cisas'sche Mühle am Abzweig L 3442</desc>
		<src>HessenForst</src>
	</wpt>
	<wpt lat="50.695181261690585" lon="8.1562347495193741">
		<name>LDK-400</name>
		<cmt>Parkplatz kurz vor Waldausgang von Langenaubach Richtung Rabenscheid</cmt>
		<desc>Parkplatz kurz vor Waldausgang von Langenaubach Richtung Rabenscheid</desc>
		<src>HessenForst</src>
	</wpt>
	<wpt lat="50.730720565828889" lon="8.1887921785946016">
		<name>LDK-401</name>
		<cmt>Abzweigung K 42, Richtung Flammersbach</cmt>
		<desc>Abzweigung K 42, Richtung Flammersbach</desc>
		<src>HessenForst</src>
	</wpt>
	<wpt lat="50.737385298672862" lon="8.2328316964462367">
		<name>LDK-402</name>
		<cmt>Sechshelden Richtung Haiger, Parkplatz Hachelbachkurve/Abzweig Industriestraße Haiger</cmt>
		<desc>Sechshelden Richtung Haiger, Parkplatz Hachelbachkurve/Abzweig Industriestraße Haiger</desc>
		<src>HessenForst</src>
	</wpt>
	<wpt lat="51.251532881265447" lon="9.2610710920351185">
		<name>KS-533</name>
		<cmt>Triftweg in Sand (Verlängerung Bahnhofstr.) evtl. 300 m nach N zum Läuseküppel verlegen</cmt>
		<desc>Triftweg in Sand (Verlängerung Bahnhofstr.) evtl. 300 m nach N zum Läuseküppel verlegen</desc>
		<src>HessenForst</src>
	</wpt>
	<wpt lat="51.259527955696747" lon="9.2762556148047786">
		<name>KS-595</name>
		<cmt>Waldeingang rechts am Bahnübergang</cmt>
		<desc>Waldeingang rechts am Bahnübergang</desc>
		<src>HessenForst</src>
	</wpt>
	<wpt lat="51.261998574654811" lon="9.1573045461614839">
		<name>KS-531</name>
		<cmt>Parkplatz rechts an L 3214 Naumburg Ri. Ippinghausen</cmt>
		<desc>Parkplatz rechts an L 3214 Naumburg Ri. Ippinghausen</desc>
		<src>HessenForst</src>
	</wpt>
	<wpt lat="51.406410319586797" lon="9.2800266742039117">
		<name>KS-508</name>
		<cmt>Gut Laar, Hofeinfahrt</cmt>
		<desc>Gut Laar, Hofeinfahrt</desc>
		<src>HessenForst</src>
	</wpt>
	<wpt lat="51.341989154333412" lon="9.3715362290395294">
		<name>KS-570</name>
		<cmt>B 251, Parkplatz Igelsburg, Notrufsäule</cmt>
		<desc>B 251, Parkplatz Igelsburg, Notrufsäule</desc>
		<src>HessenForst</src>
	</wpt>
	<wpt lat="50.418823074347905" lon="9.6532050714332911">
		<name>FD-522</name>
		<cmt>Einfahrt Basaltwerk Schrimpf</cmt>
		<desc>Einfahrt Basaltwerk Schrimpf</desc>
		<src>HessenForst</src>
	</wpt>
	<wpt lat="49.827458110975236" lon="8.415267381779044">
		<name>GG-108</name>
		<cmt>Waldeingang Knoblochsaue Erfelder Straße</cmt>
		<desc>Waldeingang Knoblochsaue Erfelder Straße</desc>
		<src>HessenForst</src>
	</wpt>
	<wpt lat="49.827661095390781" lon="8.3808192794236174">
		<name>GG-109</name>
		<cmt>Natoplatz Knoblochsaue</cmt>
		<desc>Natoplatz Knoblochsaue</desc>
		<src>HessenForst</src>
	</wpt>
	<wpt lat="49.830620066262071" lon="8.4669006362353425">
		<name>GG-110</name>
		<cmt>Spielplatz Erfelden Kühkopf</cmt>
		<desc>Spielplatz Erfelden Kühkopf</desc>
		<src>HessenForst</src>
	</wpt>
	<wpt lat="49.828036101286521" lon="8.4664895321807645">
		<name>GG-111</name>
		<cmt>Forsthaus Kühkopf</cmt>
		<desc>Forsthaus Kühkopf</desc>
		<src>HessenForst</src>
	</wpt>
	<wpt lat="49.822816666666682" lon="8.4407">
		<name>GG-112</name>
		<cmt>Schutzhütte Rindswerth</cmt>
		<desc>Schutzhütte Rindswerth</desc>
		<src>HessenForst</src>
	</wpt>
	<wpt lat="49.819959734153805" lon="8.4559014749914851">
		<name>GG-113</name>
		<cmt>Zufahrt Forsthaus Kühkopf</cmt>
		<desc>Zufahrt Forsthaus Kühkopf</desc>
		<src>HessenForst</src>
	</wpt>
	<wpt lat="49.814436100743812" lon="8.4369061994562156">
		<name>GG-114</name>
		<cmt>Schutzhütte Reichertsinsel</cmt>
		<desc>Schutzhütte Reichertsinsel</desc>
		<src>HessenForst</src>
	</wpt>
	<wpt lat="49.810098656687288" lon="8.4230376499378856">
		<name>GG-115</name>
		<cmt>Schutzhütte Kälberteich</cmt>
		<desc>Schutzhütte Kälberteich</desc>
		<src>HessenForst</src>
	</wpt>
	<wpt lat="49.809254152588402" lon="8.3971929721022232">
		<name>GG-116</name>
		<cmt>Anlegestelle Rhein</cmt>
		<desc>Anlegestelle Rhein</desc>
		<src>HessenForst</src>
	</wpt>
	<wpt lat="49.798859764554471" lon="8.4067596918716063">
		<name>GG-117</name>
		<cmt>Schützhütte Rhein</cmt>
		<desc>Schützhütte Rhein</desc>
		<src>HessenForst</src>
	</wpt>
	<wpt lat="49.788857944358178" lon="8.4141668388733422">
		<name>GG-118</name>
		<cmt>Südspitze Kühkopf</cmt>
		<desc>Südspitze Kühkopf</desc>
		<src>HessenForst</src>
	</wpt>
	<wpt lat="49.810909590163902" lon="8.4500384792018988">
		<name>GG-119</name>
		<cmt>Königsinsel</cmt>
		<desc>Königsinsel</desc>
		<src>HessenForst</src>
	</wpt>
	<wpt lat="49.78924254072632" lon="8.4231666892751349">
		<name>GG-120</name>
		<cmt>Königsinsel Südspitze / Auwärterhau</cmt>
		<desc>Königsinsel Südspitze / Auwärterhau</desc>
		<src>HessenForst</src>
	</wpt>
	<wpt lat="50.362575242291577" lon="8.7156523699008872">
		<name>FB-17</name>
		<cmt>Flugplatz Ober-Mörlen</cmt>
		<desc>Flugplatz Ober-Mörlen</desc>
		<src>HessenForst</src>
	</wpt>
	<wpt lat="50.507040293151071" lon="8.9333425496581516">
		<name>GI-115</name>
		<cmt>ARAL-Tankstelle Villingen</cmt>
		<desc>ARAL-Tankstelle Villingen</desc>
		<src>Stadtwaldstiftung Laubach</src>
	</wpt>
	<wpt lat="51.240786725996472" lon="9.2455020312857243">
		<name>KS-602</name>
		<cmt>Abzweig an der B 450</cmt>
		<desc>Abzweig an der B 450</desc>
		<src>Stiftungsforsten Kloster Haina</src>
	</wpt>
	<wpt lat="50.160111464446572" lon="8.0216533778880468">
		<name>RÜD-120</name>
		<cmt>Taunuskaserne</cmt>
		<desc>Taunuskaserne</desc>
		<src>HessenForst</src>
	</wpt>
	<wpt lat="50.263764317378644" lon="9.0848862581275949">
		<name>FB-114</name>
		<cmt>Hofgut Herrnhaag</cmt>
		<desc>Hofgut Herrnhaag</desc>
		<src>HessenForst</src>
	</wpt>
	<wpt lat="50.386602691816478" lon="9.0266747704570189">
		<name>FB-87</name>
		<cmt>Parkplatz</cmt>
		<desc>Parkplatz</desc>
		<src>HessenForst</src>
	</wpt>
	<wpt lat="50.03522024407458" lon="8.0532311810122401">
		<name>RÜD-403</name>
		<cmt>Domäne Steinberg</cmt>
		<desc>Domäne Steinberg</desc>
		<src>HessenForst</src>
	</wpt>
	<wpt lat="50.550206439117787" lon="8.2963505865432285">
		<name>LDK-34</name>
		<cmt>Hof Hüttenfeld</cmt>
		<desc>Hof Hüttenfeld</desc>
		<src>HessenForst</src>
	</wpt>
	<wpt lat="51.137714731385763" lon="9.9455791325502325">
		<name>ESW-29</name>
		<cmt>Abfahrt Bommhard</cmt>
		<desc>Abfahrt Bommhard</desc>
		<src>HessenForst</src>
	</wpt>
	<wpt lat="50.956441572957409" lon="8.650423208880996">
		<name>MR-118</name>
		<cmt>Ortseingang Oberasphe</cmt>
		<desc>Ortseingang Oberasphe</desc>
		<src>HessenForst</src>
	</wpt>
	<wpt lat="51.291570442027293" lon="8.8005895711733615">
		<name>KB-205</name>
		<cmt>Sportplatz</cmt>
		<desc>Sportplatz</desc>
		<src>HessenForst</src>
	</wpt>
	<wpt lat="50.185853249112775" lon="8.2300449273236751">
		<name>RÜD-253</name>
		<cmt>Abzweig Engenhahn</cmt>
		<desc>Abzweig Engenhahn</desc>
		<src>HessenForst</src>
	</wpt>
	<wpt lat="49.913689561361842" lon="8.8850547697083293">
		<name>DA-4</name>
		<cmt>Sportplatz Altheim</cmt>
		<desc>Sportplatz Altheim</desc>
		<src>HessenForst</src>
	</wpt>
	<wpt lat="50.651243844853511" lon="8.2709915103087628">
		<name>LDK-311</name>
		<cmt>Lindenstraße Kirche</cmt>
		<desc>Lindenstraße Kirche</desc>
		<src>HessenForst</src>
	</wpt>
	<wpt lat="50.967976113745522" lon="9.4057845532314168">
		<name>HR-864</name>
		<cmt>Friedhof Leuderode</cmt>
		<desc>Friedhof Leuderode</desc>
		<src>HessenForst</src>
	</wpt>
	<wpt lat="49.904774578755543" lon="8.7947992276775313">
		<name>DA-32</name>
		<cmt>Waldweg an der L 3094</cmt>
		<desc>Waldweg an der L 3094</desc>
		<src>HessenForst</src>
	</wpt>
	<wpt lat="50.720862405599746" lon="9.436352227801347">
		<name>VB-186</name>
		<cmt>Parkplatz Windhain</cmt>
		<desc>Parkplatz Windhain</desc>
		<src>HessenForst</src>
	</wpt>
	<wpt lat="49.989807889629375" lon="8.9720389844177397">
		<name>DA-316</name>
		<cmt>Bahnübergang</cmt>
		<desc>Bahnübergang</desc>
		<src>HessenForst</src>
	</wpt>
	<wpt lat="50.530829655215108" lon="9.7658552611961458">
		<name>FD-246</name>
		<cmt>Dirlos-Hard</cmt>
		<desc>Dirlos-Hard</desc>
		<src>HessenForst</src>
	</wpt>
	<wpt lat="49.672980858445577" lon="8.6927905484384169">
		<name>HP-237</name>
		<cmt>Parkplatz "Goldbrunnen" - Ober-Hambach</cmt>
		<desc>Parkplatz "Goldbrunnen" - Ober-Hambach</desc>
		<src>Stadt Heppenheim</src>
	</wpt>
	<wpt lat="49.649529257838893" lon="8.7120224642867878">
		<name>HP-229</name>
		<cmt>Parkplatz "Guldenklinger Höhe"</cmt>
		<desc>Parkplatz "Guldenklinger Höhe"</desc>
		<src>Stadt Heppenheim</src>
	</wpt>
	<wpt lat="49.63693847272971" lon="8.6523940416500142">
		<name>HP-234</name>
		<cmt>Waldeingang Gasthaus "Mühlrad"</cmt>
		<desc>Waldeingang Gasthaus "Mühlrad"</desc>
		<src>Stadt Heppenheim</src>
	</wpt>
	<wpt lat="49.645546162791369" lon="8.6669607930859751">
		<name>HP-235</name>
		<cmt>Waldeingang Fischweiher</cmt>
		<desc>Waldeingang Fischweiher</desc>
		<src>Stadt Heppenheim</src>
	</wpt>
	<wpt lat="49.625246885032873" lon="8.6933317580812854">
		<name>HP-228</name>
		<cmt>Parkplatz "Hölzerne Hand"</cmt>
		<desc>Parkplatz "Hölzerne Hand"</desc>
		<src>Stadt Heppenheim</src>
	</wpt>
	<wpt lat="49.64678519259472" lon="8.6800413992850061">
		<name>HP-240</name>
		<cmt>Görzklingertal</cmt>
		<desc>Görzklingertal</desc>
		<src>Stadt Heppenheim</src>
	</wpt>
	<wpt lat="49.668224509141844" lon="8.7175811276396917">
		<name>HP-231</name>
		<cmt>Ortseingang Scheuerberg-Abzw. Seidenbach</cmt>
		<desc>Ortseingang Scheuerberg-Abzw. Seidenbach</desc>
		<src>Stadt Heppenheim</src>
	</wpt>
	<wpt lat="49.663889807231875" lon="8.6569813865249881">
		<name>HP-236</name>
		<cmt>Gehöft Mitsch, Unter-Hambach</cmt>
		<desc>Gehöft Mitsch, Unter-Hambach</desc>
		<src>Stadt Heppenheim</src>
	</wpt>
	<wpt lat="49.656256912616975" lon="8.6372707498182635">
		<name>HP-438</name>
		<cmt>Heppenheimer Rebmuttergarten Vinothek</cmt>
		<desc>Heppenheimer Rebmuttergarten Vinothek</desc>
		<src>Stadt Heppenheim</src>
	</wpt>
	<wpt lat="51.416637193367201" lon="9.1842318604227238">
		<name>KS-506</name>
		<cmt>Rathaus Breuna</cmt>
		<desc>Rathaus Breuna</desc>
		<src>Gemeinde Breuna</src>
	</wpt>
	<wpt lat="51.433902053044264" lon="9.1855612142928589">
		<name>KS-504</name>
		<cmt>L 3312 Breuna Ri. Wettesingen, rechts Parkplatz Waldende</cmt>
		<desc>L 3312 Breuna Ri. Wettesingen, rechts Parkplatz Waldende</desc>
		<src>Gemeinde Breuna</src>
	</wpt>
	<wpt lat="51.457729136572809" lon="9.243105026872195">
		<name>KS-502</name>
		<cmt>Abzw. von B 7 Ri. Ersen an L 3210 am 1. Waldweg rechts (BREUNA)</cmt>
		<desc>Abzw. von B 7 Ri. Ersen an L 3210 am 1. Waldweg rechts (BREUNA)</desc>
		<src>Gemeinde Breuna</src>
	</wpt>
	<wpt lat="51.127118645734541" lon="9.9223336637674429">
		<name>ESW-31</name>
		<cmt>Abfahrt Brand</cmt>
		<desc>Abfahrt Brand</desc>
		<src>HessenForst</src>
	</wpt>
	<wpt lat="50.321718661408688" lon="8.5535270870625837">
		<name>HG-136</name>
		<cmt>Vor der letzten Kurve Richtung Wehrheim</cmt>
		<desc>Vor der letzten Kurve Richtung Wehrheim</desc>
		<src>Stadt Usingen</src>
	</wpt>
	<wpt lat="50.36221201443265" lon="8.5754312278581448">
		<name>HG-120</name>
		<cmt>Kreuzung Butzbache Straße</cmt>
		<desc>Kreuzung Butzbache Straße</desc>
		<src>Stadt Usingen</src>
	</wpt>
	<wpt lat="50.36005958877972" lon="8.5607779360290692">
		<name>HG-122</name>
		<cmt>Hochbehälter Eichkopf</cmt>
		<desc>Hochbehälter Eichkopf</desc>
		<src>Stadt Usingen</src>
	</wpt>
	<wpt lat="50.332091532331724" lon="8.5665483982672139">
		<name>HG-134</name>
		<cmt>Oberhalb Gaststätte "Tannenhof"</cmt>
		<desc>Oberhalb Gaststätte "Tannenhof"</desc>
		<src>Stadt Usingen</src>
	</wpt>
	<wpt lat="50.113952361571322" lon="8.3607119147419073">
		<name>MTK-15</name>
		<cmt>Parkplatz Friedhof Wildsachsen</cmt>
		<desc>Parkplatz Friedhof Wildsachsen</desc>
		<src>Magistrat der Kreisstadt Hofheim am Taunus</src>
	</wpt>
	<wpt lat="50.102377328003385" lon="8.4002357741378617">
		<name>MTK-7</name>
		<cmt>KIA-Autohaus Wassum, Langenhain</cmt>
		<desc>KIA-Autohaus Wassum, Langenhain</desc>
		<src>Magistrat der Kreisstadt Hofheim am Taunus</src>
	</wpt>
	<wpt lat="50.079831048941074" lon="8.4103127034257046">
		<name>MTK-5</name>
		<cmt>Parkplatz Weberhäuschen</cmt>
		<desc>Parkplatz Weberhäuschen</desc>
		<src>Magistrat der Kreisstadt Hofheim am Taunus</src>
	</wpt>
	<wpt lat="50.087316011357231" lon="8.4325884728208216">
		<name>MTK-3</name>
		<cmt>Waldfriedhof Hofheim Vincenzstraße</cmt>
		<desc>Waldfriedhof Hofheim Vincenzstraße</desc>
		<src>Magistrat der Kreisstadt Hofheim am Taunus</src>
	</wpt>
	<wpt lat="50.101907199686657" lon="8.387630646140483">
		<name>MTK-9</name>
		<cmt>Trafo-Häuschen, Am Hübner, Langenhain</cmt>
		<desc>Trafo-Häuschen, Am Hübner, Langenhain</desc>
		<src>Magistrat der Kreisstadt Hofheim am Taunus</src>
	</wpt>
	<wpt lat="50.803613647073448" lon="9.7522032818196642">
		<name>VW-1</name>
		<cmt>Zufahrt Biogasanlage: L 3341; 200 m nach Abzweig von L3170 Bodes ri. Fischbach</cmt>
		<desc>Zufahrt Biogasanlage: L 3341; 200 m nach Abzweig von L3170 Bodes ri. Fischbach</desc>
		<src>Freiherr von Wilmowsky</src>
	</wpt>
	<wpt lat="50.795477898053214" lon="9.7545415888598566">
		<name>VW-2</name>
		<cmt>L 3170; Kreisgrenze Hersfeld- Rotenburg / Fulda, zwischen Bodes und Buchenau</cmt>
		<desc>L 3170; Kreisgrenze Hersfeld- Rotenburg / Fulda, zwischen Bodes und Buchenau</desc>
		<src>Freiherr von Wilmowsky</src>
	</wpt>
	<wpt lat="50.786325750245126" lon="9.7624237477489899">
		<name>VW-3</name>
		<cmt>L 3170; Einfahrt Forsthaus Buchenau, Buchenau ri. Bodes, nach 500 m Einfahrt links</cmt>
		<desc>L 3170; Einfahrt Forsthaus Buchenau, Buchenau ri. Bodes, nach 500 m Einfahrt links</desc>
		<src>Freiherr von Wilmowsky</src>
	</wpt>
	<wpt lat="50.766290153600934" lon="9.7270868792791081">
		<name>VW-4</name>
		<cmt>K152; Erdgasspeicher Giesenahin; von K 152 - Rhönblick - ca. 800 m in gerader Richtung</cmt>
		<desc>K152; Erdgasspeicher Giesenahin; von K 152 - Rhönblick - ca. 800 m in gerader Richtung</desc>
		<src>Freiherr von Wilmowsky</src>
	</wpt>
	<wpt lat="50.765589189820481" lon="9.7168379966956966">
		<name>VW-5</name>
		<cmt>L 3431; Einmündung Hüttchen- Tal-Weg, Kurve 900 m vor Oberstoppel aus Richtung Neukirchen</cmt>
		<desc>L 3431; Einmündung Hüttchen- Tal-Weg, Kurve 900 m vor Oberstoppel aus Richtung Neukirchen</desc>
		<src>Freiherr von Wilmowsky</src>
	</wpt>
	<wpt lat="50.768150266558386" lon="9.712750508077681">
		<name>VW-6</name>
		<cmt>L 3431, Nadelöhrkurve, ca. 1200 m nach Neukirchen ri. Oberstoppel, Einfahrt links</cmt>
		<desc>L 3431, Nadelöhrkurve, ca. 1200 m nach Neukirchen ri. Oberstoppel, Einfahrt links</desc>
		<src>Freiherr von Wilmowsky</src>
	</wpt>
	<wpt lat="51.228385671633504" lon="9.0554276131535154">
		<name>KB-248</name>
		<cmt>Segelflugplatz</cmt>
		<desc>Segelflugplatz</desc>
		<src>Kommunalwald GmbH</src>
	</wpt>
	<wpt lat="51.266826434440176" lon="8.6119473840079124">
		<name>KB-160</name>
		<cmt>"Waschkump"</cmt>
		<desc>"Waschkump"</desc>
		<src>Kommunalwald GmbH</src>
	</wpt>
	<wpt lat="51.288718904290292" lon="8.5915194519597193">
		<name>KB-151</name>
		<cmt>Parkplatz Liftstation "Köhlerhagen"</cmt>
		<desc>Parkplatz Liftstation "Köhlerhagen"</desc>
		<src>Kommunalwald GmbH</src>
	</wpt>
	<wpt lat="51.330830755752544" lon="8.9303522160598785">
		<name>KB-127</name>
		<cmt>Mühlhauser Hammer</cmt>
		<desc>Mühlhauser Hammer</desc>
		<src>Kommunalwald GmbH</src>
	</wpt>
	<wpt lat="51.326444601387443" lon="8.7551290861038868">
		<name>KB-130</name>
		<cmt>Feld Ittler</cmt>
		<desc>Feld Ittler</desc>
		<src>Kommunalwald GmbH</src>
	</wpt>
	<wpt lat="51.132358085551211" lon="8.8206347459213852">
		<name>KB-518</name>
		<cmt>Wanderparkplatz zwischen Sachenberg und Niederorke</cmt>
		<desc>Wanderparkplatz zwischen Sachenberg und Niederorke</desc>
		<src>Kommunalwald GmbH</src>
	</wpt>
	<wpt lat="51.37510108796301" lon="8.9318059970285617">
		<name>KB-106</name>
		<cmt>Gut Frederinghausen</cmt>
		<desc>Gut Frederinghausen</desc>
		<src>Kommunalwald GmbH</src>
	</wpt>
	<wpt lat="51.024082726697848" lon="8.7564844885182858">
		<name>KB-561</name>
		<cmt>Friedhof OT Burgwald, Zufahrt über Randstraße von K 124</cmt>
		<desc>Friedhof OT Burgwald, Zufahrt über Randstraße von K 124</desc>
		<src>Kommunalwald GmbH</src>
	</wpt>
	<wpt lat="51.218955516587748" lon="9.1087848720090676">
		<name>KB-250</name>
		<cmt>Alter Hof</cmt>
		<desc>Alter Hof</desc>
		<src>Kommunalwald GmbH</src>
	</wpt>
	<wpt lat="51.147963300529653" lon="8.7528963815051952">
		<name>KB-512</name>
		<cmt>Einfahrt Holzenbach, gegenüber den Scheunen</cmt>
		<desc>Einfahrt Holzenbach, gegenüber den Scheunen</desc>
		<src>Kommunalwald GmbH</src>
	</wpt>
	<wpt lat="51.326763492020866" lon="9.0396287308382703">
		<name>KB-31</name>
		<cmt>Waldschmiede</cmt>
		<desc>Waldschmiede</desc>
		<src>Kommunalwald GmbH</src>
	</wpt>
	<wpt lat="51.317308437251121" lon="9.0572338822649243">
		<name>KB-40</name>
		<cmt>Waldeingang</cmt>
		<desc>Waldeingang</desc>
		<src>Kommunalwald GmbH</src>
	</wpt>
	<wpt lat="51.3724497440787" lon="9.1075164978705843">
		<name>KB-21</name>
		<cmt>Festplatz Lütersheim Ortseingang</cmt>
		<desc>Festplatz Lütersheim Ortseingang</desc>
		<src>Kommunalwald GmbH</src>
	</wpt>
	<wpt lat="51.144518532728391" lon="9.1771177303088951">
		<name>KB-607</name>
		<cmt>Wellen Bushaltestelle Bachstraße -Züschen</cmt>
		<desc>Wellen Bushaltestelle Bachstraße -Züschen</desc>
		<src>Kommunalwald GmbH</src>
	</wpt>
	<wpt lat="51.291895417975667" lon="8.7363159464005697">
		<name>KB-154</name>
		<cmt>ehemaliges Forsthaus Neerdar</cmt>
		<desc>ehemaliges Forsthaus Neerdar</desc>
		<src>Kommunalwald GmbH</src>
	</wpt>
	<wpt lat="51.339318173469429" lon="8.7323503115657193">
		<name>KB-119</name>
		<cmt>Friedhofsparkplatz Ortsausgang</cmt>
		<desc>Friedhofsparkplatz Ortsausgang</desc>
		<src>Kommunalwald GmbH</src>
	</wpt>
	<wpt lat="51.498021309229586" lon="8.9848361782323245">
		<name>KB-2</name>
		<cmt>Parkplatz Autobahnrast-stätte Biggenkopf Süd</cmt>
		<desc>Parkplatz Autobahnrast-stätte Biggenkopf Süd</desc>
		<src>Kommunalwald GmbH</src>
	</wpt>
	<wpt lat="51.321563512189002" lon="8.6665412681726899">
		<name>KB-129</name>
		<cmt>Dommelmühle</cmt>
		<desc>Dommelmühle</desc>
		<src>Kommunalwald GmbH</src>
	</wpt>
	<wpt lat="51.304226348919009" lon="8.6270901811915035">
		<name>KB-143</name>
		<cmt>ehemaliges Forsthaus Schwalefeld</cmt>
		<desc>ehemaliges Forsthaus Schwalefeld</desc>
		<src>Kommunalwald GmbH</src>
	</wpt>
	<wpt lat="51.313401814650284" lon="8.6494596563743809">
		<name>KB-128</name>
		<cmt>Sportplatz C 43</cmt>
		<desc>Sportplatz C 43</desc>
		<src>Kommunalwald GmbH</src>
	</wpt>
	<wpt lat="51.465673162921981" lon="8.9863466574752486">
		<name>KB-9</name>
		<cmt>Spielplatz zwischen Rhoden und Neudorf, Parkplatz Rhoder Hude</cmt>
		<desc>Spielplatz zwischen Rhoden und Neudorf, Parkplatz Rhoder Hude</desc>
		<src>Kommunalwald GmbH</src>
	</wpt>
	<wpt lat="51.099439836973453" lon="9.2564698803351639">
		<name>HR-28</name>
		<cmt>Fritzlar Standortschießanlage</cmt>
		<desc>Fritzlar Standortschießanlage</desc>
		<src>Kommunalwald GmbH</src>
	</wpt>
	<wpt lat="51.45206902342219" lon="9.0334613184218568">
		<name>KB-12</name>
		<cmt>Dehäuser Schutzhütte</cmt>
		<desc>Dehäuser Schutzhütte</desc>
		<src>Kommunalwald GmbH</src>
	</wpt>
	<wpt lat="51.312027534803114" lon="8.9706923863436145">
		<name>KB-36</name>
		<cmt>Ortsverbindungsweg Oberwaroldern /Twiste</cmt>
		<desc>Ortsverbindungsweg Oberwaroldern /Twiste</desc>
		<src>Kommunalwald GmbH</src>
	</wpt>
	<wpt lat="51.007911564920754" lon="8.9496058753492704">
		<name>KB-827</name>
		<cmt>Ortseinfahrt Sehlen</cmt>
		<desc>Ortseinfahrt Sehlen</desc>
		<src>Kommunalwald GmbH</src>
	</wpt>
	<wpt lat="51.012665967465573" lon="8.7387166522249871">
		<name>KB-825</name>
		<cmt>Höhenkuppe bzw. Wiesenfeld und Birkenbringhausen</cmt>
		<desc>Höhenkuppe bzw. Wiesenfeld und Birkenbringhausen</desc>
		<src>Kommunalwald GmbH</src>
	</wpt>
	<wpt lat="51.354451159092349" lon="8.9703392640264461">
		<name>KB-24</name>
		<cmt>Kohlbusch Waldeingang</cmt>
		<desc>Kohlbusch Waldeingang</desc>
		<src>Kommunalwald GmbH</src>
	</wpt>
	<wpt lat="51.352878315645626" lon="9.0723521865235508">
		<name>KB-29</name>
		<cmt>B 450 zwischen Twistesee und Landau, am höchsten Punkt Teerstraße links</cmt>
		<desc>B 450 zwischen Twistesee und Landau, am höchsten Punkt Teerstraße links</desc>
		<src>Kommunalwald GmbH</src>
	</wpt>
	<wpt lat="51.476015504892395" lon="8.9467703401027006">
		<name>KB-7</name>
		<cmt>Eisenhauerstraße</cmt>
		<desc>Eisenhauerstraße</desc>
		<src>Kommunalwald GmbH</src>
	</wpt>
	<wpt lat="51.319739979003081" lon="8.638427794129294">
		<name>KB-135</name>
		<cmt>Tretbecken Schwalefeld</cmt>
		<desc>Tretbecken Schwalefeld</desc>
		<src>Kommunalwald GmbH</src>
	</wpt>
	<wpt lat="51.481387034762754" lon="9.0379712506793801">
		<name>KB-6</name>
		<cmt>Autobahnbrücke zwischen Rhoden und Wethen</cmt>
		<desc>Autobahnbrücke zwischen Rhoden und Wethen</desc>
		<src>Kommunalwald GmbH</src>
	</wpt>
	<wpt lat="51.45727313522692" lon="9.0455261117712062">
		<name>KB-11</name>
		<cmt>Kreuzung am Friedhof Dehausen</cmt>
		<desc>Kreuzung am Friedhof Dehausen</desc>
		<src>Kommunalwald GmbH</src>
	</wpt>
	<wpt lat="51.458793938031604" lon="8.9899547648314471">
		<name>KB-10</name>
		<cmt>Holzhof "Ante"</cmt>
		<desc>Holzhof "Ante"</desc>
		<src>Kommunalwald GmbH</src>
	</wpt>
	<wpt lat="51.300301121277705" lon="8.7709949163034704">
		<name>KB-146</name>
		<cmt>Waldeinfahrt Reviergrenze Korbach/Neerdar</cmt>
		<desc>Waldeinfahrt Reviergrenze Korbach/Neerdar</desc>
		<src>Kommunalwald GmbH</src>
	</wpt>
	<wpt lat="51.206856801395524" lon="9.1267346084562124">
		<name>KB-603</name>
		<cmt>Am Jagdhaus, Straße Netze - Böhne</cmt>
		<desc>Am Jagdhaus, Straße Netze - Böhne</desc>
		<src>Kommunalwald GmbH</src>
	</wpt>
	<wpt lat="51.124227108621312" lon="9.2225007977890066">
		<name>HR-26</name>
		<cmt>Ortseingang Ost</cmt>
		<desc>Ortseingang Ost</desc>
		<src>Kommunalwald GmbH</src>
	</wpt>
	<wpt lat="51.320319680655494" lon="9.0133825229793505">
		<name>KB-37</name>
		<cmt>Sportplatz Elleringhausen</cmt>
		<desc>Sportplatz Elleringhausen</desc>
		<src>Kommunalwald GmbH</src>
	</wpt>
	<wpt lat="51.452224871379862" lon="9.0843886205961315">
		<name>KB-15</name>
		<cmt>Hörle / Welda Waldeingang</cmt>
		<desc>Hörle / Welda Waldeingang</desc>
		<src>Kommunalwald GmbH</src>
	</wpt>
	<wpt lat="51.470868686036937" lon="8.9639915542809341">
		<name>KB-8</name>
		<cmt>Denkelhof</cmt>
		<desc>Denkelhof</desc>
		<src>Kommunalwald GmbH</src>
	</wpt>
	<wpt lat="51.361399761325607" lon="9.0598364166707803">
		<name>KB-28</name>
		<cmt>Twistesee Parkplatz Vorstau</cmt>
		<desc>Twistesee Parkplatz Vorstau</desc>
		<src>Kommunalwald GmbH</src>
	</wpt>
	<wpt lat="51.318326473400397" lon="8.6191102410352851">
		<name>KB-134</name>
		<cmt>Abzweig Haus "Lommerke"</cmt>
		<desc>Abzweig Haus "Lommerke"</desc>
		<src>Kommunalwald GmbH</src>
	</wpt>
	<wpt lat="51.301272263239532" lon="8.7005239736256375">
		<name>KB-144</name>
		<cmt>Ortsmitte ehem. Raiffeisen</cmt>
		<desc>Ortsmitte ehem. Raiffeisen</desc>
		<src>Kommunalwald GmbH</src>
	</wpt>
	<wpt lat="51.364508321853663" lon="8.7315109219292246">
		<name>KB-103</name>
		<cmt>Treff Hotel</cmt>
		<desc>Treff Hotel</desc>
		<src>Kommunalwald GmbH</src>
	</wpt>
	<wpt lat="51.365054913371601" lon="8.9627501439728405">
		<name>KB-23</name>
		<cmt>Weißer Stein / Teich</cmt>
		<desc>Weißer Stein / Teich</desc>
		<src>Kommunalwald GmbH</src>
	</wpt>
	<wpt lat="51.39972134158463" lon="9.140351857441452">
		<name>KB-18</name>
		<cmt>Rhödaer Bach</cmt>
		<desc>Rhödaer Bach</desc>
		<src>Kommunalwald GmbH</src>
	</wpt>
	<wpt lat="51.445587064331384" lon="9.0485810764503896">
		<name>KB-14</name>
		<cmt>DGH Ammenhausen</cmt>
		<desc>DGH Ammenhausen</desc>
		<src>Kommunalwald GmbH</src>
	</wpt>
	<wpt lat="51.379040193883995" lon="9.1498479860095294">
		<name>KB-22</name>
		<cmt>Ehringen Abzweig Niederelsungen</cmt>
		<desc>Ehringen Abzweig Niederelsungen</desc>
		<src>Kommunalwald GmbH</src>
	</wpt>
	<wpt lat="51.484194300782086" lon="8.9562902085271343">
		<name>KB-4</name>
		<cmt>Dicke Eiche zwischen Denkelhof und Orpethal</cmt>
		<desc>Dicke Eiche zwischen Denkelhof und Orpethal</desc>
		<src>Kommunalwald GmbH</src>
	</wpt>
	<wpt lat="51.325441805798533" lon="8.8312700172085439">
		<name>KB-132</name>
		<cmt>Flechtdorf Ortsausgang Richtung Korbach</cmt>
		<desc>Flechtdorf Ortsausgang Richtung Korbach</desc>
		<src>Kommunalwald GmbH</src>
	</wpt>
	<wpt lat="51.339756014585546" lon="9.0791104329870009">
		<name>KB-32</name>
		<cmt>Schwimmbad Landau</cmt>
		<desc>Schwimmbad Landau</desc>
		<src>Kommunalwald GmbH</src>
	</wpt>
	<wpt lat="51.354749806571043" lon="9.0061386600361164">
		<name>KB-25</name>
		<cmt>Besucherparkplatz Prinz Eugen Kaserne</cmt>
		<desc>Besucherparkplatz Prinz Eugen Kaserne</desc>
		<src>Kommunalwald GmbH</src>
	</wpt>
	<wpt lat="51.37292938332174" lon="8.7041813309455911">
		<name>KB-102</name>
		<cmt>Gasthof "Seehof" Kotthausen</cmt>
		<desc>Gasthof "Seehof" Kotthausen</desc>
		<src>Kommunalwald GmbH</src>
	</wpt>
	<wpt lat="51.30269665577854" lon="9.0891710517748319">
		<name>KB-41</name>
		<cmt>Dicke Eiche, Bühle</cmt>
		<desc>Dicke Eiche, Bühle</desc>
		<src>Kommunalwald GmbH</src>
	</wpt>
	<wpt lat="51.283396557281691" lon="8.5735820049546625">
		<name>KB-155</name>
		<cmt>Wanderparkplatz "Warmecke"</cmt>
		<desc>Wanderparkplatz "Warmecke"</desc>
		<src>Kommunalwald GmbH</src>
	</wpt>
	<wpt lat="51.297643907205064" lon="8.5908525707470229">
		<name>KB-150</name>
		<cmt>Hoppecketal "Zum Ritzhagen"</cmt>
		<desc>Hoppecketal "Zum Ritzhagen"</desc>
		<src>Kommunalwald GmbH</src>
	</wpt>
	<wpt lat="51.224578522479419" lon="9.1235743017257356">
		<name>KB-602</name>
		<cmt>Rastplatz auf der Höhe der Straße Netze - Naumburg</cmt>
		<desc>Rastplatz auf der Höhe der Straße Netze - Naumburg</desc>
		<src>Kommunalwald GmbH</src>
	</wpt>
	<wpt lat="51.481508238735849" lon="8.9929822005220501">
		<name>KB-5</name>
		<cmt>Waldeingang Stadtwald Abt. 414</cmt>
		<desc>Waldeingang Stadtwald Abt. 414</desc>
		<src>Kommunalwald GmbH</src>
	</wpt>
	<wpt lat="51.350790323711188" lon="9.0373481950781489">
		<name>KB-27</name>
		<cmt>Bushaltestelle Ortsmitte Braunsen  an K 8</cmt>
		<desc>Bushaltestelle Ortsmitte Braunsen  an K 8</desc>
		<src>Kommunalwald GmbH</src>
	</wpt>
	<wpt lat="51.018665801431077" lon="8.9414848993442604">
		<name>KB-821</name>
		<cmt>Ortseinfahrt Bockendorf</cmt>
		<desc>Ortseinfahrt Bockendorf</desc>
		<src>Kommunalwald GmbH</src>
	</wpt>
	<wpt lat="51.311132320317427" lon="8.8105413689287424">
		<name>KB-137</name>
		<cmt>Mülldeponie -Verwaltungsgebäude</cmt>
		<desc>Mülldeponie -Verwaltungsgebäude</desc>
		<src>Kommunalwald GmbH</src>
	</wpt>
	<wpt lat="51.162599795876957" lon="9.1458810796653811">
		<name>KB-606</name>
		<cmt>Imbiß Seibel, Straße Bergheim - Wellen</cmt>
		<desc>Imbiß Seibel, Straße Bergheim - Wellen</desc>
		<src>Kommunalwald GmbH</src>
	</wpt>
	<wpt lat="51.429945617532773" lon="9.0270492477693463">
		<name>KB-16</name>
		<cmt>Friedhof Schmillinghausen</cmt>
		<desc>Friedhof Schmillinghausen</desc>
		<src>Kommunalwald GmbH</src>
	</wpt>
	<wpt lat="50.985538555792722" lon="8.9905288409385058">
		<name>KB-840</name>
		<cmt>Abzweig Dodenhausen</cmt>
		<desc>Abzweig Dodenhausen</desc>
		<src>Kommunalwald GmbH</src>
	</wpt>
	<wpt lat="51.337498488916339" lon="8.6470689530117077">
		<name>KB-123</name>
		<cmt>Hof "Goldbeck"</cmt>
		<desc>Hof "Goldbeck"</desc>
		<src>Kommunalwald GmbH</src>
	</wpt>
	<wpt lat="51.452433056200057" lon="8.9608191570999303">
		<name>KB-13</name>
		<cmt>Einfahrt Bruchmühle zwischen Denkelhof und Neudorf</cmt>
		<desc>Einfahrt Bruchmühle zwischen Denkelhof und Neudorf</desc>
		<src>Kommunalwald GmbH</src>
	</wpt>
	<wpt lat="51.496072482749653" lon="8.9631463539127232">
		<name>KB-1</name>
		<cmt>Friedhof Orpethal Abzweig Wiesengrund</cmt>
		<desc>Friedhof Orpethal Abzweig Wiesengrund</desc>
		<src>Kommunalwald GmbH</src>
	</wpt>
	<wpt lat="51.382229611835399" lon="8.9918432186543455">
		<name>KB-19</name>
		<cmt>Hebberg Restaurant</cmt>
		<desc>Hebberg Restaurant</desc>
		<src>Kommunalwald GmbH</src>
	</wpt>
	<wpt lat="51.341554777257244" lon="8.9910160704424715">
		<name>KB-30</name>
		<cmt>Umspannwerk</cmt>
		<desc>Umspannwerk</desc>
		<src>Kommunalwald GmbH</src>
	</wpt>
	<wpt lat="51.281314878302233" lon="9.10965449509726">
		<name>KB-42</name>
		<cmt>Schloßhof Höhnscheid</cmt>
		<desc>Schloßhof Höhnscheid</desc>
		<src>Kommunalwald GmbH</src>
	</wpt>
	<wpt lat="51.303884623538828" lon="8.6034742654891776">
		<name>KB-142</name>
		<cmt>"Auf dem Treis"</cmt>
		<desc>"Auf dem Treis"</desc>
		<src>Kommunalwald GmbH</src>
	</wpt>
	<wpt lat="51.350606348881449" lon="8.6980059133462433">
		<name>KB-113</name>
		<cmt>Revierförsterei Stormbruch</cmt>
		<desc>Revierförsterei Stormbruch</desc>
		<src>Kommunalwald GmbH</src>
	</wpt>
	<wpt lat="51.36396756629307" lon="9.0258028514807194">
		<name>KB-26</name>
		<cmt>Hundeübungsplatz Thieletal / BW-Str.</cmt>
		<desc>Hundeübungsplatz Thieletal / BW-Str.</desc>
		<src>Kommunalwald GmbH</src>
	</wpt>
	<wpt lat="51.368818221487565" lon="8.9143457687881984">
		<name>KB-107</name>
		<cmt>Wanderparkplatz Frederingh./Gembeck</cmt>
		<desc>Wanderparkplatz Frederingh./Gembeck</desc>
		<src>Kommunalwald GmbH</src>
	</wpt>
	<wpt lat="51.036078702635152" lon="8.81941817069373">
		<name>KB-557</name>
		<cmt>Abzweig Bottendorf von L 3076</cmt>
		<desc>Abzweig Bottendorf von L 3076</desc>
		<src>Kommunalwald GmbH</src>
	</wpt>
	<wpt lat="51.336349124635461" lon="8.9060158155557545">
		<name>KB-121</name>
		<cmt>Mühlhausen Alte Molkerei</cmt>
		<desc>Mühlhausen Alte Molkerei</desc>
		<src>Kommunalwald GmbH</src>
	</wpt>
	<wpt lat="51.383900048634395" lon="9.0661158275413811">
		<name>KB-20</name>
		<cmt>Twistesee Parkplatz Staudamm</cmt>
		<desc>Twistesee Parkplatz Staudamm</desc>
		<src>Kommunalwald GmbH</src>
	</wpt>
	<wpt lat="51.288349093044971" lon="8.6511878686616761">
		<name>KB-166</name>
		<cmt>Parkplatz Scheune Bangert an K 65</cmt>
		<desc>Parkplatz Scheune Bangert an K 65</desc>
		<src>Kommunalwald GmbH</src>
	</wpt>
	<wpt lat="51.020949" lon="8.894929">
		<name>KB-880</name>
		<cmt>Mohnhausen Richtung Oberholzhausen  Waldausgang rechts</cmt>
		<desc>Mohnhausen Richtung Oberholzhausen  Waldausgang rechts</desc>
		<src>Stiftungsforsten Kloster Haina</src>
	</wpt>
	<wpt lat="51.025165" lon="8.875378">
		<name>KB-881</name>
		<cmt>Waldausgang Oberholzhausen Richtung Willersdorf (Höchster Punkt)</cmt>
		<desc>Waldausgang Oberholzhausen Richtung Willersdorf (Höchster Punkt)</desc>
		<src>Stiftungsforsten Kloster Haina</src>
	</wpt>
	<wpt lat="50.997399" lon="8.897462">
		<name>KB-882</name>
		<cmt>Hof Niederholzhausen</cmt>
		<desc>Hof Niederholzhausen</desc>
		<src>Stiftungsforsten Kloster Haina</src>
	</wpt>
	<wpt lat="50.992981" lon="8.908233">
		<name>KB-883</name>
		<cmt>Kreuzung Rosenthal-Sehlen-Oberholzhausen-Lehnhausen</cmt>
		<desc>Kreuzung Rosenthal-Sehlen-Oberholzhausen-Lehnhausen</desc>
		<src>Stiftungsforsten Kloster Haina</src>
	</wpt>
	<wpt lat="50.98846" lon="8.889985">
		<name>KB-884</name>
		<cmt>Wasserscheide zwischen Lehnhausen und Rosenthal (Höchster Punkt)</cmt>
		<desc>Wasserscheide zwischen Lehnhausen und Rosenthal (Höchster Punkt)</desc>
		<src>Stiftungsforsten Kloster Haina</src>
	</wpt>
	<wpt lat="51.00394" lon="8.9246">
		<name>KB-885</name>
		<cmt>Waldeingang Sehlen Richtung Rosenthal, von Sehlen kommend</cmt>
		<desc>Waldeingang Sehlen Richtung Rosenthal, von Sehlen kommend</desc>
		<src>Stiftungsforsten Kloster Haina</src>
	</wpt>
	<wpt lat="51.004575" lon="8.904824">
		<name>KB-886</name>
		<cmt>Spitzkehre auf der Straße Sehlen-Rosenthal, von Sehlen kommend</cmt>
		<desc>Spitzkehre auf der Straße Sehlen-Rosenthal, von Sehlen kommend</desc>
		<src>Stiftungsforsten Kloster Haina</src>
	</wpt>
	<wpt lat="51.051988" lon="9.058828">
		<name>KB-901</name>
		<cmt>Ortsschild Armsfeld von Hüttenrode kommend</cmt>
		<desc>Ortsschild Armsfeld von Hüttenrode kommend</desc>
		<src>Stiftungsforsten Kloster Haina</src>
	</wpt>
	<wpt lat="50.385122832357091" lon="9.6063282226035227">
		<name>MKK-76</name>
		<cmt>Fliegenhäubchen</cmt>
		<desc>Fliegenhäubchen</desc>
		<src>HessenForst</src>
	</wpt>
	<wpt lat="49.866401758139439" lon="8.8444864040955693">
		<name>DA-30</name>
		<cmt>Sportplatz Klein-Zimmern</cmt>
		<desc>Sportplatz Klein-Zimmern</desc>
		<src>HessenForst</src>
	</wpt>
	<wpt lat="50.346195517672726" lon="9.2707707843159763">
		<name>MKK-27</name>
		<cmt>Hettersroth</cmt>
		<desc>Hettersroth</desc>
		<src>HessenForst</src>
	</wpt>
	<wpt lat="50.380485197575638" lon="9.3269989824492789">
		<name>MKK-23</name>
		<cmt>Oberreichenbach</cmt>
		<desc>Oberreichenbach</desc>
		<src>HessenForst</src>
	</wpt>
	<wpt lat="50.03157947472959" lon="7.9212153930797484">
		<name>RÜD-338</name>
		<cmt>P Jägerpfad</cmt>
		<desc>P Jägerpfad</desc>
		<src>HessenForst</src>
	</wpt>
	<wpt lat="50.959123482001466" lon="9.3219579199103144">
		<name>HR-883</name>
		<cmt>Ebersdorf</cmt>
		<desc>Ebersdorf</desc>
		<src>HessenForst</src>
	</wpt>
	<wpt lat="50.813101735568992" lon="9.6546911160416542">
		<name>HEF-332</name>
		<cmt>Kirche</cmt>
		<desc>Kirche</desc>
		<src>HessenForst</src>
	</wpt>
	<wpt lat="50.626855256571552" lon="9.559973862707956">
		<name>FD-560</name>
		<cmt>Hartershausen</cmt>
		<desc>Hartershausen</desc>
		<src>HessenForst</src>
	</wpt>
	<wpt lat="50.497809932810334" lon="9.874576108059026">
		<name>FD-344</name>
		<cmt>Hohensteg</cmt>
		<desc>Hohensteg</desc>
		<src>HessenForst</src>
	</wpt>
	<wpt lat="50.585928362148074" lon="8.4724153819836818">
		<name>LDK-112</name>
		<cmt>Esso Tankstelle Aßlar</cmt>
		<desc>Esso Tankstelle Aßlar</desc>
		<src>Stadt Aßlar</src>
	</wpt>
	<wpt lat="50.59985954232242" lon="8.421379768875271">
		<name>LDK-121</name>
		<cmt>Betonwerk Kann</cmt>
		<desc>Betonwerk Kann</desc>
		<src>Stadt Aßlar</src>
	</wpt>
	<wpt lat="50.645180008269499" lon="8.4389123151047691">
		<name>LDK-123</name>
		<cmt>Feuerwehrgerätehaus Oberlemp</cmt>
		<desc>Feuerwehrgerätehaus Oberlemp</desc>
		<src>Stadt Aßlar</src>
	</wpt>
	<wpt lat="51.545384975813825" lon="9.5067436928071025">
		<name>KS-103</name>
		<cmt>Urwald Sababurg</cmt>
		<desc>Urwald Sababurg</desc>
		<src>HessenForst</src>
	</wpt>
	<wpt lat="50.603813710888524" lon="8.4514964843772358">
		<name>LDK-113</name>
		<cmt>Aßlar-Bechlingen BAB Müllabfahrt</cmt>
		<desc>Aßlar-Bechlingen BAB Müllabfahrt</desc>
		<src>Stadt Aßlar</src>
	</wpt>
	<wpt lat="50.627137880730885" lon="8.4480188510827023">
		<name>LDK-122</name>
		<cmt>Kirche Bechlingen</cmt>
		<desc>Kirche Bechlingen</desc>
		<src>Stadt Aßlar</src>
	</wpt>
	<wpt lat="50.587942143084547" lon="8.4236785722917009">
		<name>LDK-111</name>
		<cmt>Haynstraße Berghausen</cmt>
		<desc>Haynstraße Berghausen</desc>
		<src>Stadt Aßlar</src>
	</wpt>
	<wpt lat="49.651126198745537" lon="9.0430015971084821">
		<name>ERB-78</name>
		<cmt>Zimmerplatz</cmt>
		<desc>Zimmerplatz</desc>
		<src>HessenForst</src>
	</wpt>
	<wpt lat="51.106680678848882" lon="8.948336234299445">
		<name>KB-409</name>
		<cmt>Euler - Talgang</cmt>
		<desc>Euler - Talgang</desc>
		<src>HessenForst</src>
	</wpt>
	<wpt lat="50.590040030217104" lon="8.3709295365430592">
		<name>LDK-261</name>
		<cmt>Mühlbachstr. Ortsaus-gang &amp;gt;Leun links auf den Wirtschaftsweg</cmt>
		<desc>Mühlbachstr. Ortsaus-gang &amp;gt;Leun links auf den Wirtschaftsweg</desc>
		<src>Gemeinde Ehringshausen</src>
	</wpt>
	<wpt lat="50.640849605613425" lon="8.3857377973980753">
		<name>LDK-271</name>
		<cmt>Kölschhäuser Weg Parkplatz am Skeet-Stand</cmt>
		<desc>Kölschhäuser Weg Parkplatz am Skeet-Stand</desc>
		<src>Gemeinde Ehringshausen</src>
	</wpt>
	<wpt lat="50.651258546467716" lon="8.3930482196372118">
		<name>LDK-276</name>
		<cmt>Am Seeberg Kreuzung Kirchweg Ortsmitte</cmt>
		<desc>Am Seeberg Kreuzung Kirchweg Ortsmitte</desc>
		<src>Gemeinde Ehringshausen</src>
	</wpt>
	<wpt lat="50.236315331338112" lon="8.3157767150434463">
		<name>RÜD-264</name>
		<cmt>Ortsmitte</cmt>
		<desc>Ortsmitte</desc>
		<src>HessenForst</src>
	</wpt>
	<wpt lat="49.748508716678394" lon="9.1162491053659878">
		<name>ERB-163</name>
		<cmt>Rotheidestock</cmt>
		<desc>Rotheidestock</desc>
		<src>HessenForst</src>
	</wpt>
	<wpt lat="51.069163766664232" lon="9.399214950949121">
		<name>HR-38</name>
		<cmt>Schloss Falkenberg</cmt>
		<desc>Schloss Falkenberg</desc>
		<src>HessenForst</src>
	</wpt>
	<wpt lat="50.629189736773021" lon="9.670867182789717">
		<name>FD-500</name>
		<cmt>alte Kreisgrenze</cmt>
		<desc>alte Kreisgrenze</desc>
		<src>HessenForst</src>
	</wpt>
	<wpt lat="51.289809035416951" lon="8.9300472050383704">
		<name>KB-149</name>
		<cmt>Korbach-Oberwaroldern</cmt>
		<desc>Korbach-Oberwaroldern</desc>
		<src>HessenForst</src>
	</wpt>
	<wpt lat="50.460089544473206" lon="9.9859495362440232">
		<name>FD-312</name>
		<cmt>Parkplatz Moordorf</cmt>
		<desc>Parkplatz Moordorf</desc>
		<src>HessenForst</src>
	</wpt>
	<wpt lat="51.098472720494073" lon="8.8774211231571467">
		<name>KB-410</name>
		<cmt>Kirche Louisendorf</cmt>
		<desc>Kirche Louisendorf</desc>
		<src>HessenForst</src>
	</wpt>
	<wpt lat="49.525405608011333" lon="8.7340520956415411">
		<name>HP-250</name>
		<cmt>Bauhof Gorxheimertal</cmt>
		<desc>Bauhof Gorxheimertal</desc>
		<src>HessenForst</src>
	</wpt>
	<wpt lat="50.219186398495879" lon="8.3345023984365696">
		<name>RÜD-256</name>
		<cmt>Ortsmitte Heftrich</cmt>
		<desc>Ortsmitte Heftrich</desc>
		<src>HessenForst</src>
	</wpt>
	<wpt lat="50.678725577668615" lon="9.6709090657563799">
		<name>FD-23</name>
		<cmt>Günterswald Abt. 71</cmt>
		<desc>Günterswald Abt. 71</desc>
		<src>HessenForst</src>
	</wpt>
	<wpt lat="50.448080097987159" lon="8.9457714265651269">
		<name>GI-117</name>
		<cmt>Sportplatz Rodheim</cmt>
		<desc>Sportplatz Rodheim</desc>
		<src>Forstservice Taunus GmbH</src>
	</wpt>
	<wpt lat="51.258904093853594" lon="9.6797843476448726">
		<name>KS-452</name>
		<cmt>B 7 Ausfahrt Mariengrund</cmt>
		<desc>B 7 Ausfahrt Mariengrund</desc>
		<src>Ritterschaftliches Stift Kaufungen</src>
	</wpt>
	<wpt lat="51.234986035659645" lon="9.6529557262839845">
		<name>KS-453</name>
		<cmt>Eschenstruth mitte, re. Str. "Trifft" folgen</cmt>
		<desc>Eschenstruth mitte, re. Str. "Trifft" folgen</desc>
		<src>Ritterschaftliches Stift Kaufungen</src>
	</wpt>
	<wpt lat="51.265345468213134" lon="9.6309893132974">
		<name>KS-450</name>
		<cmt>Abf. Oberkaufungen 2xre gerade aus</cmt>
		<desc>Abf. Oberkaufungen 2xre gerade aus</desc>
		<src>Ritterschaftliches Stift Kaufungen</src>
	</wpt>
	<wpt lat="50.309577792211442" lon="9.43913638618214">
		<name>MKK-16</name>
		<cmt>Hof Kinzigtal</cmt>
		<desc>Hof Kinzigtal</desc>
		<src>HessenForst</src>
	</wpt>
	<wpt lat="50.268753595345785" lon="9.4289029044164341">
		<name>MKK-8</name>
		<cmt>Alsberg</cmt>
		<desc>Alsberg</desc>
		<src>Stadt Bad Soden-Salmünster</src>
	</wpt>
	<wpt lat="50.264074111253301" lon="9.3193209741034693">
		<name>MKK-53</name>
		<cmt>Neudorf Ortsmitte</cmt>
		<desc>Neudorf Ortsmitte</desc>
		<src>Stadt Wächtersbach</src>
	</wpt>
	<wpt lat="50.10892610226368" lon="8.690665483045251">
		<name>RP136</name>
		<cmt>Nordufer</cmt>
		<desc>Nordufer</desc>
		<src>Stadt Frankfurt am Main</src>
	</wpt>
	<wpt lat="51.075283" lon="9.011755">
		<name>KB-865</name>
		<cmt>Wasserscheide zwischen Löhlbach und Hundsdorf, Höchster Punkt im Wald</cmt>
		<desc>Wasserscheide zwischen Löhlbach und Hundsdorf, Höchster Punkt im Wald</desc>
		<src>Stiftungsforsten Kloster Haina</src>
	</wpt>
	<wpt lat="51.067302" lon="8.982737">
		<name>KB-866</name>
		<cmt>Gasthaus Daume. Von Hundsdorf kommend nach den Zimmereien rechts, Abzweig "Wesetalstraße"</cmt>
		<desc>Gasthaus Daume. Von Hundsdorf kommend nach den Zimmereien rechts, Abzweig "Wesetalstraße"</desc>
		<src>Stiftungsforsten Kloster Haina</src>
	</wpt>
	<wpt lat="51.062165" lon="8.986171">
		<name>KB-867</name>
		<cmt>Waldschwimmbad Löhlbach</cmt>
		<desc>Waldschwimmbad Löhlbach</desc>
		<src>Stiftungsforsten Kloster Haina</src>
	</wpt>
	<wpt lat="51.055841" lon="8.985368">
		<name>KB-868</name>
		<cmt>Kreuzung Löhlbach-Haina-Battenhausen (L3077 / K106)</cmt>
		<desc>Kreuzung Löhlbach-Haina-Battenhausen (L3077 / K106)</desc>
		<src>Stiftungsforsten Kloster Haina</src>
	</wpt>
	<wpt lat="51.048619" lon="9.035849">
		<name>KB-869</name>
		<cmt>Bushaltestelle Hüttenrode</cmt>
		<desc>Bushaltestelle Hüttenrode</desc>
		<src>Stiftungsforsten Kloster Haina</src>
	</wpt>
	<wpt lat="51.050906" lon="9.011427">
		<name>KB-870</name>
		<cmt>Kreuzung K 106 / K107 Elberod "Haina-Löhlbach-Battenhausen"</cmt>
		<desc>Kreuzung K 106 / K107 Elberod "Haina-Löhlbach-Battenhausen"</desc>
		<src>Stiftungsforsten Kloster Haina</src>
	</wpt>
	<wpt lat="51.039289" lon="8.993305">
		<name>KB-871</name>
		<cmt>Damm, 2. Teich von Haina kommend</cmt>
		<desc>Damm, 2. Teich von Haina kommend</desc>
		<src>Stiftungsforsten Kloster Haina</src>
	</wpt>
	<wpt lat="51.033411" lon="8.971022">
		<name>KB-872</name>
		<cmt>Stiftungsforsten Kloster Haina von Haina kommend Richtung Altenhaina am Teich rechts</cmt>
		<desc>Stiftungsforsten Kloster Haina von Haina kommend Richtung Altenhaina am Teich rechts</desc>
		<src>Stiftungsforsten Kloster Haina</src>
	</wpt>
	<wpt lat="51.065694" lon="8.972841">
		<name>KB-873</name>
		<cmt>Tankstelle Landau Löhlbach. Ortseingang von Dainrode kommend</cmt>
		<desc>Tankstelle Landau Löhlbach. Ortseingang von Dainrode kommend</desc>
		<src>Stiftungsforsten Kloster Haina</src>
	</wpt>
	<wpt lat="51.061005" lon="8.933269">
		<name>KB-874</name>
		<cmt>Abzweig Altenhaina B 253 / K 101</cmt>
		<desc>Abzweig Altenhaina B 253 / K 101</desc>
		<src>Stiftungsforsten Kloster Haina</src>
	</wpt>
	<wpt lat="51.072754" lon="8.957466">
		<name>KB-875</name>
		<cmt>Abzweig Frankenau B 253 / L 3085</cmt>
		<desc>Abzweig Frankenau B 253 / L 3085</desc>
		<src>Stiftungsforsten Kloster Haina</src>
	</wpt>
	<wpt lat="51.078368" lon="8.916561">
		<name>KB-876</name>
		<cmt>Waldeingang rechts von Allendorf kommend nach Frankenau</cmt>
		<desc>Waldeingang rechts von Allendorf kommend nach Frankenau</desc>
		<src>Stiftungsforsten Kloster Haina</src>
	</wpt>
	<wpt lat="51.047524" lon="8.944606">
		<name>KB-877</name>
		<cmt>Friedhof Altenhaina. Altenhaina Richtung Kirschgarten</cmt>
		<desc>Friedhof Altenhaina. Altenhaina Richtung Kirschgarten</desc>
		<src>Stiftungsforsten Kloster Haina</src>
	</wpt>
	<wpt lat="51.032783" lon="8.983044">
		<name>KB-889</name>
		<cmt>Damm 1. Teich von Haina kommend</cmt>
		<desc>Damm 1. Teich von Haina kommend</desc>
		<src>Stiftungsforsten Kloster Haina</src>
	</wpt>
	<wpt lat="50.992017" lon="8.995267">
		<name>KB-890</name>
		<cmt>Kreuzung Herbelhausen-Dodenhausen-Gemünden (im Wald)</cmt>
		<desc>Kreuzung Herbelhausen-Dodenhausen-Gemünden (im Wald)</desc>
		<src>Stiftungsforsten Kloster Haina</src>
	</wpt>
	<wpt lat="51.015673" lon="8.980461">
		<name>KB-891</name>
		<cmt>Forstpflanzgarten Herbelhausen von Haina kommend Teerweg 2 km links</cmt>
		<desc>Forstpflanzgarten Herbelhausen von Haina kommend Teerweg 2 km links</desc>
		<src>Stiftungsforsten Kloster Haina</src>
	</wpt>
	<wpt lat="51.023286" lon="8.978809">
		<name>KB-892</name>
		<cmt>Abzweig zum Friedhof Haina, Ortsausgang Richtung Herbelhausen</cmt>
		<desc>Abzweig zum Friedhof Haina, Ortsausgang Richtung Herbelhausen</desc>
		<src>Stiftungsforsten Kloster Haina</src>
	</wpt>
	<wpt lat="51.037228" lon="9.022092">
		<name>KB-893</name>
		<cmt>Waldeingang von Battenhausen kommend links</cmt>
		<desc>Waldeingang von Battenhausen kommend links</desc>
		<src>Stiftungsforsten Kloster Haina</src>
	</wpt>
	<wpt lat="51.030919" lon="9.029127">
		<name>KB-894</name>
		<cmt>Bushaltestelle Battenhausen, Abzweig "Zum Hohen Lohr"</cmt>
		<desc>Bushaltestelle Battenhausen, Abzweig "Zum Hohen Lohr"</desc>
		<src>Stiftungsforsten Kloster Haina</src>
	</wpt>
	<wpt lat="51.012123" lon="9.046937">
		<name>KB-895</name>
		<cmt>Sportplatz Dodenhausen</cmt>
		<desc>Sportplatz Dodenhausen</desc>
		<src>Stiftungsforsten Kloster Haina</src>
	</wpt>
	<wpt lat="51.023745" lon="9.055518">
		<name>KB-896</name>
		<cmt>Teich Haddenberg Kreuzung  Haddenberg-Battenhausen-Dodenhausen</cmt>
		<desc>Teich Haddenberg Kreuzung  Haddenberg-Battenhausen-Dodenhausen</desc>
		<src>Stiftungsforsten Kloster Haina</src>
	</wpt>
	<wpt lat="51.002638" lon="9.027293">
		<name>KB-897</name>
		<cmt>Landstraße Dodenhausen - Gemünden. "Höchster Punkt" im Wald</cmt>
		<desc>Landstraße Dodenhausen - Gemünden. "Höchster Punkt" im Wald</desc>
		<src>Stiftungsforsten Kloster Haina</src>
	</wpt>
	<wpt lat="51.005581" lon="9.033001">
		<name>KB-898</name>
		<cmt>RTH benötigt. Landstraße von Dodenhausen nach Gemünden "Waldrand"</cmt>
		<desc>RTH benötigt. Landstraße von Dodenhausen nach Gemünden "Waldrand"</desc>
		<src>Stiftungsforsten Kloster Haina</src>
	</wpt>
	<wpt lat="51.010491" lon="9.050548">
		<name>KB-899</name>
		<cmt>Telefonzelle, Bushaltestelle Dodenhausen, Abzweig "Am Wüstegarten"</cmt>
		<desc>Telefonzelle, Bushaltestelle Dodenhausen, Abzweig "Am Wüstegarten"</desc>
		<src>Stiftungsforsten Kloster Haina</src>
	</wpt>
	<wpt lat="50.108775606158602" lon="8.6915471537012028">
		<name>RP137</name>
		<cmt>Nordufer</cmt>
		<desc>Nordufer</desc>
		<src>Stadt Frankfurt am Main</src>
	</wpt>
	<wpt lat="50.108661766315336" lon="8.6926941925796992">
		<name>RP138</name>
		<cmt>Nordufer</cmt>
		<desc>Nordufer</desc>
		<src>Stadt Frankfurt am Main</src>
	</wpt>
	<wpt lat="50.108565674263659" lon="8.6937572366461602">
		<name>RP139</name>
		<cmt>Nordufer</cmt>
		<desc>Nordufer</desc>
		<src>Stadt Frankfurt am Main</src>
	</wpt>
	<wpt lat="50.108388698670964" lon="8.694834768342286">
		<name>RP140</name>
		<cmt>Nordufer</cmt>
		<desc>Nordufer</desc>
		<src>Stadt Frankfurt am Main</src>
	</wpt>
	<wpt lat="50.108138841165989" lon="8.695549291827799">
		<name>RP141</name>
		<cmt>Nordufer</cmt>
		<desc>Nordufer</desc>
		<src>Stadt Frankfurt am Main</src>
	</wpt>
	<wpt lat="50.70480319236389" lon="9.7844354579152171">
		<name>FD-44</name>
		<cmt>Roßbacher Kreuz</cmt>
		<desc>Roßbacher Kreuz</desc>
		<src>HessenForst</src>
	</wpt>
	<wpt lat="50.618565952117507" lon="9.0623383443680208">
		<name>VB-62</name>
		<cmt>B 49 Burgwald</cmt>
		<desc>B 49 Burgwald</desc>
		<src>HessenForst</src>
	</wpt>
	<wpt lat="49.730001471964378" lon="8.4488830907594057">
		<name>HP-500</name>
		<cmt>Rheinufer</cmt>
		<desc>Rheinufer</desc>
		<src>WSA Oberrhein</src>
	</wpt>
	<wpt lat="49.879326889194033" lon="8.3477266900306564">
		<name>GG-502</name>
		<cmt>NSG "Goldgrund"</cmt>
		<desc>NSG "Goldgrund"</desc>
		<src>WSA Oberrhein</src>
	</wpt>
	<wpt lat="49.918780615370316" lon="8.3575721085825414">
		<name>GG-501</name>
		<cmt>Parkplatz Gut Hohenau</cmt>
		<desc>Parkplatz Gut Hohenau</desc>
		<src>WSA Oberrhein</src>
	</wpt>
	<wpt lat="49.737984733479522" lon="8.45494412154099">
		<name>GG-504</name>
		<cmt>Nato-Rampe</cmt>
		<desc>Nato-Rampe</desc>
		<src>WSA Oberrhein</src>
	</wpt>
	<wpt lat="49.809457799157691" lon="8.3968316667797378">
		<name>GG-503</name>
		<cmt>Rheinfähre "Kühkopf"</cmt>
		<desc>Rheinfähre "Kühkopf"</desc>
		<src>WSA Oberrhein</src>
	</wpt>
	<wpt lat="50.719620098878181" lon="9.0933363279788075">
		<name>VB-114</name>
		<cmt>"Abspann"</cmt>
		<desc>"Abspann"</desc>
		<src>HessenForst</src>
	</wpt>
	<wpt lat="50.58939106449192" lon="9.2091947840981732">
		<name>VB-87</name>
		<cmt>Eingang Kühnholz - Hegwald (Windpark)</cmt>
		<desc>Eingang Kühnholz - Hegwald (Windpark)</desc>
		<src>HessenForst</src>
	</wpt>
	<wpt lat="50.817294100182551" lon="9.1164402087034038">
		<name>VB-128</name>
		<cmt>Waldeingang links</cmt>
		<desc>Waldeingang links</desc>
		<src>HessenForst</src>
	</wpt>
	<wpt lat="50.157096201966603" lon="9.08541528655633">
		<name>MKK-820</name>
		<cmt>Waldrand Jahnstraße</cmt>
		<desc>Waldrand Jahnstraße</desc>
		<src>HessenForst</src>
	</wpt>
	<wpt lat="50.462396949646333" lon="9.2078349552564518">
		<name>VB-88</name>
		<cmt>Ortseingang Burkhards</cmt>
		<desc>Ortseingang Burkhards</desc>
		<src>HessenForst</src>
	</wpt>
	<wpt lat="50.58003503431032" lon="8.8439846131232329">
		<name>GI-258</name>
		<cmt>L 3355 Jossoller</cmt>
		<desc>L 3355 Jossoller</desc>
		<src>HessenForst</src>
	</wpt>
	<wpt lat="51.521745944438585" lon="9.5338172084799773">
		<name>KS-129</name>
		<cmt>Knauf`s Ausblick</cmt>
		<desc>Knauf`s Ausblick</desc>
		<src>HessenForst</src>
	</wpt>
	<wpt lat="50.653553019590625" lon="8.9611212946757082">
		<name>GI-259</name>
		<cmt>Streithain</cmt>
		<desc>Streithain</desc>
		<src>HessenForst</src>
	</wpt>
	<wpt lat="50.318630865997434" lon="8.4293726578909691">
		<name>HG-190</name>
		<cmt>Parkplatz Friedwald</cmt>
		<desc>Parkplatz Friedwald</desc>
		<src>HessenForst</src>
	</wpt>
	<wpt lat="50.363453921499328" lon="8.4616550648352931">
		<name>HG-191</name>
		<cmt>Abt.401</cmt>
		<desc>Abt.401</desc>
		<src>HessenForst</src>
	</wpt>
	<wpt lat="50.624428914160063" lon="8.9829479653368836">
		<name>GI-260</name>
		<cmt>Zaunbach</cmt>
		<desc>Zaunbach</desc>
		<src>HessenForst</src>
	</wpt>
	<wpt lat="50.584852871425149" lon="9.0519195807244852">
		<name>GI-263</name>
		<cmt>Lardenbach</cmt>
		<desc>Lardenbach</desc>
		<src>HessenForst</src>
	</wpt>
	<wpt lat="50.58054358730206" lon="9.016910781215703">
		<name>GI-262</name>
		<cmt>Weickartshain</cmt>
		<desc>Weickartshain</desc>
		<src>HessenForst</src>
	</wpt>
	<wpt lat="50.573575583477606" lon="8.9290049226770414">
		<name>GI-264</name>
		<cmt>Queckborn</cmt>
		<desc>Queckborn</desc>
		<src>HessenForst</src>
	</wpt>
	<wpt lat="49.879786314544553" lon="8.9529126695495034">
		<name>DA-49</name>
		<cmt>Verbindungsweg Raibach - K105</cmt>
		<desc>Verbindungsweg Raibach - K105</desc>
		<src>HessenForst</src>
	</wpt>
	<wpt lat="49.870001043205825" lon="8.949333534355814">
		<name>DA-47</name>
		<cmt>Zufahrt Jugendzeltplatz Raibacher Tal</cmt>
		<desc>Zufahrt Jugendzeltplatz Raibacher Tal</desc>
		<src>HessenForst</src>
	</wpt>
	<wpt lat="49.853366312989088" lon="9.0401647948904369">
		<name>DA-48</name>
		<cmt>Radweg Adenbergsgraben</cmt>
		<desc>Radweg Adenbergsgraben</desc>
		<src>HessenForst</src>
	</wpt>
	<wpt lat="51.071947196808708" lon="9.9462226086713255">
		<name>ESW-447</name>
		<cmt>Sontra Freibad</cmt>
		<desc>Sontra Freibad</desc>
		<src>HessenForst</src>
	</wpt>
	<wpt lat="50.92574511301293" lon="8.7700659150754312">
		<name>MR-132</name>
		<cmt>Wanderparkplatz Forsthaus Mellnau</cmt>
		<desc>Wanderparkplatz Forsthaus Mellnau</desc>
		<src>HessenForst</src>
	</wpt>
	<wpt lat="50.916259252863554" lon="8.7918602931910002">
		<name>MR-133</name>
		<cmt>Wanderparkplatz In der Eiche</cmt>
		<desc>Wanderparkplatz In der Eiche</desc>
		<src>HessenForst</src>
	</wpt>
	<wpt lat="50.597918852683037" lon="8.7870985683700589">
		<name>GI-257</name>
		<cmt>Oberstruth Buseck</cmt>
		<desc>Oberstruth Buseck</desc>
		<src>HessenForst</src>
	</wpt>
	<wpt lat="50.826788384532342" lon="9.6787093282992984">
		<name>HEF-360</name>
		<cmt>Friedhof Kohlhausen</cmt>
		<desc>Friedhof Kohlhausen</desc>
		<src>HessenForst</src>
	</wpt>
	<wpt lat="50.677263288238997" lon="8.7496407557361859">
		<name>GI-266</name>
		<cmt>Lauftreff Staufenberg</cmt>
		<desc>Lauftreff Staufenberg</desc>
		<src>HessenForst</src>
	</wpt>
	<wpt lat="50.837428538449402" lon="8.6282644372459121">
		<name>MR-529</name>
		<cmt>Waldeingang Zufahrt Rimbergturm</cmt>
		<desc>Waldeingang Zufahrt Rimbergturm</desc>
		<src>HessenForst</src>
	</wpt>
	<wpt lat="51.182024695730327" lon="9.9697562305644034">
		<name>ESW-366</name>
		<cmt>Becks Feldscheune</cmt>
		<desc>Becks Feldscheune</desc>
		<src>HessenForst</src>
	</wpt>
	<wpt lat="51.229117548997557" lon="9.6468024292876429">
		<name>KS-449</name>
		<cmt>Männerwasser</cmt>
		<desc>Männerwasser</desc>
		<src>HessenForst</src>
	</wpt>
	<wpt lat="50.50343760599884" lon="8.5541644128379239">
		<name>LDK-58</name>
		<cmt>Waldkindergarten Volpertshausen, Radweg am Rückhaltebecken</cmt>
		<desc>Waldkindergarten Volpertshausen, Radweg am Rückhaltebecken</desc>
		<src>HessenForst</src>
	</wpt>
	<wpt lat="51.049589019621827" lon="9.7042573845882867">
		<name>HEF-142</name>
		<cmt>Niedergude Wieselplatz</cmt>
		<desc>Niedergude Wieselplatz</desc>
		<src>HessenForst</src>
	</wpt>
	<wpt lat="50.170850632944848" lon="8.3485316264757206">
		<name>MTK-30</name>
		<cmt>Parkplatz Oberjosbach / Ehlhalten</cmt>
		<desc>Parkplatz Oberjosbach / Ehlhalten</desc>
		<src>HessenForst</src>
	</wpt>
	<wpt lat="50.690145390169754" lon="9.8074915343033329">
		<name>FD-45</name>
		<cmt>Sportplatz Großenbach</cmt>
		<desc>Sportplatz Großenbach</desc>
		<src>HessenForst</src>
	</wpt>
	<wpt lat="49.800281720918996" lon="8.7647148859032988">
		<name>DA-617</name>
		<cmt>Landmaschinen Huthmann</cmt>
		<desc>Landmaschinen Huthmann</desc>
		<src>HessenForst</src>
	</wpt>
	<wpt lat="50.911833647249175" lon="8.4610009309831149">
		<name>MR-29</name>
		<cmt>Breidenstein Parkplatz am See</cmt>
		<desc>Breidenstein Parkplatz am See</desc>
		<src>HessenForst</src>
	</wpt>
	<wpt lat="50.14119015727811" lon="8.3803471504960694">
		<name>MTK-17</name>
		<cmt>Eisenbahnbrücke Amstertal</cmt>
		<desc>Eisenbahnbrücke Amstertal</desc>
		<src>HessenForst</src>
	</wpt>
	<wpt lat="51.302207605431448" lon="9.6834040794482892">
		<name>ESW-166</name>
		<cmt>Kreuzung Forsthausstr. / untere Niestetalstr.</cmt>
		<desc>Kreuzung Forsthausstr. / untere Niestetalstr.</desc>
		<src>HessenForst</src>
	</wpt>
	<wpt lat="50.156476820726674" lon="8.3753096738162007">
		<name>MTK-25</name>
		<cmt>Sportplatz Vockenhausen</cmt>
		<desc>Sportplatz Vockenhausen</desc>
		<src>HessenForst</src>
	</wpt>
	<wpt lat="49.874069363871293" lon="8.980437678812379">
		<name>DA-405</name>
		<cmt>Schiffsweg östlich K101</cmt>
		<desc>Schiffsweg östlich K101</desc>
		<src>HessenForst</src>
	</wpt>
	<wpt lat="50.833922122954171" lon="9.0571782265552425">
		<name>MR-331</name>
		<cmt>Eingang Berg-und Talweg an der B454</cmt>
		<desc>Eingang Berg-und Talweg an der B454</desc>
		<src>HessenForst</src>
	</wpt>
	<wpt lat="50.881096977129118" lon="8.541139615155279">
		<name>MR-33</name>
		<cmt>Dreihausen: Abzweig "Am hohen Rain" von B 453</cmt>
		<desc>Dreihausen: Abzweig "Am hohen Rain" von B 453</desc>
		<src>HessenForst</src>
	</wpt>
	<wpt lat="50.895157797359495" lon="8.5267652380752974">
		<name>MR-32</name>
		<cmt>Röhrsgründchen, Schutzhütte</cmt>
		<desc>Röhrsgründchen, Schutzhütte</desc>
		<src>HessenForst</src>
	</wpt>
	<wpt lat="50.906191150074243" lon="8.5172757946374258">
		<name>MR-31</name>
		<cmt>Wanderparkplatz "Lattenbahn"</cmt>
		<desc>Wanderparkplatz "Lattenbahn"</desc>
		<src>HessenForst</src>
	</wpt>
	<wpt lat="50.556308024155371" lon="8.9726279424792601">
		<name>GI-261</name>
		<cmt>Einfürste</cmt>
		<desc>Einfürste</desc>
		<src>HessenForst</src>
	</wpt>
	<wpt lat="50.921013255303023" lon="9.6813591200616109">
		<name>HEF-274</name>
		<cmt>Einfahrt Hauksgrund</cmt>
		<desc>Einfahrt Hauksgrund</desc>
		<src>HessenForst</src>
	</wpt>
	<wpt lat="50.899765071473261" lon="9.6818804988326139">
		<name>HEF-275</name>
		<cmt>Katzwinkel</cmt>
		<desc>Katzwinkel</desc>
		<src>HessenForst</src>
	</wpt>
	<wpt lat="49.582817633851761" lon="8.7886509579318375">
		<name>HP-423</name>
		<cmt>Parkplatz Abzweigung Ober-Mengelbach</cmt>
		<desc>Parkplatz Abzweigung Ober-Mengelbach</desc>
		<src>HessenForst</src>
	</wpt>
	<wpt lat="49.57775988554134" lon="8.7819385903817135">
		<name>HP-265</name>
		<cmt>Parkplatz Linklingen Weiher</cmt>
		<desc>Parkplatz Linklingen Weiher</desc>
		<src>HessenForst</src>
	</wpt>
	<wpt lat="49.606132126488575" lon="8.7130392891991786">
		<name>HP-264</name>
		<cmt>Parkplatz Ober-Liebersbach</cmt>
		<desc>Parkplatz Ober-Liebersbach</desc>
		<src>HessenForst</src>
	</wpt>
	<wpt lat="49.627004968016557" lon="8.7185403105518695">
		<name>HP-263</name>
		<cmt>Parkplatz Teich Kreiswald</cmt>
		<desc>Parkplatz Teich Kreiswald</desc>
		<src>HessenForst</src>
	</wpt>
	<wpt lat="49.635298722524226" lon="8.7285141313435091">
		<name>HP-262</name>
		<cmt>Raststätte Alzenau Parkplatz</cmt>
		<desc>Raststätte Alzenau Parkplatz</desc>
		<src>HessenForst</src>
	</wpt>
	<wpt lat="49.66178804015037" lon="8.7292833236605674">
		<name>HP-266</name>
		<cmt>Kreuzung Igelsbach Richtung Erlenbach</cmt>
		<desc>Kreuzung Igelsbach Richtung Erlenbach</desc>
		<src>HessenForst</src>
	</wpt>
	<wpt lat="51.088944969568139" lon="9.9776875971150218">
		<name>ESW-446</name>
		<cmt>Ortseingang Krauthausen</cmt>
		<desc>Ortseingang Krauthausen</desc>
		<src>HessenForst</src>
	</wpt>
	<wpt lat="50.934365952779551" lon="8.7242030874059449">
		<name>MR-130</name>
		<cmt>Wanderparkplatz Herrensaustall</cmt>
		<desc>Wanderparkplatz Herrensaustall</desc>
		<src>HessenForst</src>
	</wpt>
	<wpt lat="50.938025308803105" lon="8.7626435592446086">
		<name>MR-131</name>
		<cmt>Schutzhütte Mellnauer Kreuz</cmt>
		<desc>Schutzhütte Mellnauer Kreuz</desc>
		<src>HessenForst</src>
	</wpt>
	<wpt lat="50.939418442436804" lon="8.8022689731409987">
		<name>MR-134</name>
		<cmt>Lumpenbuche</cmt>
		<desc>Lumpenbuche</desc>
		<src>HessenForst</src>
	</wpt>
	<wpt lat="49.562322972562363" lon="8.7320307250513149">
		<name>HP-4249</name>
		<cmt>Friedhof Hornbach</cmt>
		<desc>Friedhof Hornbach</desc>
		<src>HessenForst</src>
	</wpt>
	<wpt lat="49.946132616716731" lon="8.6497750896163001">
		<name>DA-53</name>
		<cmt>Erzhausen</cmt>
		<desc>Erzhausen</desc>
		<src>HessenForst</src>
	</wpt>
	<wpt lat="49.612127587442394" lon="8.5123567957893655">
		<name>HP-502</name>
		<cmt>Erholungsanlage Heidetränke</cmt>
		<desc>Erholungsanlage Heidetränke</desc>
		<src>HessenForst</src>
	</wpt>
	<wpt lat="50.520461272347674" lon="9.2943785763198079">
		<name>VB-89</name>
		<cmt>Einfahrt Ludwigschneise</cmt>
		<desc>Einfahrt Ludwigschneise</desc>
		<src>HessenForst</src>
	</wpt>
	<wpt lat="49.651617478056195" lon="8.7732330067705657">
		<name>HP-269</name>
		<cmt>Inselstrasse</cmt>
		<desc>Inselstrasse</desc>
		<src>HessenForst</src>
	</wpt>
	<wpt lat="49.678213473640454" lon="8.7816859974571706">
		<name>HP-267</name>
		<cmt>Kappstrasse</cmt>
		<desc>Kappstrasse</desc>
		<src>HessenForst</src>
	</wpt>
	<wpt lat="49.67179183684263" lon="8.7454782391430399">
		<name>HP-268</name>
		<cmt>Bergtierpark</cmt>
		<desc>Bergtierpark</desc>
		<src>HessenForst</src>
	</wpt>
	<wpt lat="50.760837360447731" lon="9.686518623789258">
		<name>HEF-359</name>
		<cmt>B27 Rhina</cmt>
		<desc>B27 Rhina</desc>
		<src>HessenForst</src>
	</wpt>
	<wpt lat="49.658421223190864" lon="8.5404303574610729">
		<name>HP-127</name>
		<cmt>Waldkreuzung südlich Klein-Hausen</cmt>
		<desc>Waldkreuzung südlich Klein-Hausen</desc>
		<src>HessenForst</src>
	</wpt>
	<wpt lat="50.858529732973672" lon="8.6125334847543584">
		<name>MR-528</name>
		<cmt>Elmshausen Buchenauer Str. /Abzweig Friedhof</cmt>
		<desc>Elmshausen Buchenauer Str. /Abzweig Friedhof</desc>
		<src>HessenForst</src>
	</wpt>
	<wpt lat="50.181704103789016" lon="8.0884935661721169">
		<name>RÜD-178</name>
		<cmt>Parkplatz Ruheforst</cmt>
		<desc>Parkplatz Ruheforst</desc>
		<src>HessenForst</src>
	</wpt>
	<wpt lat="51.208032425681616" lon="9.9291455624919482">
		<name>ESW-246</name>
		<cmt>Freizeitanlage Rehberg</cmt>
		<desc>Freizeitanlage Rehberg</desc>
		<src>HessenForst</src>
	</wpt>
	<wpt lat="51.177159578705265" lon="9.0810467667166961">
		<name>KB-887</name>
		<cmt>Galgenkopf</cmt>
		<desc>Galgenkopf</desc>
		<src>HessenForst</src>
	</wpt>
	<wpt lat="50.841589024827407" lon="9.130167089717121">
		<name>MR-332</name>
		<cmt>Waldeingang Ottertal</cmt>
		<desc>Waldeingang Ottertal</desc>
		<src>HessenForst</src>
	</wpt>
	<wpt lat="50.096175273375827" lon="8.8358572752625353">
		<name>OF-316</name>
		<cmt>Neuer Weg - Bieberwegschneise</cmt>
		<desc>Neuer Weg - Bieberwegschneise</desc>
		<src>HessenForst</src>
	</wpt>
	<wpt lat="50.524529967494999" lon="8.5668198124148649">
		<name>LDK-57</name>
		<cmt>Ortsausgang Rechtenbach -&amp;gt; WZ, Parkplatz linke Seite</cmt>
		<desc>Ortsausgang Rechtenbach -&amp;gt; WZ, Parkplatz linke Seite</desc>
		<src>HessenForst</src>
	</wpt>
	<wpt lat="49.660051666002964" lon="8.8404780828813792">
		<name>HP-206</name>
		<cmt>Parkplatz Gasthaus "Zur Linde"</cmt>
		<desc>Parkplatz Gasthaus "Zur Linde"</desc>
		<src>HessenForst</src>
	</wpt>
	<wpt lat="50.991958786574244" lon="9.942285281108191">
		<name>HEF-109</name>
		<cmt>Bauhaus Bushaltestelle</cmt>
		<desc>Bauhaus Bushaltestelle</desc>
		<src>HessenForst</src>
	</wpt>
	<wpt lat="50.948888157498935" lon="9.9683268992393881">
		<name>HEF-122</name>
		<cmt>Wildecker Forst</cmt>
		<desc>Wildecker Forst</desc>
		<src>HessenForst</src>
	</wpt>
	<wpt lat="50.722785884094058" lon="8.9834681069427287">
		<name>VB-105</name>
		<cmt>Parkplatz beim Zeltplatz</cmt>
		<desc>Parkplatz beim Zeltplatz</desc>
		<src>HessenForst</src>
	</wpt>
	<wpt lat="51.46869808844118" lon="9.351633189841321">
		<name>KS-547</name>
		<cmt>Ende Panzerstraße (nordöstlich Wald-eingang Wegeschranke</cmt>
		<desc>Ende Panzerstraße (nordöstlich Wald-eingang Wegeschranke</desc>
		<src>HessenForst</src>
	</wpt>
	<wpt lat="50.192075430109178" lon="8.3920512470802926">
		<name>HG-42</name>
		<cmt>Obermühle, Abzweig Feldbomhaagweg</cmt>
		<desc>Obermühle, Abzweig Feldbomhaagweg</desc>
		<src>HessenForst</src>
	</wpt>
	<wpt lat="51.12951864041036" lon="9.6757590166217646">
		<name>HR-208</name>
		<cmt>Abzweig B 487 - Barbarossaweg</cmt>
		<desc>Abzweig B 487 - Barbarossaweg</desc>
		<src>HessenForst</src>
	</wpt>
	<wpt lat="50.433038337574509" lon="8.6154540971177802">
		<name>FB-169</name>
		<cmt>Gaststätte "Forsthaus Butzbach"</cmt>
		<desc>Gaststätte "Forsthaus Butzbach"</desc>
		<src>HessenForst</src>
	</wpt>
	<wpt lat="50.282607741318479" lon="8.6568475432335461">
		<name>FB-185</name>
		<cmt>Köpperner Hundeplatz</cmt>
		<desc>Köpperner Hundeplatz</desc>
		<src>HessenForst</src>
	</wpt>
	<wpt lat="50.735518866309839" lon="8.5527920454328115">
		<name>MR-628</name>
		<cmt>Rodenhausen, Kreisstr. Erdh./Rodenhausen, 100 m nach Waldlausgang, rechts</cmt>
		<desc>Rodenhausen, Kreisstr. Erdh./Rodenhausen, 100 m nach Waldlausgang, rechts</desc>
		<src>HessenForst</src>
	</wpt>
	<wpt lat="50.925552813316109" lon="9.1471254739227668">
		<name>HR-418</name>
		<cmt>Schutzhütte Katzenbachtal</cmt>
		<desc>Schutzhütte Katzenbachtal</desc>
		<src>HessenForst</src>
	</wpt>
	<wpt lat="51.170433042861397" lon="9.5460150503081582">
		<name>HR-111</name>
		<cmt>Schnellbahnbrücke</cmt>
		<desc>Schnellbahnbrücke</desc>
		<src>HessenForst</src>
	</wpt>
	<wpt lat="51.146604903422059" lon="9.5239726679168264">
		<name>HR-121</name>
		<cmt>Waldeingang Siebenstern</cmt>
		<desc>Waldeingang Siebenstern</desc>
		<src>HessenForst</src>
	</wpt>
	<wpt lat="50.875983136392776" lon="8.6320390608335114">
		<name>MR-115</name>
		<cmt>Altes Forsthaus Hauwald</cmt>
		<desc>Altes Forsthaus Hauwald</desc>
		<src>HessenForst</src>
	</wpt>
	<wpt lat="50.921309340041333" lon="8.8843000825096912">
		<name>MR-121</name>
		<cmt>Waldeingang Galgengrundweg</cmt>
		<desc>Waldeingang Galgengrundweg</desc>
		<src>HessenForst</src>
	</wpt>
	<wpt lat="50.940491895252151" lon="9.3801735238683488">
		<name>HR-867</name>
		<cmt>Stormarnwerk/ Waage</cmt>
		<desc>Stormarnwerk/ Waage</desc>
		<src>HessenForst</src>
	</wpt>
	<wpt lat="50.067569532392298" lon="7.8097180634495649">
		<name>RÜD-357</name>
		<cmt>ABC Wiese</cmt>
		<desc>ABC Wiese</desc>
		<src>HessenForst</src>
	</wpt>
	<wpt lat="50.753293235581381" lon="8.6480897264591174">
		<name>MR-621</name>
		<cmt>Willershausen, Kreissstr. Willersh./Lohra, Abzweigung nach Nanzhausen</cmt>
		<desc>Willershausen, Kreissstr. Willersh./Lohra, Abzweigung nach Nanzhausen</desc>
		<src>HessenForst</src>
	</wpt>
	<wpt lat="49.8627381083259" lon="9.0198612533779681">
		<name>DA-12</name>
		<cmt>Sportplatz Dorndiel</cmt>
		<desc>Sportplatz Dorndiel</desc>
		<src>HessenForst</src>
	</wpt>
	<wpt lat="51.165118090057533" lon="9.5187246280337909">
		<name>HR-114</name>
		<cmt>Ortseing. Lobenhausen Richt. Röhrenf.</cmt>
		<desc>Ortseing. Lobenhausen Richt. Röhrenf.</desc>
		<src>HessenForst</src>
	</wpt>
	<wpt lat="50.811814579610697" lon="9.1770745885206626">
		<name>VB-216</name>
		<cmt>Dammeshof</cmt>
		<desc>Dammeshof</desc>
		<src>HessenForst</src>
	</wpt>
	<wpt lat="50.410279748742738" lon="7.9850482039037303">
		<name>LM-312</name>
		<cmt>ca. 400 m vor Landesgrenze Tunnelportal (ICE)</cmt>
		<desc>ca. 400 m vor Landesgrenze Tunnelportal (ICE)</desc>
		<src>HessenForst</src>
	</wpt>
	<wpt lat="51.11269328406739" lon="9.7031547377068552">
		<name>HR-221</name>
		<cmt>Parkplatz Vocketal</cmt>
		<desc>Parkplatz Vocketal</desc>
		<src>HessenForst</src>
	</wpt>
	<wpt lat="49.919720440989749" lon="8.9936706526337762">
		<name>DA-334</name>
		<cmt>Parkplatz Schwimmbad</cmt>
		<desc>Parkplatz Schwimmbad</desc>
		<src>HessenForst</src>
	</wpt>
	<wpt lat="50.327563562828757" lon="8.2431776068519635">
		<name>LM-239</name>
		<cmt>B 8 / Waldeingang zum "Kuhgraben"</cmt>
		<desc>B 8 / Waldeingang zum "Kuhgraben"</desc>
		<src>HessenForst</src>
	</wpt>
	<wpt lat="50.601156993417348" lon="8.9924741076984276">
		<name>GI-106</name>
		<cmt>Lehnheimer Kreuz</cmt>
		<desc>Lehnheimer Kreuz</desc>
		<src>HessenForst</src>
	</wpt>
	<wpt lat="49.793927604999745" lon="8.766890298549221">
		<name>DA-410</name>
		<cmt>Sportplatz Rohrbach</cmt>
		<desc>Sportplatz Rohrbach</desc>
		<src>HessenForst</src>
	</wpt>
	<wpt lat="51.145952405855084" lon="9.6258670112614055">
		<name>HR-202</name>
		<cmt>Waldeingang Gehegestrasse</cmt>
		<desc>Waldeingang Gehegestrasse</desc>
		<src>HessenForst</src>
	</wpt>
	<wpt lat="50.709322507937507" lon="9.8509480652005976">
		<name>FD-19</name>
		<cmt>Abzweig Großentaft</cmt>
		<desc>Abzweig Großentaft</desc>
		<src>HessenForst</src>
	</wpt>
	<wpt lat="50.206756013166846" lon="8.1449398518295979">
		<name>RÜD-157</name>
		<cmt>Abzweig Wingsbach</cmt>
		<desc>Abzweig Wingsbach</desc>
		<src>HessenForst</src>
	</wpt>
	<wpt lat="49.816541249482221" lon="8.9279117798053917">
		<name>DA-164</name>
		<cmt>Parkplatz Indianerspiel-platz Hering gegenüber Sportplatz</cmt>
		<desc>Parkplatz Indianerspiel-platz Hering gegenüber Sportplatz</desc>
		<src>HessenForst</src>
	</wpt>
	<wpt lat="50.345401184787299" lon="8.3527671646479114">
		<name>HG-90</name>
		<cmt>Wegekreuz Tannenkopf</cmt>
		<desc>Wegekreuz Tannenkopf</desc>
		<src>HessenForst</src>
	</wpt>
	<wpt lat="50.646241885475042" lon="9.0887747068203701">
		<name>VB-61</name>
		<cmt>Einfahrt Kahlofen</cmt>
		<desc>Einfahrt Kahlofen</desc>
		<src>HessenForst</src>
	</wpt>
	<wpt lat="50.910432077734043" lon="8.871468475222489">
		<name>MR-210</name>
		<cmt>Bracht-Siedlung, Bushaltestelle</cmt>
		<desc>Bracht-Siedlung, Bushaltestelle</desc>
		<src>HessenForst</src>
	</wpt>
	<wpt lat="51.030538767090121" lon="9.8754408038951791">
		<name>HEF-12</name>
		<cmt>Menglers</cmt>
		<desc>Menglers</desc>
		<src>HessenForst</src>
	</wpt>
	<wpt lat="50.392373524709285" lon="9.1690607494374312">
		<name>FB-123</name>
		<cmt>Waldausgang von Wenings her</cmt>
		<desc>Waldausgang von Wenings her</desc>
		<src>HessenForst</src>
	</wpt>
	<wpt lat="50.792217241716379" lon="9.1600224372091539">
		<name>VB-227</name>
		<cmt>Ohmes, Feldweg zur Sandgrube Arnshain</cmt>
		<desc>Ohmes, Feldweg zur Sandgrube Arnshain</desc>
		<src>HessenForst</src>
	</wpt>
	<wpt lat="50.376121747903277" lon="8.5598057264922893">
		<name>FB-177</name>
		<cmt>Michelbachtal</cmt>
		<desc>Michelbachtal</desc>
		<src>HessenForst</src>
	</wpt>
	<wpt lat="50.630377214453077" lon="8.5968669749322313">
		<name>GI-206</name>
		<cmt>Heegstrauch</cmt>
		<desc>Heegstrauch</desc>
		<src>HessenForst</src>
	</wpt>
	<wpt lat="50.395013160613509" lon="8.4639133461644747">
		<name>HG-108</name>
		<cmt>Parkplatz "Jugendherberge"</cmt>
		<desc>Parkplatz "Jugendherberge"</desc>
		<src>HessenForst</src>
	</wpt>
	<wpt lat="51.258287963569771" lon="9.509082311599844">
		<name>KS-420</name>
		<cmt>Sportplatz Bergshausen</cmt>
		<desc>Sportplatz Bergshausen</desc>
		<src>HessenForst</src>
	</wpt>
	<wpt lat="51.150199786569907" lon="9.6608946704185961">
		<name>HR-203</name>
		<cmt>Silberhäuschen</cmt>
		<desc>Silberhäuschen</desc>
		<src>HessenForst</src>
	</wpt>
	<wpt lat="51.03873856629432" lon="9.8975789208426619">
		<name>HEF-102</name>
		<cmt>Mönchhosbach</cmt>
		<desc>Mönchhosbach</desc>
		<src>HessenForst</src>
	</wpt>
	<wpt lat="51.16454074986963" lon="9.5709728037737971">
		<name>HR-138</name>
		<cmt>Tierpark Rose</cmt>
		<desc>Tierpark Rose</desc>
		<src>HessenForst</src>
	</wpt>
	<wpt lat="51.108299507860039" lon="9.4164343834781619">
		<name>HR-127</name>
		<cmt>Waage Steinbruch Rhünda</cmt>
		<desc>Waage Steinbruch Rhünda</desc>
		<src>HessenForst</src>
	</wpt>
	<wpt lat="51.22751146900579" lon="9.5445851863331868">
		<name>KS-431</name>
		<cmt>Warpelhütte</cmt>
		<desc>Warpelhütte</desc>
		<src>HessenForst</src>
	</wpt>
	<wpt lat="51.046423629187096" lon="9.1301524201575912">
		<name>HR-62</name>
		<cmt>Waldeinfahrt Fischereibetrieb</cmt>
		<desc>Waldeinfahrt Fischereibetrieb</desc>
		<src>HessenForst</src>
	</wpt>
	<wpt lat="51.049207910262425" lon="9.6221888321179847">
		<name>HR-243</name>
		<cmt>Konnefeld</cmt>
		<desc>Konnefeld</desc>
		<src>HessenForst</src>
	</wpt>
	<wpt lat="50.245587147666349" lon="8.1000103875621612">
		<name>RÜD-101</name>
		<cmt>Abzweig Hennethal</cmt>
		<desc>Abzweig Hennethal</desc>
		<src>HessenForst</src>
	</wpt>
	<wpt lat="50.951423921571084" lon="9.8437168603885521">
		<name>HEF-121</name>
		<cmt>Lingelbach</cmt>
		<desc>Lingelbach</desc>
		<src>HessenForst</src>
	</wpt>
	<wpt lat="49.776706550265807" lon="8.6999178669301021">
		<name>DA-903</name>
		<cmt>Hutzelstraße am Windrad</cmt>
		<desc>Hutzelstraße am Windrad</desc>
		<src>HessenForst</src>
	</wpt>
	<wpt lat="50.064893709230212" lon="7.7933678898442258">
		<name>RÜD-358</name>
		<cmt>Kleiner Hahn</cmt>
		<desc>Kleiner Hahn</desc>
		<src>HessenForst</src>
	</wpt>
	<wpt lat="50.915029579791955" lon="8.9427854482638534">
		<name>MR-207</name>
		<cmt>Straßenkreuz Halsdorf</cmt>
		<desc>Straßenkreuz Halsdorf</desc>
		<src>HessenForst</src>
	</wpt>
	<wpt lat="50.283747198276295" lon="8.5704697815160102">
		<name>HG-153</name>
		<cmt>Kreuzung B 456 / B 456 A</cmt>
		<desc>Kreuzung B 456 / B 456 A</desc>
		<src>HessenForst</src>
	</wpt>
	<wpt lat="51.199951328949595" lon="9.496529661160622">
		<name>HR-102</name>
		<cmt>Judenfriedhof</cmt>
		<desc>Judenfriedhof</desc>
		<src>HessenForst</src>
	</wpt>
	<wpt lat="50.385167751322612" lon="9.2136473889799397">
		<name>FB-122</name>
		<cmt>Parkplatz alte Strassenführung</cmt>
		<desc>Parkplatz alte Strassenführung</desc>
		<src>HessenForst</src>
	</wpt>
	<wpt lat="51.140725110920819" lon="9.5090826152118897">
		<name>HR-120</name>
		<cmt>Parkplatz Judenweg</cmt>
		<desc>Parkplatz Judenweg</desc>
		<src>HessenForst</src>
	</wpt>
	<wpt lat="50.539755726950837" lon="9.1544429035467996">
		<name>VB-28</name>
		<cmt>Parkplatz Segelflugplatz Götzen</cmt>
		<desc>Parkplatz Segelflugplatz Götzen</desc>
		<src>HessenForst</src>
	</wpt>
	<wpt lat="49.761186696928021" lon="8.8443733568850913">
		<name>ERB-150</name>
		<cmt>Parkplatz Heilsruhe</cmt>
		<desc>Parkplatz Heilsruhe</desc>
		<src>HessenForst</src>
	</wpt>
	<wpt lat="50.718914904366244" lon="8.5803902466231996">
		<name>MR-633</name>
		<cmt>Friedhof K52./Seelbalch, Ortseingang am Friedhof</cmt>
		<desc>Friedhof K52./Seelbalch, Ortseingang am Friedhof</desc>
		<src>HessenForst</src>
	</wpt>
	<wpt lat="50.159187201825262" lon="8.454844727333974">
		<name>MTK-48</name>
		<cmt>Gaststätte Rote Mühle, Bad Soden-Altenhain</cmt>
		<desc>Gaststätte Rote Mühle, Bad Soden-Altenhain</desc>
		<src>HessenForst</src>
	</wpt>
	<wpt lat="50.138842718597999" lon="8.0300904365589254">
		<name>RÜD-148</name>
		<cmt>Friedhof Ramschied</cmt>
		<desc>Friedhof Ramschied</desc>
		<src>HessenForst</src>
	</wpt>
	<wpt lat="50.847154958511837" lon="8.7553154149483099">
		<name>MR-402</name>
		<cmt>L 3381 Zufahrt "Weißer Stein"</cmt>
		<desc>L 3381 Zufahrt "Weißer Stein"</desc>
		<src>HessenForst</src>
	</wpt>
	<wpt lat="51.168747645000167" lon="9.4493321871784115">
		<name>HR-112</name>
		<cmt>Waldeingang Die Marke</cmt>
		<desc>Waldeingang Die Marke</desc>
		<src>HessenForst</src>
	</wpt>
	<wpt lat="50.964167722071657" lon="9.3332466386898609">
		<name>HR-861</name>
		<cmt>Hochbehälter Frielendorf</cmt>
		<desc>Hochbehälter Frielendorf</desc>
		<src>HessenForst</src>
	</wpt>
	<wpt lat="50.095840254948051" lon="8.0251449810952362">
		<name>RÜD-139</name>
		<cmt>Parkplatz Roter Kopf</cmt>
		<desc>Parkplatz Roter Kopf</desc>
		<src>HessenForst</src>
	</wpt>
	<wpt lat="49.723269259043832" lon="8.8006400817459607">
		<name>ERB-155</name>
		<cmt>Parkplatz nördlich Gasthaus  "Zur Freiheit"</cmt>
		<desc>Parkplatz nördlich Gasthaus  "Zur Freiheit"</desc>
		<src>HessenForst</src>
	</wpt>
	<wpt lat="51.165142966919554" lon="9.5997327488905313">
		<name>HR-139</name>
		<cmt>Waldeingang Zwickel</cmt>
		<desc>Waldeingang Zwickel</desc>
		<src>HessenForst</src>
	</wpt>
	<wpt lat="50.953578429386766" lon="9.8953843475417411">
		<name>HEF-120</name>
		<cmt>Rinaldo Eiche</cmt>
		<desc>Rinaldo Eiche</desc>
		<src>HessenForst</src>
	</wpt>
	<wpt lat="51.023894029409568" lon="9.8294140698600501">
		<name>HEF-13</name>
		<cmt>Rautenhausen Bushaltestelle</cmt>
		<desc>Rautenhausen Bushaltestelle</desc>
		<src>HessenForst</src>
	</wpt>
	<wpt lat="50.243863573678155" lon="8.4440817755811644">
		<name>HG-52</name>
		<cmt>Loipenhaus</cmt>
		<desc>Loipenhaus</desc>
		<src>HessenForst</src>
	</wpt>
	<wpt lat="50.704891803857961" lon="8.6367145362240318">
		<name>MR-634</name>
		<cmt>Reimershausen, Kreisstr. Altenvers/Reimersh., Abzweigung nach Kirchvers</cmt>
		<desc>Reimershausen, Kreisstr. Altenvers/Reimersh., Abzweigung nach Kirchvers</desc>
		<src>HessenForst</src>
	</wpt>
	<wpt lat="51.112391633439593" lon="9.6170412140100385">
		<name>HR-214</name>
		<cmt>gegenüber Forsthaus Mörshausen</cmt>
		<desc>gegenüber Forsthaus Mörshausen</desc>
		<src>HessenForst</src>
	</wpt>
	<wpt lat="51.241295990800751" lon="9.5925414324003597">
		<name>KS-446</name>
		<cmt>Fahrenbachstraße</cmt>
		<desc>Fahrenbachstraße</desc>
		<src>HessenForst</src>
	</wpt>
	<wpt lat="51.085164704416286" lon="9.6979813610625278">
		<name>HR-238</name>
		<cmt>DGH Metzebach</cmt>
		<desc>DGH Metzebach</desc>
		<src>HessenForst</src>
	</wpt>
	<wpt lat="50.346786822783265" lon="8.3442041833624394">
		<name>HG-91</name>
		<cmt>Parkplatz  Kurve Hasselbach Richtung Haintchen</cmt>
		<desc>Parkplatz  Kurve Hasselbach Richtung Haintchen</desc>
		<src>HessenForst</src>
	</wpt>
	<wpt lat="50.344937888503743" lon="8.6103915545520273">
		<name>HG-131</name>
		<cmt>Ortseingang Friedrichsthal aus Richtung B 275</cmt>
		<desc>Ortseingang Friedrichsthal aus Richtung B 275</desc>
		<src>HessenForst</src>
	</wpt>
	<wpt lat="51.003925584589098" lon="9.8768594500174771">
		<name>HEF-27</name>
		<cmt>Sportplatz Solz</cmt>
		<desc>Sportplatz Solz</desc>
		<src>HessenForst</src>
	</wpt>
	<wpt lat="51.159608256405392" lon="9.4789035227214864">
		<name>HR-117</name>
		<cmt>Kreuzeiche</cmt>
		<desc>Kreuzeiche</desc>
		<src>HessenForst</src>
	</wpt>
	<wpt lat="51.090075384896871" lon="9.4397115115331509">
		<name>HR-168</name>
		<cmt>Wickenrod</cmt>
		<desc>Wickenrod</desc>
		<src>HessenForst</src>
	</wpt>
	<wpt lat="50.30297011653397" lon="8.4279993101218178">
		<name>HG-68</name>
		<cmt>Landsteiner Mühle-Forsthaus</cmt>
		<desc>Landsteiner Mühle-Forsthaus</desc>
		<src>HessenForst</src>
	</wpt>
	<wpt lat="50.762399618056278" lon="8.529946318917272">
		<name>MR-617</name>
		<cmt>Weidenhausen, Landstr. Weidenh./Bad Endbach, Abzweigung nach Römershausen</cmt>
		<desc>Weidenhausen, Landstr. Weidenh./Bad Endbach, Abzweigung nach Römershausen</desc>
		<src>HessenForst</src>
	</wpt>
	<wpt lat="50.121002247405876" lon="8.0395311997340215">
		<name>RÜD-146</name>
		<cmt>Abfahrt Fischbach</cmt>
		<desc>Abfahrt Fischbach</desc>
		<src>HessenForst</src>
	</wpt>
	<wpt lat="50.289865767539979" lon="8.6761723491057055">
		<name>FB-188</name>
		<cmt>Hofeinfahrt Beinhardshof</cmt>
		<desc>Hofeinfahrt Beinhardshof</desc>
		<src>HessenForst</src>
	</wpt>
	<wpt lat="50.383927936194652" lon="8.3941696202577649">
		<name>HG-115</name>
		<cmt>Klärwerk</cmt>
		<desc>Klärwerk</desc>
		<src>HessenForst</src>
	</wpt>
	<wpt lat="50.945872821809303" lon="9.8763459044050226">
		<name>HEF-124</name>
		<cmt>Forsthaus Kehlberg</cmt>
		<desc>Forsthaus Kehlberg</desc>
		<src>HessenForst</src>
	</wpt>
	<wpt lat="51.116719833881483" lon="9.6830749998123586">
		<name>HR-218</name>
		<cmt>Giersgrund</cmt>
		<desc>Giersgrund</desc>
		<src>HessenForst</src>
	</wpt>
	<wpt lat="51.008940996880007" lon="9.9558308220353062">
		<name>HEF-107</name>
		<cmt>Blankenbacher Straße</cmt>
		<desc>Blankenbacher Straße</desc>
		<src>HessenForst</src>
	</wpt>
	<wpt lat="50.6551733683064" lon="8.9870310754164393">
		<name>VB-66</name>
		<cmt>Wertholzplatz Bernsfeld</cmt>
		<desc>Wertholzplatz Bernsfeld</desc>
		<src>HessenForst</src>
	</wpt>
	<wpt lat="51.109660102027" lon="9.6587364968854388">
		<name>HR-217</name>
		<cmt>Schartenberg</cmt>
		<desc>Schartenberg</desc>
		<src>HessenForst</src>
	</wpt>
	<wpt lat="51.105662126474215" lon="9.475251727001023">
		<name>HR-128</name>
		<cmt>Sportplatz Hilgershausen</cmt>
		<desc>Sportplatz Hilgershausen</desc>
		<src>HessenForst</src>
	</wpt>
	<wpt lat="49.779261266050518" lon="8.8876241536032143">
		<name>ERB-147</name>
		<cmt>Parkplatz an den Tennisplätzen</cmt>
		<desc>Parkplatz an den Tennisplätzen</desc>
		<src>HessenForst</src>
	</wpt>
	<wpt lat="49.818554189196092" lon="8.8047552414526731">
		<name>DA-27</name>
		<cmt>Abfahrt zum Hof Illbach</cmt>
		<desc>Abfahrt zum Hof Illbach</desc>
		<src>HessenForst</src>
	</wpt>
	<wpt lat="49.766833932041422" lon="8.7318202919005365">
		<name>DA-712</name>
		<cmt>L 3099 - Abzweig Herchenrode</cmt>
		<desc>L 3099 - Abzweig Herchenrode</desc>
		<src>HessenForst</src>
	</wpt>
	<wpt lat="49.655851582196235" lon="8.8640828877521898">
		<name>HP-205</name>
		<cmt>Wegscheide - südl. B460</cmt>
		<desc>Wegscheide - südl. B460</desc>
		<src>HessenForst</src>
	</wpt>
	<wpt lat="51.020738118294702" lon="9.7705384553898682">
		<name>HEF-14</name>
		<cmt>Schwarzenhasel Bushaltestelle</cmt>
		<desc>Schwarzenhasel Bushaltestelle</desc>
		<src>HessenForst</src>
	</wpt>
	<wpt lat="51.275598399829349" lon="9.1347026623087437">
		<name>KS-529</name>
		<cmt>Ortsausgang Ippinghausen, Ri. Korbach ehem. Sägewerk</cmt>
		<desc>Ortsausgang Ippinghausen, Ri. Korbach ehem. Sägewerk</desc>
		<src>HessenForst</src>
	</wpt>
	<wpt lat="51.130403237949857" lon="10.116397786783125">
		<name>ESW-349</name>
		<cmt>Schutzhütte ca. 300 m nördlich Ortsrand Weißenborn</cmt>
		<desc>Schutzhütte ca. 300 m nördlich Ortsrand Weißenborn</desc>
		<src>HessenForst</src>
	</wpt>
	<wpt lat="50.42165392057197" lon="8.6251335919730714">
		<name>FB-168</name>
		<cmt>Ortseingang Hausen</cmt>
		<desc>Ortseingang Hausen</desc>
		<src>HessenForst</src>
	</wpt>
	<wpt lat="50.951376667031298" lon="8.8811158607147185">
		<name>MR-122</name>
		<cmt>Merzhausen, Waldeingang Heuweg</cmt>
		<desc>Merzhausen, Waldeingang Heuweg</desc>
		<src>HessenForst</src>
	</wpt>
	<wpt lat="51.030646307865098" lon="9.7683023948296412">
		<name>HEF-11</name>
		<cmt>Erkshausen Ortseingang</cmt>
		<desc>Erkshausen Ortseingang</desc>
		<src>HessenForst</src>
	</wpt>
	<wpt lat="50.405270430414326" lon="9.1957174430739705">
		<name>FB-124</name>
		<cmt>Bushaltestelle</cmt>
		<desc>Bushaltestelle</desc>
		<src>HessenForst</src>
	</wpt>
	<wpt lat="51.174863036604307" lon="9.4936852546952704">
		<name>HR-108</name>
		<cmt>Waldecke</cmt>
		<desc>Waldecke</desc>
		<src>HessenForst</src>
	</wpt>
	<wpt lat="50.986789992082052" lon="9.8964563935894727">
		<name>HEF-113</name>
		<cmt>Gunkelrode</cmt>
		<desc>Gunkelrode</desc>
		<src>HessenForst</src>
	</wpt>
	<wpt lat="51.258621889279638" lon="9.5731855936331378">
		<name>KS-422</name>
		<cmt>Parkplatz Heupel</cmt>
		<desc>Parkplatz Heupel</desc>
		<src>HessenForst</src>
	</wpt>
	<wpt lat="50.402556631464286" lon="9.2375598950892677">
		<name>FB-125</name>
		<cmt>Seementalhalle</cmt>
		<desc>Seementalhalle</desc>
		<src>HessenForst</src>
	</wpt>
	<wpt lat="50.784428630794217" lon="9.1658593132688768">
		<name>VB-131</name>
		<cmt>Braunschneise</cmt>
		<desc>Braunschneise</desc>
		<src>HessenForst</src>
	</wpt>
	<wpt lat="50.910545623081546" lon="9.3822813534135925">
		<name>HR-871</name>
		<cmt>Forsthaus Seigertshausen</cmt>
		<desc>Forsthaus Seigertshausen</desc>
		<src>HessenForst</src>
	</wpt>
	<wpt lat="50.987836131251676" lon="9.9706929542989222">
		<name>HEF-112</name>
		<cmt>Süß</cmt>
		<desc>Süß</desc>
		<src>HessenForst</src>
	</wpt>
	<wpt lat="51.155710062489618" lon="9.6123942917115404">
		<name>HR-146</name>
		<cmt>Waldeingang Filzbach</cmt>
		<desc>Waldeingang Filzbach</desc>
		<src>HessenForst</src>
	</wpt>
	<wpt lat="50.641873119984552" lon="9.049959271391911">
		<name>VB-65</name>
		<cmt>Aussielderhof Hort</cmt>
		<desc>Aussielderhof Hort</desc>
		<src>HessenForst</src>
	</wpt>
	<wpt lat="49.641851873338346" lon="8.8946389097825662">
		<name>ERB-3</name>
		<cmt>Freizeitanlage Hiltersklingen</cmt>
		<desc>Freizeitanlage Hiltersklingen</desc>
		<src>HessenForst</src>
	</wpt>
	<wpt lat="51.25299056813337" lon="9.6131761152308215">
		<name>KS-428</name>
		<cmt>Kaufunger Wiesen</cmt>
		<desc>Kaufunger Wiesen</desc>
		<src>HessenForst</src>
	</wpt>
	<wpt lat="50.644996845160264" lon="8.6756125757095521">
		<name>GI-221</name>
		<cmt>Gaststätte Erlenhof</cmt>
		<desc>Gaststätte Erlenhof</desc>
		<src>HessenForst</src>
	</wpt>
	<wpt lat="50.226257568142259" lon="8.4784260221194785">
		<name>HG-34</name>
		<cmt>Parkplatz Große Kurve</cmt>
		<desc>Parkplatz Große Kurve</desc>
		<src>HessenForst</src>
	</wpt>
	<wpt lat="51.19424974815972" lon="9.5992003933181351">
		<name>KS-440</name>
		<cmt>Nassbach</cmt>
		<desc>Nassbach</desc>
		<src>HessenForst</src>
	</wpt>
	<wpt lat="50.924655521406514" lon="9.753936574104884">
		<name>HEF-54</name>
		<cmt>Forsthaus Mecklar</cmt>
		<desc>Forsthaus Mecklar</desc>
		<src>HessenForst</src>
	</wpt>
	<wpt lat="49.663498573524663" lon="8.7975897651060642">
		<name>HP-207</name>
		<cmt>Parkplatz Rosenhöhe</cmt>
		<desc>Parkplatz Rosenhöhe</desc>
		<src>HessenForst</src>
	</wpt>
	<wpt lat="50.989682070594391" lon="9.0363943591595852">
		<name>HR-402</name>
		<cmt>Jeustgipfel</cmt>
		<desc>Jeustgipfel</desc>
		<src>HessenForst</src>
	</wpt>
	<wpt lat="51.021574015716503" lon="9.8069292213757073">
		<name>HEF-15</name>
		<cmt>Elferstaler Teiche</cmt>
		<desc>Elferstaler Teiche</desc>
		<src>HessenForst</src>
	</wpt>
	<wpt lat="50.946250536492641" lon="9.1096094066951494">
		<name>HR-416</name>
		<cmt>Forsthaus Treisbach</cmt>
		<desc>Forsthaus Treisbach</desc>
		<src>HessenForst</src>
	</wpt>
	<wpt lat="49.475904715868161" lon="8.9306033805527356">
		<name>ERB-282</name>
		<cmt>Kortelshütte, Sportplatz oberhalb Altenpflegeheim, "Cordula"</cmt>
		<desc>Kortelshütte, Sportplatz oberhalb Altenpflegeheim, "Cordula"</desc>
		<src>HessenForst</src>
	</wpt>
	<wpt lat="49.751904356412375" lon="8.8259477823450592">
		<name>ERB-152</name>
		<cmt>Baumgruppe "12 Apostel", Ortsausgang Nonrod</cmt>
		<desc>Baumgruppe "12 Apostel", Ortsausgang Nonrod</desc>
		<src>HessenForst</src>
	</wpt>
	<wpt lat="51.125481113811311" lon="9.4810941709509731">
		<name>HR-123</name>
		<cmt>Parkpl. BAB-Abfahrt Melsungen</cmt>
		<desc>Parkpl. BAB-Abfahrt Melsungen</desc>
		<src>HessenForst</src>
	</wpt>
	<wpt lat="50.816443181965418" lon="9.3255408470159367">
		<name>HR-926</name>
		<cmt>Zufahrt Herrmannsplatz</cmt>
		<desc>Zufahrt Herrmannsplatz</desc>
		<src>HessenForst</src>
	</wpt>
	<wpt lat="49.681978883914653" lon="8.7242129364269907">
		<name>HP-332</name>
		<cmt>Abgeschlagener Stein</cmt>
		<desc>Abgeschlagener Stein</desc>
		<src>HessenForst</src>
	</wpt>
	<wpt lat="49.637492678299971" lon="8.7533064803414096">
		<name>HP-210</name>
		<cmt>Friedhof Fürth-Lörzenbach oberhalb B 38</cmt>
		<desc>Friedhof Fürth-Lörzenbach oberhalb B 38</desc>
		<src>HessenForst</src>
	</wpt>
	<wpt lat="50.815243615309463" lon="8.4872922830991069">
		<name>MR-521</name>
		<cmt>Natursteinwerk Göbel</cmt>
		<desc>Natursteinwerk Göbel</desc>
		<src>HessenForst</src>
	</wpt>
	<wpt lat="50.24254484158724" lon="8.3777630714603788">
		<name>HG-50</name>
		<cmt>Parkplatz "Heißer Kopf"</cmt>
		<desc>Parkplatz "Heißer Kopf"</desc>
		<src>HessenForst</src>
	</wpt>
	<wpt lat="51.169116684230133" lon="9.6145421880578521">
		<name>HR-140</name>
		<cmt>Parkplatz Sportplatz Kehrenbach</cmt>
		<desc>Parkplatz Sportplatz Kehrenbach</desc>
		<src>HessenForst</src>
	</wpt>
	<wpt lat="50.158026713141204" lon="8.4176129920727476">
		<name>MTK-38</name>
		<cmt>Fischbach Zufahrt Steinbruch</cmt>
		<desc>Fischbach Zufahrt Steinbruch</desc>
		<src>HessenForst</src>
	</wpt>
	<wpt lat="51.103697993298148" lon="9.7015071441829566">
		<name>HR-228</name>
		<cmt>Bushaltestelle zum Schweizerhaus</cmt>
		<desc>Bushaltestelle zum Schweizerhaus</desc>
		<src>HessenForst</src>
	</wpt>
	<wpt lat="51.026481627039317" lon="9.9356166686981577">
		<name>HEF-104</name>
		<cmt>Gerlachs Mühle</cmt>
		<desc>Gerlachs Mühle</desc>
		<src>HessenForst</src>
	</wpt>
	<wpt lat="49.841102037115441" lon="8.9749334243130114">
		<name>DA-19</name>
		<cmt>Sportplatz Heubach</cmt>
		<desc>Sportplatz Heubach</desc>
		<src>HessenForst</src>
	</wpt>
	<wpt lat="49.763391876036707" lon="8.7518579177363307">
		<name>DA-711</name>
		<cmt>Klein-Bieberau - Zufahrt Hochbehälter</cmt>
		<desc>Klein-Bieberau - Zufahrt Hochbehälter</desc>
		<src>HessenForst</src>
	</wpt>
	<wpt lat="50.937389575528385" lon="9.840162530814867">
		<name>HEF-50</name>
		<cmt>Gut Faßdorf</cmt>
		<desc>Gut Faßdorf</desc>
		<src>HessenForst</src>
	</wpt>
	<wpt lat="50.56388358212191" lon="8.4198060412241738">
		<name>LDK-42</name>
		<cmt>Waldrand Abt.201, Am Hochbehälter</cmt>
		<desc>Waldrand Abt.201, Am Hochbehälter</desc>
		<src>HessenForst</src>
	</wpt>
	<wpt lat="50.892888887055399" lon="9.746680738020947">
		<name>HEF-253</name>
		<cmt>Berieselungsplatz Friedlos</cmt>
		<desc>Berieselungsplatz Friedlos</desc>
		<src>HessenForst</src>
	</wpt>
	<wpt lat="51.076166141135786" lon="9.5343332874838644">
		<name>HR-160</name>
		<cmt>Kunst Mühle</cmt>
		<desc>Kunst Mühle</desc>
		<src>HessenForst</src>
	</wpt>
	<wpt lat="50.322738471564968" lon="8.4055177437214308">
		<name>HG-78</name>
		<cmt>"Anglerparkplatz"</cmt>
		<desc>"Anglerparkplatz"</desc>
		<src>HessenForst</src>
	</wpt>
	<wpt lat="50.715011023416061" lon="8.4184563274178927">
		<name>LDK-335</name>
		<cmt>Offenbach -&amp;gt; Übernthal, Parkplatz auf der Höhe</cmt>
		<desc>Offenbach -&amp;gt; Übernthal, Parkplatz auf der Höhe</desc>
		<src>HessenForst</src>
	</wpt>
	<wpt lat="51.000951672876653" lon="9.8144408184690093">
		<name>HEF-26</name>
		<cmt>"Mühle Schäfer" Asmushausen</cmt>
		<desc>"Mühle Schäfer" Asmushausen</desc>
		<src>HessenForst</src>
	</wpt>
	<wpt lat="50.940957456485975" lon="9.9124885918765031">
		<name>HEF-126</name>
		<cmt>Alte Hönebacher Str.</cmt>
		<desc>Alte Hönebacher Str.</desc>
		<src>HessenForst</src>
	</wpt>
	<wpt lat="50.421743371541353" lon="8.6064854897313285">
		<name>FB-171</name>
		<cmt>Ortseingang Oes</cmt>
		<desc>Ortseingang Oes</desc>
		<src>HessenForst</src>
	</wpt>
	<wpt lat="50.300797209412899" lon="8.3211658542695996">
		<name>LM-247</name>
		<cmt>Fischteiche Dombach</cmt>
		<desc>Fischteiche Dombach</desc>
		<src>HessenForst</src>
	</wpt>
	<wpt lat="50.672989589013277" lon="9.0053162275690664">
		<name>VB-68</name>
		<cmt>Hochbehälter Burg Gemünden</cmt>
		<desc>Hochbehälter Burg Gemünden</desc>
		<src>HessenForst</src>
	</wpt>
	<wpt lat="51.156036377594681" lon="9.6438310415314916">
		<name>HR-142</name>
		<cmt>Waldeingang zu Kühlborns Fischteichen</cmt>
		<desc>Waldeingang zu Kühlborns Fischteichen</desc>
		<src>HessenForst</src>
	</wpt>
	<wpt lat="50.324370377306799" lon="8.2360020059483841">
		<name>LM-238</name>
		<cmt>Sportplatz Oberselters</cmt>
		<desc>Sportplatz Oberselters</desc>
		<src>HessenForst</src>
	</wpt>
	<wpt lat="49.803450378087867" lon="8.9773838101540431">
		<name>ERB-109</name>
		<cmt>Pflanzgarten</cmt>
		<desc>Pflanzgarten</desc>
		<src>HessenForst</src>
	</wpt>
	<wpt lat="49.773132532903119" lon="8.7172030481093454">
		<name>DA-902</name>
		<cmt>Bus-Haltestelle Neutscher Friedhof</cmt>
		<desc>Bus-Haltestelle Neutscher Friedhof</desc>
		<src>HessenForst</src>
	</wpt>
	<wpt lat="50.753345989787682" lon="9.1327263278474895">
		<name>VB-121</name>
		<cmt>Sportplatz</cmt>
		<desc>Sportplatz</desc>
		<src>HessenForst</src>
	</wpt>
	<wpt lat="51.170635830320599" lon="9.4771885543409269">
		<name>HR-113</name>
		<cmt>Wegekreuz vor BAB</cmt>
		<desc>Wegekreuz vor BAB</desc>
		<src>HessenForst</src>
	</wpt>
	<wpt lat="50.653775653233666" lon="8.5930566078279522">
		<name>GI-201</name>
		<cmt>Parkplatz Dünsberg</cmt>
		<desc>Parkplatz Dünsberg</desc>
		<src>HessenForst</src>
	</wpt>
	<wpt lat="50.323229576463675" lon="8.2729146562401308">
		<name>LM-240</name>
		<cmt>Waldeingang Horstweg üb. Erlenbachhalle</cmt>
		<desc>Waldeingang Horstweg üb. Erlenbachhalle</desc>
		<src>HessenForst</src>
	</wpt>
	<wpt lat="51.129551193036804" lon="9.6184579427690782">
		<name>HR-205</name>
		<cmt>Stern</cmt>
		<desc>Stern</desc>
		<src>HessenForst</src>
	</wpt>
	<wpt lat="49.840384099286652" lon="8.9527391413100581">
		<name>DA-16</name>
		<cmt>Fußweg zum Bahnhof Wiebelsbach</cmt>
		<desc>Fußweg zum Bahnhof Wiebelsbach</desc>
		<src>HessenForst</src>
	</wpt>
	<wpt lat="50.89844269936745" lon="8.8277409210393234">
		<name>MR-212</name>
		<cmt>Waldeingang Höhenweg</cmt>
		<desc>Waldeingang Höhenweg</desc>
		<src>HessenForst</src>
	</wpt>
	<wpt lat="50.389332446669584" lon="8.418660243289283">
		<name>HG-113</name>
		<cmt>Sportplatz Mönstadt</cmt>
		<desc>Sportplatz Mönstadt</desc>
		<src>HessenForst</src>
	</wpt>
	<wpt lat="50.105065766926018" lon="7.8428925962922014">
		<name>RÜD-355</name>
		<cmt>Wasserwerk Ransel</cmt>
		<desc>Wasserwerk Ransel</desc>
		<src>HessenForst</src>
	</wpt>
	<wpt lat="50.652631201535101" lon="9.0121326534675905">
		<name>VB-67</name>
		<cmt>Unterführung A5 Nieder-Ohmen</cmt>
		<desc>Unterführung A5 Nieder-Ohmen</desc>
		<src>HessenForst</src>
	</wpt>
	<wpt lat="50.756995655905712" lon="8.5838999582361986">
		<name>MR-620</name>
		<cmt>Gladenbach, Gladenbach Richtung Bahnhof, Bahnhof</cmt>
		<desc>Gladenbach, Gladenbach Richtung Bahnhof, Bahnhof</desc>
		<src>HessenForst</src>
	</wpt>
	<wpt lat="50.244890095768724" lon="8.4892589405298917">
		<name>HG-36</name>
		<cmt>Sandplacken/ Tannenhelm, HLP. bei gr. Parkplatz</cmt>
		<desc>Sandplacken/ Tannenhelm, HLP. bei gr. Parkplatz</desc>
		<src>HessenForst</src>
	</wpt>
	<wpt lat="50.909292762195342" lon="8.9179570028684214">
		<name>MR-206</name>
		<cmt>Rettungsstation Albshausen</cmt>
		<desc>Rettungsstation Albshausen</desc>
		<src>HessenForst</src>
	</wpt>
	<wpt lat="50.002147441173278" lon="7.9092628538243614">
		<name>RÜD-322</name>
		<cmt>Ponyhof Ebental</cmt>
		<desc>Ponyhof Ebental</desc>
		<src>HessenForst</src>
	</wpt>
	<wpt lat="50.088429219369225" lon="8.0570848533923929">
		<name>RÜD-394</name>
		<cmt>P Finkenwiese</cmt>
		<desc>P Finkenwiese</desc>
		<src>HessenForst</src>
	</wpt>
	<wpt lat="50.631808606824507" lon="8.6182943920941923">
		<name>GI-219</name>
		<cmt>Krofdorf</cmt>
		<desc>Krofdorf</desc>
		<src>HessenForst</src>
	</wpt>
	<wpt lat="50.717221554273344" lon="8.5647595793023612">
		<name>MR-632</name>
		<cmt>Rodenhausen, Kreisstr. Rodenh./Seelbach, Abzw. nach Frankenbach</cmt>
		<desc>Rodenhausen, Kreisstr. Rodenh./Seelbach, Abzw. nach Frankenbach</desc>
		<src>HessenForst</src>
	</wpt>
	<wpt lat="51.109702077740295" lon="9.6067525665731619">
		<name>HR-213</name>
		<cmt>Alter Bahnübergang Mörshausen</cmt>
		<desc>Alter Bahnübergang Mörshausen</desc>
		<src>HessenForst</src>
	</wpt>
	<wpt lat="51.241621297062466" lon="9.4834114109665535">
		<name>KS-447</name>
		<cmt>Grillhütte Dennhausen</cmt>
		<desc>Grillhütte Dennhausen</desc>
		<src>HessenForst</src>
	</wpt>
	<wpt lat="50.141117762318338" lon="8.0571789499257012">
		<name>RÜD-142</name>
		<cmt>Nikolaus-August-Otto-Schule</cmt>
		<desc>Nikolaus-August-Otto-Schule</desc>
		<src>HessenForst</src>
	</wpt>
	<wpt lat="50.597675245427958" lon="8.6278757269732935">
		<name>GI-185</name>
		<cmt>Rodheim &amp;gt;Heuchelheim Beschilderung Sport-platz Richtung Süden</cmt>
		<desc>Rodheim &amp;gt;Heuchelheim Beschilderung Sport-platz Richtung Süden</desc>
		<src>HessenForst</src>
	</wpt>
	<wpt lat="50.980912059604293" lon="9.3396645895984758">
		<name>HR-860</name>
		<cmt>Silbersee-Parkplatz</cmt>
		<desc>Silbersee-Parkplatz</desc>
		<src>HessenForst</src>
	</wpt>
	<wpt lat="50.965768232316506" lon="9.0858132561375839">
		<name>HR-406</name>
		<cmt>Waldeingang vor Schönau</cmt>
		<desc>Waldeingang vor Schönau</desc>
		<src>HessenForst</src>
	</wpt>
	<wpt lat="49.732582287960334" lon="8.740963467221885">
		<name>DA-702</name>
		<cmt>Brandau Sportplatz</cmt>
		<desc>Brandau Sportplatz</desc>
		<src>HessenForst</src>
	</wpt>
	<wpt lat="51.057141653066012" lon="9.5912417372179046">
		<name>HR-244</name>
		<cmt>Jägerkopf</cmt>
		<desc>Jägerkopf</desc>
		<src>HessenForst</src>
	</wpt>
	<wpt lat="51.162325183185793" lon="9.6537732000355234">
		<name>HR-143</name>
		<cmt>Waldeingang bei Kläranlage</cmt>
		<desc>Waldeingang bei Kläranlage</desc>
		<src>HessenForst</src>
	</wpt>
	<wpt lat="49.819844939842696" lon="8.9251974461562522">
		<name>DA-163</name>
		<cmt>Gasthaus Waldeck, Ortseinfahrt nach Hering</cmt>
		<desc>Gasthaus Waldeck, Ortseinfahrt nach Hering</desc>
		<src>HessenForst</src>
	</wpt>
	<wpt lat="50.769434644690214" lon="9.1876735060675419">
		<name>VB-228</name>
		<cmt>Waldeingang Heegholz</cmt>
		<desc>Waldeingang Heegholz</desc>
		<src>HessenForst</src>
	</wpt>
	<wpt lat="50.64351980378563" lon="8.6547242816966534">
		<name>GI-223</name>
		<cmt>Reitplatz</cmt>
		<desc>Reitplatz</desc>
		<src>HessenForst</src>
	</wpt>
	<wpt lat="50.910777545644869" lon="9.7131127355698794">
		<name>HEF-55</name>
		<cmt>Rohrbach</cmt>
		<desc>Rohrbach</desc>
		<src>HessenForst</src>
	</wpt>
	<wpt lat="50.481811640491074" lon="9.2980603804836885">
		<name>VB-9</name>
		<cmt>B 275,Parkplatz Einfahrt Muna</cmt>
		<desc>B 275,Parkplatz Einfahrt Muna</desc>
		<src>HessenForst</src>
	</wpt>
	<wpt lat="51.180469684079249" lon="9.4768472784044526">
		<name>HR-104</name>
		<cmt>Fuldabrücke</cmt>
		<desc>Fuldabrücke</desc>
		<src>HessenForst</src>
	</wpt>
	<wpt lat="50.68030597025146" lon="9.1371803757183496">
		<name>VB-75</name>
		<cmt>Schellnh.-Ehringsh. Elsgrabenteiche</cmt>
		<desc>Schellnh.-Ehringsh. Elsgrabenteiche</desc>
		<src>HessenForst</src>
	</wpt>
	<wpt lat="50.148984980064753" lon="8.038222542285121">
		<name>RÜD-149</name>
		<cmt>Abfahrt Heimbach</cmt>
		<desc>Abfahrt Heimbach</desc>
		<src>HessenForst</src>
	</wpt>
	<wpt lat="50.365881227452064" lon="8.4073553462916539">
		<name>HG-101</name>
		<cmt>Heinzenberger Weg / Wasserbehälter</cmt>
		<desc>Heinzenberger Weg / Wasserbehälter</desc>
		<src>HessenForst</src>
	</wpt>
	<wpt lat="50.421974398067967" lon="8.6396567980067296">
		<name>FB-167</name>
		<cmt>Parkplatz "Gaulskopf"</cmt>
		<desc>Parkplatz "Gaulskopf"</desc>
		<src>HessenForst</src>
	</wpt>
	<wpt lat="50.633885525190259" lon="9.2118206203139028">
		<name>VB-58</name>
		<cmt>Windh.-Ködd. (nähe Pflanzgarten)</cmt>
		<desc>Windh.-Ködd. (nähe Pflanzgarten)</desc>
		<src>HessenForst</src>
	</wpt>
	<wpt lat="50.816726204034865" lon="8.657890803261683">
		<name>MR-412</name>
		<cmt>K 72  Dilschhausen</cmt>
		<desc>K 72  Dilschhausen</desc>
		<src>HessenForst</src>
	</wpt>
	<wpt lat="50.79530363329399" lon="9.2202539097605207">
		<name>VB-224</name>
		<cmt>Abzweig zur " Waldgaststätte Greifenhain"</cmt>
		<desc>Abzweig zur " Waldgaststätte Greifenhain"</desc>
		<src>HessenForst</src>
	</wpt>
	<wpt lat="50.337231752410304" lon="8.3818869056690062">
		<name>HG-94</name>
		<cmt>Feuerwehrgerätehaus Rod</cmt>
		<desc>Feuerwehrgerätehaus Rod</desc>
		<src>HessenForst</src>
	</wpt>
	<wpt lat="50.345818759568331" lon="8.4547929180010808">
		<name>HG-86</name>
		<cmt>Parplatz "Kammerforst" des Naturparks</cmt>
		<desc>Parplatz "Kammerforst" des Naturparks</desc>
		<src>HessenForst</src>
	</wpt>
	<wpt lat="50.34013723600669" lon="8.6630943250030903">
		<name>FB-181</name>
		<cmt>Gaststätte "Forsthaus Winterstein"</cmt>
		<desc>Gaststätte "Forsthaus Winterstein"</desc>
		<src>HessenForst</src>
	</wpt>
	<wpt lat="49.666253958102189" lon="8.748530765708102">
		<name>HP-209</name>
		<cmt>Friedhof Fürth-Erlenbach</cmt>
		<desc>Friedhof Fürth-Erlenbach</desc>
		<src>HessenForst</src>
	</wpt>
	<wpt lat="51.101247813742006" lon="9.9411048929084913">
		<name>ESW-414</name>
		<cmt>Abzweig Gut Urlettig</cmt>
		<desc>Abzweig Gut Urlettig</desc>
		<src>HessenForst</src>
	</wpt>
	<wpt lat="51.542017815577879" lon="9.4726472009165938">
		<name>KS-38</name>
		<cmt>Kurve Wald/Feldeinfahrt</cmt>
		<desc>Kurve Wald/Feldeinfahrt</desc>
		<src>HessenForst</src>
	</wpt>
	<wpt lat="50.160933357141069" lon="8.0788796444114386">
		<name>RÜD-152</name>
		<cmt>Bürgerhaus Adolfseck</cmt>
		<desc>Bürgerhaus Adolfseck</desc>
		<src>HessenForst</src>
	</wpt>
	<wpt lat="51.377132827003862" lon="9.526657031282733">
		<name>KS-563</name>
		<cmt>K 40 Simmershausen - Gut Eichenberg, erster fester Feldweg rechts</cmt>
		<desc>K 40 Simmershausen - Gut Eichenberg, erster fester Feldweg rechts</desc>
		<src>HessenForst</src>
	</wpt>
	<wpt lat="50.979553302546471" lon="9.6808399268295062">
		<name>HEF-40</name>
		<cmt>Erddeponie Stock</cmt>
		<desc>Erddeponie Stock</desc>
		<src>HessenForst</src>
	</wpt>
	<wpt lat="50.335157795759613" lon="8.3971406891555809">
		<name>HG-80</name>
		<cmt>Parkplatz "Christchenwiese"</cmt>
		<desc>Parkplatz "Christchenwiese"</desc>
		<src>HessenForst</src>
	</wpt>
	<wpt lat="50.901764880615367" lon="9.9813549924093135">
		<name>HEF-133</name>
		<cmt>Hexentanzplatz</cmt>
		<desc>Hexentanzplatz</desc>
		<src>HessenForst</src>
	</wpt>
	<wpt lat="51.212497188464212" lon="9.5504792980265218">
		<name>KS-444</name>
		<cmt>Stellbergsee</cmt>
		<desc>Stellbergsee</desc>
		<src>HessenForst</src>
	</wpt>
	<wpt lat="50.655729966489758" lon="9.2397931708094969">
		<name>VB-56</name>
		<cmt>Eingang Landgrafenschneise</cmt>
		<desc>Eingang Landgrafenschneise</desc>
		<src>HessenForst</src>
	</wpt>
	<wpt lat="50.993356683000087" lon="9.9153610966412433">
		<name>HEF-110</name>
		<cmt>Triesch</cmt>
		<desc>Triesch</desc>
		<src>HessenForst</src>
	</wpt>
	<wpt lat="50.901584376432538" lon="9.8757628320159316">
		<name>HEF-132</name>
		<cmt>An der Hand</cmt>
		<desc>An der Hand</desc>
		<src>HessenForst</src>
	</wpt>
	<wpt lat="50.727286269997748" lon="8.9603631609913528">
		<name>VB-101</name>
		<cmt>Rondienchen</cmt>
		<desc>Rondienchen</desc>
		<src>HessenForst</src>
	</wpt>
	<wpt lat="50.406687354007332" lon="8.6385401648550708">
		<name>FB-172</name>
		<cmt>Ortseingang Hoch - Weisel</cmt>
		<desc>Ortseingang Hoch - Weisel</desc>
		<src>HessenForst</src>
	</wpt>
	<wpt lat="50.806498447208845" lon="9.3142626637769759">
		<name>HR-927</name>
		<cmt>"Grünstück"</cmt>
		<desc>"Grünstück"</desc>
		<src>HessenForst</src>
	</wpt>
	<wpt lat="51.176387313987938" lon="9.471438749744717">
		<name>HR-107</name>
		<cmt>Waldrand hinter Sportplatz Ellenberg</cmt>
		<desc>Waldrand hinter Sportplatz Ellenberg</desc>
		<src>HessenForst</src>
	</wpt>
	<wpt lat="50.946292933402844" lon="9.0710293643677069">
		<name>HR-412</name>
		<cmt>Sportplatz Gilserberg</cmt>
		<desc>Sportplatz Gilserberg</desc>
		<src>HessenForst</src>
	</wpt>
	<wpt lat="49.614877994799564" lon="8.8670259515413115">
		<name>HP-429</name>
		<cmt>Sportplatz Wahlen</cmt>
		<desc>Sportplatz Wahlen</desc>
		<src>HessenForst</src>
	</wpt>
	<wpt lat="51.099325903425651" lon="9.5450443661241948">
		<name>HR-225</name>
		<cmt>Sommerberg</cmt>
		<desc>Sommerberg</desc>
		<src>HessenForst</src>
	</wpt>
	<wpt lat="51.08130775341882" lon="9.7762129859687175">
		<name>HR-241</name>
		<cmt>Herfelder Höhe</cmt>
		<desc>Herfelder Höhe</desc>
		<src>HessenForst</src>
	</wpt>
	<wpt lat="50.40254504170079" lon="8.4773543437525767">
		<name>HG-109</name>
		<cmt>Wellerstraße / Hasselbornerstraße</cmt>
		<desc>Wellerstraße / Hasselbornerstraße</desc>
		<src>HessenForst</src>
	</wpt>
	<wpt lat="50.980027841998279" lon="9.8682798314801321">
		<name>HEF-115</name>
		<cmt>Iba Bushaltestelle</cmt>
		<desc>Iba Bushaltestelle</desc>
		<src>HessenForst</src>
	</wpt>
	<wpt lat="50.636501055719918" lon="8.863631869188108">
		<name>GI-254</name>
		<cmt>Geilshausen</cmt>
		<desc>Geilshausen</desc>
		<src>HessenForst</src>
	</wpt>
	<wpt lat="51.241948350102923" lon="9.5539364814855929">
		<name>KS-426</name>
		<cmt>Umsetzer Wellerode</cmt>
		<desc>Umsetzer Wellerode</desc>
		<src>HessenForst</src>
	</wpt>
	<wpt lat="51.256604117416842" lon="9.5419409086257172">
		<name>KS-421</name>
		<cmt>Wasserbehälter Herchenbach</cmt>
		<desc>Wasserbehälter Herchenbach</desc>
		<src>HessenForst</src>
	</wpt>
	<wpt lat="50.928514934229639" lon="9.6912457607425644">
		<name>HEF-53</name>
		<cmt>Forsthaus Dieberg</cmt>
		<desc>Forsthaus Dieberg</desc>
		<src>HessenForst</src>
	</wpt>
	<wpt lat="50.3980183" lon="8.5533531936196976">
		<name>FB-179</name>
		<cmt>Straßenkreuzung Bodenrod / Michelbach</cmt>
		<desc>Straßenkreuzung Bodenrod / Michelbach</desc>
		<src>HessenForst</src>
	</wpt>
	<wpt lat="50.374901207280502" lon="8.4746798905319771">
		<name>HG-98</name>
		<cmt>links, geteerter Feldweg</cmt>
		<desc>links, geteerter Feldweg</desc>
		<src>HessenForst</src>
	</wpt>
	<wpt lat="50.315047805395317" lon="8.4507940844289244">
		<name>HG-75</name>
		<cmt>Parkplatz "Naturpark": Meerpfuhl</cmt>
		<desc>Parkplatz "Naturpark": Meerpfuhl</desc>
		<src>HessenForst</src>
	</wpt>
	<wpt lat="49.75310747370871" lon="8.8738679105037903">
		<name>ERB-148</name>
		<cmt>Waldeingang gegenüber Stegmühle</cmt>
		<desc>Waldeingang gegenüber Stegmühle</desc>
		<src>HessenForst</src>
	</wpt>
	<wpt lat="50.313870385580756" lon="8.41121712534928">
		<name>HG-71</name>
		<cmt>Parkplatz Friedhof Neuweilnau</cmt>
		<desc>Parkplatz Friedhof Neuweilnau</desc>
		<src>HessenForst</src>
	</wpt>
	<wpt lat="50.114672574279275" lon="7.854832667270272">
		<name>RÜD-354</name>
		<cmt>Feuerwehr Wollmerschied</cmt>
		<desc>Feuerwehr Wollmerschied</desc>
		<src>HessenForst</src>
	</wpt>
	<wpt lat="49.805435169764735" lon="8.9027202877766562">
		<name>DA-167</name>
		<cmt>Gasthaus "Schmelzmühle"</cmt>
		<desc>Gasthaus "Schmelzmühle"</desc>
		<src>HessenForst</src>
	</wpt>
	<wpt lat="50.364112797145026" lon="8.3707887552970437">
		<name>HG-102</name>
		<cmt>Sportplatz Emmershausen</cmt>
		<desc>Sportplatz Emmershausen</desc>
		<src>HessenForst</src>
	</wpt>
	<wpt lat="50.63989348825595" lon="9.2489053459068167">
		<name>VB-159</name>
		<cmt>Parkplatz Benderahl</cmt>
		<desc>Parkplatz Benderahl</desc>
		<src>HessenForst</src>
	</wpt>
	<wpt lat="50.736882332990184" lon="9.152244063861783">
		<name>VB-120</name>
		<cmt>Campingplatz</cmt>
		<desc>Campingplatz</desc>
		<src>HessenForst</src>
	</wpt>
	<wpt lat="50.355152811904858" lon="8.5112147222710615">
		<name>HG-124</name>
		<cmt>Abzweigung Eschbach / K 727</cmt>
		<desc>Abzweigung Eschbach / K 727</desc>
		<src>HessenForst</src>
	</wpt>
	<wpt lat="51.364049243802455" lon="9.9091157071588416">
		<name>ESW-144</name>
		<cmt>Waldeinfahrt unterhalb Amstein an der B 27</cmt>
		<desc>Waldeinfahrt unterhalb Amstein an der B 27</desc>
		<src>HessenForst</src>
	</wpt>
	<wpt lat="50.841096639544716" lon="8.4776133684018458">
		<name>MR-512</name>
		<cmt>Ortseingangsschild Niedereisenhausen aus Richtung Hommertshausen (L 3042)</cmt>
		<desc>Ortseingangsschild Niedereisenhausen aus Richtung Hommertshausen (L 3042)</desc>
		<src>HessenForst</src>
	</wpt>
	<wpt lat="50.888733946594336" lon="9.8888199642098353">
		<name>HEF-135</name>
		<cmt>Parkplatz Teichgraben</cmt>
		<desc>Parkplatz Teichgraben</desc>
		<src>HessenForst</src>
	</wpt>
	<wpt lat="51.238204540659332" lon="9.5834998605126938">
		<name>KS-427</name>
		<cmt>Sportplatz Wellerode</cmt>
		<desc>Sportplatz Wellerode</desc>
		<src>HessenForst</src>
	</wpt>
	<wpt lat="50.925577322381535" lon="9.121959185813477">
		<name>HR-417</name>
		<cmt>Wanderkiefer</cmt>
		<desc>Wanderkiefer</desc>
		<src>HessenForst</src>
	</wpt>
	<wpt lat="50.340102312504165" lon="8.3327461334409421">
		<name>HG-92</name>
		<cmt>Kreuzung Eisenbacherweg / Rennstraße</cmt>
		<desc>Kreuzung Eisenbacherweg / Rennstraße</desc>
		<src>HessenForst</src>
	</wpt>
	<wpt lat="51.299462800980578" lon="9.304031353807332">
		<name>KS-577</name>
		<cmt>L 3220 Ri. Ehlen, rechts Abzweig Lindenberg</cmt>
		<desc>L 3220 Ri. Ehlen, rechts Abzweig Lindenberg</desc>
		<src>HessenForst</src>
	</wpt>
	<wpt lat="50.947231802397589" lon="9.3653953587662198">
		<name>HR-868</name>
		<cmt>"Samtholz"</cmt>
		<desc>"Samtholz"</desc>
		<src>HessenForst</src>
	</wpt>
	<wpt lat="50.79355244508632" lon="9.2520406031830209">
		<name>VB-218</name>
		<cmt>Feldweg vor Walddistrikt "Pfaffenhecke"</cmt>
		<desc>Feldweg vor Walddistrikt "Pfaffenhecke"</desc>
		<src>HessenForst</src>
	</wpt>
	<wpt lat="50.969992887321979" lon="9.1091120919698465">
		<name>HR-336</name>
		<cmt>Parkplatz an B 3</cmt>
		<desc>Parkplatz an B 3</desc>
		<src>HessenForst</src>
	</wpt>
	<wpt lat="50.013528329759659" lon="7.9124954558838239">
		<name>RÜD-323</name>
		<cmt>Kuhtränker Kopf</cmt>
		<desc>Kuhtränker Kopf</desc>
		<src>HessenForst</src>
	</wpt>
	<wpt lat="50.375276392906812" lon="8.4475410901447621">
		<name>HG-99</name>
		<cmt>Ortsausgang Naunstadt</cmt>
		<desc>Ortsausgang Naunstadt</desc>
		<src>HessenForst</src>
	</wpt>
	<wpt lat="50.887652608132605" lon="9.1263795904537588">
		<name>HR-423</name>
		<cmt>Waldeiangang von Wiera kommend Richtung Mengsberg</cmt>
		<desc>Waldeiangang von Wiera kommend Richtung Mengsberg</desc>
		<src>HessenForst</src>
	</wpt>
	<wpt lat="50.910096463550083" lon="9.8848958988884839">
		<name>HEF-131</name>
		<cmt>Nadelöhr</cmt>
		<desc>Nadelöhr</desc>
		<src>HessenForst</src>
	</wpt>
	<wpt lat="50.747749001871973" lon="8.568909360053091">
		<name>MR-623</name>
		<cmt>Erdhausen, Kreisstr. Erdhausen/Rodenh., Ortsausgang, links</cmt>
		<desc>Erdhausen, Kreisstr. Erdhausen/Rodenh., Ortsausgang, links</desc>
		<src>HessenForst</src>
	</wpt>
	<wpt lat="49.741975211930139" lon="8.8248972231255536">
		<name>ERB-153</name>
		<cmt>Parkplatz Gasthaus Holunderhof</cmt>
		<desc>Parkplatz Gasthaus Holunderhof</desc>
		<src>HessenForst</src>
	</wpt>
	<wpt lat="51.112636648150769" lon="9.6921154017781816">
		<name>HR-219</name>
		<cmt>Lange Eiche</cmt>
		<desc>Lange Eiche</desc>
		<src>HessenForst</src>
	</wpt>
	<wpt lat="50.706950988380221" lon="9.1161985549373128">
		<name>VB-77</name>
		<cmt>Friedhof Ehringshausen</cmt>
		<desc>Friedhof Ehringshausen</desc>
		<src>HessenForst</src>
	</wpt>
	<wpt lat="50.320389255242908" lon="8.3732653078897812">
		<name>HG-81</name>
		<cmt>Cratzenbacherfeld,  Wegekeuzung, Jagdhäuser/Eichelbacherweg</cmt>
		<desc>Cratzenbacherfeld,  Wegekeuzung, Jagdhäuser/Eichelbacherweg</desc>
		<src>HessenForst</src>
	</wpt>
	<wpt lat="51.184996920324153" lon="9.5631150878038671">
		<name>HR-134</name>
		<cmt>Waldrand Ortsausg. - O Empfershausen</cmt>
		<desc>Waldrand Ortsausg. - O Empfershausen</desc>
		<src>HessenForst</src>
	</wpt>
	<wpt lat="50.994235900659248" lon="9.7658915706062785">
		<name>HEF-31</name>
		<cmt>Lispenhausen Bushaltestelle</cmt>
		<desc>Lispenhausen Bushaltestelle</desc>
		<src>HessenForst</src>
	</wpt>
	<wpt lat="50.331227366888847" lon="8.5932357534418458">
		<name>HG-135</name>
		<cmt>Naturpark Parkplatz "Am Jungholz"</cmt>
		<desc>Naturpark Parkplatz "Am Jungholz"</desc>
		<src>HessenForst</src>
	</wpt>
	<wpt lat="50.992081767830157" lon="9.0649948322101359">
		<name>HR-330</name>
		<cmt>Einfahrt Petershütte</cmt>
		<desc>Einfahrt Petershütte</desc>
		<src>HessenForst</src>
	</wpt>
	<wpt lat="51.036434002693063" lon="9.1475627578847547">
		<name>HR-47</name>
		<cmt>Parkplatz Teich Oberurff</cmt>
		<desc>Parkplatz Teich Oberurff</desc>
		<src>HessenForst</src>
	</wpt>
	<wpt lat="51.18010834104625" lon="9.1895721058842632">
		<name>KS-540</name>
		<cmt>In Heimarshausen an der Kirche vorbei durch Feld bis zum Waldeingang</cmt>
		<desc>In Heimarshausen an der Kirche vorbei durch Feld bis zum Waldeingang</desc>
		<src>HessenForst</src>
	</wpt>
	<wpt lat="50.393235757102943" lon="8.4886137706810363">
		<name>HG-107</name>
		<cmt>Jagdhaus  Ohly/ Honola</cmt>
		<desc>Jagdhaus  Ohly/ Honola</desc>
		<src>HessenForst</src>
	</wpt>
	<wpt lat="51.041399312289123" lon="9.2046285357437192">
		<name>HR-48</name>
		<cmt>Rotgrundwiese</cmt>
		<desc>Rotgrundwiese</desc>
		<src>HessenForst</src>
	</wpt>
	<wpt lat="50.158018836303413" lon="8.0674343660223098">
		<name>RÜD-151</name>
		<cmt>Ortseingang Lindschied</cmt>
		<desc>Ortseingang Lindschied</desc>
		<src>HessenForst</src>
	</wpt>
	<wpt lat="50.551370269100531" lon="9.1391979755186625">
		<name>VB-30</name>
		<cmt>Zufahrt Jugendwaldheim P. Hof</cmt>
		<desc>Zufahrt Jugendwaldheim P. Hof</desc>
		<src>HessenForst</src>
	</wpt>
	<wpt lat="51.110645533146432" lon="9.5183240434485477">
		<name>HR-130</name>
		<cmt>Parkplatz Ziegengrube</cmt>
		<desc>Parkplatz Ziegengrube</desc>
		<src>HessenForst</src>
	</wpt>
	<wpt lat="50.940450261444809" lon="9.0446492040246174">
		<name>HR-408</name>
		<cmt>Waldeingang Interessentenwald Gilserberg</cmt>
		<desc>Waldeingang Interessentenwald Gilserberg</desc>
		<src>HessenForst</src>
	</wpt>
	<wpt lat="51.024180965013073" lon="9.9103630480999385">
		<name>HEF-105</name>
		<cmt>Reichenberg</cmt>
		<desc>Reichenberg</desc>
		<src>HessenForst</src>
	</wpt>
	<wpt lat="50.95645341857437" lon="9.9966942743703768">
		<name>HEF-119</name>
		<cmt>Libenz</cmt>
		<desc>Libenz</desc>
		<src>HessenForst</src>
	</wpt>
	<wpt lat="50.32116950813532" lon="8.3872292939465609">
		<name>HG-79</name>
		<cmt>"Zollstock"</cmt>
		<desc>"Zollstock"</desc>
		<src>HessenForst</src>
	</wpt>
	<wpt lat="50.69388169106567" lon="8.6592150613737253">
		<name>GI-230</name>
		<cmt>Schmelzmühle</cmt>
		<desc>Schmelzmühle</desc>
		<src>HessenForst</src>
	</wpt>
	<wpt lat="50.776764932811524" lon="9.1786322697701319">
		<name>VB-225</name>
		<cmt>Feldweg zum Waldeingang "Totenweg"</cmt>
		<desc>Feldweg zum Waldeingang "Totenweg"</desc>
		<src>HessenForst</src>
	</wpt>
	<wpt lat="50.100736680693082" lon="9.4643692331933966">
		<name>MKK-321</name>
		<cmt>Gaststätte "Ziegelhütte" an L 3199</cmt>
		<desc>Gaststätte "Ziegelhütte" an L 3199</desc>
		<src>HessenForst</src>
	</wpt>
	<wpt lat="50.154672623893212" lon="8.4412671429098278">
		<name>MTK-43</name>
		<cmt>Parkplatz Am Reis, Kelkheim-Hornau</cmt>
		<desc>Parkplatz Am Reis, Kelkheim-Hornau</desc>
		<src>HessenForst</src>
	</wpt>
	<wpt lat="50.933445466494064" lon="8.8391536052946034">
		<name>MR-204</name>
		<cmt>Waldparkplatz Herrenweg</cmt>
		<desc>Waldparkplatz Herrenweg</desc>
		<src>HessenForst</src>
	</wpt>
	<wpt lat="50.777675889793137" lon="8.5408820384879398">
		<name>MR-612</name>
		<cmt>Römershausen, Kreisstr. Römersh./Runzh., Kreuzung Feldweg, ca. 400 m nach Ortsausgang</cmt>
		<desc>Römershausen, Kreisstr. Römersh./Runzh., Kreuzung Feldweg, ca. 400 m nach Ortsausgang</desc>
		<src>HessenForst</src>
	</wpt>
	<wpt lat="50.283309316918185" lon="8.334584678242944">
		<name>LM-251</name>
		<cmt>Parkplatz "Todtenkopf"</cmt>
		<desc>Parkplatz "Todtenkopf"</desc>
		<src>HessenForst</src>
	</wpt>
	<wpt lat="50.368657337555604" lon="8.4902094419740486">
		<name>HG-97</name>
		<cmt>Abfahrt Hundstadt</cmt>
		<desc>Abfahrt Hundstadt</desc>
		<src>HessenForst</src>
	</wpt>
	<wpt lat="50.701515360133179" lon="8.6137998148003909">
		<name>MR-635</name>
		<cmt>Weipoldshausen, Kreisstr. Altenvers/Kirchvers, Abzweigung nach Weipoltshausen</cmt>
		<desc>Weipoldshausen, Kreisstr. Altenvers/Kirchvers, Abzweigung nach Weipoltshausen</desc>
		<src>HessenForst</src>
	</wpt>
	<wpt lat="50.776552891904331" lon="8.4715498648729213">
		<name>MR-613</name>
		<cmt>Schlierbach, Verbindungsweg Schlierbach/Bottenh. am Aussiederlerhof Meißner,</cmt>
		<desc>Schlierbach, Verbindungsweg Schlierbach/Bottenh. am Aussiederlerhof Meißner,</desc>
		<src>HessenForst</src>
	</wpt>
	<wpt lat="51.250193384476688" lon="9.5899174350121505">
		<name>KS-448</name>
		<cmt>Kasselblick</cmt>
		<desc>Kasselblick</desc>
		<src>HessenForst</src>
	</wpt>
	<wpt lat="51.18800477157184" lon="9.5434371726650422">
		<name>HR-106</name>
		<cmt>Schwarzwald</cmt>
		<desc>Schwarzwald</desc>
		<src>HessenForst</src>
	</wpt>
	<wpt lat="51.148784691896445" lon="9.4677701962324754">
		<name>HR-119</name>
		<cmt>Parkpl. Ballhäuser Graben</cmt>
		<desc>Parkpl. Ballhäuser Graben</desc>
		<src>HessenForst</src>
	</wpt>
	<wpt lat="51.094024030017408" lon="9.7747171561473323">
		<name>HR-231</name>
		<cmt>Franzosenstraße</cmt>
		<desc>Franzosenstraße</desc>
		<src>HessenForst</src>
	</wpt>
	<wpt lat="51.219896108547644" lon="9.588629511846996">
		<name>KS-432</name>
		<cmt>Parkplaltz am Brand</cmt>
		<desc>Parkplaltz am Brand</desc>
		<src>HessenForst</src>
	</wpt>
	<wpt lat="50.754918148597078" lon="8.307895351277967">
		<name>LDK-392</name>
		<cmt>Dillenburg -&amp;gt; Nanzenbach; Parkplatz</cmt>
		<desc>Dillenburg -&amp;gt; Nanzenbach; Parkplatz</desc>
		<src>HessenForst</src>
	</wpt>
	<wpt lat="50.36156304774444" lon="8.6413150247325898">
		<name>FB-183</name>
		<cmt>Waldeinfahrt Vogeltal</cmt>
		<desc>Waldeinfahrt Vogeltal</desc>
		<src>HessenForst</src>
	</wpt>
	<wpt lat="51.184657557139424" lon="9.5266244926708339">
		<name>HR-105</name>
		<cmt>Trockene Mülmisch-Talbrücke</cmt>
		<desc>Trockene Mülmisch-Talbrücke</desc>
		<src>HessenForst</src>
	</wpt>
	<wpt lat="50.312204678229193" lon="8.2910943405445003">
		<name>LM-241</name>
		<cmt>Kirche Schwickershausen</cmt>
		<desc>Kirche Schwickershausen</desc>
		<src>HessenForst</src>
	</wpt>
	<wpt lat="51.221674256411205" lon="9.6060553556999562">
		<name>KS-433</name>
		<cmt>Parkplatz Franzosentriesch</cmt>
		<desc>Parkplatz Franzosentriesch</desc>
		<src>HessenForst</src>
	</wpt>
	<wpt lat="51.117457062369397" lon="9.7038158529557936">
		<name>HR-220</name>
		<cmt>Beieröde</cmt>
		<desc>Beieröde</desc>
		<src>HessenForst</src>
	</wpt>
	<wpt lat="50.786933774266089" lon="9.2730316290069155">
		<name>VB-217</name>
		<cmt>Waldeingang Mordwäldchen</cmt>
		<desc>Waldeingang Mordwäldchen</desc>
		<src>HessenForst</src>
	</wpt>
	<wpt lat="51.09389692624238" lon="9.6470722006771474">
		<name>HR-227</name>
		<cmt>Wanderparkplatz Schmachtenhagen</cmt>
		<desc>Wanderparkplatz Schmachtenhagen</desc>
		<src>HessenForst</src>
	</wpt>
	<wpt lat="50.762239381962644" lon="8.4972498651449833">
		<name>MR-616</name>
		<cmt>Wommelshausen, Kreisstr. Bad Endbach/Hütte Wommelshausen, Ortseingang, gegenüber Einfahrt Friedhof</cmt>
		<desc>Wommelshausen, Kreisstr. Bad Endbach/Hütte Wommelshausen, Ortseingang, gegenüber Einfahrt Friedhof</desc>
		<src>HessenForst</src>
	</wpt>
	<wpt lat="51.065323451370887" lon="9.6545212788265555">
		<name>HR-236</name>
		<cmt>Geidelbach</cmt>
		<desc>Geidelbach</desc>
		<src>HessenForst</src>
	</wpt>
	<wpt lat="50.845785449793738" lon="9.4028580141199072">
		<name>HR-930</name>
		<cmt>Waldecke Luttershain</cmt>
		<desc>Waldecke Luttershain</desc>
		<src>HessenForst</src>
	</wpt>
	<wpt lat="51.345554000921261" lon="9.5423378564348624">
		<name>KS-567</name>
		<cmt>Kassel-Wolfsanger zur Hasenhecke, nicht ins Wohngebiet, Feldweg geradeaus bis nächste Kreuzung</cmt>
		<desc>Kassel-Wolfsanger zur Hasenhecke, nicht ins Wohngebiet, Feldweg geradeaus bis nächste Kreuzung</desc>
		<src>HessenForst</src>
	</wpt>
	<wpt lat="51.136431168430349" lon="9.6557882187028969">
		<name>HR-206</name>
		<cmt>Gehegestr. Abzweig Forsthaus</cmt>
		<desc>Gehegestr. Abzweig Forsthaus</desc>
		<src>HessenForst</src>
	</wpt>
	<wpt lat="50.420201931875368" lon="8.6536625711826645">
		<name>FB-166</name>
		<cmt>Parkplatz "Alter Kalk"</cmt>
		<desc>Parkplatz "Alter Kalk"</desc>
		<src>HessenForst</src>
	</wpt>
	<wpt lat="50.124611911067305" lon="8.0823293804766561">
		<name>RÜD-144</name>
		<cmt>Roter Stein</cmt>
		<desc>Roter Stein</desc>
		<src>HessenForst</src>
	</wpt>
	<wpt lat="50.288014255379409" lon="8.3854428074956679">
		<name>HG-72</name>
		<cmt>"Mauloffer Kurve"</cmt>
		<desc>"Mauloffer Kurve"</desc>
		<src>HessenForst</src>
	</wpt>
	<wpt lat="50.670457502819886" lon="8.5885210567165924">
		<name>GI-216</name>
		<cmt>Wilsberg</cmt>
		<desc>Wilsberg</desc>
		<src>HessenForst</src>
	</wpt>
	<wpt lat="50.80484235827776" lon="9.5970287684520983">
		<name>HEF-333</name>
		<cmt>Bushaltestelle Niederaula / Friedhof</cmt>
		<desc>Bushaltestelle Niederaula / Friedhof</desc>
		<src>HessenForst</src>
	</wpt>
	<wpt lat="50.668562336147353" lon="8.9695876389178224">
		<name>VB-71</name>
		<cmt>Sportplatz Weitershain</cmt>
		<desc>Sportplatz Weitershain</desc>
		<src>HessenForst</src>
	</wpt>
	<wpt lat="51.140009660087102" lon="9.599417433544394">
		<name>HR-148</name>
		<cmt>Waldeingang Schäfersgraben</cmt>
		<desc>Waldeingang Schäfersgraben</desc>
		<src>HessenForst</src>
	</wpt>
	<wpt lat="50.357149995930229" lon="8.4263703113716275">
		<name>HG-95</name>
		<cmt>Sportplatz Laubach</cmt>
		<desc>Sportplatz Laubach</desc>
		<src>HessenForst</src>
	</wpt>
	<wpt lat="50.976599196664964" lon="9.8159949591992817">
		<name>HEF-41</name>
		<cmt>Bahnhäuschen Gilfershausen</cmt>
		<desc>Bahnhäuschen Gilfershausen</desc>
		<src>HessenForst</src>
	</wpt>
	<wpt lat="50.430136664718347" lon="9.2651597445295906">
		<name>FB-126</name>
		<cmt>Waldeingang</cmt>
		<desc>Waldeingang</desc>
		<src>HessenForst</src>
	</wpt>
	<wpt lat="50.275041258428374" lon="8.5309371237973437">
		<name>HG-154</name>
		<cmt>Haupteingang Hessenpark</cmt>
		<desc>Haupteingang Hessenpark</desc>
		<src>HessenForst</src>
	</wpt>
	<wpt lat="50.641133983232486" lon="8.5409065596356886">
		<name>GI-205</name>
		<cmt>Forsthaus Königsberg</cmt>
		<desc>Forsthaus Königsberg</desc>
		<src>HessenForst</src>
	</wpt>
	<wpt lat="50.772680809512039" lon="9.1431999426907247">
		<name>VB-130</name>
		<cmt>Waldeingang</cmt>
		<desc>Waldeingang</desc>
		<src>HessenForst</src>
	</wpt>
	<wpt lat="50.038917251150522" lon="8.0286559342544344">
		<name>RÜD-365</name>
		<cmt>Revierförsterei Hallgarten</cmt>
		<desc>Revierförsterei Hallgarten</desc>
		<src>HessenForst</src>
	</wpt>
	<wpt lat="50.956515669170734" lon="9.4128890686248923">
		<name>HR-865</name>
		<cmt>"Blattscheide"</cmt>
		<desc>"Blattscheide"</desc>
		<src>HessenForst</src>
	</wpt>
	<wpt lat="50.748769478097223" lon="8.5308680066449227">
		<name>MR-624</name>
		<cmt>Weidenhausen, B 255 Weidenh./Oberweidb., Einf. zum Herrenhölzchen</cmt>
		<desc>Weidenhausen, B 255 Weidenh./Oberweidb., Einf. zum Herrenhölzchen</desc>
		<src>HessenForst</src>
	</wpt>
	<wpt lat="50.783446231612643" lon="9.1159424415222734">
		<name>VB-124</name>
		<cmt>Waldeingang</cmt>
		<desc>Waldeingang</desc>
		<src>HessenForst</src>
	</wpt>
	<wpt lat="50.303549837850937" lon="8.3733071724409438">
		<name>HG-74</name>
		<cmt>"3 Eichen"</cmt>
		<desc>"3 Eichen"</desc>
		<src>HessenForst</src>
	</wpt>
	<wpt lat="50.765044238549628" lon="8.6123727863739639">
		<name>MR-615</name>
		<cmt>Rüchenbach, B 255 Gladenbach/Willersh., Rüchenbacher Kreuz</cmt>
		<desc>Rüchenbach, B 255 Gladenbach/Willersh., Rüchenbacher Kreuz</desc>
		<src>HessenForst</src>
	</wpt>
	<wpt lat="50.753775113400728" lon="9.1037077559981991">
		<name>VB-122</name>
		<cmt>"Heideberg"</cmt>
		<desc>"Heideberg"</desc>
		<src>HessenForst</src>
	</wpt>
	<wpt lat="50.31620553195917" lon="8.4205435093161345">
		<name>HG-76</name>
		<cmt>Dorfplatz Altweilnau</cmt>
		<desc>Dorfplatz Altweilnau</desc>
		<src>HessenForst</src>
	</wpt>
	<wpt lat="50.319785956422557" lon="8.4139786557259519">
		<name>HG-77</name>
		<cmt>Erbismühle</cmt>
		<desc>Erbismühle</desc>
		<src>HessenForst</src>
	</wpt>
	<wpt lat="50.275402703412887" lon="8.6657851009329967">
		<name>FB-191</name>
		<cmt>BAB 5</cmt>
		<desc>BAB 5</desc>
		<src>HessenForst</src>
	</wpt>
	<wpt lat="50.608892809389616" lon="9.0102294364445239">
		<name>VB-47</name>
		<cmt>Flensunger Kopf</cmt>
		<desc>Flensunger Kopf</desc>
		<src>HessenForst</src>
	</wpt>
	<wpt lat="49.642002862504761" lon="8.9130205267713123">
		<name>ERB-4</name>
		<cmt>Parkplatz Wasserbehälter Zigeunerstock</cmt>
		<desc>Parkplatz Wasserbehälter Zigeunerstock</desc>
		<src>HessenForst</src>
	</wpt>
	<wpt lat="51.075511007318944" lon="9.8604226614396566">
		<name>ESW-56</name>
		<cmt>Sportplatz Heyerode / Diemerode</cmt>
		<desc>Sportplatz Heyerode / Diemerode</desc>
		<src>HessenForst</src>
	</wpt>
	<wpt lat="50.161439815511933" lon="8.0533926745309667">
		<name>RÜD-150</name>
		<cmt>Sportplatz Lindschied</cmt>
		<desc>Sportplatz Lindschied</desc>
		<src>HessenForst</src>
	</wpt>
	<wpt lat="51.130617445118894" lon="9.579944636518718">
		<name>HR-152</name>
		<cmt>Einfahrt Fischteiche</cmt>
		<desc>Einfahrt Fischteiche</desc>
		<src>HessenForst</src>
	</wpt>
	<wpt lat="50.788996609802268" lon="8.5117708108752979">
		<name>MR-607</name>
		<cmt>Dernbach, Kreisstr. Rachelsh./Bottenlhorn, Abzw. Dernbach, Landratskreuz</cmt>
		<desc>Dernbach, Kreisstr. Rachelsh./Bottenlhorn, Abzw. Dernbach, Landratskreuz</desc>
		<src>HessenForst</src>
	</wpt>
	<wpt lat="50.10312840588464" lon="8.0303431077544492">
		<name>RÜD-140</name>
		<cmt>Parkplatz am Bürgerhaus</cmt>
		<desc>Parkplatz am Bürgerhaus</desc>
		<src>HessenForst</src>
	</wpt>
	<wpt lat="50.320634845554125" lon="8.3530335703328937">
		<name>HG-82</name>
		<cmt>Eichelbacher-Hof</cmt>
		<desc>Eichelbacher-Hof</desc>
		<src>HessenForst</src>
	</wpt>
	<wpt lat="51.106862945238703" lon="9.5858804855484969">
		<name>HR-212</name>
		<cmt>Schnellbahntrasse Wildsberg West</cmt>
		<desc>Schnellbahntrasse Wildsberg West</desc>
		<src>HessenForst</src>
	</wpt>
	<wpt lat="51.096137687779297" lon="10.044575818506704">
		<name>ESW-62</name>
		<cmt>K 24, Röhrda Richtung Grandenborn, am Wald-eingang 1. Weg rechts</cmt>
		<desc>K 24, Röhrda Richtung Grandenborn, am Wald-eingang 1. Weg rechts</desc>
		<src>HessenForst</src>
	</wpt>
	<wpt lat="50.693218113608403" lon="8.9827834503240815">
		<name>VB-103</name>
		<cmt>Feldscheune Schadenbach</cmt>
		<desc>Feldscheune Schadenbach</desc>
		<src>HessenForst</src>
	</wpt>
	<wpt lat="51.051509273404179" lon="9.8182482875041508">
		<name>HEF-7</name>
		<cmt>Rittershain</cmt>
		<desc>Rittershain</desc>
		<src>HessenForst</src>
	</wpt>
	<wpt lat="50.331019437627738" lon="8.6269174286594907">
		<name>HG-133</name>
		<cmt>Parkplatz am Reitplatz Pfaffenwiesbach</cmt>
		<desc>Parkplatz am Reitplatz Pfaffenwiesbach</desc>
		<src>HessenForst</src>
	</wpt>
	<wpt lat="50.590773762931391" lon="8.9817665637193613">
		<name>GI-107</name>
		<cmt>Arbeiterwohlfahrt Grünberg</cmt>
		<desc>Arbeiterwohlfahrt Grünberg</desc>
		<src>HessenForst</src>
	</wpt>
	<wpt lat="50.928938767620693" lon="9.0850343501029656">
		<name>HR-413</name>
		<cmt>Anhöhe zw. Sachsenhausen und Appenheim</cmt>
		<desc>Anhöhe zw. Sachsenhausen und Appenheim</desc>
		<src>HessenForst</src>
	</wpt>
	<wpt lat="50.782103269462262" lon="9.2180969039837795">
		<name>VB-223</name>
		<cmt>Waldeingang Hengelberg</cmt>
		<desc>Waldeingang Hengelberg</desc>
		<src>HessenForst</src>
	</wpt>
	<wpt lat="49.788225287941927" lon="8.8026106607763523">
		<name>DA-172</name>
		<cmt>Bocksmühle</cmt>
		<desc>Bocksmühle</desc>
		<src>HessenForst</src>
	</wpt>
	<wpt lat="50.680515889428492" lon="9.254957363996196">
		<name>VB-146</name>
		<cmt>Waldeingang</cmt>
		<desc>Waldeingang</desc>
		<src>HessenForst</src>
	</wpt>
	<wpt lat="50.340769475583009" lon="8.6177332461842546">
		<name>HG-132</name>
		<cmt>Ortseingang Friedrichsthal, aus Richtung Pfaffenwiesbach</cmt>
		<desc>Ortseingang Friedrichsthal, aus Richtung Pfaffenwiesbach</desc>
		<src>HessenForst</src>
	</wpt>
	<wpt lat="51.158494370120188" lon="9.6484174843348427">
		<name>HR-201</name>
		<cmt>Waldeingang zum Paularsch</cmt>
		<desc>Waldeingang zum Paularsch</desc>
		<src>HessenForst</src>
	</wpt>
	<wpt lat="51.0710447592094" lon="9.4595773625796564">
		<name>HR-166</name>
		<cmt>Kehrenberg</cmt>
		<desc>Kehrenberg</desc>
		<src>HessenForst</src>
	</wpt>
	<wpt lat="50.392115445141783" lon="8.5905140541696152">
		<name>FB-178</name>
		<cmt>Vor Jugendgästehaus Hubertus</cmt>
		<desc>Vor Jugendgästehaus Hubertus</desc>
		<src>HessenForst</src>
	</wpt>
	<wpt lat="50.978635532905578" lon="8.9388312275179835">
		<name>KB-846</name>
		<cmt>Abzweig Hainkopfweg</cmt>
		<desc>Abzweig Hainkopfweg</desc>
		<src>HessenForst</src>
	</wpt>
	<wpt lat="51.155036026608791" lon="9.4866622135668504">
		<name>HR-118</name>
		<cmt>Lotzenecke</cmt>
		<desc>Lotzenecke</desc>
		<src>HessenForst</src>
	</wpt>
	<wpt lat="50.132603280396914" lon="8.0622308689920619">
		<name>RÜD-143</name>
		<cmt>Minigolfplatz</cmt>
		<desc>Minigolfplatz</desc>
		<src>HessenForst</src>
	</wpt>
	<wpt lat="51.112209480174364" lon="9.7377429480428521">
		<name>HR-222</name>
		<cmt>Sportplatz Pfieffe</cmt>
		<desc>Sportplatz Pfieffe</desc>
		<src>HessenForst</src>
	</wpt>
	<wpt lat="51.160498625368305" lon="9.452950118085278">
		<name>HR-116</name>
		<cmt>Waldeingang Roter Busch</cmt>
		<desc>Waldeingang Roter Busch</desc>
		<src>HessenForst</src>
	</wpt>
	<wpt lat="50.857823474341956" lon="9.9454041475976513">
		<name>HEF-141</name>
		<cmt>Forsthaus Heimboldshausen</cmt>
		<desc>Forsthaus Heimboldshausen</desc>
		<src>HessenForst</src>
	</wpt>
	<wpt lat="50.900564100556664" lon="9.1687826036576485">
		<name>HR-421</name>
		<cmt>Verlängerung Ulrichweg, Waldeingang Igelsheide</cmt>
		<desc>Verlängerung Ulrichweg, Waldeingang Igelsheide</desc>
		<src>HessenForst</src>
	</wpt>
	<wpt lat="50.742027798594577" lon="9.1167131094023048">
		<name>VB-118</name>
		<cmt>Bölz</cmt>
		<desc>Bölz</desc>
		<src>HessenForst</src>
	</wpt>
	<wpt lat="50.657525032252749" lon="9.1051133325855957">
		<name>VB-60</name>
		<cmt>Brücker Wald</cmt>
		<desc>Brücker Wald</desc>
		<src>HessenForst</src>
	</wpt>
	<wpt lat="50.832350334966975" lon="8.4896735180705303">
		<name>MR-518</name>
		<cmt>Ortsausgangsschild Obereisenhausen Richtung Holzhausen (am Brunnen in der Ortsmitte steil hoch)</cmt>
		<desc>Ortsausgangsschild Obereisenhausen Richtung Holzhausen (am Brunnen in der Ortsmitte steil hoch)</desc>
		<src>HessenForst</src>
	</wpt>
	<wpt lat="49.791317199410827" lon="8.9751117239806675">
		<name>ERB-111</name>
		<cmt>Meisertskopf</cmt>
		<desc>Meisertskopf</desc>
		<src>HessenForst</src>
	</wpt>
	<wpt lat="50.711307718046562" lon="9.2013810049200373">
		<name>VB-140</name>
		<cmt>Waldeingang am "Brödler"</cmt>
		<desc>Waldeingang am "Brödler"</desc>
		<src>HessenForst</src>
	</wpt>
	<wpt lat="50.98790117457952" lon="9.0763437235859659">
		<name>HR-404</name>
		<cmt>Altes Forstamt Schönstein</cmt>
		<desc>Altes Forstamt Schönstein</desc>
		<src>HessenForst</src>
	</wpt>
	<wpt lat="50.622004506354173" lon="9.2235495049133949">
		<name>VB-57</name>
		<cmt>Siedlungsland Köddingen</cmt>
		<desc>Siedlungsland Köddingen</desc>
		<src>HessenForst</src>
	</wpt>
	<wpt lat="50.932759845185757" lon="9.0354937537033475">
		<name>HR-442</name>
		<cmt>B3/Hohe Warte</cmt>
		<desc>B3/Hohe Warte</desc>
		<src>HessenForst</src>
	</wpt>
	<wpt lat="49.798545887572253" lon="8.8895905729684692">
		<name>DA-162</name>
		<cmt>Kreuzstraße</cmt>
		<desc>Kreuzstraße</desc>
		<src>HessenForst</src>
	</wpt>
	<wpt lat="49.636726227145935" lon="8.7974547263964684">
		<name>HP-255</name>
		<cmt>Trommhäuschen</cmt>
		<desc>Trommhäuschen</desc>
		<src>HessenForst</src>
	</wpt>
	<wpt lat="51.07977448116997" lon="9.7070371974351239">
		<name>HR-239</name>
		<cmt>Metzebacher Höhe</cmt>
		<desc>Metzebacher Höhe</desc>
		<src>HessenForst</src>
	</wpt>
	<wpt lat="50.886150343004857" lon="9.4914168794476694">
		<name>HR-942</name>
		<cmt>Eisenberg</cmt>
		<desc>Eisenberg</desc>
		<src>HessenForst</src>
	</wpt>
	<wpt lat="50.853620044217614" lon="9.4556280751961932">
		<name>HR-946</name>
		<cmt>Katzbach</cmt>
		<desc>Katzbach</desc>
		<src>HessenForst</src>
	</wpt>
	<wpt lat="50.835375851030939" lon="9.4530338068895574">
		<name>HR-948</name>
		<cmt>Häuserwald</cmt>
		<desc>Häuserwald</desc>
		<src>HessenForst</src>
	</wpt>
	<wpt lat="50.823306803754555" lon="9.451897131864019">
		<name>HR-949</name>
		<cmt>Rimberg</cmt>
		<desc>Rimberg</desc>
		<src>HessenForst</src>
	</wpt>
	<wpt lat="51.431745812783376" lon="9.2603040782640402">
		<name>KS-609</name>
		<cmt>Von Oberlistingen links K 86 Richtung Gut Sieberhausen (oberhalb)</cmt>
		<desc>Von Oberlistingen links K 86 Richtung Gut Sieberhausen (oberhalb)</desc>
		<src>HessenForst</src>
	</wpt>
	<wpt lat="49.731309628659417" lon="8.8148377072418835">
		<name>ERB-154</name>
		<cmt>Parkplaltz Hofgut Rodenstein</cmt>
		<desc>Parkplaltz Hofgut Rodenstein</desc>
		<src>HessenForst</src>
	</wpt>
	<wpt lat="50.728879170268378" lon="9.2369813292283691">
		<name>VB-139</name>
		<cmt>ehem. Liedersbacher Sportplatz</cmt>
		<desc>ehem. Liedersbacher Sportplatz</desc>
		<src>HessenForst</src>
	</wpt>
	<wpt lat="50.820180569303581" lon="9.208578999845157">
		<name>VB-214</name>
		<cmt>nach Fischbacher Kreuz die nächste Abfahrt Richtung Fischbach</cmt>
		<desc>nach Fischbacher Kreuz die nächste Abfahrt Richtung Fischbach</desc>
		<src>HessenForst</src>
	</wpt>
	<wpt lat="51.099052877934945" lon="9.6381571627560287">
		<name>HR-226</name>
		<cmt>Feldscheune Schmachtenhagen</cmt>
		<desc>Feldscheune Schmachtenhagen</desc>
		<src>HessenForst</src>
	</wpt>
	<wpt lat="51.077100301564855" lon="9.4439228971673561">
		<name>HR-167</name>
		<cmt>Wippershöhe</cmt>
		<desc>Wippershöhe</desc>
		<src>HessenForst</src>
	</wpt>
	<wpt lat="50.45581216705348" lon="8.6116116031807568">
		<name>FB-163</name>
		<cmt>Straßenkreuzung Ortseingang Ebersgöns</cmt>
		<desc>Straßenkreuzung Ortseingang Ebersgöns</desc>
		<src>HessenForst</src>
	</wpt>
	<wpt lat="50.37048832977316" lon="8.4296108139713208">
		<name>HG-100</name>
		<cmt>Kalte Gräben / Hohe Staße</cmt>
		<desc>Kalte Gräben / Hohe Staße</desc>
		<src>HessenForst</src>
	</wpt>
	<wpt lat="50.390272745892084" lon="8.4296048183315442">
		<name>HG-112</name>
		<cmt>Friedhof  Mönstadt</cmt>
		<desc>Friedhof  Mönstadt</desc>
		<src>HessenForst</src>
	</wpt>
	<wpt lat="50.744637658464114" lon="8.5512353070032638">
		<name>MR-625</name>
		<cmt>Erdhausen, Kreisstr. Erdhausen/Rodenh., ca. 2 km nach Ortsausgang, Parkplatz</cmt>
		<desc>Erdhausen, Kreisstr. Erdhausen/Rodenh., ca. 2 km nach Ortsausgang, Parkplatz</desc>
		<src>HessenForst</src>
	</wpt>
	<wpt lat="49.627672676162845" lon="8.8589822376909311">
		<name>HP-430</name>
		<cmt>Gras-Ellenbach, Nibelungenhalle</cmt>
		<desc>Gras-Ellenbach, Nibelungenhalle</desc>
		<src>HessenForst</src>
	</wpt>
	<wpt lat="50.058780934731985" lon="7.9101705111177933">
		<name>RÜD-341</name>
		<cmt>P Weißenthurm</cmt>
		<desc>P Weißenthurm</desc>
		<src>HessenForst</src>
	</wpt>
	<wpt lat="50.962106429978022" lon="9.8355948169639564">
		<name>HEF-46</name>
		<cmt>Silzerbach</cmt>
		<desc>Silzerbach</desc>
		<src>HessenForst</src>
	</wpt>
	<wpt lat="50.660910002905588" lon="9.1249831997681454">
		<name>VB-74</name>
		<cmt>Ermenrod-Elpenrod, Abzweig Hainbach</cmt>
		<desc>Ermenrod-Elpenrod, Abzweig Hainbach</desc>
		<src>HessenForst</src>
	</wpt>
	<wpt lat="50.178554162802435" lon="9.0268893380021602">
		<name>MKK-120</name>
		<cmt>Feurwehr Langenselbold</cmt>
		<desc>Feurwehr Langenselbold</desc>
		<src>HessenForst</src>
	</wpt>
	<wpt lat="49.793832531486601" lon="8.9342727526993375">
		<name>ERB-113</name>
		<cmt>Sportplatz</cmt>
		<desc>Sportplatz</desc>
		<src>HessenForst</src>
	</wpt>
	<wpt lat="50.497721993018608" lon="9.2139233074834159">
		<name>VB-86</name>
		<cmt>Parkplatz Segelflugplatz</cmt>
		<desc>Parkplatz Segelflugplatz</desc>
		<src>HessenForst</src>
	</wpt>
	<wpt lat="51.470828004377843" lon="9.6148010897496388">
		<name>KS-206</name>
		<cmt>Forsthaus Ahletal</cmt>
		<desc>Forsthaus Ahletal</desc>
		<src>HessenForst</src>
	</wpt>
	<wpt lat="51.172315916121647" lon="9.6665751820511883">
		<name>HR-144</name>
		<cmt>Waldeingang beim Alten Forsthaus</cmt>
		<desc>Waldeingang beim Alten Forsthaus</desc>
		<src>HessenForst</src>
	</wpt>
	<wpt lat="50.442779841434664" lon="8.6996106514831091">
		<name>FB-162</name>
		<cmt>B 488 Zufahrt Aussiedlerhöfe</cmt>
		<desc>B 488 Zufahrt Aussiedlerhöfe</desc>
		<src>HessenForst</src>
	</wpt>
	<wpt lat="51.004028457479571" lon="9.8322394944746119">
		<name>HEF-25</name>
		<cmt>Braunhausen Bushaltestelle</cmt>
		<desc>Braunhausen Bushaltestelle</desc>
		<src>HessenForst</src>
	</wpt>
	<wpt lat="50.148297656216052" lon="8.1235459258884042">
		<name>RÜD-219</name>
		<cmt>P Laubach</cmt>
		<desc>P Laubach</desc>
		<src>HessenForst</src>
	</wpt>
	<wpt lat="50.989526130957195" lon="9.05682395606682">
		<name>HR-401</name>
		<cmt>Parkplatz Jeust</cmt>
		<desc>Parkplatz Jeust</desc>
		<src>HessenForst</src>
	</wpt>
	<wpt lat="50.637413264271615" lon="8.6369047457501562">
		<name>GI-218</name>
		<cmt>Krofdorf</cmt>
		<desc>Krofdorf</desc>
		<src>HessenForst</src>
	</wpt>
	<wpt lat="50.601076693597186" lon="8.8462261015556152">
		<name>GI-127</name>
		<cmt>L 3129 Abzweig Kreismülldeponie</cmt>
		<desc>L 3129 Abzweig Kreismülldeponie</desc>
		<src>HessenForst</src>
	</wpt>
	<wpt lat="51.165355106114845" lon="9.5509684459434929">
		<name>HR-115</name>
		<cmt>Waldeingang Vierbuchenweg</cmt>
		<desc>Waldeingang Vierbuchenweg</desc>
		<src>HessenForst</src>
	</wpt>
	<wpt lat="50.952200083611523" lon="9.3463635096020017">
		<name>HR-869</name>
		<cmt>Ringsberg</cmt>
		<desc>Ringsberg</desc>
		<src>HessenForst</src>
	</wpt>
	<wpt lat="50.768397000826923" lon="8.5641286289289624">
		<name>MR-614</name>
		<cmt>Kehlnbach, Kreisstr. Galdenbalch/Kehlnbach, 150 m vor Ortseingang, Kreuzung</cmt>
		<desc>Kehlnbach, Kreisstr. Galdenbalch/Kehlnbach, 150 m vor Ortseingang, Kreuzung</desc>
		<src>HessenForst</src>
	</wpt>
	<wpt lat="50.98046530507925" lon="9.3660330912693261">
		<name>HR-862</name>
		<cmt>Bushaltestelle Siebertshausen</cmt>
		<desc>Bushaltestelle Siebertshausen</desc>
		<src>HessenForst</src>
	</wpt>
	<wpt lat="50.942354680829574" lon="9.8823911923388295">
		<name>HEF-125</name>
		<cmt>Ziebach</cmt>
		<desc>Ziebach</desc>
		<src>HessenForst</src>
	</wpt>
	<wpt lat="50.787110442354177" lon="8.5398231485953229">
		<name>MR-608</name>
		<cmt>Rachelshausen, Kreisstr. Runzh./Römersh., nach 1,5 km Kreuzung Feldweg</cmt>
		<desc>Rachelshausen, Kreisstr. Runzh./Römersh., nach 1,5 km Kreuzung Feldweg</desc>
		<src>HessenForst</src>
	</wpt>
	<wpt lat="50.686232996403575" lon="9.0932667161813008">
		<name>VB-78</name>
		<cmt>Otterb.-Hainbach WaWe links</cmt>
		<desc>Otterb.-Hainbach WaWe links</desc>
		<src>HessenForst</src>
	</wpt>
	<wpt lat="50.625652388406124" lon="9.0135323385442767">
		<name>VB-64</name>
		<cmt>Waldeingang Linnes Merlau</cmt>
		<desc>Waldeingang Linnes Merlau</desc>
		<src>HessenForst</src>
	</wpt>
	<wpt lat="50.789372286260864" lon="8.3674333423534364">
		<name>LDK-395</name>
		<cmt>L3362 Parkplatz Sportplatz Eiershausen</cmt>
		<desc>L3362 Parkplatz Sportplatz Eiershausen</desc>
		<src>HessenForst</src>
	</wpt>
	<wpt lat="50.764014623697577" lon="8.3712167589680195">
		<name>LDK-381</name>
		<cmt>L3042 Bahnhof Herrnberg</cmt>
		<desc>L3042 Bahnhof Herrnberg</desc>
		<src>HessenForst</src>
	</wpt>
	<wpt lat="50.70396113066036" lon="8.961577506537024">
		<name>VB-102</name>
		<cmt>Waldeingang an der langen Wiese</cmt>
		<desc>Waldeingang an der langen Wiese</desc>
		<src>HessenForst</src>
	</wpt>
	<wpt lat="50.648901615819121" lon="8.7511421704138037">
		<name>GI-235</name>
		<cmt>Künzel</cmt>
		<desc>Künzel</desc>
		<src>HessenForst</src>
	</wpt>
	<wpt lat="49.632877281800333" lon="8.791918409253487">
		<name>HP-211</name>
		<cmt>Waldeingang Nußwiese oberhalb Fahrenbach</cmt>
		<desc>Waldeingang Nußwiese oberhalb Fahrenbach</desc>
		<src>HessenForst</src>
	</wpt>
	<wpt lat="49.791728876715403" lon="8.8297135034864791">
		<name>DA-161</name>
		<cmt>Grillhütte Zimmerruhe</cmt>
		<desc>Grillhütte Zimmerruhe</desc>
		<src>HessenForst</src>
	</wpt>
	<wpt lat="50.226650669489835" lon="8.3481786314760154">
		<name>RÜD-254</name>
		<cmt>Parkplatz Gebück</cmt>
		<desc>Parkplatz Gebück</desc>
		<src>HessenForst</src>
	</wpt>
	<wpt lat="51.119650153402787" lon="10.004404022930821">
		<name>ESW-63</name>
		<cmt>westlich  Datterode</cmt>
		<desc>westlich  Datterode</desc>
		<src>HessenForst</src>
	</wpt>
	<wpt lat="50.010501498937657" lon="7.9508219991592135">
		<name>RÜD-334</name>
		<cmt>Kloster Marienthal</cmt>
		<desc>Kloster Marienthal</desc>
		<src>HessenForst</src>
	</wpt>
	<wpt lat="50.712712917146625" lon="9.2414477666280295">
		<name>VB-144</name>
		<cmt>Kirche</cmt>
		<desc>Kirche</desc>
		<src>HessenForst</src>
	</wpt>
	<wpt lat="51.162080924706011" lon="9.6242481350174849">
		<name>HR-141</name>
		<cmt>Wegekreuz Schlossbergweg</cmt>
		<desc>Wegekreuz Schlossbergweg</desc>
		<src>HessenForst</src>
	</wpt>
	<wpt lat="50.80831687577281" lon="9.3416299083897201">
		<name>HR-928</name>
		<cmt>Eingang Depot</cmt>
		<desc>Eingang Depot</desc>
		<src>HessenForst</src>
	</wpt>
	<wpt lat="50.84562334496357" lon="8.7106962377181194">
		<name>MR-403</name>
		<cmt>Kirche</cmt>
		<desc>Kirche</desc>
		<src>HessenForst</src>
	</wpt>
	<wpt lat="50.711980084250676" lon="8.6679080739514678">
		<name>MR-441</name>
		<cmt>Nördlicher Ortsausgang von Oberwalgern an der Straße Richtung Damm (L 3048)</cmt>
		<desc>Nördlicher Ortsausgang von Oberwalgern an der Straße Richtung Damm (L 3048)</desc>
		<src>HessenForst</src>
	</wpt>
	<wpt lat="51.130329706838467" lon="9.7790934298956476">
		<name>ESW-33</name>
		<cmt>Einfahrt Eisburg</cmt>
		<desc>Einfahrt Eisburg</desc>
		<src>HessenForst</src>
	</wpt>
	<wpt lat="49.901121479577654" lon="8.9945830527715085">
		<name>DA-335</name>
		<cmt>Aussiedlerhof "Tannenhof"</cmt>
		<desc>Aussiedlerhof "Tannenhof"</desc>
		<src>HessenForst</src>
	</wpt>
	<wpt lat="51.204347382145912" lon="9.6069555876755057">
		<name>KS-437</name>
		<cmt>Ölberg</cmt>
		<desc>Ölberg</desc>
		<src>HessenForst</src>
	</wpt>
	<wpt lat="50.438093376950441" lon="8.2077817785777416">
		<name>LM-323</name>
		<cmt>Wasserhochbehälter</cmt>
		<desc>Wasserhochbehälter</desc>
		<src>HessenForst</src>
	</wpt>
	<wpt lat="50.880240941820652" lon="9.7836413574012617">
		<name>HEF-251</name>
		<cmt>Forsthaus Kathus</cmt>
		<desc>Forsthaus Kathus</desc>
		<src>HessenForst</src>
	</wpt>
	<wpt lat="50.917346423305851" lon="9.8336286474477301">
		<name>HEF-262</name>
		<cmt>Sechsbuchen</cmt>
		<desc>Sechsbuchen</desc>
		<src>HessenForst</src>
	</wpt>
	<wpt lat="51.29554939716003" lon="9.3980164651253357">
		<name>KS-588</name>
		<cmt>Über Konrad-Adenauer Str. Zeche-Marie Weg / an der Wendemöglichkeit</cmt>
		<desc>Über Konrad-Adenauer Str. Zeche-Marie Weg / an der Wendemöglichkeit</desc>
		<src>HessenForst</src>
	</wpt>
	<wpt lat="50.818655934602901" lon="9.5231661844103161">
		<name>HEF-329</name>
		<cmt>1. Parkplatz am Stausee</cmt>
		<desc>1. Parkplatz am Stausee</desc>
		<src>HessenForst</src>
	</wpt>
	<wpt lat="50.626648386329052" lon="8.577403493186635">
		<name>GI-202</name>
		<cmt>Gaststätte Bieberlies</cmt>
		<desc>Gaststätte Bieberlies</desc>
		<src>HessenForst</src>
	</wpt>
	<wpt lat="51.333397736883853" lon="9.3712347734039021">
		<name>KS-585</name>
		<cmt>B 251, Abzw. Wohnhaus Igelsburg am Waldrand links bis Jugendzeltplatz Silbersee</cmt>
		<desc>B 251, Abzw. Wohnhaus Igelsburg am Waldrand links bis Jugendzeltplatz Silbersee</desc>
		<src>HessenForst</src>
	</wpt>
	<wpt lat="51.147909977194516" lon="9.9984744321125874">
		<name>ESW-338</name>
		<cmt>Wichtelplatz</cmt>
		<desc>Wichtelplatz</desc>
		<src>HessenForst</src>
	</wpt>
	<wpt lat="50.699844030509894" lon="8.695445905068226">
		<name>MR-446</name>
		<cmt>Bürgerhaus</cmt>
		<desc>Bürgerhaus</desc>
		<src>HessenForst</src>
	</wpt>
	<wpt lat="50.125219035447884" lon="8.9570368578624144">
		<name>MKK-501</name>
		<cmt>Waldeingang Pionierpark</cmt>
		<desc>Waldeingang Pionierpark</desc>
		<src>HessenForst</src>
	</wpt>
	<wpt lat="50.720250544365314" lon="9.0064515557242473">
		<name>VB-106</name>
		<cmt>Fa. Kamax</cmt>
		<desc>Fa. Kamax</desc>
		<src>HessenForst</src>
	</wpt>
	<wpt lat="50.516849111168298" lon="8.4601142626624171">
		<name>LDK-61</name>
		<cmt>Lahnstraße Ecke im Graben</cmt>
		<desc>Lahnstraße Ecke im Graben</desc>
		<src>HessenForst</src>
	</wpt>
	<wpt lat="50.106207794796696" lon="9.4113338210122119">
		<name>MKK-317</name>
		<cmt>Parkplatz Kleiner Sommerwald</cmt>
		<desc>Parkplatz Kleiner Sommerwald</desc>
		<src>HessenForst</src>
	</wpt>
	<wpt lat="50.344664662745096" lon="8.3873560760947967">
		<name>HG-89</name>
		<cmt>1. Wegekreuz</cmt>
		<desc>1. Wegekreuz</desc>
		<src>HessenForst</src>
	</wpt>
	<wpt lat="49.883013658317239" lon="8.7154651967825441">
		<name>DA-924</name>
		<cmt>Bernhardsbrünnchen</cmt>
		<desc>Bernhardsbrünnchen</desc>
		<src>HessenForst</src>
	</wpt>
	<wpt lat="49.942141798912353" lon="8.9595144057269476">
		<name>DA-320</name>
		<cmt>Einfahrt zur Geißspitze</cmt>
		<desc>Einfahrt zur Geißspitze</desc>
		<src>HessenForst</src>
	</wpt>
	<wpt lat="51.104484025518552" lon="8.7127213915216846">
		<name>KB-532</name>
		<cmt>Abzweig an der Waldspitze zum Wasserhochbehälter</cmt>
		<desc>Abzweig an der Waldspitze zum Wasserhochbehälter</desc>
		<src>HessenForst</src>
	</wpt>
	<wpt lat="50.151032535961967" lon="8.7939964989876174">
		<name>MKK-704</name>
		<cmt>Waldspielplätze/Ecke Waldeingang</cmt>
		<desc>Waldspielplätze/Ecke Waldeingang</desc>
		<src>HessenForst</src>
	</wpt>
	<wpt lat="50.125102666744866" lon="8.4391937256456799">
		<name>MTK-45</name>
		<cmt>Gaststätte Gundelhardt</cmt>
		<desc>Gaststätte Gundelhardt</desc>
		<src>HessenForst</src>
	</wpt>
	<wpt lat="50.121545854952842" lon="8.025399670463953">
		<name>RÜD-147</name>
		<cmt>Schlehborner Heide</cmt>
		<desc>Schlehborner Heide</desc>
		<src>HessenForst</src>
	</wpt>
	<wpt lat="50.147147455667159" lon="8.403973511358803">
		<name>MTK-41</name>
		<cmt>Parkplatz Fischbachtal</cmt>
		<desc>Parkplatz Fischbachtal</desc>
		<src>HessenForst</src>
	</wpt>
	<wpt lat="51.317333960366021" lon="9.3912350501350108">
		<name>KS-573</name>
		<cmt>Druselstr. bis Golfplatz, rechts Ri. Herkules, großer Busparkplatz</cmt>
		<desc>Druselstr. bis Golfplatz, rechts Ri. Herkules, großer Busparkplatz</desc>
		<src>HessenForst</src>
	</wpt>
	<wpt lat="50.976043462244547" lon="9.1417556531731421">
		<name>HR-342</name>
		<cmt>Bushaltestelle Hundshausen</cmt>
		<desc>Bushaltestelle Hundshausen</desc>
		<src>HessenForst</src>
	</wpt>
	<wpt lat="50.879131076941249" lon="9.8374070190602527">
		<name>HEF-286</name>
		<cmt>Sängerhütte Friedewald</cmt>
		<desc>Sängerhütte Friedewald</desc>
		<src>HessenForst</src>
	</wpt>
	<wpt lat="50.496388316711503" lon="8.4710834159945509">
		<name>LDK-62</name>
		<cmt>Bonbadener Straße Ecke Hauptstraße</cmt>
		<desc>Bonbadener Straße Ecke Hauptstraße</desc>
		<src>HessenForst</src>
	</wpt>
	<wpt lat="50.30436978685016" lon="8.1310315037858487">
		<name>LM-256</name>
		<cmt>Ausssiedlerhof Hepp, Richtung Kaltenholzhausen</cmt>
		<desc>Ausssiedlerhof Hepp, Richtung Kaltenholzhausen</desc>
		<src>HessenForst</src>
	</wpt>
	<wpt lat="50.124347857334257" lon="9.4886117721354957">
		<name>MKK-323</name>
		<cmt>Lohrhaupten, Forsthaus im Kreuzel</cmt>
		<desc>Lohrhaupten, Forsthaus im Kreuzel</desc>
		<src>HessenForst</src>
	</wpt>
	<wpt lat="50.887284238967339" lon="8.6484297426529775">
		<name>MR-111</name>
		<cmt>Ortsmitte Warzenbach</cmt>
		<desc>Ortsmitte Warzenbach</desc>
		<src>HessenForst</src>
	</wpt>
	<wpt lat="50.502717854876522" lon="8.398364512955208">
		<name>LDK-13</name>
		<cmt>Tiergartenstraße, Hochbehälter Nähe Tiergarten</cmt>
		<desc>Tiergartenstraße, Hochbehälter Nähe Tiergarten</desc>
		<src>HessenForst</src>
	</wpt>
	<wpt lat="50.825971363886005" lon="9.531008684166407">
		<name>HEF-328</name>
		<cmt>Ortseingang Allendorf</cmt>
		<desc>Ortseingang Allendorf</desc>
		<src>HessenForst</src>
	</wpt>
	<wpt lat="50.842935754247698" lon="8.8714233168315459">
		<name>MR-307</name>
		<cmt>Ortseingang Anzefahr aus Richtung Kirchhain</cmt>
		<desc>Ortseingang Anzefahr aus Richtung Kirchhain</desc>
		<src>HessenForst</src>
	</wpt>
	<wpt lat="50.870543898243639" lon="9.5852257643813612">
		<name>HEF-318</name>
		<cmt>Hof Beiersgraben</cmt>
		<desc>Hof Beiersgraben</desc>
		<src>HessenForst</src>
	</wpt>
	<wpt lat="50.812933017116563" lon="9.9333716763838975">
		<name>HEF-213</name>
		<cmt>Glaam, Abzweig Stöckig</cmt>
		<desc>Glaam, Abzweig Stöckig</desc>
		<src>HessenForst</src>
	</wpt>
	<wpt lat="49.764743763673749" lon="8.7044265145199251">
		<name>DA-901</name>
		<cmt>Parkplatz Hof Grünau</cmt>
		<desc>Parkplatz Hof Grünau</desc>
		<src>HessenForst</src>
	</wpt>
	<wpt lat="51.13557410220114" lon="10.10130238665087">
		<name>ESW-348</name>
		<cmt>Parkplatz auf der Höhe zwischen Schlierbachs-kreuzung und  Weißenborn</cmt>
		<desc>Parkplatz auf der Höhe zwischen Schlierbachs-kreuzung und  Weißenborn</desc>
		<src>HessenForst</src>
	</wpt>
	<wpt lat="50.423623765098945" lon="8.2415981973669599">
		<name>LM-360</name>
		<cmt>Kurve</cmt>
		<desc>Kurve</desc>
		<src>HessenForst</src>
	</wpt>
	<wpt lat="49.870129350322173" lon="8.7431169744989354">
		<name>DA-46</name>
		<cmt>Parkplatz "Kubigbrücke"</cmt>
		<desc>Parkplatz "Kubigbrücke"</desc>
		<src>HessenForst</src>
	</wpt>
	<wpt lat="50.93568174765543" lon="9.434347390004433">
		<name>HR-846</name>
		<cmt>Naturschutzgebiet Schwärzwiesen</cmt>
		<desc>Naturschutzgebiet Schwärzwiesen</desc>
		<src>HessenForst</src>
	</wpt>
	<wpt lat="49.775955729087201" lon="8.7634312463009341">
		<name>DA-715</name>
		<cmt>Asbach - Ortseingang West</cmt>
		<desc>Asbach - Ortseingang West</desc>
		<src>HessenForst</src>
	</wpt>
	<wpt lat="50.660401248509153" lon="8.8896030633422409">
		<name>GI-252</name>
		<cmt>Dorfgemeinschaftshaus</cmt>
		<desc>Dorfgemeinschaftshaus</desc>
		<src>HessenForst</src>
	</wpt>
	<wpt lat="51.326361831312319" lon="9.2183970958320138">
		<name>KS-521</name>
		<cmt>K 102 am Ortsausgang Philippinenburg &amp;gt; Wenigenhasungen, rechts,</cmt>
		<desc>K 102 am Ortsausgang Philippinenburg &amp;gt; Wenigenhasungen, rechts,</desc>
		<src>HessenForst</src>
	</wpt>
	<wpt lat="51.177141081193234" lon="9.5374993304475133">
		<name>HR-109</name>
		<cmt>Brücke Ü-Bahnhof</cmt>
		<desc>Brücke Ü-Bahnhof</desc>
		<src>HessenForst</src>
	</wpt>
	<wpt lat="49.823275221091535" lon="8.6364738001015589">
		<name>DA-916</name>
		<cmt>Parkplatz Bäckerweg</cmt>
		<desc>Parkplatz Bäckerweg</desc>
		<src>HessenForst</src>
	</wpt>
	<wpt lat="49.701999649016606" lon="8.7598304377381275">
		<name>HP-201</name>
		<cmt>Parkpl."Schöne Aussicht"</cmt>
		<desc>Parkpl."Schöne Aussicht"</desc>
		<src>HessenForst</src>
	</wpt>
	<wpt lat="50.347137371810376" lon="8.5908776120506403">
		<name>HG-129</name>
		<cmt>Ortseingang Kransberg aus Richtung B 275</cmt>
		<desc>Ortseingang Kransberg aus Richtung B 275</desc>
		<src>HessenForst</src>
	</wpt>
	<wpt lat="50.945001688764776" lon="9.857355719885712">
		<name>HEF-293</name>
		<cmt>Reitplatz Ronshausen</cmt>
		<desc>Reitplatz Ronshausen</desc>
		<src>HessenForst</src>
	</wpt>
	<wpt lat="49.802619205217283" lon="8.7988691906809073">
		<name>DA-411</name>
		<cmt>Parkplatz "Weißer Stein"</cmt>
		<desc>Parkplatz "Weißer Stein"</desc>
		<src>HessenForst</src>
	</wpt>
	<wpt lat="49.815316990735219" lon="8.7481738701570482">
		<name>DA-609</name>
		<cmt>Schorrsberg</cmt>
		<desc>Schorrsberg</desc>
		<src>HessenForst</src>
	</wpt>
	<wpt lat="51.400082978856318" lon="9.3740331209815189">
		<name>KS-554</name>
		<cmt>Klein Calden (Stromhäuschen)</cmt>
		<desc>Klein Calden (Stromhäuschen)</desc>
		<src>HessenForst</src>
	</wpt>
	<wpt lat="51.096156673298054" lon="9.8885383195809773">
		<name>ESW-415</name>
		<cmt>Friedhof Stadthosbach</cmt>
		<desc>Friedhof Stadthosbach</desc>
		<src>HessenForst</src>
	</wpt>
	<wpt lat="50.002657115600151" lon="7.9265670264219459">
		<name>RÜD-321</name>
		<cmt>Kloster Nothgottes</cmt>
		<desc>Kloster Nothgottes</desc>
		<src>HessenForst</src>
	</wpt>
	<wpt lat="50.940402052450821" lon="9.4084745318198824">
		<name>HR-866</name>
		<cmt>Int. Wald Allendorf</cmt>
		<desc>Int. Wald Allendorf</desc>
		<src>HessenForst</src>
	</wpt>
	<wpt lat="51.108157946316581" lon="9.537131155627673">
		<name>HR-131</name>
		<cmt>Waldeingang Ernstberg</cmt>
		<desc>Waldeingang Ernstberg</desc>
		<src>HessenForst</src>
	</wpt>
	<wpt lat="50.841262388246093" lon="9.9995990118533431">
		<name>HEF-219</name>
		<cmt>Schule Philippsthal</cmt>
		<desc>Schule Philippsthal</desc>
		<src>HessenForst</src>
	</wpt>
	<wpt lat="50.20942228164261" lon="9.4045855271120828">
		<name>MKK-334</name>
		<cmt>Parkplatz Kinderdorf Wegscheide</cmt>
		<desc>Parkplatz Kinderdorf Wegscheide</desc>
		<src>HessenForst</src>
	</wpt>
	<wpt lat="50.834761183036434" lon="8.7503854148220075">
		<name>MR-406</name>
		<cmt>Hallenbad</cmt>
		<desc>Hallenbad</desc>
		<src>HessenForst</src>
	</wpt>
	<wpt lat="50.771102680204066" lon="9.1672447419182053">
		<name>VB-226</name>
		<cmt>Waldeingang Wissberg</cmt>
		<desc>Waldeingang Wissberg</desc>
		<src>HessenForst</src>
	</wpt>
	<wpt lat="50.840372317043894" lon="8.4404528487464834">
		<name>MR-513</name>
		<cmt>Bushaltestelle (mit Telefonzelle) in der Ortsmitte Niederhörlen (L 3331)</cmt>
		<desc>Bushaltestelle (mit Telefonzelle) in der Ortsmitte Niederhörlen (L 3331)</desc>
		<src>HessenForst</src>
	</wpt>
	<wpt lat="51.15890022156416" lon="10.097151002474069">
		<name>ESW-331</name>
		<cmt>Wasserbehälter, höchster Punkt L 3300</cmt>
		<desc>Wasserbehälter, höchster Punkt L 3300</desc>
		<src>HessenForst</src>
	</wpt>
	<wpt lat="50.10404928387895" lon="9.4235954541424132">
		<name>MKK-318</name>
		<cmt>Parkplatz Pfingstweiher</cmt>
		<desc>Parkplatz Pfingstweiher</desc>
		<src>HessenForst</src>
	</wpt>
	<wpt lat="50.920785089314123" lon="9.7881839471247165">
		<name>HEF-261</name>
		<cmt>Ortseingang Meckbach</cmt>
		<desc>Ortseingang Meckbach</desc>
		<src>HessenForst</src>
	</wpt>
	<wpt lat="50.221873389608149" lon="9.4298239203440559">
		<name>MKK-339</name>
		<cmt>Waldparkplatz Hohes Kreuz</cmt>
		<desc>Waldparkplatz Hohes Kreuz</desc>
		<src>HessenForst</src>
	</wpt>
	<wpt lat="50.648525755909489" lon="9.181720911585133">
		<name>VB-54</name>
		<cmt>Ortsmitte / Kirche Kestrich</cmt>
		<desc>Ortsmitte / Kirche Kestrich</desc>
		<src>HessenForst</src>
	</wpt>
	<wpt lat="50.835808796309294" lon="8.4195945406742201">
		<name>MR-515</name>
		<cmt>Bushaltestelle Ortsmitte Oberhörlen (K 63) (Am Brunnen)</cmt>
		<desc>Bushaltestelle Ortsmitte Oberhörlen (K 63) (Am Brunnen)</desc>
		<src>HessenForst</src>
	</wpt>
	<wpt lat="51.085176288374882" lon="9.1781522581430455">
		<name>HR-32</name>
		<cmt>Wenzigerode</cmt>
		<desc>Wenzigerode</desc>
		<src>HessenForst</src>
	</wpt>
	<wpt lat="49.881459714157081" lon="8.9749080992966999">
		<name>DA-8</name>
		<cmt>Parkplatz am Grillplatz "Binselberg"</cmt>
		<desc>Parkplatz am Grillplatz "Binselberg"</desc>
		<src>HessenForst</src>
	</wpt>
	<wpt lat="50.632518937282228" lon="8.3216977760619049">
		<name>LDK-281</name>
		<cmt>Brückenstraße Ortsmitte, Kirche</cmt>
		<desc>Brückenstraße Ortsmitte, Kirche</desc>
		<src>HessenForst</src>
	</wpt>
	<wpt lat="50.152745285044951" lon="8.887789401234393">
		<name>MKK-604</name>
		<cmt>Parkplatz Golfplatz</cmt>
		<desc>Parkplatz Golfplatz</desc>
		<src>HessenForst</src>
	</wpt>
	<wpt lat="50.436878470923119" lon="8.2283485080584668">
		<name>LM-361</name>
		<cmt>Haarnadelkurve</cmt>
		<desc>Haarnadelkurve</desc>
		<src>HessenForst</src>
	</wpt>
	<wpt lat="49.792886497686546" lon="9.1149247807908989">
		<name>ERB-121</name>
		<cmt>MZVO-Parkplatz, ehem. Mülldeponie</cmt>
		<desc>MZVO-Parkplatz, ehem. Mülldeponie</desc>
		<src>HessenForst</src>
	</wpt>
	<wpt lat="50.695492703739276" lon="8.4142120604956574">
		<name>LDK-332</name>
		<cmt>Am Seifen, Parkplatz am Bahnhof</cmt>
		<desc>Am Seifen, Parkplatz am Bahnhof</desc>
		<src>HessenForst</src>
	</wpt>
	<wpt lat="50.920031229437818" lon="9.5456241404209887">
		<name>HEF-305</name>
		<cmt>Bushaltestelle Gelbachsmühle</cmt>
		<desc>Bushaltestelle Gelbachsmühle</desc>
		<src>HessenForst</src>
	</wpt>
	<wpt lat="51.4408533604296" lon="9.3273615788810833">
		<name>KS-548</name>
		<cmt>Westuffeln, Richtung Sportplatz (Struth)</cmt>
		<desc>Westuffeln, Richtung Sportplatz (Struth)</desc>
		<src>HessenForst</src>
	</wpt>
	<wpt lat="49.791084460141967" lon="8.6770263238991845">
		<name>DA-407</name>
		<cmt>Nieder-Beerbach Gemeindezentrum</cmt>
		<desc>Nieder-Beerbach Gemeindezentrum</desc>
		<src>HessenForst</src>
	</wpt>
	<wpt lat="50.64163405510083" lon="8.70832207267717">
		<name>GI-228</name>
		<cmt>Waldlschwimmbad Lollar</cmt>
		<desc>Waldlschwimmbad Lollar</desc>
		<src>HessenForst</src>
	</wpt>
	<wpt lat="50.625736759695393" lon="9.0443087708092094">
		<name>VB-63</name>
		<cmt>Parkplatz Burgwald</cmt>
		<desc>Parkplatz Burgwald</desc>
		<src>HessenForst</src>
	</wpt>
	<wpt lat="50.860077965461379" lon="9.9934378748081301">
		<name>HEF-220</name>
		<cmt>Ortseingang Lengers - ehem. Forsthaus</cmt>
		<desc>Ortseingang Lengers - ehem. Forsthaus</desc>
		<src>HessenForst</src>
	</wpt>
	<wpt lat="50.094196961293555" lon="9.4636495007499732">
		<name>MKK-320</name>
		<cmt>Parkplatz Haurain an B 276</cmt>
		<desc>Parkplatz Haurain an B 276</desc>
		<src>HessenForst</src>
	</wpt>
	<wpt lat="51.128938576601442" lon="9.5655187996709401">
		<name>HR-151</name>
		<cmt>Parkplatz Ortsausgang Richt. Kirchhof</cmt>
		<desc>Parkplatz Ortsausgang Richt. Kirchhof</desc>
		<src>HessenForst</src>
	</wpt>
	<wpt lat="50.858828282266735" lon="9.8008904982934695">
		<name>HEF-243</name>
		<cmt>Einfahrt Hüttenbach</cmt>
		<desc>Einfahrt Hüttenbach</desc>
		<src>HessenForst</src>
	</wpt>
	<wpt lat="49.876230058442637" lon="8.7628991892972401">
		<name>DA-23</name>
		<cmt>Parkplatz B 26 neu Abfahrt Roßdorf</cmt>
		<desc>Parkplatz B 26 neu Abfahrt Roßdorf</desc>
		<src>HessenForst</src>
	</wpt>
	<wpt lat="50.585310570995723" lon="8.5857960114809657">
		<name>LDK-181</name>
		<cmt>Atzbach &amp;gt;Kinzenbach hinter dem Viadukt, links am Waldrand entlang "Atzbacher Mühle" Einzelgehöft</cmt>
		<desc>Atzbach &amp;gt;Kinzenbach hinter dem Viadukt, links am Waldrand entlang "Atzbacher Mühle" Einzelgehöft</desc>
		<src>HessenForst</src>
	</wpt>
	<wpt lat="49.861684708343631" lon="8.7284908474955838">
		<name>DA-21</name>
		<cmt>Parkplatz "Ludwigsteich"</cmt>
		<desc>Parkplatz "Ludwigsteich"</desc>
		<src>HessenForst</src>
	</wpt>
	<wpt lat="50.2385260700365" lon="9.5943377916580026">
		<name>MKK-347</name>
		<cmt>Ortsmitte Jossa, Bushaltestelle</cmt>
		<desc>Ortsmitte Jossa, Bushaltestelle</desc>
		<src>HessenForst</src>
	</wpt>
	<wpt lat="50.474835418553766" lon="8.452836827262983">
		<name>LDK-65</name>
		<cmt>Quembachallee Ecke Luisenstraße</cmt>
		<desc>Quembachallee Ecke Luisenstraße</desc>
		<src>HessenForst</src>
	</wpt>
	<wpt lat="50.408350870827967" lon="8.4638403557328683">
		<name>HG-110</name>
		<cmt>Parkplatz  "Naturpark"</cmt>
		<desc>Parkplatz  "Naturpark"</desc>
		<src>HessenForst</src>
	</wpt>
	<wpt lat="50.269077180432944" lon="8.2932674494895569">
		<name>RÜD-261</name>
		<cmt>Parkplatz Morcher Mühle an der B 8</cmt>
		<desc>Parkplatz Morcher Mühle an der B 8</desc>
		<src>HessenForst</src>
	</wpt>
	<wpt lat="50.804761081574249" lon="9.9199275263850986">
		<name>HEF-212</name>
		<cmt>Oberbreitzbach (Ortsmitte)</cmt>
		<desc>Oberbreitzbach (Ortsmitte)</desc>
		<src>HessenForst</src>
	</wpt>
	<wpt lat="50.22097749835374" lon="8.8150131074267204">
		<name>MKK-714</name>
		<cmt>Waldrand</cmt>
		<desc>Waldrand</desc>
		<src>HessenForst</src>
	</wpt>
	<wpt lat="51.456995766681359" lon="9.3409852788333581">
		<name>KS-499</name>
		<cmt>Niedermeiser Ortsausgang rechts Feldweg bis Waldrand</cmt>
		<desc>Niedermeiser Ortsausgang rechts Feldweg bis Waldrand</desc>
		<src>HessenForst</src>
	</wpt>
	<wpt lat="51.399702483898118" lon="9.4275207747283449">
		<name>KS-557</name>
		<cmt>B 7 Espenau Ri. Calden vor dem Waldausg. Re., NSG Jungfernbach</cmt>
		<desc>B 7 Espenau Ri. Calden vor dem Waldausg. Re., NSG Jungfernbach</desc>
		<src>HessenForst</src>
	</wpt>
	<wpt lat="49.77755109736605" lon="8.7303252011582">
		<name>DA-714</name>
		<cmt>Kreisjugendlager bei Ernsthofen</cmt>
		<desc>Kreisjugendlager bei Ernsthofen</desc>
		<src>HessenForst</src>
	</wpt>
	<wpt lat="50.950022835348243" lon="8.9936882740552662">
		<name>KB-856</name>
		<cmt>Kirche, Schiffelbach Ortsmitte</cmt>
		<desc>Kirche, Schiffelbach Ortsmitte</desc>
		<src>HessenForst</src>
	</wpt>
	<wpt lat="49.929094467156389" lon="8.9985801217957668">
		<name>DA-333</name>
		<cmt>Waldeingang Industriering</cmt>
		<desc>Waldeingang Industriering</desc>
		<src>HessenForst</src>
	</wpt>
	<wpt lat="51.151986723494069" lon="9.539251900996879">
		<name>HR-122</name>
		<cmt>Campingplatz Röhrenfurth</cmt>
		<desc>Campingplatz Röhrenfurth</desc>
		<src>HessenForst</src>
	</wpt>
	<wpt lat="49.732530403218966" lon="8.7742034300038956">
		<name>DA-701</name>
		<cmt>Neunkirchen Groß - Parkplatz</cmt>
		<desc>Neunkirchen Groß - Parkplatz</desc>
		<src>HessenForst</src>
	</wpt>
	<wpt lat="50.669446170849355" lon="8.4143772405225334">
		<name>LDK-323</name>
		<cmt>Depotzufahrt Bellersdorf Kreuzung Rennweg Waldparkplatz auf der Höhe</cmt>
		<desc>Depotzufahrt Bellersdorf Kreuzung Rennweg Waldparkplatz auf der Höhe</desc>
		<src>HessenForst</src>
	</wpt>
	<wpt lat="50.896036550683057" lon="9.5284977100268193">
		<name>HEF-311</name>
		<cmt>Parkplatz am Stern</cmt>
		<desc>Parkplatz am Stern</desc>
		<src>HessenForst</src>
	</wpt>
	<wpt lat="50.014463706788284" lon="8.5631128787400161">
		<name>GG-14</name>
		<cmt>Abzw. K 152/Aschaffenburger Str., Waldzufahrt</cmt>
		<desc>Abzw. K 152/Aschaffenburger Str., Waldzufahrt</desc>
		<src>HessenForst</src>
	</wpt>
	<wpt lat="49.459707107506077" lon="8.9420001656663022">
		<name>HP-292</name>
		<cmt>Igelsbach, Sängerhalle</cmt>
		<desc>Igelsbach, Sängerhalle</desc>
		<src>HessenForst</src>
	</wpt>
	<wpt lat="50.192155776886786" lon="8.509494003688312">
		<name>HG-26</name>
		<cmt>Parkplatz am EFC Sportplatz</cmt>
		<desc>Parkplatz am EFC Sportplatz</desc>
		<src>HessenForst</src>
	</wpt>
	<wpt lat="50.144085525803639" lon="8.8681143753783225">
		<name>MKK-701</name>
		<cmt>Bahnübergang im Wald</cmt>
		<desc>Bahnübergang im Wald</desc>
		<src>HessenForst</src>
	</wpt>
	<wpt lat="50.713500455847459" lon="8.7606812407342201">
		<name>MR-442</name>
		<cmt>Kreuzung in Erbenhausen</cmt>
		<desc>Kreuzung in Erbenhausen</desc>
		<src>HessenForst</src>
	</wpt>
	<wpt lat="50.893356489385518" lon="9.646384592517899">
		<name>HEF-313</name>
		<cmt>Bushaltestelle Gittersdorf</cmt>
		<desc>Bushaltestelle Gittersdorf</desc>
		<src>HessenForst</src>
	</wpt>
	<wpt lat="49.865088183819381" lon="8.6831664691155996">
		<name>DA-921</name>
		<cmt>Parkplatz Vivarium</cmt>
		<desc>Parkplatz Vivarium</desc>
		<src>HessenForst</src>
	</wpt>
	<wpt lat="51.364981216439737" lon="9.2797132515191372">
		<name>KS-516</name>
		<cmt>Holzlagerplatz an BAB am Weg zum Bärenberg</cmt>
		<desc>Holzlagerplatz an BAB am Weg zum Bärenberg</desc>
		<src>HessenForst</src>
	</wpt>
	<wpt lat="50.01664713318312" lon="8.6704040744431321">
		<name>OF-136</name>
		<cmt>Tennishallen, Abt. 310</cmt>
		<desc>Tennishallen, Abt. 310</desc>
		<src>HessenForst</src>
	</wpt>
	<wpt lat="50.159904621827678" lon="8.4307715708489361">
		<name>MTK-44</name>
		<cmt>Parkplatz Gaststätte Weißer Fuchs</cmt>
		<desc>Parkplatz Gaststätte Weißer Fuchs</desc>
		<src>HessenForst</src>
	</wpt>
	<wpt lat="49.736876355430041" lon="8.7672691016515749">
		<name>DA-704</name>
		<cmt>L3399 Einfahrt Alte Neunkircher Straße</cmt>
		<desc>L3399 Einfahrt Alte Neunkircher Straße</desc>
		<src>HessenForst</src>
	</wpt>
	<wpt lat="51.080526167716187" lon="9.5095956147185916">
		<name>HR-170</name>
		<cmt>Kirche Dagobertshausen</cmt>
		<desc>Kirche Dagobertshausen</desc>
		<src>HessenForst</src>
	</wpt>
	<wpt lat="50.872743025339958" lon="9.5642799497290429">
		<name>HEF-317</name>
		<cmt>Gasthaus Hehr, Rotterterode</cmt>
		<desc>Gasthaus Hehr, Rotterterode</desc>
		<src>HessenForst</src>
	</wpt>
	<wpt lat="49.711925277951927" lon="8.7299932907793991">
		<name>HP-324</name>
		<cmt>Raidelbach K 210 - Wegekreuz "DieLinden"</cmt>
		<desc>Raidelbach K 210 - Wegekreuz "DieLinden"</desc>
		<src>HessenForst</src>
	</wpt>
	<wpt lat="49.837898934395497" lon="8.6008625941838766">
		<name>DA-78</name>
		<cmt>Eberstädter Weg</cmt>
		<desc>Eberstädter Weg</desc>
		<src>HessenForst</src>
	</wpt>
	<wpt lat="50.714741014915042" lon="8.3917662978444731">
		<name>LDK-351</name>
		<cmt>Bicken &amp;gt;Eisenroth ehem. Forsthaus "Moosgrund"</cmt>
		<desc>Bicken &amp;gt;Eisenroth ehem. Forsthaus "Moosgrund"</desc>
		<src>HessenForst</src>
	</wpt>
	<wpt lat="50.498638006330317" lon="8.3640023115872264">
		<name>LDK-21</name>
		<cmt>Einfahrt Florentine</cmt>
		<desc>Einfahrt Florentine</desc>
		<src>HessenForst</src>
	</wpt>
	<wpt lat="50.120638932511291" lon="8.8906815009819962">
		<name>MKK-401</name>
		<cmt>Pfaffenbrunnenstr./Waldrand</cmt>
		<desc>Pfaffenbrunnenstr./Waldrand</desc>
		<src>HessenForst</src>
	</wpt>
	<wpt lat="49.701190644953257" lon="8.6743197098751903">
		<name>HP-327</name>
		<cmt>Friedhof Elmshausen</cmt>
		<desc>Friedhof Elmshausen</desc>
		<src>HessenForst</src>
	</wpt>
	<wpt lat="51.444605585100113" lon="9.2717988923454246">
		<name>KS-503</name>
		<cmt>B 7 v. Niederlistingen Ri. Obermeiser am Waldanfang rechts</cmt>
		<desc>B 7 v. Niederlistingen Ri. Obermeiser am Waldanfang rechts</desc>
		<src>HessenForst</src>
	</wpt>
	<wpt lat="51.116822966150743" lon="9.5471772891702837">
		<name>HR-126</name>
		<cmt>Bäckerei Klabunde Königsberger Str.</cmt>
		<desc>Bäckerei Klabunde Königsberger Str.</desc>
		<src>HessenForst</src>
	</wpt>
	<wpt lat="50.693877019776103" lon="8.3864741804883778">
		<name>LDK-330</name>
		<cmt>Bicken &amp;gt;Bischoffen Parkplatz "Fa.Valentin"</cmt>
		<desc>Bicken &amp;gt;Bischoffen Parkplatz "Fa.Valentin"</desc>
		<src>HessenForst</src>
	</wpt>
	<wpt lat="50.432792199036001" lon="8.5666142495773308">
		<name>GI-408</name>
		<cmt>Waldbeginn rechts Reiterhof (Espaerstr. 62)</cmt>
		<desc>Waldbeginn rechts Reiterhof (Espaerstr. 62)</desc>
		<src>HessenForst</src>
	</wpt>
	<wpt lat="50.506998769376494" lon="8.502520129156883">
		<name>LDK-55</name>
		<cmt>Nauborner Straße &amp;gt; Nauborn, Einfahrt  Sportplatz Reiskirchen</cmt>
		<desc>Nauborner Straße &amp;gt; Nauborn, Einfahrt  Sportplatz Reiskirchen</desc>
		<src>HessenForst</src>
	</wpt>
	<wpt lat="50.294713304508349" lon="8.6745395695354688">
		<name>FB-186</name>
		<cmt>Naturparkplatz "Die Sang"</cmt>
		<desc>Naturparkplatz "Die Sang"</desc>
		<src>HessenForst</src>
	</wpt>
	<wpt lat="50.935518027169891" lon="9.3732384190336973">
		<name>HR-870</name>
		<cmt>Gutshof F.v. Baumbach</cmt>
		<desc>Gutshof F.v. Baumbach</desc>
		<src>HessenForst</src>
	</wpt>
	<wpt lat="50.889947307799197" lon="9.6851751123251422">
		<name>HEF-273</name>
		<cmt>Sportplatz Heenes</cmt>
		<desc>Sportplatz Heenes</desc>
		<src>HessenForst</src>
	</wpt>
	<wpt lat="49.761639905671778" lon="8.9108914726173793">
		<name>ERB-145</name>
		<cmt>Alte Schule</cmt>
		<desc>Alte Schule</desc>
		<src>HessenForst</src>
	</wpt>
	<wpt lat="50.127279723714025" lon="9.4779768364003356">
		<name>MKK-322</name>
		<cmt>Ortsmitte Lohrhaupten</cmt>
		<desc>Ortsmitte Lohrhaupten</desc>
		<src>HessenForst</src>
	</wpt>
	<wpt lat="50.529221706102" lon="8.5116655390732934">
		<name>LDK-172</name>
		<cmt>Kirschenwäldchen Ortseingang</cmt>
		<desc>Kirschenwäldchen Ortseingang</desc>
		<src>HessenForst</src>
	</wpt>
	<wpt lat="51.127540380281694" lon="10.068065904736926">
		<name>ESW-345</name>
		<cmt>Feldwegeabzweig in scharfer Kurve im Lautenbacher Feld</cmt>
		<desc>Feldwegeabzweig in scharfer Kurve im Lautenbacher Feld</desc>
		<src>HessenForst</src>
	</wpt>
	<wpt lat="50.336562745818235" lon="9.1414227992251806">
		<name>FB-117</name>
		<cmt>Wertholzplatz / Parkplatz</cmt>
		<desc>Wertholzplatz / Parkplatz</desc>
		<src>HessenForst</src>
	</wpt>
	<wpt lat="51.14399414948096" lon="9.6095420972375152">
		<name>HR-149</name>
		<cmt>Waldeingang Georgenkopf</cmt>
		<desc>Waldeingang Georgenkopf</desc>
		<src>HessenForst</src>
	</wpt>
	<wpt lat="50.88661803470427" lon="9.924064348023526">
		<name>HEF-136</name>
		<cmt>DGH Herfa</cmt>
		<desc>DGH Herfa</desc>
		<src>HessenForst</src>
	</wpt>
	<wpt lat="50.172735992800625" lon="8.4845816019288822">
		<name>HG-28</name>
		<cmt>Wegekreuz Abt. 2,4,5</cmt>
		<desc>Wegekreuz Abt. 2,4,5</desc>
		<src>HessenForst</src>
	</wpt>
	<wpt lat="50.206209756859629" lon="8.8442125659153383">
		<name>MKK-711</name>
		<cmt>Sportplatz Kilianstädten</cmt>
		<desc>Sportplatz Kilianstädten</desc>
		<src>HessenForst</src>
	</wpt>
	<wpt lat="50.851838174275954" lon="9.5865080733718795">
		<name>HEF-322</name>
		<cmt>BAB Unterführung  L 3159</cmt>
		<desc>BAB Unterführung  L 3159</desc>
		<src>HessenForst</src>
	</wpt>
	<wpt lat="50.141658522842953" lon="8.8854911076294023">
		<name>MKK-601</name>
		<cmt>Parkplatz Wasserwerk</cmt>
		<desc>Parkplatz Wasserwerk</desc>
		<src>HessenForst</src>
	</wpt>
	<wpt lat="49.841254966288311" lon="9.0304082231697969">
		<name>ERB-102</name>
		<cmt>Abzweig zum Sportplatz W.-Amorbach</cmt>
		<desc>Abzweig zum Sportplatz W.-Amorbach</desc>
		<src>HessenForst</src>
	</wpt>
	<wpt lat="50.343592493260132" lon="8.0900233566283575">
		<name>LM-254</name>
		<cmt>Sportplatz Mensfelden</cmt>
		<desc>Sportplatz Mensfelden</desc>
		<src>HessenForst</src>
	</wpt>
	<wpt lat="50.0307678988625" lon="8.9978766618012767">
		<name>OF-309</name>
		<cmt>Parkplatz Hurstweg Abt. 115</cmt>
		<desc>Parkplatz Hurstweg Abt. 115</desc>
		<src>HessenForst</src>
	</wpt>
	<wpt lat="50.500566881983787" lon="8.5394517215230188">
		<name>LDK-54</name>
		<cmt>Ortsausgang Volpertshausen &amp;gt; Oberwetz</cmt>
		<desc>Ortsausgang Volpertshausen &amp;gt; Oberwetz</desc>
		<src>HessenForst</src>
	</wpt>
	<wpt lat="50.721880821300743" lon="8.8537129025450181">
		<name>MR-324</name>
		<cmt>Fa. Drei Pauly</cmt>
		<desc>Fa. Drei Pauly</desc>
		<src>HessenForst</src>
	</wpt>
	<wpt lat="50.843048781068894" lon="9.971725948244254">
		<name>HEF-214</name>
		<cmt>Waldeingang Ochsengraben</cmt>
		<desc>Waldeingang Ochsengraben</desc>
		<src>HessenForst</src>
	</wpt>
	<wpt lat="51.113989897598415" lon="9.5223600756475157">
		<name>HR-125</name>
		<cmt>Waldeingang Lärchenweg</cmt>
		<desc>Waldeingang Lärchenweg</desc>
		<src>HessenForst</src>
	</wpt>
	<wpt lat="51.391865485486178" lon="9.4018127801828495">
		<name>KS-555</name>
		<cmt>Von Schloß Wilhelmstal ca. 600m nach Westen am Parkplatz Lindenallee</cmt>
		<desc>Von Schloß Wilhelmstal ca. 600m nach Westen am Parkplatz Lindenallee</desc>
		<src>HessenForst</src>
	</wpt>
	<wpt lat="49.974475042933406" lon="8.5322029346107708">
		<name>GG-32</name>
		<cmt>Abzw. B 486/Tannacker Schneise, Waldparkp. Tannacker Schneise</cmt>
		<desc>Abzw. B 486/Tannacker Schneise, Waldparkp. Tannacker Schneise</desc>
		<src>HessenForst</src>
	</wpt>
	<wpt lat="51.186069095733892" lon="9.6291276949224791">
		<name>KS-443</name>
		<cmt>Nassbachquelle</cmt>
		<desc>Nassbachquelle</desc>
		<src>HessenForst</src>
	</wpt>
	<wpt lat="51.106961253401494" lon="9.4991781749965565">
		<name>HR-129</name>
		<cmt>Sendemast Falkenkopf</cmt>
		<desc>Sendemast Falkenkopf</desc>
		<src>HessenForst</src>
	</wpt>
	<wpt lat="51.174777159152043" lon="9.5772384158024924">
		<name>HR-135</name>
		<cmt>Hüneburg - Wiese</cmt>
		<desc>Hüneburg - Wiese</desc>
		<src>HessenForst</src>
	</wpt>
	<wpt lat="50.891662303086513" lon="9.1502968576623775">
		<name>HR-422</name>
		<cmt>Forsthaus Wiera Holzlagerplaltz</cmt>
		<desc>Forsthaus Wiera Holzlagerplaltz</desc>
		<src>HessenForst</src>
	</wpt>
	<wpt lat="50.616745756513005" lon="8.5914801060838588">
		<name>GI-207</name>
		<cmt>Parkplatz Waldlehrpfad</cmt>
		<desc>Parkplatz Waldlehrpfad</desc>
		<src>HessenForst</src>
	</wpt>
	<wpt lat="50.973276995976669" lon="9.0285780120170696">
		<name>HR-405</name>
		<cmt>Parkplatz Lindenborn</cmt>
		<desc>Parkplatz Lindenborn</desc>
		<src>HessenForst</src>
	</wpt>
	<wpt lat="51.239738013254978" lon="9.3603410372128941">
		<name>KS-580</name>
		<cmt>L3219 Großenritte Richtung Ermetheis, Parkplatz Bärwinkel am Waldeingang</cmt>
		<desc>L3219 Großenritte Richtung Ermetheis, Parkplatz Bärwinkel am Waldeingang</desc>
		<src>HessenForst</src>
	</wpt>
	<wpt lat="50.494436717661124" lon="8.3799202216073194">
		<name>LDK-22</name>
		<cmt>aus Braunfels &amp;gt; Philippstein,  Ortseingang Philipstein</cmt>
		<desc>aus Braunfels &amp;gt; Philippstein,  Ortseingang Philipstein</desc>
		<src>HessenForst</src>
	</wpt>
	<wpt lat="49.787578391233723" lon="9.0932820651427715">
		<name>ERB-120</name>
		<cmt>Parkplatz "Runder Stein"</cmt>
		<desc>Parkplatz "Runder Stein"</desc>
		<src>HessenForst</src>
	</wpt>
	<wpt lat="51.20976927843175" lon="9.5715774015605852">
		<name>KS-436</name>
		<cmt>Parkplatz Lache</cmt>
		<desc>Parkplatz Lache</desc>
		<src>HessenForst</src>
	</wpt>
	<wpt lat="50.588694890268862" lon="8.7656757579998104">
		<name>GI-7</name>
		<cmt>Einfahrt zur Firma Rowema</cmt>
		<desc>Einfahrt zur Firma Rowema</desc>
		<src>HessenForst</src>
	</wpt>
	<wpt lat="50.21561129904952" lon="8.4297769801905531">
		<name>HG-46</name>
		<cmt>Parkplatz Glaskopf</cmt>
		<desc>Parkplatz Glaskopf</desc>
		<src>HessenForst</src>
	</wpt>
	<wpt lat="51.244366812996198" lon="9.3532156014465304">
		<name>HR-2</name>
		<cmt>Jakobsbörnchen</cmt>
		<desc>Jakobsbörnchen</desc>
		<src>HessenForst</src>
	</wpt>
	<wpt lat="50.707235954189457" lon="8.7213190635362121">
		<name>MR-445</name>
		<cmt>alte B 3</cmt>
		<desc>alte B 3</desc>
		<src>HessenForst</src>
	</wpt>
	<wpt lat="51.277261895093801" lon="9.4030209188560576">
		<name>KS-589</name>
		<cmt>L 3215 Parkpl. Baunsberg (2. Schild am östl. Ende vom Ppl.)</cmt>
		<desc>L 3215 Parkpl. Baunsberg (2. Schild am östl. Ende vom Ppl.)</desc>
		<src>HessenForst</src>
	</wpt>
	<wpt lat="49.973428548424131" lon="8.5471563865029623">
		<name>GG-31</name>
		<cmt>Abzw. B 486/Wiesen Schneise; Waldparkpl. gegenüb. SKV Sportanlagen</cmt>
		<desc>Abzw. B 486/Wiesen Schneise; Waldparkpl. gegenüb. SKV Sportanlagen</desc>
		<src>HessenForst</src>
	</wpt>
	<wpt lat="50.870815941450516" lon="9.4123249026395417">
		<name>HR-904</name>
		<cmt>Wickelsberg</cmt>
		<desc>Wickelsberg</desc>
		<src>HessenForst</src>
	</wpt>
	<wpt lat="50.85360355880136" lon="9.6877350019705837">
		<name>HEF-233</name>
		<cmt>Autobahnpolizei Bad Hersfeld</cmt>
		<desc>Autobahnpolizei Bad Hersfeld</desc>
		<src>HessenForst</src>
	</wpt>
	<wpt lat="50.199306482278004" lon="8.38691890229072">
		<name>HG-44</name>
		<cmt>Maschinenhalle Revier Schloßbom</cmt>
		<desc>Maschinenhalle Revier Schloßbom</desc>
		<src>HessenForst</src>
	</wpt>
	<wpt lat="50.851134003387678" lon="9.5590422199788296">
		<name>HEF-321</name>
		<cmt>Ortseingang Heddersdorf</cmt>
		<desc>Ortseingang Heddersdorf</desc>
		<src>HessenForst</src>
	</wpt>
	<wpt lat="50.787599619514339" lon="9.916932210029433">
		<name>HEF-211</name>
		<cmt>Mansbach Ortseingang</cmt>
		<desc>Mansbach Ortseingang</desc>
		<src>HessenForst</src>
	</wpt>
	<wpt lat="50.928468989439061" lon="9.5653283535711342">
		<name>HEF-303</name>
		<cmt>Zufahrt zum Mühlbachtunnel (DB)</cmt>
		<desc>Zufahrt zum Mühlbachtunnel (DB)</desc>
		<src>HessenForst</src>
	</wpt>
	<wpt lat="49.893976314694626" lon="8.6253412143402901">
		<name>DA-63</name>
		<cmt>Darmstadt Gräfenhäuser Straße / Am Weselacker</cmt>
		<desc>Darmstadt Gräfenhäuser Straße / Am Weselacker</desc>
		<src>HessenForst</src>
	</wpt>
	<wpt lat="49.761207084542676" lon="9.0847621720193743">
		<name>ERB-124</name>
		<cmt>Parkplatz Windlücke</cmt>
		<desc>Parkplatz Windlücke</desc>
		<src>HessenForst</src>
	</wpt>
	<wpt lat="50.858030446433858" lon="9.8432759515163948">
		<name>HEF-283</name>
		<cmt>Sportplatz Motzfeld</cmt>
		<desc>Sportplatz Motzfeld</desc>
		<src>HessenForst</src>
	</wpt>
	<wpt lat="49.598904534093045" lon="8.9017062887031386">
		<name>ERB-232</name>
		<cmt>Airlenbach, Parkpl. "Olfener Höhe"</cmt>
		<desc>Airlenbach, Parkpl. "Olfener Höhe"</desc>
		<src>HessenForst</src>
	</wpt>
	<wpt lat="51.112072566072499" lon="9.9713361245930514">
		<name>ESW-411</name>
		<cmt>Bahnunterführung Huberich</cmt>
		<desc>Bahnunterführung Huberich</desc>
		<src>HessenForst</src>
	</wpt>
	<wpt lat="50.520414695667178" lon="8.1905431039614207">
		<name>LM-113</name>
		<cmt>Ehem. Forsthaus Barig</cmt>
		<desc>Ehem. Forsthaus Barig</desc>
		<src>HessenForst</src>
	</wpt>
	<wpt lat="50.112027765686669" lon="9.5175937246958995">
		<name>MKK-324</name>
		<cmt>Parkplatz Hermannskoppe</cmt>
		<desc>Parkplatz Hermannskoppe</desc>
		<src>HessenForst</src>
	</wpt>
	<wpt lat="49.771335455946492" lon="8.9134709286473122">
		<name>ERB-146</name>
		<cmt>Schaafhof</cmt>
		<desc>Schaafhof</desc>
		<src>HessenForst</src>
	</wpt>
	<wpt lat="51.380781769474389" lon="9.2337855326302911">
		<name>KS-511</name>
		<cmt>Sportplatz Oberelsungen</cmt>
		<desc>Sportplatz Oberelsungen</desc>
		<src>HessenForst</src>
	</wpt>
	<wpt lat="49.87204842697431" lon="8.6921132065649402">
		<name>DA-923</name>
		<cmt>Parkplatz Dreihellerhütte</cmt>
		<desc>Parkplatz Dreihellerhütte</desc>
		<src>HessenForst</src>
	</wpt>
	<wpt lat="51.131998548012113" lon="9.9257660275006643">
		<name>ESW-30</name>
		<cmt>Abfahrt Günstbach</cmt>
		<desc>Abfahrt Günstbach</desc>
		<src>HessenForst</src>
	</wpt>
	<wpt lat="50.717237017978817" lon="8.8756530255866934">
		<name>MR-327</name>
		<cmt>Bushaltestelle Ortsmitte Roßberg</cmt>
		<desc>Bushaltestelle Ortsmitte Roßberg</desc>
		<src>HessenForst</src>
	</wpt>
	<wpt lat="49.787032901144357" lon="9.0378818835494723">
		<name>ERB-107</name>
		<cmt>Revierförsterei Breuberg</cmt>
		<desc>Revierförsterei Breuberg</desc>
		<src>HessenForst</src>
	</wpt>
	<wpt lat="50.365666255421743" lon="8.2317576996744624">
		<name>LM-356</name>
		<cmt>Schützenhaus</cmt>
		<desc>Schützenhaus</desc>
		<src>HessenForst</src>
	</wpt>
	<wpt lat="51.238973363141596" lon="9.5030490330489776">
		<name>KS-429</name>
		<cmt>Parkplatz Lochgraben</cmt>
		<desc>Parkplatz Lochgraben</desc>
		<src>HessenForst</src>
	</wpt>
	<wpt lat="50.15876754829587" lon="8.8871830957536293">
		<name>MKK-606</name>
		<cmt>Waldweg ca. 250m nach Brücke A 66</cmt>
		<desc>Waldweg ca. 250m nach Brücke A 66</desc>
		<src>HessenForst</src>
	</wpt>
	<wpt lat="50.948508031427906" lon="9.6495327408204297">
		<name>HEF-204</name>
		<cmt>Niederthalhausen, Abzw. Oberthalhausen</cmt>
		<desc>Niederthalhausen, Abzw. Oberthalhausen</desc>
		<src>HessenForst</src>
	</wpt>
	<wpt lat="50.91210660556164" lon="9.0600425656397068">
		<name>MR-222</name>
		<cmt>Waldparkplatz, Straßenkreuz, Winterscheid</cmt>
		<desc>Waldparkplatz, Straßenkreuz, Winterscheid</desc>
		<src>HessenForst</src>
	</wpt>
	<wpt lat="50.215561778957586" lon="8.4684194167165021">
		<name>HG-33</name>
		<cmt>Fuchstanz, Notrufsäule des DRK 06174-203961</cmt>
		<desc>Fuchstanz, Notrufsäule des DRK 06174-203961</desc>
		<src>HessenForst</src>
	</wpt>
	<wpt lat="49.818520849503486" lon="8.973373599781727">
		<name>DA-166</name>
		<cmt>Parkplatz Rondell (östl. B45)</cmt>
		<desc>Parkplatz Rondell (östl. B45)</desc>
		<src>HessenForst</src>
	</wpt>
	<wpt lat="50.266316933837565" lon="8.9355619678797709">
		<name>MKK-907</name>
		<cmt>Parkplatz Sportplatz/Eremitage</cmt>
		<desc>Parkplatz Sportplatz/Eremitage</desc>
		<src>HessenForst</src>
	</wpt>
	<wpt lat="50.668932147174147" lon="8.8783369127094041">
		<name>GI-251</name>
		<cmt>Feuerwehrgerätehaus</cmt>
		<desc>Feuerwehrgerätehaus</desc>
		<src>HessenForst</src>
	</wpt>
	<wpt lat="51.344577847022649" lon="9.3790114220579248">
		<name>KS-581</name>
		<cmt>gegenüber Gaststätte Ahnatal am Waldeingang</cmt>
		<desc>gegenüber Gaststätte Ahnatal am Waldeingang</desc>
		<src>HessenForst</src>
	</wpt>
	<wpt lat="50.149289854548272" lon="8.0716810515025799">
		<name>RÜD-141</name>
		<cmt>Parkplatz Schwimmbad</cmt>
		<desc>Parkplatz Schwimmbad</desc>
		<src>HessenForst</src>
	</wpt>
	<wpt lat="50.852661582330192" lon="9.7023672189113146">
		<name>HEF-224</name>
		<cmt>Ehemalige Autobahnmeisterei Bad Hersfeld</cmt>
		<desc>Ehemalige Autobahnmeisterei Bad Hersfeld</desc>
		<src>HessenForst</src>
	</wpt>
	<wpt lat="50.159650764220373" lon="9.3486446285860918">
		<name>MKK-309</name>
		<cmt>Ehemalige Gaststätte, Ortausgang Bieber</cmt>
		<desc>Ehemalige Gaststätte, Ortausgang Bieber</desc>
		<src>HessenForst</src>
	</wpt>
	<wpt lat="50.798924018393606" lon="8.670804926333064">
		<name>MR-419</name>
		<cmt>PP links der Straße von Hermershausen nach Nesselbrunn ( L 3387)</cmt>
		<desc>PP links der Straße von Hermershausen nach Nesselbrunn ( L 3387)</desc>
		<src>HessenForst</src>
	</wpt>
	<wpt lat="51.253685672255529" lon="9.3687565175512511">
		<name>KS-597</name>
		<cmt>Trineweg bis Waldrand, Parkplatz Trine</cmt>
		<desc>Trineweg bis Waldrand, Parkplatz Trine</desc>
		<src>HessenForst</src>
	</wpt>
	<wpt lat="51.131872974911282" lon="10.060537568186691">
		<name>ESW-342</name>
		<cmt>Waldwegeabzweig Höchster Punkt L 3424</cmt>
		<desc>Waldwegeabzweig Höchster Punkt L 3424</desc>
		<src>HessenForst</src>
	</wpt>
	<wpt lat="50.511041842464913" lon="8.3989540186467515">
		<name>LDK-14</name>
		<cmt>Attenbachstraße, ehem. Busparkplatz</cmt>
		<desc>Attenbachstraße, ehem. Busparkplatz</desc>
		<src>HessenForst</src>
	</wpt>
	<wpt lat="50.809886026843358" lon="8.9641897852149572">
		<name>MR-314</name>
		<cmt>Abzweigung zum Schloß Plausdorf B454</cmt>
		<desc>Abzweigung zum Schloß Plausdorf B454</desc>
		<src>HessenForst</src>
	</wpt>
	<wpt lat="51.374858635514073" lon="9.3301470703473779">
		<name>KS-513</name>
		<cmt>L 3214 zw. Zierenberg und Ehrsten, an Bushaltestelle Hoher Dörnberg</cmt>
		<desc>L 3214 zw. Zierenberg und Ehrsten, an Bushaltestelle Hoher Dörnberg</desc>
		<src>HessenForst</src>
	</wpt>
	<wpt lat="50.163957577020362" lon="8.5154586753284089">
		<name>MTK-52</name>
		<cmt>Schwalbacher Teiche</cmt>
		<desc>Schwalbacher Teiche</desc>
		<src>HessenForst</src>
	</wpt>
	<wpt lat="50.1515302348432" lon="9.3813883539950744">
		<name>MKK-311</name>
		<cmt>Quelle Schwarzerbruch-Born an B 276</cmt>
		<desc>Quelle Schwarzerbruch-Born an B 276</desc>
		<src>HessenForst</src>
	</wpt>
	<wpt lat="50.886898252361377" lon="9.5833461496120815">
		<name>HEF-316</name>
		<cmt>Kreuzeiche Obergeis</cmt>
		<desc>Kreuzeiche Obergeis</desc>
		<src>HessenForst</src>
	</wpt>
	<wpt lat="49.827784888024162" lon="8.7306567058333133">
		<name>DA-613</name>
		<cmt>Abfahrt zu den  Aussiedlerhöfe</cmt>
		<desc>Abfahrt zu den  Aussiedlerhöfe</desc>
		<src>HessenForst</src>
	</wpt>
	<wpt lat="50.816871864706137" lon="9.7350922663755188">
		<name>HEF-228</name>
		<cmt>B 27 Sieglos Abzweigung Eitra</cmt>
		<desc>B 27 Sieglos Abzweigung Eitra</desc>
		<src>HessenForst</src>
	</wpt>
	<wpt lat="50.355397485083891" lon="8.3959972415449595">
		<name>HG-67</name>
		<cmt>Auf der Höhe</cmt>
		<desc>Auf der Höhe</desc>
		<src>HessenForst</src>
	</wpt>
	<wpt lat="50.594059000336244" lon="8.5452280985520765">
		<name>LDK-182</name>
		<cmt>In Waldgirmes &amp;gt; Rodheim nach Tankstelle links ab Haustädter Straße bis "Haustädter Mühle (beschildert)</cmt>
		<desc>In Waldgirmes &amp;gt; Rodheim nach Tankstelle links ab Haustädter Straße bis "Haustädter Mühle (beschildert)</desc>
		<src>HessenForst</src>
	</wpt>
	<wpt lat="50.796537145587401" lon="9.7102317305952557">
		<name>HEF-341</name>
		<cmt>Bahnbrücke Odensachsen</cmt>
		<desc>Bahnbrücke Odensachsen</desc>
		<src>HessenForst</src>
	</wpt>
	<wpt lat="50.90488492701941" lon="9.7393738951758593">
		<name>HEF-201</name>
		<cmt>Reilos-Altenhilfezentrum</cmt>
		<desc>Reilos-Altenhilfezentrum</desc>
		<src>HessenForst</src>
	</wpt>
	<wpt lat="50.640848107504077" lon="8.9564200163760823">
		<name>VB-70</name>
		<cmt>Unterführung A5 Stangenrod</cmt>
		<desc>Unterführung A5 Stangenrod</desc>
		<src>HessenForst</src>
	</wpt>
	<wpt lat="50.969776105528666" lon="8.9750474100571775">
		<name>KB-852</name>
		<cmt>Freibad Gemünden</cmt>
		<desc>Freibad Gemünden</desc>
		<src>HessenForst</src>
	</wpt>
	<wpt lat="49.879994371430243" lon="8.7838814166007246">
		<name>DA-24</name>
		<cmt>Parkplatz "Spielplatz alter Messeler Weg"</cmt>
		<desc>Parkplatz "Spielplatz alter Messeler Weg"</desc>
		<src>HessenForst</src>
	</wpt>
	<wpt lat="50.523250534894757" lon="8.4271225851416069">
		<name>LDK-45</name>
		<cmt>Weidfeldsweg an der Schranke zwischen Abt. 513 und 517</cmt>
		<desc>Weidfeldsweg an der Schranke zwischen Abt. 513 und 517</desc>
		<src>HessenForst</src>
	</wpt>
	<wpt lat="50.911565562735639" lon="9.0051847261239537">
		<name>MR-209</name>
		<cmt>Straßenkreuz Josbach Nord</cmt>
		<desc>Straßenkreuz Josbach Nord</desc>
		<src>HessenForst</src>
	</wpt>
	<wpt lat="50.703844679133539" lon="8.3802930857362163">
		<name>LDK-331</name>
		<cmt>Bicken &amp;gt;Eisenroth Abzweigung Sportplatz</cmt>
		<desc>Bicken &amp;gt;Eisenroth Abzweigung Sportplatz</desc>
		<src>HessenForst</src>
	</wpt>
	<wpt lat="50.138665739123709" lon="8.9464557779336413">
		<name>MKK-503</name>
		<cmt>Waldparkplatz</cmt>
		<desc>Waldparkplatz</desc>
		<src>HessenForst</src>
	</wpt>
	<wpt lat="50.768754162007369" lon="8.889099035375736">
		<name>MR-317</name>
		<cmt>Kreuzung der Landesstraßen 3289 und 3048 i. d. Ortsmitte</cmt>
		<desc>Kreuzung der Landesstraßen 3289 und 3048 i. d. Ortsmitte</desc>
		<src>HessenForst</src>
	</wpt>
	<wpt lat="50.150616200319611" lon="8.8509340648425852">
		<name>MKK-706</name>
		<cmt>K 857 Parkplatz Waldeingang</cmt>
		<desc>K 857 Parkplatz Waldeingang</desc>
		<src>HessenForst</src>
	</wpt>
	<wpt lat="50.721867122134256" lon="8.6525910178280299">
		<name>MR-631</name>
		<cmt>Damm, Kreisstr. Damm/Oberwalgern, Abzweigung nach Altenvers, gegenüber Spedition</cmt>
		<desc>Damm, Kreisstr. Damm/Oberwalgern, Abzweigung nach Altenvers, gegenüber Spedition</desc>
		<src>HessenForst</src>
	</wpt>
	<wpt lat="51.121317139538618" lon="9.7569022214818979">
		<name>HR-223</name>
		<cmt>Bischofferode</cmt>
		<desc>Bischofferode</desc>
		<src>HessenForst</src>
	</wpt>
	<wpt lat="50.348778306590511" lon="8.4800551077606858">
		<name>HG-87</name>
		<cmt>Ortsmitte Wilhelmsdorf, Feuerwehr</cmt>
		<desc>Ortsmitte Wilhelmsdorf, Feuerwehr</desc>
		<src>HessenForst</src>
	</wpt>
	<wpt lat="49.714350777097955" lon="8.6648287998806826">
		<name>HP-322</name>
		<cmt>Selterswasserh. Elmshausen-Hochstädten</cmt>
		<desc>Selterswasserh. Elmshausen-Hochstädten</desc>
		<src>HessenForst</src>
	</wpt>
	<wpt lat="51.11909877756689" lon="9.5680354756442263">
		<name>HR-153</name>
		<cmt>Pförtnerhäuschen Heilstätte</cmt>
		<desc>Pförtnerhäuschen Heilstätte</desc>
		<src>HessenForst</src>
	</wpt>
	<wpt lat="50.807561139363244" lon="9.2109380900464846">
		<name>VB-212</name>
		<cmt>Fischbacher Kreuz</cmt>
		<desc>Fischbacher Kreuz</desc>
		<src>HessenForst</src>
	</wpt>
	<wpt lat="50.169279115580785" lon="9.4739394316775343">
		<name>MKK-326</name>
		<cmt>Ortsmitte Pfaffenhausen</cmt>
		<desc>Ortsmitte Pfaffenhausen</desc>
		<src>HessenForst</src>
	</wpt>
	<wpt lat="50.232428698662062" lon="8.4938412917823758">
		<name>HG-35</name>
		<cmt>Alte Straßenschleife unterhalb Lange Meile</cmt>
		<desc>Alte Straßenschleife unterhalb Lange Meile</desc>
		<src>HessenForst</src>
	</wpt>
	<wpt lat="50.700128999043933" lon="8.4130182985281934">
		<name>LDK-334</name>
		<cmt>Offenbach &amp;gt;Übernthal Parkplatz Friedhof "Offenbach"</cmt>
		<desc>Offenbach &amp;gt;Übernthal Parkplatz Friedhof "Offenbach"</desc>
		<src>HessenForst</src>
	</wpt>
	<wpt lat="49.770786485132966" lon="8.8570096346553697">
		<name>ERB-149</name>
		<cmt>Parkplatz am Waldeingang ; Hufeisenweg Ost</cmt>
		<desc>Parkplatz am Waldeingang ; Hufeisenweg Ost</desc>
		<src>HessenForst</src>
	</wpt>
	<wpt lat="50.322481418333588" lon="8.1876708638146543">
		<name>LM-260</name>
		<cmt>Ortsausgang Dauborn Richtung Gnadenthal</cmt>
		<desc>Ortsausgang Dauborn Richtung Gnadenthal</desc>
		<src>HessenForst</src>
	</wpt>
	<wpt lat="49.977566392895525" lon="8.7648225845584555">
		<name>OF-108</name>
		<cmt>Waldabteilung 131</cmt>
		<desc>Waldabteilung 131</desc>
		<src>HessenForst</src>
	</wpt>
	<wpt lat="49.742250438729648" lon="8.7674812623558473">
		<name>DA-707</name>
		<cmt>Lützelbach Ortsmitte Bushaltestelle</cmt>
		<desc>Lützelbach Ortsmitte Bushaltestelle</desc>
		<src>HessenForst</src>
	</wpt>
	<wpt lat="49.774345255774925" lon="8.8238740630645509">
		<name>DA-159</name>
		<cmt>Wersauer Weg, Tannenhof</cmt>
		<desc>Wersauer Weg, Tannenhof</desc>
		<src>HessenForst</src>
	</wpt>
	<wpt lat="50.773413352688877" lon="8.6691050195786481">
		<name>MR-427</name>
		<cmt>vor Allna, Straßeneinmündung der Straße von Friebertshausen (K 65 / K 66)</cmt>
		<desc>vor Allna, Straßeneinmündung der Straße von Friebertshausen (K 65 / K 66)</desc>
		<src>HessenForst</src>
	</wpt>
	<wpt lat="49.907651674913815" lon="8.7513745431881542">
		<name>DA-25</name>
		<cmt>Parkplatz an der Zufahrt zum Schießstand</cmt>
		<desc>Parkplatz an der Zufahrt zum Schießstand</desc>
		<src>HessenForst</src>
	</wpt>
	<wpt lat="50.896541980728287" lon="8.7218634671416915">
		<name>MR-109</name>
		<cmt>Wollenbergschule</cmt>
		<desc>Wollenbergschule</desc>
		<src>HessenForst</src>
	</wpt>
	<wpt lat="51.103063186191108" lon="8.731913128006104">
		<name>KB-533</name>
		<cmt>Rengershäuser Kreuz, Kreuzung K 126 mit Forstweg (Ferkelstraße / Salzstraße) im Wald</cmt>
		<desc>Rengershäuser Kreuz, Kreuzung K 126 mit Forstweg (Ferkelstraße / Salzstraße) im Wald</desc>
		<src>HessenForst</src>
	</wpt>
	<wpt lat="50.126560122965749" lon="9.4219218321132896">
		<name>MKK-316</name>
		<cmt>Zufahrt Gaststätte "Flörsbacher Hof", B 276</cmt>
		<desc>Zufahrt Gaststätte "Flörsbacher Hof", B 276</desc>
		<src>HessenForst</src>
	</wpt>
	<wpt lat="49.828078822077799" lon="8.7222055439366333">
		<name>DA-614</name>
		<cmt>Abfahrt zur Waldmühle</cmt>
		<desc>Abfahrt zur Waldmühle</desc>
		<src>HessenForst</src>
	</wpt>
	<wpt lat="49.804171131857466" lon="8.7374498034167321">
		<name>DA-607</name>
		<cmt>Autohaus Kuhn</cmt>
		<desc>Autohaus Kuhn</desc>
		<src>HessenForst</src>
	</wpt>
	<wpt lat="50.736611119610401" lon="8.8494978515854932">
		<name>MR-323</name>
		<cmt>Kreuzung L 3125 / K 43 Ortseingang  Mölln</cmt>
		<desc>Kreuzung L 3125 / K 43 Ortseingang  Mölln</desc>
		<src>HessenForst</src>
	</wpt>
	<wpt lat="51.307062399382957" lon="9.3770177844792464">
		<name>KS-572</name>
		<cmt>Druseltalstr., bis Golfplatz, links in Ri. Herbsthäuschen, Parkplatz Ziegenkopf</cmt>
		<desc>Druseltalstr., bis Golfplatz, links in Ri. Herbsthäuschen, Parkplatz Ziegenkopf</desc>
		<src>HessenForst</src>
	</wpt>
	<wpt lat="50.786136870482956" lon="9.1339644739211945">
		<name>VB-127</name>
		<cmt>Im Wald Abzweig</cmt>
		<desc>Im Wald Abzweig</desc>
		<src>HessenForst</src>
	</wpt>
	<wpt lat="51.134957072739937" lon="9.7521026654587288">
		<name>HR-210</name>
		<cmt>Weidelbach</cmt>
		<desc>Weidelbach</desc>
		<src>HessenForst</src>
	</wpt>
	<wpt lat="50.664440406512384" lon="9.2104351767134958">
		<name>VB-55</name>
		<cmt>Berff</cmt>
		<desc>Berff</desc>
		<src>HessenForst</src>
	</wpt>
	<wpt lat="51.062549509817792" lon="9.4905927815462778">
		<name>HR-165</name>
		<cmt>Bubenrode</cmt>
		<desc>Bubenrode</desc>
		<src>HessenForst</src>
	</wpt>
	<wpt lat="50.503716565044208" lon="8.6796072179889965">
		<name>GI-401</name>
		<cmt>Leihgesterner Str., Hinter BAB Brücke 1. Waldweg rechts</cmt>
		<desc>Leihgesterner Str., Hinter BAB Brücke 1. Waldweg rechts</desc>
		<src>HessenForst</src>
	</wpt>
	<wpt lat="51.047591207586962" lon="9.1235290434723382">
		<name>HR-43</name>
		<cmt>Waldeinfahrt hinter den Fischteichen</cmt>
		<desc>Waldeinfahrt hinter den Fischteichen</desc>
		<src>HessenForst</src>
	</wpt>
	<wpt lat="50.735237430322336" lon="8.513524659378648">
		<name>LDK-141</name>
		<cmt>Abzweig Zollbuche</cmt>
		<desc>Abzweig Zollbuche</desc>
		<src>HessenForst</src>
	</wpt>
	<wpt lat="50.903781852602314" lon="9.5994433560788455">
		<name>HEF-310</name>
		<cmt>Tankstelle Obergeis</cmt>
		<desc>Tankstelle Obergeis</desc>
		<src>HessenForst</src>
	</wpt>
	<wpt lat="50.256321671170937" lon="8.4512006562441186">
		<name>HG-53</name>
		<cmt>Sportplatz Arnoldshain</cmt>
		<desc>Sportplatz Arnoldshain</desc>
		<src>HessenForst</src>
	</wpt>
	<wpt lat="50.361730287622763" lon="8.6566078105938562">
		<name>FB-182</name>
		<cmt>Notrufsäule Parkplatz Schiefertal</cmt>
		<desc>Notrufsäule Parkplatz Schiefertal</desc>
		<src>HessenForst</src>
	</wpt>
	<wpt lat="50.308997470464568" lon="8.2170743294691313">
		<name>LM-262</name>
		<cmt>Parkplatz Friedhof an der L 3030</cmt>
		<desc>Parkplatz Friedhof an der L 3030</desc>
		<src>HessenForst</src>
	</wpt>
	<wpt lat="51.333375758893396" lon="9.2686215051476495">
		<name>KS-522</name>
		<cmt>L 3390, am Waldparkplatz</cmt>
		<desc>L 3390, am Waldparkplatz</desc>
		<src>HessenForst</src>
	</wpt>
	<wpt lat="49.902086819896738" lon="8.6999609918287515">
		<name>DA-932</name>
		<cmt>Parkplatz Feldschneise</cmt>
		<desc>Parkplatz Feldschneise</desc>
		<src>HessenForst</src>
	</wpt>
	<wpt lat="50.283133146105214" lon="8.5882198777787497">
		<name>HG-189</name>
		<cmt>Parkplatz gegenüber Einfahrt zum Bahnhof Saalburg</cmt>
		<desc>Parkplatz gegenüber Einfahrt zum Bahnhof Saalburg</desc>
		<src>HessenForst</src>
	</wpt>
	<wpt lat="50.063331945377584" lon="8.8855241526836384">
		<name>OF-223</name>
		<cmt>Einfahrt zur Kläranlage Weiskirchen</cmt>
		<desc>Einfahrt zur Kläranlage Weiskirchen</desc>
		<src>HessenForst</src>
	</wpt>
	<wpt lat="50.850865694387423" lon="9.7276009609917757">
		<name>HEF-223</name>
		<cmt>Untere Kühnbach</cmt>
		<desc>Untere Kühnbach</desc>
		<src>HessenForst</src>
	</wpt>
	<wpt lat="50.822216433251867" lon="9.8651123538551246">
		<name>HEF-218</name>
		<cmt>Sportplatz Schenklengsfeld</cmt>
		<desc>Sportplatz Schenklengsfeld</desc>
		<src>HessenForst</src>
	</wpt>
	<wpt lat="51.083262112299636" lon="9.7439794856572934">
		<name>HR-240</name>
		<cmt>Herlefeld Ortsmitte</cmt>
		<desc>Herlefeld Ortsmitte</desc>
		<src>HessenForst</src>
	</wpt>
	<wpt lat="51.221332024204294" lon="9.6306759836108267">
		<name>KS-434</name>
		<cmt>Parkplatz Sängerbuche</cmt>
		<desc>Parkplatz Sängerbuche</desc>
		<src>HessenForst</src>
	</wpt>
	<wpt lat="50.183256757540981" lon="8.3992756464396088">
		<name>MTK-33</name>
		<cmt>Wasserwerk / Kramerweg</cmt>
		<desc>Wasserwerk / Kramerweg</desc>
		<src>HessenForst</src>
	</wpt>
	<wpt lat="49.947695156766422" lon="8.5191348256172965">
		<name>GG-53</name>
		<cmt>Parkplatz Jugendzeltlager Wildpark (Falltorhaus)</cmt>
		<desc>Parkplatz Jugendzeltlager Wildpark (Falltorhaus)</desc>
		<src>HessenForst</src>
	</wpt>
	<wpt lat="50.683770859715324" lon="8.2952560240586699">
		<name>LDK-363</name>
		<cmt>Uckersdorferf Weg, Forstamt</cmt>
		<desc>Uckersdorferf Weg, Forstamt</desc>
		<src>HessenForst</src>
	</wpt>
	<wpt lat="50.123285953990326" lon="8.1676255287359094">
		<name>WI-45</name>
		<cmt>Einfahrt zum Schläfers-kopf an der B 54</cmt>
		<desc>Einfahrt zum Schläfers-kopf an der B 54</desc>
		<src>HessenForst</src>
	</wpt>
	<wpt lat="50.271210241538064" lon="8.9030655099340805">
		<name>MKK-909</name>
		<cmt>Waldrand oberhalb B 521</cmt>
		<desc>Waldrand oberhalb B 521</desc>
		<src>HessenForst</src>
	</wpt>
	<wpt lat="50.797022757362711" lon="9.4260851712647575">
		<name>HR-937</name>
		<cmt>Forsthaus Görzhain</cmt>
		<desc>Forsthaus Görzhain</desc>
		<src>HessenForst</src>
	</wpt>
	<wpt lat="50.172162498716212" lon="9.3953871053208022">
		<name>MKK-330</name>
		<cmt>Villbach am Golfplatz</cmt>
		<desc>Villbach am Golfplatz</desc>
		<src>HessenForst</src>
	</wpt>
	<wpt lat="50.151174016458008" lon="8.8820918101533817">
		<name>MKK-605</name>
		<cmt>Parkplatz Tennishalle</cmt>
		<desc>Parkplatz Tennishalle</desc>
		<src>HessenForst</src>
	</wpt>
	<wpt lat="50.262407886360059" lon="8.4362990039384425">
		<name>HG-56</name>
		<cmt>Parkplatz Talgrund</cmt>
		<desc>Parkplatz Talgrund</desc>
		<src>HessenForst</src>
	</wpt>
	<wpt lat="50.155825883556794" lon="9.2242149491923442">
		<name>MKK-233</name>
		<cmt>Waldparkplatz Hufeisen</cmt>
		<desc>Waldparkplatz Hufeisen</desc>
		<src>HessenForst</src>
	</wpt>
	<wpt lat="50.35965759080942" lon="8.3743136880656301">
		<name>HG-93</name>
		<cmt>Emmershäuser Hütte</cmt>
		<desc>Emmershäuser Hütte</desc>
		<src>HessenForst</src>
	</wpt>
	<wpt lat="50.146246030280011" lon="8.4217430456450266">
		<name>MTK-40</name>
		<cmt>Waldrand Staufenstraße, Fischbach</cmt>
		<desc>Waldrand Staufenstraße, Fischbach</desc>
		<src>HessenForst</src>
	</wpt>
	<wpt lat="49.940965476499017" lon="8.757688735781656">
		<name>DA-44</name>
		<cmt>Parkplatz Heimkehrerplatz am Waldeingang "Heimkehrerplatz"</cmt>
		<desc>Parkplatz Heimkehrerplatz am Waldeingang "Heimkehrerplatz"</desc>
		<src>HessenForst</src>
	</wpt>
	<wpt lat="50.46748547697964" lon="8.4806533776983599">
		<name>LDK-64</name>
		<cmt>Falltorstraße 6 Volksbank</cmt>
		<desc>Falltorstraße 6 Volksbank</desc>
		<src>HessenForst</src>
	</wpt>
	<wpt lat="50.175791227547542" lon="8.952589344047059">
		<name>MKK-611</name>
		<cmt>Waldeingang</cmt>
		<desc>Waldeingang</desc>
		<src>HessenForst</src>
	</wpt>
	<wpt lat="50.857233859132506" lon="9.8118631697786753">
		<name>HEF-242</name>
		<cmt>Einfahrt Lämmertal</cmt>
		<desc>Einfahrt Lämmertal</desc>
		<src>HessenForst</src>
	</wpt>
	<wpt lat="51.301959444989883" lon="9.5428399502210191">
		<name>KS-586</name>
		<cmt>Friedhof, Eichwaldstr., am Waldeingang</cmt>
		<desc>Friedhof, Eichwaldstr., am Waldeingang</desc>
		<src>HessenForst</src>
	</wpt>
	<wpt lat="50.293987390972163" lon="8.4139289057724884">
		<name>HG-69</name>
		<cmt>Brunnen - Ortsmitte</cmt>
		<desc>Brunnen - Ortsmitte</desc>
		<src>HessenForst</src>
	</wpt>
	<wpt lat="50.302937938311644" lon="8.2336192058153035">
		<name>LM-253</name>
		<cmt>Wertholzplatz westlich BAB Rastst.</cmt>
		<desc>Wertholzplatz westlich BAB Rastst.</desc>
		<src>HessenForst</src>
	</wpt>
	<wpt lat="50.310605151954846" lon="8.1118374879989066">
		<name>LM-255</name>
		<cmt>Alter Sportplatz Heringen</cmt>
		<desc>Alter Sportplatz Heringen</desc>
		<src>HessenForst</src>
	</wpt>
	<wpt lat="50.534564463676936" lon="8.419296443578574">
		<name>LDK-44</name>
		<cmt>Oberndorf &amp;gt; Albshausen Einfahrt Galgenberg ehem. THW</cmt>
		<desc>Oberndorf &amp;gt; Albshausen Einfahrt Galgenberg ehem. THW</desc>
		<src>HessenForst</src>
	</wpt>
	<wpt lat="49.758860901320475" lon="8.7663130866685641">
		<name>DA-710</name>
		<cmt>Klein - Bieberau Ortsmitte</cmt>
		<desc>Klein - Bieberau Ortsmitte</desc>
		<src>HessenForst</src>
	</wpt>
	<wpt lat="51.310871933987585" lon="9.3504722555048367">
		<name>KS-600</name>
		<cmt>Zufahrt Hohes Gras / Kletterwald</cmt>
		<desc>Zufahrt Hohes Gras / Kletterwald</desc>
		<src>HessenForst</src>
	</wpt>
	<wpt lat="50.838691650927558" lon="9.8031459058601769">
		<name>HEF-241</name>
		<cmt>Mühlberg/Hüttenbach</cmt>
		<desc>Mühlberg/Hüttenbach</desc>
		<src>HessenForst</src>
	</wpt>
	<wpt lat="51.019485485909627" lon="10.035472926659029">
		<name>ESW-441</name>
		<cmt>Grünes Gras</cmt>
		<desc>Grünes Gras</desc>
		<src>HessenForst</src>
	</wpt>
	<wpt lat="50.841100442972035" lon="8.9238500550607736">
		<name>MR-308</name>
		<cmt>Waldeingang Abfahrt Wasserwerk</cmt>
		<desc>Waldeingang Abfahrt Wasserwerk</desc>
		<src>HessenForst</src>
	</wpt>
	<wpt lat="49.837099142479168" lon="8.9797921831993452">
		<name>DA-20</name>
		<cmt>Waldweg nach der Zufahrt zum Sportplatz Heubach</cmt>
		<desc>Waldweg nach der Zufahrt zum Sportplatz Heubach</desc>
		<src>HessenForst</src>
	</wpt>
	<wpt lat="51.301354030962855" lon="9.3671952311032207">
		<name>KS-579</name>
		<cmt>Herbsthäuschen, oberhalb DRK-Station</cmt>
		<desc>Herbsthäuschen, oberhalb DRK-Station</desc>
		<src>HessenForst</src>
	</wpt>
	<wpt lat="50.069608795659704" lon="8.9166655858981709">
		<name>OF-301</name>
		<cmt>Parkplatz Katzenbuckel 7 Tongrube Hainst. Abt. 107/108</cmt>
		<desc>Parkplatz Katzenbuckel 7 Tongrube Hainst. Abt. 107/108</desc>
		<src>HessenForst</src>
	</wpt>
	<wpt lat="50.838950060243739" lon="9.7037583032222816">
		<name>HEF-225</name>
		<cmt>Johannesberg-Holzheimer Straße</cmt>
		<desc>Johannesberg-Holzheimer Straße</desc>
		<src>HessenForst</src>
	</wpt>
	<wpt lat="50.914969503309678" lon="8.6492684182223627">
		<name>MR-107</name>
		<cmt>Ortsmitte Treisbach</cmt>
		<desc>Ortsmitte Treisbach</desc>
		<src>HessenForst</src>
	</wpt>
	<wpt lat="51.406645587692324" lon="9.4676156877945736">
		<name>KS-558</name>
		<cmt>Freizeitanlage Espenau</cmt>
		<desc>Freizeitanlage Espenau</desc>
		<src>HessenForst</src>
	</wpt>
	<wpt lat="50.753228599020169" lon="8.4490240104456689">
		<name>MR-618</name>
		<cmt>Bauhof Bad Endbach</cmt>
		<desc>Bauhof Bad Endbach</desc>
		<src>HessenForst</src>
	</wpt>
	<wpt lat="49.757462650205554" lon="8.7219025445468219">
		<name>DA-709</name>
		<cmt>Hoxhohl Naturpark - Parkplatz</cmt>
		<desc>Hoxhohl Naturpark - Parkplatz</desc>
		<src>HessenForst</src>
	</wpt>
	<wpt lat="49.533558137670362" lon="8.9173423243368557">
		<name>ERB-270</name>
		<cmt>Finkenbach, Gasthaus "Zur Traube"</cmt>
		<desc>Finkenbach, Gasthaus "Zur Traube"</desc>
		<src>HessenForst</src>
	</wpt>
	<wpt lat="50.54302320867798" lon="8.451220012659217">
		<name>LDK-173</name>
		<cmt>Schulstraße, Schule Steindorf (beschildert)</cmt>
		<desc>Schulstraße, Schule Steindorf (beschildert)</desc>
		<src>HessenForst</src>
	</wpt>
	<wpt lat="50.441460899247204" lon="8.6518056003121195">
		<name>FB-164</name>
		<cmt>Waldeingang Hauptschneise</cmt>
		<desc>Waldeingang Hauptschneise</desc>
		<src>HessenForst</src>
	</wpt>
	<wpt lat="51.101352935510874" lon="9.2332414475577931">
		<name>HR-27</name>
		<cmt>Betriebshof  Rothelmshausen</cmt>
		<desc>Betriebshof  Rothelmshausen</desc>
		<src>HessenForst</src>
	</wpt>
	<wpt lat="49.996947657234422" lon="8.906966051690258">
		<name>OF-234</name>
		<cmt>Parkplatz L 3116 OPEL</cmt>
		<desc>Parkplatz L 3116 OPEL</desc>
		<src>HessenForst</src>
	</wpt>
	<wpt lat="51.215687939935854" lon="10.067417796179738">
		<name>ESW-308</name>
		<cmt>Parkplatz Siechenborn ca. 100 m nördlich Abzweig K 48</cmt>
		<desc>Parkplatz Siechenborn ca. 100 m nördlich Abzweig K 48</desc>
		<src>HessenForst</src>
	</wpt>
	<wpt lat="50.914676314110686" lon="9.5276911154570811">
		<name>HEF-304</name>
		<cmt>Gasthaus zur Post Raboldshausen</cmt>
		<desc>Gasthaus zur Post Raboldshausen</desc>
		<src>HessenForst</src>
	</wpt>
	<wpt lat="51.040135797496312" lon="9.5846324682485093">
		<name>HR-242</name>
		<cmt>Wichte</cmt>
		<desc>Wichte</desc>
		<src>HessenForst</src>
	</wpt>
	<wpt lat="51.210455298239253" lon="9.2040150159428737">
		<name>KS-538</name>
		<cmt>L 3214 nach d. letzen Haus Ri. Fritzlar rechts</cmt>
		<desc>L 3214 nach d. letzen Haus Ri. Fritzlar rechts</desc>
		<src>HessenForst</src>
	</wpt>
	<wpt lat="51.075166158031223" lon="9.6161985980752185">
		<name>HR-234</name>
		<cmt>Frauenberg</cmt>
		<desc>Frauenberg</desc>
		<src>HessenForst</src>
	</wpt>
	<wpt lat="50.8648409897867" lon="9.4860745329850751">
		<name>HR-940</name>
		<cmt>Miesplatz</cmt>
		<desc>Miesplatz</desc>
		<src>HessenForst</src>
	</wpt>
	<wpt lat="50.874357410606471" lon="9.011327159009987">
		<name>MR-221</name>
		<cmt>Hatzbach, Feuerwehr-Gerätehaus</cmt>
		<desc>Hatzbach, Feuerwehr-Gerätehaus</desc>
		<src>HessenForst</src>
	</wpt>
	<wpt lat="50.805061957745586" lon="8.4969068153573186">
		<name>MR-604</name>
		<cmt>Bottenhorn, Kreisstr., Bottenhorn/Steinperf., Abzw. Feldweg, ca. 1,5 km nach Ortsausgang</cmt>
		<desc>Bottenhorn, Kreisstr., Bottenhorn/Steinperf., Abzw. Feldweg, ca. 1,5 km nach Ortsausgang</desc>
		<src>HessenForst</src>
	</wpt>
	<wpt lat="50.525468216744152" lon="8.5357339366797902">
		<name>LDK-56</name>
		<cmt>Wetzlar&amp;gt;Weidenhausen Waldparkplatz links</cmt>
		<desc>Wetzlar&amp;gt;Weidenhausen Waldparkplatz links</desc>
		<src>HessenForst</src>
	</wpt>
	<wpt lat="50.090690693571375" lon="8.8951334487631453">
		<name>MKK-403</name>
		<cmt>Ende der Ausbaustrecke</cmt>
		<desc>Ende der Ausbaustrecke</desc>
		<src>HessenForst</src>
	</wpt>
	<wpt lat="50.823117260978421" lon="9.3902058083092488">
		<name>HR-934</name>
		<cmt>Einfahrt Forsthaus Kleinropperhausen</cmt>
		<desc>Einfahrt Forsthaus Kleinropperhausen</desc>
		<src>HessenForst</src>
	</wpt>
	<wpt lat="49.777593588341617" lon="8.6728769100761038">
		<name>DA-905</name>
		<cmt>Bismark-Buche am Odenwälder Weg</cmt>
		<desc>Bismark-Buche am Odenwälder Weg</desc>
		<src>HessenForst</src>
	</wpt>
	<wpt lat="49.672970741008484" lon="8.5667225077319351">
		<name>HP-310</name>
		<cmt>Wattenheimer Brücke Lorsch</cmt>
		<desc>Wattenheimer Brücke Lorsch</desc>
		<src>HessenForst</src>
	</wpt>
	<wpt lat="50.172355911224493" lon="9.242795909071619">
		<name>MKK-232</name>
		<cmt>Waldparkplatz Breitenborner Höhe</cmt>
		<desc>Waldparkplatz Breitenborner Höhe</desc>
		<src>HessenForst</src>
	</wpt>
	<wpt lat="50.733264695488359" lon="8.7021565408284491">
		<name>MR-438</name>
		<cmt>Feuerwehrstützpunkt Niederwalgern</cmt>
		<desc>Feuerwehrstützpunkt Niederwalgern</desc>
		<src>HessenForst</src>
	</wpt>
	<wpt lat="51.27896738959474" lon="9.3761512170520387">
		<name>KS-575</name>
		<cmt>Schützenplatz Elgershausen, oberhalb DRK-Haus</cmt>
		<desc>Schützenplatz Elgershausen, oberhalb DRK-Haus</desc>
		<src>HessenForst</src>
	</wpt>
	<wpt lat="49.77614174080302" lon="8.7709413896881525">
		<name>DA-716</name>
		<cmt>Asbach - Ortseingang Ost</cmt>
		<desc>Asbach - Ortseingang Ost</desc>
		<src>HessenForst</src>
	</wpt>
	<wpt lat="50.922836124956945" lon="9.255684438948979">
		<name>HR-432</name>
		<cmt>Parkplatz Asklepios-Klinik</cmt>
		<desc>Parkplatz Asklepios-Klinik</desc>
		<src>HessenForst</src>
	</wpt>
	<wpt lat="50.822475624754553" lon="8.9886321704240313">
		<name>MR-312</name>
		<cmt>Waserwerk Stadtallendorf</cmt>
		<desc>Waserwerk Stadtallendorf</desc>
		<src>HessenForst</src>
	</wpt>
	<wpt lat="51.346575619877456" lon="9.404155262922961">
		<name>KS-582</name>
		<cmt>B 251, Parkplatz Erlenloch</cmt>
		<desc>B 251, Parkplatz Erlenloch</desc>
		<src>HessenForst</src>
	</wpt>
	<wpt lat="50.647725771217445" lon="8.6009571891697014">
		<name>GI-212</name>
		<cmt>Schlagsweg</cmt>
		<desc>Schlagsweg</desc>
		<src>HessenForst</src>
	</wpt>
	<wpt lat="50.913721125229181" lon="9.5769712909704872">
		<name>HEF-309</name>
		<cmt>BAB-Anschlußstelle HEF-West</cmt>
		<desc>BAB-Anschlußstelle HEF-West</desc>
		<src>HessenForst</src>
	</wpt>
	<wpt lat="50.166544271492839" lon="8.4797292930742074">
		<name>MTK-51</name>
		<cmt>Parkplatz Hubertushöhe</cmt>
		<desc>Parkplatz Hubertushöhe</desc>
		<src>HessenForst</src>
	</wpt>
	<wpt lat="50.831694645662253" lon="9.5574228395286251">
		<name>HEF-323</name>
		<cmt>Ortseingang Gershausen -Forsthaus</cmt>
		<desc>Ortseingang Gershausen -Forsthaus</desc>
		<src>HessenForst</src>
	</wpt>
	<wpt lat="50.20983961625911" lon="8.4154672862117277">
		<name>HG-45</name>
		<cmt>Parkplatz Mallmannstein</cmt>
		<desc>Parkplatz Mallmannstein</desc>
		<src>HessenForst</src>
	</wpt>
	<wpt lat="51.156083768451531" lon="9.9862671700625576">
		<name>ESW-320</name>
		<cmt>Bahnunterführung nach Vierbach B 27</cmt>
		<desc>Bahnunterführung nach Vierbach B 27</desc>
		<src>HessenForst</src>
	</wpt>
	<wpt lat="49.926413759077732" lon="8.8295544256150436">
		<name>DA-39</name>
		<cmt>Radweg links vom Eingang der Muna</cmt>
		<desc>Radweg links vom Eingang der Muna</desc>
		<src>HessenForst</src>
	</wpt>
	<wpt lat="50.111211152064044" lon="8.9748529429271127">
		<name>MKK-509</name>
		<cmt>Limesparkplatz B 8, Aschaffenburger Str.</cmt>
		<desc>Limesparkplatz B 8, Aschaffenburger Str.</desc>
		<src>HessenForst</src>
	</wpt>
	<wpt lat="51.174845032961855" lon="9.5945869862726916">
		<name>KS-442</name>
		<cmt>"Stracker Baum"</cmt>
		<desc>"Stracker Baum"</desc>
		<src>HessenForst</src>
	</wpt>
	<wpt lat="50.687912929314535" lon="8.3099905915656453">
		<name>LDK-365</name>
		<cmt>Dillenburg -&amp;gt; Sinn, Abzweig Alsbach, Brauerei</cmt>
		<desc>Dillenburg -&amp;gt; Sinn, Abzweig Alsbach, Brauerei</desc>
		<src>HessenForst</src>
	</wpt>
	<wpt lat="49.628328591812746" lon="8.9193257693271466">
		<name>ERB-6</name>
		<cmt>Parkplatz Lindelbrunnen</cmt>
		<desc>Parkplatz Lindelbrunnen</desc>
		<src>HessenForst</src>
	</wpt>
	<wpt lat="50.692842799433059" lon="9.1846838031022191">
		<name>VB-141</name>
		<cmt>Waldweg</cmt>
		<desc>Waldweg</desc>
		<src>HessenForst</src>
	</wpt>
	<wpt lat="51.135102671699954" lon="10.039758102545099">
		<name>ESW-341</name>
		<cmt>Abzweig Eisgrund</cmt>
		<desc>Abzweig Eisgrund</desc>
		<src>HessenForst</src>
	</wpt>
	<wpt lat="50.498677321850614" lon="8.4262236990763224">
		<name>LDK-15</name>
		<cmt>Kindergarten Bonbaden</cmt>
		<desc>Kindergarten Bonbaden</desc>
		<src>HessenForst</src>
	</wpt>
	<wpt lat="51.117330181069697" lon="10.058800105173765">
		<name>ESW-428</name>
		<cmt>Lautenbach</cmt>
		<desc>Lautenbach</desc>
		<src>HessenForst</src>
	</wpt>
	<wpt lat="50.913926215717559" lon="8.4689211352761156">
		<name>MR-28</name>
		<cmt>Breidestein Stadtschänke</cmt>
		<desc>Breidestein Stadtschänke</desc>
		<src>HessenForst</src>
	</wpt>
	<wpt lat="50.443138461199887" lon="8.5409599680928032">
		<name>GI-383</name>
		<cmt>Abzweig Griedelbach, Rasenplatz</cmt>
		<desc>Abzweig Griedelbach, Rasenplatz</desc>
		<src>HessenForst</src>
	</wpt>
	<wpt lat="50.645445311407705" lon="8.3117658702799204">
		<name>LDK-282</name>
		<cmt>Hauptstraße Ecke Kellersweg</cmt>
		<desc>Hauptstraße Ecke Kellersweg</desc>
		<src>HessenForst</src>
	</wpt>
	<wpt lat="50.569073321296315" lon="8.5648490195826454">
		<name>LDK-175</name>
		<cmt>Garbenheim &amp;gt; Dutenhofen, Pendler-Parkplatz gegenüber Auffahrt B 49 Richtung Giessen</cmt>
		<desc>Garbenheim &amp;gt; Dutenhofen, Pendler-Parkplatz gegenüber Auffahrt B 49 Richtung Giessen</desc>
		<src>HessenForst</src>
	</wpt>
	<wpt lat="50.155007119656723" lon="8.4034252653429853">
		<name>MTK-39</name>
		<cmt>Achtwegeplatz</cmt>
		<desc>Achtwegeplatz</desc>
		<src>HessenForst</src>
	</wpt>
	<wpt lat="51.378955828652586" lon="9.4183670157540149">
		<name>KS-556</name>
		<cmt>Rasenallee von Kassel Richtung Wilhelmstal Parkplatz am Waldrand links</cmt>
		<desc>Rasenallee von Kassel Richtung Wilhelmstal Parkplatz am Waldrand links</desc>
		<src>HessenForst</src>
	</wpt>
	<wpt lat="51.107205777374482" lon="9.6442202671354558">
		<name>HR-216</name>
		<cmt>Brunnen Bergheim</cmt>
		<desc>Brunnen Bergheim</desc>
		<src>HessenForst</src>
	</wpt>
	<wpt lat="51.152819193260633" lon="10.184869704244715">
		<name>ESW-358</name>
		<cmt>Waldeingang nordöstl. Altenburschla</cmt>
		<desc>Waldeingang nordöstl. Altenburschla</desc>
		<src>HessenForst</src>
	</wpt>
	<wpt lat="51.177261978023218" lon="9.5511027984287491">
		<name>HR-110</name>
		<cmt>Waldeingang Rüdewigsgraben</cmt>
		<desc>Waldeingang Rüdewigsgraben</desc>
		<src>HessenForst</src>
	</wpt>
	<wpt lat="50.810673028517904" lon="9.1962863063172406">
		<name>VB-215</name>
		<cmt>Waldkreuzung Abt. 519 / 525</cmt>
		<desc>Waldkreuzung Abt. 519 / 525</desc>
		<src>HessenForst</src>
	</wpt>
	<wpt lat="50.864446827146907" lon="9.784807011272239">
		<name>HEF-244</name>
		<cmt>Parkplatz Forsthaus Sorga</cmt>
		<desc>Parkplatz Forsthaus Sorga</desc>
		<src>HessenForst</src>
	</wpt>
	<wpt lat="51.382934331975868" lon="9.43701270874298">
		<name>KS-559</name>
		<cmt>B 7, von KS, Ausfahrt Espenau, links über Brücke, Parkplatz</cmt>
		<desc>B 7, von KS, Ausfahrt Espenau, links über Brücke, Parkplatz</desc>
		<src>HessenForst</src>
	</wpt>
	<wpt lat="50.331919144060649" lon="8.7005874965827292">
		<name>FB-184</name>
		<cmt>Rühl - Chemie bei der Ockstädter Autobahnbrücke</cmt>
		<desc>Rühl - Chemie bei der Ockstädter Autobahnbrücke</desc>
		<src>HessenForst</src>
	</wpt>
	<wpt lat="51.355484849031704" lon="9.1307390851531967">
		<name>KS-518</name>
		<cmt>Ortsmitte Viesebeck, Parkplatz an der Grillhütte</cmt>
		<desc>Ortsmitte Viesebeck, Parkplatz an der Grillhütte</desc>
		<src>HessenForst</src>
	</wpt>
	<wpt lat="50.331704853310704" lon="8.2046636187765873">
		<name>LM-237</name>
		<cmt>Unterführung K 507 /BAB</cmt>
		<desc>Unterführung K 507 /BAB</desc>
		<src>HessenForst</src>
	</wpt>
	<wpt lat="50.853473796714269" lon="9.4025718086740913">
		<name>HR-931</name>
		<cmt>Forsthaus Teichwiesenwald</cmt>
		<desc>Forsthaus Teichwiesenwald</desc>
		<src>HessenForst</src>
	</wpt>
	<wpt lat="49.651150534175166" lon="8.5375410286957241">
		<name>HP-312</name>
		<cmt>Parkplatz Boxheimer Lache</cmt>
		<desc>Parkplatz Boxheimer Lache</desc>
		<src>HessenForst</src>
	</wpt>
	<wpt lat="50.31925059725706" lon="8.2002850697614598">
		<name>LM-261</name>
		<cmt>Zufahrt Wochenendhäuser</cmt>
		<desc>Zufahrt Wochenendhäuser</desc>
		<src>HessenForst</src>
	</wpt>
	<wpt lat="51.137745556053524" lon="10.086326288663244">
		<name>ESW-344</name>
		<cmt>Andere Haintal</cmt>
		<desc>Andere Haintal</desc>
		<src>HessenForst</src>
	</wpt>
	<wpt lat="51.32063610815046" lon="9.355767977439724">
		<name>KS-596</name>
		<cmt>L 3298 Kassel - Ehlen, am höchsten Punkt rechts , breite Waldstraße bis Abzweig Kastanienallee</cmt>
		<desc>L 3298 Kassel - Ehlen, am höchsten Punkt rechts , breite Waldstraße bis Abzweig Kastanienallee</desc>
		<src>HessenForst</src>
	</wpt>
	<wpt lat="49.597010353426555" lon="8.7815849705718882">
		<name>HP-214</name>
		<cmt>Ortsausgang Zotzenbach-Süd = Erdklingen</cmt>
		<desc>Ortsausgang Zotzenbach-Süd = Erdklingen</desc>
		<src>HessenForst</src>
	</wpt>
	<wpt lat="49.794093708278105" lon="8.7339365025749576">
		<name>DA-604</name>
		<cmt>Abfahrt Teerweg zu Fischteichen/Gärten</cmt>
		<desc>Abfahrt Teerweg zu Fischteichen/Gärten</desc>
		<src>HessenForst</src>
	</wpt>
	<wpt lat="50.82524506356787" lon="9.3496340024363587">
		<name>HR-925</name>
		<cmt>Haardt</cmt>
		<desc>Haardt</desc>
		<src>HessenForst</src>
	</wpt>
	<wpt lat="50.172085119285832" lon="8.39344516752743">
		<name>MTK-35</name>
		<cmt>Zufahrt Atzelbergturm Eppenhain</cmt>
		<desc>Zufahrt Atzelbergturm Eppenhain</desc>
		<src>HessenForst</src>
	</wpt>
	<wpt lat="50.870649822697104" lon="9.6652039179893272">
		<name>HEF-235</name>
		<cmt>Roter Neon - Parkplatz</cmt>
		<desc>Roter Neon - Parkplatz</desc>
		<src>HessenForst</src>
	</wpt>
	<wpt lat="50.811420839709655" lon="9.2251104848195027">
		<name>VB-222</name>
		<cmt>Greifenhainer Str., 1. Waldkreuzung links bis zur Landgrafenstraße (Ri. Kaiserwiese)</cmt>
		<desc>Greifenhainer Str., 1. Waldkreuzung links bis zur Landgrafenstraße (Ri. Kaiserwiese)</desc>
		<src>HessenForst</src>
	</wpt>
	<wpt lat="50.887273399619161" lon="9.7074379882562756">
		<name>HEF-272</name>
		<cmt>Wehneberg - Ponyhof</cmt>
		<desc>Wehneberg - Ponyhof</desc>
		<src>HessenForst</src>
	</wpt>
	<wpt lat="50.860667479427967" lon="8.8466667857207852">
		<name>MR-303</name>
		<cmt>Bushaltestelle Ortsmitte</cmt>
		<desc>Bushaltestelle Ortsmitte</desc>
		<src>HessenForst</src>
	</wpt>
	<wpt lat="50.303449345927113" lon="8.3997765200806445">
		<name>HG-73</name>
		<cmt>Bushaltestelle Riedelbach B 275</cmt>
		<desc>Bushaltestelle Riedelbach B 275</desc>
		<src>HessenForst</src>
	</wpt>
	<wpt lat="50.147162039761227" lon="8.3917996735250657">
		<name>MTK-42</name>
		<cmt>Bushaltestelle Freiherr v. Stein Schule</cmt>
		<desc>Bushaltestelle Freiherr v. Stein Schule</desc>
		<src>HessenForst</src>
	</wpt>
	<wpt lat="50.872800250040953" lon="9.4864720100324895">
		<name>HR-941</name>
		<cmt>Basaltbruch Nöll</cmt>
		<desc>Basaltbruch Nöll</desc>
		<src>HessenForst</src>
	</wpt>
	<wpt lat="49.862472615386061" lon="8.9805893106161676">
		<name>DA-11</name>
		<cmt>Rödelshäuschen</cmt>
		<desc>Rödelshäuschen</desc>
		<src>HessenForst</src>
	</wpt>
	<wpt lat="50.4322934036961" lon="8.1858928985621091">
		<name>LM-322</name>
		<cmt>Abfahrt Eschenau</cmt>
		<desc>Abfahrt Eschenau</desc>
		<src>HessenForst</src>
	</wpt>
	<wpt lat="51.394428468914761" lon="9.5153200656049961">
		<name>KS-560</name>
		<cmt>Gut Winterbüren</cmt>
		<desc>Gut Winterbüren</desc>
		<src>HessenForst</src>
	</wpt>
	<wpt lat="51.230242760427927" lon="9.1398691304475452">
		<name>KS-535</name>
		<cmt>L 3215 Naumburg Ri. Netze, am Wanderparkplatz links</cmt>
		<desc>L 3215 Naumburg Ri. Netze, am Wanderparkplatz links</desc>
		<src>HessenForst</src>
	</wpt>
	<wpt lat="51.35905027373618" lon="9.3680966818522897">
		<name>KS-553</name>
		<cmt>in Weimar Triffstr., Sportplatz, geradeaus bis Waldrand, nach Westen</cmt>
		<desc>in Weimar Triffstr., Sportplatz, geradeaus bis Waldrand, nach Westen</desc>
		<src>HessenForst</src>
	</wpt>
	<wpt lat="49.737585858738314" lon="8.6843348453703264">
		<name>HP-319</name>
		<cmt>Parkplatz Kreuzhof Kuralpe</cmt>
		<desc>Parkplatz Kreuzhof Kuralpe</desc>
		<src>HessenForst</src>
	</wpt>
	<wpt lat="51.259791444540959" lon="9.3047102114512477">
		<name>KS-534</name>
		<cmt>Parkplatz Falkenstein an K 25</cmt>
		<desc>Parkplatz Falkenstein an K 25</desc>
		<src>HessenForst</src>
	</wpt>
	<wpt lat="50.829011106003023" lon="9.4455342790979664">
		<name>HR-939</name>
		<cmt>Abzweig Rimberger Sandwerke</cmt>
		<desc>Abzweig Rimberger Sandwerke</desc>
		<src>HessenForst</src>
	</wpt>
	<wpt lat="50.795186436194875" lon="8.473907046613995">
		<name>MR-605</name>
		<cmt>Bottenhorn, Kreisstr., Bottenhorn/Frechenh., Abzw. zum Flugplatz, Hinweisschild Flugsplatz</cmt>
		<desc>Bottenhorn, Kreisstr., Bottenhorn/Frechenh., Abzw. zum Flugplatz, Hinweisschild Flugsplatz</desc>
		<src>HessenForst</src>
	</wpt>
	<wpt lat="50.151140553323323" lon="9.3993393829401786">
		<name>MKK-312</name>
		<cmt>Ausfahrt Waldweg "Trompete" an L 2905</cmt>
		<desc>Ausfahrt Waldweg "Trompete" an L 2905</desc>
		<src>HessenForst</src>
	</wpt>
	<wpt lat="50.257654618705288" lon="8.9175213224537515">
		<name>MKK-906</name>
		<cmt>Parkplatz Sportplatz</cmt>
		<desc>Parkplatz Sportplatz</desc>
		<src>HessenForst</src>
	</wpt>
	<wpt lat="50.197548826454188" lon="8.5284299963290771">
		<name>HG-25</name>
		<cmt>Parkplatz Rosengarten</cmt>
		<desc>Parkplatz Rosengarten</desc>
		<src>HessenForst</src>
	</wpt>
	<wpt lat="49.743810373654874" lon="8.8902789455516515">
		<name>ERB-144</name>
		<cmt>Parkplatz oberhalb "Feriendorf"</cmt>
		<desc>Parkplatz oberhalb "Feriendorf"</desc>
		<src>HessenForst</src>
	</wpt>
	<wpt lat="50.461534292318518" lon="8.5847857570661681">
		<name>GI-407</name>
		<cmt>Tankstelle am Ortsausgang Richtung Cleeberg</cmt>
		<desc>Tankstelle am Ortsausgang Richtung Cleeberg</desc>
		<src>HessenForst</src>
	</wpt>
	<wpt lat="50.886919856286625" lon="9.8533716183395708">
		<name>HEF-287</name>
		<cmt>Sternwarte Friedewald</cmt>
		<desc>Sternwarte Friedewald</desc>
		<src>HessenForst</src>
	</wpt>
	<wpt lat="50.910970028287167" lon="9.1405054397742944">
		<name>HR-420</name>
		<cmt>Kirchberg, Ortseingang Florshain</cmt>
		<desc>Kirchberg, Ortseingang Florshain</desc>
		<src>HessenForst</src>
	</wpt>
	<wpt lat="49.752798242929899" lon="8.8417827036842205">
		<name>ERB-151</name>
		<cmt>Waldeingang Holzlagerplatz  "Im Grund"</cmt>
		<desc>Waldeingang Holzlagerplatz  "Im Grund"</desc>
		<src>HessenForst</src>
	</wpt>
	<wpt lat="50.136183376891054" lon="9.4038479720516346">
		<name>MKK-315</name>
		<cmt>Flörsbacher Höhe</cmt>
		<desc>Flörsbacher Höhe</desc>
		<src>HessenForst</src>
	</wpt>
	<wpt lat="49.752514518056302" lon="8.6660851240410057">
		<name>DA-202</name>
		<cmt>Parkplatz Buschental</cmt>
		<desc>Parkplatz Buschental</desc>
		<src>HessenForst</src>
	</wpt>
	<wpt lat="50.493918854453604" lon="8.5970039480510252">
		<name>GI-405</name>
		<cmt>L 3133, Einfahrt zum Rothof</cmt>
		<desc>L 3133, Einfahrt zum Rothof</desc>
		<src>HessenForst</src>
	</wpt>
	<wpt lat="50.130685382085282" lon="9.3770550420135379">
		<name>MKK-313</name>
		<cmt>Gasthaus "Wiesbütt", Parkplatz</cmt>
		<desc>Gasthaus "Wiesbütt", Parkplatz</desc>
		<src>HessenForst</src>
	</wpt>
	<wpt lat="50.148187744360136" lon="9.4884706011227351">
		<name>MKK-325</name>
		<cmt>Parkplatz Wachhütte</cmt>
		<desc>Parkplatz Wachhütte</desc>
		<src>HessenForst</src>
	</wpt>
	<wpt lat="51.088729826990416" lon="8.7328704765392509">
		<name>KB-539</name>
		<cmt>Wangershäuser Kirche</cmt>
		<desc>Wangershäuser Kirche</desc>
		<src>HessenForst</src>
	</wpt>
	<wpt lat="49.712249666043917" lon="8.5754170155092986">
		<name>HP-309</name>
		<cmt>Niederwald Fehlheim</cmt>
		<desc>Niederwald Fehlheim</desc>
		<src>HessenForst</src>
	</wpt>
	<wpt lat="50.648806019570038" lon="8.7156281511017166">
		<name>GI-229</name>
		<cmt>Stadtverwaltung</cmt>
		<desc>Stadtverwaltung</desc>
		<src>HessenForst</src>
	</wpt>
	<wpt lat="49.922674171032639" lon="8.7529241255720986">
		<name>DA-34</name>
		<cmt>Am Bahnhof Einfahrt ZAW Grube Messel</cmt>
		<desc>Am Bahnhof Einfahrt ZAW Grube Messel</desc>
		<src>HessenForst</src>
	</wpt>
	<wpt lat="50.17315353919772" lon="8.9379364804853338">
		<name>MKK-610</name>
		<cmt>Waldeingang (sog. Pelleweg)</cmt>
		<desc>Waldeingang (sog. Pelleweg)</desc>
		<src>HessenForst</src>
	</wpt>
	<wpt lat="49.715040584154707" lon="8.6760067117463411">
		<name>HP-333</name>
		<cmt>Gasthaus "Am Borstein"</cmt>
		<desc>Gasthaus "Am Borstein"</desc>
		<src>HessenForst</src>
	</wpt>
	<wpt lat="50.179247286319523" lon="8.4873605126657985">
		<name>HG-29</name>
		<cmt>Waldparkplatz Opel-Zoo</cmt>
		<desc>Waldparkplatz Opel-Zoo</desc>
		<src>HessenForst</src>
	</wpt>
	<wpt lat="50.699805167883184" lon="8.4292649696912338">
		<name>LDK-333</name>
		<cmt>Offenbach &amp;gt;Bischoffen  B 255 Parkplatz Bahnübergang</cmt>
		<desc>Offenbach &amp;gt;Bischoffen  B 255 Parkplatz Bahnübergang</desc>
		<src>HessenForst</src>
	</wpt>
	<wpt lat="51.102319774722972" lon="9.9976367928751806">
		<name>ESW-423</name>
		<cmt>Gut Boyneburg</cmt>
		<desc>Gut Boyneburg</desc>
		<src>HessenForst</src>
	</wpt>
	<wpt lat="50.824180575720149" lon="9.7257451428246249">
		<name>HEF-226</name>
		<cmt>Oberhaun-Kirche</cmt>
		<desc>Oberhaun-Kirche</desc>
		<src>HessenForst</src>
	</wpt>
	<wpt lat="50.595090936857574" lon="8.8089411488635978">
		<name>GI-100</name>
		<cmt>B 49 / Abzweig Leppermühle</cmt>
		<desc>B 49 / Abzweig Leppermühle</desc>
		<src>HessenForst</src>
	</wpt>
	<wpt lat="50.491926874700169" lon="8.5513099361127001">
		<name>LDK-53</name>
		<cmt>Wertshäuser Straße bei der Kirche Ortsmitte</cmt>
		<desc>Wertshäuser Straße bei der Kirche Ortsmitte</desc>
		<src>HessenForst</src>
	</wpt>
	<wpt lat="49.599728876786486" lon="8.7372404478061991">
		<name>HP-241</name>
		<cmt>Parkplatz Rathaus Mörlenbach</cmt>
		<desc>Parkplatz Rathaus Mörlenbach</desc>
		<src>HessenForst</src>
	</wpt>
	<wpt lat="49.932574972235315" lon="8.6767636797045231">
		<name>DA-943</name>
		<cmt>Wixhausen Parkplatz Prinzen-/ Tannacker Schneise (GSI)</cmt>
		<desc>Wixhausen Parkplatz Prinzen-/ Tannacker Schneise (GSI)</desc>
		<src>HessenForst</src>
	</wpt>
	<wpt lat="50.393972720226287" lon="8.5113271093417069">
		<name>HG-106</name>
		<cmt>Zentralbahnhof</cmt>
		<desc>Zentralbahnhof</desc>
		<src>HessenForst</src>
	</wpt>
	<wpt lat="50.840920309046929" lon="8.690145868569898">
		<name>MR-404</name>
		<cmt>L 3092 Caldern - Marburg vor dem Kreisel</cmt>
		<desc>L 3092 Caldern - Marburg vor dem Kreisel</desc>
		<src>HessenForst</src>
	</wpt>
	<wpt lat="50.8301910625053" lon="9.4191741653018983">
		<name>HR-933</name>
		<cmt>Rastplatz Kirschenwald</cmt>
		<desc>Rastplatz Kirschenwald</desc>
		<src>HessenForst</src>
	</wpt>
	<wpt lat="50.614846791463961" lon="8.5219539398891726">
		<name>LDK-162</name>
		<cmt>Blasbach &amp;gt;Hohensolms Parkplatz Festplatz / Sportplatz Ortsausgang rechts</cmt>
		<desc>Blasbach &amp;gt;Hohensolms Parkplatz Festplatz / Sportplatz Ortsausgang rechts</desc>
		<src>HessenForst</src>
	</wpt>
	<wpt lat="50.15634136975369" lon="9.4286967262736514">
		<name>MKK-329</name>
		<cmt>Waldparklatz Hungerbach</cmt>
		<desc>Waldparklatz Hungerbach</desc>
		<src>HessenForst</src>
	</wpt>
	<wpt lat="50.840154978056148" lon="9.3394074469136488">
		<name>HR-924</name>
		<cmt>Forsthaus Wincherode</cmt>
		<desc>Forsthaus Wincherode</desc>
		<src>HessenForst</src>
	</wpt>
	<wpt lat="50.161590973764" lon="9.2986962907301347">
		<name>MKK-307</name>
		<cmt>Parkplatz Firma Holz-Sinsel</cmt>
		<desc>Parkplatz Firma Holz-Sinsel</desc>
		<src>HessenForst</src>
	</wpt>
	<wpt lat="50.678037967733516" lon="8.8622525546240798">
		<name>GI-250</name>
		<cmt>Sägewerk</cmt>
		<desc>Sägewerk</desc>
		<src>HessenForst</src>
	</wpt>
	<wpt lat="50.207266152646838" lon="9.4485930671162919">
		<name>MKK-336</name>
		<cmt>Waldparkplatz Mittelgrund</cmt>
		<desc>Waldparkplatz Mittelgrund</desc>
		<src>HessenForst</src>
	</wpt>
	<wpt lat="51.289356965221231" lon="9.2687421642691756">
		<name>KS-528</name>
		<cmt>B 520 zw. Martinhagen und Istha, am Waldrand hinter Aussiedlerhof</cmt>
		<desc>B 520 zw. Martinhagen und Istha, am Waldrand hinter Aussiedlerhof</desc>
		<src>HessenForst</src>
	</wpt>
	<wpt lat="50.892984265691332" lon="8.9791440762023598">
		<name>MR-215</name>
		<cmt>Wolferode</cmt>
		<desc>Wolferode</desc>
		<src>HessenForst</src>
	</wpt>
	<wpt lat="50.908501454033782" lon="8.5287592668446628">
		<name>MR-6</name>
		<cmt>Biedenkopf - Feuerwehrstützpunkt</cmt>
		<desc>Biedenkopf - Feuerwehrstützpunkt</desc>
		<src>HessenForst</src>
	</wpt>
	<wpt lat="50.886515200412546" lon="9.6616257554874334">
		<name>HEF-315</name>
		<cmt>Kirche Allmershausen</cmt>
		<desc>Kirche Allmershausen</desc>
		<src>HessenForst</src>
	</wpt>
	<wpt lat="50.481089398019904" lon="8.6090260386081834">
		<name>GI-404</name>
		<cmt>1. Abfahrt nach Niederkleen (Langerler Hof)</cmt>
		<desc>1. Abfahrt nach Niederkleen (Langerler Hof)</desc>
		<src>HessenForst</src>
	</wpt>
	<wpt lat="49.914590622663546" lon="8.7126376869951745">
		<name>DA-40</name>
		<cmt>Parkplatz Rottwiesenschneise</cmt>
		<desc>Parkplatz Rottwiesenschneise</desc>
		<src>HessenForst</src>
	</wpt>
	<wpt lat="51.348795901805943" lon="9.4188315093133053">
		<name>KS-583</name>
		<cmt>B 251, (vor Kreuzung Rasenallee) Zufahrt Parkplatz Firnskuppe</cmt>
		<desc>B 251, (vor Kreuzung Rasenallee) Zufahrt Parkplatz Firnskuppe</desc>
		<src>HessenForst</src>
	</wpt>
	<wpt lat="49.857925241446409" lon="8.929954330235665">
		<name>DA-404</name>
		<cmt>Bushaltestelle Schwimmbad (L3065)</cmt>
		<desc>Bushaltestelle Schwimmbad (L3065)</desc>
		<src>HessenForst</src>
	</wpt>
	<wpt lat="51.338092303931759" lon="9.316376151960343">
		<name>KS-593</name>
		<cmt>Habichtstein, von Dörnberg kommend Waldeingang rechts</cmt>
		<desc>Habichtstein, von Dörnberg kommend Waldeingang rechts</desc>
		<src>HessenForst</src>
	</wpt>
	<wpt lat="50.210772239455373" lon="9.4200295836078691">
		<name>MKK-335</name>
		<cmt>Waldparkplatz Burgjoßer Heiligen</cmt>
		<desc>Waldparkplatz Burgjoßer Heiligen</desc>
		<src>HessenForst</src>
	</wpt>
	<wpt lat="50.948967363561351" lon="9.5628241355699259">
		<name>HEF-301</name>
		<cmt>Abzweig Waldweg an der L 3253</cmt>
		<desc>Abzweig Waldweg an der L 3253</desc>
		<src>HessenForst</src>
	</wpt>
	<wpt lat="50.230045572048709" lon="8.4017011001599435">
		<name>HG-49</name>
		<cmt>Parkplatz Hobholz</cmt>
		<desc>Parkplatz Hobholz</desc>
		<src>HessenForst</src>
	</wpt>
	<wpt lat="51.094778492911409" lon="9.4897396136007472">
		<name>HR-132</name>
		<cmt>Waldeingang Elfershausen</cmt>
		<desc>Waldeingang Elfershausen</desc>
		<src>HessenForst</src>
	</wpt>
	<wpt lat="50.859981033000793" lon="8.9134411894488021">
		<name>MR-304</name>
		<cmt>Ortseingang Himmelsberg</cmt>
		<desc>Ortseingang Himmelsberg</desc>
		<src>HessenForst</src>
	</wpt>
	<wpt lat="50.75249044922333" lon="8.4952500402612436">
		<name>MR-619</name>
		<cmt>Bürgerhaus Bad Endbach</cmt>
		<desc>Bürgerhaus Bad Endbach</desc>
		<src>HessenForst</src>
	</wpt>
	<wpt lat="50.126765497049384" lon="9.3911661438008718">
		<name>MKK-314</name>
		<cmt>Parkplatz Drei Buchen</cmt>
		<desc>Parkplatz Drei Buchen</desc>
		<src>HessenForst</src>
	</wpt>
	<wpt lat="50.234197204402335" lon="8.8334971213895894">
		<name>MKK-715</name>
		<cmt>Reiterhof Fliegel</cmt>
		<desc>Reiterhof Fliegel</desc>
		<src>HessenForst</src>
	</wpt>
	<wpt lat="50.222326363930492" lon="8.4076043656222499">
		<name>HG-48</name>
		<cmt>Waldfriedhof Glashütten</cmt>
		<desc>Waldfriedhof Glashütten</desc>
		<src>HessenForst</src>
	</wpt>
	<wpt lat="51.212313866546516" lon="9.9925287778473386">
		<name>ESW-302</name>
		<cmt>Bushaltestelle</cmt>
		<desc>Bushaltestelle</desc>
		<src>HessenForst</src>
	</wpt>
	<wpt lat="50.613751685465012" lon="8.6442534077625286">
		<name>GI-224</name>
		<cmt>Seemühle</cmt>
		<desc>Seemühle</desc>
		<src>HessenForst</src>
	</wpt>
	<wpt lat="50.381762927426273" lon="9.1919111524677799">
		<name>FB-144</name>
		<cmt>Wenings , Nähe Tankstelle</cmt>
		<desc>Wenings , Nähe Tankstelle</desc>
		<src>HessenForst</src>
	</wpt>
	<wpt lat="51.066549057973447" lon="9.2323683644160202">
		<name>HR-37</name>
		<cmt>Autobahnabfahrt Borken</cmt>
		<desc>Autobahnabfahrt Borken</desc>
		<src>HessenForst</src>
	</wpt>
	<wpt lat="49.70483667908416" lon="8.5115757559763594">
		<name>HP-303</name>
		<cmt>Forsthaus Jägersburg Gr. Rohrheim</cmt>
		<desc>Forsthaus Jägersburg Gr. Rohrheim</desc>
		<src>HessenForst</src>
	</wpt>
	<wpt lat="50.173618166474057" lon="8.8087460608650741">
		<name>MKK-709</name>
		<cmt>Waldparkplatz Große Lohe</cmt>
		<desc>Waldparkplatz Große Lohe</desc>
		<src>HessenForst</src>
	</wpt>
	<wpt lat="50.679783462790041" lon="8.3977045323527832">
		<name>LDK-322</name>
		<cmt>Parkplatz Lohrbach</cmt>
		<desc>Parkplatz Lohrbach</desc>
		<src>HessenForst</src>
	</wpt>
	<wpt lat="50.723066393797644" lon="8.6119934005460888">
		<name>MR-630</name>
		<cmt>Rollshausen, Kreisstr. Lohra/Rollshausen, Waldausgang und höchster Punkt</cmt>
		<desc>Rollshausen, Kreisstr. Lohra/Rollshausen, Waldausgang und höchster Punkt</desc>
		<src>HessenForst</src>
	</wpt>
	<wpt lat="50.21407099828857" lon="8.8488206616920451">
		<name>MKK-712</name>
		<cmt>Waldschranke Trübauer Str.</cmt>
		<desc>Waldschranke Trübauer Str.</desc>
		<src>HessenForst</src>
	</wpt>
	<wpt lat="49.768139590602409" lon="8.7999933799528254">
		<name>DA-173</name>
		<cmt>Parkplatz "Tempeleiche"</cmt>
		<desc>Parkplatz "Tempeleiche"</desc>
		<src>HessenForst</src>
	</wpt>
	<wpt lat="50.312044459712091" lon="9.670472720543259">
		<name>MKK-97</name>
		<cmt>Weichersbach</cmt>
		<desc>Weichersbach</desc>
		<src>HessenForst</src>
	</wpt>
	<wpt lat="50.310735027148461" lon="9.7295457349905625">
		<name>MKK-95</name>
		<cmt>Züntersbach</cmt>
		<desc>Züntersbach</desc>
		<src>HessenForst</src>
	</wpt>
	<wpt lat="50.069902435543078" lon="8.9024362790498763">
		<name>MKK-406</name>
		<cmt>Waldweg links</cmt>
		<desc>Waldweg links</desc>
		<src>HessenForst</src>
	</wpt>
	<wpt lat="50.201706704864598" lon="9.2509069311751873">
		<name>MKK-220</name>
		<cmt>Parkplatz Kaiserbaum (im Wald)</cmt>
		<desc>Parkplatz Kaiserbaum (im Wald)</desc>
		<src>HessenForst</src>
	</wpt>
	<wpt lat="49.925261548018682" lon="8.6966389141730804">
		<name>DA-941</name>
		<cmt>Parkplatz Forsthaus Kalkofen</cmt>
		<desc>Parkplatz Forsthaus Kalkofen</desc>
		<src>HessenForst</src>
	</wpt>
	<wpt lat="50.179251875723487" lon="9.4017296507164634">
		<name>MKK-331</name>
		<cmt>Jagdhaus Horst</cmt>
		<desc>Jagdhaus Horst</desc>
		<src>HessenForst</src>
	</wpt>
	<wpt lat="50.919620433123328" lon="8.8480983981364396">
		<name>MR-205</name>
		<cmt>Ortsmitte Bracht</cmt>
		<desc>Ortsmitte Bracht</desc>
		<src>HessenForst</src>
	</wpt>
	<wpt lat="51.106598068524825" lon="9.8976854580496738">
		<name>ESW-36</name>
		<cmt>Abfahrt Wasserbehälter</cmt>
		<desc>Abfahrt Wasserbehälter</desc>
		<src>HessenForst</src>
	</wpt>
	<wpt lat="50.184805471147932" lon="8.5558144612109164">
		<name>HG-24</name>
		<cmt>Bushaltestelle Waldsiedlung</cmt>
		<desc>Bushaltestelle Waldsiedlung</desc>
		<src>HessenForst</src>
	</wpt>
	<wpt lat="49.808852804538773" lon="8.7400009229628512">
		<name>DA-608</name>
		<cmt>Alter Nieder-Modauer Weg</cmt>
		<desc>Alter Nieder-Modauer Weg</desc>
		<src>HessenForst</src>
	</wpt>
	<wpt lat="50.482666942631695" lon="8.4340515817866084">
		<name>LDK-25</name>
		<cmt>Mühlweg Einfahrt Armendsmühle</cmt>
		<desc>Mühlweg Einfahrt Armendsmühle</desc>
		<src>HessenForst</src>
	</wpt>
	<wpt lat="50.826043840620372" lon="8.9695704330377808">
		<name>MR-311</name>
		<cmt>Abfahrt Hof Netz</cmt>
		<desc>Abfahrt Hof Netz</desc>
		<src>HessenForst</src>
	</wpt>
	<wpt lat="50.660309360332732" lon="8.5770721620562256">
		<name>GI-200</name>
		<cmt>Parkplatz Issselscheid</cmt>
		<desc>Parkplatz Issselscheid</desc>
		<src>HessenForst</src>
	</wpt>
	<wpt lat="50.707927045952111" lon="9.2336018361739338">
		<name>VB-142</name>
		<cmt>Waldeingang</cmt>
		<desc>Waldeingang</desc>
		<src>HessenForst</src>
	</wpt>
	<wpt lat="50.846848165803408" lon="8.9570333494353367">
		<name>MR-306</name>
		<cmt>Parkplatz Waldeingang aus Richtung Kirchhain</cmt>
		<desc>Parkplatz Waldeingang aus Richtung Kirchhain</desc>
		<src>HessenForst</src>
	</wpt>
	<wpt lat="50.982873067489749" lon="9.1199421447510218">
		<name>HR-335</name>
		<cmt>Gut Richerode</cmt>
		<desc>Gut Richerode</desc>
		<src>HessenForst</src>
	</wpt>
	<wpt lat="50.143819594592131" lon="9.3501567233442486">
		<name>MKK-310</name>
		<cmt>Lochmühle, ehem. Institut Senckenberg</cmt>
		<desc>Lochmühle, ehem. Institut Senckenberg</desc>
		<src>HessenForst</src>
	</wpt>
	<wpt lat="50.533648905377213" lon="8.2133407619732424">
		<name>LM-111</name>
		<cmt>"Wertstoffhof Almerskopf"</cmt>
		<desc>"Wertstoffhof Almerskopf"</desc>
		<src>HessenForst</src>
	</wpt>
	<wpt lat="50.391502135639101" lon="8.6150159767203061">
		<name>FB-173</name>
		<cmt>Ortsausgang Münster</cmt>
		<desc>Ortsausgang Münster</desc>
		<src>HessenForst</src>
	</wpt>
	<wpt lat="50.85263012096695" lon="9.9029941730317237">
		<name>HEF-216</name>
		<cmt>Wasserhochbehälter, Ausbach</cmt>
		<desc>Wasserhochbehälter, Ausbach</desc>
		<src>HessenForst</src>
	</wpt>
	<wpt lat="50.541050018057625" lon="8.4380222951583672">
		<name>LDK-43</name>
		<cmt>Albshausen &amp;gt;Oberndorf Lichtzeichenanlage, Ecke Laubacher Weg</cmt>
		<desc>Albshausen &amp;gt;Oberndorf Lichtzeichenanlage, Ecke Laubacher Weg</desc>
		<src>HessenForst</src>
	</wpt>
	<wpt lat="51.137620778607875" lon="10.034118434507636">
		<name>ESW-340</name>
		<cmt>Auf K 7 nach Westen hinter Dachdecker Hesse links ab</cmt>
		<desc>Auf K 7 nach Westen hinter Dachdecker Hesse links ab</desc>
		<src>HessenForst</src>
	</wpt>
	<wpt lat="50.804513509894988" lon="9.2235116330703271">
		<name>VB-221</name>
		<cmt>Greifenhainer Str., 1. Waldkreuzung links bis zur Krummen Straße auf der Anhöhe</cmt>
		<desc>Greifenhainer Str., 1. Waldkreuzung links bis zur Krummen Straße auf der Anhöhe</desc>
		<src>HessenForst</src>
	</wpt>
	<wpt lat="50.282360575714371" lon="8.4044024040906482">
		<name>HG-70</name>
		<cmt>Parkplatz am Waldrand</cmt>
		<desc>Parkplatz am Waldrand</desc>
		<src>HessenForst</src>
	</wpt>
	<wpt lat="50.336645917558172" lon="8.4839236643763538">
		<name>HG-125</name>
		<cmt>Einfahrt Erdfunkstelle Telekom</cmt>
		<desc>Einfahrt Erdfunkstelle Telekom</desc>
		<src>HessenForst</src>
	</wpt>
	<wpt lat="50.168763177480422" lon="8.4393536901462074">
		<name>MTK-37</name>
		<cmt>Zufahrt Rettershof</cmt>
		<desc>Zufahrt Rettershof</desc>
		<src>HessenForst</src>
	</wpt>
	<wpt lat="50.22398661121845" lon="8.4363061772823009">
		<name>HG-47</name>
		<cmt>Parkstreifen "Rotes Kreuz"</cmt>
		<desc>Parkstreifen "Rotes Kreuz"</desc>
		<src>HessenForst</src>
	</wpt>
	<wpt lat="51.136725622962466" lon="9.7133074397520147">
		<name>HR-209</name>
		<cmt>Vockerode Dinkelberg</cmt>
		<desc>Vockerode Dinkelberg</desc>
		<src>HessenForst</src>
	</wpt>
	<wpt lat="50.36972040784044" lon="8.3586559777445224">
		<name>HG-103</name>
		<cmt>Kreuzung  Scheid</cmt>
		<desc>Kreuzung  Scheid</desc>
		<src>HessenForst</src>
	</wpt>
	<wpt lat="51.40352246412494" lon="9.3318060662997162">
		<name>KS-509</name>
		<cmt>K 30, Meimbressen, am Verkehrsspiegel in Becksweg abbiegen, geradeaus bis Rettungspunkt</cmt>
		<desc>K 30, Meimbressen, am Verkehrsspiegel in Becksweg abbiegen, geradeaus bis Rettungspunkt</desc>
		<src>HessenForst</src>
	</wpt>
	<wpt lat="50.089629485549722" lon="8.9001634570454566">
		<name>MKK-404</name>
		<cmt>Wegegabelung am Parkplatz (früher Schutzhütte)</cmt>
		<desc>Wegegabelung am Parkplatz (früher Schutzhütte)</desc>
		<src>HessenForst</src>
	</wpt>
	<wpt lat="51.228336925373611" lon="9.4708923862294281">
		<name>KS-591</name>
		<cmt>Durch Guntershausen, Beschilderung Sportplatz Guntershausen</cmt>
		<desc>Durch Guntershausen, Beschilderung Sportplatz Guntershausen</desc>
		<src>HessenForst</src>
	</wpt>
	<wpt lat="50.261047170382746" lon="9.4452638387921226">
		<name>MKK-341</name>
		<cmt>ehem. Nato-Lager Alsberg an L 3179 (heute: Erdaushubdeponie)</cmt>
		<desc>ehem. Nato-Lager Alsberg an L 3179 (heute: Erdaushubdeponie)</desc>
		<src>HessenForst</src>
	</wpt>
	<wpt lat="50.825940297782282" lon="9.6511934369873398">
		<name>HEF-327</name>
		<cmt>Beiershausen Bushaltestelle</cmt>
		<desc>Beiershausen Bushaltestelle</desc>
		<src>HessenForst</src>
	</wpt>
	<wpt lat="50.676551006494712" lon="8.6370599770812575">
		<name>GI-211</name>
		<cmt>Parkplaltz Altes Haus/Alter Brunnen</cmt>
		<desc>Parkplaltz Altes Haus/Alter Brunnen</desc>
		<src>HessenForst</src>
	</wpt>
	<wpt lat="49.770355257007616" lon="8.7268107094979062">
		<name>DA-713</name>
		<cmt>Waldeingang Ortsverbindung nach Neutsch</cmt>
		<desc>Waldeingang Ortsverbindung nach Neutsch</desc>
		<src>HessenForst</src>
	</wpt>
	<wpt lat="49.941686706875998" lon="8.6652057218999907">
		<name>DA-52</name>
		<cmt>Parkplatz Hanauer Steinschneise</cmt>
		<desc>Parkplatz Hanauer Steinschneise</desc>
		<src>HessenForst</src>
	</wpt>
	<wpt lat="50.949630288876399" lon="8.8543400022303249">
		<name>MR-202</name>
		<cmt>Waldparkplatz Kreuzeiche</cmt>
		<desc>Waldparkplatz Kreuzeiche</desc>
		<src>HessenForst</src>
	</wpt>
	<wpt lat="51.082557227255464" lon="9.9064524927997848">
		<name>ESW-57</name>
		<cmt>Kreuzung K 28 Domäne Metzlar</cmt>
		<desc>Kreuzung K 28 Domäne Metzlar</desc>
		<src>HessenForst</src>
	</wpt>
	<wpt lat="50.270519930039455" lon="8.4299291648439834">
		<name>HG-59</name>
		<cmt>Weißer Stein</cmt>
		<desc>Weißer Stein</desc>
		<src>HessenForst</src>
	</wpt>
	<wpt lat="50.857315695616791" lon="9.3885707224169614">
		<name>HR-905</name>
		<cmt>Straßenschild Am Hilgenrain</cmt>
		<desc>Straßenschild Am Hilgenrain</desc>
		<src>HessenForst</src>
	</wpt>
	<wpt lat="51.142588311778347" lon="10.063530339951635">
		<name>ESW-343</name>
		<cmt>Hundsrück</cmt>
		<desc>Hundsrück</desc>
		<src>HessenForst</src>
	</wpt>
	<wpt lat="49.734108859173006" lon="8.6766238745603967">
		<name>DA-102</name>
		<cmt>Parkplatz vor Abzweig zum Felsenmeer</cmt>
		<desc>Parkplatz vor Abzweig zum Felsenmeer</desc>
		<src>HessenForst</src>
	</wpt>
	<wpt lat="50.421084539160518" lon="8.2006643843825859">
		<name>LM-325</name>
		<cmt>Abfahrt Eschenau / NSG Schild</cmt>
		<desc>Abfahrt Eschenau / NSG Schild</desc>
		<src>HessenForst</src>
	</wpt>
	<wpt lat="49.904018355101634" lon="8.6167205638604489">
		<name>DA-62</name>
		<cmt>Wasserwerk Merck</cmt>
		<desc>Wasserwerk Merck</desc>
		<src>HessenForst</src>
	</wpt>
	<wpt lat="50.131678433049252" lon="8.436704578104111">
		<name>MTK-46</name>
		<cmt>Varta Kelkheim, Gundelhardtstraße</cmt>
		<desc>Varta Kelkheim, Gundelhardtstraße</desc>
		<src>HessenForst</src>
	</wpt>
	<wpt lat="50.859924970301748" lon="9.3334924117694875">
		<name>HR-910</name>
		<cmt>Pfefferbach</cmt>
		<desc>Pfefferbach</desc>
		<src>HessenForst</src>
	</wpt>
	<wpt lat="50.862115535218351" lon="9.5980243726415999">
		<name>HEF-320</name>
		<cmt>Dorfgemeinschaftshaus / Kirche Reckerode</cmt>
		<desc>Dorfgemeinschaftshaus / Kirche Reckerode</desc>
		<src>HessenForst</src>
	</wpt>
	<wpt lat="50.147095326298647" lon="8.9003070157434436">
		<name>MKK-603</name>
		<cmt>Parkplatz Tankstelle Aral</cmt>
		<desc>Parkplatz Tankstelle Aral</desc>
		<src>HessenForst</src>
	</wpt>
	<wpt lat="49.822044228470425" lon="8.7461913942357139">
		<name>DA-612</name>
		<cmt>Parkplatz Schwimmbad</cmt>
		<desc>Parkplatz Schwimmbad</desc>
		<src>HessenForst</src>
	</wpt>
	<wpt lat="50.025864233926313" lon="8.6425296037143458">
		<name>OF-138</name>
		<cmt>Einfahrt Mülldeponie</cmt>
		<desc>Einfahrt Mülldeponie</desc>
		<src>HessenForst</src>
	</wpt>
	<wpt lat="51.370482455913532" lon="9.3072825530496104">
		<name>KS-517</name>
		<cmt>Parkplatz Schwimmbad, Zierenberg</cmt>
		<desc>Parkplatz Schwimmbad, Zierenberg</desc>
		<src>HessenForst</src>
	</wpt>
	<wpt lat="49.720448022383039" lon="8.6871688095841435">
		<name>HP-321</name>
		<cmt>Parkpl. "Talweg" Reichenbach</cmt>
		<desc>Parkpl. "Talweg" Reichenbach</desc>
		<src>HessenForst</src>
	</wpt>
	<wpt lat="49.842323580017897" lon="8.7446475592187163">
		<name>DA-616</name>
		<cmt>Geisenwald</cmt>
		<desc>Geisenwald</desc>
		<src>HessenForst</src>
	</wpt>
	<wpt lat="50.078465604690365" lon="8.0445452374451669">
		<name>RÜD-371</name>
		<cmt>P Bittereiche</cmt>
		<desc>P Bittereiche</desc>
		<src>HessenForst</src>
	</wpt>
	<wpt lat="49.786501160504123" lon="8.7279092285545659">
		<name>DA-603</name>
		<cmt>Parkplatz Hainböhl</cmt>
		<desc>Parkplatz Hainböhl</desc>
		<src>HessenForst</src>
	</wpt>
	<wpt lat="51.367565050384933" lon="9.3744756762228363">
		<name>KS-552</name>
		<cmt>K 30 Weimar, Ri. Fürstenwald, links Einfahrt Gewerbegebiet über Bahnlinie</cmt>
		<desc>K 30 Weimar, Ri. Fürstenwald, links Einfahrt Gewerbegebiet über Bahnlinie</desc>
		<src>HessenForst</src>
	</wpt>
	<wpt lat="50.753734214337001" lon="8.7583196747108829">
		<name>MR-435</name>
		<cmt>Ortsausgang Ronhausen in Richtung Ebsdorf (L 3089)</cmt>
		<desc>Ortsausgang Ronhausen in Richtung Ebsdorf (L 3089)</desc>
		<src>HessenForst</src>
	</wpt>
	<wpt lat="51.092285483761714" lon="9.719038013296462">
		<name>HR-230</name>
		<cmt>Nausis</cmt>
		<desc>Nausis</desc>
		<src>HessenForst</src>
	</wpt>
	<wpt lat="50.470283412179583" lon="8.4241399344996797">
		<name>LM-207</name>
		<cmt>Waldeingang K 372</cmt>
		<desc>Waldeingang K 372</desc>
		<src>HessenForst</src>
	</wpt>
	<wpt lat="49.74079109497616" lon="8.7411848074714786">
		<name>DA-705</name>
		<cmt>Brandau Friedhof</cmt>
		<desc>Brandau Friedhof</desc>
		<src>HessenForst</src>
	</wpt>
	<wpt lat="50.809235601353578" lon="9.4368797361102956">
		<name>HR-938</name>
		<cmt>Aussiedlerhof Weitzel</cmt>
		<desc>Aussiedlerhof Weitzel</desc>
		<src>HessenForst</src>
	</wpt>
	<wpt lat="51.158995748839068" lon="9.5593980391402873">
		<name>HR-137</name>
		<cmt>Waldeingang Kastanien</cmt>
		<desc>Waldeingang Kastanien</desc>
		<src>HessenForst</src>
	</wpt>
	<wpt lat="49.940384831892281" lon="9.0131351652191434">
		<name>DA-332</name>
		<cmt>Waldeingang Müllerwegufmannshausen</cmt>
		<desc>Waldeingang Müllerwegufmannshausen</desc>
		<src>HessenForst</src>
	</wpt>
	<wpt lat="51.353050118134519" lon="9.3369472506244175">
		<name>KS-592</name>
		<cmt>Abzweig Heilerbachsweg, Friedrichstein, Bergcafe</cmt>
		<desc>Abzweig Heilerbachsweg, Friedrichstein, Bergcafe</desc>
		<src>HessenForst</src>
	</wpt>
	<wpt lat="49.817198347762179" lon="8.7700339725366216">
		<name>DA-610</name>
		<cmt>Abfahrt zum Parkplatz</cmt>
		<desc>Abfahrt zum Parkplatz</desc>
		<src>HessenForst</src>
	</wpt>
	<wpt lat="50.554081302281055" lon="8.5573090332166206">
		<name>LDK-174</name>
		<cmt>Wetzlar &amp;gt;Dutenhofen Parkplatz Mercedes-Kurve ca. 200m vor BAB rechts</cmt>
		<desc>Wetzlar &amp;gt;Dutenhofen Parkplatz Mercedes-Kurve ca. 200m vor BAB rechts</desc>
		<src>HessenForst</src>
	</wpt>
	<wpt lat="50.2574005013267" lon="9.559187870773977">
		<name>MKK-345</name>
		<cmt>Waldparkplatz Müsbrücke</cmt>
		<desc>Waldparkplatz Müsbrücke</desc>
		<src>HessenForst</src>
	</wpt>
	<wpt lat="50.860416452038749" lon="9.3541628596261592">
		<name>HR-909</name>
		<cmt>Fa. Köllner</cmt>
		<desc>Fa. Köllner</desc>
		<src>HessenForst</src>
	</wpt>
	<wpt lat="49.71379325290718" lon="8.8940736937934783">
		<name>ERB-21</name>
		<cmt>Parkplatz Gasthaus "Vierstöck"</cmt>
		<desc>Parkplatz Gasthaus "Vierstöck"</desc>
		<src>HessenForst</src>
	</wpt>
	<wpt lat="50.484171025382999" lon="8.0993793792587052">
		<name>LM-301</name>
		<cmt>Kreisverkehr "Am Gericht"</cmt>
		<desc>Kreisverkehr "Am Gericht"</desc>
		<src>HessenForst</src>
	</wpt>
	<wpt lat="50.509217092142514" lon="8.1996684373474444">
		<name>LM-116</name>
		<cmt>Parkplatz Fischteiche</cmt>
		<desc>Parkplatz Fischteiche</desc>
		<src>HessenForst</src>
	</wpt>
	<wpt lat="50.04848832210731" lon="8.9360854626634687">
		<name>OF-304</name>
		<cmt>Sportplatz Froschhausen Abt. 227</cmt>
		<desc>Sportplatz Froschhausen Abt. 227</desc>
		<src>HessenForst</src>
	</wpt>
	<wpt lat="49.800135517324499" lon="8.7475212970410396">
		<name>DA-605</name>
		<cmt>Leichtweg</cmt>
		<desc>Leichtweg</desc>
		<src>HessenForst</src>
	</wpt>
	<wpt lat="49.829367125419097" lon="8.9484229084958926">
		<name>DA-15</name>
		<cmt>B45 gegenüber Ortseinfahrt Wiebelsbach</cmt>
		<desc>B45 gegenüber Ortseinfahrt Wiebelsbach</desc>
		<src>HessenForst</src>
	</wpt>
	<wpt lat="49.902845956220126" lon="8.7350594341762342">
		<name>DA-931</name>
		<cmt>Bornschneise / Grube Prinz von Hessen</cmt>
		<desc>Bornschneise / Grube Prinz von Hessen</desc>
		<src>HessenForst</src>
	</wpt>
	<wpt lat="50.177521525460776" lon="8.8302545528203922">
		<name>MKK-710</name>
		<cmt>Waldrandweg Kleine Lohe/Parkplatz an der Hohen Straße</cmt>
		<desc>Waldrandweg Kleine Lohe/Parkplatz an der Hohen Straße</desc>
		<src>HessenForst</src>
	</wpt>
	<wpt lat="51.084153591687766" lon="9.6317184655521775">
		<name>HR-235</name>
		<cmt>Eubach</cmt>
		<desc>Eubach</desc>
		<src>HessenForst</src>
	</wpt>
	<wpt lat="50.836472112308208" lon="9.8735936171841328">
		<name>HEF-217</name>
		<cmt>Forsthaus Hilmes</cmt>
		<desc>Forsthaus Hilmes</desc>
		<src>HessenForst</src>
	</wpt>
	<wpt lat="49.943923976164477" lon="8.7354063438256855">
		<name>DA-50</name>
		<cmt>Der neue Weg</cmt>
		<desc>Der neue Weg</desc>
		<src>HessenForst</src>
	</wpt>
	<wpt lat="50.697945006339474" lon="9.2624820818936673">
		<name>VB-145</name>
		<cmt>Waldweg</cmt>
		<desc>Waldweg</desc>
		<src>HessenForst</src>
	</wpt>
	<wpt lat="50.94483709591335" lon="9.5422049652822434">
		<name>HR-844</name>
		<cmt>"Wandereiche" am Pommer</cmt>
		<desc>"Wandereiche" am Pommer</desc>
		<src>HessenForst</src>
	</wpt>
	<wpt lat="50.891677844910696" lon="9.7717906718072349">
		<name>HEF-252</name>
		<cmt>Kreismülldeponie</cmt>
		<desc>Kreismülldeponie</desc>
		<src>HessenForst</src>
	</wpt>
	<wpt lat="51.326880874975416" lon="9.4118296213606989">
		<name>KS-584</name>
		<cmt>Waldparkplatz Rasenallee, gegenüber Zufahrt Schanzenstraße</cmt>
		<desc>Waldparkplatz Rasenallee, gegenüber Zufahrt Schanzenstraße</desc>
		<src>HessenForst</src>
	</wpt>
	<wpt lat="50.335620086006358" lon="8.4330408202258074">
		<name>HG-85</name>
		<cmt>Bushaltestelle</cmt>
		<desc>Bushaltestelle</desc>
		<src>HessenForst</src>
	</wpt>
	<wpt lat="50.874027887400736" lon="9.7351575132423829">
		<name>HEF-271</name>
		<cmt>Obersbergschulen</cmt>
		<desc>Obersbergschulen</desc>
		<src>HessenForst</src>
	</wpt>
	<wpt lat="50.18418466516102" lon="8.1525654446330531">
		<name>RÜD-160</name>
		<cmt>Hof Georgenthal</cmt>
		<desc>Hof Georgenthal</desc>
		<src>HessenForst</src>
	</wpt>
	<wpt lat="49.615018415199884" lon="8.7852571867722613">
		<name>HP-212</name>
		<cmt>Parkplatz "Tränke"</cmt>
		<desc>Parkplatz "Tränke"</desc>
		<src>HessenForst</src>
	</wpt>
	<wpt lat="50.398171979340418" lon="8.1259007152213361">
		<name>LM-318</name>
		<cmt>Sportplatz Ennerich</cmt>
		<desc>Sportplatz Ennerich</desc>
		<src>HessenForst</src>
	</wpt>
	<wpt lat="51.108542054286836" lon="9.5758726448986895">
		<name>HR-211</name>
		<cmt>Grillhütte Adelshausen</cmt>
		<desc>Grillhütte Adelshausen</desc>
		<src>HessenForst</src>
	</wpt>
	<wpt lat="51.191595106883959" lon="9.5863690775335204">
		<name>KS-439</name>
		<cmt>Elgerberg</cmt>
		<desc>Elgerberg</desc>
		<src>HessenForst</src>
	</wpt>
	<wpt lat="50.834435020753673" lon="9.5660806354318453">
		<name>HEF-324</name>
		<cmt>Abzweigung zum Hattenberg</cmt>
		<desc>Abzweigung zum Hattenberg</desc>
		<src>HessenForst</src>
	</wpt>
	<wpt lat="50.253041661087053" lon="8.4103026301153907">
		<name>HG-51</name>
		<cmt>Parkplatz Kittelhütte</cmt>
		<desc>Parkplatz Kittelhütte</desc>
		<src>HessenForst</src>
	</wpt>
	<wpt lat="50.245765587815129" lon="9.5751261673573751">
		<name>MKK-346</name>
		<cmt>Parkplatz am Forsthaus Kreuzgrund</cmt>
		<desc>Parkplatz am Forsthaus Kreuzgrund</desc>
		<src>HessenForst</src>
	</wpt>
	<wpt lat="50.110375492764177" lon="9.441286304734847">
		<name>MKK-319</name>
		<cmt>Kempfenbrunn Gänsebrunnen, Ortsmitte</cmt>
		<desc>Kempfenbrunn Gänsebrunnen, Ortsmitte</desc>
		<src>HessenForst</src>
	</wpt>
	<wpt lat="50.849005266157477" lon="9.669971647763667">
		<name>HEF-232</name>
		<cmt>Sportplatz Eichhof</cmt>
		<desc>Sportplatz Eichhof</desc>
		<src>HessenForst</src>
	</wpt>
	<wpt lat="49.616190437721684" lon="8.9540111877259871">
		<name>ERB-48</name>
		<cmt>Am Birkenrain</cmt>
		<desc>Am Birkenrain</desc>
		<src>HessenForst</src>
	</wpt>
	<wpt lat="50.85423413483683" lon="9.430842036241657">
		<name>HR-932</name>
		<cmt>Bahnhof Olberode</cmt>
		<desc>Bahnhof Olberode</desc>
		<src>HessenForst</src>
	</wpt>
	<wpt lat="50.466653225983862" lon="8.3950568874933111">
		<name>LDK-23</name>
		<cmt>Altenkirchen &amp;gt;  Philippstein Einfahrt "Hirschburger Hof"</cmt>
		<desc>Altenkirchen &amp;gt;  Philippstein Einfahrt "Hirschburger Hof"</desc>
		<src>HessenForst</src>
	</wpt>
	<wpt lat="50.498459752922273" lon="8.6978407995077305">
		<name>GI-14</name>
		<cmt>Kreuzung Dreieck Grüningen, Holzheim, Langgöns</cmt>
		<desc>Kreuzung Dreieck Grüningen, Holzheim, Langgöns</desc>
		<src>HessenForst</src>
	</wpt>
	<wpt lat="51.218359227193801" lon="9.5336488809656412">
		<name>KS-445</name>
		<cmt>Kamphütte Wollrode</cmt>
		<desc>Kamphütte Wollrode</desc>
		<src>HessenForst</src>
	</wpt>
	<wpt lat="49.890742819546873" lon="8.6973184756741126">
		<name>DA-930</name>
		<cmt>Parkplatz Oberwaldhaus</cmt>
		<desc>Parkplatz Oberwaldhaus</desc>
		<src>HessenForst</src>
	</wpt>
	<wpt lat="50.769077122702669" lon="9.6953043545227366">
		<name>HEF-343</name>
		<cmt>Bürgerhaus Neukirchen</cmt>
		<desc>Bürgerhaus Neukirchen</desc>
		<src>HessenForst</src>
	</wpt>
	<wpt lat="50.874977592922036" lon="8.8769521293635254">
		<name>MR-300</name>
		<cmt>Sportplatz Waldeingang</cmt>
		<desc>Sportplatz Waldeingang</desc>
		<src>HessenForst</src>
	</wpt>
	<wpt lat="49.951465259186485" lon="8.7425576154747393">
		<name>DA-41</name>
		<cmt>Parkplatz am Waldeingang</cmt>
		<desc>Parkplatz am Waldeingang</desc>
		<src>HessenForst</src>
	</wpt>
	<wpt lat="50.796576613541987" lon="9.2345046474621721">
		<name>VB-220</name>
		<cmt>Waldgaststätte Greifenhain</cmt>
		<desc>Waldgaststätte Greifenhain</desc>
		<src>HessenForst</src>
	</wpt>
	<wpt lat="51.207654825015346" lon="10.126861460479471">
		<name>ESW-363</name>
		<cmt>L 3467, Friedabrücke vor Viadukt</cmt>
		<desc>L 3467, Friedabrücke vor Viadukt</desc>
		<src>HessenForst</src>
	</wpt>
	<wpt lat="49.838608849307128" lon="8.6890180140232882">
		<name>DA-504</name>
		<cmt>Forsthaus Emmelinenhütte</cmt>
		<desc>Forsthaus Emmelinenhütte</desc>
		<src>HessenForst</src>
	</wpt>
	<wpt lat="50.204006123083239" lon="9.4798799982602926">
		<name>MKK-337</name>
		<cmt>Forstamt in Burgjoß</cmt>
		<desc>Forstamt in Burgjoß</desc>
		<src>HessenForst</src>
	</wpt>
	<wpt lat="50.973055096479271" lon="10.015945186443352">
		<name>HEF-116</name>
		<cmt>Richelsdorf Abzweig Bosserode</cmt>
		<desc>Richelsdorf Abzweig Bosserode</desc>
		<src>HessenForst</src>
	</wpt>
	<wpt lat="50.878673707261854" lon="9.88231709868578">
		<name>HEF-285</name>
		<cmt>Dreienberg Ostseite</cmt>
		<desc>Dreienberg Ostseite</desc>
		<src>HessenForst</src>
	</wpt>
	<wpt lat="51.096737019700932" lon="9.7083908131087622">
		<name>HR-229</name>
		<cmt>Landefeld</cmt>
		<desc>Landefeld</desc>
		<src>HessenForst</src>
	</wpt>
	<wpt lat="49.73647947403699" lon="8.7453653777187323">
		<name>DA-703</name>
		<cmt>Brandau, Abzweig Neunkircher Weg</cmt>
		<desc>Brandau, Abzweig Neunkircher Weg</desc>
		<src>HessenForst</src>
	</wpt>
	<wpt lat="50.820938985692059" lon="8.4468132932587405">
		<name>MR-519</name>
		<cmt>Gde.Verwaltung Gönnern</cmt>
		<desc>Gde.Verwaltung Gönnern</desc>
		<src>HessenForst</src>
	</wpt>
	<wpt lat="51.479964737738399" lon="9.3004111475389735">
		<name>KS-544</name>
		<cmt>Campingplatz Zwergen (hinter den Warmebrücken)</cmt>
		<desc>Campingplatz Zwergen (hinter den Warmebrücken)</desc>
		<src>HessenForst</src>
	</wpt>
	<wpt lat="50.865606155684624" lon="9.6201947293822681">
		<name>HEF-319</name>
		<cmt>Parkplatz Lange Heide</cmt>
		<desc>Parkplatz Lange Heide</desc>
		<src>HessenForst</src>
	</wpt>
	<wpt lat="49.637859702438384" lon="8.9496325194571984">
		<name>ERB-46</name>
		<cmt>Hohe Straße, am dritten Windrad</cmt>
		<desc>Hohe Straße, am dritten Windrad</desc>
		<src>HessenForst</src>
	</wpt>
	<wpt lat="51.219846198098537" lon="9.2618632512507713">
		<name>KS-603</name>
		<cmt>an Kläranlage im Tal zwischen Riede und Merxhausen rechts an B 450</cmt>
		<desc>an Kläranlage im Tal zwischen Riede und Merxhausen rechts an B 450</desc>
		<src>HessenForst</src>
	</wpt>
	<wpt lat="50.161092153397192" lon="8.3780274523282827">
		<name>MTK-26</name>
		<cmt>Parkplatz Kisselteiche</cmt>
		<desc>Parkplatz Kisselteiche</desc>
		<src>HessenForst</src>
	</wpt>
	<wpt lat="50.479274741222902" lon="8.5187496181632003">
		<name>LDK-63</name>
		<cmt>Oberwetz &amp;gt;Volperts-hausen Sportplatz Oberwetz</cmt>
		<desc>Oberwetz &amp;gt;Volperts-hausen Sportplatz Oberwetz</desc>
		<src>HessenForst</src>
	</wpt>
	<wpt lat="50.832622016073259" lon="8.6604275911380935">
		<name>MR-448</name>
		<cmt>Holzlagerplatz</cmt>
		<desc>Holzlagerplatz</desc>
		<src>HessenForst</src>
	</wpt>
	<wpt lat="51.162784876425562" lon="9.8536418972376119">
		<name>ESW-25</name>
		<cmt>Ortsdurchfahrt Harmuthsachsen</cmt>
		<desc>Ortsdurchfahrt Harmuthsachsen</desc>
		<src>HessenForst</src>
	</wpt>
	<wpt lat="51.126990980818519" lon="9.5029977781377504">
		<name>HR-124</name>
		<cmt>Zimmermannsplatz</cmt>
		<desc>Zimmermannsplatz</desc>
		<src>HessenForst</src>
	</wpt>
	<wpt lat="50.518147726861649" lon="8.4079662463941514">
		<name>LDK-46</name>
		<cmt>Oberndorf &amp;gt; Bonbaden Einfahrt Oberndorfer Hütte</cmt>
		<desc>Oberndorf &amp;gt; Bonbaden Einfahrt Oberndorfer Hütte</desc>
		<src>HessenForst</src>
	</wpt>
	<wpt lat="50.808016215849612" lon="9.8832360383711482">
		<name>HEF-281</name>
		<cmt>Wehrshausen Ortseingang</cmt>
		<desc>Wehrshausen Ortseingang</desc>
		<src>HessenForst</src>
	</wpt>
	<wpt lat="51.059553336417267" lon="9.6702794218977779">
		<name>HR-237</name>
		<cmt>Heinebach Nord</cmt>
		<desc>Heinebach Nord</desc>
		<src>HessenForst</src>
	</wpt>
	<wpt lat="50.813080902096765" lon="8.7115158013283196">
		<name>MR-416</name>
		<cmt>Einm. Straße von Dagobertsh. (K 77) auf Str. von Elnhausen nach Wehrshausen (K 72)</cmt>
		<desc>Einm. Straße von Dagobertsh. (K 77) auf Str. von Elnhausen nach Wehrshausen (K 72)</desc>
		<src>HessenForst</src>
	</wpt>
	<wpt lat="50.756318660501741" lon="8.8492428144430164">
		<name>MR-319</name>
		<cmt>Ortseingang aus Richtung Heskem</cmt>
		<desc>Ortseingang aus Richtung Heskem</desc>
		<src>HessenForst</src>
	</wpt>
	<wpt lat="50.16538975316336" lon="8.892270819176046">
		<name>MKK-607</name>
		<cmt>Waldparkplatz Waldeingang</cmt>
		<desc>Waldparkplatz Waldeingang</desc>
		<src>HessenForst</src>
	</wpt>
	<wpt lat="50.833201643600546" lon="9.7347674959674535">
		<name>HEF-227</name>
		<cmt>Ortseingang Rotensee</cmt>
		<desc>Ortseingang Rotensee</desc>
		<src>HessenForst</src>
	</wpt>
	<wpt lat="50.06646707154836" lon="8.9467905929676714">
		<name>OF-302</name>
		<cmt>Gaststätte Tannenhof Abt. 38/39</cmt>
		<desc>Gaststätte Tannenhof Abt. 38/39</desc>
		<src>HessenForst</src>
	</wpt>
	<wpt lat="50.329210260527965" lon="8.6055943941360216">
		<name>HG-141</name>
		<cmt>Kreuzung Ortsmitte</cmt>
		<desc>Kreuzung Ortsmitte</desc>
		<src>HessenForst</src>
	</wpt>
	<wpt lat="50.607788549994581" lon="8.557062689679853">
		<name>LDK-183</name>
		<cmt>Waldgirmes &amp;gt; Rodheim  linker Parkplatz Wald-eingang "Streiteiche"</cmt>
		<desc>Waldgirmes &amp;gt; Rodheim  linker Parkplatz Wald-eingang "Streiteiche"</desc>
		<src>HessenForst</src>
	</wpt>
	<wpt lat="50.16422095878108" lon="9.2585126201808432">
		<name>MKK-306</name>
		<cmt>Dorfgemeinschaftshaus Breitenborn</cmt>
		<desc>Dorfgemeinschaftshaus Breitenborn</desc>
		<src>HessenForst</src>
	</wpt>
	<wpt lat="51.090809167377657" lon="9.9446220111744701">
		<name>ESW-418</name>
		<cmt>Abzweig Forsthaus Wellingerode</cmt>
		<desc>Abzweig Forsthaus Wellingerode</desc>
		<src>HessenForst</src>
	</wpt>
	<wpt lat="49.784590662329038" lon="8.7340786406554614">
		<name>DA-602</name>
		<cmt>Parkplatz am Hirschberg</cmt>
		<desc>Parkplatz am Hirschberg</desc>
		<src>HessenForst</src>
	</wpt>
	<wpt lat="50.144611055653613" lon="8.8837593155104955">
		<name>MKK-602</name>
		<cmt>P+R Parkplatz gegenüber Bahnhof Wilhelmsbad</cmt>
		<desc>P+R Parkplatz gegenüber Bahnhof Wilhelmsbad</desc>
		<src>HessenForst</src>
	</wpt>
	<wpt lat="51.149886425914517" lon="10.1019110829857">
		<name>ESW-336</name>
		<cmt>Parkplatz an der Schlierbachkreuzung</cmt>
		<desc>Parkplatz an der Schlierbachkreuzung</desc>
		<src>HessenForst</src>
	</wpt>
	<wpt lat="50.099876254860384" lon="8.9902948042524784">
		<name>MKK-510</name>
		<cmt>Parkplatz B 8</cmt>
		<desc>Parkplatz B 8</desc>
		<src>HessenForst</src>
	</wpt>
	<wpt lat="51.197928424672078" lon="9.5271136758636796">
		<name>HR-103</name>
		<cmt>Forsthaus Albshausen</cmt>
		<desc>Forsthaus Albshausen</desc>
		<src>HessenForst</src>
	</wpt>
	<wpt lat="50.192080032479787" lon="9.4003646752293797">
		<name>MKK-332</name>
		<cmt>Parkplatz Orbquelle</cmt>
		<desc>Parkplatz Orbquelle</desc>
		<src>HessenForst</src>
	</wpt>
	<wpt lat="50.201054221928644" lon="8.3742959995874688">
		<name>MTK-32</name>
		<cmt>ehemaliges Forsthaus Schloßborn</cmt>
		<desc>ehemaliges Forsthaus Schloßborn</desc>
		<src>HessenForst</src>
	</wpt>
	<wpt lat="49.644762758743859" lon="8.9315828432845308">
		<name>ERB-7</name>
		<cmt>Gemeindeverwaltung Mossautal</cmt>
		<desc>Gemeindeverwaltung Mossautal</desc>
		<src>HessenForst</src>
	</wpt>
	<wpt lat="50.150345050656831" lon="9.1832477854145438">
		<name>MKK-227</name>
		<cmt>Parkplatz Krötenweiher</cmt>
		<desc>Parkplatz Krötenweiher</desc>
		<src>HessenForst</src>
	</wpt>
	<wpt lat="49.841218050730987" lon="8.6584636420509078">
		<name>DA-912</name>
		<cmt>Parkplatz Zufahrt Ludwigshöhe</cmt>
		<desc>Parkplatz Zufahrt Ludwigshöhe</desc>
		<src>HessenForst</src>
	</wpt>
	<wpt lat="50.697165057440856" lon="8.2661445418012285">
		<name>LDK-360</name>
		<cmt>Industriestraße Alter Bahnhof</cmt>
		<desc>Industriestraße Alter Bahnhof</desc>
		<src>HessenForst</src>
	</wpt>
	<wpt lat="51.080413455251907" lon="9.5647582841391294">
		<name>HR-232</name>
		<cmt>Zeinar-Eiche</cmt>
		<desc>Zeinar-Eiche</desc>
		<src>HessenForst</src>
	</wpt>
	<wpt lat="50.261700084454574" lon="9.5255562037154746">
		<name>MKK-344</name>
		<cmt>Kläranlage Marjoß</cmt>
		<desc>Kläranlage Marjoß</desc>
		<src>HessenForst</src>
	</wpt>
	<wpt lat="51.092896581312168" lon="8.7447116319964184">
		<name>KB-540</name>
		<cmt>K 126 Abzweig Wangershausen</cmt>
		<desc>K 126 Abzweig Wangershausen</desc>
		<src>HessenForst</src>
	</wpt>
	<wpt lat="50.8974400468962" lon="9.6256018800516951">
		<name>HEF-312</name>
		<cmt>Gasthof Will, Untergeis</cmt>
		<desc>Gasthof Will, Untergeis</desc>
		<src>HessenForst</src>
	</wpt>
	<wpt lat="49.933344080489462" lon="8.7312936446246763">
		<name>DA-42</name>
		<cmt>Messel Parkplatz Hanauer Straße / Abzweig L 3317</cmt>
		<desc>Messel Parkplatz Hanauer Straße / Abzweig L 3317</desc>
		<src>HessenForst</src>
	</wpt>
	<wpt lat="49.813760497464479" lon="8.6952438244922714">
		<name>DA-502</name>
		<cmt>Sonnenhof der Nieder-Ramstädter Heime</cmt>
		<desc>Sonnenhof der Nieder-Ramstädter Heime</desc>
		<src>HessenForst</src>
	</wpt>
	<wpt lat="50.214841202455219" lon="8.8512741100722963">
		<name>MKK-713</name>
		<cmt>Waldrand/Ende Hanauer Pfad</cmt>
		<desc>Waldrand/Ende Hanauer Pfad</desc>
		<src>HessenForst</src>
	</wpt>
	<wpt lat="50.189741108626656" lon="9.2074790714539887">
		<name>MKK-231</name>
		<cmt>Tennisplatz</cmt>
		<desc>Tennisplatz</desc>
		<src>HessenForst</src>
	</wpt>
	<wpt lat="49.865058428035056" lon="8.7258603880116326">
		<name>DA-22</name>
		<cmt>Parkplatz Bernhardsackerschneise / K 141 (ehem.B26)</cmt>
		<desc>Parkplatz Bernhardsackerschneise / K 141 (ehem.B26)</desc>
		<src>HessenForst</src>
	</wpt>
	<wpt lat="49.941339715821975" lon="8.788487211682801">
		<name>DA-43</name>
		<cmt>Einfahrt NSG "Neuwiese" bei km 3,4</cmt>
		<desc>Einfahrt NSG "Neuwiese" bei km 3,4</desc>
		<src>HessenForst</src>
	</wpt>
	<wpt lat="50.250770645727066" lon="8.4835243553914452">
		<name>HG-54</name>
		<cmt>Parkplatz Weiße Berg</cmt>
		<desc>Parkplatz Weiße Berg</desc>
		<src>HessenForst</src>
	</wpt>
	<wpt lat="50.657534836465686" lon="9.0642145434865231">
		<name>VB-69</name>
		<cmt>Diebsweg</cmt>
		<desc>Diebsweg</desc>
		<src>HessenForst</src>
	</wpt>
	<wpt lat="50.397298970663542" lon="8.2266609238043102">
		<name>LM-354</name>
		<cmt>Zufahrt Hof Treisfurt</cmt>
		<desc>Zufahrt Hof Treisfurt</desc>
		<src>HessenForst</src>
	</wpt>
	<wpt lat="50.191100010560532" lon="9.4175388833786773">
		<name>MKK-333</name>
		<cmt>Waldparkplatz Sieben Wege</cmt>
		<desc>Waldparkplatz Sieben Wege</desc>
		<src>HessenForst</src>
	</wpt>
	<wpt lat="49.800943237714833" lon="8.6854319804722593">
		<name>DA-408</name>
		<cmt>Parkplatz Steinbruch OHI</cmt>
		<desc>Parkplatz Steinbruch OHI</desc>
		<src>HessenForst</src>
	</wpt>
	<wpt lat="49.801776252546588" lon="8.7402279173298094">
		<name>DA-606</name>
		<cmt>Alten - Dienstleistungszentrum</cmt>
		<desc>Alten - Dienstleistungszentrum</desc>
		<src>HessenForst</src>
	</wpt>
	<wpt lat="50.628249545380783" lon="8.6531174805426119">
		<name>GI-220</name>
		<cmt>Wettenbergschule</cmt>
		<desc>Wettenbergschule</desc>
		<src>HessenForst</src>
	</wpt>
	<wpt lat="51.069213355585006" lon="9.9952569239479789">
		<name>ESW-58</name>
		<cmt>B 400, Breitau</cmt>
		<desc>B 400, Breitau</desc>
		<src>HessenForst</src>
	</wpt>
	<wpt lat="50.964295969431298" lon="9.6335699503710153">
		<name>HEF-205</name>
		<cmt>Ortseingang Beenhausen</cmt>
		<desc>Ortseingang Beenhausen</desc>
		<src>HessenForst</src>
	</wpt>
	<wpt lat="50.935158053236457" lon="9.0974714742480032">
		<name>HR-443</name>
		<cmt>Sachsenhausen</cmt>
		<desc>Sachsenhausen</desc>
		<src>HessenForst</src>
	</wpt>
	<wpt lat="51.303774505893671" lon="9.7710620062240903">
		<name>ESW-163</name>
		<cmt>Bierkurve</cmt>
		<desc>Bierkurve</desc>
		<src>HessenForst</src>
	</wpt>
	<wpt lat="51.29097211035932" lon="9.7380708710562036">
		<name>ESW-162</name>
		<cmt>Niester Brücke</cmt>
		<desc>Niester Brücke</desc>
		<src>HessenForst</src>
	</wpt>
	<wpt lat="50.228482706759486" lon="9.2825510891464393">
		<name>MKK-301</name>
		<cmt>Parkplatz Sommerberg an B 276</cmt>
		<desc>Parkplatz Sommerberg an B 276</desc>
		<src>HessenForst</src>
	</wpt>
	<wpt lat="50.212260766362519" lon="9.2729646610958909">
		<name>MKK-302</name>
		<cmt>Ortseingang Kassel an B 276</cmt>
		<desc>Ortseingang Kassel an B 276</desc>
		<src>HessenForst</src>
	</wpt>
	<wpt lat="50.196441656958605" lon="9.3014228444290499">
		<name>MKK-303</name>
		<cmt>Waldparkplatz Forsthaus Kasselgrung, südöstl. Kassel</cmt>
		<desc>Waldparkplatz Forsthaus Kasselgrung, südöstl. Kassel</desc>
		<src>HessenForst</src>
	</wpt>
	<wpt lat="49.679242701459962" lon="8.739605789842237">
		<name>HP-245</name>
		<cmt>Krehberg Süd</cmt>
		<desc>Krehberg Süd</desc>
		<src>HessenForst</src>
	</wpt>
	<wpt lat="49.578162423777044" lon="8.7209168267948289">
		<name>HP-254</name>
		<cmt>Feuerwehrgerätehaus Reisen</cmt>
		<desc>Feuerwehrgerätehaus Reisen</desc>
		<src>HessenForst</src>
	</wpt>
	<wpt lat="49.655174126890948" lon="8.8000680071337083">
		<name>HP-256</name>
		<cmt>Im Feriendorf</cmt>
		<desc>Im Feriendorf</desc>
		<src>HessenForst</src>
	</wpt>
	<wpt lat="49.689463079446483" lon="8.7505122632371108">
		<name>HP-257</name>
		<cmt>K55, "Halbkreis"</cmt>
		<desc>K55, "Halbkreis"</desc>
		<src>HessenForst</src>
	</wpt>
	<wpt lat="49.720411365553097" lon="8.7227805672748993">
		<name>HP-258</name>
		<cmt>Lautern, B47</cmt>
		<desc>Lautern, B47</desc>
		<src>HessenForst</src>
	</wpt>
	<wpt lat="49.682665599519972" lon="8.7657950964521998">
		<name>HP-259</name>
		<cmt>Schlierbach</cmt>
		<desc>Schlierbach</desc>
		<src>HessenForst</src>
	</wpt>
	<wpt lat="49.616734701352186" lon="8.7277849801902327">
		<name>HP-260</name>
		<cmt>Naturparkplatz Waldsee Groß-Breitenbach</cmt>
		<desc>Naturparkplatz Waldsee Groß-Breitenbach</desc>
		<src>HessenForst</src>
	</wpt>
	<wpt lat="50.826543284363979" lon="9.4935783739555522">
		<name>HR-944</name>
		<cmt>Kirche Ibra</cmt>
		<desc>Kirche Ibra</desc>
		<src>HessenForst</src>
	</wpt>
	<wpt lat="50.834374722301042" lon="9.4804354933500221">
		<name>HR-945</name>
		<cmt>Münzenberg / Hardt</cmt>
		<desc>Münzenberg / Hardt</desc>
		<src>HessenForst</src>
	</wpt>
	<wpt lat="50.845036886015151" lon="9.4495948809661012">
		<name>HR-947</name>
		<cmt>Hessenstube</cmt>
		<desc>Hessenstube</desc>
		<src>HessenForst</src>
	</wpt>
	<wpt lat="50.322393122516452" lon="8.5932920557227028">
		<name>HG-142</name>
		<cmt>Waldeinfahrt</cmt>
		<desc>Waldeinfahrt</desc>
		<src>HessenForst</src>
	</wpt>
	<wpt lat="50.312798248665231" lon="8.5782465295258685">
		<name>HG-145</name>
		<cmt>Parkplatz "Schlink"</cmt>
		<desc>Parkplatz "Schlink"</desc>
		<src>HessenForst</src>
	</wpt>
	<wpt lat="50.314244464138149" lon="8.5585069093471926">
		<name>HG-143</name>
		<cmt>Sportplatz Wehrheim</cmt>
		<desc>Sportplatz Wehrheim</desc>
		<src>HessenForst</src>
	</wpt>
	<wpt lat="50.308776550640147" lon="8.5456317517620288">
		<name>HG-144</name>
		<cmt>Unterführung B 456</cmt>
		<desc>Unterführung B 456</desc>
		<src>HessenForst</src>
	</wpt>
	<wpt lat="50.298901907526044" lon="8.6088307093057495">
		<name>HG-146</name>
		<cmt>Haupteinfahrt  Munitionsdepot</cmt>
		<desc>Haupteinfahrt  Munitionsdepot</desc>
		<src>HessenForst</src>
	</wpt>
	<wpt lat="50.307141748917338" lon="8.6155473706992769">
		<name>HG-147</name>
		<cmt>Galgenberg -Waldecke - Munitionsdepot</cmt>
		<desc>Galgenberg -Waldecke - Munitionsdepot</desc>
		<src>HessenForst</src>
	</wpt>
	<wpt lat="50.303829695818195" lon="8.5884489673434672">
		<name>HG-148</name>
		<cmt>Schwimmbad Wehrheim</cmt>
		<desc>Schwimmbad Wehrheim</desc>
		<src>HessenForst</src>
	</wpt>
	<wpt lat="50.289146016084629" lon="8.5830597733835035">
		<name>HG-149</name>
		<cmt>Zufahrt Saalburgsiedlung - Sandelmüllerschneise</cmt>
		<desc>Zufahrt Saalburgsiedlung - Sandelmüllerschneise</desc>
		<src>HessenForst</src>
	</wpt>
	<wpt lat="50.378574811975618" lon="8.4102695591436589">
		<name>HG-105</name>
		<cmt>Naturparkplatz "Köpfchen"</cmt>
		<desc>Naturparkplatz "Köpfchen"</desc>
		<src>HessenForst</src>
	</wpt>
	<wpt lat="49.736884086138637" lon="8.8397194549221041">
		<name>ERB-181</name>
		<cmt>Haus Waldfrieden</cmt>
		<desc>Haus Waldfrieden</desc>
		<src>HessenForst</src>
	</wpt>
	<wpt lat="49.763636988404322" lon="8.8735269030937651">
		<name>ERB-180</name>
		<cmt>Ruine Dornmühle</cmt>
		<desc>Ruine Dornmühle</desc>
		<src>HessenForst</src>
	</wpt>
	<wpt lat="49.778319551570938" lon="8.8482800287153864">
		<name>ERB-179</name>
		<cmt>Fischerhütte</cmt>
		<desc>Fischerhütte</desc>
		<src>HessenForst</src>
	</wpt>
	<wpt lat="49.62070162302831" lon="8.944859052263368">
		<name>ERB-175</name>
		<cmt>Kreuzung Molkerei Hüttenthal</cmt>
		<desc>Kreuzung Molkerei Hüttenthal</desc>
		<src>HessenForst</src>
	</wpt>
	<wpt lat="49.613132255997961" lon="8.9248428243647169">
		<name>ERB-174</name>
		<cmt>Frankfurter Hütte</cmt>
		<desc>Frankfurter Hütte</desc>
		<src>HessenForst</src>
	</wpt>
	<wpt lat="49.615036139829137" lon="8.9133014035069973">
		<name>ERB-173</name>
		<cmt>Schwimmbad Güttersbach</cmt>
		<desc>Schwimmbad Güttersbach</desc>
		<src>HessenForst</src>
	</wpt>
	<wpt lat="51.085122332026138" lon="8.7988328574900176">
		<name>KB-542</name>
		<cmt>Gaststätte "Zur Mühle" in Schreufa</cmt>
		<desc>Gaststätte "Zur Mühle" in Schreufa</desc>
		<src>HessenForst</src>
	</wpt>
	<wpt lat="51.35810414546696" lon="9.5483948983855598">
		<name>KS-566</name>
		<cmt>L 3235 Parkpl. an der Eisenbahnbrücke</cmt>
		<desc>L 3235 Parkpl. an der Eisenbahnbrücke</desc>
		<src>HessenForst</src>
	</wpt>
	<wpt lat="50.184021811439791" lon="9.4657586655179227">
		<name>MKK-338</name>
		<cmt>Sportplatz Oberndorf</cmt>
		<desc>Sportplatz Oberndorf</desc>
		<src>HessenForst</src>
	</wpt>
	<wpt lat="50.738837348144948" lon="8.6244425550213926">
		<name>MR-629</name>
		<cmt>Lohra, Kreisstr. Mornsh. (S)/Lohra, Telefonzelle in Lohra, alte Molkerei</cmt>
		<desc>Lohra, Kreisstr. Mornsh. (S)/Lohra, Telefonzelle in Lohra, alte Molkerei</desc>
		<src>HessenForst</src>
	</wpt>
	<wpt lat="49.959496303191223" lon="8.850262623051206">
		<name>OF-231</name>
		<cmt>Freizeitanlage Eppertshausen</cmt>
		<desc>Freizeitanlage Eppertshausen</desc>
		<src>HessenForst</src>
	</wpt>
	<wpt lat="51.11707114358024" lon="9.6359064142305524">
		<name>HR-215</name>
		<cmt>Sendemast Malsberg</cmt>
		<desc>Sendemast Malsberg</desc>
		<src>HessenForst</src>
	</wpt>
	<wpt lat="50.299765338358064" lon="8.1870689175368749">
		<name>LM-259</name>
		<cmt>Ortsmitte Ohren Bushaltestelle</cmt>
		<desc>Ortsmitte Ohren Bushaltestelle</desc>
		<src>HessenForst</src>
	</wpt>
	<wpt lat="49.827844284656535" lon="8.9213022134089517">
		<name>DA-169</name>
		<cmt>Zipfen Kerbplatz</cmt>
		<desc>Zipfen Kerbplatz</desc>
		<src>HessenForst</src>
	</wpt>
	<wpt lat="51.496081962204954" lon="9.3329665632409782">
		<name>KS-542</name>
		<cmt>Kreuzung L 3213 / K 65 Friedrichsdorf</cmt>
		<desc>Kreuzung L 3213 / K 65 Friedrichsdorf</desc>
		<src>HessenForst</src>
	</wpt>
	<wpt lat="51.108940077773575" lon="8.7285246904934279">
		<name>KB-526</name>
		<cmt>Abzweig Forstweg, Neukircher Weg in Höhe Waldwiese von K 126</cmt>
		<desc>Abzweig Forstweg, Neukircher Weg in Höhe Waldwiese von K 126</desc>
		<src>HessenForst</src>
	</wpt>
	<wpt lat="50.911990969326929" lon="9.3600186198059312">
		<name>HR-900</name>
		<cmt>Edeka Seigertshausen</cmt>
		<desc>Edeka Seigertshausen</desc>
		<src>HessenForst</src>
	</wpt>
	<wpt lat="50.293884856036961" lon="8.1656767681544444">
		<name>LM-258</name>
		<cmt>Reitplatz Kirberg</cmt>
		<desc>Reitplatz Kirberg</desc>
		<src>HessenForst</src>
	</wpt>
	<wpt lat="50.952613270929895" lon="8.90496538767378">
		<name>MR-201</name>
		<cmt>Abzweig Merzhausen, Kreuzung L3087/K19</cmt>
		<desc>Abzweig Merzhausen, Kreuzung L3087/K19</desc>
		<src>HessenForst</src>
	</wpt>
	<wpt lat="49.605173956008443" lon="8.7860804691784455">
		<name>HP-213</name>
		<cmt>Parkplaltz "im Kreutz"</cmt>
		<desc>Parkplaltz "im Kreutz"</desc>
		<src>HessenForst</src>
	</wpt>
	<wpt lat="50.228564115886144" lon="8.1202997857398866">
		<name>RÜD-155</name>
		<cmt>Hennethal Abzweig Strinz, Trinitatis</cmt>
		<desc>Hennethal Abzweig Strinz, Trinitatis</desc>
		<src>HessenForst</src>
	</wpt>
	<wpt lat="50.828362123728269" lon="9.7965748027417057">
		<name>HEF-282</name>
		<cmt>K 17 HEF - Schenklenksfeld Abzw. Dinkelrode</cmt>
		<desc>K 17 HEF - Schenklenksfeld Abzw. Dinkelrode</desc>
		<src>HessenForst</src>
	</wpt>
	<wpt lat="49.943589387222431" lon="8.7058330449750425">
		<name>DA-51</name>
		<cmt>Arheilgen Kreuzung Lange Schneise / Speierhügelschneise</cmt>
		<desc>Arheilgen Kreuzung Lange Schneise / Speierhügelschneise</desc>
		<src>HessenForst</src>
	</wpt>
	<wpt lat="51.274249085922698" lon="9.215547386784074">
		<name>KS-530</name>
		<cmt>L 3215 v. Balhorn Ri. Altenstädt am Waldeingang "Im Lindchen" rechts</cmt>
		<desc>L 3215 v. Balhorn Ri. Altenstädt am Waldeingang "Im Lindchen" rechts</desc>
		<src>HessenForst</src>
	</wpt>
	<wpt lat="49.744109621458861" lon="8.7146806975104187">
		<name>DA-706</name>
		<cmt>Allertshofen Parkplatz am Schützenhof</cmt>
		<desc>Allertshofen Parkplatz am Schützenhof</desc>
		<src>HessenForst</src>
	</wpt>
	<wpt lat="50.543426502160955" lon="8.9026135898451315">
		<name>GI-19</name>
		<cmt>Gasthaus Horsteburg in Ober-Bessingen</cmt>
		<desc>Gasthaus Horsteburg in Ober-Bessingen</desc>
		<src>HessenForst</src>
	</wpt>
	<wpt lat="49.525769128531145" lon="8.7589577499850595">
		<name>HP-226</name>
		<cmt>Sportplatz Trösel</cmt>
		<desc>Sportplatz Trösel</desc>
		<src>HessenForst</src>
	</wpt>
	<wpt lat="50.918442394460953" lon="9.5555933030527562">
		<name>HEF-308</name>
		<cmt>Bushaltestelle Saasen</cmt>
		<desc>Bushaltestelle Saasen</desc>
		<src>HessenForst</src>
	</wpt>
	<wpt lat="50.930279418792331" lon="9.0226585458941031">
		<name>HR-409</name>
		<cmt>Abfahrt Kellerwaldwohnhein</cmt>
		<desc>Abfahrt Kellerwaldwohnhein</desc>
		<src>HessenForst</src>
	</wpt>
	<wpt lat="50.743272235572881" lon="8.4724586318442157">
		<name>MR-626</name>
		<cmt>Günterod Siedlung</cmt>
		<desc>Günterod Siedlung</desc>
		<src>HessenForst</src>
	</wpt>
	<wpt lat="50.817840860517805" lon="9.8886201837482339">
		<name>HEF-215</name>
		<cmt>Landecker, Waldeingang Abt. 401</cmt>
		<desc>Landecker, Waldeingang Abt. 401</desc>
		<src>HessenForst</src>
	</wpt>
	<wpt lat="50.241508943686924" lon="9.4567350778277408">
		<name>MKK-6</name>
		<cmt>Merneser Heiligen</cmt>
		<desc>Merneser Heiligen</desc>
		<src>HessenForst</src>
	</wpt>
	<wpt lat="50.68592761618779" lon="8.625819285069289">
		<name>MR-636</name>
		<cmt>Parkplatz beim Campingplatz am Waldschwimmbad</cmt>
		<desc>Parkplatz beim Campingplatz am Waldschwimmbad</desc>
		<src>HessenForst</src>
	</wpt>
	<wpt lat="50.618254714522948" lon="8.5626324475582223">
		<name>GI-208</name>
		<cmt>ehem. Forsthaus Haina</cmt>
		<desc>ehem. Forsthaus Haina</desc>
		<src>HessenForst</src>
	</wpt>
	<wpt lat="50.310181435585065" lon="8.686180189686354">
		<name>FB-187</name>
		<cmt>Parkplatz Rosenkranzheckenbrücke</cmt>
		<desc>Parkplatz Rosenkranzheckenbrücke</desc>
		<src>HessenForst</src>
	</wpt>
	<wpt lat="50.137771315681974" lon="8.8589275902655036">
		<name>MKK-702</name>
		<cmt>Parkplatz Sportanlage</cmt>
		<desc>Parkplatz Sportanlage</desc>
		<src>HessenForst</src>
	</wpt>
	<wpt lat="49.954721693831239" lon="8.4505557263604683">
		<name>GG-56</name>
		<cmt>Parkplatz Waldfriedhof Nauheim</cmt>
		<desc>Parkplatz Waldfriedhof Nauheim</desc>
		<src>HessenForst</src>
	</wpt>
	<wpt lat="49.809742378999175" lon="9.0395240104498775">
		<name>ERB-106</name>
		<cmt>Ende Teerstraße</cmt>
		<desc>Ende Teerstraße</desc>
		<src>HessenForst</src>
	</wpt>
	<wpt lat="49.595090790448751" lon="8.890349376315033">
		<name>ERB-424</name>
		<cmt>Olfen, Parkplatz "Olfener Steinbruch"</cmt>
		<desc>Olfen, Parkplatz "Olfener Steinbruch"</desc>
		<src>HessenForst</src>
	</wpt>
	<wpt lat="50.870009083480149" lon="8.9785739106354239">
		<name>MR-302</name>
		<cmt>Sportplatz Emsdorf</cmt>
		<desc>Sportplatz Emsdorf</desc>
		<src>HessenForst</src>
	</wpt>
	<wpt lat="49.804854690521992" lon="8.9926566718406651">
		<name>ERB-108</name>
		<cmt>Schillertempel</cmt>
		<desc>Schillertempel</desc>
		<src>HessenForst</src>
	</wpt>
	<wpt lat="50.83172481952009" lon="9.5781687304418526">
		<name>HEF-325</name>
		<cmt>Parkplatz Schwimmbad Kirchheim</cmt>
		<desc>Parkplatz Schwimmbad Kirchheim</desc>
		<src>HessenForst</src>
	</wpt>
	<wpt lat="51.583895502670259" lon="9.5069062769827752">
		<name>KS-24</name>
		<cmt>Ortsausgang Gottsbüren</cmt>
		<desc>Ortsausgang Gottsbüren</desc>
		<src>HessenForst</src>
	</wpt>
	<wpt lat="50.043354118097412" lon="8.0438929009333542">
		<name>RÜD-370</name>
		<cmt>Kloster Eberbach</cmt>
		<desc>Kloster Eberbach</desc>
		<src>HessenForst</src>
	</wpt>
	<wpt lat="50.963065117492867" lon="9.5012022001089811">
		<name>HR-953</name>
		<cmt>Abzweig Nausis</cmt>
		<desc>Abzweig Nausis</desc>
		<src>HessenForst</src>
	</wpt>
	<wpt lat="49.583412999208868" lon="8.5901000246588879">
		<name>HP-104</name>
		<cmt>Waldparkpl./Einfahrt "Beckerschneise"</cmt>
		<desc>Waldparkpl./Einfahrt "Beckerschneise"</desc>
		<src>HessenForst</src>
	</wpt>
	<wpt lat="50.940750821592367" lon="9.0883667943967925">
		<name>HR-414</name>
		<cmt>Zentralbahnhof</cmt>
		<desc>Zentralbahnhof</desc>
		<src>HessenForst</src>
	</wpt>
	<wpt lat="50.852460456611603" lon="9.7633455881886722">
		<name>HEF-245</name>
		<cmt>Oberförsterweg/Glasbach</cmt>
		<desc>Oberförsterweg/Glasbach</desc>
		<src>HessenForst</src>
	</wpt>
	<wpt lat="50.81512651862127" lon="9.7624265284534637">
		<name>HEF-229</name>
		<cmt>Fischbach/Wöllers</cmt>
		<desc>Fischbach/Wöllers</desc>
		<src>HessenForst</src>
	</wpt>
	<wpt lat="50.906751108079824" lon="8.6938881119530222">
		<name>MR-108</name>
		<cmt>Östl. Ortseingang Amönau</cmt>
		<desc>Östl. Ortseingang Amönau</desc>
		<src>HessenForst</src>
	</wpt>
	<wpt lat="50.514085025451465" lon="8.4902509124295431">
		<name>LDK-171</name>
		<cmt>Nauborn &amp;gt;Niederwetz Gaststätte Honigmühle</cmt>
		<desc>Nauborn &amp;gt;Niederwetz Gaststätte Honigmühle</desc>
		<src>HessenForst</src>
	</wpt>
	<wpt lat="50.874248761754963" lon="8.9556633768121454">
		<name>MR-301</name>
		<cmt>Ortseingang Burgholz</cmt>
		<desc>Ortseingang Burgholz</desc>
		<src>HessenForst</src>
	</wpt>
	<wpt lat="50.155149449872766" lon="9.3302232591179042">
		<name>MKK-308</name>
		<cmt>Festplatz Bieber, Schmelzweg</cmt>
		<desc>Festplatz Bieber, Schmelzweg</desc>
		<src>HessenForst</src>
	</wpt>
	<wpt lat="51.314149769811038" lon="9.3658279179612371">
		<name>KS-599</name>
		<cmt>Parkplatz Loipenhaus, Druseltalstr. O,5 km oberhalb vom Forsthaus Haichtswald, auf der rechten Seite</cmt>
		<desc>Parkplatz Loipenhaus, Druseltalstr. O,5 km oberhalb vom Forsthaus Haichtswald, auf der rechten Seite</desc>
		<src>HessenForst</src>
	</wpt>
	<wpt lat="50.820921808380767" lon="9.5783977635891322">
		<name>HEF-354</name>
		<cmt>Ortseingang Kleba</cmt>
		<desc>Ortseingang Kleba</desc>
		<src>HessenForst</src>
	</wpt>
	<wpt lat="50.886730521622816" lon="8.4541069133650684">
		<name>MR-501</name>
		<cmt>Ampel (Perfapotheke) an der B 253 Ortsmitte Breidenbach</cmt>
		<desc>Ampel (Perfapotheke) an der B 253 Ortsmitte Breidenbach</desc>
		<src>HessenForst</src>
	</wpt>
	<wpt lat="51.250308744617676" lon="9.1403003207991134">
		<name>KS-594</name>
		<cmt>Cafe Hasenacker bei Naumburg</cmt>
		<desc>Cafe Hasenacker bei Naumburg</desc>
		<src>HessenForst</src>
	</wpt>
	<wpt lat="50.835948024933423" lon="9.6603212939611751">
		<name>HEF-231</name>
		<cmt>Asbach/Mühle</cmt>
		<desc>Asbach/Mühle</desc>
		<src>HessenForst</src>
	</wpt>
	<wpt lat="50.337427985984363" lon="8.414225929771451">
		<name>HG-84</name>
		<cmt>1.Wegekreuz, rechts Pflasterstraße "Engel"</cmt>
		<desc>1.Wegekreuz, rechts Pflasterstraße "Engel"</desc>
		<src>HessenForst</src>
	</wpt>
	<wpt lat="51.362092940743317" lon="9.5637616950179734">
		<name>KS-564</name>
		<cmt>Wahnhausen, 1. Abf. von Kassel kommend</cmt>
		<desc>Wahnhausen, 1. Abf. von Kassel kommend</desc>
		<src>HessenForst</src>
	</wpt>
	<wpt lat="51.321761522094526" lon="9.3379041303593358">
		<name>KS-571</name>
		<cmt>Sandgrubenweg, Abzweig L 3239 zum Auskopf</cmt>
		<desc>Sandgrubenweg, Abzweig L 3239 zum Auskopf</desc>
		<src>HessenForst</src>
	</wpt>
	<wpt lat="51.419958995342839" lon="9.330601714598318">
		<name>KS-549</name>
		<cmt>Loh</cmt>
		<desc>Loh</desc>
		<src>HessenForst</src>
	</wpt>
	<wpt lat="49.724576456949826" lon="8.6378028604389137">
		<name>HP-242</name>
		<cmt>Melibokus</cmt>
		<desc>Melibokus</desc>
		<src>HessenForst</src>
	</wpt>
	<wpt lat="49.868111185226894" lon="9.001139594325025">
		<name>DA-10</name>
		<cmt>zweiter Naturpark-Parkplatz rechts "Kleine Zinshecke"</cmt>
		<desc>zweiter Naturpark-Parkplatz rechts "Kleine Zinshecke"</desc>
		<src>HessenForst</src>
	</wpt>
	<wpt lat="50.66768161223218" lon="8.6034458916970209">
		<name>GI-215</name>
		<cmt>Krumbach</cmt>
		<desc>Krumbach</desc>
		<src>HessenForst</src>
	</wpt>
	<wpt lat="50.920936964100449" lon="9.6550474602435603">
		<name>HEF-207</name>
		<cmt>Bushaltestelle Biedebach</cmt>
		<desc>Bushaltestelle Biedebach</desc>
		<src>HessenForst</src>
	</wpt>
	<wpt lat="51.178693351887517" lon="9.9893714294791902">
		<name>ESW-364</name>
		<cmt>Gaststätte Rost</cmt>
		<desc>Gaststätte Rost</desc>
		<src>HessenForst</src>
	</wpt>
	<wpt lat="51.232479160505648" lon="9.5293436478325155">
		<name>KS-430</name>
		<cmt>Deponie Warpel</cmt>
		<desc>Deponie Warpel</desc>
		<src>HessenForst</src>
	</wpt>
	<wpt lat="49.820175226529514" lon="8.7347936448793053">
		<name>DA-611</name>
		<cmt>Parkplatz Vogelherd, Ober-Ramstadt</cmt>
		<desc>Parkplatz Vogelherd, Ober-Ramstadt</desc>
		<src>HessenForst</src>
	</wpt>
	<wpt lat="49.583036809076916" lon="8.940972592952992">
		<name>ERB-230</name>
		<cmt>Airlenbach, "Dicke Eiche"</cmt>
		<desc>Airlenbach, "Dicke Eiche"</desc>
		<src>HessenForst</src>
	</wpt>
	<wpt lat="50.954338652118828" lon="9.5637355784365425">
		<name>HR-843</name>
		<cmt>Alte Straße/Hainroder Kreuz</cmt>
		<desc>Alte Straße/Hainroder Kreuz</desc>
		<src>HessenForst</src>
	</wpt>
	<wpt lat="49.779620982053743" lon="8.7477146673756003">
		<name>DA-601</name>
		<cmt>Vor Parkplatz Mühlwald</cmt>
		<desc>Vor Parkplatz Mühlwald</desc>
		<src>HessenForst</src>
	</wpt>
	<wpt lat="50.153382445292415" lon="9.4512221630372046">
		<name>MKK-327</name>
		<cmt>Waldparkplatz Minenwerfergrund</cmt>
		<desc>Waldparkplatz Minenwerfergrund</desc>
		<src>HessenForst</src>
	</wpt>
	<wpt lat="49.7070627497366" lon="8.7175145852483062">
		<name>HP-325</name>
		<cmt>Hofgut Hohenstein, Reichenbach</cmt>
		<desc>Hofgut Hohenstein, Reichenbach</desc>
		<src>HessenForst</src>
	</wpt>
	<wpt lat="51.248276658097943" lon="9.5181996400096747">
		<name>KS-425</name>
		<cmt>Parkplatz "Schwarzer Markt"</cmt>
		<desc>Parkplatz "Schwarzer Markt"</desc>
		<src>HessenForst</src>
	</wpt>
	<wpt lat="50.815808448726422" lon="9.4101576990951923">
		<name>HR-936</name>
		<cmt>Bahnhof Ottrau</cmt>
		<desc>Bahnhof Ottrau</desc>
		<src>HessenForst</src>
	</wpt>
	<wpt lat="49.870408168407472" lon="8.9749478972796197">
		<name>DA-402</name>
		<cmt>Einfahrt Feldweg am Waldrand</cmt>
		<desc>Einfahrt Feldweg am Waldrand</desc>
		<src>HessenForst</src>
	</wpt>
	<wpt lat="50.71380565842486" lon="8.7766559622011968">
		<name>MR-325</name>
		<cmt>Straßmühle</cmt>
		<desc>Straßmühle</desc>
		<src>HessenForst</src>
	</wpt>
	<wpt lat="51.335618921394889" lon="9.3483508604127383">
		<name>KS-569</name>
		<cmt>B 251, Abzweig Forsthaus Heide bis Wassertretstelle Horstweg am Waldrand</cmt>
		<desc>B 251, Abzweig Forsthaus Heide bis Wassertretstelle Horstweg am Waldrand</desc>
		<src>HessenForst</src>
	</wpt>
	<wpt lat="50.83003579808463" lon="9.3735623906692975">
		<name>HR-935</name>
		<cmt>Schneidmühle</cmt>
		<desc>Schneidmühle</desc>
		<src>HessenForst</src>
	</wpt>
	<wpt lat="50.790680107390038" lon="9.8956286664933373">
		<name>HEF-280</name>
		<cmt>Zigeunerfichten</cmt>
		<desc>Zigeunerfichten</desc>
		<src>HessenForst</src>
	</wpt>
	<wpt lat="50.399158267501392" lon="8.1035505173332396">
		<name>LM-317</name>
		<cmt>Eschhofen Zufahrt Kläranlage</cmt>
		<desc>Eschhofen Zufahrt Kläranlage</desc>
		<src>HessenForst</src>
	</wpt>
	<wpt lat="51.154566448973725" lon="10.052041898792968">
		<name>ESW-337</name>
		<cmt>Blauer Stein, Nähe  BGS-Schießstand</cmt>
		<desc>Blauer Stein, Nähe  BGS-Schießstand</desc>
		<src>HessenForst</src>
	</wpt>
	<wpt lat="50.050956979411382" lon="8.0082418868821694">
		<name>RÜD-366</name>
		<cmt>P Kreistanne</cmt>
		<desc>P Kreistanne</desc>
		<src>HessenForst</src>
	</wpt>
	<wpt lat="50.783951216344533" lon="8.4084539748732343">
		<name>LDK-412</name>
		<cmt>Kreuzung Schelde-Lahn-Straße L3042 und L3043 Richtung Dillenburg</cmt>
		<desc>Kreuzung Schelde-Lahn-Straße L3042 und L3043 Richtung Dillenburg</desc>
		<src>HessenForst</src>
	</wpt>
	<wpt lat="50.712683704570871" lon="8.3097682625757905">
		<name>LDK-354</name>
		<cmt>Klärwerk Niederscheld</cmt>
		<desc>Klärwerk Niederscheld</desc>
		<src>HessenForst</src>
	</wpt>
	<wpt lat="50.836400138510832" lon="9.7753801191284424">
		<name>HEF-221</name>
		<cmt>K 17, Weihnachtsbaumkultur gegenüber Stallgebäude</cmt>
		<desc>K 17, Weihnachtsbaumkultur gegenüber Stallgebäude</desc>
		<src>HessenForst</src>
	</wpt>
	<wpt lat="50.819570613969752" lon="8.7580835568148849">
		<name>MR-410</name>
		<cmt>Marburg Ende Wannkopfstraße</cmt>
		<desc>Marburg Ende Wannkopfstraße</desc>
		<src>HessenForst</src>
	</wpt>
	<wpt lat="49.843245514858047" lon="8.6445622781158509">
		<name>DA-13</name>
		<cmt>Eberstadt Heidelberger-/ Ecke Franklin Straße</cmt>
		<desc>Eberstadt Heidelberger-/ Ecke Franklin Straße</desc>
		<src>HessenForst</src>
	</wpt>
	<wpt lat="50.999539753819072" lon="9.1285349284463653">
		<name>HR-332</name>
		<cmt>Steinboß</cmt>
		<desc>Steinboß</desc>
		<src>HessenForst</src>
	</wpt>
	<wpt lat="50.295447526629708" lon="8.4384403346468826">
		<name>HG-66</name>
		<cmt>Buswendeschleife Treisberg</cmt>
		<desc>Buswendeschleife Treisberg</desc>
		<src>HessenForst</src>
	</wpt>
	<wpt lat="50.146357954284369" lon="8.7937499400046484">
		<name>MKK-703</name>
		<cmt>Zufahrt Sportplätze Gänseweiher</cmt>
		<desc>Zufahrt Sportplätze Gänseweiher</desc>
		<src>HessenForst</src>
	</wpt>
	<wpt lat="49.818061297455422" lon="8.6802051890633063">
		<name>DA-503</name>
		<cmt>Papiermühle Scheuch</cmt>
		<desc>Papiermühle Scheuch</desc>
		<src>HessenForst</src>
	</wpt>
	<wpt lat="50.473008099327522" lon="8.554354897120005">
		<name>GI-406</name>
		<cmt>Parkplatz vor Abzweig nach Oberwetz</cmt>
		<desc>Parkplatz vor Abzweig nach Oberwetz</desc>
		<src>HessenForst</src>
	</wpt>
	<wpt lat="51.367912775612275" lon="9.158510137952284">
		<name>KS-514</name>
		<cmt>L3075 Abfahrt zum NP Parkplatz Stadtwüstung Landsberg</cmt>
		<desc>L3075 Abfahrt zum NP Parkplatz Stadtwüstung Landsberg</desc>
		<src>HessenForst</src>
	</wpt>
	<wpt lat="51.289634737244548" lon="9.3498077339014678">
		<name>KS-576</name>
		<cmt>Hoof, Wahlgemeinde, hinter Bahnübergang</cmt>
		<desc>Hoof, Wahlgemeinde, hinter Bahnübergang</desc>
		<src>HessenForst</src>
	</wpt>
	<wpt lat="49.802788287381652" lon="8.7751718798644518">
		<name>DA-412</name>
		<cmt>Parkplatz vor Wembach an der K133</cmt>
		<desc>Parkplatz vor Wembach an der K133</desc>
		<src>HessenForst</src>
	</wpt>
	<wpt lat="50.496542012753061" lon="8.6829496055282682">
		<name>GI-402</name>
		<cmt>Kreuzung Holzheimer Str. / Schellmer Str., Unter der BAB Brücke</cmt>
		<desc>Kreuzung Holzheimer Str. / Schellmer Str., Unter der BAB Brücke</desc>
		<src>HessenForst</src>
	</wpt>
	<wpt lat="51.151022182505457" lon="9.6930694420310424">
		<name>HR-204</name>
		<cmt>Forsthaus Waldgut Schnellrode</cmt>
		<desc>Forsthaus Waldgut Schnellrode</desc>
		<src>SonstigeHessen</src>
	</wpt>
	<wpt lat="51.315045843087795" lon="9.3982977125393798">
		<name>KS-1001</name>
		<cmt>Bergpark Wilhelmshöhe, Kaskadenwirtschaft</cmt>
		<desc>Bergpark Wilhelmshöhe, Kaskadenwirtschaft</desc>
		<src>Hessen Kassel Heritage</src>
	</wpt>
	<wpt lat="50.794193728411912" lon="9.1244880886067516">
		<name>VB-126</name>
		<cmt>Waldstraße "Darmstraße"</cmt>
		<desc>Waldstraße "Darmstraße"</desc>
		<src>SonstigeHessen</src>
	</wpt>
	<wpt lat="50.841668510314619" lon="9.4924809802483878">
		<name>HR-943</name>
		<cmt>Wahlshausen - Grillhütte</cmt>
		<desc>Wahlshausen - Grillhütte</desc>
		<src>SonstigeHessen</src>
	</wpt>
	<wpt lat="50.295388064763173" lon="8.4782462422809814">
		<name>HG-63</name>
		<cmt>Jammerhecke</cmt>
		<desc>Jammerhecke</desc>
		<src>Stadt Neu-Anspach</src>
	</wpt>
	<wpt lat="51.235901866588016" lon="9.2578142991234689">
		<name>KS-601</name>
		<cmt>Zufahrt Ehrenfriedhof</cmt>
		<desc>Zufahrt Ehrenfriedhof</desc>
		<src>Stiftungsforsten Kloster Haina</src>
	</wpt>
	<wpt lat="51.310928283868769" lon="9.4092975401154071">
		<name>KS-1003</name>
		<cmt>Bergpark Wilhelmshöhe, Löwenburg</cmt>
		<desc>Bergpark Wilhelmshöhe, Löwenburg</desc>
		<src>Hessen Kassel Heritage</src>
	</wpt>
	<wpt lat="51.096659913805709" lon="9.8123066289014194">
		<name>ESW-37</name>
		<cmt>Ortsmitte Gehau, Bushaltestelle</cmt>
		<desc>Ortsmitte Gehau, Bushaltestelle</desc>
		<src>SonstigeHessen</src>
	</wpt>
	<wpt lat="51.117913750138989" lon="9.8202847287237578">
		<name>ESW-34</name>
		<cmt>Plätsche Sägewerk Gunkel, Bushaltestelle</cmt>
		<desc>Plätsche Sägewerk Gunkel, Bushaltestelle</desc>
		<src>SonstigeHessen</src>
	</wpt>
	<wpt lat="50.967429935858561" lon="9.0455658697115116">
		<name>HR-407</name>
		<cmt>Moischeid Schwimmbad</cmt>
		<desc>Moischeid Schwimmbad</desc>
		<src>SonstigeHessen</src>
	</wpt>
	<wpt lat="51.316569246492854" lon="9.4060343519716589">
		<name>KS-1002</name>
		<cmt>Bergpark Wilhelmshöhe,  Aquädukt</cmt>
		<desc>Bergpark Wilhelmshöhe,  Aquädukt</desc>
		<src>Hessen Kassel Heritage</src>
	</wpt>
	<wpt lat="51.143887927213193" lon="9.8729339777324974">
		<name>ESW-26</name>
		<cmt>Parkplatz Arztpraxis   Dr. Kentner</cmt>
		<desc>Parkplatz Arztpraxis   Dr. Kentner</desc>
		<src>SonstigeHessen</src>
	</wpt>
	<wpt lat="51.312682397247464" lon="9.4218213146465484">
		<name>KS-1004</name>
		<cmt>Bergpark Wilhelmshöhe, Lac-Ostseite</cmt>
		<desc>Bergpark Wilhelmshöhe, Lac-Ostseite</desc>
		<src>Hessen Kassel Heritage</src>
	</wpt>
	<wpt lat="51.227664387820703" lon="9.2261790958163132">
		<name>KS-537</name>
		<cmt>Parkplatz am Abzweig K 111/ K 112 Elbenberg/Riede</cmt>
		<desc>Parkplatz am Abzweig K 111/ K 112 Elbenberg/Riede</desc>
		<src>Stiftungsforsten Kloster Haina</src>
	</wpt>
	<wpt lat="51.455062437228491" lon="9.1923345819221911">
		<name>KS-501</name>
		<cmt>L 3312 Ortseingang Wettesingen von B 7 kommend</cmt>
		<desc>L 3312 Ortseingang Wettesingen von B 7 kommend</desc>
		<src>SonstigeHessen</src>
	</wpt>
	<wpt lat="50.595349633313724" lon="8.3839142178090054">
		<name>LDK-266</name>
		<cmt>Am Bahnhof</cmt>
		<desc>Am Bahnhof</desc>
		<src>Gemeinde Ehringshausen</src>
	</wpt>
	<wpt lat="51.139047434410507" lon="9.9309200680641929">
		<name>ESW-28</name>
		<cmt>Forsthaus Bischhausen</cmt>
		<desc>Forsthaus Bischhausen</desc>
		<src>SonstigeHessen</src>
	</wpt>
	<wpt lat="50.795497662272176" lon="9.404702871218598">
		<name>HR-950</name>
		<cmt>v. Schwertzell - Ottrau</cmt>
		<desc>v. Schwertzell - Ottrau</desc>
		<src>SonstigeHessen</src>
	</wpt>
	<wpt lat="49.651171206389726" lon="8.3768942090580847">
		<name>HP-122</name>
		<cmt>PPL Auhof-Reite Maulbeeraue</cmt>
		<desc>PPL Auhof-Reite Maulbeeraue</desc>
		<src>SonstigeHessen</src>
	</wpt>
	<wpt lat="51.281050479253366" lon="9.3370857177743201">
		<name>KS-578</name>
		<cmt>L 3215 Abf. Hoof, nach 150 m rechts Bushaltestelle</cmt>
		<desc>L 3215 Abf. Hoof, nach 150 m rechts Bushaltestelle</desc>
		<src>SonstigeHessen</src>
	</wpt>
	<wpt lat="51.150460935119675" lon="9.9110174301472131">
		<name>ESW-27</name>
		<cmt>Kreuzung B 7 Nebenwege</cmt>
		<desc>Kreuzung B 7 Nebenwege</desc>
		<src>SonstigeHessen</src>
	</wpt>
	<wpt lat="50.628298422839009" lon="8.3527073084505865">
		<name>LDK-273</name>
		<cmt>Im Volkersbach unter der BAB durch bis zu den Fischteichen</cmt>
		<desc>Im Volkersbach unter der BAB durch bis zu den Fischteichen</desc>
		<src>Gemeinde Ehringshausen</src>
	</wpt>
	<wpt lat="50.49800160797993" lon="8.0639716725087816">
		<name>LM-349</name>
		<cmt>Rettungswache Dorchheim</cmt>
		<desc>Rettungswache Dorchheim</desc>
		<src>HessenForst</src>
	</wpt>
	<wpt lat="50.821765392425441" lon="8.5028374158972788">
		<name>MR-520</name>
		<cmt>Wegekreuz Holzhausen/Obereisenhausen/Steinperf im Wald (gemeinde-eigene Ortsverbindungswege)</cmt>
		<desc>Wegekreuz Holzhausen/Obereisenhausen/Steinperf im Wald (gemeinde-eigene Ortsverbindungswege)</desc>
		<src>HessenForst</src>
	</wpt>
	<wpt lat="49.683974528510085" lon="8.970277939623081">
		<name>ERB-157</name>
		<cmt>Eichels</cmt>
		<desc>Eichels</desc>
		<src>HessenForst</src>
	</wpt>
	<wpt lat="50.310653722411615" lon="9.0902557043222139">
		<name>FB-141</name>
		<cmt>Bürgerhaus Wolf</cmt>
		<desc>Bürgerhaus Wolf</desc>
		<src>HessenForst</src>
	</wpt>
	<wpt lat="51.476050282540854" lon="9.3909336993101409">
		<name>KS-56</name>
		<cmt>Parkplatz B 83 unter-halb des Waldstückes</cmt>
		<desc>Parkplatz B 83 unter-halb des Waldstückes</desc>
		<src>HessenForst</src>
	</wpt>
	<wpt lat="51.479762445077149" lon="9.5406079208711958">
		<name>KS-202</name>
		<cmt>Parkplatz Udenhäuser Stock</cmt>
		<desc>Parkplatz Udenhäuser Stock</desc>
		<src>HessenForst</src>
	</wpt>
	<wpt lat="50.338491471763518" lon="9.0412346831359169">
		<name>FB-107</name>
		<cmt>Teerweg</cmt>
		<desc>Teerweg</desc>
		<src>HessenForst</src>
	</wpt>
	<wpt lat="50.60130882632631" lon="8.384309884505285">
		<name>LDK-263</name>
		<cmt>Rathausstraße 1 Polizeistation</cmt>
		<desc>Rathausstraße 1 Polizeistation</desc>
		<src>Gemeinde Ehringshausen</src>
	</wpt>
	<wpt lat="50.605574843380964" lon="8.3123564371065388">
		<name>LDK-264</name>
		<cmt>Steckenmesser Aus-siedlerhof "Lindenhof"</cmt>
		<desc>Steckenmesser Aus-siedlerhof "Lindenhof"</desc>
		<src>Gemeinde Ehringshausen</src>
	</wpt>
	<wpt lat="51.421880183662651" lon="9.2787111284638666">
		<name>KS-507</name>
		<cmt>Gut Hohenborn, Hofeinfahrt</cmt>
		<desc>Gut Hohenborn, Hofeinfahrt</desc>
		<src>Verwaltung Russell</src>
	</wpt>
	<wpt lat="51.427246653335125" lon="9.2190303104340892">
		<name>KS-505</name>
		<cmt>L 3080 Oberlistingen Richtung Breuna am Abzweig K 88 Richtung Escheberg</cmt>
		<desc>L 3080 Oberlistingen Richtung Breuna am Abzweig K 88 Richtung Escheberg</desc>
		<src>Verwaltung v.d. Malsburg</src>
	</wpt>
	<wpt lat="50.376492085016686" lon="8.5328789889514205">
		<name>HG-117</name>
		<cmt>Parkplatz Ortsausgang Michelbach</cmt>
		<desc>Parkplatz Ortsausgang Michelbach</desc>
		<src>Stadt Usingen</src>
	</wpt>
	<wpt lat="50.372965465945349" lon="8.5144226326988051">
		<name>HG-118</name>
		<cmt>Rentnerbänke</cmt>
		<desc>Rentnerbänke</desc>
		<src>Stadt Usingen</src>
	</wpt>
	<wpt lat="51.339605830028894" lon="9.1275613187306579">
		<name>KB-33</name>
		<cmt>Einfahrt Pommernanlage</cmt>
		<desc>Einfahrt Pommernanlage</desc>
		<src>Kommunalwald GmbH</src>
	</wpt>
	<wpt lat="51.223084383232532" lon="9.1977293166508165">
		<name>KS-536</name>
		<cmt>Abzweig Gut Waldhof an L 3214</cmt>
		<desc>Abzweig Gut Waldhof an L 3214</desc>
		<src>Stiftungsforsten Kloster Haina</src>
	</wpt>
	<wpt lat="51.243727150176802" lon="9.2212320912845467">
		<name>KS-532</name>
		<cmt>Am höchsten Punkt der K 113 zw. B 450 und Elbenberg rechts</cmt>
		<desc>Am höchsten Punkt der K 113 zw. B 450 und Elbenberg rechts</desc>
		<src>Stiftungsforsten Kloster Haina</src>
	</wpt>
	<wpt lat="50.630826488821739" lon="8.4119796123901907">
		<name>LDK-275</name>
		<cmt>Grubenweg DGH</cmt>
		<desc>Grubenweg DGH</desc>
		<src>Gemeinde Ehringshausen</src>
	</wpt>
	<wpt lat="50.645102564077234" lon="8.4201699136501933">
		<name>LDK-272</name>
		<cmt>Oberlemper Straße -Ost Feuerwehrgerätehaus</cmt>
		<desc>Oberlemper Straße -Ost Feuerwehrgerätehaus</desc>
		<src>Gemeinde Ehringshausen</src>
	</wpt>
	<wpt lat="50.607112161165666" lon="8.3415332450601198">
		<name>LDK-265</name>
		<cmt>Friedhofstraße am Friedhof</cmt>
		<desc>Friedhofstraße am Friedhof</desc>
		<src>Gemeinde Ehringshausen</src>
	</wpt>
	<wpt lat="50.642167798603268" lon="8.4014852701503653">
		<name>LDK-274</name>
		<cmt>Kölschhausen &amp;gt;Nieder-lemp schräg gegenüber der Grundmühle</cmt>
		<desc>Kölschhausen &amp;gt;Nieder-lemp schräg gegenüber der Grundmühle</desc>
		<src>Gemeinde Ehringshausen</src>
	</wpt>
	<wpt lat="51.372222697490393" lon="9.9035629893910144">
		<name>ESW-145</name>
		<cmt>Ortsschild östl. Ortseingang Neu Eichenb. Dorf</cmt>
		<desc>Ortsschild östl. Ortseingang Neu Eichenb. Dorf</desc>
		<src>HessenForst</src>
	</wpt>
	<wpt lat="51.244992108272712" lon="9.6991193719931452">
		<name>KS-411</name>
		<cmt>Parkplatz Hergesbachteiche</cmt>
		<desc>Parkplatz Hergesbachteiche</desc>
		<src>HessenForst</src>
	</wpt>
	<wpt lat="50.96773414311361" lon="9.9194881440113019">
		<name>HEF-117</name>
		<cmt>Feriendorf</cmt>
		<desc>Feriendorf</desc>
		<src>HessenForst</src>
	</wpt>
	<wpt lat="51.248983482941107" lon="10.041179062098731">
		<name>ESW-52</name>
		<cmt>Hohestein, Wildwiese Abt. 115 a</cmt>
		<desc>Hohestein, Wildwiese Abt. 115 a</desc>
		<src>HessenForst</src>
	</wpt>
	<wpt lat="50.206109650808152" lon="8.5016297600466331">
		<name>HG-27</name>
		<cmt>Wegekreuz "Sieben Brüder"</cmt>
		<desc>Wegekreuz "Sieben Brüder"</desc>
		<src>HessenForst</src>
	</wpt>
	<wpt lat="50.516957773815029" lon="9.2283760698291601">
		<name>VB-34</name>
		<cmt>Parkplatz Taufsteinhütte</cmt>
		<desc>Parkplatz Taufsteinhütte</desc>
		<src>HessenForst</src>
	</wpt>
	<wpt lat="51.209369246938707" lon="10.114258130300735">
		<name>ESW-50</name>
		<cmt>Dachsberg</cmt>
		<desc>Dachsberg</desc>
		<src>HessenForst</src>
	</wpt>
	<wpt lat="50.263521698912498" lon="9.6441160715627614">
		<name>MKK-100</name>
		<cmt>Pfaffensteg</cmt>
		<desc>Pfaffensteg</desc>
		<src>HessenForst</src>
	</wpt>
	<wpt lat="50.560541136364115" lon="8.8080441011333068">
		<name>GI-9</name>
		<cmt>Abf. zur ehem. Raketenstation</cmt>
		<desc>Abf. zur ehem. Raketenstation</desc>
		<src>HessenForst</src>
	</wpt>
	<wpt lat="50.163657186994477" lon="8.0350900280167483">
		<name>RÜD-122</name>
		<cmt>Raketenstellung</cmt>
		<desc>Raketenstellung</desc>
		<src>HessenForst</src>
	</wpt>
	<wpt lat="50.299681149567114" lon="8.8953988795130137">
		<name>FB-44</name>
		<cmt>Waldrand</cmt>
		<desc>Waldrand</desc>
		<src>HessenForst</src>
	</wpt>
	<wpt lat="50.262449244184069" lon="8.8273669852767505">
		<name>FB-22</name>
		<cmt>Notrufsäule im Wald</cmt>
		<desc>Notrufsäule im Wald</desc>
		<src>HessenForst</src>
	</wpt>
	<wpt lat="50.454392310141728" lon="9.170566855134906">
		<name>VB-15</name>
		<cmt>Eschr.-Gedern Langeschneise</cmt>
		<desc>Eschr.-Gedern Langeschneise</desc>
		<src>HessenForst</src>
	</wpt>
	<wpt lat="51.383683999626122" lon="9.8887041689350088">
		<name>ESW-147</name>
		<cmt>Grillhütte; westl. Orstausgang Berge</cmt>
		<desc>Grillhütte; westl. Orstausgang Berge</desc>
		<src>HessenForst</src>
	</wpt>
	<wpt lat="50.800252128479173" lon="8.5543935605949368">
		<name>MR-602</name>
		<cmt>Runzhausen B 453 Runzh./Dautphetal, Parkplatz, 400 m nach Ortsausgang</cmt>
		<desc>Runzhausen B 453 Runzh./Dautphetal, Parkplatz, 400 m nach Ortsausgang</desc>
		<src>HessenForst</src>
	</wpt>
	<wpt lat="50.875035406334739" lon="9.8950946768287551">
		<name>HEF-139</name>
		<cmt>Birkenallee</cmt>
		<desc>Birkenallee</desc>
		<src>HessenForst</src>
	</wpt>
	<wpt lat="50.615004390766046" lon="9.2443658654660492">
		<name>VB-49</name>
		<cmt>Meiches-Helph. Fahr. Weg links</cmt>
		<desc>Meiches-Helph. Fahr. Weg links</desc>
		<src>HessenForst</src>
	</wpt>
	<wpt lat="50.68776861924912" lon="9.8842126254771898">
		<name>FD-60</name>
		<cmt>Karnhof</cmt>
		<desc>Karnhof</desc>
		<src>HessenForst</src>
	</wpt>
	<wpt lat="50.97609735524474" lon="9.7506331487075482">
		<name>HEF-42</name>
		<cmt>Kaserne Rotenburg</cmt>
		<desc>Kaserne Rotenburg</desc>
		<src>HessenForst</src>
	</wpt>
	<wpt lat="51.195873927781392" lon="9.7158905944328815">
		<name>ESW-13</name>
		<cmt>Ehem. Forstamt, Kreutzrasen Endstation Straßenbahn</cmt>
		<desc>Ehem. Forstamt, Kreutzrasen Endstation Straßenbahn</desc>
		<src>HessenForst</src>
	</wpt>
	<wpt lat="51.301251931455766" lon="9.8017536793621183">
		<name>ESW-118</name>
		<cmt>Parkplatz Waldeingang Oberroßbach</cmt>
		<desc>Parkplatz Waldeingang Oberroßbach</desc>
		<src>HessenForst</src>
	</wpt>
	<wpt lat="50.574119857674248" lon="8.7987693963557128">
		<name>GI-240</name>
		<cmt>Oppenrod</cmt>
		<desc>Oppenrod</desc>
		<src>HessenForst</src>
	</wpt>
	<wpt lat="51.624209341811749" lon="9.522863062731302">
		<name>KS-11</name>
		<cmt>Altes Forsthaus Gewissenruh</cmt>
		<desc>Altes Forsthaus Gewissenruh</desc>
		<src>HessenForst</src>
	</wpt>
	<wpt lat="50.109475953656009" lon="8.0841478813105532">
		<name>RÜD-389</name>
		<cmt>P Umkehr</cmt>
		<desc>P Umkehr</desc>
		<src>HessenForst</src>
	</wpt>
	<wpt lat="50.211698769562283" lon="8.0883417954688834">
		<name>RÜD-156</name>
		<cmt>DGH</cmt>
		<desc>DGH</desc>
		<src>HessenForst</src>
	</wpt>
	<wpt lat="50.274729437117074" lon="9.3616152205502896">
		<name>MKK-45</name>
		<cmt>Anfahrt über Münsterbergstraße bis zum Parkplatz an den Sportplätzen</cmt>
		<desc>Anfahrt über Münsterbergstraße bis zum Parkplatz an den Sportplätzen</desc>
		<src>HessenForst</src>
	</wpt>
	<wpt lat="50.304379924516105" lon="9.1110043473184952">
		<name>FB-137</name>
		<cmt>Parkplatz Wildpark / Hubertusklause</cmt>
		<desc>Parkplatz Wildpark / Hubertusklause</desc>
		<src>HessenForst</src>
	</wpt>
	<wpt lat="50.682940415742372" lon="9.8535071228632187">
		<name>FD-61</name>
		<cmt>Ortseingang Haselstein</cmt>
		<desc>Ortseingang Haselstein</desc>
		<src>HessenForst</src>
	</wpt>
	<wpt lat="51.094797051664962" lon="9.267463806727644">
		<name>HR-29</name>
		<cmt>Gut Kalbsburg</cmt>
		<desc>Gut Kalbsburg</desc>
		<src>HessenForst</src>
	</wpt>
	<wpt lat="50.159810277488326" lon="8.0085282446089199">
		<name>RÜD-121</name>
		<cmt>Abfahrt Watzelhain</cmt>
		<desc>Abfahrt Watzelhain</desc>
		<src>HessenForst</src>
	</wpt>
	<wpt lat="50.431996913517807" lon="8.7487930075269151">
		<name>FB-6</name>
		<cmt>Sandsteinkreuz</cmt>
		<desc>Sandsteinkreuz</desc>
		<src>HessenForst</src>
	</wpt>
	<wpt lat="50.742292713231379" lon="9.5860890983219829">
		<name>VB-301</name>
		<cmt>Unter-Schwarz, Abzweig nach Rimbach</cmt>
		<desc>Unter-Schwarz, Abzweig nach Rimbach</desc>
		<src>HessenForst</src>
	</wpt>
	<wpt lat="50.637889584488029" lon="9.1226730160271501">
		<name>VB-59</name>
		<cmt>B 49- Eisenmannsberg</cmt>
		<desc>B 49- Eisenmannsberg</desc>
		<src>HessenForst</src>
	</wpt>
	<wpt lat="51.034789807298296" lon="9.5599341238989091">
		<name>HR-803</name>
		<cmt>Wichter Höhe</cmt>
		<desc>Wichter Höhe</desc>
		<src>HessenForst</src>
	</wpt>
	<wpt lat="51.184547722702845" lon="9.6879136851489775">
		<name>ESW-14</name>
		<cmt>Parkplatz Günsteröder Höhe</cmt>
		<desc>Parkplatz Günsteröder Höhe</desc>
		<src>HessenForst</src>
	</wpt>
	<wpt lat="50.651004822496468" lon="8.831352719798339">
		<name>GI-248</name>
		<cmt>Climbacher Feldchen</cmt>
		<desc>Climbacher Feldchen</desc>
		<src>HessenForst</src>
	</wpt>
	<wpt lat="51.309362112689804" lon="9.6126545362300586">
		<name>KS-404</name>
		<cmt>Bushaltestelle</cmt>
		<desc>Bushaltestelle</desc>
		<src>HessenForst</src>
	</wpt>
	<wpt lat="51.65014321439309" lon="9.4631037953455941">
		<name>KS-2</name>
		<cmt>Einfahrt Ehlweg</cmt>
		<desc>Einfahrt Ehlweg</desc>
		<src>HessenForst</src>
	</wpt>
	<wpt lat="50.706271989552867" lon="9.0014841179064469">
		<name>VB-104</name>
		<cmt>Große Eiche</cmt>
		<desc>Große Eiche</desc>
		<src>HessenForst</src>
	</wpt>
	<wpt lat="51.496393741177002" lon="9.4744565400862051">
		<name>KS-122</name>
		<cmt>Parkplatz Hochzeitswald</cmt>
		<desc>Parkplatz Hochzeitswald</desc>
		<src>HessenForst</src>
	</wpt>
	<wpt lat="50.197503962426147" lon="8.2441075133131161">
		<name>RÜD-252</name>
		<cmt>Abzweig Ehrenbach</cmt>
		<desc>Abzweig Ehrenbach</desc>
		<src>HessenForst</src>
	</wpt>
	<wpt lat="51.019064359884595" lon="9.2398364890429772">
		<name>HR-54</name>
		<cmt>Bahnübergang</cmt>
		<desc>Bahnübergang</desc>
		<src>HessenForst</src>
	</wpt>
	<wpt lat="51.199567598857996" lon="8.986092725329943">
		<name>KB-235</name>
		<cmt>Sportplatz Basdorf</cmt>
		<desc>Sportplatz Basdorf</desc>
		<src>HessenForst</src>
	</wpt>
	<wpt lat="50.519188450495086" lon="9.3150498916981856">
		<name>VB-11</name>
		<cmt>P-Gasthaus "Felsenmeer"</cmt>
		<desc>P-Gasthaus "Felsenmeer"</desc>
		<src>HessenForst</src>
	</wpt>
	<wpt lat="51.258672013943738" lon="9.8176273686636097">
		<name>ESW-108</name>
		<cmt>Waldeinf. Zum "Langenberg" gegenüber "Erbsenmühle"</cmt>
		<desc>Waldeinf. Zum "Langenberg" gegenüber "Erbsenmühle"</desc>
		<src>HessenForst</src>
	</wpt>
	<wpt lat="51.573257386975776" lon="9.4674668267651416">
		<name>KS-22</name>
		<cmt>Einfahrt Bienenbusch</cmt>
		<desc>Einfahrt Bienenbusch</desc>
		<src>HessenForst</src>
	</wpt>
	<wpt lat="50.47872319153101" lon="9.2693283400282276">
		<name>VB-10</name>
		<cmt>P-Ortseingang Herchenhain</cmt>
		<desc>P-Ortseingang Herchenhain</desc>
		<src>HessenForst</src>
	</wpt>
	<wpt lat="50.468033142331556" lon="8.3016219555393569">
		<name>LM-133</name>
		<cmt>"Kubacher Kristallhöhle"</cmt>
		<desc>"Kubacher Kristallhöhle"</desc>
		<src>HessenForst</src>
	</wpt>
	<wpt lat="50.77699719686786" lon="8.6014844213247219">
		<name>MR-611</name>
		<cmt>Gladenbach, Kreisstr. Gladenbach/Frohnh., Waldeingang</cmt>
		<desc>Gladenbach, Kreisstr. Gladenbach/Frohnh., Waldeingang</desc>
		<src>HessenForst</src>
	</wpt>
	<wpt lat="51.051980655172521" lon="8.646414532388544">
		<name>KB-807</name>
		<cmt>Abzweig von der B 236 nach Osterfeld</cmt>
		<desc>Abzweig von der B 236 nach Osterfeld</desc>
		<src>HessenForst</src>
	</wpt>
	<wpt lat="51.176881422051572" lon="9.8168543987519019">
		<name>ESW-17</name>
		<cmt>Ortseingang Küchen von B 7</cmt>
		<desc>Ortseingang Küchen von B 7</desc>
		<src>HessenForst</src>
	</wpt>
	<wpt lat="51.284588881166428" lon="9.8455230479192082">
		<name>ESW-111</name>
		<cmt>Abzweig Feldweg "Scherzfeld"</cmt>
		<desc>Abzweig Feldweg "Scherzfeld"</desc>
		<src>HessenForst</src>
	</wpt>
	<wpt lat="51.524490608401933" lon="9.6003969937043721">
		<name>KS-121</name>
		<cmt>Staue</cmt>
		<desc>Staue</desc>
		<src>HessenForst</src>
	</wpt>
	<wpt lat="51.268776678678897" lon="9.9289704807098058">
		<name>ESW-207</name>
		<cmt>Kuhläger/Abt. 16, 17</cmt>
		<desc>Kuhläger/Abt. 16, 17</desc>
		<src>HessenForst</src>
	</wpt>
	<wpt lat="50.274276071500886" lon="8.2090609811109694">
		<name>RÜD-169</name>
		<cmt>Parkplatz Beuerbacher See</cmt>
		<desc>Parkplatz Beuerbacher See</desc>
		<src>HessenForst</src>
	</wpt>
	<wpt lat="50.473985957290779" lon="9.15952103462633">
		<name>VB-16</name>
		<cmt>Eschr.-Gdern P Ortsausgang rechts</cmt>
		<desc>Eschr.-Gdern P Ortsausgang rechts</desc>
		<src>HessenForst</src>
	</wpt>
	<wpt lat="50.576815996974226" lon="9.1462897221373822">
		<name>VB-44</name>
		<cmt>"Sieben Linden " NDM</cmt>
		<desc>"Sieben Linden " NDM</desc>
		<src>HessenForst</src>
	</wpt>
	<wpt lat="50.310216127436902" lon="9.1799189241899981">
		<name>FB-134</name>
		<cmt>Parkplatz direkt an der Straße</cmt>
		<desc>Parkplatz direkt an der Straße</desc>
		<src>HessenForst</src>
	</wpt>
	<wpt lat="50.373384635296155" lon="9.0819930672537961">
		<name>FB-98</name>
		<cmt>In Lißberg, Einzelbaum Abfahrt Fa. Betz</cmt>
		<desc>In Lißberg, Einzelbaum Abfahrt Fa. Betz</desc>
		<src>HessenForst</src>
	</wpt>
	<wpt lat="49.982084677151981" lon="7.9010011175487369">
		<name>RÜD-311</name>
		<cmt>P Niederwalddenkmal</cmt>
		<desc>P Niederwalddenkmal</desc>
		<src>HessenForst</src>
	</wpt>
	<wpt lat="51.224611145304102" lon="9.6720800748287594">
		<name>ESW-3</name>
		<cmt>Gasthaus Neubau</cmt>
		<desc>Gasthaus Neubau</desc>
		<src>HessenForst</src>
	</wpt>
	<wpt lat="51.046229158703795" lon="9.7668191990105875">
		<name>HEF-8</name>
		<cmt>Seifertshausen</cmt>
		<desc>Seifertshausen</desc>
		<src>HessenForst</src>
	</wpt>
	<wpt lat="51.011810313303947" lon="9.1615226670991703">
		<name>HR-329</name>
		<cmt>Reithestraße</cmt>
		<desc>Reithestraße</desc>
		<src>HessenForst</src>
	</wpt>
	<wpt lat="51.022594722846208" lon="8.8477996264832655">
		<name>KB-819</name>
		<cmt>Friedhof Willersdorf</cmt>
		<desc>Friedhof Willersdorf</desc>
		<src>HessenForst</src>
	</wpt>
	<wpt lat="50.719347175968949" lon="8.9226267095021932">
		<name>VB-100</name>
		<cmt>Dorfgemeinschaftshaus</cmt>
		<desc>Dorfgemeinschaftshaus</desc>
		<src>HessenForst</src>
	</wpt>
	<wpt lat="50.768249563128599" lon="8.4141697318957807">
		<name>LDK-345</name>
		<cmt>Tringenstein -&amp;gt; Hirzenhain-Bahnhof, Parkplatz Sportplatz Tringenstein</cmt>
		<desc>Tringenstein -&amp;gt; Hirzenhain-Bahnhof, Parkplatz Sportplatz Tringenstein</desc>
		<src>HessenForst</src>
	</wpt>
	<wpt lat="50.030455362386014" lon="8.728329205502348">
		<name>OF-128</name>
		<cmt>Kleine Flitterwiesen Schneise / Bestewiesenschneise</cmt>
		<desc>Kleine Flitterwiesen Schneise / Bestewiesenschneise</desc>
		<src>HessenForst</src>
	</wpt>
	<wpt lat="51.183752367281699" lon="9.0446394506208208">
		<name>KB-416</name>
		<cmt>Wildpark Edersee - Eingang</cmt>
		<desc>Wildpark Edersee - Eingang</desc>
		<src>HessenForst</src>
	</wpt>
	<wpt lat="50.173243472948336" lon="7.9163405235309181">
		<name>RÜD-127</name>
		<cmt>Zorn &amp;gt; Obermeilingen</cmt>
		<desc>Zorn &amp;gt; Obermeilingen</desc>
		<src>HessenForst</src>
	</wpt>
	<wpt lat="51.044281081875909" lon="9.7985314732723907">
		<name>HEF-9</name>
		<cmt>Am Schwarzen Stock</cmt>
		<desc>Am Schwarzen Stock</desc>
		<src>HessenForst</src>
	</wpt>
	<wpt lat="50.450958481929533" lon="9.0628940256172523">
		<name>FB-70</name>
		<cmt>Eichelbrücke</cmt>
		<desc>Eichelbrücke</desc>
		<src>HessenForst</src>
	</wpt>
	<wpt lat="51.325298506378076" lon="9.6096760814633786">
		<name>KS-403</name>
		<cmt>Niestebrücke</cmt>
		<desc>Niestebrücke</desc>
		<src>HessenForst</src>
	</wpt>
	<wpt lat="51.064433228475721" lon="8.7876741239011622">
		<name>KB-555</name>
		<cmt>Parkplatz "Meiers-gründchen" Zufahrt "Schwedenstein"</cmt>
		<desc>Parkplatz "Meiers-gründchen" Zufahrt "Schwedenstein"</desc>
		<src>HessenForst</src>
	</wpt>
	<wpt lat="51.214037321671711" lon="9.6822686956665773">
		<name>ESW-4</name>
		<cmt>Kirschenberg (letztes Wohnhaus)</cmt>
		<desc>Kirschenberg (letztes Wohnhaus)</desc>
		<src>HessenForst</src>
	</wpt>
	<wpt lat="51.061086814230897" lon="8.6507725334968875">
		<name>KB-804</name>
		<cmt>Osterfeld Busparkplatz</cmt>
		<desc>Osterfeld Busparkplatz</desc>
		<src>HessenForst</src>
	</wpt>
	<wpt lat="51.300571429355323" lon="9.8526715053090452">
		<name>ESW-113</name>
		<cmt>Sportplatz Hundelshausen</cmt>
		<desc>Sportplatz Hundelshausen</desc>
		<src>HessenForst</src>
	</wpt>
	<wpt lat="51.259664096042826" lon="9.7004244191727445">
		<name>KS-409</name>
		<cmt>Bushaltestelle Laudenbachtal</cmt>
		<desc>Bushaltestelle Laudenbachtal</desc>
		<src>HessenForst</src>
	</wpt>
	<wpt lat="50.140606008367435" lon="8.0064590323476494">
		<name>RÜD-134</name>
		<cmt>Bürgerhaus Watzelhain</cmt>
		<desc>Bürgerhaus Watzelhain</desc>
		<src>HessenForst</src>
	</wpt>
	<wpt lat="50.384008191581373" lon="8.4017319840325282">
		<name>HG-114</name>
		<cmt>Sportplatz  Heinzenberg / Schornstein</cmt>
		<desc>Sportplatz  Heinzenberg / Schornstein</desc>
		<src>HessenForst</src>
	</wpt>
	<wpt lat="50.620638524436934" lon="9.6072445712870547">
		<name>VB-329</name>
		<cmt>Hemmen DGH</cmt>
		<desc>Hemmen DGH</desc>
		<src>HessenForst</src>
	</wpt>
	<wpt lat="50.988818440941799" lon="9.6216679058328651">
		<name>HEF-33</name>
		<cmt>Parkplatz Ludwigseck</cmt>
		<desc>Parkplatz Ludwigseck</desc>
		<src>HessenForst</src>
	</wpt>
	<wpt lat="50.687126146298709" lon="9.5985972547428311">
		<name>VB-306</name>
		<cmt>Abzweig L 3176/ L 3169 Richtung Sandlofs</cmt>
		<desc>Abzweig L 3176/ L 3169 Richtung Sandlofs</desc>
		<src>HessenForst</src>
	</wpt>
	<wpt lat="50.445683432860498" lon="8.9963504654346274">
		<name>FB-60</name>
		<cmt>Alter Wertholzplatz</cmt>
		<desc>Alter Wertholzplatz</desc>
		<src>HessenForst</src>
	</wpt>
	<wpt lat="50.467539210959714" lon="9.3378927100067592">
		<name>VB-7</name>
		<cmt>Parkplatz NSG Rothebach</cmt>
		<desc>Parkplatz NSG Rothebach</desc>
		<src>HessenForst</src>
	</wpt>
	<wpt lat="51.253264770844851" lon="9.8538769783843598">
		<name>ESW-229</name>
		<cmt>Parkplatz oberhalb Weißenbach in Richtung Dudenrode links</cmt>
		<desc>Parkplatz oberhalb Weißenbach in Richtung Dudenrode links</desc>
		<src>HessenForst</src>
	</wpt>
	<wpt lat="51.280204032588223" lon="10.026080354066019">
		<name>ESW-219</name>
		<cmt>Am Hainsbach Nähe Ortseingang Asbach</cmt>
		<desc>Am Hainsbach Nähe Ortseingang Asbach</desc>
		<src>HessenForst</src>
	</wpt>
	<wpt lat="50.097957740626079" lon="7.8921931790335389">
		<name>RÜD-347</name>
		<cmt>Pathfester Hof</cmt>
		<desc>Pathfester Hof</desc>
		<src>HessenForst</src>
	</wpt>
	<wpt lat="51.092094841901996" lon="8.8640943699248282">
		<name>KB-413</name>
		<cmt>Forsthaus Louisendorf</cmt>
		<desc>Forsthaus Louisendorf</desc>
		<src>HessenForst</src>
	</wpt>
	<wpt lat="50.281279082458006" lon="8.8823771290830447">
		<name>FB-20</name>
		<cmt>Waldspitze</cmt>
		<desc>Waldspitze</desc>
		<src>HessenForst</src>
	</wpt>
	<wpt lat="50.257952150420962" lon="8.983886994033174">
		<name>FB-50</name>
		<cmt>Aussiedlerhof</cmt>
		<desc>Aussiedlerhof</desc>
		<src>HessenForst</src>
	</wpt>
	<wpt lat="49.500039360425568" lon="8.9250773110189616">
		<name>ERB-283</name>
		<cmt>Rothenberg, Sporthalle, Feuerwehr</cmt>
		<desc>Rothenberg, Sporthalle, Feuerwehr</desc>
		<src>HessenForst</src>
	</wpt>
	<wpt lat="50.382706567054306" lon="9.2891919734370028">
		<name>MKK-1018</name>
		<cmt>Sportplatz Fischborn</cmt>
		<desc>Sportplatz Fischborn</desc>
		<src>HessenForst</src>
	</wpt>
	<wpt lat="51.258065181949924" lon="9.8056380621750119">
		<name>ESW-153</name>
		<cmt>Einfahrt "Querenberg"</cmt>
		<desc>Einfahrt "Querenberg"</desc>
		<src>HessenForst</src>
	</wpt>
	<wpt lat="50.323730058153785" lon="9.3784645340065769">
		<name>MKK-1014</name>
		<cmt>Sportplatz Eckardroth</cmt>
		<desc>Sportplatz Eckardroth</desc>
		<src>HessenForst</src>
	</wpt>
	<wpt lat="50.068282413739638" lon="7.8592460634298753">
		<name>RÜD-343</name>
		<cmt>P Wolfslocheinfahrt</cmt>
		<desc>P Wolfslocheinfahrt</desc>
		<src>HessenForst</src>
	</wpt>
	<wpt lat="50.208126750391607" lon="8.0118457023469958">
		<name>RÜD-110</name>
		<cmt>Sportplatz Laufenselden</cmt>
		<desc>Sportplatz Laufenselden</desc>
		<src>HessenForst</src>
	</wpt>
	<wpt lat="50.800004303919891" lon="9.5546217706810932">
		<name>HEF-335</name>
		<cmt>Altes Forsthaus Hattenbach</cmt>
		<desc>Altes Forsthaus Hattenbach</desc>
		<src>HessenForst</src>
	</wpt>
	<wpt lat="50.488715745376894" lon="8.3572269494830245">
		<name>LM-127</name>
		<cmt>Rote Bank</cmt>
		<desc>Rote Bank</desc>
		<src>HessenForst</src>
	</wpt>
	<wpt lat="50.703434630203745" lon="9.60970693315174">
		<name>VB-305</name>
		<cmt>L 3169 Sandlofs &amp;gt; Langenschwarz</cmt>
		<desc>L 3169 Sandlofs &amp;gt; Langenschwarz</desc>
		<src>HessenForst</src>
	</wpt>
	<wpt lat="51.015724751643852" lon="9.6753092508809182">
		<name>HEF-20</name>
		<cmt>Milzbach</cmt>
		<desc>Milzbach</desc>
		<src>HessenForst</src>
	</wpt>
	<wpt lat="51.249394031519721" lon="10.01165613836352">
		<name>ESW-222</name>
		<cmt>Nähe Zaubersbrücke (Waldrand)</cmt>
		<desc>Nähe Zaubersbrücke (Waldrand)</desc>
		<src>HessenForst</src>
	</wpt>
	<wpt lat="50.345959468987267" lon="9.022795023285644">
		<name>FB-105</name>
		<cmt>Schule Konradsdorf</cmt>
		<desc>Schule Konradsdorf</desc>
		<src>HessenForst</src>
	</wpt>
	<wpt lat="50.767657667722524" lon="9.5778764580463314">
		<name>HEF-338</name>
		<cmt>Parkplatz an der L 3140</cmt>
		<desc>Parkplatz an der L 3140</desc>
		<src>HessenForst</src>
	</wpt>
	<wpt lat="51.004584905593212" lon="9.6449343018626443">
		<name>HEF-28</name>
		<cmt>Sterkelshausen</cmt>
		<desc>Sterkelshausen</desc>
		<src>HessenForst</src>
	</wpt>
	<wpt lat="51.215963979007171" lon="9.0202661087884035">
		<name>KB-231</name>
		<cmt>Einfahrt Reiherbach</cmt>
		<desc>Einfahrt Reiherbach</desc>
		<src>HessenForst</src>
	</wpt>
	<wpt lat="50.720214248886812" lon="9.1286309426660388">
		<name>VB-117</name>
		<cmt>Muffelschneise</cmt>
		<desc>Muffelschneise</desc>
		<src>HessenForst</src>
	</wpt>
	<wpt lat="50.144072030959762" lon="7.9853264918139812">
		<name>RÜD-132</name>
		<cmt>Bürgerhaus Springen</cmt>
		<desc>Bürgerhaus Springen</desc>
		<src>HessenForst</src>
	</wpt>
	<wpt lat="50.663539579232733" lon="9.6661455002740642">
		<name>FD-58</name>
		<cmt>Kreuzung Michelsrombach</cmt>
		<desc>Kreuzung Michelsrombach</desc>
		<src>HessenForst</src>
	</wpt>
	<wpt lat="50.603244229360108" lon="9.7542581684505443">
		<name>FD-56</name>
		<cmt>K 12  Wegeabzweig nordöstl. von Steinhaus</cmt>
		<desc>K 12  Wegeabzweig nordöstl. von Steinhaus</desc>
		<src>HessenForst</src>
	</wpt>
	<wpt lat="51.089194137070052" lon="10.11182019421012">
		<name>ESW-433</name>
		<cmt>Einfahrt Grillhütte Eichenberg, Güllebehälter</cmt>
		<desc>Einfahrt Grillhütte Eichenberg, Güllebehälter</desc>
		<src>HessenForst</src>
	</wpt>
	<wpt lat="50.223775892889165" lon="8.0017990229199878">
		<name>RÜD-108</name>
		<cmt>Segelflugplatz</cmt>
		<desc>Segelflugplatz</desc>
		<src>HessenForst</src>
	</wpt>
	<wpt lat="50.562138337158764" lon="8.6950606725676636">
		<name>GI-4</name>
		<cmt>Einf. Zur Fa. Bieber-Bau</cmt>
		<desc>Einf. Zur Fa. Bieber-Bau</desc>
		<src>HessenForst</src>
	</wpt>
	<wpt lat="50.462960033702927" lon="9.4073711502908655">
		<name>VB-6</name>
		<cmt>Gunzenau-Reichlos links</cmt>
		<desc>Gunzenau-Reichlos links</desc>
		<src>HessenForst</src>
	</wpt>
	<wpt lat="50.396928190105342" lon="9.5089463690643949">
		<name>MKK-64</name>
		<cmt>Wallroth - Gewerbegebiet</cmt>
		<desc>Wallroth - Gewerbegebiet</desc>
		<src>HessenForst</src>
	</wpt>
	<wpt lat="50.496539640524077" lon="9.3156006529184463">
		<name>VB-8</name>
		<cmt>Grillplatz Grebenhain</cmt>
		<desc>Grillplatz Grebenhain</desc>
		<src>HessenForst</src>
	</wpt>
	<wpt lat="50.172933046128421" lon="8.0034516245268232">
		<name>RÜD-119</name>
		<cmt>Mappershainer Stock</cmt>
		<desc>Mappershainer Stock</desc>
		<src>HessenForst</src>
	</wpt>
	<wpt lat="50.372093528934471" lon="8.9427740690122448">
		<name>FB-83</name>
		<cmt>Sendeturm Grauenberg</cmt>
		<desc>Sendeturm Grauenberg</desc>
		<src>HessenForst</src>
	</wpt>
	<wpt lat="50.246177102777466" lon="8.1872887777088827">
		<name>RÜD-168</name>
		<cmt>Hühnerkirche</cmt>
		<desc>Hühnerkirche</desc>
		<src>HessenForst</src>
	</wpt>
	<wpt lat="51.213730993447271" lon="9.8408823246456478">
		<name>ESW-235</name>
		<cmt>Viehhausparkplatz</cmt>
		<desc>Viehhausparkplatz</desc>
		<src>HessenForst</src>
	</wpt>
	<wpt lat="50.377031843843561" lon="9.1632111301573804">
		<name>FB-121</name>
		<cmt>Waldwegekreuzung</cmt>
		<desc>Waldwegekreuzung</desc>
		<src>HessenForst</src>
	</wpt>
	<wpt lat="51.203206762350533" lon="9.0490151283226528">
		<name>KB-252</name>
		<cmt>Parkplatz Talstation Seilbahn</cmt>
		<desc>Parkplatz Talstation Seilbahn</desc>
		<src>HessenForst</src>
	</wpt>
	<wpt lat="50.964596684534087" lon="9.7563613298582013">
		<name>HEF-45</name>
		<cmt>Dachsfeld</cmt>
		<desc>Dachsfeld</desc>
		<src>HessenForst</src>
	</wpt>
	<wpt lat="50.920070469205484" lon="9.9154697471383351">
		<name>HEF-129</name>
		<cmt>Zollstock</cmt>
		<desc>Zollstock</desc>
		<src>HessenForst</src>
	</wpt>
	<wpt lat="51.326313973656454" lon="9.7755591218929965">
		<name>ESW-119</name>
		<cmt>Waldeing.am westl. Ortsausgang Kleinalmerode gegenüber Einf. zum Sportplatz</cmt>
		<desc>Waldeing.am westl. Ortsausgang Kleinalmerode gegenüber Einf. zum Sportplatz</desc>
		<src>HessenForst</src>
	</wpt>
	<wpt lat="51.315009629191692" lon="9.8478763684783353">
		<name>ESW-115</name>
		<cmt>Abzweigung nach Dohrenbach</cmt>
		<desc>Abzweigung nach Dohrenbach</desc>
		<src>HessenForst</src>
	</wpt>
	<wpt lat="50.332472649390347" lon="9.3877765159285449">
		<name>MKK-1013</name>
		<cmt>Kerbersdorf</cmt>
		<desc>Kerbersdorf</desc>
		<src>HessenForst</src>
	</wpt>
	<wpt lat="50.072885127234763" lon="8.108784405258378">
		<name>RÜD-245</name>
		<cmt>P Kling</cmt>
		<desc>P Kling</desc>
		<src>HessenForst</src>
	</wpt>
	<wpt lat="51.108609407686465" lon="10.144297010163212">
		<name>ESW-354</name>
		<cmt>Ortseingang  Rambach von Weißenborn</cmt>
		<desc>Ortseingang  Rambach von Weißenborn</desc>
		<src>HessenForst</src>
	</wpt>
	<wpt lat="50.181771519873827" lon="8.0111541513221152">
		<name>RÜD-118</name>
		<cmt>Sportplatz Huppert</cmt>
		<desc>Sportplatz Huppert</desc>
		<src>HessenForst</src>
	</wpt>
	<wpt lat="50.736064901894167" lon="9.9232926936140284">
		<name>FD-17</name>
		<cmt>Gaststätte Felsenkeller</cmt>
		<desc>Gaststätte Felsenkeller</desc>
		<src>HessenForst</src>
	</wpt>
	<wpt lat="51.518970201429006" lon="9.5831893850240633">
		<name>KS-126</name>
		<cmt>Forsthaus Ziegelhütte</cmt>
		<desc>Forsthaus Ziegelhütte</desc>
		<src>HessenForst</src>
	</wpt>
	<wpt lat="50.093914511734809" lon="7.9810311764702764">
		<name>RÜD-375</name>
		<cmt>Erbacher Forsthaus</cmt>
		<desc>Erbacher Forsthaus</desc>
		<src>HessenForst</src>
	</wpt>
	<wpt lat="51.495317650371526" lon="9.5886435291150143">
		<name>KS-135</name>
		<cmt>Holz Weddig</cmt>
		<desc>Holz Weddig</desc>
		<src>HessenForst</src>
	</wpt>
	<wpt lat="50.358753872376298" lon="9.0719734314941736">
		<name>FB-104</name>
		<cmt>Parkplatz Reiterhof Breitenhaide</cmt>
		<desc>Parkplatz Reiterhof Breitenhaide</desc>
		<src>HessenForst</src>
	</wpt>
	<wpt lat="51.311306490555793" lon="9.8208716951660051">
		<name>ESW-116</name>
		<cmt>Waldeinfahrt "Dohrenbacher Höhe"</cmt>
		<desc>Waldeinfahrt "Dohrenbacher Höhe"</desc>
		<src>HessenForst</src>
	</wpt>
	<wpt lat="50.247084581446742" lon="8.2712526814264926">
		<name>RÜD-262</name>
		<cmt>Kreuzung Hohe Staße</cmt>
		<desc>Kreuzung Hohe Staße</desc>
		<src>HessenForst</src>
	</wpt>
	<wpt lat="50.071530885282542" lon="8.1035740543809833">
		<name>RÜD-377</name>
		<cmt>P Sportplatz Rauenthal</cmt>
		<desc>P Sportplatz Rauenthal</desc>
		<src>HessenForst</src>
	</wpt>
	<wpt lat="50.424568108911593" lon="9.0358185247976373">
		<name>FB-79</name>
		<cmt>Wanderunterstand</cmt>
		<desc>Wanderunterstand</desc>
		<src>HessenForst</src>
	</wpt>
	<wpt lat="50.017824953004649" lon="9.0009340321542961">
		<name>OF-311</name>
		<cmt>Parkplatz Königsee/Sportplatz Abt. 119</cmt>
		<desc>Parkplatz Königsee/Sportplatz Abt. 119</desc>
		<src>HessenForst</src>
	</wpt>
	<wpt lat="50.304454174312482" lon="9.6992167214302949">
		<name>MKK-96</name>
		<cmt>Alter Sportplatz</cmt>
		<desc>Alter Sportplatz</desc>
		<src>HessenForst</src>
	</wpt>
	<wpt lat="51.004236896663095" lon="9.6905928542435209">
		<name>HEF-29</name>
		<cmt>Braach</cmt>
		<desc>Braach</desc>
		<src>HessenForst</src>
	</wpt>
	<wpt lat="50.708346282153705" lon="9.5793609042649983">
		<name>VB-304</name>
		<cmt>Parkplatz Gaststätte "Zur Ranch"</cmt>
		<desc>Parkplatz Gaststätte "Zur Ranch"</desc>
		<src>HessenForst</src>
	</wpt>
	<wpt lat="51.046271994669482" lon="8.8708580541119559">
		<name>KB-559</name>
		<cmt>L 3073 Abzweig K 96 Richtung Haubern</cmt>
		<desc>L 3073 Abzweig K 96 Richtung Haubern</desc>
		<src>HessenForst</src>
	</wpt>
	<wpt lat="50.660311037438476" lon="9.5791390146761337">
		<name>VB-314</name>
		<cmt>Pfordter Höhe</cmt>
		<desc>Pfordter Höhe</desc>
		<src>HessenForst</src>
	</wpt>
	<wpt lat="50.291446206620364" lon="9.243394194446001">
		<name>MKK-1027</name>
		<cmt>Forsthaus Weihermühle</cmt>
		<desc>Forsthaus Weihermühle</desc>
		<src>HessenForst</src>
	</wpt>
	<wpt lat="51.265655074001103" lon="9.9890814352749899">
		<name>ESW-217</name>
		<cmt>Einfahrt Wilhelmshöhe</cmt>
		<desc>Einfahrt Wilhelmshöhe</desc>
		<src>HessenForst</src>
	</wpt>
	<wpt lat="50.199717670446887" lon="8.2221047468696025">
		<name>RÜD-251</name>
		<cmt>Dorfgemeinschaftshaus</cmt>
		<desc>Dorfgemeinschaftshaus</desc>
		<src>HessenForst</src>
	</wpt>
	<wpt lat="50.987802922973458" lon="9.8055508925607686">
		<name>HEF-32</name>
		<cmt>NSG "Im Siegel"</cmt>
		<desc>NSG "Im Siegel"</desc>
		<src>HessenForst</src>
	</wpt>
	<wpt lat="51.14950662509176" lon="8.9064831969350884">
		<name>KB-404</name>
		<cmt>Elsebach Gaststätte</cmt>
		<desc>Elsebach Gaststätte</desc>
		<src>HessenForst</src>
	</wpt>
	<wpt lat="51.26791216812461" lon="9.7779985252723556">
		<name>ESW-106</name>
		<cmt>Großer Parkplatz nördlich "Gut Giesenberg"</cmt>
		<desc>Großer Parkplatz nördlich "Gut Giesenberg"</desc>
		<src>HessenForst</src>
	</wpt>
	<wpt lat="50.303771170715024" lon="8.992785184973263">
		<name>FB-54</name>
		<cmt>Zufahrt Enzheimer Kopf</cmt>
		<desc>Zufahrt Enzheimer Kopf</desc>
		<src>HessenForst</src>
	</wpt>
	<wpt lat="50.375249605317904" lon="8.91834047092979">
		<name>FB-31</name>
		<cmt>Waldrand</cmt>
		<desc>Waldrand</desc>
		<src>HessenForst</src>
	</wpt>
	<wpt lat="50.65298752426451" lon="9.7994234278030365">
		<name>FD-48</name>
		<cmt>Wegeabzweig Friedhof Mackenzell</cmt>
		<desc>Wegeabzweig Friedhof Mackenzell</desc>
		<src>HessenForst</src>
	</wpt>
	<wpt lat="51.352685181659218" lon="9.810528585000128">
		<name>ESW-125</name>
		<cmt>Östl. Ortsausgang Ermschwerd, Einfahrt ehem. FA Benderoth</cmt>
		<desc>Östl. Ortsausgang Ermschwerd, Einfahrt ehem. FA Benderoth</desc>
		<src>HessenForst</src>
	</wpt>
	<wpt lat="51.336154373319275" lon="9.8882585508376888">
		<name>ESW-138</name>
		<cmt>Brücke über die B 27 am südl. Ortsausgang Unterrieden</cmt>
		<desc>Brücke über die B 27 am südl. Ortsausgang Unterrieden</desc>
		<src>HessenForst</src>
	</wpt>
	<wpt lat="50.861729856849536" lon="8.3970493182810095">
		<name>MR-510</name>
		<cmt>Ortseingangsschil Achenbach aus Richtung Oberdieten (L 3042)</cmt>
		<desc>Ortseingangsschil Achenbach aus Richtung Oberdieten (L 3042)</desc>
		<src>HessenForst</src>
	</wpt>
	<wpt lat="50.401328635051946" lon="8.7791539681616957">
		<name>FB-10</name>
		<cmt>Waldrand Södeler Wald</cmt>
		<desc>Waldrand Södeler Wald</desc>
		<src>HessenForst</src>
	</wpt>
	<wpt lat="50.667409501207267" lon="8.7579635916617757">
		<name>GI-232</name>
		<cmt>Pumpstation</cmt>
		<desc>Pumpstation</desc>
		<src>HessenForst</src>
	</wpt>
	<wpt lat="50.946930126078001" lon="8.559607730653191">
		<name>MR-16</name>
		<cmt>B 253  Abzweig Landstr. Nach Dexbach</cmt>
		<desc>B 253  Abzweig Landstr. Nach Dexbach</desc>
		<src>HessenForst</src>
	</wpt>
	<wpt lat="49.779299058720198" lon="8.8010402458770827">
		<name>DA-160</name>
		<cmt>Abzweig nach Lichtenberg</cmt>
		<desc>Abzweig nach Lichtenberg</desc>
		<src>HessenForst</src>
	</wpt>
	<wpt lat="50.454533949370777" lon="9.0468320614836166">
		<name>FB-65</name>
		<cmt>Parkplaltz Maria Soell</cmt>
		<desc>Parkplaltz Maria Soell</desc>
		<src>HessenForst</src>
	</wpt>
	<wpt lat="50.951712865185037" lon="9.7775316357539648">
		<name>HEF-44</name>
		<cmt>Breitenbach</cmt>
		<desc>Breitenbach</desc>
		<src>HessenForst</src>
	</wpt>
	<wpt lat="50.822148200057065" lon="8.8079941577142904">
		<name>MR-411</name>
		<cmt>Uni-Heizkraftwerk</cmt>
		<desc>Uni-Heizkraftwerk</desc>
		<src>HessenForst</src>
	</wpt>
	<wpt lat="50.083215141491145" lon="7.8784564277173423">
		<name>RÜD-346</name>
		<cmt>Kammerburg</cmt>
		<desc>Kammerburg</desc>
		<src>HessenForst</src>
	</wpt>
	<wpt lat="50.651562401438873" lon="9.6959935286491223">
		<name>FD-52</name>
		<cmt>Ortseingang Oberfeld</cmt>
		<desc>Ortseingang Oberfeld</desc>
		<src>HessenForst</src>
	</wpt>
	<wpt lat="51.080110094726983" lon="9.9606047427505011">
		<name>ESW-419</name>
		<cmt>Ortseingang Weißenborn Sontra</cmt>
		<desc>Ortseingang Weißenborn Sontra</desc>
		<src>HessenForst</src>
	</wpt>
	<wpt lat="50.666393073633863" lon="9.7169466914816578">
		<name>FD-50</name>
		<cmt>Neunhards</cmt>
		<desc>Neunhards</desc>
		<src>HessenForst</src>
	</wpt>
	<wpt lat="50.681451556148239" lon="9.0419059752707707">
		<name>VB-80</name>
		<cmt>Burg-Gemünden Bahnübergang</cmt>
		<desc>Burg-Gemünden Bahnübergang</desc>
		<src>HessenForst</src>
	</wpt>
	<wpt lat="50.771972535654584" lon="9.8516632974282139">
		<name>FD-12</name>
		<cmt>Linde am Feldkreuz</cmt>
		<desc>Linde am Feldkreuz</desc>
		<src>HessenForst</src>
	</wpt>
	<wpt lat="51.027355711331133" lon="9.8436834283777479">
		<name>HEF-56</name>
		<cmt>Cornberger Höhe Parkplatz</cmt>
		<desc>Cornberger Höhe Parkplatz</desc>
		<src>HessenForst</src>
	</wpt>
	<wpt lat="51.253621078504963" lon="9.7233929174460592">
		<name>KS-410</name>
		<cmt>Funk Umsetzer</cmt>
		<desc>Funk Umsetzer</desc>
		<src>HessenForst</src>
	</wpt>
	<wpt lat="49.677739175508407" lon="8.973867237004578">
		<name>ERB-71</name>
		<cmt>Flugplatz Waldhorn</cmt>
		<desc>Flugplatz Waldhorn</desc>
		<src>HessenForst</src>
	</wpt>
	<wpt lat="50.141313914578184" lon="8.0937062162800668">
		<name>RÜD-153</name>
		<cmt>Abzweig Born Kreuzungsberiech</cmt>
		<desc>Abzweig Born Kreuzungsberiech</desc>
		<src>HessenForst</src>
	</wpt>
	<wpt lat="51.009094111079641" lon="9.702538085224278">
		<name>HEF-23</name>
		<cmt>Wertholzplatz Guttels</cmt>
		<desc>Wertholzplatz Guttels</desc>
		<src>HessenForst</src>
	</wpt>
	<wpt lat="50.871616401453025" lon="8.4404699017871447">
		<name>MR-503</name>
		<cmt>Ampelkreuzung in Niederdieten an der B 253</cmt>
		<desc>Ampelkreuzung in Niederdieten an der B 253</desc>
		<src>HessenForst</src>
	</wpt>
	<wpt lat="50.461083360852662" lon="9.0163774328589277">
		<name>FB-62</name>
		<cmt>Ortsausgang Ulfa</cmt>
		<desc>Ortsausgang Ulfa</desc>
		<src>HessenForst</src>
	</wpt>
	<wpt lat="51.218059784012944" lon="9.8860304446052449">
		<name>ESW-234</name>
		<cmt>Homburgs Linde</cmt>
		<desc>Homburgs Linde</desc>
		<src>HessenForst</src>
	</wpt>
	<wpt lat="50.395259213174199" lon="9.1158435871764745">
		<name>FB-95</name>
		<cmt>Fachklinik Hillersbach</cmt>
		<desc>Fachklinik Hillersbach</desc>
		<src>HessenForst</src>
	</wpt>
	<wpt lat="50.324326809115675" lon="8.8106563588335884">
		<name>FB-18</name>
		<cmt>re. Karlshof</cmt>
		<desc>re. Karlshof</desc>
		<src>HessenForst</src>
	</wpt>
	<wpt lat="51.241890451158376" lon="9.7878435340820982">
		<name>ESW-154</name>
		<cmt>Epterode Freizeitteich, Abzweigung Exbergweg</cmt>
		<desc>Epterode Freizeitteich, Abzweigung Exbergweg</desc>
		<src>HessenForst</src>
	</wpt>
	<wpt lat="51.310097417680311" lon="9.8525239025766691">
		<name>ESW-114</name>
		<cmt>Abzweigung nach Fahrenbach</cmt>
		<desc>Abzweigung nach Fahrenbach</desc>
		<src>HessenForst</src>
	</wpt>
	<wpt lat="50.552630435547009" lon="9.3249300467821659">
		<name>VB-39</name>
		<cmt>Herbst.-Lanzenh. Parkpl. Rechts</cmt>
		<desc>Herbst.-Lanzenh. Parkpl. Rechts</desc>
		<src>HessenForst</src>
	</wpt>
	<wpt lat="51.54269175133804" lon="9.4883245923550614">
		<name>KS-102</name>
		<cmt>Forsthaus Beberbeck</cmt>
		<desc>Forsthaus Beberbeck</desc>
		<src>HessenForst</src>
	</wpt>
	<wpt lat="50.802207094874746" lon="9.6995069201540733">
		<name>HEF-340</name>
		<cmt>Siegwinden</cmt>
		<desc>Siegwinden</desc>
		<src>HessenForst</src>
	</wpt>
	<wpt lat="50.788424774581173" lon="9.8241248956828002">
		<name>FD-11</name>
		<cmt>Ortseinfahrt Oberweisenborn</cmt>
		<desc>Ortseinfahrt Oberweisenborn</desc>
		<src>HessenForst</src>
	</wpt>
	<wpt lat="51.524680331176882" lon="9.4157407334943066">
		<name>KS-43</name>
		<cmt>Waldrand Schöneberg</cmt>
		<desc>Waldrand Schöneberg</desc>
		<src>HessenForst</src>
	</wpt>
	<wpt lat="50.563730814110087" lon="9.2169357428706284">
		<name>VB-43</name>
		<cmt>P Ulrichsteiner Kreuz</cmt>
		<desc>P Ulrichsteiner Kreuz</desc>
		<src>HessenForst</src>
	</wpt>
	<wpt lat="51.218979280324021" lon="9.7065682951369645">
		<name>ESW-6</name>
		<cmt>Parkplatz (zum ev. Jugendheim)</cmt>
		<desc>Parkplatz (zum ev. Jugendheim)</desc>
		<src>HessenForst</src>
	</wpt>
	<wpt lat="50.312560911487139" lon="9.3305203390935159">
		<name>MKK-1030</name>
		<cmt>Sportplatz Udenhain</cmt>
		<desc>Sportplatz Udenhain</desc>
		<src>HessenForst</src>
	</wpt>
	<wpt lat="51.356510028547113" lon="9.8182485321585435">
		<name>ESW-126</name>
		<cmt>Ortsmitte Ermschwerd, Abzweig nach Hubenrode</cmt>
		<desc>Ortsmitte Ermschwerd, Abzweig nach Hubenrode</desc>
		<src>HessenForst</src>
	</wpt>
	<wpt lat="50.164284309633885" lon="8.104814244865878">
		<name>RÜD-154</name>
		<cmt>Breithardt / Watzhahn</cmt>
		<desc>Breithardt / Watzhahn</desc>
		<src>HessenForst</src>
	</wpt>
	<wpt lat="50.900828232012898" lon="8.4324547440382727">
		<name>MR-500</name>
		<cmt>Ortseingangsschild Wiesenbach aus Richtung Breidenstein/Breidenbach (K 108)</cmt>
		<desc>Ortseingangsschild Wiesenbach aus Richtung Breidenstein/Breidenbach (K 108)</desc>
		<src>HessenForst</src>
	</wpt>
	<wpt lat="51.25951778652599" lon="9.7610098269876016">
		<name>ESW-105</name>
		<cmt>Pfaffenberg; Abzweigung "Gut Giesenhagen"/Parkplatz</cmt>
		<desc>Pfaffenberg; Abzweigung "Gut Giesenhagen"/Parkplatz</desc>
		<src>HessenForst</src>
	</wpt>
	<wpt lat="50.80937146648504" lon="9.564985496114307">
		<name>HEF-331</name>
		<cmt>Sportplatz</cmt>
		<desc>Sportplatz</desc>
		<src>HessenForst</src>
	</wpt>
	<wpt lat="50.505208605158671" lon="9.9788045894009603">
		<name>FD-332</name>
		<cmt>Holzlagerplatz Schafstein</cmt>
		<desc>Holzlagerplatz Schafstein</desc>
		<src>HessenForst</src>
	</wpt>
	<wpt lat="50.523628050928934" lon="9.4054414272043179">
		<name>VB-37</name>
		<cmt>Steinfurt, Brücke Ortsmitte</cmt>
		<desc>Steinfurt, Brücke Ortsmitte</desc>
		<src>HessenForst</src>
	</wpt>
	<wpt lat="51.236611666304313" lon="9.961914307776901">
		<name>ESW-213</name>
		<cmt>südl. Ortseingang Hitzerode</cmt>
		<desc>südl. Ortseingang Hitzerode</desc>
		<src>HessenForst</src>
	</wpt>
	<wpt lat="50.971785173233613" lon="8.4693606299205673">
		<name>SI-26</name>
		<cmt>Wirtshaus Didoll an der Straße von Puderb. nach Richstein</cmt>
		<desc>Wirtshaus Didoll an der Straße von Puderb. nach Richstein</desc>
		<src>HessenForst</src>
	</wpt>
	<wpt lat="51.241656707841635" lon="8.9693548929650184">
		<name>KB-226</name>
		<cmt>Gasthaus Kalhöfer</cmt>
		<desc>Gasthaus Kalhöfer</desc>
		<src>HessenForst</src>
	</wpt>
	<wpt lat="51.08654400061365" lon="10.131640332847729">
		<name>ESW-434</name>
		<cmt>Ortsausgang Rittmanns-hausen, östlich</cmt>
		<desc>Ortsausgang Rittmanns-hausen, östlich</desc>
		<src>HessenForst</src>
	</wpt>
	<wpt lat="50.943103449424775" lon="9.9997964261454211">
		<name>HEF-123</name>
		<cmt>Rhäden</cmt>
		<desc>Rhäden</desc>
		<src>HessenForst</src>
	</wpt>
	<wpt lat="50.12695489154536" lon="8.049842562939924">
		<name>RÜD-145</name>
		<cmt>Langenseifer Stock</cmt>
		<desc>Langenseifer Stock</desc>
		<src>HessenForst</src>
	</wpt>
	<wpt lat="51.063575405899257" lon="9.2197739740752098">
		<name>HR-41</name>
		<cmt>Kerstenhausen Esso Tankstelle</cmt>
		<desc>Kerstenhausen Esso Tankstelle</desc>
		<src>HessenForst</src>
	</wpt>
	<wpt lat="51.591428787912967" lon="9.6327691009273213">
		<name>KS-31</name>
		<cmt>Straßenkreuzung Abzweig Arenborn</cmt>
		<desc>Straßenkreuzung Abzweig Arenborn</desc>
		<src>HessenForst</src>
	</wpt>
	<wpt lat="50.124370863681008" lon="7.9480781362773003">
		<name>RÜD-136</name>
		<cmt>Ortseingang Dickschied</cmt>
		<desc>Ortseingang Dickschied</desc>
		<src>HessenForst</src>
	</wpt>
	<wpt lat="51.294278056359602" lon="9.9568933204471861">
		<name>ESW-206</name>
		<cmt>Einfahrt zum Steingraben</cmt>
		<desc>Einfahrt zum Steingraben</desc>
		<src>HessenForst</src>
	</wpt>
	<wpt lat="50.441398668278438" lon="9.2431766858595861">
		<name>FB-127</name>
		<cmt>Jugendferiendorf</cmt>
		<desc>Jugendferiendorf</desc>
		<src>HessenForst</src>
	</wpt>
	<wpt lat="51.379010539083282" lon="9.8018791748187688">
		<name>ESW-127</name>
		<cmt>Abfahrt Gertenbach</cmt>
		<desc>Abfahrt Gertenbach</desc>
		<src>HessenForst</src>
	</wpt>
	<wpt lat="50.672108001506885" lon="8.781268625779731">
		<name>GI-233</name>
		<cmt>ehem. Revierförsterei Treis</cmt>
		<desc>ehem. Revierförsterei Treis</desc>
		<src>HessenForst</src>
	</wpt>
	<wpt lat="50.656821110782751" lon="8.6928911341525446">
		<name>GI-222</name>
		<cmt>Hundessportlatz</cmt>
		<desc>Hundessportlatz</desc>
		<src>HessenForst</src>
	</wpt>
	<wpt lat="50.927486960101639" lon="8.5992173804239673">
		<name>MR-13</name>
		<cmt>Landstraße Dexbach nach Engelbach Abzweig Asphaltierter Verbindungswg nach Biedenkopf</cmt>
		<desc>Landstraße Dexbach nach Engelbach Abzweig Asphaltierter Verbindungswg nach Biedenkopf</desc>
		<src>HessenForst</src>
	</wpt>
	<wpt lat="50.385502173070002" lon="8.9704989516950668">
		<name>FB-82</name>
		<cmt>Waldeingang rechts gegenüber Niddabrücke</cmt>
		<desc>Waldeingang rechts gegenüber Niddabrücke</desc>
		<src>HessenForst</src>
	</wpt>
	<wpt lat="50.107597367547513" lon="8.3650239577618759">
		<name>MTK-14</name>
		<cmt>Einfahrt Thierbachteiche</cmt>
		<desc>Einfahrt Thierbachteiche</desc>
		<src>HessenForst</src>
	</wpt>
	<wpt lat="50.397748645604338" lon="9.0392400965480046">
		<name>FB-89</name>
		<cmt>Einfahrt Kohlplattenweg</cmt>
		<desc>Einfahrt Kohlplattenweg</desc>
		<src>HessenForst</src>
	</wpt>
	<wpt lat="50.314467565251974" lon="8.906371296985677">
		<name>FB-42</name>
		<cmt>Alter Sportplatz</cmt>
		<desc>Alter Sportplatz</desc>
		<src>HessenForst</src>
	</wpt>
	<wpt lat="50.009392179552144" lon="8.9912308987236731">
		<name>OF-312</name>
		<cmt>Südlicher Ortseingang Zellhausen</cmt>
		<desc>Südlicher Ortseingang Zellhausen</desc>
		<src>HessenForst</src>
	</wpt>
	<wpt lat="51.31537007013155" lon="9.5869013932752321">
		<name>KS-402</name>
		<cmt>Schützenhaus Heiligenrode</cmt>
		<desc>Schützenhaus Heiligenrode</desc>
		<src>HessenForst</src>
	</wpt>
	<wpt lat="51.199462122549377" lon="9.6526716265614745">
		<name>ESW-12</name>
		<cmt>Forsthaus Quentel</cmt>
		<desc>Forsthaus Quentel</desc>
		<src>HessenForst</src>
	</wpt>
	<wpt lat="51.022452127458699" lon="9.3147598945512673">
		<name>HR-57</name>
		<cmt>Ortsausgang Richtung Stolzenbach</cmt>
		<desc>Ortsausgang Richtung Stolzenbach</desc>
		<src>HessenForst</src>
	</wpt>
	<wpt lat="51.258482128809689" lon="9.7951198704952613">
		<name>ESW-107</name>
		<cmt>Östl. Ortseinfahrt Großalmerode; Abzw. Gewerbegebiet Niedergut</cmt>
		<desc>Östl. Ortseinfahrt Großalmerode; Abzw. Gewerbegebiet Niedergut</desc>
		<src>HessenForst</src>
	</wpt>
	<wpt lat="50.186387722994205" lon="8.1421029357060153">
		<name>RÜD-159</name>
		<cmt>Kreuzung Eisenstraße</cmt>
		<desc>Kreuzung Eisenstraße</desc>
		<src>HessenForst</src>
	</wpt>
	<wpt lat="50.405084361479631" lon="9.1086486077538407">
		<name>FB-92</name>
		<cmt>Hohe Straße Waldeingang von Ober-Lais</cmt>
		<desc>Hohe Straße Waldeingang von Ober-Lais</desc>
		<src>HessenForst</src>
	</wpt>
	<wpt lat="50.328067091250475" lon="9.2874202189141428">
		<name>MKK-1016</name>
		<cmt>Parkplatz Schöne Aussicht - Heinrichsruh</cmt>
		<desc>Parkplatz Schöne Aussicht - Heinrichsruh</desc>
		<src>HessenForst</src>
	</wpt>
	<wpt lat="50.533184300489459" lon="9.1169866042293517">
		<name>VB-29</name>
		<cmt>Altenh..-Betzenrod Waldeing. links</cmt>
		<desc>Altenh..-Betzenrod Waldeing. links</desc>
		<src>HessenForst</src>
	</wpt>
	<wpt lat="50.432812395876958" lon="9.3626397390114757">
		<name>VB-3</name>
		<cmt>Ortsausgang Salz Ri. Ober-Moos</cmt>
		<desc>Ortsausgang Salz Ri. Ober-Moos</desc>
		<src>HessenForst</src>
	</wpt>
	<wpt lat="49.746411879393172" lon="8.8084343195897912">
		<name>DA-158</name>
		<cmt>Wendeplatz</cmt>
		<desc>Wendeplatz</desc>
		<src>HessenForst</src>
	</wpt>
	<wpt lat="51.569459120908448" lon="9.560747217515118">
		<name>KS-108</name>
		<cmt>Heiko-Grebe-Straße</cmt>
		<desc>Heiko-Grebe-Straße</desc>
		<src>HessenForst</src>
	</wpt>
	<wpt lat="51.132677251589143" lon="8.8446536932918409">
		<name>KB-519</name>
		<cmt>Abzweig am Dammwild-gehege neben der Feldscheune</cmt>
		<desc>Abzweig am Dammwild-gehege neben der Feldscheune</desc>
		<src>HessenForst</src>
	</wpt>
	<wpt lat="50.708214233655994" lon="9.178646796250943">
		<name>VB-135</name>
		<cmt>vor Bahnübergang</cmt>
		<desc>vor Bahnübergang</desc>
		<src>HessenForst</src>
	</wpt>
	<wpt lat="51.268541730483101" lon="9.6925892399261482">
		<name>ESW-97</name>
		<cmt>Ibachseck</cmt>
		<desc>Ibachseck</desc>
		<src>HessenForst</src>
	</wpt>
	<wpt lat="51.01953875144946" lon="9.3333214077744007">
		<name>HR-58</name>
		<cmt>Sportplatz</cmt>
		<desc>Sportplatz</desc>
		<src>HessenForst</src>
	</wpt>
	<wpt lat="50.851918679489785" lon="8.810432356871809">
		<name>MR-401</name>
		<cmt>K 34 Abfahrt Bürgeln</cmt>
		<desc>K 34 Abfahrt Bürgeln</desc>
		<src>HessenForst</src>
	</wpt>
	<wpt lat="51.192884264302833" lon="9.8899254969745662">
		<name>ESW-242</name>
		<cmt>Wildpark</cmt>
		<desc>Wildpark</desc>
		<src>HessenForst</src>
	</wpt>
	<wpt lat="50.514535695895425" lon="8.7596096434865025">
		<name>GI-17</name>
		<cmt>Waldausgang</cmt>
		<desc>Waldausgang</desc>
		<src>HessenForst</src>
	</wpt>
	<wpt lat="51.104261308621318" lon="8.8436372352030883">
		<name>KB-530</name>
		<cmt>500 m hinter der Brücke Viermünden</cmt>
		<desc>500 m hinter der Brücke Viermünden</desc>
		<src>HessenForst</src>
	</wpt>
	<wpt lat="51.022213356951255" lon="9.492969185690006">
		<name>HR-817</name>
		<cmt>Forsthaus Wüstekirche</cmt>
		<desc>Forsthaus Wüstekirche</desc>
		<src>HessenForst</src>
	</wpt>
	<wpt lat="51.197761343298218" lon="9.8997406358150588">
		<name>ESW-243</name>
		<cmt>Anfang/Ende Kohlenstraße</cmt>
		<desc>Anfang/Ende Kohlenstraße</desc>
		<src>HessenForst</src>
	</wpt>
	<wpt lat="49.518403989088753" lon="8.8598154769410158">
		<name>HP-410</name>
		<cmt>Unterschönmattenwag, Sportplatz</cmt>
		<desc>Unterschönmattenwag, Sportplatz</desc>
		<src>HessenForst</src>
	</wpt>
	<wpt lat="51.176509176854502" lon="8.952992479363866">
		<name>KB-264</name>
		<cmt>Aneler Feld</cmt>
		<desc>Aneler Feld</desc>
		<src>HessenForst</src>
	</wpt>
	<wpt lat="50.784268306689768" lon="9.6666947387506372">
		<name>HEF-337</name>
		<cmt>Ortsausgang Holzheim Ri. Hilperhausen</cmt>
		<desc>Ortsausgang Holzheim Ri. Hilperhausen</desc>
		<src>HessenForst</src>
	</wpt>
	<wpt lat="51.505959164166519" lon="9.385020169439656">
		<name>KS-48</name>
		<cmt>Kreuzung L 3212 Alte Hümmer Straße/Zufahrt Kreisabfalldeponie</cmt>
		<desc>Kreuzung L 3212 Alte Hümmer Straße/Zufahrt Kreisabfalldeponie</desc>
		<src>HessenForst</src>
	</wpt>
	<wpt lat="50.390530515348978" lon="8.9991910542046458">
		<name>FB-81</name>
		<cmt>B 457/K203</cmt>
		<desc>B 457/K203</desc>
		<src>HessenForst</src>
	</wpt>
	<wpt lat="51.083205779801233" lon="9.7915537942027253">
		<name>HEF-1</name>
		<cmt>Stölzinger Höhe</cmt>
		<desc>Stölzinger Höhe</desc>
		<src>HessenForst</src>
	</wpt>
	<wpt lat="50.466687909899683" lon="8.2275996838695384">
		<name>LM-135</name>
		<cmt>K 490 - Abfahrt Richtung " Scheuernberg"</cmt>
		<desc>K 490 - Abfahrt Richtung " Scheuernberg"</desc>
		<src>HessenForst</src>
	</wpt>
	<wpt lat="50.017716273515433" lon="8.7398772537163083">
		<name>OF-129</name>
		<cmt>Golfplatz "Gut Neuhof" am Offenbacher weg</cmt>
		<desc>Golfplatz "Gut Neuhof" am Offenbacher weg</desc>
		<src>HessenForst</src>
	</wpt>
	<wpt lat="50.543705978686091" lon="9.3852707857825894">
		<name>VB-38</name>
		<cmt>Altenschlirf-Herbstein rechts</cmt>
		<desc>Altenschlirf-Herbstein rechts</desc>
		<src>HessenForst</src>
	</wpt>
	<wpt lat="51.562223834432629" lon="9.4165707630153612">
		<name>KS-35</name>
		<cmt>Kampfgrundstraße</cmt>
		<desc>Kampfgrundstraße</desc>
		<src>HessenForst</src>
	</wpt>
	<wpt lat="51.27938013922715" lon="9.903903890537288">
		<name>ESW-203</name>
		<cmt>Riedbachtal Abt. 26, Kläranlage</cmt>
		<desc>Riedbachtal Abt. 26, Kläranlage</desc>
		<src>HessenForst</src>
	</wpt>
	<wpt lat="50.477083488724922" lon="8.8326724642380441">
		<name>GI-119</name>
		<cmt>Ortseingang Bettenhausen</cmt>
		<desc>Ortseingang Bettenhausen</desc>
		<src>HessenForst</src>
	</wpt>
	<wpt lat="50.552462828667849" lon="9.8431533839619973">
		<name>FD-233</name>
		<cmt>Forstamt Hofbieber</cmt>
		<desc>Forstamt Hofbieber</desc>
		<src>HessenForst</src>
	</wpt>
	<wpt lat="50.20176648735297" lon="8.0370357027419601">
		<name>RÜD-165</name>
		<cmt>Abzweig Laufenselden Wallrabenstein Abzweig</cmt>
		<desc>Abzweig Laufenselden Wallrabenstein Abzweig</desc>
		<src>HessenForst</src>
	</wpt>
	<wpt lat="50.453004909316036" lon="8.6572840252819443">
		<name>FB-161</name>
		<cmt>Brücke Main-Weser Bahn Gaststätte Windhof</cmt>
		<desc>Brücke Main-Weser Bahn Gaststätte Windhof</desc>
		<src>HessenForst</src>
	</wpt>
	<wpt lat="50.78005946932425" lon="8.582908494258815">
		<name>MR-609</name>
		<cmt>Gladenbach, B 453 Gladenbach/Runzhsn., 600 m nach Ortsausgang, Parkplatz gegenüber Tennishalle</cmt>
		<desc>Gladenbach, B 453 Gladenbach/Runzhsn., 600 m nach Ortsausgang, Parkplatz gegenüber Tennishalle</desc>
		<src>HessenForst</src>
	</wpt>
	<wpt lat="50.211802722992651" lon="7.9969991754788214">
		<name>RÜD-111</name>
		<cmt>Bornbachhalle</cmt>
		<desc>Bornbachhalle</desc>
		<src>HessenForst</src>
	</wpt>
	<wpt lat="49.532084884883901" lon="8.8642377644300172">
		<name>HP-411</name>
		<cmt>Unterschönmattenwag, Parkplatz "Haus des Gastes"</cmt>
		<desc>Unterschönmattenwag, Parkplatz "Haus des Gastes"</desc>
		<src>HessenForst</src>
	</wpt>
	<wpt lat="51.201791866487355" lon="9.8111668305297624">
		<name>ESW-240</name>
		<cmt>Steinbachs-Mühle</cmt>
		<desc>Steinbachs-Mühle</desc>
		<src>HessenForst</src>
	</wpt>
	<wpt lat="50.166111796345497" lon="9.0991363631794151">
		<name>MKK-816</name>
		<cmt>Festplatz</cmt>
		<desc>Festplatz</desc>
		<src>HessenForst</src>
	</wpt>
	<wpt lat="51.209122363163836" lon="9.8559436653111714">
		<name>ESW-236</name>
		<cmt>Großparkplatz Meißner</cmt>
		<desc>Großparkplatz Meißner</desc>
		<src>HessenForst</src>
	</wpt>
	<wpt lat="50.399083144121505" lon="8.9521873024075216">
		<name>FB-35</name>
		<cmt>Waldrand</cmt>
		<desc>Waldrand</desc>
		<src>HessenForst</src>
	</wpt>
	<wpt lat="51.308735742903018" lon="9.8845476518724062">
		<name>ESW-133</name>
		<cmt>Parkplatz "Franzosenecke"</cmt>
		<desc>Parkplatz "Franzosenecke"</desc>
		<src>HessenForst</src>
	</wpt>
	<wpt lat="50.527018691322134" lon="9.2337302272296267">
		<name>VB-33</name>
		<cmt>Parkplatz Niddaquelle</cmt>
		<desc>Parkplatz Niddaquelle</desc>
		<src>HessenForst</src>
	</wpt>
	<wpt lat="51.122014887115562" lon="8.8467188485670132">
		<name>KB-259</name>
		<cmt>Hof Treisbach</cmt>
		<desc>Hof Treisbach</desc>
		<src>HessenForst</src>
	</wpt>
	<wpt lat="50.410783851614475" lon="8.9247471146640827">
		<name>FB-36</name>
		<cmt>Waldrand / Schafstall</cmt>
		<desc>Waldrand / Schafstall</desc>
		<src>HessenForst</src>
	</wpt>
	<wpt lat="50.04405810482519" lon="7.9593214329108894">
		<name>RÜD-361</name>
		<cmt>Siebenwegeweiser</cmt>
		<desc>Siebenwegeweiser</desc>
		<src>HessenForst</src>
	</wpt>
	<wpt lat="50.417103404839359" lon="8.9573106787494119">
		<name>FB-37</name>
		<cmt>Waldrand</cmt>
		<desc>Waldrand</desc>
		<src>HessenForst</src>
	</wpt>
	<wpt lat="51.252791056789647" lon="9.0178827475198773">
		<name>KB-223</name>
		<cmt>Einfahrt Stromleitung</cmt>
		<desc>Einfahrt Stromleitung</desc>
		<src>HessenForst</src>
	</wpt>
	<wpt lat="50.422933008903286" lon="8.7968893761607525">
		<name>FB-8</name>
		<cmt>Waldeingang Römerstrasse</cmt>
		<desc>Waldeingang Römerstrasse</desc>
		<src>HessenForst</src>
	</wpt>
	<wpt lat="51.280625284718901" lon="8.9447565452574089">
		<name>KB-217</name>
		<cmt>Waldeingang</cmt>
		<desc>Waldeingang</desc>
		<src>HessenForst</src>
	</wpt>
	<wpt lat="50.761073606465018" lon="9.1779935685904981">
		<name>VB-132</name>
		<cmt>Waldeingang</cmt>
		<desc>Waldeingang</desc>
		<src>HessenForst</src>
	</wpt>
	<wpt lat="51.005631846496293" lon="9.7219973998441915">
		<name>HEF-22</name>
		<cmt>B 83 HKZ</cmt>
		<desc>B 83 HKZ</desc>
		<src>HessenForst</src>
	</wpt>
	<wpt lat="50.16630356529015" lon="8.2444362146969112">
		<name>RÜD-231</name>
		<cmt>NP-Parkplatz Sauwasen</cmt>
		<desc>NP-Parkplatz Sauwasen</desc>
		<src>HessenForst</src>
	</wpt>
	<wpt lat="51.256314380441481" lon="9.9509549432937074">
		<name>ESW-211</name>
		<cmt>Dammstieg</cmt>
		<desc>Dammstieg</desc>
		<src>HessenForst</src>
	</wpt>
	<wpt lat="50.671333740620007" lon="8.7890484679360004">
		<name>GI-234</name>
		<cmt>Sportplatz</cmt>
		<desc>Sportplatz</desc>
		<src>HessenForst</src>
	</wpt>
	<wpt lat="50.453844854067825" lon="8.8230758951532184">
		<name>GI-118</name>
		<cmt>Markwald Bellersheim</cmt>
		<desc>Markwald Bellersheim</desc>
		<src>HessenForst</src>
	</wpt>
	<wpt lat="50.163766119784817" lon="9.0195377937700538">
		<name>MKK-111</name>
		<cmt>Feldweg vorbei an der Kläranlage</cmt>
		<desc>Feldweg vorbei an der Kläranlage</desc>
		<src>HessenForst</src>
	</wpt>
	<wpt lat="50.255579294845568" lon="8.5445485783254078">
		<name>HG-8</name>
		<cmt>Herzberg</cmt>
		<desc>Herzberg</desc>
		<src>HessenForst</src>
	</wpt>
	<wpt lat="50.571174906211638" lon="9.1240068665801974">
		<name>VB-45</name>
		<cmt>Wnfd.-Peth. Hof Grillh. Links</cmt>
		<desc>Wnfd.-Peth. Hof Grillh. Links</desc>
		<src>HessenForst</src>
	</wpt>
	<wpt lat="51.480512224760297" lon="9.4396156782836087">
		<name>KS-57</name>
		<cmt>Am Kuckuck, westlich Waldrand "Lichte Heide" (Wegeschranke)</cmt>
		<desc>Am Kuckuck, westlich Waldrand "Lichte Heide" (Wegeschranke)</desc>
		<src>HessenForst</src>
	</wpt>
	<wpt lat="50.104016589944251" lon="8.134087475445984">
		<name>WI-55</name>
		<cmt>westlicher Parkplatz Hohe Wurzel</cmt>
		<desc>westlicher Parkplatz Hohe Wurzel</desc>
		<src>HessenForst</src>
	</wpt>
	<wpt lat="51.115858396455032" lon="8.9829276115944161">
		<name>KB-424</name>
		<cmt>Ehemaliges Forsthaus Frebershausen</cmt>
		<desc>Ehemaliges Forsthaus Frebershausen</desc>
		<src>HessenForst</src>
	</wpt>
	<wpt lat="51.303710037648223" lon="9.936224723985573">
		<name>ESW-205</name>
		<cmt>Eingang Sandweg, alte B 27, westl. Bahnüberg.</cmt>
		<desc>Eingang Sandweg, alte B 27, westl. Bahnüberg.</desc>
		<src>HessenForst</src>
	</wpt>
	<wpt lat="50.345301995582062" lon="8.9086806593165839">
		<name>FB-41</name>
		<cmt>Waldrand</cmt>
		<desc>Waldrand</desc>
		<src>HessenForst</src>
	</wpt>
	<wpt lat="51.52556752332071" lon="9.385135042745997">
		<name>KS-41</name>
		<cmt>L 3212 Abzweig Park-platz Kammergrund</cmt>
		<desc>L 3212 Abzweig Park-platz Kammergrund</desc>
		<src>HessenForst</src>
	</wpt>
	<wpt lat="51.223646904837821" lon="9.7419056224646425">
		<name>ESW-7</name>
		<cmt>Forsthaus Friedrichsbrück</cmt>
		<desc>Forsthaus Friedrichsbrück</desc>
		<src>HessenForst</src>
	</wpt>
	<wpt lat="50.242417382414509" lon="8.0857132935623284">
		<name>RÜD-103</name>
		<cmt>Ölmühle</cmt>
		<desc>Ölmühle</desc>
		<src>HessenForst</src>
	</wpt>
	<wpt lat="51.076835341819915" lon="9.2417587333544553">
		<name>HR-34</name>
		<cmt>Feuerwehrbank Autobahnbrücke</cmt>
		<desc>Feuerwehrbank Autobahnbrücke</desc>
		<src>HessenForst</src>
	</wpt>
	<wpt lat="50.328478976875516" lon="8.9936642167913128">
		<name>FB-58</name>
		<cmt>Hof Leustadt</cmt>
		<desc>Hof Leustadt</desc>
		<src>HessenForst</src>
	</wpt>
	<wpt lat="51.319332237005696" lon="9.8772705711312465">
		<name>ESW-135</name>
		<cmt>Revierförsterei "Am Salzbach 19"</cmt>
		<desc>Revierförsterei "Am Salzbach 19"</desc>
		<src>HessenForst</src>
	</wpt>
	<wpt lat="50.82861597601736" lon="8.7731980132082228">
		<name>MR-408</name>
		<cmt>Einfahrt "Nödelweg" gegenüber Einmündung Alte Kasseler Straße auf Ginseldorfer Weg</cmt>
		<desc>Einfahrt "Nödelweg" gegenüber Einmündung Alte Kasseler Straße auf Ginseldorfer Weg</desc>
		<src>HessenForst</src>
	</wpt>
	<wpt lat="50.476613243440781" lon="9.0813665175602321">
		<name>VB-22</name>
		<cmt>Rainr.-Schott. Links Einartshausen</cmt>
		<desc>Rainr.-Schott. Links Einartshausen</desc>
		<src>HessenForst</src>
	</wpt>
	<wpt lat="51.090796520238342" lon="8.8355023889433042">
		<name>KB-537</name>
		<cmt>Abzweig Forstweg von B252 (Abt.31) auf Höhe von Zwei Gebäuden (Bordell)</cmt>
		<desc>Abzweig Forstweg von B252 (Abt.31) auf Höhe von Zwei Gebäuden (Bordell)</desc>
		<src>HessenForst</src>
	</wpt>
	<wpt lat="51.145484498738611" lon="9.0056414938321723">
		<name>KB-422</name>
		<cmt>Tannendriesch</cmt>
		<desc>Tannendriesch</desc>
		<src>HessenForst</src>
	</wpt>
	<wpt lat="50.725930328316672" lon="9.038806097406713">
		<name>VB-109</name>
		<cmt>Maulbach Richtung Homberg</cmt>
		<desc>Maulbach Richtung Homberg</desc>
		<src>HessenForst</src>
	</wpt>
	<wpt lat="51.226442836775291" lon="8.9831219044490798">
		<name>KB-229</name>
		<cmt>Bushaltestelle</cmt>
		<desc>Bushaltestelle</desc>
		<src>HessenForst</src>
	</wpt>
	<wpt lat="51.236424130306304" lon="9.8545661294977567">
		<name>ESW-232</name>
		<cmt>Zufahrt Basalt AG</cmt>
		<desc>Zufahrt Basalt AG</desc>
		<src>HessenForst</src>
	</wpt>
	<wpt lat="50.611736217516608" lon="9.109558549733098">
		<name>VB-50</name>
		<cmt>Ober-Ohmen Sportplatz</cmt>
		<desc>Ober-Ohmen Sportplatz</desc>
		<src>HessenForst</src>
	</wpt>
	<wpt lat="51.294842320690158" lon="9.9122261166383865">
		<name>ESW-204</name>
		<cmt>Holzlagerplatz Riedbachtal, Abt. 2506</cmt>
		<desc>Holzlagerplatz Riedbachtal, Abt. 2506</desc>
		<src>HessenForst</src>
	</wpt>
	<wpt lat="50.089163289378718" lon="7.9028707054400149">
		<name>RÜD-342</name>
		<cmt>P Ernstbachtal</cmt>
		<desc>P Ernstbachtal</desc>
		<src>HessenForst</src>
	</wpt>
	<wpt lat="51.374673939232288" lon="8.8476596446614053">
		<name>KB-105</name>
		<cmt>Abzweig L 3078 / K 76 Richtung Borntosten</cmt>
		<desc>Abzweig L 3078 / K 76 Richtung Borntosten</desc>
		<src>HessenForst</src>
	</wpt>
	<wpt lat="51.199474181450661" lon="9.030368648980744">
		<name>KB-253</name>
		<cmt>Parkplatz Bärental</cmt>
		<desc>Parkplatz Bärental</desc>
		<src>HessenForst</src>
	</wpt>
	<wpt lat="51.298754189987029" lon="9.8663553289739827">
		<name>ESW-132</name>
		<cmt>Ortsmitte Rückerode</cmt>
		<desc>Ortsmitte Rückerode</desc>
		<src>HessenForst</src>
	</wpt>
	<wpt lat="50.633231041065436" lon="9.5843190771325109">
		<name>VB-327</name>
		<cmt>Hartershausen, Fuldabrücke</cmt>
		<desc>Hartershausen, Fuldabrücke</desc>
		<src>HessenForst</src>
	</wpt>
	<wpt lat="50.275049412598378" lon="8.9934387589013998">
		<name>FB-51</name>
		<cmt>Ortsausgang Hainchen</cmt>
		<desc>Ortsausgang Hainchen</desc>
		<src>HessenForst</src>
	</wpt>
	<wpt lat="50.956785491809953" lon="8.9645760516678639">
		<name>KB-855</name>
		<cmt>Abzweig Schiffelbach, Kreuzung L 3073/ L 3342</cmt>
		<desc>Abzweig Schiffelbach, Kreuzung L 3073/ L 3342</desc>
		<src>HessenForst</src>
	</wpt>
	<wpt lat="51.17997440511143" lon="9.7613408441621718">
		<name>ESW-16</name>
		<cmt>Möbellager Hopfelde</cmt>
		<desc>Möbellager Hopfelde</desc>
		<src>HessenForst</src>
	</wpt>
	<wpt lat="50.481545984058975" lon="8.2084329975399779">
		<name>LM-128</name>
		<cmt>Sportplatz Hasselbach</cmt>
		<desc>Sportplatz Hasselbach</desc>
		<src>HessenForst</src>
	</wpt>
	<wpt lat="50.928771623099571" lon="8.4953506940155918">
		<name>MR-19</name>
		<cmt>B 62 / 253 Abzweig nach Weifenbach</cmt>
		<desc>B 62 / 253 Abzweig nach Weifenbach</desc>
		<src>HessenForst</src>
	</wpt>
	<wpt lat="50.375386765440183" lon="9.4526177202868347">
		<name>MKK-32</name>
		<cmt>Schmidtmühle</cmt>
		<desc>Schmidtmühle</desc>
		<src>HessenForst</src>
	</wpt>
	<wpt lat="50.660035782248279" lon="8.7061445694521318">
		<name>GI-227</name>
		<cmt>Firma Weimar</cmt>
		<desc>Firma Weimar</desc>
		<src>HessenForst</src>
	</wpt>
	<wpt lat="50.268618847427256" lon="8.9551688916042789">
		<name>FB-48</name>
		<cmt>Abzweig Höchst /Waldsiedl.</cmt>
		<desc>Abzweig Höchst /Waldsiedl.</desc>
		<src>HessenForst</src>
	</wpt>
	<wpt lat="51.204735166051968" lon="8.8585438257526761">
		<name>KB-502</name>
		<cmt>Anhöhe südlich von Immighausen, Einfahrt zum Lingenscheid</cmt>
		<desc>Anhöhe südlich von Immighausen, Einfahrt zum Lingenscheid</desc>
		<src>HessenForst</src>
	</wpt>
	<wpt lat="50.426203753060392" lon="8.9643770554817976">
		<name>FB-39</name>
		<cmt>Waldrand</cmt>
		<desc>Waldrand</desc>
		<src>HessenForst</src>
	</wpt>
	<wpt lat="50.812090403014665" lon="8.6892635101805045">
		<name>MR-415</name>
		<cmt>Elnhausen Ortsmitte an der Abzweigung der Straße nach Dilschhausen (K 72)</cmt>
		<desc>Elnhausen Ortsmitte an der Abzweigung der Straße nach Dilschhausen (K 72)</desc>
		<src>HessenForst</src>
	</wpt>
	<wpt lat="50.375914215892784" lon="8.7314198877645364">
		<name>FB-13</name>
		<cmt>Einfahrt Golfplatz</cmt>
		<desc>Einfahrt Golfplatz</desc>
		<src>HessenForst</src>
	</wpt>
	<wpt lat="50.386418588641511" lon="8.757061188391047">
		<name>FB-12</name>
		<cmt>Parkplatz Sauerbrunnen</cmt>
		<desc>Parkplatz Sauerbrunnen</desc>
		<src>HessenForst</src>
	</wpt>
	<wpt lat="51.209115960268193" lon="9.8717113749515057">
		<name>ESW-238</name>
		<cmt>Schwalbenthal</cmt>
		<desc>Schwalbenthal</desc>
		<src>HessenForst</src>
	</wpt>
	<wpt lat="50.201720382070626" lon="7.9228996825161282">
		<name>RÜD-113</name>
		<cmt>Ortseingang Martenroth</cmt>
		<desc>Ortseingang Martenroth</desc>
		<src>HessenForst</src>
	</wpt>
	<wpt lat="51.25201737670433" lon="9.826302614035253">
		<name>ESW-159</name>
		<cmt>Uengsterode, L 3238 Gastwirtschaft "Zum Alten Neubau"</cmt>
		<desc>Uengsterode, L 3238 Gastwirtschaft "Zum Alten Neubau"</desc>
		<src>HessenForst</src>
	</wpt>
	<wpt lat="51.208716962437244" lon="9.8809016645110024">
		<name>ESW-237</name>
		<cmt>Jungenddorf</cmt>
		<desc>Jungenddorf</desc>
		<src>HessenForst</src>
	</wpt>
	<wpt lat="50.498182477343015" lon="9.1790051388040617">
		<name>VB-13</name>
		<cmt>Busenborn Ortsausgang</cmt>
		<desc>Busenborn Ortsausgang</desc>
		<src>HessenForst</src>
	</wpt>
	<wpt lat="50.481326186961859" lon="9.1297885433511023">
		<name>VB-19</name>
		<cmt>Wingersh.-Schotten Verlob. Bank</cmt>
		<desc>Wingersh.-Schotten Verlob. Bank</desc>
		<src>HessenForst</src>
	</wpt>
	<wpt lat="50.319353400802889" lon="9.0976652157399815">
		<name>FB-140</name>
		<cmt>Sportplaltz Wolf</cmt>
		<desc>Sportplaltz Wolf</desc>
		<src>HessenForst</src>
	</wpt>
	<wpt lat="51.28782065997644" lon="8.9869047584799571">
		<name>KB-218</name>
		<cmt>Parkplatz Rudolfshagen</cmt>
		<desc>Parkplatz Rudolfshagen</desc>
		<src>HessenForst</src>
	</wpt>
	<wpt lat="50.801959102886634" lon="8.792243682580045">
		<name>MR-418</name>
		<cmt>Wanderparkplatz</cmt>
		<desc>Wanderparkplatz</desc>
		<src>HessenForst</src>
	</wpt>
	<wpt lat="50.519555730722111" lon="9.2650548646402004">
		<name>VB-35</name>
		<cmt>Parkplatz Buschhorn</cmt>
		<desc>Parkplatz Buschhorn</desc>
		<src>HessenForst</src>
	</wpt>
	<wpt lat="50.134556414700391" lon="8.2203127268654423">
		<name>WI-28</name>
		<cmt>Parkplatz vor dem Jagdschloss Platte</cmt>
		<desc>Parkplatz vor dem Jagdschloss Platte</desc>
		<src>HessenForst</src>
	</wpt>
	<wpt lat="50.535799104633625" lon="8.5760893582047473">
		<name>GI-12</name>
		<cmt>Parkplaltz vor dem Wald</cmt>
		<desc>Parkplaltz vor dem Wald</desc>
		<src>HessenForst</src>
	</wpt>
	<wpt lat="50.090539277581698" lon="8.0131980359907473">
		<name>RÜD-384</name>
		<cmt>Bushaltestelle Obergladbach</cmt>
		<desc>Bushaltestelle Obergladbach</desc>
		<src>HessenForst</src>
	</wpt>
	<wpt lat="51.070368929378809" lon="8.5760100284398852">
		<name>KB-711</name>
		<cmt>Ehemaliges Forsthaus, Elbringhausen</cmt>
		<desc>Ehemaliges Forsthaus, Elbringhausen</desc>
		<src>HessenForst</src>
	</wpt>
	<wpt lat="50.186514189383203" lon="7.96875624286562">
		<name>RÜD-114</name>
		<cmt>Egenrother Stock</cmt>
		<desc>Egenrother Stock</desc>
		<src>HessenForst</src>
	</wpt>
	<wpt lat="51.255425017554529" lon="9.0762791874381943">
		<name>KB-246</name>
		<cmt>geteerte Waldeinfahrt</cmt>
		<desc>geteerte Waldeinfahrt</desc>
		<src>HessenForst</src>
	</wpt>
	<wpt lat="50.705544490618387" lon="9.043807165790243">
		<name>VB-81</name>
		<cmt>Nd.-Gem.-Homberg/Ohm rechts</cmt>
		<desc>Nd.-Gem.-Homberg/Ohm rechts</desc>
		<src>HessenForst</src>
	</wpt>
	<wpt lat="50.670238075720327" lon="8.6248043505523881">
		<name>GI-209</name>
		<cmt>Parkplatz Waldhaus</cmt>
		<desc>Parkplatz Waldhaus</desc>
		<src>HessenForst</src>
	</wpt>
	<wpt lat="50.212892378306393" lon="8.2000971576792079">
		<name>RÜD-172</name>
		<cmt>Pakplatz Fuchsbau</cmt>
		<desc>Pakplatz Fuchsbau</desc>
		<src>HessenForst</src>
	</wpt>
	<wpt lat="50.439933649234426" lon="8.7934275405464923">
		<name>FB-4</name>
		<cmt>Waldeingang Römerstrasse</cmt>
		<desc>Waldeingang Römerstrasse</desc>
		<src>HessenForst</src>
	</wpt>
	<wpt lat="49.658692802903715" lon="8.9159596760507203">
		<name>ERB-8</name>
		<cmt>Parkplatz Hammergrund/Finkenbrunnen</cmt>
		<desc>Parkplatz Hammergrund/Finkenbrunnen</desc>
		<src>HessenForst</src>
	</wpt>
	<wpt lat="50.352750334820236" lon="9.0680142823927188">
		<name>FB-103</name>
		<cmt>Bauhof der Stadt Ortenberg</cmt>
		<desc>Bauhof der Stadt Ortenberg</desc>
		<src>HessenForst</src>
	</wpt>
	<wpt lat="50.583074340617408" lon="9.9110146944077577">
		<name>FD-227</name>
		<cmt>Waldschadens-Gedenkstein</cmt>
		<desc>Waldschadens-Gedenkstein</desc>
		<src>HessenForst</src>
	</wpt>
	<wpt lat="50.813568541535545" lon="8.6103654521394226">
		<name>MR-600</name>
		<cmt>Diedenshausen, Kreisstr. Sinkersh./Diedenshs., Abzw. Feldweg, 250 m vor Ortseingang</cmt>
		<desc>Diedenshausen, Kreisstr. Sinkersh./Diedenshs., Abzw. Feldweg, 250 m vor Ortseingang</desc>
		<src>HessenForst</src>
	</wpt>
	<wpt lat="49.563514881509761" lon="8.813478160437862">
		<name>HP-416</name>
		<cmt>Kreidacher Höhe, Bushaltestelle</cmt>
		<desc>Kreidacher Höhe, Bushaltestelle</desc>
		<src>HessenForst</src>
	</wpt>
	<wpt lat="50.772347698663332" lon="9.7783086022333965">
		<name>FD-14</name>
		<cmt>Sportplatz Arzell</cmt>
		<desc>Sportplatz Arzell</desc>
		<src>HessenForst</src>
	</wpt>
	<wpt lat="51.041004458359772" lon="10.018963546953595">
		<name>ESW-59</name>
		<cmt>Sportplatz Ulfen</cmt>
		<desc>Sportplatz Ulfen</desc>
		<src>HessenForst</src>
	</wpt>
	<wpt lat="50.418612934655187" lon="8.0068022446335263">
		<name>LM-311</name>
		<cmt>Forsthaus Elz</cmt>
		<desc>Forsthaus Elz</desc>
		<src>HessenForst</src>
	</wpt>
	<wpt lat="50.538049605183161" lon="9.1779968257362317">
		<name>VB-27</name>
		<cmt>P. Ludwingsbrunnen</cmt>
		<desc>P. Ludwingsbrunnen</desc>
		<src>HessenForst</src>
	</wpt>
	<wpt lat="51.182384126928874" lon="8.9545274375467852">
		<name>KB-403</name>
		<cmt>Campingplatz Wilhelmi</cmt>
		<desc>Campingplatz Wilhelmi</desc>
		<src>HessenForst</src>
	</wpt>
	<wpt lat="50.053103687082846" lon="8.0976370897653833">
		<name>RÜD-379</name>
		<cmt>P Gasthaus Rausch</cmt>
		<desc>P Gasthaus Rausch</desc>
		<src>HessenForst</src>
	</wpt>
	<wpt lat="50.746198376252515" lon="9.08502229975592">
		<name>VB-112</name>
		<cmt>Erbenhausen Richtung Gemünden</cmt>
		<desc>Erbenhausen Richtung Gemünden</desc>
		<src>HessenForst</src>
	</wpt>
	<wpt lat="50.209105678630756" lon="8.3332554373205774">
		<name>RÜD-257</name>
		<cmt>Parkplatz Altenburg</cmt>
		<desc>Parkplatz Altenburg</desc>
		<src>HessenForst</src>
	</wpt>
	<wpt lat="51.532795700327867" lon="9.561011252338723">
		<name>KS-118</name>
		<cmt>Salzleckenweg</cmt>
		<desc>Salzleckenweg</desc>
		<src>HessenForst</src>
	</wpt>
	<wpt lat="50.532374766252993" lon="8.7702164172850878">
		<name>GI-15</name>
		<cmt>Hinter der Autobahnüberf. Rechts am Waldrand in Richtung Lich</cmt>
		<desc>Hinter der Autobahnüberf. Rechts am Waldrand in Richtung Lich</desc>
		<src>HessenForst</src>
	</wpt>
	<wpt lat="50.415094197196865" lon="8.8176200848613941">
		<name>FB-9</name>
		<cmt>Parkplatz Neuer Wald</cmt>
		<desc>Parkplatz Neuer Wald</desc>
		<src>HessenForst</src>
	</wpt>
	<wpt lat="51.293268682513812" lon="9.8478477979556196">
		<name>ESW-112</name>
		<cmt>Ortsmitte Hundelshausen; Bürgerhaus</cmt>
		<desc>Ortsmitte Hundelshausen; Bürgerhaus</desc>
		<src>HessenForst</src>
	</wpt>
	<wpt lat="51.232289962531894" lon="9.0018987363632714">
		<name>KB-227</name>
		<cmt>Grillhütte in der Klinge</cmt>
		<desc>Grillhütte in der Klinge</desc>
		<src>HessenForst</src>
	</wpt>
	<wpt lat="50.647224785468325" lon="8.786262247080078">
		<name>GI-237</name>
		<cmt>Kurt Walter-Eiche</cmt>
		<desc>Kurt Walter-Eiche</desc>
		<src>HessenForst</src>
	</wpt>
	<wpt lat="50.189904205602119" lon="8.0103566330414964">
		<name>RÜD-117</name>
		<cmt>Abzweig Huppert</cmt>
		<desc>Abzweig Huppert</desc>
		<src>HessenForst</src>
	</wpt>
	<wpt lat="50.273571795664473" lon="8.8290434526411001">
		<name>FB-21</name>
		<cmt>Kompostierungsanlage</cmt>
		<desc>Kompostierungsanlage</desc>
		<src>HessenForst</src>
	</wpt>
	<wpt lat="50.153093554044347" lon="7.9690630679776051">
		<name>RÜD-124</name>
		<cmt>Wispersee</cmt>
		<desc>Wispersee</desc>
		<src>HessenForst</src>
	</wpt>
	<wpt lat="51.258910014828217" lon="9.0108494537035835">
		<name>KB-222</name>
		<cmt>Reitplatz Schiebenscheid</cmt>
		<desc>Reitplatz Schiebenscheid</desc>
		<src>HessenForst</src>
	</wpt>
	<wpt lat="50.959249065219133" lon="9.7573745330219879">
		<name>HEF-47</name>
		<cmt>Forsthaus Lüdersdorf</cmt>
		<desc>Forsthaus Lüdersdorf</desc>
		<src>HessenForst</src>
	</wpt>
	<wpt lat="50.434573831901496" lon="8.6506251350672052">
		<name>FB-165</name>
		<cmt>Parkplatz Schwimmbad</cmt>
		<desc>Parkplatz Schwimmbad</desc>
		<src>HessenForst</src>
	</wpt>
	<wpt lat="50.924460440897789" lon="8.5130472649377129">
		<name>MR-10</name>
		<cmt>B 253  Ludwigshütte - Teich</cmt>
		<desc>B 253  Ludwigshütte - Teich</desc>
		<src>HessenForst</src>
	</wpt>
	<wpt lat="50.627900849739191" lon="8.8147398721302554">
		<name>GI-242</name>
		<cmt>Beuern</cmt>
		<desc>Beuern</desc>
		<src>HessenForst</src>
	</wpt>
	<wpt lat="51.539146745348752" lon="9.3643327600726618">
		<name>KS-40</name>
		<cmt>Diemelbrücke Eberschütz</cmt>
		<desc>Diemelbrücke Eberschütz</desc>
		<src>HessenForst</src>
	</wpt>
	<wpt lat="50.335366794522123" lon="9.0483393563996835">
		<name>FB-108</name>
		<cmt>Bleichenbach Sportplatz</cmt>
		<desc>Bleichenbach Sportplatz</desc>
		<src>HessenForst</src>
	</wpt>
	<wpt lat="51.26644439664981" lon="9.067824443650716">
		<name>KB-245</name>
		<cmt>Feldweg zum Stallkopf</cmt>
		<desc>Feldweg zum Stallkopf</desc>
		<src>HessenForst</src>
	</wpt>
	<wpt lat="50.936415798111497" lon="9.7728093888989633">
		<name>HEF-51</name>
		<cmt>Domäne Blankenheim</cmt>
		<desc>Domäne Blankenheim</desc>
		<src>HessenForst</src>
	</wpt>
	<wpt lat="50.26927978503128" lon="9.0891476710480621">
		<name>FB-112</name>
		<cmt>Sportplatz, Wolfgang Konrad - Halle</cmt>
		<desc>Sportplatz, Wolfgang Konrad - Halle</desc>
		<src>HessenForst</src>
	</wpt>
	<wpt lat="50.559139516584494" lon="9.7988888529225857">
		<name>FD-217</name>
		<cmt>Armenhof-Thiergarten, Waldeinganf</cmt>
		<desc>Armenhof-Thiergarten, Waldeinganf</desc>
		<src>HessenForst</src>
	</wpt>
	<wpt lat="51.23512559810483" lon="9.6962265406891284">
		<name>ESW-100</name>
		<cmt>Rohrberg, Abzwg. Rohrberghütte</cmt>
		<desc>Rohrberg, Abzwg. Rohrberghütte</desc>
		<src>HessenForst</src>
	</wpt>
	<wpt lat="51.133800448023656" lon="9.3407158766760094">
		<name>HR-25</name>
		<cmt>Oberstes Holz Parkpl. Waldeingang</cmt>
		<desc>Oberstes Holz Parkpl. Waldeingang</desc>
		<src>HessenForst</src>
	</wpt>
	<wpt lat="49.780164854964156" lon="8.9277638993078128">
		<name>ERB-135</name>
		<cmt>Abzweig Hohe Straße</cmt>
		<desc>Abzweig Hohe Straße</desc>
		<src>HessenForst</src>
	</wpt>
	<wpt lat="50.985668672373073" lon="9.5068983995593257">
		<name>HR-813</name>
		<cmt>Parkplatz Riedwiesen</cmt>
		<desc>Parkplatz Riedwiesen</desc>
		<src>HessenForst</src>
	</wpt>
	<wpt lat="51.545926826834389" lon="9.5299609672708137">
		<name>KS-105</name>
		<cmt>Tierpark Sababurg</cmt>
		<desc>Tierpark Sababurg</desc>
		<src>HessenForst</src>
	</wpt>
	<wpt lat="50.300748271301849" lon="9.126741508426333">
		<name>FB-136</name>
		<cmt>Jugendherberge</cmt>
		<desc>Jugendherberge</desc>
		<src>HessenForst</src>
	</wpt>
	<wpt lat="50.75052371480318" lon="8.6063524482271223">
		<name>MR-622</name>
		<cmt>Mornshausen, Kreisstr. Mornshausen/Lohra, Ortsausgang , nach KFZ-Händler</cmt>
		<desc>Mornshausen, Kreisstr. Mornshausen/Lohra, Ortsausgang , nach KFZ-Händler</desc>
		<src>HessenForst</src>
	</wpt>
	<wpt lat="51.181447566216491" lon="9.941005357100158">
		<name>ESW-317</name>
		<cmt>Friedhof</cmt>
		<desc>Friedhof</desc>
		<src>HessenForst</src>
	</wpt>
	<wpt lat="50.407384984861217" lon="9.3764978954412008">
		<name>VB-1</name>
		<cmt>K 95 Radmühl-Fleschenbach</cmt>
		<desc>K 95 Radmühl-Fleschenbach</desc>
		<src>HessenForst</src>
	</wpt>
	<wpt lat="51.332985741450393" lon="9.7928353228824232">
		<name>ESW-122</name>
		<cmt>Östl. Ortseingang Kleinalmerode; Einf. zum Rodeberg"</cmt>
		<desc>Östl. Ortseingang Kleinalmerode; Einf. zum Rodeberg"</desc>
		<src>HessenForst</src>
	</wpt>
	<wpt lat="50.131698020989724" lon="8.3351731739596904">
		<name>WI-44</name>
		<cmt>Bahnübergang, P Tannenring</cmt>
		<desc>Bahnübergang, P Tannenring</desc>
		<src>HessenForst</src>
	</wpt>
	<wpt lat="51.103597517976333" lon="9.3884881322582121">
		<name>HR-31</name>
		<cmt>Harle Kuhstall Jäger</cmt>
		<desc>Harle Kuhstall Jäger</desc>
		<src>HessenForst</src>
	</wpt>
	<wpt lat="51.078637240107483" lon="8.6696293079206868">
		<name>KB-544</name>
		<cmt>Abzweig Forstweg Weberweg von L 3073 (Waldrand)</cmt>
		<desc>Abzweig Forstweg Weberweg von L 3073 (Waldrand)</desc>
		<src>HessenForst</src>
	</wpt>
	<wpt lat="50.420994458714816" lon="9.0511731259588348">
		<name>FB-78</name>
		<cmt>Ortseingang</cmt>
		<desc>Ortseingang</desc>
		<src>HessenForst</src>
	</wpt>
	<wpt lat="50.723943644930984" lon="9.5963585263686699">
		<name>VB-303</name>
		<cmt>Waldeingang östlich des Zimmerbergs</cmt>
		<desc>Waldeingang östlich des Zimmerbergs</desc>
		<src>HessenForst</src>
	</wpt>
	<wpt lat="51.01161636458329" lon="9.2601762715727816">
		<name>HR-55</name>
		<cmt>Wasserwerk, jüdischer Friedhof</cmt>
		<desc>Wasserwerk, jüdischer Friedhof</desc>
		<src>HessenForst</src>
	</wpt>
	<wpt lat="51.260744742239247" lon="9.8242625667868051">
		<name>ESW-109</name>
		<cmt>Eingang "Wusbachstraße" 300 m vor Abzweig nach Uengsterode</cmt>
		<desc>Eingang "Wusbachstraße" 300 m vor Abzweig nach Uengsterode</desc>
		<src>HessenForst</src>
	</wpt>
	<wpt lat="51.500303407457118" lon="9.5396360640947044">
		<name>KS-130</name>
		<cmt>Parkplatz Kühbacher Wiese</cmt>
		<desc>Parkplatz Kühbacher Wiese</desc>
		<src>HessenForst</src>
	</wpt>
	<wpt lat="51.539905506825555" lon="9.4119499680975007">
		<name>KS-37</name>
		<cmt>Straßengabelung B 83 (Hümme Dicke)</cmt>
		<desc>Straßengabelung B 83 (Hümme Dicke)</desc>
		<src>HessenForst</src>
	</wpt>
	<wpt lat="50.175286657630451" lon="8.3410463729460655">
		<name>RÜD-243</name>
		<cmt>P Lindenkopf, Wasserbehälter</cmt>
		<desc>P Lindenkopf, Wasserbehälter</desc>
		<src>HessenForst</src>
	</wpt>
	<wpt lat="50.864248222138613" lon="9.3031303032475261">
		<name>HR-921</name>
		<cmt>Röllshausen - Basaltsteinbruch</cmt>
		<desc>Röllshausen - Basaltsteinbruch</desc>
		<src>HessenForst</src>
	</wpt>
	<wpt lat="51.463966188276267" lon="9.5668023972255174">
		<name>KS-138</name>
		<cmt>Sandbornwiese</cmt>
		<desc>Sandbornwiese</desc>
		<src>HessenForst</src>
	</wpt>
	<wpt lat="51.022093718701356" lon="9.6639117545069588">
		<name>HEF-16</name>
		<cmt>Friedhof Baumbach</cmt>
		<desc>Friedhof Baumbach</desc>
		<src>HessenForst</src>
	</wpt>
	<wpt lat="50.103219813540107" lon="8.1028652120016798">
		<name>RÜD-392</name>
		<cmt>Wambacher Mühle</cmt>
		<desc>Wambacher Mühle</desc>
		<src>HessenForst</src>
	</wpt>
	<wpt lat="50.313835194258353" lon="9.3603470488064673">
		<name>MKK-1015</name>
		<cmt>Wahlert</cmt>
		<desc>Wahlert</desc>
		<src>HessenForst</src>
	</wpt>
	<wpt lat="50.265439837322042" lon="8.0527031767800779">
		<name>RÜD-106</name>
		<cmt>Abzweig Dörsdorf</cmt>
		<desc>Abzweig Dörsdorf</desc>
		<src>HessenForst</src>
	</wpt>
	<wpt lat="51.346165512161591" lon="9.9104001019022974">
		<name>ESW-141</name>
		<cmt>"Bebenrother Höhe" auf der Straße von Unterrieden nach Neuseesen</cmt>
		<desc>"Bebenrother Höhe" auf der Straße von Unterrieden nach Neuseesen</desc>
		<src>HessenForst</src>
	</wpt>
	<wpt lat="50.235216823788107" lon="8.2879041060832392">
		<name>RÜD-248</name>
		<cmt>Abfahrt Idstein, Parkplatz</cmt>
		<desc>Abfahrt Idstein, Parkplatz</desc>
		<src>HessenForst</src>
	</wpt>
	<wpt lat="51.39905572157442" lon="9.9060924579008365">
		<name>ESW-149</name>
		<cmt>Parkplatz an der B 27</cmt>
		<desc>Parkplatz an der B 27</desc>
		<src>HessenForst</src>
	</wpt>
	<wpt lat="50.451765568030332" lon="9.1243835038009049">
		<name>VB-14</name>
		<cmt>Eichels.-Glash. 1. Weg rechts</cmt>
		<desc>Eichels.-Glash. 1. Weg rechts</desc>
		<src>HessenForst</src>
	</wpt>
	<wpt lat="50.393866402364019" lon="8.9249597533503255">
		<name>FB-33</name>
		<cmt>Parkplatz Rentnersruh</cmt>
		<desc>Parkplatz Rentnersruh</desc>
		<src>HessenForst</src>
	</wpt>
	<wpt lat="51.610287533378632" lon="9.3661326622739249">
		<name>KS-6</name>
		<cmt>Kreuzung Langenthal K71 / 72</cmt>
		<desc>Kreuzung Langenthal K71 / 72</desc>
		<src>HessenForst</src>
	</wpt>
	<wpt lat="50.460619218965903" lon="8.1859723808258273">
		<name>LM-136</name>
		<cmt>Birkenhof</cmt>
		<desc>Birkenhof</desc>
		<src>HessenForst</src>
	</wpt>
	<wpt lat="51.046845754704982" lon="8.6000222007910985">
		<name>KB-805</name>
		<cmt>Viessmannteiche im Elbringhäuser Grund</cmt>
		<desc>Viessmannteiche im Elbringhäuser Grund</desc>
		<src>HessenForst</src>
	</wpt>
	<wpt lat="50.114474897479539" lon="8.3945637364790908">
		<name>MTK-12</name>
		<cmt>Parkplatz Domherrnwald, Langenhain</cmt>
		<desc>Parkplatz Domherrnwald, Langenhain</desc>
		<src>HessenForst</src>
	</wpt>
	<wpt lat="50.849681425470187" lon="8.5472877569821826">
		<name>MR-511</name>
		<cmt>Parkplatz Hinterlandhalle</cmt>
		<desc>Parkplatz Hinterlandhalle</desc>
		<src>HessenForst</src>
	</wpt>
	<wpt lat="50.421560677386168" lon="9.0958501648667784">
		<name>FB-74</name>
		<cmt>Forsthaus Ober Lais</cmt>
		<desc>Forsthaus Ober Lais</desc>
		<src>HessenForst</src>
	</wpt>
	<wpt lat="50.345709530001798" lon="9.0820129724389744">
		<name>FB-102</name>
		<cmt>Ortsschild Bergheim</cmt>
		<desc>Ortsschild Bergheim</desc>
		<src>HessenForst</src>
	</wpt>
	<wpt lat="50.981666082592028" lon="9.707214096987558">
		<name>HEF-37</name>
		<cmt>Sportplatz Mündershausen</cmt>
		<desc>Sportplatz Mündershausen</desc>
		<src>HessenForst</src>
	</wpt>
	<wpt lat="50.385640227908674" lon="9.0569940269895284">
		<name>FB-88</name>
		<cmt>Zufahrt Ortlitzhöfe</cmt>
		<desc>Zufahrt Ortlitzhöfe</desc>
		<src>HessenForst</src>
	</wpt>
	<wpt lat="49.602764261433968" lon="9.0514162212520564">
		<name>ERB-159</name>
		<cmt>Schöllenbacher Weg / Eiche</cmt>
		<desc>Schöllenbacher Weg / Eiche</desc>
		<src>HessenForst</src>
	</wpt>
	<wpt lat="50.30685564507128" lon="8.956572556952306">
		<name>FB-53</name>
		<cmt>Feldwegkreuzung</cmt>
		<desc>Feldwegkreuzung</desc>
		<src>HessenForst</src>
	</wpt>
	<wpt lat="50.488280028946242" lon="8.0722591318142971">
		<name>LM-350</name>
		<cmt>Hangenmeilimgen Neubaugebiet</cmt>
		<desc>Hangenmeilimgen Neubaugebiet</desc>
		<src>HessenForst</src>
	</wpt>
	<wpt lat="51.054744958593922" lon="9.2511567412118829">
		<name>HR-42</name>
		<cmt>Arnsbach Ost</cmt>
		<desc>Arnsbach Ost</desc>
		<src>HessenForst</src>
	</wpt>
	<wpt lat="51.03722197599064" lon="8.6890560454176455">
		<name>KB-813</name>
		<cmt>Abzweig zum Grillplatz Rennertehausen</cmt>
		<desc>Abzweig zum Grillplatz Rennertehausen</desc>
		<src>HessenForst</src>
	</wpt>
	<wpt lat="50.05054882288988" lon="7.8473996911950712">
		<name>RÜD-351</name>
		<cmt>P Pfaffenthal</cmt>
		<desc>P Pfaffenthal</desc>
		<src>HessenForst</src>
	</wpt>
	<wpt lat="50.427160441889278" lon="8.9972825555581668">
		<name>FB-59</name>
		<cmt>Kinderheim Harb</cmt>
		<desc>Kinderheim Harb</desc>
		<src>HessenForst</src>
	</wpt>
	<wpt lat="50.570731872147796" lon="9.3370606672623992">
		<name>VB-40</name>
		<cmt>Kolping Feriendorf</cmt>
		<desc>Kolping Feriendorf</desc>
		<src>HessenForst</src>
	</wpt>
	<wpt lat="51.555227470036357" lon="9.3811463465022449">
		<name>KS-34</name>
		<cmt>Kreuzung in Sielen       K 67 / 68</cmt>
		<desc>Kreuzung in Sielen       K 67 / 68</desc>
		<src>HessenForst</src>
	</wpt>
	<wpt lat="50.283854160224166" lon="9.3103196986395051">
		<name>MKK-1028</name>
		<cmt>Friedhof Weilers</cmt>
		<desc>Friedhof Weilers</desc>
		<src>HessenForst</src>
	</wpt>
	<wpt lat="51.081745463488211" lon="8.8265161094858779">
		<name>KB-543</name>
		<cmt>Parkplatz an der B 252 unterhalb Kläranlage</cmt>
		<desc>Parkplatz an der B 252 unterhalb Kläranlage</desc>
		<src>HessenForst</src>
	</wpt>
	<wpt lat="50.212528922214048" lon="8.2492207870101577">
		<name>RÜD-246</name>
		<cmt>Pendlerparkplatz BAB</cmt>
		<desc>Pendlerparkplatz BAB</desc>
		<src>HessenForst</src>
	</wpt>
	<wpt lat="50.572304283952526" lon="9.7746605430387312">
		<name>FD-216</name>
		<cmt>Parkplatz bei Margaretenhaun</cmt>
		<desc>Parkplatz bei Margaretenhaun</desc>
		<src>HessenForst</src>
	</wpt>
	<wpt lat="50.440597980987029" lon="8.9818251401101588">
		<name>FB-61</name>
		<cmt>Parkplatz vor Waldeingang</cmt>
		<desc>Parkplatz vor Waldeingang</desc>
		<src>HessenForst</src>
	</wpt>
	<wpt lat="49.813573354533318" lon="8.9405842684722163">
		<name>DA-14</name>
		<cmt>Einfahrt zum Parkplatz "Bettelsmannbuche"</cmt>
		<desc>Einfahrt zum Parkplatz "Bettelsmannbuche"</desc>
		<src>HessenForst</src>
	</wpt>
	<wpt lat="50.357235027223027" lon="9.112404388140817">
		<name>FB-100</name>
		<cmt>Forsthaus Usenborn</cmt>
		<desc>Forsthaus Usenborn</desc>
		<src>HessenForst</src>
	</wpt>
	<wpt lat="51.268015028221981" lon="9.9469332197022133">
		<name>ESW-209</name>
		<cmt>Großer Hain, Einf. mittl. Hainweg</cmt>
		<desc>Großer Hain, Einf. mittl. Hainweg</desc>
		<src>HessenForst</src>
	</wpt>
	<wpt lat="51.447333041707864" lon="9.5701001306380622">
		<name>KS-209</name>
		<cmt>Zeche Gahrenberg</cmt>
		<desc>Zeche Gahrenberg</desc>
		<src>HessenForst</src>
	</wpt>
	<wpt lat="50.879911322924301" lon="9.9361012932778916">
		<name>HEF-138</name>
		<cmt>Parkplatz Fischerhütte</cmt>
		<desc>Parkplatz Fischerhütte</desc>
		<src>HessenForst</src>
	</wpt>
	<wpt lat="50.517062420251641" lon="8.7220851141866014">
		<name>GI-13</name>
		<cmt>Abzweig zum Basaltwerk</cmt>
		<desc>Abzweig zum Basaltwerk</desc>
		<src>HessenForst</src>
	</wpt>
	<wpt lat="51.526189670663022" lon="9.4553226302771005">
		<name>KS-44</name>
		<cmt>Parkplatz Moosgrund an K 55 / K 53</cmt>
		<desc>Parkplatz Moosgrund an K 55 / K 53</desc>
		<src>HessenForst</src>
	</wpt>
	<wpt lat="51.357919230073875" lon="8.7523841045512629">
		<name>KB-111</name>
		<cmt>Gehöft zwischen Rhenegge/Heringhausen</cmt>
		<desc>Gehöft zwischen Rhenegge/Heringhausen</desc>
		<src>HessenForst</src>
	</wpt>
	<wpt lat="51.419531302427394" lon="9.542439612560166">
		<name>KS-211</name>
		<cmt>"Birkenhof" zum Triftbergweg</cmt>
		<desc>"Birkenhof" zum Triftbergweg</desc>
		<src>HessenForst</src>
	</wpt>
	<wpt lat="50.8574467031628" lon="8.5303873181893994">
		<name>MR-506</name>
		<cmt>Schwimmbad Dautphe (Ortsausg. Dautphe Richtung Silberg K 39 rechts "Freibad)</cmt>
		<desc>Schwimmbad Dautphe (Ortsausg. Dautphe Richtung Silberg K 39 rechts "Freibad)</desc>
		<src>HessenForst</src>
	</wpt>
	<wpt lat="51.281175442268896" lon="9.0017117243973228">
		<name>KB-220</name>
		<cmt>Hinter den Fischteichen</cmt>
		<desc>Hinter den Fischteichen</desc>
		<src>HessenForst</src>
	</wpt>
	<wpt lat="51.509200432893323" lon="9.4292822861338763">
		<name>KS-49</name>
		<cmt>Parkplatz Röddenhöfe  an K 55</cmt>
		<desc>Parkplatz Röddenhöfe  an K 55</desc>
		<src>HessenForst</src>
	</wpt>
	<wpt lat="51.219480163109438" lon="9.7670787539885477">
		<name>ESW-8</name>
		<cmt>Gut Steinholz</cmt>
		<desc>Gut Steinholz</desc>
		<src>HessenForst</src>
	</wpt>
	<wpt lat="50.159120234449027" lon="7.9246102840860582">
		<name>RÜD-128</name>
		<cmt>Forsthaus Zorn</cmt>
		<desc>Forsthaus Zorn</desc>
		<src>HessenForst</src>
	</wpt>
	<wpt lat="50.347843185921732" lon="9.3075148328093036">
		<name>MKK-1017</name>
		<cmt>Festplatz Birstein</cmt>
		<desc>Festplatz Birstein</desc>
		<src>HessenForst</src>
	</wpt>
	<wpt lat="50.892066769201115" lon="9.9649420315283876">
		<name>HEF-134</name>
		<cmt>Forsthaus Bengendorf</cmt>
		<desc>Forsthaus Bengendorf</desc>
		<src>HessenForst</src>
	</wpt>
	<wpt lat="51.284407408085734" lon="9.647862481697798">
		<name>ESW-94</name>
		<cmt>Klinik Kaufungen</cmt>
		<desc>Klinik Kaufungen</desc>
		<src>HessenForst</src>
	</wpt>
	<wpt lat="51.211550778520674" lon="9.0085019453286961">
		<name>KB-232</name>
		<cmt>Tankstelle Nieder-Werbe</cmt>
		<desc>Tankstelle Nieder-Werbe</desc>
		<src>HessenForst</src>
	</wpt>
	<wpt lat="51.212454594499874" lon="8.8754190521713898">
		<name>KB-503</name>
		<cmt>Höchster Punkt zwischen Immighausen und Thalitter</cmt>
		<desc>Höchster Punkt zwischen Immighausen und Thalitter</desc>
		<src>HessenForst</src>
	</wpt>
	<wpt lat="50.42221069309138" lon="8.9418553317078224">
		<name>FB-38</name>
		<cmt>Waldrand</cmt>
		<desc>Waldrand</desc>
		<src>HessenForst</src>
	</wpt>
	<wpt lat="50.269033849364526" lon="8.1753071923227267">
		<name>RÜD-170</name>
		<cmt>Sportplatz Bechtheim</cmt>
		<desc>Sportplatz Bechtheim</desc>
		<src>HessenForst</src>
	</wpt>
	<wpt lat="50.675792891088761" lon="8.8145105703448472">
		<name>GI-245</name>
		<cmt>Allendorf</cmt>
		<desc>Allendorf</desc>
		<src>HessenForst</src>
	</wpt>
	<wpt lat="51.263647878138471" lon="10.005088080793749">
		<name>ESW-220</name>
		<cmt>Schloßgärtnerei</cmt>
		<desc>Schloßgärtnerei</desc>
		<src>HessenForst</src>
	</wpt>
	<wpt lat="50.626794081799375" lon="9.1064517394037132">
		<name>VB-52</name>
		<cmt>Rupper.- O.-Ohmen Parkplatz</cmt>
		<desc>Rupper.- O.-Ohmen Parkplatz</desc>
		<src>HessenForst</src>
	</wpt>
	<wpt lat="50.368628946892109" lon="8.7310541769379508">
		<name>FB-15</name>
		<cmt>Skulpturenpark</cmt>
		<desc>Skulpturenpark</desc>
		<src>HessenForst</src>
	</wpt>
	<wpt lat="51.497366356554636" lon="9.5047049486270065">
		<name>KS-128</name>
		<cmt>Forsthaus Waldhaus</cmt>
		<desc>Forsthaus Waldhaus</desc>
		<src>HessenForst</src>
	</wpt>
	<wpt lat="50.415052537841824" lon="9.0919283098956623">
		<name>FB-75</name>
		<cmt>Sportplatz Ober Lais</cmt>
		<desc>Sportplatz Ober Lais</desc>
		<src>HessenForst</src>
	</wpt>
	<wpt lat="50.349529692132592" lon="8.9996094911337465">
		<name>FB-106</name>
		<cmt>Notrufsäule</cmt>
		<desc>Notrufsäule</desc>
		<src>HessenForst</src>
	</wpt>
	<wpt lat="51.34317322285186" lon="9.8289853188611627">
		<name>ESW-124</name>
		<cmt>Waldeinfahrt am westl. Ortsausgang Witzenhausen</cmt>
		<desc>Waldeinfahrt am westl. Ortsausgang Witzenhausen</desc>
		<src>HessenForst</src>
	</wpt>
	<wpt lat="51.115484183945917" lon="9.9785203532244076">
		<name>ESW-412</name>
		<cmt>Otterbrücke B 27 / B 7 Pendlerparkplatz</cmt>
		<desc>Otterbrücke B 27 / B 7 Pendlerparkplatz</desc>
		<src>HessenForst</src>
	</wpt>
	<wpt lat="50.169110787061804" lon="7.8911362114924595">
		<name>RÜD-130</name>
		<cmt>Firma Schreiber</cmt>
		<desc>Firma Schreiber</desc>
		<src>HessenForst</src>
	</wpt>
	<wpt lat="50.251138183953302" lon="8.0586992800789563">
		<name>RÜD-105</name>
		<cmt>Ortsmitte Hausen über Aar</cmt>
		<desc>Ortsmitte Hausen über Aar</desc>
		<src>HessenForst</src>
	</wpt>
	<wpt lat="50.113896230369136" lon="8.0593621665242221">
		<name>RÜD-387</name>
		<cmt>P Eiserne Hand</cmt>
		<desc>P Eiserne Hand</desc>
		<src>HessenForst</src>
	</wpt>
	<wpt lat="51.174008816240971" lon="8.7923676200370835">
		<name>KB-508</name>
		<cmt>Einfahrt zur Gärtnerei und Altenheim</cmt>
		<desc>Einfahrt zur Gärtnerei und Altenheim</desc>
		<src>HessenForst</src>
	</wpt>
	<wpt lat="50.098910582696924" lon="7.9102754174573651">
		<name>RÜD-345</name>
		<cmt>Laukenmühle</cmt>
		<desc>Laukenmühle</desc>
		<src>HessenForst</src>
	</wpt>
	<wpt lat="51.600706038599611" lon="9.5384137008594347">
		<name>KS-17</name>
		<cmt>Parkplatz Mühlenplatz</cmt>
		<desc>Parkplatz Mühlenplatz</desc>
		<src>HessenForst</src>
	</wpt>
	<wpt lat="51.373449774869265" lon="9.7633116430389393">
		<name>ESW-160</name>
		<cmt>Ortseingang Ziegenhagen</cmt>
		<desc>Ortseingang Ziegenhagen</desc>
		<src>HessenForst</src>
	</wpt>
	<wpt lat="50.984328962294555" lon="9.5957763516615096">
		<name>HEF-35</name>
		<cmt>Tonkaute</cmt>
		<desc>Tonkaute</desc>
		<src>HessenForst</src>
	</wpt>
	<wpt lat="50.657961405996552" lon="9.7247543381566359">
		<name>FD-51</name>
		<cmt>Einfahrt Praforst</cmt>
		<desc>Einfahrt Praforst</desc>
		<src>HessenForst</src>
	</wpt>
	<wpt lat="51.14124461605536" lon="8.9261701568455418">
		<name>KB-405</name>
		<cmt>Fahrentriesch</cmt>
		<desc>Fahrentriesch</desc>
		<src>HessenForst</src>
	</wpt>
	<wpt lat="51.471614436143014" lon="9.6347254994153779">
		<name>KS-207</name>
		<cmt>Sonderkopfstrasse</cmt>
		<desc>Sonderkopfstrasse</desc>
		<src>HessenForst</src>
	</wpt>
	<wpt lat="51.231647397930331" lon="9.81819253124368">
		<name>ESW-158</name>
		<cmt>Laudenbach, K 42 Abzweig Triftweg</cmt>
		<desc>Laudenbach, K 42 Abzweig Triftweg</desc>
		<src>HessenForst</src>
	</wpt>
	<wpt lat="50.992061282180345" lon="9.4505353189004975">
		<name>HR-831</name>
		<cmt>Hotel Tann-Eck (Parkplatz)</cmt>
		<desc>Hotel Tann-Eck (Parkplatz)</desc>
		<src>HessenForst</src>
	</wpt>
	<wpt lat="51.162414882587903" lon="9.0326996181001533">
		<name>KB-420</name>
		<cmt>Oberbecken der Preußen Elektra</cmt>
		<desc>Oberbecken der Preußen Elektra</desc>
		<src>HessenForst</src>
	</wpt>
	<wpt lat="51.147509051031115" lon="9.6159341976974009">
		<name>HR-150</name>
		<cmt>Straßenabzweig nach Kehrenbach</cmt>
		<desc>Straßenabzweig nach Kehrenbach</desc>
		<src>HessenForst</src>
	</wpt>
	<wpt lat="51.321094409179871" lon="9.9049272618497817">
		<name>ESW-136</name>
		<cmt>Parkplatz "Ludwingstein" an der L 3464</cmt>
		<desc>Parkplatz "Ludwingstein" an der L 3464</desc>
		<src>HessenForst</src>
	</wpt>
	<wpt lat="50.410994255219357" lon="9.0705642479103386">
		<name>FB-76</name>
		<cmt>Sportplatz Fauerbach</cmt>
		<desc>Sportplatz Fauerbach</desc>
		<src>HessenForst</src>
	</wpt>
	<wpt lat="50.683704666922829" lon="8.6806347738032859">
		<name>GI-225</name>
		<cmt>Revierförsterei</cmt>
		<desc>Revierförsterei</desc>
		<src>HessenForst</src>
	</wpt>
	<wpt lat="50.473140586048935" lon="8.9446648395402999">
		<name>GI-116</name>
		<cmt>Sportplatz  Langd</cmt>
		<desc>Sportplatz  Langd</desc>
		<src>HessenForst</src>
	</wpt>
	<wpt lat="51.122102647028335" lon="8.7906838692715468">
		<name>KB-520</name>
		<cmt>Sachsenberg, Ortsausgang Richtung Schreufa</cmt>
		<desc>Sachsenberg, Ortsausgang Richtung Schreufa</desc>
		<src>HessenForst</src>
	</wpt>
	<wpt lat="50.017208553470724" lon="7.9668461366627961">
		<name>RÜD-362</name>
		<cmt>Haus Neugebauer</cmt>
		<desc>Haus Neugebauer</desc>
		<src>HessenForst</src>
	</wpt>
	<wpt lat="50.634952347446763" lon="9.7734891801856136">
		<name>FD-54</name>
		<cmt>Forsthaus Dammersbach</cmt>
		<desc>Forsthaus Dammersbach</desc>
		<src>HessenForst</src>
	</wpt>
	<wpt lat="50.314202873253215" lon="8.9666419173207412">
		<name>FB-55</name>
		<cmt>Waldrand</cmt>
		<desc>Waldrand</desc>
		<src>HessenForst</src>
	</wpt>
	<wpt lat="50.404084405909742" lon="8.9108944382614457">
		<name>FB-34</name>
		<cmt>bei A 45</cmt>
		<desc>bei A 45</desc>
		<src>HessenForst</src>
	</wpt>
	<wpt lat="50.341704499985561" lon="8.9634636972034922">
		<name>FB-85</name>
		<cmt>Bürgerhaus O.-Mockstadt</cmt>
		<desc>Bürgerhaus O.-Mockstadt</desc>
		<src>HessenForst</src>
	</wpt>
	<wpt lat="50.408785267914773" lon="9.0130089962655848">
		<name>FB-80</name>
		<cmt>Parkplatz Friedhof Nidda</cmt>
		<desc>Parkplatz Friedhof Nidda</desc>
		<src>HessenForst</src>
	</wpt>
	<wpt lat="50.767524609337897" lon="9.619446736048058">
		<name>HEF-344</name>
		<cmt>Kreuzung L 3471 / K 25</cmt>
		<desc>Kreuzung L 3471 / K 25</desc>
		<src>HessenForst</src>
	</wpt>
	<wpt lat="50.417833862030662" lon="8.7666451824712599">
		<name>FB-7</name>
		<cmt>Parkplatz Lange Schneise</cmt>
		<desc>Parkplatz Lange Schneise</desc>
		<src>HessenForst</src>
	</wpt>
	<wpt lat="51.347937387525036" lon="8.8565644938243828">
		<name>KB-116</name>
		<cmt>Waldkante Bünighausen/ Langenberg</cmt>
		<desc>Waldkante Bünighausen/ Langenberg</desc>
		<src>HessenForst</src>
	</wpt>
	<wpt lat="51.227819607415917" lon="9.7491475672087979">
		<name>ESW-156</name>
		<cmt>Panzerecke, 250 m nördl. vom Ortsschild</cmt>
		<desc>Panzerecke, 250 m nördl. vom Ortsschild</desc>
		<src>HessenForst</src>
	</wpt>
	<wpt lat="51.165532553827759" lon="9.7156478898718639">
		<name>ESW-18</name>
		<cmt>Walbachsmühle</cmt>
		<desc>Walbachsmühle</desc>
		<src>HessenForst</src>
	</wpt>
	<wpt lat="50.582108157888371" lon="9.2647961959740375">
		<name>VB-41</name>
		<cmt>Parkplatz Discothek Engelrod</cmt>
		<desc>Parkplatz Discothek Engelrod</desc>
		<src>HessenForst</src>
	</wpt>
	<wpt lat="50.292929199725499" lon="9.0322139962980472">
		<name>FB-110</name>
		<cmt>Ortsausgang Düdelsheim</cmt>
		<desc>Ortsausgang Düdelsheim</desc>
		<src>HessenForst</src>
	</wpt>
	<wpt lat="50.098127816251008" lon="8.0639346179885685">
		<name>RÜD-391</name>
		<cmt>Dreispitz</cmt>
		<desc>Dreispitz</desc>
		<src>HessenForst</src>
	</wpt>
	<wpt lat="51.162175400749661" lon="9.2519025824809162">
		<name>HR-21</name>
		<cmt>Hadamar Sportplatz</cmt>
		<desc>Hadamar Sportplatz</desc>
		<src>HessenForst</src>
	</wpt>
	<wpt lat="50.197616566187747" lon="8.0543753093827846">
		<name>RÜD-164</name>
		<cmt>Abzweig Unterdorf</cmt>
		<desc>Abzweig Unterdorf</desc>
		<src>HessenForst</src>
	</wpt>
	<wpt lat="51.003342409122155" lon="9.7442942017060492">
		<name>HEF-24</name>
		<cmt>Waldschwimmbad Rotenburg</cmt>
		<desc>Waldschwimmbad Rotenburg</desc>
		<src>HessenForst</src>
	</wpt>
	<wpt lat="51.340436191056853" lon="9.8248378424848255">
		<name>ESW-123</name>
		<cmt>Wasserhäuschen am "Rodeberg"</cmt>
		<desc>Wasserhäuschen am "Rodeberg"</desc>
		<src>HessenForst</src>
	</wpt>
	<wpt lat="51.185017203541577" lon="9.011435622590346">
		<name>KB-239</name>
		<cmt>Ortseingang Scheid</cmt>
		<desc>Ortseingang Scheid</desc>
		<src>HessenForst</src>
	</wpt>
	<wpt lat="50.455576897588386" lon="9.4194129625661258">
		<name>VB-5</name>
		<cmt>Reichl.Teich, Damm weg</cmt>
		<desc>Reichl.Teich, Damm weg</desc>
		<src>HessenForst</src>
	</wpt>
	<wpt lat="50.739073748027124" lon="9.1744466302019667">
		<name>VB-133</name>
		<cmt>Waldeingang</cmt>
		<desc>Waldeingang</desc>
		<src>HessenForst</src>
	</wpt>
	<wpt lat="50.44778801309765" lon="8.3468653357614215">
		<name>LM-202</name>
		<cmt>Aussiedlerhöfe Ernsthausen</cmt>
		<desc>Aussiedlerhöfe Ernsthausen</desc>
		<src>HessenForst</src>
	</wpt>
	<wpt lat="51.074420080928235" lon="8.8340635595485679">
		<name>KB-551</name>
		<cmt>Einfahrt zur Kompostierungsanlage</cmt>
		<desc>Einfahrt zur Kompostierungsanlage</desc>
		<src>HessenForst</src>
	</wpt>
	<wpt lat="50.785215932411255" lon="8.7805847079684973">
		<name>MR-426</name>
		<cmt>PP an der Kreuzung Sonnenblickallee/Beltershäuser Straße (L 3289 / L 3125)</cmt>
		<desc>PP an der Kreuzung Sonnenblickallee/Beltershäuser Straße (L 3289 / L 3125)</desc>
		<src>HessenForst</src>
	</wpt>
	<wpt lat="50.324547423129459" lon="9.3519347075924664">
		<name>MKK-1000</name>
		<cmt>Katholisch-Willenroth</cmt>
		<desc>Katholisch-Willenroth</desc>
		<src>HessenForst</src>
	</wpt>
	<wpt lat="50.179054236689019" lon="7.9611027272927837">
		<name>RÜD-115</name>
		<cmt>Abfahrt Langschied</cmt>
		<desc>Abfahrt Langschied</desc>
		<src>HessenForst</src>
	</wpt>
	<wpt lat="50.257926425587527" lon="8.1257253603317636">
		<name>RÜD-102</name>
		<cmt>Sportplätze Panrod</cmt>
		<desc>Sportplätze Panrod</desc>
		<src>HessenForst</src>
	</wpt>
	<wpt lat="50.265866580167469" lon="8.6466303082718774">
		<name>HG-152</name>
		<cmt>Spießwald, wo an der B 455 die Leitplanke ist</cmt>
		<desc>Spießwald, wo an der B 455 die Leitplanke ist</desc>
		<src>HessenForst</src>
	</wpt>
	<wpt lat="50.178458605903245" lon="8.0690411700375062">
		<name>RÜD-161</name>
		<cmt>Gasthaus Felsentor</cmt>
		<desc>Gasthaus Felsentor</desc>
		<src>HessenForst</src>
	</wpt>
	<wpt lat="51.111874229917817" lon="8.9055754425678302">
		<name>KB-408</name>
		<cmt>Mengershof</cmt>
		<desc>Mengershof</desc>
		<src>HessenForst</src>
	</wpt>
	<wpt lat="50.672735931402691" lon="9.1117594050325739">
		<name>VB-76</name>
		<cmt>Ermenr.-Hainbach Waldrand</cmt>
		<desc>Ermenr.-Hainbach Waldrand</desc>
		<src>HessenForst</src>
	</wpt>
	<wpt lat="50.101496639289728" lon="7.8472676484591091">
		<name>RÜD-353</name>
		<cmt>Kaufhaus Arz</cmt>
		<desc>Kaufhaus Arz</desc>
		<src>HessenForst</src>
	</wpt>
	<wpt lat="51.080712777835025" lon="9.3767859913150797">
		<name>HR-35</name>
		<cmt>Friedhof Unshausen</cmt>
		<desc>Friedhof Unshausen</desc>
		<src>HessenForst</src>
	</wpt>
	<wpt lat="50.553568582954377" lon="9.2016104454205312">
		<name>VB-42</name>
		<cmt>Poppenstr.-Feldr. 250 m rechts</cmt>
		<desc>Poppenstr.-Feldr. 250 m rechts</desc>
		<src>HessenForst</src>
	</wpt>
	<wpt lat="50.726346086750688" lon="8.3940305666822947">
		<name>LDK-337</name>
		<cmt>Bicken -&amp;gt; Eisemroth, Abzweigung Oberscheld</cmt>
		<desc>Bicken -&amp;gt; Eisemroth, Abzweigung Oberscheld</desc>
		<src>HessenForst</src>
	</wpt>
	<wpt lat="50.416784672440762" lon="9.4199105137553794">
		<name>VB-2</name>
		<cmt>Holzmühl Ortseingang links</cmt>
		<desc>Holzmühl Ortseingang links</desc>
		<src>HessenForst</src>
	</wpt>
	<wpt lat="51.273004916339119" lon="10.018364591788593">
		<name>ESW-218</name>
		<cmt>Scheune am Kirchlage</cmt>
		<desc>Scheune am Kirchlage</desc>
		<src>HessenForst</src>
	</wpt>
	<wpt lat="51.071497452599402" lon="8.8030827399471629">
		<name>KB-550</name>
		<cmt>Abzweig von L 3076 (Finsterbachweg) in Höhe Scheune</cmt>
		<desc>Abzweig von L 3076 (Finsterbachweg) in Höhe Scheune</desc>
		<src>HessenForst</src>
	</wpt>
	<wpt lat="51.166576425588936" lon="9.7227163052320797">
		<name>ESW-19</name>
		<cmt>Waldeingang von Retterode</cmt>
		<desc>Waldeingang von Retterode</desc>
		<src>HessenForst</src>
	</wpt>
	<wpt lat="50.235486765285621" lon="8.1959899992384013">
		<name>RÜD-174</name>
		<cmt>Parkplatz Eisersbach</cmt>
		<desc>Parkplatz Eisersbach</desc>
		<src>HessenForst</src>
	</wpt>
	<wpt lat="49.673114127971843" lon="8.9237426864271825">
		<name>ERB-9</name>
		<cmt>Parkplatz Brauerei Schmucker</cmt>
		<desc>Parkplatz Brauerei Schmucker</desc>
		<src>HessenForst</src>
	</wpt>
	<wpt lat="50.92093604312236" lon="8.6239630736668271">
		<name>MR-11</name>
		<cmt>Landstraße Treisbach nach Engelbach - Bachbrücke</cmt>
		<desc>Landstraße Treisbach nach Engelbach - Bachbrücke</desc>
		<src>HessenForst</src>
	</wpt>
	<wpt lat="50.683164881464997" lon="9.5533249023345395">
		<name>VB-310</name>
		<cmt>Hohmannsgrund</cmt>
		<desc>Hohmannsgrund</desc>
		<src>HessenForst</src>
	</wpt>
	<wpt lat="49.763248036943374" lon="8.8051107715966754">
		<name>DA-170</name>
		<cmt>Abzweig Messbach</cmt>
		<desc>Abzweig Messbach</desc>
		<src>HessenForst</src>
	</wpt>
	<wpt lat="51.040764584428082" lon="8.8589238096918557">
		<name>KB-558</name>
		<cmt>Sportplatz in Friedrichshausen</cmt>
		<desc>Sportplatz in Friedrichshausen</desc>
		<src>HessenForst</src>
	</wpt>
	<wpt lat="50.632756938304027" lon="8.8274915495519028">
		<name>GI-243</name>
		<cmt>Burghain</cmt>
		<desc>Burghain</desc>
		<src>HessenForst</src>
	</wpt>
	<wpt lat="50.327949969138402" lon="9.7263322194508124">
		<name>MKK-94</name>
		<cmt>Eichhölzchen</cmt>
		<desc>Eichhölzchen</desc>
		<src>HessenForst</src>
	</wpt>
	<wpt lat="50.114434913365173" lon="8.2101187360393855">
		<name>WI-49</name>
		<cmt>Parkplatz Rabengrund</cmt>
		<desc>Parkplatz Rabengrund</desc>
		<src>HessenForst</src>
	</wpt>
	<wpt lat="50.282541923407095" lon="8.9158996584851682">
		<name>FB-47</name>
		<cmt>Kloster Engelthal</cmt>
		<desc>Kloster Engelthal</desc>
		<src>HessenForst</src>
	</wpt>
	<wpt lat="51.182757953839939" lon="9.9192738022615892">
		<name>ESW-245</name>
		<cmt>Reithalle</cmt>
		<desc>Reithalle</desc>
		<src>HessenForst</src>
	</wpt>
	<wpt lat="51.076883330103861" lon="8.6852015024089475">
		<name>KB-545</name>
		<cmt>KreuzungL 3073 und Forstweg "Ringweg"</cmt>
		<desc>KreuzungL 3073 und Forstweg "Ringweg"</desc>
		<src>HessenForst</src>
	</wpt>
	<wpt lat="50.423003211530201" lon="9.0750034613118693">
		<name>FB-77</name>
		<cmt>Waldeingang</cmt>
		<desc>Waldeingang</desc>
		<src>HessenForst</src>
	</wpt>
	<wpt lat="51.120695325830113" lon="8.8420828086826582">
		<name>KB-525</name>
		<cmt>Hof Treisbach, Feldscheune</cmt>
		<desc>Hof Treisbach, Feldscheune</desc>
		<src>HessenForst</src>
	</wpt>
	<wpt lat="50.325941626473693" lon="9.123130380827698">
		<name>FB-139</name>
		<cmt>Abzweigung Dudenrod / Christinenhof</cmt>
		<desc>Abzweigung Dudenrod / Christinenhof</desc>
		<src>HessenForst</src>
	</wpt>
	<wpt lat="50.424439933018945" lon="9.9365524965780079">
		<name>FD-613</name>
		<cmt>Parkplatz Skiclub Fulda ( nähe Schwedenschanze )</cmt>
		<desc>Parkplatz Skiclub Fulda ( nähe Schwedenschanze )</desc>
		<src>HessenForst</src>
	</wpt>
	<wpt lat="51.348250688982347" lon="9.8818197559928631">
		<name>ESW-142</name>
		<cmt>Abzweigung Feldweg gegenüber Einmündung K 66 nach Unterrieden</cmt>
		<desc>Abzweigung Feldweg gegenüber Einmündung K 66 nach Unterrieden</desc>
		<src>HessenForst</src>
	</wpt>
	<wpt lat="50.936092402170495" lon="9.9312047364858103">
		<name>HEF-127</name>
		<cmt>Hönebach</cmt>
		<desc>Hönebach</desc>
		<src>HessenForst</src>
	</wpt>
	<wpt lat="50.005432993611869" lon="7.9389911516016216">
		<name>RÜD-335</name>
		<cmt>P Antoniuskapelle</cmt>
		<desc>P Antoniuskapelle</desc>
		<src>HessenForst</src>
	</wpt>
	<wpt lat="50.833747082754591" lon="8.8567513200471257">
		<name>MR-310</name>
		<cmt>Ortseingang Schönbach aus Richtung Anzefahr</cmt>
		<desc>Ortseingang Schönbach aus Richtung Anzefahr</desc>
		<src>HessenForst</src>
	</wpt>
	<wpt lat="50.593491566517059" lon="8.917309022605437">
		<name>GI-105</name>
		<cmt>Sportplatz Göbelnrod</cmt>
		<desc>Sportplatz Göbelnrod</desc>
		<src>HessenForst</src>
	</wpt>
	<wpt lat="51.165245226688619" lon="8.8045700120927997">
		<name>KB-509</name>
		<cmt>Abfahrt zu Wippolt und Steinhardt</cmt>
		<desc>Abfahrt zu Wippolt und Steinhardt</desc>
		<src>HessenForst</src>
	</wpt>
	<wpt lat="50.364257006065813" lon="8.3161673922977712">
		<name>LM-230</name>
		<cmt>Kindergarten Haintchen Laubusweg</cmt>
		<desc>Kindergarten Haintchen Laubusweg</desc>
		<src>HessenForst</src>
	</wpt>
	<wpt lat="51.041763084264716" lon="9.4504812287602533">
		<name>HR-824</name>
		<cmt>Aussiedlerhof Krug/ Mörshausen</cmt>
		<desc>Aussiedlerhof Krug/ Mörshausen</desc>
		<src>HessenForst</src>
	</wpt>
	<wpt lat="50.999238664142929" lon="9.8611796583381182">
		<name>HEF-30</name>
		<cmt>Imshausen</cmt>
		<desc>Imshausen</desc>
		<src>HessenForst</src>
	</wpt>
	<wpt lat="51.334631839311541" lon="9.8649661017864823">
		<name>ESW-139</name>
		<cmt>Abzweigung zu EAM am östl. Ortsausgang Witzenhausen</cmt>
		<desc>Abzweigung zu EAM am östl. Ortsausgang Witzenhausen</desc>
		<src>HessenForst</src>
	</wpt>
	<wpt lat="50.497697770366742" lon="9.1389230611757011">
		<name>VB-26</name>
		<cmt>Schott.-Eschenr. P Schützenhaus</cmt>
		<desc>Schott.-Eschenr. P Schützenhaus</desc>
		<src>HessenForst</src>
	</wpt>
	<wpt lat="51.258338217434812" lon="9.9889242007124146">
		<name>ESW-216</name>
		<cmt>Lückershof</cmt>
		<desc>Lückershof</desc>
		<src>HessenForst</src>
	</wpt>
	<wpt lat="51.331365086655111" lon="9.5818127746394701">
		<name>KS-401</name>
		<cmt>Parkplatz Zollhaus</cmt>
		<desc>Parkplatz Zollhaus</desc>
		<src>HessenForst</src>
	</wpt>
	<wpt lat="50.619052274496902" lon="9.7894623734537962">
		<name>FD-55</name>
		<cmt>Dammersbach alter Sportplatz</cmt>
		<desc>Dammersbach alter Sportplatz</desc>
		<src>HessenForst</src>
	</wpt>
	<wpt lat="51.005737560569528" lon="9.9337040380762129">
		<name>HEF-108</name>
		<cmt>Zwetschengarten</cmt>
		<desc>Zwetschengarten</desc>
		<src>HessenForst</src>
	</wpt>
	<wpt lat="50.636073235043121" lon="8.5660536073780804">
		<name>GI-204</name>
		<cmt>Obermühle</cmt>
		<desc>Obermühle</desc>
		<src>HessenForst</src>
	</wpt>
	<wpt lat="49.749245609544168" lon="8.7869575615849911">
		<name>DA-157</name>
		<cmt>Ortseingang Steinau</cmt>
		<desc>Ortseingang Steinau</desc>
		<src>HessenForst</src>
	</wpt>
	<wpt lat="51.506468530282596" lon="9.4864000362206742">
		<name>KS-127</name>
		<cmt>Lempetal</cmt>
		<desc>Lempetal</desc>
		<src>HessenForst</src>
	</wpt>
	<wpt lat="50.384349765911637" lon="9.0775461331369645">
		<name>FB-90</name>
		<cmt>Einfahrt Hohe Straße</cmt>
		<desc>Einfahrt Hohe Straße</desc>
		<src>HessenForst</src>
	</wpt>
	<wpt lat="50.207662323362769" lon="8.3444551972490402">
		<name>RÜD-255</name>
		<cmt>n.1500m Parkplatz Moor</cmt>
		<desc>n.1500m Parkplatz Moor</desc>
		<src>HessenForst</src>
	</wpt>
	<wpt lat="50.328191592701138" lon="9.212090968527173">
		<name>FB-132</name>
		<cmt>1,5 m hoher hist. Grenzstein auf dem höchsten Punkt</cmt>
		<desc>1,5 m hoher hist. Grenzstein auf dem höchsten Punkt</desc>
		<src>HessenForst</src>
	</wpt>
	<wpt lat="51.388606783590149" lon="9.9078183736253713">
		<name>ESW-148</name>
		<cmt>Abzweigung "Zum Krieferkopf" am nördl.Ortsausgang Hebenhausen</cmt>
		<desc>Abzweigung "Zum Krieferkopf" am nördl.Ortsausgang Hebenhausen</desc>
		<src>HessenForst</src>
	</wpt>
	<wpt lat="51.406149699122054" lon="9.8597697835154676">
		<name>ESW-151</name>
		<cmt>Abzweigung Feldweg zum "Hohes Rod" nördl. Ortsausgang Hermannrode</cmt>
		<desc>Abzweigung Feldweg zum "Hohes Rod" nördl. Ortsausgang Hermannrode</desc>
		<src>HessenForst</src>
	</wpt>
	<wpt lat="51.308616702531211" lon="9.8064179762804304">
		<name>ESW-117</name>
		<cmt>Abzweigung Wassertretstelle</cmt>
		<desc>Abzweigung Wassertretstelle</desc>
		<src>HessenForst</src>
	</wpt>
	<wpt lat="50.741687478939674" lon="8.3158837048116538">
		<name>LDK-391</name>
		<cmt>Dillenburg -&amp;gt; Eibach, Abzweig vor Eibach nach Niederscheld</cmt>
		<desc>Dillenburg -&amp;gt; Eibach, Abzweig vor Eibach nach Niederscheld</desc>
		<src>HessenForst</src>
	</wpt>
	<wpt lat="50.743663357359829" lon="9.1021111117369511">
		<name>VB-116</name>
		<cmt>Homberger Teiche</cmt>
		<desc>Homberger Teiche</desc>
		<src>HessenForst</src>
	</wpt>
	<wpt lat="51.091328057483274" lon="9.9388204687275401">
		<name>ESW-417</name>
		<cmt>Gut Wellingerode</cmt>
		<desc>Gut Wellingerode</desc>
		<src>HessenForst</src>
	</wpt>
	<wpt lat="51.188967934120221" lon="9.8884418420513125">
		<name>ESW-244</name>
		<cmt>Lausebuche</cmt>
		<desc>Lausebuche</desc>
		<src>HessenForst</src>
	</wpt>
	<wpt lat="51.022711792616015" lon="9.465735557810099">
		<name>HR-823</name>
		<cmt>"Wege-Stern"</cmt>
		<desc>"Wege-Stern"</desc>
		<src>HessenForst</src>
	</wpt>
	<wpt lat="51.239375953595072" lon="9.9957673624513959">
		<name>ESW-223</name>
		<cmt>Vor dem Hahnrod (Waldeingang Dünau)</cmt>
		<desc>Vor dem Hahnrod (Waldeingang Dünau)</desc>
		<src>HessenForst</src>
	</wpt>
	<wpt lat="50.522303094026761" lon="9.1745446409154692">
		<name>VB-32</name>
		<cmt>Dorfmitte Rudingsh.</cmt>
		<desc>Dorfmitte Rudingsh.</desc>
		<src>HessenForst</src>
	</wpt>
	<wpt lat="51.240682414176845" lon="9.7760133880846851">
		<name>ESW-155</name>
		<cmt>Zeche Hirschberg, Einfahrt Verwaltung</cmt>
		<desc>Zeche Hirschberg, Einfahrt Verwaltung</desc>
		<src>HessenForst</src>
	</wpt>
	<wpt lat="50.884629746051232" lon="10.010458621226805">
		<name>HEF-137</name>
		<cmt>Hallenbad Heringen</cmt>
		<desc>Hallenbad Heringen</desc>
		<src>HessenForst</src>
	</wpt>
	<wpt lat="50.14222539508026" lon="7.944846589933146">
		<name>RÜD-131</name>
		<cmt>Abzweig Hilgenroth</cmt>
		<desc>Abzweig Hilgenroth</desc>
		<src>HessenForst</src>
	</wpt>
	<wpt lat="50.094648019213949" lon="8.0079598966671792">
		<name>RÜD-383</name>
		<cmt>P Kellerweg</cmt>
		<desc>P Kellerweg</desc>
		<src>HessenForst</src>
	</wpt>
	<wpt lat="50.42743245307885" lon="8.9226729919854364">
		<name>FB-40</name>
		<cmt>Waldrand</cmt>
		<desc>Waldrand</desc>
		<src>HessenForst</src>
	</wpt>
	<wpt lat="51.11720943089712" lon="8.8311854611656084">
		<name>KB-524</name>
		<cmt>Waldeingang an K 92</cmt>
		<desc>Waldeingang an K 92</desc>
		<src>HessenForst</src>
	</wpt>
	<wpt lat="50.233711249422349" lon="8.0583145563365264">
		<name>RÜD-104</name>
		<cmt>Abzweig Breithardt</cmt>
		<desc>Abzweig Breithardt</desc>
		<src>HessenForst</src>
	</wpt>
	<wpt lat="51.283606477805272" lon="9.6758821585012669">
		<name>ESW-96</name>
		<cmt>Potsdamer Platz</cmt>
		<desc>Potsdamer Platz</desc>
		<src>HessenForst</src>
	</wpt>
	<wpt lat="50.202327449760887" lon="8.1192645931869958">
		<name>RÜD-158</name>
		<cmt>Kreuzung Eisenstraße</cmt>
		<desc>Kreuzung Eisenstraße</desc>
		<src>HessenForst</src>
	</wpt>
	<wpt lat="50.57406397966345" lon="9.1959072100381292">
		<name>VB-48</name>
		<cmt>Ortseingang Ulrichstein</cmt>
		<desc>Ortseingang Ulrichstein</desc>
		<src>HessenForst</src>
	</wpt>
	<wpt lat="50.757046894028989" lon="9.5909252515578221">
		<name>VB-300</name>
		<cmt>Großparkplatz Richthof</cmt>
		<desc>Großparkplatz Richthof</desc>
		<src>HessenForst</src>
	</wpt>
	<wpt lat="50.373234464266289" lon="9.2162718283266631">
		<name>FB-120</name>
		<cmt>Links Feldweg</cmt>
		<desc>Links Feldweg</desc>
		<src>HessenForst</src>
	</wpt>
	<wpt lat="51.125425906033904" lon="10.111348049838197">
		<name>ESW-350</name>
		<cmt>Westl. Ortseingang Weißenborn</cmt>
		<desc>Westl. Ortseingang Weißenborn</desc>
		<src>HessenForst</src>
	</wpt>
	<wpt lat="50.43895758977262" lon="9.4191724557529479">
		<name>VB-4</name>
		<cmt>Frst.-Weidenau 1300m li.</cmt>
		<desc>Frst.-Weidenau 1300m li.</desc>
		<src>HessenForst</src>
	</wpt>
	<wpt lat="50.81934372029216" lon="9.6696913673079123">
		<name>HEF-330</name>
		<cmt>Kreuzung Rosbach</cmt>
		<desc>Kreuzung Rosbach</desc>
		<src>HessenForst</src>
	</wpt>
	<wpt lat="51.248348562202025" lon="9.8908495851898994">
		<name>ESW-230</name>
		<cmt>Parkplatz am Waldrand, Abt. 1413</cmt>
		<desc>Parkplatz am Waldrand, Abt. 1413</desc>
		<src>HessenForst</src>
	</wpt>
	<wpt lat="50.137822289423227" lon="8.1283702550639791">
		<name>RÜD-207</name>
		<cmt>Kläranlage Bleidenstadt</cmt>
		<desc>Kläranlage Bleidenstadt</desc>
		<src>HessenForst</src>
	</wpt>
	<wpt lat="51.175058935417169" lon="8.8911543874266847">
		<name>KB-402</name>
		<cmt>Camping Teichmann</cmt>
		<desc>Camping Teichmann</desc>
		<src>HessenForst</src>
	</wpt>
	<wpt lat="50.832081595907738" lon="8.5077581127033977">
		<name>MR-527</name>
		<cmt>Ehemaliges Camp Lachenwald (Waldkindergarten)</cmt>
		<desc>Ehemaliges Camp Lachenwald (Waldkindergarten)</desc>
		<src>HessenForst</src>
	</wpt>
	<wpt lat="49.779249345488914" lon="8.7845678450289544">
		<name>DA-171</name>
		<cmt>Granitwerk Hottes</cmt>
		<desc>Granitwerk Hottes</desc>
		<src>HessenForst</src>
	</wpt>
	<wpt lat="50.492191410843034" lon="9.7486194637928545">
		<name>FD-712</name>
		<cmt>Melters Grillhütte</cmt>
		<desc>Melters Grillhütte</desc>
		<src>HessenForst</src>
	</wpt>
	<wpt lat="50.441763745361008" lon="9.735267743214763">
		<name>FD-714</name>
		<cmt>Döllbach Weidig</cmt>
		<desc>Döllbach Weidig</desc>
		<src>HessenForst</src>
	</wpt>
	<wpt lat="50.421100002429846" lon="9.7281474112469102">
		<name>FD-715</name>
		<cmt>Michelsholz</cmt>
		<desc>Michelsholz</desc>
		<src>HessenForst</src>
	</wpt>
	<wpt lat="50.465875165834888" lon="9.6846983227656533">
		<name>FD-716</name>
		<cmt>Hattenhof Sportplatz</cmt>
		<desc>Hattenhof Sportplatz</desc>
		<src>HessenForst</src>
	</wpt>
	<wpt lat="50.574091326750001" lon="9.966002912688932">
		<name>FD-706</name>
		<cmt>Parkplatz Aumühle L3176</cmt>
		<desc>Parkplatz Aumühle L3176</desc>
		<src>HessenForst</src>
	</wpt>
	<wpt lat="50.598504672093696" lon="9.9283839537032463">
		<name>FD-707</name>
		<cmt>Hausarmen</cmt>
		<desc>Hausarmen</desc>
		<src>HessenForst</src>
	</wpt>
	<wpt lat="50.568087703764064" lon="9.9863762598932677">
		<name>FD-708</name>
		<cmt>Hilders/Winterberg</cmt>
		<desc>Hilders/Winterberg</desc>
		<src>HessenForst</src>
	</wpt>
	<wpt lat="50.617826389820273" lon="9.9693973041611308">
		<name>FD-709</name>
		<cmt>Tann/Schwarzenborn</cmt>
		<desc>Tann/Schwarzenborn</desc>
		<src>HessenForst</src>
	</wpt>
	<wpt lat="49.804175783272612" lon="8.9553460878781586">
		<name>DA-168</name>
		<cmt>Schloss Nauses</cmt>
		<desc>Schloss Nauses</desc>
		<src>HessenForst</src>
	</wpt>
	<wpt lat="49.971695798738232" lon="8.9874516710237433">
		<name>DA-315</name>
		<cmt>Mehrzweckhalle Harreshausen</cmt>
		<desc>Mehrzweckhalle Harreshausen</desc>
		<src>HessenForst</src>
	</wpt>
	<wpt lat="51.101048432619393" lon="8.600550895096065">
		<name>KB-703</name>
		<cmt>Skihütte Bromskirchen</cmt>
		<desc>Skihütte Bromskirchen</desc>
		<src>HessenForst</src>
	</wpt>
	<wpt lat="49.780735655313833" lon="8.9584061315740691">
		<name>ERB-199</name>
		<cmt>Ortsmitte - Annelsbach</cmt>
		<desc>Ortsmitte - Annelsbach</desc>
		<src>HessenForst</src>
	</wpt>
	<wpt lat="50.849494705100419" lon="9.2617302773710737">
		<name>HR-952</name>
		<cmt>Oberwald</cmt>
		<desc>Oberwald</desc>
		<src>HessenForst</src>
	</wpt>
	<wpt lat="50.25863469709347" lon="9.0773586036422831">
		<name>FB-146</name>
		<cmt>L 3193 Abfahrt Diebach a. Haag</cmt>
		<desc>L 3193 Abfahrt Diebach a. Haag</desc>
		<src>HessenForst</src>
	</wpt>
	<wpt lat="51.554429600966728" lon="9.5285044502126901">
		<name>KS-106</name>
		<cmt>Forsthaus Bensdorf</cmt>
		<desc>Forsthaus Bensdorf</desc>
		<src>HessenForst</src>
	</wpt>
	<wpt lat="50.450047313044116" lon="9.4466932709631735">
		<name>VB-72</name>
		<cmt>Ortsausgang Weidenau Ri. Reinhards</cmt>
		<desc>Ortsausgang Weidenau Ri. Reinhards</desc>
		<src>HessenForst</src>
	</wpt>
	<wpt lat="50.487335569090966" lon="9.408971973069427">
		<name>VB-79</name>
		<cmt>Metzlos - Metzlos_Gehaag links</cmt>
		<desc>Metzlos - Metzlos_Gehaag links</desc>
		<src>HessenForst</src>
	</wpt>
	<wpt lat="50.587344186334967" lon="9.1843366765620669">
		<name>VB-21</name>
		<cmt>Parkplatz Eckmannshain</cmt>
		<desc>Parkplatz Eckmannshain</desc>
		<src>HessenForst</src>
	</wpt>
	<wpt lat="50.576417158881689" lon="9.0835279927953749">
		<name>VB-85</name>
		<cmt>Sellnrod Grillhütte alter Sportplatz</cmt>
		<desc>Sellnrod Grillhütte alter Sportplatz</desc>
		<src>HessenForst</src>
	</wpt>
	<wpt lat="50.596261572096218" lon="9.072659932724271">
		<name>VB-84</name>
		<cmt>Groß-Eichen Sportplatz</cmt>
		<desc>Groß-Eichen Sportplatz</desc>
		<src>HessenForst</src>
	</wpt>
	<wpt lat="50.514000209772284" lon="9.3783377606223119">
		<name>VB-83</name>
		<cmt>Nösberts-Weidmoos Festplatz</cmt>
		<desc>Nösberts-Weidmoos Festplatz</desc>
		<src>HessenForst</src>
	</wpt>
	<wpt lat="50.235329637722778" lon="8.2477439738177196">
		<name>RÜD-274</name>
		<cmt>Getreidelager</cmt>
		<desc>Getreidelager</desc>
		<src>HessenForst</src>
	</wpt>
	<wpt lat="50.702741437374968" lon="9.5924486057904748">
		<name>VB-319</name>
		<cmt>Fuldaweg zwischen Sandlofs und Unter-Schwarz</cmt>
		<desc>Fuldaweg zwischen Sandlofs und Unter-Schwarz</desc>
		<src>HessenForst</src>
	</wpt>
	<wpt lat="51.069170177117321" lon="10.037282126924881">
		<name>ESW-67</name>
		<cmt>Südlich Grandenborn</cmt>
		<desc>Südlich Grandenborn</desc>
		<src>HessenForst</src>
	</wpt>
	<wpt lat="51.061020252803537" lon="10.064994406799554">
		<name>ESW-68</name>
		<cmt>Renda Steinbruch</cmt>
		<desc>Renda Steinbruch</desc>
		<src>HessenForst</src>
	</wpt>
	<wpt lat="50.501260217477522" lon="9.6662467876621587">
		<name>FD-710</name>
		<cmt>Löschenrodt ICE-Brücke</cmt>
		<desc>Löschenrodt ICE-Brücke</desc>
		<src>HessenForst</src>
	</wpt>
	<wpt lat="50.47727106204902" lon="9.6812012703006598">
		<name>FD-711</name>
		<cmt>Kerzeller Straße</cmt>
		<desc>Kerzeller Straße</desc>
		<src>HessenForst</src>
	</wpt>
	<wpt lat="50.728746350675024" lon="8.320286513170819">
		<name>LDK-390</name>
		<cmt>Niederscheld -&amp;gt;Niederscheld, Abzweig Eibach</cmt>
		<desc>Niederscheld -&amp;gt;Niederscheld, Abzweig Eibach</desc>
		<src>HessenForst</src>
	</wpt>
	<wpt lat="51.201459606415" lon="9.6336195838756371">
		<name>ESW-11</name>
		<cmt>Abfahrt Basaltwerk</cmt>
		<desc>Abfahrt Basaltwerk</desc>
		<src>HessenForst</src>
	</wpt>
	<wpt lat="50.237859145092337" lon="9.2751746655924929">
		<name>MKK-1026</name>
		<cmt>Zigeunereichen</cmt>
		<desc>Zigeunereichen</desc>
		<src>HessenForst</src>
	</wpt>
	<wpt lat="51.261424464151638" lon="9.9474948562288237">
		<name>ESW-210</name>
		<cmt>Forsthaus Halbe Mark</cmt>
		<desc>Forsthaus Halbe Mark</desc>
		<src>HessenForst</src>
	</wpt>
	<wpt lat="51.579093086762747" lon="9.4993085211697696">
		<name>KS-23</name>
		<cmt>Springbrunnen - Bushaltestelle Ortsmitte Gottsbüren</cmt>
		<desc>Springbrunnen - Bushaltestelle Ortsmitte Gottsbüren</desc>
		<src>HessenForst</src>
	</wpt>
	<wpt lat="50.934401485146459" lon="9.6777032085014465">
		<name>HEF-52</name>
		<cmt>Gerterode</cmt>
		<desc>Gerterode</desc>
		<src>HessenForst</src>
	</wpt>
	<wpt lat="50.751258608533377" lon="8.4286914538012283">
		<name>LDK-342</name>
		<cmt>Eisemroth -&amp;gt; Wallenfels, Höhe "Pauschenberger Mühlen"</cmt>
		<desc>Eisemroth -&amp;gt; Wallenfels, Höhe "Pauschenberger Mühlen"</desc>
		<src>HessenForst</src>
	</wpt>
	<wpt lat="50.540983699784192" lon="9.8754649051776759">
		<name>FD-724</name>
		<cmt>Jugendcampingplatz Kleinsassen</cmt>
		<desc>Jugendcampingplatz Kleinsassen</desc>
		<src>HessenForst</src>
	</wpt>
	<wpt lat="51.23658615349467" lon="9.2061915496137114">
		<name>KS-605</name>
		<cmt>Elben Richtung B 450, Sand, Abzweig Altenstädter Weg (Sägewerk)</cmt>
		<desc>Elben Richtung B 450, Sand, Abzweig Altenstädter Weg (Sägewerk)</desc>
		<src>HessenForst</src>
	</wpt>
	<wpt lat="51.345028201326947" lon="9.1845942501628546">
		<name>KS-606</name>
		<cmt>Wasserschloss Elmarshausen, nordöstl. Zufahrt zum Wald</cmt>
		<desc>Wasserschloss Elmarshausen, nordöstl. Zufahrt zum Wald</desc>
		<src>HessenForst</src>
	</wpt>
	<wpt lat="51.376561821474567" lon="9.2754774260732678">
		<name>KS-607</name>
		<cmt>L 3214 Zierenberg-Friedrichsaue- Abzweig</cmt>
		<desc>L 3214 Zierenberg-Friedrichsaue- Abzweig</desc>
		<src>HessenForst</src>
	</wpt>
	<wpt lat="51.117042600539598" lon="8.9541949943785042">
		<name>KB-435</name>
		<cmt>Quernst</cmt>
		<desc>Quernst</desc>
		<src>HessenForst</src>
	</wpt>
	<wpt lat="50.94797103491905" lon="8.5323716488655172">
		<name>MR-18</name>
		<cmt>Parkplatz Sackpfeife</cmt>
		<desc>Parkplatz Sackpfeife</desc>
		<src>HessenForst</src>
	</wpt>
	<wpt lat="51.305596586855778" lon="9.6507625614805548">
		<name>KS-405</name>
		<cmt>Parkplatz Tannenhütte</cmt>
		<desc>Parkplatz Tannenhütte</desc>
		<src>HessenForst</src>
	</wpt>
	<wpt lat="50.371134438987227" lon="9.2597172569589929">
		<name>FB-119</name>
		<cmt>Sportplatz Burgbracht</cmt>
		<desc>Sportplatz Burgbracht</desc>
		<src>HessenForst</src>
	</wpt>
	<wpt lat="51.268986509739229" lon="9.9385618937035911">
		<name>ESW-208</name>
		<cmt>Parkplatz Großer Hain</cmt>
		<desc>Parkplatz Großer Hain</desc>
		<src>HessenForst</src>
	</wpt>
	<wpt lat="51.213842975234698" lon="9.7241010081165058">
		<name>ESW-10</name>
		<cmt>Ortseingang Föhren</cmt>
		<desc>Ortseingang Föhren</desc>
		<src>HessenForst</src>
	</wpt>
	<wpt lat="50.314653401058536" lon="8.9948267347052511">
		<name>FB-56</name>
		<cmt>Mühle Glauburg</cmt>
		<desc>Mühle Glauburg</desc>
		<src>HessenForst</src>
	</wpt>
	<wpt lat="50.378855610134707" lon="9.2650807481699751">
		<name>MKK-1019</name>
		<cmt>Lahnemühle</cmt>
		<desc>Lahnemühle</desc>
		<src>HessenForst</src>
	</wpt>
	<wpt lat="50.395258487363449" lon="9.0818896852500721">
		<name>FB-91</name>
		<cmt>Brücke über Bachlauf</cmt>
		<desc>Brücke über Bachlauf</desc>
		<src>HessenForst</src>
	</wpt>
	<wpt lat="51.607587982729108" lon="9.4328299699086706">
		<name>KS-7</name>
		<cmt>Industriegebiet</cmt>
		<desc>Industriegebiet</desc>
		<src>HessenForst</src>
	</wpt>
	<wpt lat="50.486652242604734" lon="9.109320678738813">
		<name>VB-20</name>
		<cmt>Schott.-Gern, P Taubenweg</cmt>
		<desc>Schott.-Gern, P Taubenweg</desc>
		<src>HessenForst</src>
	</wpt>
	<wpt lat="50.960590545933648" lon="8.5020838408239001">
		<name>MR-21</name>
		<cmt>Lausfeld Hochpunkt der Straße von Wifenbach nach Lindenhof</cmt>
		<desc>Lausfeld Hochpunkt der Straße von Wifenbach nach Lindenhof</desc>
		<src>HessenForst</src>
	</wpt>
	<wpt lat="51.091638866230603" lon="8.6683878727701469">
		<name>KB-538</name>
		<cmt>Ortseingang Somplar, Überfahrt zum "Wohnhaus Mause", 100m vor Ortsschild</cmt>
		<desc>Ortseingang Somplar, Überfahrt zum "Wohnhaus Mause", 100m vor Ortsschild</desc>
		<src>HessenForst</src>
	</wpt>
	<wpt lat="51.560782413196442" lon="9.6000080491260835">
		<name>KS-113</name>
		<cmt>Kamp Weißehütte</cmt>
		<desc>Kamp Weißehütte</desc>
		<src>HessenForst</src>
	</wpt>
	<wpt lat="50.340458515350953" lon="8.5982855485921768">
		<name>HG-130</name>
		<cmt>Zufahrt Schreinerei Kirst</cmt>
		<desc>Zufahrt Schreinerei Kirst</desc>
		<src>HessenForst</src>
	</wpt>
	<wpt lat="49.549970920677879" lon="8.7869976170338457">
		<name>HP-419</name>
		<cmt>Ober-Abtsteinach, Abzweig Grillanlage Steinachquelle</cmt>
		<desc>Ober-Abtsteinach, Abzweig Grillanlage Steinachquelle</desc>
		<src>HessenForst</src>
	</wpt>
	<wpt lat="50.227199727409094" lon="8.7904382061655113">
		<name>FB-26</name>
		<cmt>Grillplatz</cmt>
		<desc>Grillplatz</desc>
		<src>HessenForst</src>
	</wpt>
	<wpt lat="51.208751699495977" lon="9.8272565420756717">
		<name>ESW-239</name>
		<cmt>Parkplatz Abfahrt Hausen Nord</cmt>
		<desc>Parkplatz Abfahrt Hausen Nord</desc>
		<src>HessenForst</src>
	</wpt>
	<wpt lat="50.305714846512146" lon="8.9332219165713713">
		<name>FB-52</name>
		<cmt>Kreuzung Rodenbach/Stammheim Altenst.</cmt>
		<desc>Kreuzung Rodenbach/Stammheim Altenst.</desc>
		<src>HessenForst</src>
	</wpt>
	<wpt lat="50.473413129053448" lon="8.6548164090591726">
		<name>FB-160</name>
		<cmt>Asphaltweg</cmt>
		<desc>Asphaltweg</desc>
		<src>HessenForst</src>
	</wpt>
	<wpt lat="50.256372151075759" lon="8.9646875058220949">
		<name>FB-49</name>
		<cmt>Limes</cmt>
		<desc>Limes</desc>
		<src>HessenForst</src>
	</wpt>
	<wpt lat="50.743577831822428" lon="8.3640618654211014">
		<name>LDK-380</name>
		<cmt>Oberscheld -&amp;gt; Eisemroth, Parkplatz Waldschwimmbad</cmt>
		<desc>Oberscheld -&amp;gt; Eisemroth, Parkplatz Waldschwimmbad</desc>
		<src>HessenForst</src>
	</wpt>
	<wpt lat="51.555725567382957" lon="9.6129236392234318">
		<name>KS-30</name>
		<cmt>Straßenparkplatz an der L 561 (an der Weser)</cmt>
		<desc>Straßenparkplatz an der L 561 (an der Weser)</desc>
		<src>HessenForst</src>
	</wpt>
	<wpt lat="50.317411516969521" lon="9.0709585813918903">
		<name>FB-109</name>
		<cmt>Ortsausgang Aulendiebach</cmt>
		<desc>Ortsausgang Aulendiebach</desc>
		<src>HessenForst</src>
	</wpt>
	<wpt lat="51.263882637110015" lon="9.8823670900724441">
		<name>ESW-228</name>
		<cmt>Einfahrt Roter Weg</cmt>
		<desc>Einfahrt Roter Weg</desc>
		<src>HessenForst</src>
	</wpt>
	<wpt lat="50.667267399763183" lon="8.7180524094536302">
		<name>GI-231</name>
		<cmt>Mühlwald</cmt>
		<desc>Mühlwald</desc>
		<src>HessenForst</src>
	</wpt>
	<wpt lat="50.727214547340942" lon="9.627993157308655">
		<name>FD-24</name>
		<cmt>Abzweig Feldweg nördl. von Langenschwarz</cmt>
		<desc>Abzweig Feldweg nördl. von Langenschwarz</desc>
		<src>HessenForst</src>
	</wpt>
	<wpt lat="50.770752636430274" lon="9.5233625619069624">
		<name>HEF-350</name>
		<cmt>Bahnübergang Steinmühle</cmt>
		<desc>Bahnübergang Steinmühle</desc>
		<src>HessenForst</src>
	</wpt>
	<wpt lat="51.024520771626712" lon="9.6321292572498329">
		<name>HEF-19</name>
		<cmt>Oberellenbach</cmt>
		<desc>Oberellenbach</desc>
		<src>HessenForst</src>
	</wpt>
	<wpt lat="51.025414060044305" lon="9.2653677518676005">
		<name>HR-53</name>
		<cmt>Diakonie</cmt>
		<desc>Diakonie</desc>
		<src>HessenForst</src>
	</wpt>
	<wpt lat="51.285410475724319" lon="9.6997796830121317">
		<name>ESW-93</name>
		<cmt>Zollstock</cmt>
		<desc>Zollstock</desc>
		<src>HessenForst</src>
	</wpt>
	<wpt lat="50.611965655918105" lon="8.7808860015506571">
		<name>GI-239</name>
		<cmt>Hohberg</cmt>
		<desc>Hohberg</desc>
		<src>HessenForst</src>
	</wpt>
	<wpt lat="50.775815751523247" lon="9.5429044356685999">
		<name>HEF-352</name>
		<cmt>B 62 Abzweig zum Hof Ottersbach</cmt>
		<desc>B 62 Abzweig zum Hof Ottersbach</desc>
		<src>HessenForst</src>
	</wpt>
	<wpt lat="50.801355667644202" lon="9.592812769533607">
		<name>HEF-353</name>
		<cmt>Ortsausgang Niederaula Richtung Hattenbach</cmt>
		<desc>Ortsausgang Niederaula Richtung Hattenbach</desc>
		<src>HessenForst</src>
	</wpt>
	<wpt lat="50.77419066307494" lon="9.5488848886416271">
		<name>HEF-355</name>
		<cmt>Feuerwehrgerätehaus Oberjossa</cmt>
		<desc>Feuerwehrgerätehaus Oberjossa</desc>
		<src>HessenForst</src>
	</wpt>
	<wpt lat="50.561872124475613" lon="9.8205868553470719">
		<name>FD-717</name>
		<cmt>Abzweigung Thiergarten</cmt>
		<desc>Abzweigung Thiergarten</desc>
		<src>HessenForst</src>
	</wpt>
	<wpt lat="50.576384078371888" lon="9.8057383878188791">
		<name>FD-718</name>
		<cmt>Am Milseburgradweg Niederbieber</cmt>
		<desc>Am Milseburgradweg Niederbieber</desc>
		<src>HessenForst</src>
	</wpt>
	<wpt lat="50.601578625422199" lon="9.8000822168900807">
		<name>FD-719</name>
		<cmt>Allmus Legelsteich</cmt>
		<desc>Allmus Legelsteich</desc>
		<src>HessenForst</src>
	</wpt>
	<wpt lat="50.565224828943784" lon="9.8718644407263962">
		<name>FD-720</name>
		<cmt>Parkplatz Mambachtal</cmt>
		<desc>Parkplatz Mambachtal</desc>
		<src>HessenForst</src>
	</wpt>
	<wpt lat="50.545956070650661" lon="9.8782769504913333">
		<name>FD-721</name>
		<cmt>Kleinsassen Altes Sägewerk</cmt>
		<desc>Kleinsassen Altes Sägewerk</desc>
		<src>HessenForst</src>
	</wpt>
	<wpt lat="50.528636906807904" lon="9.8799840125596621">
		<name>FD-723</name>
		<cmt>Zur Maulkuppe</cmt>
		<desc>Zur Maulkuppe</desc>
		<src>HessenForst</src>
	</wpt>
	<wpt lat="50.543842798852893" lon="9.9053386889200432">
		<name>FD-722</name>
		<cmt>Danzwiesen Osthang Milseburg</cmt>
		<desc>Danzwiesen Osthang Milseburg</desc>
		<src>HessenForst</src>
	</wpt>
	<wpt lat="50.546338040260757" lon="9.8276218382031786">
		<name>FD-235</name>
		<cmt>Stöckeshof</cmt>
		<desc>Stöckeshof</desc>
		<src>HessenForst</src>
	</wpt>
	<wpt lat="50.151424256784416" lon="7.9433981321884044">
		<name>RÜD-125</name>
		<cmt>Abzweig Nauroth</cmt>
		<desc>Abzweig Nauroth</desc>
		<src>HessenForst</src>
	</wpt>
	<wpt lat="51.149567432103481" lon="9.7906805919017152">
		<name>ESW-23</name>
		<cmt>Haus der Jugend</cmt>
		<desc>Haus der Jugend</desc>
		<src>HessenForst</src>
	</wpt>
	<wpt lat="50.227002012964704" lon="8.2260736847155478">
		<name>RÜD-175</name>
		<cmt>NP-Parkplatz</cmt>
		<desc>NP-Parkplatz</desc>
		<src>HessenForst</src>
	</wpt>
	<wpt lat="50.482907612142832" lon="9.0042696981288071">
		<name>FB-63</name>
		<cmt>Waldeingang</cmt>
		<desc>Waldeingang</desc>
		<src>HessenForst</src>
	</wpt>
	<wpt lat="50.434921233069751" lon="8.8112131929935327">
		<name>FB-5</name>
		<cmt>Waldeingang</cmt>
		<desc>Waldeingang</desc>
		<src>HessenForst</src>
	</wpt>
	<wpt lat="50.623756690504294" lon="8.7616995818447485">
		<name>GI-238</name>
		<cmt>Alten-Buseck</cmt>
		<desc>Alten-Buseck</desc>
		<src>HessenForst</src>
	</wpt>
	<wpt lat="50.154126710290299" lon="9.095076079809461">
		<name>MKK-815</name>
		<cmt>Feuerwehrgerätehaus</cmt>
		<desc>Feuerwehrgerätehaus</desc>
		<src>HessenForst</src>
	</wpt>
	<wpt lat="51.4097259611626" lon="9.8261340961505965">
		<name>GÖ-128</name>
		<cmt>Autobahnbrücke über die A 7 zwischen Atzenhausen u. Mollenfelde</cmt>
		<desc>Autobahnbrücke über die A 7 zwischen Atzenhausen u. Mollenfelde</desc>
		<src>HessenForst</src>
	</wpt>
	<wpt lat="50.727857274920069" lon="9.5861685153358493">
		<name>VB-302</name>
		<cmt>Abzweig Rimbacher Fuldabrücke</cmt>
		<desc>Abzweig Rimbacher Fuldabrücke</desc>
		<src>HessenForst</src>
	</wpt>
	<wpt lat="51.176792681760489" lon="9.7256815240649317">
		<name>ESW-15</name>
		<cmt>Einfahrt Hellkopfsee</cmt>
		<desc>Einfahrt Hellkopfsee</desc>
		<src>HessenForst</src>
	</wpt>
	<wpt lat="50.046681090264507" lon="8.1521394205006601">
		<name>RÜD-378</name>
		<cmt>P Nußberg</cmt>
		<desc>P Nußberg</desc>
		<src>HessenForst</src>
	</wpt>
	<wpt lat="51.575276203054017" lon="9.4279665266158812">
		<name>KS-21</name>
		<cmt>Raiffeisenbank in Trendelburg Parkplatz</cmt>
		<desc>Raiffeisenbank in Trendelburg Parkplatz</desc>
		<src>HessenForst</src>
	</wpt>
	<wpt lat="51.044799518880652" lon="9.2746883251750312">
		<name>HR-65</name>
		<cmt>Hallenbad Borken</cmt>
		<desc>Hallenbad Borken</desc>
		<src>HessenForst</src>
	</wpt>
	<wpt lat="50.044737022539429" lon="7.933143919345893">
		<name>RÜD-332</name>
		<cmt>P am Rennweg</cmt>
		<desc>P am Rennweg</desc>
		<src>HessenForst</src>
	</wpt>
	<wpt lat="51.460456127533625" lon="9.5028581599513906">
		<name>KS-203</name>
		<cmt>Forsthaus Mariendorf</cmt>
		<desc>Forsthaus Mariendorf</desc>
		<src>HessenForst</src>
	</wpt>
	<wpt lat="50.923971090872193" lon="9.9480601556247876">
		<name>HEF-128</name>
		<cmt>Parkplatz Hoher Malstein</cmt>
		<desc>Parkplatz Hoher Malstein</desc>
		<src>HessenForst</src>
	</wpt>
	<wpt lat="50.106465320530695" lon="8.7993060647844512">
		<name>OF-208</name>
		<cmt>Autoverwertung "Fröhlich"</cmt>
		<desc>Autoverwertung "Fröhlich"</desc>
		<src>HessenForst</src>
	</wpt>
	<wpt lat="50.88405706815935" lon="8.9148736774006316">
		<name>MR-214</name>
		<cmt>Rauschenberg, Rathaus</cmt>
		<desc>Rauschenberg, Rathaus</desc>
		<src>HessenForst</src>
	</wpt>
	<wpt lat="49.445635853803033" lon="8.8960002317768154">
		<name>HP-404</name>
		<cmt>Hirschhorn, Sparkasse</cmt>
		<desc>Hirschhorn, Sparkasse</desc>
		<src>HessenForst</src>
	</wpt>
	<wpt lat="50.249958554646874" lon="9.6171105994388899">
		<name>MKK-108</name>
		<cmt>Altengronau, Frankfurterstr. bei den "Sparkassen"</cmt>
		<desc>Altengronau, Frankfurterstr. bei den "Sparkassen"</desc>
		<src>HessenForst</src>
	</wpt>
	<wpt lat="50.668131578662212" lon="8.2227547435905599">
		<name>LDK-314</name>
		<cmt>Schönbacher Hauptstraße, Höhe Post</cmt>
		<desc>Schönbacher Hauptstraße, Höhe Post</desc>
		<src>HessenForst</src>
	</wpt>
	<wpt lat="49.751602874698946" lon="8.5249073718083608">
		<name>GG-91</name>
		<cmt>Parkplatz Zufahrt Hessenwasser</cmt>
		<desc>Parkplatz Zufahrt Hessenwasser</desc>
		<src>HessenForst</src>
	</wpt>
	<wpt lat="49.757881965982158" lon="8.9708323672167651">
		<name>ERB-137</name>
		<cmt>Sportplatz</cmt>
		<desc>Sportplatz</desc>
		<src>HessenForst</src>
	</wpt>
	<wpt lat="51.123865673137651" lon="9.0694181745597326">
		<name>KB-616</name>
		<cmt>ehem. Kinderkurheim (Hartenstein), Reinhardshausen</cmt>
		<desc>ehem. Kinderkurheim (Hartenstein), Reinhardshausen</desc>
		<src>HessenForst</src>
	</wpt>
	<wpt lat="50.699715955316108" lon="8.3276205211714966">
		<name>LDK-368</name>
		<cmt>Burg -&amp;gt; Herbornseelbach, Abzweig Steinbruch Fa. "Jakob &amp; Weigel"</cmt>
		<desc>Burg -&amp;gt; Herbornseelbach, Abzweig Steinbruch Fa. "Jakob &amp; Weigel"</desc>
		<src>HessenForst</src>
	</wpt>
	<wpt lat="49.466261034672897" lon="8.8966235476091633">
		<name>HP-408</name>
		<cmt>Hirschhorn, Brombacher Wasser</cmt>
		<desc>Hirschhorn, Brombacher Wasser</desc>
		<src>HessenForst</src>
	</wpt>
	<wpt lat="50.283467994599583" lon="9.5055476351102453">
		<name>MKK-343</name>
		<cmt>Parkplatz Bellingser Kreuz</cmt>
		<desc>Parkplatz Bellingser Kreuz</desc>
		<src>HessenForst</src>
	</wpt>
	<wpt lat="50.966886096036873" lon="9.4242331667086976">
		<name>HR-838</name>
		<cmt>Int. Wald Allmuthshausen (an Straße nach Leuderode)</cmt>
		<desc>Int. Wald Allmuthshausen (an Straße nach Leuderode)</desc>
		<src>HessenForst</src>
	</wpt>
	<wpt lat="49.69606780848239" lon="8.3649978372097316">
		<name>HP-300</name>
		<cmt>Steiner Wald - Fährhaus</cmt>
		<desc>Steiner Wald - Fährhaus</desc>
		<src>HessenForst</src>
	</wpt>
	<wpt lat="51.111444057422375" lon="9.0904581115663063">
		<name>KB-617</name>
		<cmt>Reinhardshöhe</cmt>
		<desc>Reinhardshöhe</desc>
		<src>HessenForst</src>
	</wpt>
	<wpt lat="51.229822958748464" lon="8.8765818461059407">
		<name>KB-215</name>
		<cmt>Waldeingang</cmt>
		<desc>Waldeingang</desc>
		<src>HessenForst</src>
	</wpt>
	<wpt lat="51.612944582581619" lon="9.5860600968348404">
		<name>KS-12</name>
		<cmt>Eingang Rehazentrum</cmt>
		<desc>Eingang Rehazentrum</desc>
		<src>HessenForst</src>
	</wpt>
	<wpt lat="50.111786382211179" lon="7.9035277398307731">
		<name>RÜD-348</name>
		<cmt>Ortsmitte Espenschied</cmt>
		<desc>Ortsmitte Espenschied</desc>
		<src>HessenForst</src>
	</wpt>
	<wpt lat="49.556266778871809" lon="8.9546839844772705">
		<name>ERB-272</name>
		<cmt>Beerfelden, Parkplatz "Vogelherd" nähe Heldenhain</cmt>
		<desc>Beerfelden, Parkplatz "Vogelherd" nähe Heldenhain</desc>
		<src>HessenForst</src>
	</wpt>
	<wpt lat="50.533302535747239" lon="9.9558253760353335">
		<name>FD-354</name>
		<cmt>Bushaltestelle Brand</cmt>
		<desc>Bushaltestelle Brand</desc>
		<src>HessenForst</src>
	</wpt>
	<wpt lat="50.723314917155683" lon="9.1771306727771407">
		<name>VB-134</name>
		<cmt>zum Kretenberg</cmt>
		<desc>zum Kretenberg</desc>
		<src>HessenForst</src>
	</wpt>
	<wpt lat="50.430911357461113" lon="8.0127159083160109">
		<name>LM-306</name>
		<cmt>B 8 / Waldanfang linke Straßenseite</cmt>
		<desc>B 8 / Waldanfang linke Straßenseite</desc>
		<src>HessenForst</src>
	</wpt>
	<wpt lat="50.170298526079833" lon="8.2321310719753882">
		<name>RÜD-229</name>
		<cmt>Holzlagerplatz</cmt>
		<desc>Holzlagerplatz</desc>
		<src>HessenForst</src>
	</wpt>
	<wpt lat="49.78323000554159" lon="9.0208559294783761">
		<name>ERB-117</name>
		<cmt>Parkplatz Obrunn</cmt>
		<desc>Parkplatz Obrunn</desc>
		<src>HessenForst</src>
	</wpt>
	<wpt lat="50.474046880738086" lon="8.2656349003083207">
		<name>LM-132</name>
		<cmt>Pizzeria Weilburg-Guntersau</cmt>
		<desc>Pizzeria Weilburg-Guntersau</desc>
		<src>HessenForst</src>
	</wpt>
	<wpt lat="50.497738168419076" lon="9.8063807594356973">
		<name>FD-244</name>
		<cmt>Wasserbehälter Paulsand</cmt>
		<desc>Wasserbehälter Paulsand</desc>
		<src>HessenForst</src>
	</wpt>
	<wpt lat="51.185811150419234" lon="8.9184973691633989">
		<name>KB-401</name>
		<cmt>Kreuzung in Harbshausen</cmt>
		<desc>Kreuzung in Harbshausen</desc>
		<src>HessenForst</src>
	</wpt>
	<wpt lat="50.495378427893428" lon="8.1152852775117861">
		<name>LM-343</name>
		<cmt>Kirche Hintermeilingen</cmt>
		<desc>Kirche Hintermeilingen</desc>
		<src>HessenForst</src>
	</wpt>
	<wpt lat="50.398381198669021" lon="9.4979423592100503">
		<name>MKK-63</name>
		<cmt>Wallroth</cmt>
		<desc>Wallroth</desc>
		<src>HessenForst</src>
	</wpt>
	<wpt lat="50.946635073311207" lon="9.4611628353508248">
		<name>HR-848</name>
		<cmt>Kirchplatz Hülsa</cmt>
		<desc>Kirchplatz Hülsa</desc>
		<src>HessenForst</src>
	</wpt>
	<wpt lat="50.555313381834416" lon="8.0596476172826055">
		<name>LM-344</name>
		<cmt>Firma Jung, Land- und Forsttechnik</cmt>
		<desc>Firma Jung, Land- und Forsttechnik</desc>
		<src>HessenForst</src>
	</wpt>
	<wpt lat="50.492155038948866" lon="8.8998794502524312">
		<name>GI-114</name>
		<cmt>Waldparkplatz L 3007</cmt>
		<desc>Waldparkplatz L 3007</desc>
		<src>HessenForst</src>
	</wpt>
	<wpt lat="49.742819198707494" lon="8.9557173693839562">
		<name>ERB-140</name>
		<cmt>Bushaltestelle</cmt>
		<desc>Bushaltestelle</desc>
		<src>HessenForst</src>
	</wpt>
	<wpt lat="49.645333798060122" lon="9.067432096880049">
		<name>ERB-33</name>
		<cmt>Kreuzung Jägertor</cmt>
		<desc>Kreuzung Jägertor</desc>
		<src>HessenForst</src>
	</wpt>
	<wpt lat="50.195356394082559" lon="8.4633815538220105">
		<name>HG-38</name>
		<cmt>Parkplatz Tillmannsweg</cmt>
		<desc>Parkplatz Tillmannsweg</desc>
		<src>HessenForst</src>
	</wpt>
	<wpt lat="49.634803627252495" lon="8.821902536152928">
		<name>HP-432</name>
		<cmt>Hammelbach, Wegegabelung Schardhof/Langklingerhof</cmt>
		<desc>Hammelbach, Wegegabelung Schardhof/Langklingerhof</desc>
		<src>HessenForst</src>
	</wpt>
	<wpt lat="50.804040145872968" lon="8.6109456550358843">
		<name>MR-603</name>
		<cmt>Sinkershausen, Kreisstr. Sinkersh./Diedensh., Waldw., 600 m nach Ortsausgang</cmt>
		<desc>Sinkershausen, Kreisstr. Sinkersh./Diedensh., Waldw., 600 m nach Ortsausgang</desc>
		<src>HessenForst</src>
	</wpt>
	<wpt lat="50.921355184257095" lon="9.4824353605105802">
		<name>HR-854</name>
		<cmt>"Semmel-Mühle"</cmt>
		<desc>"Semmel-Mühle"</desc>
		<src>HessenForst</src>
	</wpt>
	<wpt lat="50.321489065023357" lon="9.5363670633248372">
		<name>MKK-86</name>
		<cmt>Hohenzell</cmt>
		<desc>Hohenzell</desc>
		<src>HessenForst</src>
	</wpt>
	<wpt lat="50.647143674261685" lon="9.8583644358636366">
		<name>FD-63</name>
		<cmt>Mittelaschenbach Abzweig nach Oberaschenbach</cmt>
		<desc>Mittelaschenbach Abzweig nach Oberaschenbach</desc>
		<src>HessenForst</src>
	</wpt>
	<wpt lat="50.331718704628983" lon="9.5538841752510013">
		<name>MKK-82</name>
		<cmt>Ahlersbach-Ziegelhütte</cmt>
		<desc>Ahlersbach-Ziegelhütte</desc>
		<src>HessenForst</src>
	</wpt>
	<wpt lat="51.202081519776797" lon="10.062974086830879">
		<name>ESW-311</name>
		<cmt>Anger</cmt>
		<desc>Anger</desc>
		<src>HessenForst</src>
	</wpt>
	<wpt lat="51.080508911446493" lon="8.9451611812244387">
		<name>KB-412</name>
		<cmt>Jägersruh</cmt>
		<desc>Jägersruh</desc>
		<src>HessenForst</src>
	</wpt>
	<wpt lat="49.65483249963178" lon="8.9845055112683347">
		<name>ERB-59</name>
		<cmt>Abzweig "Alter Elsbacher Weg"</cmt>
		<desc>Abzweig "Alter Elsbacher Weg"</desc>
		<src>HessenForst</src>
	</wpt>
	<wpt lat="49.774516570518095" lon="8.6814261888469773">
		<name>DA-904</name>
		<cmt>Ober-Beerbach Hunde Sportplatz</cmt>
		<desc>Ober-Beerbach Hunde Sportplatz</desc>
		<src>HessenForst</src>
	</wpt>
	<wpt lat="50.052040700055784" lon="8.9118794917254114">
		<name>OF-303</name>
		<cmt>BAB A 3 Überfahrt zur Raststätte Südseite Abt. 20/23</cmt>
		<desc>BAB A 3 Überfahrt zur Raststätte Südseite Abt. 20/23</desc>
		<src>HessenForst</src>
	</wpt>
	<wpt lat="50.780839070242983" lon="9.5897005945854481">
		<name>HEF-339</name>
		<cmt>Abzweig zur Fa. Gies vor der BAB-Auffahrt</cmt>
		<desc>Abzweig zur Fa. Gies vor der BAB-Auffahrt</desc>
		<src>HessenForst</src>
	</wpt>
	<wpt lat="50.607656022803752" lon="9.9823976408607447">
		<name>FD-705</name>
		<cmt>PW  Tann - Unterrückersbach</cmt>
		<desc>PW  Tann - Unterrückersbach</desc>
		<src>HessenForst</src>
	</wpt>
	<wpt lat="50.461878689274435" lon="9.6558598198125836">
		<name>FD-543</name>
		<cmt>Nußbacher Brücke</cmt>
		<desc>Nußbacher Brücke</desc>
		<src>HessenForst</src>
	</wpt>
	<wpt lat="50.681336877071836" lon="9.4394166033183229">
		<name>VB-161</name>
		<cmt>Waldwegekreuzung</cmt>
		<desc>Waldwegekreuzung</desc>
		<src>HessenForst</src>
	</wpt>
	<wpt lat="50.970225952314024" lon="8.5191279174279924">
		<name>KB-739</name>
		<cmt>Ortsausgang Lindenhof</cmt>
		<desc>Ortsausgang Lindenhof</desc>
		<src>HessenForst</src>
	</wpt>
	<wpt lat="50.380638710273288" lon="8.3496902866670784">
		<name>LM-225</name>
		<cmt>Naturpark-Parkplatz "Leistenbach" L 3063</cmt>
		<desc>Naturpark-Parkplatz "Leistenbach" L 3063</desc>
		<src>HessenForst</src>
	</wpt>
	<wpt lat="50.901033853961174" lon="9.1036242636642033">
		<name>MR-223</name>
		<cmt>Mengsberg, Feuerwehrgerätehaus</cmt>
		<desc>Mengsberg, Feuerwehrgerätehaus</desc>
		<src>HessenForst</src>
	</wpt>
	<wpt lat="50.022137875892504" lon="8.5589241519294958">
		<name>GG-11</name>
		<cmt>Abzw. K 152/Born Schneise; Radarturm des Flugh. Frankfurt</cmt>
		<desc>Abzw. K 152/Born Schneise; Radarturm des Flugh. Frankfurt</desc>
		<src>HessenForst</src>
	</wpt>
	<wpt lat="50.773050423559511" lon="8.7133638087573733">
		<name>MR-428</name>
		<cmt>Einfahrt zu den Tennisplätzen Haddamshausen links, der Str. Niederweimar-Haddamshausen (L 3387)</cmt>
		<desc>Einfahrt zu den Tennisplätzen Haddamshausen links, der Str. Niederweimar-Haddamshausen (L 3387)</desc>
		<src>HessenForst</src>
	</wpt>
	<wpt lat="51.149501673555527" lon="8.7922983416625318">
		<name>KB-513</name>
		<cmt>Orkebrücke in Dalwigksthal</cmt>
		<desc>Orkebrücke in Dalwigksthal</desc>
		<src>HessenForst</src>
	</wpt>
	<wpt lat="50.478876931621315" lon="8.1445934223427816">
		<name>LM-333</name>
		<cmt>B 49 Abfahrt Kompostierungsanlage, Waldanfang</cmt>
		<desc>B 49 Abfahrt Kompostierungsanlage, Waldanfang</desc>
		<src>HessenForst</src>
	</wpt>
	<wpt lat="49.548023650984526" lon="8.8318107152693237">
		<name>HP-415</name>
		<cmt>Zollstock</cmt>
		<desc>Zollstock</desc>
		<src>HessenForst</src>
	</wpt>
	<wpt lat="50.382920371610957" lon="9.5315766893251954">
		<name>MKK-66</name>
		<cmt>Gomfritz</cmt>
		<desc>Gomfritz</desc>
		<src>HessenForst</src>
	</wpt>
	<wpt lat="50.080540539373139" lon="8.0304838214202139">
		<name>RÜD-385</name>
		<cmt>P Hainbücher Weg</cmt>
		<desc>P Hainbücher Weg</desc>
		<src>HessenForst</src>
	</wpt>
	<wpt lat="50.455948099157546" lon="8.2751929178454713">
		<name>LM-137</name>
		<cmt>Kompostierungsanlage</cmt>
		<desc>Kompostierungsanlage</desc>
		<src>HessenForst</src>
	</wpt>
	<wpt lat="50.188768918858656" lon="8.4454980809308342">
		<name>HG-39</name>
		<cmt>Parkplatz Viktoriaweg</cmt>
		<desc>Parkplatz Viktoriaweg</desc>
		<src>HessenForst</src>
	</wpt>
	<wpt lat="51.180445122685207" lon="9.4120374748733031">
		<name>HR-17</name>
		<cmt>Tankstelle Schäfer</cmt>
		<desc>Tankstelle Schäfer</desc>
		<src>HessenForst</src>
	</wpt>
	<wpt lat="51.116026181607481" lon="9.872686191753429">
		<name>ESW-35</name>
		<cmt>Ortsmitte Rechtebach Schulbushaltestelle</cmt>
		<desc>Ortsmitte Rechtebach Schulbushaltestelle</desc>
		<src>HessenForst</src>
	</wpt>
	<wpt lat="50.600728492732081" lon="9.9465737786830335">
		<name>FD-222</name>
		<cmt>Waldbeginn hinter Abzweig Mahlerts</cmt>
		<desc>Waldbeginn hinter Abzweig Mahlerts</desc>
		<src>HessenForst</src>
	</wpt>
	<wpt lat="50.855993576980467" lon="9.0321850294454116">
		<name>MR-305</name>
		<cmt>Sportplatz Erksdorf</cmt>
		<desc>Sportplatz Erksdorf</desc>
		<src>HessenForst</src>
	</wpt>
	<wpt lat="50.393128404819187" lon="9.7121830987698612">
		<name>FD-527</name>
		<cmt>Hinter dem Heubacher Sportplatz</cmt>
		<desc>Hinter dem Heubacher Sportplatz</desc>
		<src>HessenForst</src>
	</wpt>
	<wpt lat="50.959662576137653" lon="8.5752247243572661">
		<name>KB-741</name>
		<cmt>Abzeigung Sackpfeife</cmt>
		<desc>Abzeigung Sackpfeife</desc>
		<src>HessenForst</src>
	</wpt>
	<wpt lat="50.108015570705646" lon="8.6965425942082071">
		<name>RP142</name>
		<cmt>Nordufer</cmt>
		<desc>Nordufer</desc>
		<src>Stadt Frankfurt am Main</src>
	</wpt>
	<wpt lat="50.000607404768601" lon="8.9184941172970102">
		<name>OF-235</name>
		<cmt>Wegekreuzung am OPEL-Zaun</cmt>
		<desc>Wegekreuzung am OPEL-Zaun</desc>
		<src>HessenForst</src>
	</wpt>
	<wpt lat="51.055651999767164" lon="8.5875320160497175">
		<name>KB-712</name>
		<cmt>Kriegsbrücke</cmt>
		<desc>Kriegsbrücke</desc>
		<src>HessenForst</src>
	</wpt>
	<wpt lat="50.532420293946352" lon="8.3241821453283258">
		<name>LDK-5</name>
		<cmt>Verbandskläranlage</cmt>
		<desc>Verbandskläranlage</desc>
		<src>HessenForst</src>
	</wpt>
	<wpt lat="50.157842153327671" lon="8.2134824087616529">
		<name>RÜD-230</name>
		<cmt>Siedlung Platte</cmt>
		<desc>Siedlung Platte</desc>
		<src>HessenForst</src>
	</wpt>
	<wpt lat="50.605618429635221" lon="9.842809476734093">
		<name>FD-224</name>
		<cmt>Parkplatz Nässebrücke</cmt>
		<desc>Parkplatz Nässebrücke</desc>
		<src>HessenForst</src>
	</wpt>
	<wpt lat="50.061376675651978" lon="8.7738601532459644">
		<name>OF-210</name>
		<cmt>Parkplatz "Gaststätte Wildhof"</cmt>
		<desc>Parkplatz "Gaststätte Wildhof"</desc>
		<src>HessenForst</src>
	</wpt>
	<wpt lat="51.56720149748314" lon="9.5855423034976894">
		<name>KS-109</name>
		<cmt>An B 80 Zufahrt Reichsmühle</cmt>
		<desc>An B 80 Zufahrt Reichsmühle</desc>
		<src>HessenForst</src>
	</wpt>
	<wpt lat="49.912797419625782" lon="8.913816443261485">
		<name>DA-328</name>
		<cmt>Parkplatz an der Waldecke Lützelforst (Waldeingang)</cmt>
		<desc>Parkplatz an der Waldecke Lützelforst (Waldeingang)</desc>
		<src>HessenForst</src>
	</wpt>
	<wpt lat="49.521274055626037" lon="9.0527103172946948">
		<name>ERB-210</name>
		<cmt>Friedrichsdorf, Brückenpeter</cmt>
		<desc>Friedrichsdorf, Brückenpeter</desc>
		<src>HessenForst</src>
	</wpt>
	<wpt lat="49.726142485953368" lon="8.6718722760796894">
		<name>HP-318</name>
		<cmt>1. Kehre Auffahrt Felsberg</cmt>
		<desc>1. Kehre Auffahrt Felsberg</desc>
		<src>HessenForst</src>
	</wpt>
	<wpt lat="50.838070962205656" lon="8.3372015213529682">
		<name>LDK-422</name>
		<cmt>Parkplatz "Hammerweiher", Steinbrücken Richtung Mandeln</cmt>
		<desc>Parkplatz "Hammerweiher", Steinbrücken Richtung Mandeln</desc>
		<src>HessenForst</src>
	</wpt>
	<wpt lat="51.047975414025757" lon="8.6133316089840317">
		<name>KB-806</name>
		<cmt>Abzweig Raupersbach vom Elbringhäuser Grund</cmt>
		<desc>Abzweig Raupersbach vom Elbringhäuser Grund</desc>
		<src>HessenForst</src>
	</wpt>
	<wpt lat="49.804860435957082" lon="8.7048105809653809">
		<name>DA-501</name>
		<cmt>Waschenbach Friedhof</cmt>
		<desc>Waschenbach Friedhof</desc>
		<src>HessenForst</src>
	</wpt>
	<wpt lat="49.681717994535092" lon="8.5523465031277404">
		<name>HP-308</name>
		<cmt>Parkplatz Kohlschneise-Süd</cmt>
		<desc>Parkplatz Kohlschneise-Süd</desc>
		<src>HessenForst</src>
	</wpt>
	<wpt lat="49.632241894397147" lon="9.0304589119078926">
		<name>ERB-38</name>
		<cmt>"Kesslers Boden" Freifläche</cmt>
		<desc>"Kesslers Boden" Freifläche</desc>
		<src>HessenForst</src>
	</wpt>
	<wpt lat="51.185782051602615" lon="9.3459664829710771">
		<name>HR-16</name>
		<cmt>Nenkel</cmt>
		<desc>Nenkel</desc>
		<src>HessenForst</src>
	</wpt>
	<wpt lat="51.205139750908494" lon="10.099639805293565">
		<name>ESW-314</name>
		<cmt>Abzweig alter Bahnhof</cmt>
		<desc>Abzweig alter Bahnhof</desc>
		<src>HessenForst</src>
	</wpt>
	<wpt lat="50.500828843831201" lon="10.008342003118001">
		<name>FD-331</name>
		<cmt>Forsthaus Ehrenberg</cmt>
		<desc>Forsthaus Ehrenberg</desc>
		<src>HessenForst</src>
	</wpt>
	<wpt lat="50.081812868528402" lon="7.8335785719194551">
		<name>RÜD-359</name>
		<cmt>P Mun-Depot</cmt>
		<desc>P Mun-Depot</desc>
		<src>HessenForst</src>
	</wpt>
	<wpt lat="50.876390005884964" lon="9.3241848027923506">
		<name>HR-911</name>
		<cmt>Friedhof Rückershausen</cmt>
		<desc>Friedhof Rückershausen</desc>
		<src>HessenForst</src>
	</wpt>
	<wpt lat="51.197821866760876" lon="8.9080624549224208">
		<name>KB-237</name>
		<cmt>freier Platz in den Serpentinen</cmt>
		<desc>freier Platz in den Serpentinen</desc>
		<src>HessenForst</src>
	</wpt>
	<wpt lat="50.272305799981574" lon="9.2187953289784605">
		<name>MKK-1044</name>
		<cmt>Zufahrt Steinbruchgelände Breitenborn</cmt>
		<desc>Zufahrt Steinbruchgelände Breitenborn</desc>
		<src>HessenForst</src>
	</wpt>
	<wpt lat="50.495373641022333" lon="8.2724560557375675">
		<name>LM-125</name>
		<cmt>Bushaltestelle "Weilburg-Ahausen, Selterser Straße"</cmt>
		<desc>Bushaltestelle "Weilburg-Ahausen, Selterser Straße"</desc>
		<src>HessenForst</src>
	</wpt>
	<wpt lat="50.443389464289297" lon="8.3843740393726449">
		<name>LM-208</name>
		<cmt>frühere Diskothek L 3054</cmt>
		<desc>frühere Diskothek L 3054</desc>
		<src>HessenForst</src>
	</wpt>
	<wpt lat="50.689822970825993" lon="8.217755306930945">
		<name>LDK-216</name>
		<cmt>Ortsmitte Erdbach, am Dorfgemeinschaftshaus</cmt>
		<desc>Ortsmitte Erdbach, am Dorfgemeinschaftshaus</desc>
		<src>HessenForst</src>
	</wpt>
	<wpt lat="49.948716757913964" lon="8.9619195776403764">
		<name>DA-321</name>
		<cmt>Einfahrt Truppenübungsplatz</cmt>
		<desc>Einfahrt Truppenübungsplatz</desc>
		<src>HessenForst</src>
	</wpt>
	<wpt lat="50.408788814158846" lon="8.4890126579623111">
		<name>LDK-377</name>
		<cmt>Ortseingang Hasselborn</cmt>
		<desc>Ortseingang Hasselborn</desc>
		<src>HessenForst</src>
	</wpt>
	<wpt lat="51.157369678711596" lon="10.127920938085524">
		<name>ESW-333</name>
		<cmt>Einfahrt Assmannstal   K 49</cmt>
		<desc>Einfahrt Assmannstal   K 49</desc>
		<src>HessenForst</src>
	</wpt>
	<wpt lat="50.418289386492347" lon="8.1754469605331206">
		<name>LM-321</name>
		<cmt>Altes Runkeler Forsthaus</cmt>
		<desc>Altes Runkeler Forsthaus</desc>
		<src>HessenForst</src>
	</wpt>
	<wpt lat="51.237157924456817" lon="8.7758509273726268">
		<name>KB-212</name>
		<cmt>Gaststätte zur Wasserburg</cmt>
		<desc>Gaststätte zur Wasserburg</desc>
		<src>HessenForst</src>
	</wpt>
	<wpt lat="50.759726318649378" lon="8.7915864286593148">
		<name>MR-433</name>
		<cmt>Parkplatz zur Burgruine</cmt>
		<desc>Parkplatz zur Burgruine</desc>
		<src>HessenForst</src>
	</wpt>
	<wpt lat="50.597531752031152" lon="9.896494007969002">
		<name>FD-225</name>
		<cmt>ehemaliges Forsthaus Sandberg</cmt>
		<desc>ehemaliges Forsthaus Sandberg</desc>
		<src>HessenForst</src>
	</wpt>
	<wpt lat="51.327204354172132" lon="9.560123098644425">
		<name>KS-400</name>
		<cmt>Schranke Waldweg rechts</cmt>
		<desc>Schranke Waldweg rechts</desc>
		<src>HessenForst</src>
	</wpt>
	<wpt lat="50.643644264693073" lon="9.5129474863063148">
		<name>VB-318</name>
		<cmt>Bushaltestelle Ützhausen</cmt>
		<desc>Bushaltestelle Ützhausen</desc>
		<src>HessenForst</src>
	</wpt>
	<wpt lat="51.296111705275294" lon="8.8265894950763482">
		<name>KB-206</name>
		<cmt>Waldrand / Stromhäuschen</cmt>
		<desc>Waldrand / Stromhäuschen</desc>
		<src>HessenForst</src>
	</wpt>
	<wpt lat="50.782460042016083" lon="8.289979037423187">
		<name>LDK-305</name>
		<cmt>Frohnhausen -&amp;gt; Weidelbach, Schutzhütte Frohnhäuser Terrassen</cmt>
		<desc>Frohnhausen -&amp;gt; Weidelbach, Schutzhütte Frohnhäuser Terrassen</desc>
		<src>HessenForst</src>
	</wpt>
	<wpt lat="50.414259894646051" lon="8.4308071331771526">
		<name>LM-217</name>
		<cmt>B 456 Holzlagerplatz Audenscjmieder Weg</cmt>
		<desc>B 456 Holzlagerplatz Audenscjmieder Weg</desc>
		<src>HessenForst</src>
	</wpt>
	<wpt lat="49.990254025917345" lon="8.7027582832634494">
		<name>OF-134</name>
		<cmt>Parkplatz am Gasthaus "Waldhaus", Abt. 4</cmt>
		<desc>Parkplatz am Gasthaus "Waldhaus", Abt. 4</desc>
		<src>HessenForst</src>
	</wpt>
	<wpt lat="50.011481170601556" lon="8.8259521234540994">
		<name>OF-228</name>
		<cmt>Waldparkplatz K 175</cmt>
		<desc>Waldparkplatz K 175</desc>
		<src>HessenForst</src>
	</wpt>
	<wpt lat="50.293118783502734" lon="9.0226485030863852">
		<name>FB-145</name>
		<cmt>Ortseingang Düdelsheim an Tankstelle</cmt>
		<desc>Ortseingang Düdelsheim an Tankstelle</desc>
		<src>HessenForst</src>
	</wpt>
	<wpt lat="50.056544125626822" lon="8.0703044371916715">
		<name>RÜD-373</name>
		<cmt>P Waldmühle</cmt>
		<desc>P Waldmühle</desc>
		<src>HessenForst</src>
	</wpt>
	<wpt lat="50.580108655935092" lon="9.5857157479870718">
		<name>FD-567</name>
		<cmt>Winterlinde</cmt>
		<desc>Winterlinde</desc>
		<src>HessenForst</src>
	</wpt>
	<wpt lat="50.719917858505646" lon="8.2921485833373776">
		<name>LDK-374</name>
		<cmt>Sportplatz Niederscheld, Lützelbachtal (bei Abt. 326 B)</cmt>
		<desc>Sportplatz Niederscheld, Lützelbachtal (bei Abt. 326 B)</desc>
		<src>HessenForst</src>
	</wpt>
	<wpt lat="49.668136443222082" lon="8.4504861883145974">
		<name>HP-124</name>
		<cmt>Ortsrand von Bobstadt</cmt>
		<desc>Ortsrand von Bobstadt</desc>
		<src>HessenForst</src>
	</wpt>
	<wpt lat="51.045264398326346" lon="9.1513380395779489">
		<name>HR-44</name>
		<cmt>Sendemast</cmt>
		<desc>Sendemast</desc>
		<src>HessenForst</src>
	</wpt>
	<wpt lat="50.687994174342172" lon="9.6870457549509066">
		<name>FD-39</name>
		<cmt>Mahlertshof</cmt>
		<desc>Mahlertshof</desc>
		<src>HessenForst</src>
	</wpt>
	<wpt lat="50.206784753095889" lon="8.9891353073830551">
		<name>MKK-807</name>
		<cmt>Waldschranke (Ca. 500 m nach Ortsende)</cmt>
		<desc>Waldschranke (Ca. 500 m nach Ortsende)</desc>
		<src>HessenForst</src>
	</wpt>
	<wpt lat="51.091863389011557" lon="9.0300363586549519">
		<name>KB-611</name>
		<cmt>Schlag - Straße Hüddingen - Hundsdorf</cmt>
		<desc>Schlag - Straße Hüddingen - Hundsdorf</desc>
		<src>HessenForst</src>
	</wpt>
	<wpt lat="50.492487975387881" lon="9.7316470505731267">
		<name>FD-263</name>
		<cmt>Lingeshöfe</cmt>
		<desc>Lingeshöfe</desc>
		<src>HessenForst</src>
	</wpt>
	<wpt lat="50.104386918332402" lon="8.8895998949376587">
		<name>MKK-402</name>
		<cmt>RP direkt an Ecke zum 1. Querweg</cmt>
		<desc>RP direkt an Ecke zum 1. Querweg</desc>
		<src>HessenForst</src>
	</wpt>
	<wpt lat="51.19047562129245" lon="10.16744004413477">
		<name>ESW-365</name>
		<cmt>Abzweig B 249 / K 13 links nach Döringsdorf</cmt>
		<desc>Abzweig B 249 / K 13 links nach Döringsdorf</desc>
		<src>HessenForst</src>
	</wpt>
	<wpt lat="49.948324834559934" lon="8.8639632651189064">
		<name>DA-45</name>
		<cmt>Parkplatz Waldfriedhof</cmt>
		<desc>Parkplatz Waldfriedhof</desc>
		<src>HessenForst</src>
	</wpt>
	<wpt lat="49.708837416453093" lon="8.8637107445088716">
		<name>ERB-17</name>
		<cmt>Dorfplatz</cmt>
		<desc>Dorfplatz</desc>
		<src>HessenForst</src>
	</wpt>
	<wpt lat="49.753696130543808" lon="8.6980817307688767">
		<name>DA-203</name>
		<cmt>Waldparkplatz Hutzelstraße</cmt>
		<desc>Waldparkplatz Hutzelstraße</desc>
		<src>HessenForst</src>
	</wpt>
	<wpt lat="50.746449081558623" lon="9.045301097609638">
		<name>VB-110</name>
		<cmt>Kirche</cmt>
		<desc>Kirche</desc>
		<src>HessenForst</src>
	</wpt>
	<wpt lat="50.412229285134657" lon="9.1480830882931858">
		<name>FB-94</name>
		<cmt>Gasthaus zum Adler</cmt>
		<desc>Gasthaus zum Adler</desc>
		<src>HessenForst</src>
	</wpt>
	<wpt lat="49.549455121621904" lon="8.9917708492640163">
		<name>ERB-211</name>
		<cmt>Sensbachtal, Parkpl."Sensbacher Höhe"</cmt>
		<desc>Sensbachtal, Parkpl."Sensbacher Höhe"</desc>
		<src>HessenForst</src>
	</wpt>
	<wpt lat="50.649275563357676" lon="8.2941969629261312">
		<name>LDK-283</name>
		<cmt>Merkenbach &amp;gt;Beilstein Abzweig n. Fleisbach</cmt>
		<desc>Merkenbach &amp;gt;Beilstein Abzweig n. Fleisbach</desc>
		<src>HessenForst</src>
	</wpt>
	<wpt lat="49.591546078079155" lon="8.4402766056568712">
		<name>HP-126</name>
		<cmt>Branntweinbrücke/Bonau</cmt>
		<desc>Branntweinbrücke/Bonau</desc>
		<src>HessenForst</src>
	</wpt>
	<wpt lat="50.528605237461946" lon="9.5344748052937103">
		<name>FD-548</name>
		<cmt>Kleinheiligkreuz</cmt>
		<desc>Kleinheiligkreuz</desc>
		<src>HessenForst</src>
	</wpt>
	<wpt lat="49.985636172857042" lon="8.7855626164887735">
		<name>OF-114</name>
		<cmt>Waldeingang, Abt. 32</cmt>
		<desc>Waldeingang, Abt. 32</desc>
		<src>HessenForst</src>
	</wpt>
	<wpt lat="49.63985839180112" lon="9.0021845595497361">
		<name>ERB-36</name>
		<cmt>Zufahrt Friedhof - Abzweig  Krämersgrundweg</cmt>
		<desc>Zufahrt Friedhof - Abzweig  Krämersgrundweg</desc>
		<src>HessenForst</src>
	</wpt>
	<wpt lat="49.603799518115089" lon="8.520253338676584">
		<name>HP-108</name>
		<cmt>Waldparkplatz "Alter Lorscher Weg" Neuschloß</cmt>
		<desc>Waldparkplatz "Alter Lorscher Weg" Neuschloß</desc>
		<src>HessenForst</src>
	</wpt>
	<wpt lat="50.064182208412127" lon="8.7894860117185019">
		<name>OF-211</name>
		<cmt>Waldparkplatz</cmt>
		<desc>Waldparkplatz</desc>
		<src>HessenForst</src>
	</wpt>
	<wpt lat="50.455793414939443" lon="9.7098716046003624">
		<name>FD-267</name>
		<cmt>Einfahrt Rippberg</cmt>
		<desc>Einfahrt Rippberg</desc>
		<src>HessenForst</src>
	</wpt>
	<wpt lat="50.7225307961439" lon="9.3231609025263822">
		<name>VB-153</name>
		<cmt>Waldeingang "Jägereiche"</cmt>
		<desc>Waldeingang "Jägereiche"</desc>
		<src>HessenForst</src>
	</wpt>
	<wpt lat="50.557147842358155" lon="9.9488707200435584">
		<name>FD-355</name>
		<cmt>Kesselhof</cmt>
		<desc>Kesselhof</desc>
		<src>HessenForst</src>
	</wpt>
	<wpt lat="51.281747720019929" lon="8.6725802610148577">
		<name>KB-157</name>
		<cmt>ALDI Parkplatz</cmt>
		<desc>ALDI Parkplatz</desc>
		<src>HessenForst</src>
	</wpt>
	<wpt lat="50.742704480045987" lon="9.3655584822576348">
		<name>VB-187</name>
		<cmt>Eifa Richtung Grebenau ehemaliger Pflanzgarten</cmt>
		<desc>Eifa Richtung Grebenau ehemaliger Pflanzgarten</desc>
		<src>HessenForst</src>
	</wpt>
	<wpt lat="50.592042785942908" lon="9.4954358926786178">
		<name>FD-563</name>
		<cmt>Friedhof Müs</cmt>
		<desc>Friedhof Müs</desc>
		<src>HessenForst</src>
	</wpt>
	<wpt lat="50.680301551588663" lon="8.1726058012676699">
		<name>LDK-211</name>
		<cmt>Breitscheid nach Rabenscheid, Flugplatz Gastwirtschaft</cmt>
		<desc>Breitscheid nach Rabenscheid, Flugplatz Gastwirtschaft</desc>
		<src>HessenForst</src>
	</wpt>
	<wpt lat="51.342249178870915" lon="9.7808826563113236">
		<name>ESW-121</name>
		<cmt>Hubenrode, Ortsmitte Hubenrode</cmt>
		<desc>Hubenrode, Ortsmitte Hubenrode</desc>
		<src>HessenForst</src>
	</wpt>
	<wpt lat="50.350053802674886" lon="9.4327134906894514">
		<name>MKK-34</name>
		<cmt>Ausspann</cmt>
		<desc>Ausspann</desc>
		<src>HessenForst</src>
	</wpt>
	<wpt lat="50.787198803379312" lon="9.7152370988684353">
		<name>HEF-342</name>
		<cmt>Meisenbach</cmt>
		<desc>Meisenbach</desc>
		<src>HessenForst</src>
	</wpt>
	<wpt lat="50.145059603477463" lon="8.1706591807664495">
		<name>RÜD-211</name>
		<cmt>Waldweg Hahn i.R. Wehen</cmt>
		<desc>Waldweg Hahn i.R. Wehen</desc>
		<src>HessenForst</src>
	</wpt>
	<wpt lat="50.342319955021267" lon="8.2145032164209937">
		<name>LM-234</name>
		<cmt>B 8 / Teerweg "Manbach"</cmt>
		<desc>B 8 / Teerweg "Manbach"</desc>
		<src>HessenForst</src>
	</wpt>
	<wpt lat="51.014603191066477" lon="9.5770340806286924">
		<name>HR-807</name>
		<cmt>Licherode/ICE-Tunnel</cmt>
		<desc>Licherode/ICE-Tunnel</desc>
		<src>HessenForst</src>
	</wpt>
	<wpt lat="50.551655712565022" lon="10.003162283589846">
		<name>FD-353</name>
		<cmt>Bushaltestelle Finlos</cmt>
		<desc>Bushaltestelle Finlos</desc>
		<src>HessenForst</src>
	</wpt>
	<wpt lat="50.680118086764026" lon="8.8238019884340151">
		<name>GI-244</name>
		<cmt>Grundschule</cmt>
		<desc>Grundschule</desc>
		<src>HessenForst</src>
	</wpt>
	<wpt lat="51.190702692867688" lon="8.819229858443725">
		<name>KB-506</name>
		<cmt>Kreuzung Oppermanns-mühle / Siedlung</cmt>
		<desc>Kreuzung Oppermanns-mühle / Siedlung</desc>
		<src>HessenForst</src>
	</wpt>
	<wpt lat="50.939138124650711" lon="9.4721235741950682">
		<name>HR-850</name>
		<cmt>Eschenberg-Weg</cmt>
		<desc>Eschenberg-Weg</desc>
		<src>HessenForst</src>
	</wpt>
	<wpt lat="49.796798935719821" lon="8.9384333549399013">
		<name>ERB-112</name>
		<cmt>Parkplatz Pfarrwald</cmt>
		<desc>Parkplatz Pfarrwald</desc>
		<src>HessenForst</src>
	</wpt>
	<wpt lat="50.165653088998098" lon="8.7328917603162015">
		<name>FB-28</name>
		<cmt>Alte Bergener Straße</cmt>
		<desc>Alte Bergener Straße</desc>
		<src>HessenForst</src>
	</wpt>
	<wpt lat="51.175986730759199" lon="9.2224268231121869">
		<name>HR-18</name>
		<cmt>Bushaltestelle Grundschule</cmt>
		<desc>Bushaltestelle Grundschule</desc>
		<src>HessenForst</src>
	</wpt>
	<wpt lat="50.790195298786742" lon="8.3260658687211961">
		<name>LDK-411</name>
		<cmt>Bezirksstraße (Hotel Bauernstube)</cmt>
		<desc>Bezirksstraße (Hotel Bauernstube)</desc>
		<src>HessenForst</src>
	</wpt>
	<wpt lat="50.90663669505097" lon="8.5366545277032362">
		<name>MR-5</name>
		<cmt>B 62  Biedenkopf Abzw. Jugendheim/Forstamt</cmt>
		<desc>B 62  Biedenkopf Abzw. Jugendheim/Forstamt</desc>
		<src>HessenForst</src>
	</wpt>
	<wpt lat="49.599000374892086" lon="8.8472357453834913">
		<name>HP-426</name>
		<cmt>Affolterbach, Sportplatz</cmt>
		<desc>Affolterbach, Sportplatz</desc>
		<src>HessenForst</src>
	</wpt>
	<wpt lat="50.167127960302047" lon="8.9113161998955643">
		<name>MKK-608</name>
		<cmt>Kinzigheimer Hof</cmt>
		<desc>Kinzigheimer Hof</desc>
		<src>HessenForst</src>
	</wpt>
	<wpt lat="50.442745289313287" lon="8.4735276082664601">
		<name>LDK-382</name>
		<cmt>Eisenbahnbrücke Kröffelbach</cmt>
		<desc>Eisenbahnbrücke Kröffelbach</desc>
		<src>HessenForst</src>
	</wpt>
	<wpt lat="51.278581520561524" lon="8.9202304760581672">
		<name>KB-219</name>
		<cmt>Waldweg zur Kamphütte</cmt>
		<desc>Waldweg zur Kamphütte</desc>
		<src>HessenForst</src>
	</wpt>
	<wpt lat="49.544731422398598" lon="8.7322482780756054">
		<name>HP-224</name>
		<cmt>Buchklingen</cmt>
		<desc>Buchklingen</desc>
		<src>HessenForst</src>
	</wpt>
	<wpt lat="50.144231923479921" lon="8.991774136778897">
		<name>MKK-504</name>
		<cmt>Brücke über A 66 "Am Kaiserfeld"</cmt>
		<desc>Brücke über A 66 "Am Kaiserfeld"</desc>
		<src>HessenForst</src>
	</wpt>
	<wpt lat="50.342663045682293" lon="9.3985500167314022">
		<name>MKK-1012</name>
		<cmt>Kirchberg</cmt>
		<desc>Kirchberg</desc>
		<src>HessenForst</src>
	</wpt>
	<wpt lat="51.166201454633139" lon="8.9773001515257231">
		<name>KB-428</name>
		<cmt>Fischhaus Banfe</cmt>
		<desc>Fischhaus Banfe</desc>
		<src>HessenForst</src>
	</wpt>
	<wpt lat="50.429463112924871" lon="9.1324045751128065">
		<name>FB-73</name>
		<cmt>Forstbetriebswerkstatt</cmt>
		<desc>Forstbetriebswerkstatt</desc>
		<src>HessenForst</src>
	</wpt>
	<wpt lat="49.682375973114787" lon="8.8074318255450361">
		<name>ERB-52</name>
		<cmt>Gumpener Kreuz</cmt>
		<desc>Gumpener Kreuz</desc>
		<src>HessenForst</src>
	</wpt>
	<wpt lat="50.190446250737267" lon="8.3508278082590284">
		<name>MTK-29</name>
		<cmt>Naturparkplatz ¿Wolfskopf`</cmt>
		<desc>Naturparkplatz ¿Wolfskopf`</desc>
		<src>HessenForst</src>
	</wpt>
	<wpt lat="50.962505464277811" lon="8.8011170901647535">
		<name>KB-879</name>
		<cmt>Abzweig Wasserberg/Lärchenweg</cmt>
		<desc>Abzweig Wasserberg/Lärchenweg</desc>
		<src>HessenForst</src>
	</wpt>
	<wpt lat="50.863551063878468" lon="8.584958897547331">
		<name>MR-505</name>
		<cmt>Bushaltestelle Carlshütte (nach Abzw. Allendorf von der B 62 nach ca. 200 m)</cmt>
		<desc>Bushaltestelle Carlshütte (nach Abzw. Allendorf von der B 62 nach ca. 200 m)</desc>
		<src>HessenForst</src>
	</wpt>
	<wpt lat="50.871778724472783" lon="9.3611822776800739">
		<name>HR-908</name>
		<cmt>Schutzhütte Steinwaldwiese</cmt>
		<desc>Schutzhütte Steinwaldwiese</desc>
		<src>HessenForst</src>
	</wpt>
	<wpt lat="50.051704145060597" lon="8.7334883127334457">
		<name>OF-202</name>
		<cmt>Parkplatz "Brandschneise"</cmt>
		<desc>Parkplatz "Brandschneise"</desc>
		<src>HessenForst</src>
	</wpt>
	<wpt lat="50.532761135377498" lon="8.1241642250631294">
		<name>LM-338</name>
		<cmt>Kreuzung Waldweg "Großer Kuhweg" mit L 3109</cmt>
		<desc>Kreuzung Waldweg "Großer Kuhweg" mit L 3109</desc>
		<src>HessenForst</src>
	</wpt>
	<wpt lat="50.14959760406694" lon="8.3102074178625625">
		<name>RÜD-236</name>
		<cmt>Einmündung Forststraße 350 m nach BAB-Unterführung</cmt>
		<desc>Einmündung Forststraße 350 m nach BAB-Unterführung</desc>
		<src>HessenForst</src>
	</wpt>
	<wpt lat="50.559461637743915" lon="9.831865740988146">
		<name>FD-234</name>
		<cmt>Fuldaer Tor</cmt>
		<desc>Fuldaer Tor</desc>
		<src>HessenForst</src>
	</wpt>
	<wpt lat="50.674975829376258" lon="8.2083381888013403">
		<name>LDK-315</name>
		<cmt>Schönbach -&amp;gt; Breitscheid, Einfahrt Tongrube "Iphigenie"</cmt>
		<desc>Schönbach -&amp;gt; Breitscheid, Einfahrt Tongrube "Iphigenie"</desc>
		<src>HessenForst</src>
	</wpt>
	<wpt lat="49.707140650668002" lon="8.5241710652222977">
		<name>HP-304</name>
		<cmt>Wasserwerk Jägersburg</cmt>
		<desc>Wasserwerk Jägersburg</desc>
		<src>HessenForst</src>
	</wpt>
	<wpt lat="51.156746216109553" lon="10.146041636435449">
		<name>ESW-334</name>
		<cmt>Auffahrt Marienhof K 49</cmt>
		<desc>Auffahrt Marienhof K 49</desc>
		<src>HessenForst</src>
	</wpt>
	<wpt lat="49.664501942222259" lon="9.0764012725477858">
		<name>ERB-32</name>
		<cmt>Parkplatz Mangelsbach</cmt>
		<desc>Parkplatz Mangelsbach</desc>
		<src>HessenForst</src>
	</wpt>
	<wpt lat="51.080270216697009" lon="8.6499849323024627">
		<name>KB-709</name>
		<cmt>Modellflugplatz Bromskircher feld</cmt>
		<desc>Modellflugplatz Bromskircher feld</desc>
		<src>HessenForst</src>
	</wpt>
	<wpt lat="50.662135605595381" lon="8.4506165052170772">
		<name>LDK-125</name>
		<cmt>Kreuzung Bermoll-Bellersdorf</cmt>
		<desc>Kreuzung Bermoll-Bellersdorf</desc>
		<src>Stadt Aßlar</src>
	</wpt>
	<wpt lat="49.646566838337641" lon="8.7983733221488833">
		<name>HP-208</name>
		<cmt>Parkplatz "Scheppel" / Kinderheim-Naturparkplatz</cmt>
		<desc>Parkplatz "Scheppel" / Kinderheim-Naturparkplatz</desc>
		<src>HessenForst</src>
	</wpt>
	<wpt lat="50.74864802134168" lon="9.4313857294235905">
		<name>VB-175</name>
		<cmt>Reimenrod Richtung Bieben</cmt>
		<desc>Reimenrod Richtung Bieben</desc>
		<src>HessenForst</src>
	</wpt>
	<wpt lat="50.308104319415349" lon="8.1599621127272624">
		<name>LM-257</name>
		<cmt>Rathaus-Parkplatz Kirberg</cmt>
		<desc>Rathaus-Parkplatz Kirberg</desc>
		<src>HessenForst</src>
	</wpt>
	<wpt lat="50.155553013587415" lon="8.1781100432091964">
		<name>RÜD-216</name>
		<cmt>ASB-Rettungswache</cmt>
		<desc>ASB-Rettungswache</desc>
		<src>HessenForst</src>
	</wpt>
	<wpt lat="50.984388120225525" lon="8.7468187358693914">
		<name>KB-842</name>
		<cmt>Abzweig Würzebergweg</cmt>
		<desc>Abzweig Würzebergweg</desc>
		<src>HessenForst</src>
	</wpt>
	<wpt lat="51.09737068750438" lon="10.08786629019823">
		<name>ESW-429</name>
		<cmt>Ortseingang Netra, Streuobstwiese</cmt>
		<desc>Ortseingang Netra, Streuobstwiese</desc>
		<src>HessenForst</src>
	</wpt>
	<wpt lat="49.820412281874638" lon="8.4001077060443716">
		<name>GG-86</name>
		<cmt>Forsthaus Knoblochsaue</cmt>
		<desc>Forsthaus Knoblochsaue</desc>
		<src>HessenForst</src>
	</wpt>
	<wpt lat="50.433371517098159" lon="9.7024697049414854">
		<name>FD-271</name>
		<cmt>Almus</cmt>
		<desc>Almus</desc>
		<src>HessenForst</src>
	</wpt>
	<wpt lat="50.027476362959497" lon="8.9882070689585092">
		<name>OF-310</name>
		<cmt>Einfahrt Hurstweg Abt. 125/126</cmt>
		<desc>Einfahrt Hurstweg Abt. 125/126</desc>
		<src>HessenForst</src>
	</wpt>
	<wpt lat="49.611592676696297" lon="8.8113396790355534">
		<name>HP-215</name>
		<cmt>Parkplatz am Sendemast auf der Tromm</cmt>
		<desc>Parkplatz am Sendemast auf der Tromm</desc>
		<src>HessenForst</src>
	</wpt>
	<wpt lat="50.982086497310704" lon="8.5521694229224288">
		<name>KB-733</name>
		<cmt>Ehem. Forstamt Hatzfeld</cmt>
		<desc>Ehem. Forstamt Hatzfeld</desc>
		<src>HessenForst</src>
	</wpt>
	<wpt lat="49.491625472516958" lon="8.8326785192210497">
		<name>HP-409</name>
		<cmt>Unterschönmattenwag, Parkpl. bei Abzweig Heiligkreuzsteinach</cmt>
		<desc>Unterschönmattenwag, Parkpl. bei Abzweig Heiligkreuzsteinach</desc>
		<src>HessenForst</src>
	</wpt>
	<wpt lat="50.341162729933927" lon="9.5251669820055067">
		<name>MKK-85</name>
		<cmt>Hohenzeller Berg</cmt>
		<desc>Hohenzeller Berg</desc>
		<src>HessenForst</src>
	</wpt>
	<wpt lat="49.919335224900202" lon="8.965268845553549">
		<name>DA-331</name>
		<cmt>Straßenmühle</cmt>
		<desc>Straßenmühle</desc>
		<src>HessenForst</src>
	</wpt>
	<wpt lat="50.514028083995299" lon="9.5535396084342512">
		<name>FD-555</name>
		<cmt>Herrgottseiche</cmt>
		<desc>Herrgottseiche</desc>
		<src>HessenForst</src>
	</wpt>
	<wpt lat="50.724196396978265" lon="9.3659038372968979">
		<name>VB-191</name>
		<cmt>auf der alten Bahntrasse "Auerbergstation"</cmt>
		<desc>auf der alten Bahntrasse "Auerbergstation"</desc>
		<src>HessenForst</src>
	</wpt>
	<wpt lat="50.167782036075813" lon="9.2224934532589398">
		<name>MKK-234</name>
		<cmt>Haus der Jugend Geislitz</cmt>
		<desc>Haus der Jugend Geislitz</desc>
		<src>HessenForst</src>
	</wpt>
	<wpt lat="49.77764835430736" lon="9.0505353062292571">
		<name>ERB-118</name>
		<cmt>Parkbucht Kohlwald</cmt>
		<desc>Parkbucht Kohlwald</desc>
		<src>HessenForst</src>
	</wpt>
	<wpt lat="50.850722663160667" lon="8.787429350624425">
		<name>MR-219</name>
		<cmt>Polizeistation Cölbe</cmt>
		<desc>Polizeistation Cölbe</desc>
		<src>HessenForst</src>
	</wpt>
	<wpt lat="50.23691396823682" lon="8.9341864867856007">
		<name>MKK-901</name>
		<cmt>Waldrand Waldparkplatz</cmt>
		<desc>Waldrand Waldparkplatz</desc>
		<src>HessenForst</src>
	</wpt>
	<wpt lat="50.768913400627277" lon="8.3190621891944918">
		<name>LDK-396</name>
		<cmt>Schützenhaus Aussiederhof, "Untere Mühle"</cmt>
		<desc>Schützenhaus Aussiederhof, "Untere Mühle"</desc>
		<src>HessenForst</src>
	</wpt>
	<wpt lat="50.732909703191062" lon="9.4372249508071562">
		<name>VB-189</name>
		<cmt>Eulersdorf Richtung Eifa</cmt>
		<desc>Eulersdorf Richtung Eifa</desc>
		<src>HessenForst</src>
	</wpt>
	<wpt lat="50.418776152741437" lon="9.4813806763799562">
		<name>MKK-62</name>
		<cmt>Hintersteinau - Roseneller</cmt>
		<desc>Hintersteinau - Roseneller</desc>
		<src>HessenForst</src>
	</wpt>
	<wpt lat="50.157345305106588" lon="7.9106971709469018">
		<name>RÜD-129</name>
		<cmt>Friedhof Zorn</cmt>
		<desc>Friedhof Zorn</desc>
		<src>HessenForst</src>
	</wpt>
	<wpt lat="51.013530460423411" lon="9.2956884627890126">
		<name>HR-56</name>
		<cmt>Bushaltestelle Grundschule</cmt>
		<desc>Bushaltestelle Grundschule</desc>
		<src>HessenForst</src>
	</wpt>
	<wpt lat="50.730009296452124" lon="8.3752043386957808">
		<name>LDK-352</name>
		<cmt>Oberscheld -&amp;gt; Eisemroth, Abzweig Grube Frankenstein/Mülldeponie</cmt>
		<desc>Oberscheld -&amp;gt; Eisemroth, Abzweig Grube Frankenstein/Mülldeponie</desc>
		<src>HessenForst</src>
	</wpt>
	<wpt lat="51.10381877287022" lon="9.128865957678471">
		<name>KB-620</name>
		<cmt>Grillhütte Ense</cmt>
		<desc>Grillhütte Ense</desc>
		<src>HessenForst</src>
	</wpt>
	<wpt lat="51.197166751407877" lon="8.7853629219314904">
		<name>KB-505</name>
		<cmt>Aarweg, Richtung Fischzucht Rößler, vor dem Hegeberg</cmt>
		<desc>Aarweg, Richtung Fischzucht Rößler, vor dem Hegeberg</desc>
		<src>HessenForst</src>
	</wpt>
	<wpt lat="49.988623121587509" lon="8.6234883518392937">
		<name>OF-145</name>
		<cmt>Waldabteilung 21/23 Gem.-Wald Egelsbach</cmt>
		<desc>Waldabteilung 21/23 Gem.-Wald Egelsbach</desc>
		<src>HessenForst</src>
	</wpt>
	<wpt lat="50.167138958701585" lon="8.149144099003566">
		<name>RÜD-222</name>
		<cmt>Ampelanlage Ortsmitte Wingsbach</cmt>
		<desc>Ampelanlage Ortsmitte Wingsbach</desc>
		<src>HessenForst</src>
	</wpt>
	<wpt lat="50.238183263149736" lon="8.9961009099989226">
		<name>MKK-803</name>
		<cmt>Kreuzung Hanauer Str./Waldstr.</cmt>
		<desc>Kreuzung Hanauer Str./Waldstr.</desc>
		<src>HessenForst</src>
	</wpt>
	<wpt lat="50.529445351726203" lon="9.8013981376002093">
		<name>FD-245</name>
		<cmt>Unteralschberg</cmt>
		<desc>Unteralschberg</desc>
		<src>HessenForst</src>
	</wpt>
	<wpt lat="50.882732470105637" lon="9.3529058361560438">
		<name>HR-906</name>
		<cmt>Waldlehrpfad</cmt>
		<desc>Waldlehrpfad</desc>
		<src>HessenForst</src>
	</wpt>
	<wpt lat="50.62430255079132" lon="9.9968275122743915">
		<name>FD-701</name>
		<cmt>PW  Tann - Habelberg</cmt>
		<desc>PW  Tann - Habelberg</desc>
		<src>HessenForst</src>
	</wpt>
	<wpt lat="51.081365334331082" lon="9.040976971518603">
		<name>KB-624</name>
		<cmt>Bushaltestelle Hundsdorf</cmt>
		<desc>Bushaltestelle Hundsdorf</desc>
		<src>HessenForst</src>
	</wpt>
	<wpt lat="50.375139028270922" lon="8.2328245763700707">
		<name>LM-357</name>
		<cmt>Guckelmühle</cmt>
		<desc>Guckelmühle</desc>
		<src>HessenForst</src>
	</wpt>
	<wpt lat="51.285117142475102" lon="8.6633460282489967">
		<name>KB-152</name>
		<cmt>"Wilke Mühle"</cmt>
		<desc>"Wilke Mühle"</desc>
		<src>HessenForst</src>
	</wpt>
	<wpt lat="49.704576959582774" lon="9.0716594674567226">
		<name>ERB-29</name>
		<cmt>Grasbrunnenhütte Vielbrunn</cmt>
		<desc>Grasbrunnenhütte Vielbrunn</desc>
		<src>HessenForst</src>
	</wpt>
	<wpt lat="51.138228046391269" lon="9.0542815422339427">
		<name>KB-614</name>
		<cmt>Spicke-Ortsteil Kleinern</cmt>
		<desc>Spicke-Ortsteil Kleinern</desc>
		<src>HessenForst</src>
	</wpt>
	<wpt lat="49.923849347150622" lon="8.9406182122032707">
		<name>DA-330</name>
		<cmt>Bahnübergang</cmt>
		<desc>Bahnübergang</desc>
		<src>HessenForst</src>
	</wpt>
	<wpt lat="50.164135529235708" lon="9.145901250724517">
		<name>MKK-811</name>
		<cmt>Wasserhochbehälter</cmt>
		<desc>Wasserhochbehälter</desc>
		<src>HessenForst</src>
	</wpt>
	<wpt lat="49.958667794550152" lon="8.5425415352373673">
		<name>GG-46</name>
		<cmt>Zufahrt  Wertholzlagerplatz (aus Rtg. Groß-Gerau 500 m vor Nikolauspforte)</cmt>
		<desc>Zufahrt  Wertholzlagerplatz (aus Rtg. Groß-Gerau 500 m vor Nikolauspforte)</desc>
		<src>HessenForst</src>
	</wpt>
	<wpt lat="50.728694480801508" lon="9.5799533534429209">
		<name>VB-308</name>
		<cmt>Kirche Rimbach</cmt>
		<desc>Kirche Rimbach</desc>
		<src>HessenForst</src>
	</wpt>
	<wpt lat="50.418273685945707" lon="8.551998382448696">
		<name>LDK-378</name>
		<cmt>Einfahrt BW-Depot Weiperfelden</cmt>
		<desc>Einfahrt BW-Depot Weiperfelden</desc>
		<src>HessenForst</src>
	</wpt>
	<wpt lat="49.701906094308264" lon="8.4925047822546844">
		<name>HP-302</name>
		<cmt>Lindenstuhlschneise Biblis - Wasserwerk Biblis</cmt>
		<desc>Lindenstuhlschneise Biblis - Wasserwerk Biblis</desc>
		<src>HessenForst</src>
	</wpt>
	<wpt lat="49.616743190597752" lon="8.7155886946087637">
		<name>HP-221</name>
		<cmt>Friedhof Bonsweiher</cmt>
		<desc>Friedhof Bonsweiher</desc>
		<src>HessenForst</src>
	</wpt>
	<wpt lat="50.297946260871015" lon="9.4690039098969496">
		<name>MKK-13</name>
		<cmt>Schwarze Rolle</cmt>
		<desc>Schwarze Rolle</desc>
		<src>HessenForst</src>
	</wpt>
	<wpt lat="51.024775702873164" lon="8.9215672950634239">
		<name>KB-818</name>
		<cmt>Ortseinfahrt Mohnhausen</cmt>
		<desc>Ortseinfahrt Mohnhausen</desc>
		<src>HessenForst</src>
	</wpt>
	<wpt lat="51.274360276398191" lon="8.7324199802065223">
		<name>KB-162</name>
		<cmt>Ortseingang Welleringhausen</cmt>
		<desc>Ortseingang Welleringhausen</desc>
		<src>HessenForst</src>
	</wpt>
	<wpt lat="50.232283467988339" lon="8.5441711602767825">
		<name>HG-12</name>
		<cmt>Forellengut</cmt>
		<desc>Forellengut</desc>
		<src>HessenForst</src>
	</wpt>
	<wpt lat="51.183540251139171" lon="10.137494984321696">
		<name>ESW-325</name>
		<cmt>Abzweig Feldweg</cmt>
		<desc>Abzweig Feldweg</desc>
		<src>HessenForst</src>
	</wpt>
	<wpt lat="50.38177323853634" lon="9.1026513636564985">
		<name>FB-96</name>
		<cmt>Notrufsäule</cmt>
		<desc>Notrufsäule</desc>
		<src>HessenForst</src>
	</wpt>
	<wpt lat="49.946684371266471" lon="8.8119109836006917">
		<name>OF-103</name>
		<cmt>Parkplatz "Thomashütte", Abt. 56</cmt>
		<desc>Parkplatz "Thomashütte", Abt. 56</desc>
		<src>HessenForst</src>
	</wpt>
	<wpt lat="50.968736854240191" lon="8.777293045555087">
		<name>KB-851</name>
		<cmt>Anfang Hahnewiesen</cmt>
		<desc>Anfang Hahnewiesen</desc>
		<src>HessenForst</src>
	</wpt>
	<wpt lat="50.661521130522985" lon="8.6278926019257138">
		<name>GI-210</name>
		<cmt>Parkplatz Wertholzplatz</cmt>
		<desc>Parkplatz Wertholzplatz</desc>
		<src>HessenForst</src>
	</wpt>
	<wpt lat="50.044764345060585" lon="8.860280567652822">
		<name>OF-225</name>
		<cmt>Wasserweg "Birkich"</cmt>
		<desc>Wasserweg "Birkich"</desc>
		<src>HessenForst</src>
	</wpt>
	<wpt lat="50.673476045597852" lon="8.2336555037438774">
		<name>LDK-316</name>
		<cmt>Schönbach -&amp;gt; Amdorf, Sauer-Mühle</cmt>
		<desc>Schönbach -&amp;gt; Amdorf, Sauer-Mühle</desc>
		<src>HessenForst</src>
	</wpt>
	<wpt lat="50.640243518911831" lon="9.809168493399385">
		<name>FD-64</name>
		<cmt>Nüstbrücke Silges</cmt>
		<desc>Nüstbrücke Silges</desc>
		<src>HessenForst</src>
	</wpt>
	<wpt lat="50.548301935623222" lon="10.049818674799852">
		<name>FD-351</name>
		<cmt>Parkplatz Landesgrenze</cmt>
		<desc>Parkplatz Landesgrenze</desc>
		<src>HessenForst</src>
	</wpt>
	<wpt lat="49.714878448772147" lon="9.0873953123449507">
		<name>ERB-30</name>
		<cmt>Kreuzung Vielbrunn</cmt>
		<desc>Kreuzung Vielbrunn</desc>
		<src>HessenForst</src>
	</wpt>
	<wpt lat="50.093886925493273" lon="8.094292149653219">
		<name>RÜD-393</name>
		<cmt>P Hessenallee</cmt>
		<desc>P Hessenallee</desc>
		<src>HessenForst</src>
	</wpt>
	<wpt lat="49.724101330595502" lon="8.9183427023329536">
		<name>ERB-23</name>
		<cmt>Parkplatz Spreng-Böllstein</cmt>
		<desc>Parkplatz Spreng-Böllstein</desc>
		<src>HessenForst</src>
	</wpt>
	<wpt lat="51.102432185103929" lon="9.1181167072841323">
		<name>KB-619</name>
		<cmt>Parkplatz Marc - Turm</cmt>
		<desc>Parkplatz Marc - Turm</desc>
		<src>HessenForst</src>
	</wpt>
	<wpt lat="50.415626299152244" lon="8.1049865430645767">
		<name>LM-319</name>
		<cmt>Zufahrt a.d. Lahnbrücke NSG Schild</cmt>
		<desc>Zufahrt a.d. Lahnbrücke NSG Schild</desc>
		<src>HessenForst</src>
	</wpt>
	<wpt lat="50.435947809144096" lon="9.9308290589658128">
		<name>FD-610</name>
		<cmt>PW  Waldthsn. - Feuerwehrhaus Rodenbach</cmt>
		<desc>PW  Waldthsn. - Feuerwehrhaus Rodenbach</desc>
		<src>HessenForst</src>
	</wpt>
	<wpt lat="49.695253010700654" lon="8.6391966712277544">
		<name>HP-334</name>
		<cmt>Schönberger Herrnwingert, Wamb. Sand/Schönberger Sportplatz</cmt>
		<desc>Schönberger Herrnwingert, Wamb. Sand/Schönberger Sportplatz</desc>
		<src>HessenForst</src>
	</wpt>
	<wpt lat="50.682089873239477" lon="8.2554983716264001">
		<name>LDK-319</name>
		<cmt>Schönbach -&amp;gt; Amdorf, am Ortseingang Amdorf, Abzweig -&amp;gt; B 255</cmt>
		<desc>Schönbach -&amp;gt; Amdorf, am Ortseingang Amdorf, Abzweig -&amp;gt; B 255</desc>
		<src>HessenForst</src>
	</wpt>
	<wpt lat="51.096028972233668" lon="8.8007187145458499">
		<name>KB-536</name>
		<cmt>Waldrand (Abt.10) bei Schreufa, Einfahrt über Neubaugebiet "Alte Straße"</cmt>
		<desc>Waldrand (Abt.10) bei Schreufa, Einfahrt über Neubaugebiet "Alte Straße"</desc>
		<src>HessenForst</src>
	</wpt>
	<wpt lat="49.595964609313398" lon="8.5313095973425686">
		<name>HP-107</name>
		<cmt>"Schießstandkurve"</cmt>
		<desc>"Schießstandkurve"</desc>
		<src>HessenForst</src>
	</wpt>
	<wpt lat="50.988124927096628" lon="9.265592797327125">
		<name>HR-327</name>
		<cmt>Bushaltestelle</cmt>
		<desc>Bushaltestelle</desc>
		<src>HessenForst</src>
	</wpt>
	<wpt lat="50.565926405393434" lon="8.2374313776692674">
		<name>LM-103</name>
		<cmt>Spedition Späth, Hauptstraße 39</cmt>
		<desc>Spedition Späth, Hauptstraße 39</desc>
		<src>HessenForst</src>
	</wpt>
	<wpt lat="50.355819030366575" lon="8.7204374612866467">
		<name>FB-16</name>
		<cmt>Waldhaus, Gaststätte Da Capo</cmt>
		<desc>Waldhaus, Gaststätte Da Capo</desc>
		<src>HessenForst</src>
	</wpt>
	<wpt lat="50.268859995026503" lon="9.3320359692228472">
		<name>MKK-52</name>
		<cmt>Wasserwerk Neudorf</cmt>
		<desc>Wasserwerk Neudorf</desc>
		<src>HessenForst</src>
	</wpt>
	<wpt lat="51.04063138484068" lon="9.5458241359728628">
		<name>HR-804</name>
		<cmt>Forsthaus Eichelskopf</cmt>
		<desc>Forsthaus Eichelskopf</desc>
		<src>HessenForst</src>
	</wpt>
	<wpt lat="50.908864409924284" lon="9.4152604123178723">
		<name>HR-858</name>
		<cmt>Kreuzung "Windecke"</cmt>
		<desc>Kreuzung "Windecke"</desc>
		<src>HessenForst</src>
	</wpt>
	<wpt lat="51.258453695289091" lon="8.8142968268946973">
		<name>KB-209</name>
		<cmt>Parkplatz Hängetal</cmt>
		<desc>Parkplatz Hängetal</desc>
		<src>HessenForst</src>
	</wpt>
	<wpt lat="50.527401515398942" lon="8.0727462090531699">
		<name>LM-340</name>
		<cmt>Waldende an der L 3280 Langendernbach &amp;gt; Hausen</cmt>
		<desc>Waldende an der L 3280 Langendernbach &amp;gt; Hausen</desc>
		<src>HessenForst</src>
	</wpt>
	<wpt lat="49.973061751402206" lon="8.3334409566456067">
		<name>GG-41</name>
		<cmt>Kreuzung NATO-Straße - Winterdeich -</cmt>
		<desc>Kreuzung NATO-Straße - Winterdeich -</desc>
		<src>HessenForst</src>
	</wpt>
	<wpt lat="50.020612883073937" lon="8.6228763">
		<name>OF-142</name>
		<cmt>Eingang Langener Waldsee, Abt. 3</cmt>
		<desc>Eingang Langener Waldsee, Abt. 3</desc>
		<src>HessenForst</src>
	</wpt>
	<wpt lat="49.597877881442869" lon="8.4522819954782644">
		<name>HP-119</name>
		<cmt>"Am Bau"</cmt>
		<desc>"Am Bau"</desc>
		<src>HessenForst</src>
	</wpt>
	<wpt lat="50.165861423879363" lon="7.9420730222186178">
		<name>RÜD-126</name>
		<cmt>Abfahrt Dickschied / Nauroth einzelnes Haus</cmt>
		<desc>Abfahrt Dickschied / Nauroth einzelnes Haus</desc>
		<src>HessenForst</src>
	</wpt>
	<wpt lat="50.94302805970986" lon="9.1827691820582054">
		<name>HR-426</name>
		<cmt>Gerichtsbäume Dittershausen</cmt>
		<desc>Gerichtsbäume Dittershausen</desc>
		<src>HessenForst</src>
	</wpt>
	<wpt lat="50.432322489555176" lon="9.3240593729823225">
		<name>MKK-18</name>
		<cmt>Lichenroth</cmt>
		<desc>Lichenroth</desc>
		<src>HessenForst</src>
	</wpt>
	<wpt lat="50.054928823146028" lon="8.9056681791015571">
		<name>OF-237</name>
		<cmt>Überfahrt südliche Seite</cmt>
		<desc>Überfahrt südliche Seite</desc>
		<src>HessenForst</src>
	</wpt>
	<wpt lat="51.139926706629531" lon="8.8420643131575805">
		<name>KB-257</name>
		<cmt>Ortsausgang Niederorke Richtung Sachsenberg</cmt>
		<desc>Ortsausgang Niederorke Richtung Sachsenberg</desc>
		<src>HessenForst</src>
	</wpt>
	<wpt lat="50.346382782110318" lon="9.3536920586130101">
		<name>MKK-28</name>
		<cmt>Obersotzbach</cmt>
		<desc>Obersotzbach</desc>
		<src>HessenForst</src>
	</wpt>
	<wpt lat="50.404602303819608" lon="8.3683198077124423">
		<name>LM-220</name>
		<cmt>Feldwegekreuzung mit K 443 über Rohnstadt</cmt>
		<desc>Feldwegekreuzung mit K 443 über Rohnstadt</desc>
		<src>HessenForst</src>
	</wpt>
	<wpt lat="50.504469353579296" lon="9.5455803819564213">
		<name>FD-556</name>
		<cmt>Wasserwerk Siebertsheiligen</cmt>
		<desc>Wasserwerk Siebertsheiligen</desc>
		<src>HessenForst</src>
	</wpt>
	<wpt lat="50.292553026096691" lon="9.5131201593392589">
		<name>MKK-109</name>
		<cmt>Bellings - Im Buch</cmt>
		<desc>Bellings - Im Buch</desc>
		<src>HessenForst</src>
	</wpt>
	<wpt lat="50.749450027009601" lon="8.4104223045739204">
		<name>LDK-341</name>
		<cmt>Eisemrother Straße Ecke Tringensteiner Straße</cmt>
		<desc>Eisemrother Straße Ecke Tringensteiner Straße</desc>
		<src>HessenForst</src>
	</wpt>
	<wpt lat="50.411207535472222" lon="8.3476577699760206">
		<name>LM-221</name>
		<cmt>"Weiße Brücke" L 3021 / K444</cmt>
		<desc>"Weiße Brücke" L 3021 / K444</desc>
		<src>HessenForst</src>
	</wpt>
	<wpt lat="51.197235778654424" lon="8.7669787369148828">
		<name>KB-504</name>
		<cmt>Aarweg, Richtung Fischzucht Rößler, -Aarschröder</cmt>
		<desc>Aarweg, Richtung Fischzucht Rößler, -Aarschröder</desc>
		<src>HessenForst</src>
	</wpt>
	<wpt lat="49.621097601869195" lon="8.9718830476794444">
		<name>ERB-47</name>
		<cmt>Kreuzung Höhenweg</cmt>
		<desc>Kreuzung Höhenweg</desc>
		<src>HessenForst</src>
	</wpt>
	<wpt lat="51.15812774971139" lon="9.197269515289344">
		<name>HR-20</name>
		<cmt>3 Eichen</cmt>
		<desc>3 Eichen</desc>
		<src>HessenForst</src>
	</wpt>
	<wpt lat="50.402139545348128" lon="9.5306581476781638">
		<name>FD-519</name>
		<cmt>DGH Höf und Haid</cmt>
		<desc>DGH Höf und Haid</desc>
		<src>HessenForst</src>
	</wpt>
	<wpt lat="50.138284441980844" lon="9.0150174584541816">
		<name>MKK-202</name>
		<cmt>Altenzentrum Rodenbach Parkplatz</cmt>
		<desc>Altenzentrum Rodenbach Parkplatz</desc>
		<src>HessenForst</src>
	</wpt>
	<wpt lat="51.107929101530871" lon="9.1482799965209658">
		<name>KB-633</name>
		<cmt>Abfahrt zur Steinbrücke</cmt>
		<desc>Abfahrt zur Steinbrücke</desc>
		<src>HessenForst</src>
	</wpt>
	<wpt lat="50.456925815840975" lon="8.3536595652344676">
		<name>LM-203</name>
		<cmt>Sportplaltz Ernsthausen</cmt>
		<desc>Sportplaltz Ernsthausen</desc>
		<src>HessenForst</src>
	</wpt>
	<wpt lat="51.490798207554562" lon="9.5463871536275064">
		<name>KS-132</name>
		<cmt>Hemelberg</cmt>
		<desc>Hemelberg</desc>
		<src>HessenForst</src>
	</wpt>
	<wpt lat="50.040399287493308" lon="8.709580098026187">
		<name>OF-123</name>
		<cmt>Bushalte Waldfriedhof Buchenbusch</cmt>
		<desc>Bushalte Waldfriedhof Buchenbusch</desc>
		<src>HessenForst</src>
	</wpt>
	<wpt lat="50.993314725490379" lon="9.3982098974565087">
		<name>HR-835</name>
		<cmt>Abfahrt "Klein Sondheim"</cmt>
		<desc>Abfahrt "Klein Sondheim"</desc>
		<src>HessenForst</src>
	</wpt>
	<wpt lat="51.227455488422422" lon="10.015744901457429">
		<name>ESW-306</name>
		<cmt>Kleiner Parkplatz gegenüber Pochmühle</cmt>
		<desc>Kleiner Parkplatz gegenüber Pochmühle</desc>
		<src>HessenForst</src>
	</wpt>
	<wpt lat="50.391907206019951" lon="8.5402892324064936">
		<name>FB-180</name>
		<cmt>Wanderparkplatz Wellerstraße</cmt>
		<desc>Wanderparkplatz Wellerstraße</desc>
		<src>HessenForst</src>
	</wpt>
	<wpt lat="50.696095035230975" lon="8.7796405110230307">
		<name>MR-328</name>
		<cmt>Hofgut Fortbach</cmt>
		<desc>Hofgut Fortbach</desc>
		<src>HessenForst</src>
	</wpt>
	<wpt lat="50.751589689994205" lon="8.774981267013942">
		<name>MR-436</name>
		<cmt>in Bortshausen Einmündung der Bodenfeldstraße auf die Straße nach Ebsdorf ( L 3089)</cmt>
		<desc>in Bortshausen Einmündung der Bodenfeldstraße auf die Straße nach Ebsdorf ( L 3089)</desc>
		<src>HessenForst</src>
	</wpt>
	<wpt lat="50.744676531992049" lon="9.317808911871186">
		<name>VB-198</name>
		<cmt>Parkplatz ehemaliger BGS-Schießstand</cmt>
		<desc>Parkplatz ehemaliger BGS-Schießstand</desc>
		<src>HessenForst</src>
	</wpt>
	<wpt lat="51.420437029286667" lon="9.6419884464290764">
		<name>KS-217</name>
		<cmt>Forsthaus Wildhaus</cmt>
		<desc>Forsthaus Wildhaus</desc>
		<src>HessenForst</src>
	</wpt>
	<wpt lat="51.301302717968994" lon="9.4121130838008202">
		<name>KS-587</name>
		<cmt>Über Druseltalstr., gegenüber "Augustinum" Forsthaus Wahlershausen</cmt>
		<desc>Über Druseltalstr., gegenüber "Augustinum" Forsthaus Wahlershausen</desc>
		<src>HessenForst</src>
	</wpt>
	<wpt lat="51.09497695861247" lon="8.6142122173332449">
		<name>KB-704</name>
		<cmt>Schützenhalle Bromskirchen</cmt>
		<desc>Schützenhalle Bromskirchen</desc>
		<src>HessenForst</src>
	</wpt>
	<wpt lat="50.772510276713248" lon="8.3057881504359301">
		<name>LDK-304</name>
		<cmt>Bahnhofstr., Bahnhof</cmt>
		<desc>Bahnhofstr., Bahnhof</desc>
		<src>HessenForst</src>
	</wpt>
	<wpt lat="50.936401323173769" lon="9.3107318407615924">
		<name>HR-885</name>
		<cmt>Rastplatz Nähe Forsthaus Kornberg</cmt>
		<desc>Rastplatz Nähe Forsthaus Kornberg</desc>
		<src>HessenForst</src>
	</wpt>
	<wpt lat="51.593796181321601" lon="9.4089026334409276">
		<name>KS-19</name>
		<cmt>Abzweig Langenthal Ortsmitte Deisel</cmt>
		<desc>Abzweig Langenthal Ortsmitte Deisel</desc>
		<src>HessenForst</src>
	</wpt>
	<wpt lat="51.075215831691096" lon="9.1853458549442575">
		<name>HR-302</name>
		<cmt>Teichanlage Betzigerode</cmt>
		<desc>Teichanlage Betzigerode</desc>
		<src>HessenForst</src>
	</wpt>
	<wpt lat="50.492954572182782" lon="9.6443081694598476">
		<name>FD-512</name>
		<cmt>Fuldaer Berg</cmt>
		<desc>Fuldaer Berg</desc>
		<src>HessenForst</src>
	</wpt>
	<wpt lat="50.744643450167935" lon="9.8142628848854248">
		<name>FD-41</name>
		<cmt>Wanderparkplatz Rückersberg</cmt>
		<desc>Wanderparkplatz Rückersberg</desc>
		<src>HessenForst</src>
	</wpt>
	<wpt lat="50.841079683659146" lon="8.8133367702765799">
		<name>MR-405</name>
		<cmt>B 3/B 62 (K 14)</cmt>
		<desc>B 3/B 62 (K 14)</desc>
		<src>HessenForst</src>
	</wpt>
	<wpt lat="50.291748758423289" lon="8.3255064286225018">
		<name>LM-248</name>
		<cmt>Kreuzung L 3031 "Kuhweg"</cmt>
		<desc>Kreuzung L 3031 "Kuhweg"</desc>
		<src>HessenForst</src>
	</wpt>
	<wpt lat="51.18257387073389" lon="8.8858980387917867">
		<name>KB-240</name>
		<cmt>Bahnschranke an der Ederbrücke, Richtung Buchenberg, Parkplatz "Mombeck"</cmt>
		<desc>Bahnschranke an der Ederbrücke, Richtung Buchenberg, Parkplatz "Mombeck"</desc>
		<src>HessenForst</src>
	</wpt>
	<wpt lat="50.16224072708787" lon="8.8735930661842328">
		<name>MKK-708</name>
		<cmt>Waldrand am Kleinmüllplatz Wachenbuchen</cmt>
		<desc>Waldrand am Kleinmüllplatz Wachenbuchen</desc>
		<src>HessenForst</src>
	</wpt>
	<wpt lat="50.445202327792202" lon="9.2203626121519875">
		<name>FB-128</name>
		<cmt>Notrufsäule</cmt>
		<desc>Notrufsäule</desc>
		<src>HessenForst</src>
	</wpt>
	<wpt lat="49.942863481181398" lon="8.4990283968026201">
		<name>GG-63</name>
		<cmt>Waldeingang Mönchbruchpfadschneise (Amadya), Parkpl. Woogsdamm</cmt>
		<desc>Waldeingang Mönchbruchpfadschneise (Amadya), Parkpl. Woogsdamm</desc>
		<src>HessenForst</src>
	</wpt>
	<wpt lat="50.720170002669541" lon="9.0189290802072097">
		<name>VB-107</name>
		<cmt>PP Hardtschlucht</cmt>
		<desc>PP Hardtschlucht</desc>
		<src>HessenForst</src>
	</wpt>
	<wpt lat="50.180534621358049" lon="7.9841774783872319">
		<name>RÜD-116</name>
		<cmt>Langschieder Stock</cmt>
		<desc>Langschieder Stock</desc>
		<src>HessenForst</src>
	</wpt>
	<wpt lat="50.306699212122219" lon="9.5926652961466772">
		<name>MKK-101</name>
		<cmt>Weiperz</cmt>
		<desc>Weiperz</desc>
		<src>HessenForst</src>
	</wpt>
	<wpt lat="50.554814703228786" lon="8.3082607105665289">
		<name>LDK-4</name>
		<cmt>Dorfgemeinschaftshaus Bissenberg</cmt>
		<desc>Dorfgemeinschaftshaus Bissenberg</desc>
		<src>HessenForst</src>
	</wpt>
	<wpt lat="50.014279043364866" lon="8.9156928398199717">
		<name>OF-236</name>
		<cmt>Gärtnerei "Fischer"</cmt>
		<desc>Gärtnerei "Fischer"</desc>
		<src>HessenForst</src>
	</wpt>
	<wpt lat="50.514609356872455" lon="9.8168047446888611">
		<name>FD-240</name>
		<cmt>Kieshof</cmt>
		<desc>Kieshof</desc>
		<src>HessenForst</src>
	</wpt>
	<wpt lat="50.952736645330525" lon="9.4602544180043644">
		<name>HR-847</name>
		<cmt>Lochbachstraße</cmt>
		<desc>Lochbachstraße</desc>
		<src>HessenForst</src>
	</wpt>
	<wpt lat="51.288008764277436" lon="8.6812431843977969">
		<name>KB-153</name>
		<cmt>NSG "Osterkopf" Hochstrasse</cmt>
		<desc>NSG "Osterkopf" Hochstrasse</desc>
		<src>HessenForst</src>
	</wpt>
	<wpt lat="50.98646897537521" lon="9.3045219737322427">
		<name>HR-876</name>
		<cmt>Schäferei Rindt</cmt>
		<desc>Schäferei Rindt</desc>
		<src>HessenForst</src>
	</wpt>
	<wpt lat="50.493902685989923" lon="8.1385530520076621">
		<name>LM-335</name>
		<cmt>"Schlagmühle"</cmt>
		<desc>"Schlagmühle"</desc>
		<src>HessenForst</src>
	</wpt>
	<wpt lat="51.184672750466966" lon="8.8011504922495085">
		<name>KB-507</name>
		<cmt>Niggenbeck / Haus Fam. Wanke, Abzweig "Zum Mainholz"</cmt>
		<desc>Niggenbeck / Haus Fam. Wanke, Abzweig "Zum Mainholz"</desc>
		<src>HessenForst</src>
	</wpt>
	<wpt lat="49.888115953155463" lon="9.0157514714915354">
		<name>DA-337</name>
		<cmt>DGH Waldeingang südlich Radheim</cmt>
		<desc>DGH Waldeingang südlich Radheim</desc>
		<src>HessenForst</src>
	</wpt>
	<wpt lat="51.229134254772504" lon="9.3304858127027419">
		<name>HR-6</name>
		<cmt>westl. Ortseinfahrt Ermetheis</cmt>
		<desc>westl. Ortseinfahrt Ermetheis</desc>
		<src>HessenForst</src>
	</wpt>
	<wpt lat="49.95254774176329" lon="8.5793743142920018">
		<name>GG-49</name>
		<cmt>Abzweigung L 3113/Wiesentalschneiße; Waldzufahrt</cmt>
		<desc>Abzweigung L 3113/Wiesentalschneiße; Waldzufahrt</desc>
		<src>HessenForst</src>
	</wpt>
	<wpt lat="51.343171074069311" lon="8.7640168226232156">
		<name>KB-115</name>
		<cmt>Bushaltestelle Sudeck Ortsmitte</cmt>
		<desc>Bushaltestelle Sudeck Ortsmitte</desc>
		<src>HessenForst</src>
	</wpt>
	<wpt lat="50.202720589832367" lon="9.0691854932780434">
		<name>MKK-119</name>
		<cmt>Zufahrt Geißfurthmühle</cmt>
		<desc>Zufahrt Geißfurthmühle</desc>
		<src>HessenForst</src>
	</wpt>
	<wpt lat="49.959112217420838" lon="9.0045385391306727">
		<name>DA-323</name>
		<cmt>B 26 Zufahrt Kiesgrube Weiß, Notrufsäule</cmt>
		<desc>B 26 Zufahrt Kiesgrube Weiß, Notrufsäule</desc>
		<src>HessenForst</src>
	</wpt>
	<wpt lat="50.814628641230065" lon="9.041414651267667">
		<name>MR-316</name>
		<cmt>Hessenkaserne</cmt>
		<desc>Hessenkaserne</desc>
		<src>HessenForst</src>
	</wpt>
	<wpt lat="50.539058020432087" lon="8.2265663488911986">
		<name>LM-109</name>
		<cmt>"Alte Straße"</cmt>
		<desc>"Alte Straße"</desc>
		<src>HessenForst</src>
	</wpt>
	<wpt lat="50.400713492667222" lon="8.0048584666382627">
		<name>LM-307</name>
		<cmt>Staffel - Görgeshausen Bundeswehr Depot (Tierheim)</cmt>
		<desc>Staffel - Görgeshausen Bundeswehr Depot (Tierheim)</desc>
		<src>HessenForst</src>
	</wpt>
	<wpt lat="49.702481051441893" lon="8.9197509264582351">
		<name>ERB-11</name>
		<cmt>Parkplatz Hoher Zorn/Spreng</cmt>
		<desc>Parkplatz Hoher Zorn/Spreng</desc>
		<src>HessenForst</src>
	</wpt>
	<wpt lat="50.871245423235123" lon="8.2959639438977266">
		<name>LDK-423</name>
		<cmt>Ortsteil Sohl, Ortsende an der Landesgrenze</cmt>
		<desc>Ortsteil Sohl, Ortsende an der Landesgrenze</desc>
		<src>HessenForst</src>
	</wpt>
	<wpt lat="50.487272763519236" lon="9.0353073668838437">
		<name>FB-64</name>
		<cmt>Bushaltestelle</cmt>
		<desc>Bushaltestelle</desc>
		<src>HessenForst</src>
	</wpt>
	<wpt lat="49.583840015984308" lon="8.5046242724198677">
		<name>HP-115</name>
		<cmt>"Gasthaus Heide"</cmt>
		<desc>"Gasthaus Heide"</desc>
		<src>HessenForst</src>
	</wpt>
	<wpt lat="50.43667753820958" lon="9.8394418309262424">
		<name>FD-310</name>
		<cmt>Sportplatz Gichenbach</cmt>
		<desc>Sportplatz Gichenbach</desc>
		<src>HessenForst</src>
	</wpt>
	<wpt lat="50.170777960231433" lon="9.1411069247251291">
		<name>MKK-812</name>
		<cmt>Waldparkplatz</cmt>
		<desc>Waldparkplatz</desc>
		<src>HessenForst</src>
	</wpt>
	<wpt lat="51.045115727706346" lon="8.6485976735883145">
		<name>KB-808</name>
		<cmt>Abzweig des Ziegen-pfades von der B 236</cmt>
		<desc>Abzweig des Ziegen-pfades von der B 236</desc>
		<src>HessenForst</src>
	</wpt>
	<wpt lat="51.002436247297354" lon="8.6877853616747291">
		<name>KB-726</name>
		<cmt>Pfarrücken</cmt>
		<desc>Pfarrücken</desc>
		<src>HessenForst</src>
	</wpt>
	<wpt lat="50.983605121307221" lon="8.5725409151749687">
		<name>KB-734</name>
		<cmt>Steinbruch Eifa</cmt>
		<desc>Steinbruch Eifa</desc>
		<src>HessenForst</src>
	</wpt>
	<wpt lat="50.469719874255254" lon="10.020063064945882">
		<name>FD-330</name>
		<cmt>Parkplatz Schornhecke</cmt>
		<desc>Parkplatz Schornhecke</desc>
		<src>HessenForst</src>
	</wpt>
	<wpt lat="50.478998270839504" lon="8.0681783861726135">
		<name>LM-303</name>
		<cmt>Parkplatz Schützenhaus Oberzeuzheim</cmt>
		<desc>Parkplatz Schützenhaus Oberzeuzheim</desc>
		<src>HessenForst</src>
	</wpt>
	<wpt lat="50.993579366844983" lon="8.7321932965202578">
		<name>KB-835</name>
		<cmt>Nikolausmühle</cmt>
		<desc>Nikolausmühle</desc>
		<src>HessenForst</src>
	</wpt>
	<wpt lat="50.338433187625213" lon="9.4243598564008817">
		<name>MKK-35</name>
		<cmt>Schwadelsberg</cmt>
		<desc>Schwadelsberg</desc>
		<src>HessenForst</src>
	</wpt>
	<wpt lat="51.037274202164845" lon="10.000896161897558">
		<name>ESW-438</name>
		<cmt>Buchberg</cmt>
		<desc>Buchberg</desc>
		<src>HessenForst</src>
	</wpt>
	<wpt lat="51.573957976756148" lon="9.5458445539578509">
		<name>KS-107</name>
		<cmt>Hahneberg</cmt>
		<desc>Hahneberg</desc>
		<src>HessenForst</src>
	</wpt>
	<wpt lat="49.948981792922218" lon="8.5812245355120869">
		<name>GG-50</name>
		<cmt>Abzw. L 3113/Die Trift; ehem. Forsthaus Apfelbachbrücke</cmt>
		<desc>Abzw. L 3113/Die Trift; ehem. Forsthaus Apfelbachbrücke</desc>
		<src>HessenForst</src>
	</wpt>
	<wpt lat="51.063415121603981" lon="8.7541876253846471">
		<name>KB-554</name>
		<cmt>Abzweig von der L 3073 zum Schießstand (Waldrandweg)</cmt>
		<desc>Abzweig von der L 3073 zum Schießstand (Waldrandweg)</desc>
		<src>HessenForst</src>
	</wpt>
	<wpt lat="50.922461184811951" lon="8.610771799967404">
		<name>MR-12</name>
		<cmt>Engelbach Ortseingang Süd</cmt>
		<desc>Engelbach Ortseingang Süd</desc>
		<src>HessenForst</src>
	</wpt>
	<wpt lat="50.027506714325241" lon="8.7212572171969853">
		<name>OF-125</name>
		<cmt>Waldparkplatz Bestewiesen Schneise</cmt>
		<desc>Waldparkplatz Bestewiesen Schneise</desc>
		<src>HessenForst</src>
	</wpt>
	<wpt lat="51.04612867474011" lon="8.6699758707116246">
		<name>KB-812</name>
		<cmt>Abzweig Schießstand "Hafftal"</cmt>
		<desc>Abzweig Schießstand "Hafftal"</desc>
		<src>HessenForst</src>
	</wpt>
	<wpt lat="50.843990411554131" lon="8.5049452796097071">
		<name>MR-514</name>
		<cmt>Zimmerei Jowanowitsch in Hommertshs.</cmt>
		<desc>Zimmerei Jowanowitsch in Hommertshs.</desc>
		<src>HessenForst</src>
	</wpt>
	<wpt lat="51.308474488366294" lon="8.8534357489709503">
		<name>KB-202</name>
		<cmt>Einfahrt Parkplatz</cmt>
		<desc>Einfahrt Parkplatz</desc>
		<src>HessenForst</src>
	</wpt>
	<wpt lat="50.477025335106667" lon="8.4429893117945323">
		<name>LDK-24</name>
		<cmt>Niederquembach &amp;gt; Kraftsolms Abzweig Altenkirchen</cmt>
		<desc>Niederquembach &amp;gt; Kraftsolms Abzweig Altenkirchen</desc>
		<src>HessenForst</src>
	</wpt>
	<wpt lat="49.680556173101621" lon="9.08099095885267">
		<name>ERB-31</name>
		<cmt>Parkplatz Abzweig B 47 - L 3349 Vielbrunn</cmt>
		<desc>Parkplatz Abzweig B 47 - L 3349 Vielbrunn</desc>
		<src>HessenForst</src>
	</wpt>
	<wpt lat="50.130472356661649" lon="8.4062150628961199">
		<name>MTK-19</name>
		<cmt>Parkplatz Donaubrücke</cmt>
		<desc>Parkplatz Donaubrücke</desc>
		<src>HessenForst</src>
	</wpt>
	<wpt lat="49.620846539114574" lon="8.9377564224793797">
		<name>ERB-10</name>
		<cmt>Mossautalhalle</cmt>
		<desc>Mossautalhalle</desc>
		<src>HessenForst</src>
	</wpt>
	<wpt lat="51.464304053270091" lon="9.3131108508619072">
		<name>KS-546</name>
		<cmt>Von Hofg. B 83, L 3212 kurz vor Niedermeiser, geteerter Wirtschaftsw. Schräg rechts hoch, Rosenb.</cmt>
		<desc>Von Hofg. B 83, L 3212 kurz vor Niedermeiser, geteerter Wirtschaftsw. Schräg rechts hoch, Rosenb.</desc>
		<src>HessenForst</src>
	</wpt>
	<wpt lat="50.49593199335991" lon="8.3335189202353455">
		<name>LM-122</name>
		<cmt>Bushaltestelle  "Weilburg-Hirschhausen-Ortsmitte"</cmt>
		<desc>Bushaltestelle  "Weilburg-Hirschhausen-Ortsmitte"</desc>
		<src>HessenForst</src>
	</wpt>
	<wpt lat="50.065591668405652" lon="7.8219538143354779">
		<name>RÜD-356</name>
		<cmt>Zufahrt Panzerstraße</cmt>
		<desc>Zufahrt Panzerstraße</desc>
		<src>HessenForst</src>
	</wpt>
	<wpt lat="50.85391295467462" lon="9.1120173063623611">
		<name>MR-227</name>
		<cmt>Neustadt, Feuerwehrgerätehaus</cmt>
		<desc>Neustadt, Feuerwehrgerätehaus</desc>
		<src>HessenForst</src>
	</wpt>
	<wpt lat="50.99040006336309" lon="8.6995573357349318">
		<name>MR-100</name>
		<cmt>Parkplatz B 236 (Lichtenberg)</cmt>
		<desc>Parkplatz B 236 (Lichtenberg)</desc>
		<src>HessenForst</src>
	</wpt>
	<wpt lat="50.216468003669206" lon="8.0193688814833166">
		<name>RÜD-109</name>
		<cmt>Wochenendsiedlung</cmt>
		<desc>Wochenendsiedlung</desc>
		<src>HessenForst</src>
	</wpt>
	<wpt lat="51.099526592161965" lon="8.7869658888967273">
		<name>KB-535</name>
		<cmt>Abzweig Forstweg Abt.16 von L 3076, gegenüber Nuhne-Wasserpegelhaus</cmt>
		<desc>Abzweig Forstweg Abt.16 von L 3076, gegenüber Nuhne-Wasserpegelhaus</desc>
		<src>HessenForst</src>
	</wpt>
	<wpt lat="50.427500277498901" lon="8.4117455950980844">
		<name>LM-215</name>
		<cmt>Erste Kreuzung Dietenhausen (Laach)</cmt>
		<desc>Erste Kreuzung Dietenhausen (Laach)</desc>
		<src>HessenForst</src>
	</wpt>
	<wpt lat="49.977016054086889" lon="8.5069445130746129">
		<name>GG-34</name>
		<cmt>Abzw. B 486/Parkpl.Jagdschloss Mönchbruch; Waldparkpl. Jagdschloss Mönchbruch/Mönchbruchmühle</cmt>
		<desc>Abzw. B 486/Parkpl.Jagdschloss Mönchbruch; Waldparkpl. Jagdschloss Mönchbruch/Mönchbruchmühle</desc>
		<src>HessenForst</src>
	</wpt>
	<wpt lat="49.647373130262345" lon="9.0239838067977516">
		<name>ERB-37</name>
		<cmt>Parkplatz Ruheforst</cmt>
		<desc>Parkplatz Ruheforst</desc>
		<src>HessenForst</src>
	</wpt>
	<wpt lat="51.340369689234912" lon="8.8300635862424457">
		<name>KB-120</name>
		<cmt>Parkplatz Grillhütte Wirmighausen</cmt>
		<desc>Parkplatz Grillhütte Wirmighausen</desc>
		<src>HessenForst</src>
	</wpt>
	<wpt lat="49.955339231221167" lon="8.4752463457817733">
		<name>GG-54</name>
		<cmt>verl. Berzallee westl. der Autobahnüberführung</cmt>
		<desc>verl. Berzallee westl. der Autobahnüberführung</desc>
		<src>HessenForst</src>
	</wpt>
	<wpt lat="50.814834694960815" lon="8.789938001267636">
		<name>MR-413</name>
		<cmt>Spiegellust-Turm</cmt>
		<desc>Spiegellust-Turm</desc>
		<src>HessenForst</src>
	</wpt>
	<wpt lat="49.833511453505366" lon="8.4697786870795699">
		<name>GG-81</name>
		<cmt>Altrheinbrücke; Parkplatz "Richthofenparkplatz"</cmt>
		<desc>Altrheinbrücke; Parkplatz "Richthofenparkplatz"</desc>
		<src>HessenForst</src>
	</wpt>
	<wpt lat="49.67664840474648" lon="8.8827895495996074">
		<name>ERB-14</name>
		<cmt>Parkplatz am NSG "Stollwiese"</cmt>
		<desc>Parkplatz am NSG "Stollwiese"</desc>
		<src>HessenForst</src>
	</wpt>
	<wpt lat="50.984541271015331" lon="9.204479761018467">
		<name>HR-341</name>
		<cmt>Einfahrt Goldbachtal</cmt>
		<desc>Einfahrt Goldbachtal</desc>
		<src>HessenForst</src>
	</wpt>
	<wpt lat="51.592191230966122" lon="9.5210455735096868">
		<name>KS-25</name>
		<cmt>Abzweig Höhenstraße zur Sababurg Wackenbruchstraße</cmt>
		<desc>Abzweig Höhenstraße zur Sababurg Wackenbruchstraße</desc>
		<src>HessenForst</src>
	</wpt>
	<wpt lat="49.719143440119488" lon="8.8685618550129472">
		<name>ERB-56</name>
		<cmt>Volksbank</cmt>
		<desc>Volksbank</desc>
		<src>HessenForst</src>
	</wpt>
	<wpt lat="49.960446344842559" lon="8.8359091184372041">
		<name>OF-106</name>
		<cmt>Waldeingang Abt. 2 / 4</cmt>
		<desc>Waldeingang Abt. 2 / 4</desc>
		<src>HessenForst</src>
	</wpt>
	<wpt lat="50.071325478403516" lon="8.7362016886225362">
		<name>OF-204</name>
		<cmt>Einfahrt "Heusenstammer Schneise" West</cmt>
		<desc>Einfahrt "Heusenstammer Schneise" West</desc>
		<src>HessenForst</src>
	</wpt>
	<wpt lat="50.446137187681458" lon="9.7067982096717742">
		<name>FD-270</name>
		<cmt>Rippberg Süd-Ost</cmt>
		<desc>Rippberg Süd-Ost</desc>
		<src>HessenForst</src>
	</wpt>
	<wpt lat="50.690332016505089" lon="8.1411641038811844">
		<name>LDK-212</name>
		<cmt>Rabenscheid Richtung Langenaubach; Zufahrt Sportplatz Rabenscheid; Waldwegekreuzung hinter Sportplatz</cmt>
		<desc>Rabenscheid Richtung Langenaubach; Zufahrt Sportplatz Rabenscheid; Waldwegekreuzung hinter Sportplatz</desc>
		<src>HessenForst</src>
	</wpt>
	<wpt lat="50.851184711905937" lon="9.2238464098238246">
		<name>HR-917</name>
		<cmt>Parkplatz Grundschule Merzhsn.</cmt>
		<desc>Parkplatz Grundschule Merzhsn.</desc>
		<src>HessenForst</src>
	</wpt>
	<wpt lat="50.430871136889706" lon="9.4601460581841987">
		<name>MKK-60</name>
		<cmt>Hintersteinau - Stederwald</cmt>
		<desc>Hintersteinau - Stederwald</desc>
		<src>HessenForst</src>
	</wpt>
	<wpt lat="50.999458759314244" lon="8.5900513132275194">
		<name>KB-725</name>
		<cmt>Franksche Eisenwerke</cmt>
		<desc>Franksche Eisenwerke</desc>
		<src>HessenForst</src>
	</wpt>
	<wpt lat="50.701296143051877" lon="9.278971753411243">
		<name>VB-155</name>
		<cmt>Tierkörperverwertungsanstalt</cmt>
		<desc>Tierkörperverwertungsanstalt</desc>
		<src>HessenForst</src>
	</wpt>
	<wpt lat="51.236921606476756" lon="9.7236232567971808">
		<name>ESW-99</name>
		<cmt>Oberes Hergesbachtal</cmt>
		<desc>Oberes Hergesbachtal</desc>
		<src>HessenForst</src>
	</wpt>
	<wpt lat="50.56808997670349" lon="9.9245671355196681">
		<name>FD-356</name>
		<cmt>Bushaltestelle Harbach</cmt>
		<desc>Bushaltestelle Harbach</desc>
		<src>HessenForst</src>
	</wpt>
	<wpt lat="49.786470790996219" lon="8.7006334086553583">
		<name>DA-406</name>
		<cmt>Streittanne</cmt>
		<desc>Streittanne</desc>
		<src>HessenForst</src>
	</wpt>
	<wpt lat="51.071718737041238" lon="9.5478008613356646">
		<name>HR-800</name>
		<cmt>Beisenberg</cmt>
		<desc>Beisenberg</desc>
		<src>HessenForst</src>
	</wpt>
	<wpt lat="50.253498112242788" lon="9.4983756626264739">
		<name>MKK-342</name>
		<cmt>Wegabzweig Außental an L 3197</cmt>
		<desc>Wegabzweig Außental an L 3197</desc>
		<src>HessenForst</src>
	</wpt>
	<wpt lat="49.577343725450177" lon="8.7552094307336983">
		<name>HP-217</name>
		<cmt>Feuerwehrgerätehaus Ober-Mumbach</cmt>
		<desc>Feuerwehrgerätehaus Ober-Mumbach</desc>
		<src>HessenForst</src>
	</wpt>
	<wpt lat="50.756269660218571" lon="9.4373962458152025">
		<name>VB-177</name>
		<cmt>Bieben Ortsmitte</cmt>
		<desc>Bieben Ortsmitte</desc>
		<src>HessenForst</src>
	</wpt>
	<wpt lat="50.331625192025321" lon="9.4527140795474249">
		<name>MKK-37</name>
		<cmt>Waldsiedlung</cmt>
		<desc>Waldsiedlung</desc>
		<src>HessenForst</src>
	</wpt>
	<wpt lat="50.207180862794694" lon="8.1920879682944179">
		<name>RÜD-173</name>
		<cmt>Ortsmitte Oberlibbach</cmt>
		<desc>Ortsmitte Oberlibbach</desc>
		<src>HessenForst</src>
	</wpt>
	<wpt lat="51.043544837306698" lon="10.144373077444341">
		<name>ESW-437</name>
		<cmt>Abzweigung Ölbach</cmt>
		<desc>Abzweigung Ölbach</desc>
		<src>HessenForst</src>
	</wpt>
	<wpt lat="50.053495496633261" lon="8.8141143018897896">
		<name>OF-213</name>
		<cmt>Parkplatz mit Holzstämmen zur Abgrenzung</cmt>
		<desc>Parkplatz mit Holzstämmen zur Abgrenzung</desc>
		<src>HessenForst</src>
	</wpt>
	<wpt lat="50.552970315754408" lon="9.8961012283742882">
		<name>FD-358</name>
		<cmt>Parkplatz Milseburg</cmt>
		<desc>Parkplatz Milseburg</desc>
		<src>HessenForst</src>
	</wpt>
	<wpt lat="51.060596117971791" lon="10.107930344992521">
		<name>ESW-436</name>
		<cmt>Potsdamer Platz</cmt>
		<desc>Potsdamer Platz</desc>
		<src>HessenForst</src>
	</wpt>
	<wpt lat="50.027289064310246" lon="8.3654565951204756">
		<name>MTK-117</name>
		<cmt>Aussiedlerhof "Johanneshof" Bushaltest.; NSG "Hattersh. Kiesgrube</cmt>
		<desc>Aussiedlerhof "Johanneshof" Bushaltest.; NSG "Hattersh. Kiesgrube</desc>
		<src>HessenForst</src>
	</wpt>
	<wpt lat="50.73557849990376" lon="9.6946934754151322">
		<name>HEF-347</name>
		<cmt>Sennhütte</cmt>
		<desc>Sennhütte</desc>
		<src>HessenForst</src>
	</wpt>
	<wpt lat="50.941069244694809" lon="9.4809300057730237">
		<name>HR-853</name>
		<cmt>Ortsmitte Appenfeld</cmt>
		<desc>Ortsmitte Appenfeld</desc>
		<src>HessenForst</src>
	</wpt>
	<wpt lat="50.555532936822708" lon="10.041524825452832">
		<name>FD-352</name>
		<cmt>Parkplatz Spinne</cmt>
		<desc>Parkplatz Spinne</desc>
		<src>HessenForst</src>
	</wpt>
	<wpt lat="50.060268008705961" lon="8.8988867751710732">
		<name>OF-238</name>
		<cmt>Kreuzung L 2310 "Weiskircher Weg", nördlich Waldzufahrt</cmt>
		<desc>Kreuzung L 2310 "Weiskircher Weg", nördlich Waldzufahrt</desc>
		<src>HessenForst</src>
	</wpt>
	<wpt lat="49.687788644634757" lon="8.6921824540744144">
		<name>HP-329</name>
		<cmt>Parkplatz Märkenwald Gronau</cmt>
		<desc>Parkplatz Märkenwald Gronau</desc>
		<src>HessenForst</src>
	</wpt>
	<wpt lat="50.19669103058402" lon="8.4773202924077768">
		<name>HG-31</name>
		<cmt>Parkplatz Fuchstanzweg</cmt>
		<desc>Parkplatz Fuchstanzweg</desc>
		<src>HessenForst</src>
	</wpt>
	<wpt lat="51.023107495668413" lon="9.5314813188696501">
		<name>HR-806</name>
		<cmt>"Millionenkurve"</cmt>
		<desc>"Millionenkurve"</desc>
		<src>HessenForst</src>
	</wpt>
	<wpt lat="49.792462938370477" lon="8.6684474299888716">
		<name>DA-208</name>
		<cmt>Parkplatz Burg Frankenstein</cmt>
		<desc>Parkplatz Burg Frankenstein</desc>
		<src>HessenForst</src>
	</wpt>
	<wpt lat="50.720648601513055" lon="9.3487744606739245">
		<name>VB-196</name>
		<cmt>Schwärzer Straße</cmt>
		<desc>Schwärzer Straße</desc>
		<src>HessenForst</src>
	</wpt>
	<wpt lat="50.632277592668828" lon="10.037996478017376">
		<name>FD-704</name>
		<cmt>PW  Tann - Zwicker</cmt>
		<desc>PW  Tann - Zwicker</desc>
		<src>HessenForst</src>
	</wpt>
	<wpt lat="50.38504478389828" lon="8.2550484340277919">
		<name>LM-355</name>
		<cmt>Abfahrt Lange Schneise</cmt>
		<desc>Abfahrt Lange Schneise</desc>
		<src>HessenForst</src>
	</wpt>
	<wpt lat="50.161688756525912" lon="9.0854371776998377">
		<name>MKK-817</name>
		<cmt>Bahnhofstraße/Ecke Karlstraße</cmt>
		<desc>Bahnhofstraße/Ecke Karlstraße</desc>
		<src>HessenForst</src>
	</wpt>
	<wpt lat="49.648374635093091" lon="8.5108909099367516">
		<name>HP-113</name>
		<cmt>Waldparkplatz B 47/Breitschneise/Gasleitung</cmt>
		<desc>Waldparkplatz B 47/Breitschneise/Gasleitung</desc>
		<src>HessenForst</src>
	</wpt>
	<wpt lat="49.546268139568944" lon="8.805010834221914">
		<name>HP-417</name>
		<cmt>Siedelsbrunn, Hotel Maienhof</cmt>
		<desc>Siedelsbrunn, Hotel Maienhof</desc>
		<src>HessenForst</src>
	</wpt>
	<wpt lat="50.258073133818151" lon="9.1001346103925336">
		<name>FB-147</name>
		<cmt>Wertholzplatz Vonhausen</cmt>
		<desc>Wertholzplatz Vonhausen</desc>
		<src>HessenForst</src>
	</wpt>
	<wpt lat="51.014990098137879" lon="9.1756119785397612">
		<name>HR-337</name>
		<cmt>Bushaltestelle</cmt>
		<desc>Bushaltestelle</desc>
		<src>HessenForst</src>
	</wpt>
	<wpt lat="50.481611979221178" lon="9.6552698604110532">
		<name>FD-513</name>
		<cmt>Nüchtershof</cmt>
		<desc>Nüchtershof</desc>
		<src>HessenForst</src>
	</wpt>
	<wpt lat="49.572307888152316" lon="8.7840266575539552">
		<name>HP-420</name>
		<cmt>Kreidach, Steinbruch Mackenheim</cmt>
		<desc>Kreidach, Steinbruch Mackenheim</desc>
		<src>HessenForst</src>
	</wpt>
	<wpt lat="50.853662403511819" lon="8.4664865231847823">
		<name>MR-508</name>
		<cmt>Dorfgemeinschaftshaus Quotshausen</cmt>
		<desc>Dorfgemeinschaftshaus Quotshausen</desc>
		<src>HessenForst</src>
	</wpt>
	<wpt lat="50.345671754403554" lon="9.5108983172949522">
		<name>MKK-72</name>
		<cmt>Auf der Röthe</cmt>
		<desc>Auf der Röthe</desc>
		<src>HessenForst</src>
	</wpt>
	<wpt lat="51.063538524995288" lon="9.1175418505552077">
		<name>KB-627</name>
		<cmt>Parkplatz Lennweg - gegenüber Wasserhochbehälter Braunau</cmt>
		<desc>Parkplatz Lennweg - gegenüber Wasserhochbehälter Braunau</desc>
		<src>HessenForst</src>
	</wpt>
	<wpt lat="49.626783446345229" lon="8.8390593382694203">
		<name>HP-431</name>
		<cmt>Abzweig Litzelbach</cmt>
		<desc>Abzweig Litzelbach</desc>
		<src>HessenForst</src>
	</wpt>
	<wpt lat="49.852122408025856" lon="8.6704824034956136">
		<name>DA-910</name>
		<cmt>Forsthaus Böllenfalltor</cmt>
		<desc>Forsthaus Böllenfalltor</desc>
		<src>HessenForst</src>
	</wpt>
	<wpt lat="50.349676656653791" lon="9.1032555666912334">
		<name>FB-101</name>
		<cmt>Abzweigung Usenborn</cmt>
		<desc>Abzweigung Usenborn</desc>
		<src>HessenForst</src>
	</wpt>
	<wpt lat="51.299920266088812" lon="9.0366346756301414">
		<name>KB-39</name>
		<cmt>Forsthaus Dehringhausen Am Hammertal 1</cmt>
		<desc>Forsthaus Dehringhausen Am Hammertal 1</desc>
		<src>HessenForst</src>
	</wpt>
	<wpt lat="49.692684682113565" lon="8.8187639986610495">
		<name>ERB-53</name>
		<cmt>Rangenweg</cmt>
		<desc>Rangenweg</desc>
		<src>HessenForst</src>
	</wpt>
	<wpt lat="50.994675465151801" lon="8.5341235848390138">
		<name>KB-727</name>
		<cmt>Baufirma Schneider</cmt>
		<desc>Baufirma Schneider</desc>
		<src>HessenForst</src>
	</wpt>
	<wpt lat="50.382278748297772" lon="8.2204633603360122">
		<name>LM-353</name>
		<cmt>Parkplatz Galgenberg</cmt>
		<desc>Parkplatz Galgenberg</desc>
		<src>HessenForst</src>
	</wpt>
	<wpt lat="50.036253625405244" lon="8.605794628246235">
		<name>OF-141</name>
		<cmt>Parkplatz am Bahnhof</cmt>
		<desc>Parkplatz am Bahnhof</desc>
		<src>HessenForst</src>
	</wpt>
	<wpt lat="50.081443461424207" lon="8.7935233831729729">
		<name>OF-207</name>
		<cmt>Parkplatz Gaststätte "Am Waldeck"</cmt>
		<desc>Parkplatz Gaststätte "Am Waldeck"</desc>
		<src>HessenForst</src>
	</wpt>
	<wpt lat="50.709904711484356" lon="9.5385359284540918">
		<name>VB-309</name>
		<cmt>Hofgut Sassen (Queck)</cmt>
		<desc>Hofgut Sassen (Queck)</desc>
		<src>HessenForst</src>
	</wpt>
	<wpt lat="51.243123383539071" lon="9.4574847595307272">
		<name>KS-590</name>
		<cmt>K 18 Rengershausen, 300 m Richtung Guntershausen, Waldparkplatz</cmt>
		<desc>K 18 Rengershausen, 300 m Richtung Guntershausen, Waldparkplatz</desc>
		<src>HessenForst</src>
	</wpt>
	<wpt lat="50.96990657952928" lon="9.4802839352742438">
		<name>HR-841</name>
		<cmt>BAB-Brücke Völkershain/Haus "Röse"</cmt>
		<desc>BAB-Brücke Völkershain/Haus "Röse"</desc>
		<src>HessenForst</src>
	</wpt>
	<wpt lat="50.818874728024106" lon="8.8603595495220144">
		<name>MR-313</name>
		<cmt>Bushaltestelle</cmt>
		<desc>Bushaltestelle</desc>
		<src>HessenForst</src>
	</wpt>
	<wpt lat="50.899587015207082" lon="8.8839690645342024">
		<name>MR-211</name>
		<cmt>Schwabendorf, Bushaltestelle</cmt>
		<desc>Schwabendorf, Bushaltestelle</desc>
		<src>HessenForst</src>
	</wpt>
	<wpt lat="51.051219911307982" lon="8.5257579190139605">
		<name>KB-713</name>
		<cmt>Hof Fallgrube</cmt>
		<desc>Hof Fallgrube</desc>
		<src>HessenForst</src>
	</wpt>
	<wpt lat="50.224478864657478" lon="8.4516277016569639">
		<name>HG-37</name>
		<cmt>Parkplatz Windeck</cmt>
		<desc>Parkplatz Windeck</desc>
		<src>HessenForst</src>
	</wpt>
	<wpt lat="50.0277814578522" lon="8.658867598837201">
		<name>OF-139</name>
		<cmt>Kläranlage Hengstbachtal / Bismarkeiche, Abt. 38</cmt>
		<desc>Kläranlage Hengstbachtal / Bismarkeiche, Abt. 38</desc>
		<src>HessenForst</src>
	</wpt>
	<wpt lat="50.756386503560584" lon="9.8905745888489207">
		<name>FD-15</name>
		<cmt>Kirche Treischfeld</cmt>
		<desc>Kirche Treischfeld</desc>
		<src>HessenForst</src>
	</wpt>
	<wpt lat="49.418005918295833" lon="8.8517992817586357">
		<name>HP-402</name>
		<cmt>Darsberg, Kirche bzw. Bushaltest. "Kirche"</cmt>
		<desc>Darsberg, Kirche bzw. Bushaltest. "Kirche"</desc>
		<src>HessenForst</src>
	</wpt>
	<wpt lat="50.994077634891092" lon="9.5646889302229372">
		<name>HR-808</name>
		<cmt>Hausen</cmt>
		<desc>Hausen</desc>
		<src>HessenForst</src>
	</wpt>
	<wpt lat="50.74300194446576" lon="8.7899010616958524">
		<name>MR-321</name>
		<cmt>Waldeingang aus Richtung Ebsdorf</cmt>
		<desc>Waldeingang aus Richtung Ebsdorf</desc>
		<src>HessenForst</src>
	</wpt>
	<wpt lat="49.968163559168403" lon="8.6889757326169725">
		<name>OF-131</name>
		<cmt>BAB Übergang, Abt. 143 / 144</cmt>
		<desc>BAB Übergang, Abt. 143 / 144</desc>
		<src>HessenForst</src>
	</wpt>
	<wpt lat="50.972156600537488" lon="8.8367060510607214">
		<name>KB-849</name>
		<cmt>Ehem. Forsthaus Rosenthal</cmt>
		<desc>Ehem. Forsthaus Rosenthal</desc>
		<src>HessenForst</src>
	</wpt>
	<wpt lat="50.685563809310132" lon="9.3749169231139184">
		<name>VB-163</name>
		<cmt>Waldwegekreuzung Abt. 46 / 51</cmt>
		<desc>Waldwegekreuzung Abt. 46 / 51</desc>
		<src>HessenForst</src>
	</wpt>
	<wpt lat="49.586525506314814" lon="8.8347761814336163">
		<name>HP-427</name>
		<cmt>Hartenrod, Kreuzung am alten Schulhaus/Gärtnerei Wiemer</cmt>
		<desc>Hartenrod, Kreuzung am alten Schulhaus/Gärtnerei Wiemer</desc>
		<src>HessenForst</src>
	</wpt>
	<wpt lat="50.124949154882053" lon="9.0839187237497878">
		<name>MKK-230</name>
		<cmt>Waldparkplatz Spessartblick vor dem Altenmarkskopf</cmt>
		<desc>Waldparkplatz Spessartblick vor dem Altenmarkskopf</desc>
		<src>HessenForst</src>
	</wpt>
	<wpt lat="49.76414588644753" lon="9.0423314451061838">
		<name>ERB-126</name>
		<cmt>Ortsende, letzter Weg links an der August-Schäfer Hütte</cmt>
		<desc>Ortsende, letzter Weg links an der August-Schäfer Hütte</desc>
		<src>HessenForst</src>
	</wpt>
	<wpt lat="50.726612416260714" lon="9.2789424697810201">
		<name>VB-149</name>
		<cmt>Fuhr'sche Villa</cmt>
		<desc>Fuhr'sche Villa</desc>
		<src>HessenForst</src>
	</wpt>
	<wpt lat="50.038210355805724" lon="8.695735224606528">
		<name>OF-122</name>
		<cmt>Waldparkplatz Leopoldschneise</cmt>
		<desc>Waldparkplatz Leopoldschneise</desc>
		<src>HessenForst</src>
	</wpt>
	<wpt lat="51.034511451651944" lon="8.8998291529616012">
		<name>KB-878</name>
		<cmt>Teich/Telefonzelle, Römershausen (Ortsmitte)</cmt>
		<desc>Teich/Telefonzelle, Römershausen (Ortsmitte)</desc>
		<src>HessenForst</src>
	</wpt>
	<wpt lat="51.091477502907445" lon="8.9975695889814862">
		<name>KB-610</name>
		<cmt>Dülfershof</cmt>
		<desc>Dülfershof</desc>
		<src>HessenForst</src>
	</wpt>
	<wpt lat="50.062424760019297" lon="8.7356458277489573">
		<name>OF-203</name>
		<cmt>Autobahnmeisterei Neu-Isenburg</cmt>
		<desc>Autobahnmeisterei Neu-Isenburg</desc>
		<src>HessenForst</src>
	</wpt>
	<wpt lat="50.9284769164897" lon="8.4744111523622792">
		<name>MR-23</name>
		<cmt>B 62 / 253 Wallau - Ortsmitte - Kreiselspitze</cmt>
		<desc>B 62 / 253 Wallau - Ortsmitte - Kreiselspitze</desc>
		<src>HessenForst</src>
	</wpt>
	<wpt lat="49.741898662260098" lon="8.5487870864950981">
		<name>GG-93</name>
		<cmt>Einfahrt EON, östl. BAB 67;</cmt>
		<desc>Einfahrt EON, östl. BAB 67;</desc>
		<src>HessenForst</src>
	</wpt>
	<wpt lat="51.242554764651928" lon="8.931243188590436">
		<name>KB-225</name>
		<cmt>Buchholz/Kesselbusch</cmt>
		<desc>Buchholz/Kesselbusch</desc>
		<src>HessenForst</src>
	</wpt>
	<wpt lat="50.177398939890885" lon="8.2725041587676635">
		<name>RÜD-239</name>
		<cmt>Niederseelbach</cmt>
		<desc>Niederseelbach</desc>
		<src>HessenForst</src>
	</wpt>
	<wpt lat="49.578047970982595" lon="9.0209607638151947">
		<name>ERB-213</name>
		<cmt>Sensbachtal, Parkpl. " Reußenkreuz"</cmt>
		<desc>Sensbachtal, Parkpl. " Reußenkreuz"</desc>
		<src>HessenForst</src>
	</wpt>
	<wpt lat="50.865786388454865" lon="8.9187345425862343">
		<name>MR-218</name>
		<cmt>Rauschenberg, Buchleite</cmt>
		<desc>Rauschenberg, Buchleite</desc>
		<src>HessenForst</src>
	</wpt>
	<wpt lat="49.86511941074918" lon="8.578156283757675">
		<name>DA-71</name>
		<cmt>Griesheim Gerhart - Hauptmann Schule</cmt>
		<desc>Griesheim Gerhart - Hauptmann Schule</desc>
		<src>HessenForst</src>
	</wpt>
	<wpt lat="50.414682865325204" lon="8.2776439364785457">
		<name>LM-141</name>
		<cmt>Abfahrt Elkerhausen</cmt>
		<desc>Abfahrt Elkerhausen</desc>
		<src>HessenForst</src>
	</wpt>
	<wpt lat="51.238723844465696" lon="9.0560501353568501">
		<name>KB-247</name>
		<cmt>Einfahrt Reihenbach / Hof Pfeifferling</cmt>
		<desc>Einfahrt Reihenbach / Hof Pfeifferling</desc>
		<src>HessenForst</src>
	</wpt>
	<wpt lat="49.897749092606659" lon="8.8600820924821555">
		<name>DA-3</name>
		<cmt>Waldweg an der B 26 alt</cmt>
		<desc>Waldweg an der B 26 alt</desc>
		<src>HessenForst</src>
	</wpt>
	<wpt lat="49.774354728285047" lon="8.4212457397667269">
		<name>GG-87</name>
		<cmt>Neuer Weg; Parkpl. NATO-Straße am Rheinufer</cmt>
		<desc>Neuer Weg; Parkpl. NATO-Straße am Rheinufer</desc>
		<src>HessenForst</src>
	</wpt>
	<wpt lat="50.052428941747173" lon="8.4676991653103375">
		<name>MTK-115</name>
		<cmt>Abzw. Wasserwerk-Chausse; Pumpwerk</cmt>
		<desc>Abzw. Wasserwerk-Chausse; Pumpwerk</desc>
		<src>HessenForst</src>
	</wpt>
	<wpt lat="51.04693448617703" lon="9.9917336433679367">
		<name>ESW-420</name>
		<cmt>Erdmannshain</cmt>
		<desc>Erdmannshain</desc>
		<src>HessenForst</src>
	</wpt>
	<wpt lat="50.379704721703774" lon="9.0871168861588316">
		<name>FB-97</name>
		<cmt>Abzweig, Fachklinik Hillersbach</cmt>
		<desc>Abzweig, Fachklinik Hillersbach</desc>
		<src>HessenForst</src>
	</wpt>
	<wpt lat="51.061139149631785" lon="10.133523164090715">
		<name>ESW-435</name>
		<cmt>Schienberg</cmt>
		<desc>Schienberg</desc>
		<src>HessenForst</src>
	</wpt>
	<wpt lat="50.668388096096415" lon="9.8507275038145607">
		<name>FD-47</name>
		<cmt>Einfahrt Steinbruch Suhl</cmt>
		<desc>Einfahrt Steinbruch Suhl</desc>
		<src>HessenForst</src>
	</wpt>
	<wpt lat="50.864676404108373" lon="8.6312417228645852">
		<name>MR-116</name>
		<cmt>Zufahrt Brungershausen</cmt>
		<desc>Zufahrt Brungershausen</desc>
		<src>HessenForst</src>
	</wpt>
	<wpt lat="50.13617453799133" lon="8.1537588837297257">
		<name>RÜD-206</name>
		<cmt>Straßenmeisterei</cmt>
		<desc>Straßenmeisterei</desc>
		<src>HessenForst</src>
	</wpt>
	<wpt lat="51.264600613609083" lon="8.7642957191990121">
		<name>KB-208</name>
		<cmt>Kirche Ortsmitte</cmt>
		<desc>Kirche Ortsmitte</desc>
		<src>HessenForst</src>
	</wpt>
	<wpt lat="50.131625168100399" lon="9.0011014377702043">
		<name>MKK-203</name>
		<cmt>Forstamt Hanau-Wolfgang</cmt>
		<desc>Forstamt Hanau-Wolfgang</desc>
		<src>HessenForst</src>
	</wpt>
	<wpt lat="51.390043017580801" lon="9.2936398067106047">
		<name>KS-512</name>
		<cmt>L 3211 Zierenberg &amp;gt; Gut Laar, Teerweg bis Schutzhütte</cmt>
		<desc>L 3211 Zierenberg &amp;gt; Gut Laar, Teerweg bis Schutzhütte</desc>
		<src>HessenForst</src>
	</wpt>
	<wpt lat="50.531121702326168" lon="9.5852994311954678">
		<name>FD-552</name>
		<cmt>Sportplatz Oberrode</cmt>
		<desc>Sportplatz Oberrode</desc>
		<src>HessenForst</src>
	</wpt>
	<wpt lat="51.164508119203923" lon="10.160184183487774">
		<name>ESW-330</name>
		<cmt>Feuerwehr Völkershausen</cmt>
		<desc>Feuerwehr Völkershausen</desc>
		<src>HessenForst</src>
	</wpt>
	<wpt lat="50.89042851892205" lon="9.3931184563663113">
		<name>HR-902</name>
		<cmt>"Seibelsche Jagdhütte"</cmt>
		<desc>"Seibelsche Jagdhütte"</desc>
		<src>HessenForst</src>
	</wpt>
	<wpt lat="50.193926668622971" lon="9.0561300365855573">
		<name>MKK-117</name>
		<cmt>Kreuzung Gründauhof/Obsthof Mohn</cmt>
		<desc>Kreuzung Gründauhof/Obsthof Mohn</desc>
		<src>HessenForst</src>
	</wpt>
	<wpt lat="51.4021235222542" lon="9.5926859949396786">
		<name>KS-215</name>
		<cmt>Elsterbach</cmt>
		<desc>Elsterbach</desc>
		<src>HessenForst</src>
	</wpt>
	<wpt lat="49.937291331197592" lon="8.6305343443793188">
		<name>DA-56</name>
		<cmt>Parkplatz Hessenwaldschule</cmt>
		<desc>Parkplatz Hessenwaldschule</desc>
		<src>HessenForst</src>
	</wpt>
	<wpt lat="49.820636193053495" lon="8.6241229323392439">
		<name>DA-919</name>
		<cmt>Eberstadt JVA</cmt>
		<desc>Eberstadt JVA</desc>
		<src>HessenForst</src>
	</wpt>
	<wpt lat="50.508046668933616" lon="9.4999878572451113">
		<name>FD-551</name>
		<cmt>Sieberzer Berg / Steinerne Bank</cmt>
		<desc>Sieberzer Berg / Steinerne Bank</desc>
		<src>HessenForst</src>
	</wpt>
	<wpt lat="50.028999045097393" lon="8.5194855266904082">
		<name>GG-8</name>
		<cmt>Abzw. K 152/Alte Heegwald Schneise; Zuf. Kiesgrube Mitteldorf</cmt>
		<desc>Abzw. K 152/Alte Heegwald Schneise; Zuf. Kiesgrube Mitteldorf</desc>
		<src>HessenForst</src>
	</wpt>
	<wpt lat="50.13459783306714" lon="8.1022715349651353">
		<name>RÜD-208</name>
		<cmt>Ausgang Heimbachtal</cmt>
		<desc>Ausgang Heimbachtal</desc>
		<src>HessenForst</src>
	</wpt>
	<wpt lat="50.199996918449067" lon="8.4828108256080252">
		<name>HG-32</name>
		<cmt>Parkplatz Schardwald</cmt>
		<desc>Parkplatz Schardwald</desc>
		<src>HessenForst</src>
	</wpt>
	<wpt lat="50.707478206047583" lon="9.2592315242303886">
		<name>VB-154</name>
		<cmt>Liederbach, Feldweg Richtung "Merschröder Teich", Waldeingang links</cmt>
		<desc>Liederbach, Feldweg Richtung "Merschröder Teich", Waldeingang links</desc>
		<src>HessenForst</src>
	</wpt>
	<wpt lat="50.294642298713477" lon="9.3832669494119347">
		<name>MKK-46</name>
		<cmt>Heegwald</cmt>
		<desc>Heegwald</desc>
		<src>HessenForst</src>
	</wpt>
	<wpt lat="50.506102237087553" lon="9.6551273875892303">
		<name>FD-511</name>
		<cmt>Alte Heerstraße</cmt>
		<desc>Alte Heerstraße</desc>
		<src>HessenForst</src>
	</wpt>
	<wpt lat="50.179467891271642" lon="9.069837307317254">
		<name>MKK-115</name>
		<cmt>Abzweig Aeroclub</cmt>
		<desc>Abzweig Aeroclub</desc>
		<src>HessenForst</src>
	</wpt>
	<wpt lat="51.198709693997628" lon="9.298586455253016">
		<name>HR-10</name>
		<cmt>Kirchberg Friedhof</cmt>
		<desc>Kirchberg Friedhof</desc>
		<src>HessenForst</src>
	</wpt>
	<wpt lat="51.033488418647543" lon="8.5739186480905598">
		<name>KB-717</name>
		<cmt>Wildgehege</cmt>
		<desc>Wildgehege</desc>
		<src>HessenForst</src>
	</wpt>
	<wpt lat="50.397843413276917" lon="9.7231278577242382">
		<name>FD-528</name>
		<cmt>Waldparkplatz Märzgrund</cmt>
		<desc>Waldparkplatz Märzgrund</desc>
		<src>HessenForst</src>
	</wpt>
	<wpt lat="50.267345452287898" lon="8.233233518977082">
		<name>RÜD-166</name>
		<cmt>An der Kirche</cmt>
		<desc>An der Kirche</desc>
		<src>HessenForst</src>
	</wpt>
	<wpt lat="50.15884527687674" lon="9.1118212134621448">
		<name>MKK-813</name>
		<cmt>Waldeingang K 902</cmt>
		<desc>Waldeingang K 902</desc>
		<src>HessenForst</src>
	</wpt>
	<wpt lat="51.28540251002692" lon="9.078735669093664">
		<name>KB-263</name>
		<cmt>Abfahrt Bühle</cmt>
		<desc>Abfahrt Bühle</desc>
		<src>HessenForst</src>
	</wpt>
	<wpt lat="49.883903388738027" lon="8.8107306827316574">
		<name>DA-31</name>
		<cmt>Parkplatz Waldeck</cmt>
		<desc>Parkplatz Waldeck</desc>
		<src>HessenForst</src>
	</wpt>
	<wpt lat="49.520906436043347" lon="9.0204611014124563">
		<name>ERB-221</name>
		<cmt>Salmshütte</cmt>
		<desc>Salmshütte</desc>
		<src>HessenForst</src>
	</wpt>
	<wpt lat="51.159887233697205" lon="8.8735496902193542">
		<name>KB-255</name>
		<cmt>Forsthaus Buchenberg</cmt>
		<desc>Forsthaus Buchenberg</desc>
		<src>HessenForst</src>
	</wpt>
	<wpt lat="51.080754241788497" lon="8.762560043614096">
		<name>KB-541</name>
		<cmt>Kreuzung K 126 und Forstweg auf Bergkuppe (Autoweg)</cmt>
		<desc>Kreuzung K 126 und Forstweg auf Bergkuppe (Autoweg)</desc>
		<src>HessenForst</src>
	</wpt>
	<wpt lat="50.990572962511251" lon="8.868213028264659">
		<name>KB-838</name>
		<cmt>Tiefenbach (Aussiederhof)</cmt>
		<desc>Tiefenbach (Aussiederhof)</desc>
		<src>HessenForst</src>
	</wpt>
	<wpt lat="50.264658926792983" lon="8.1523860179646288">
		<name>RÜD-171</name>
		<cmt>Ortsmitte Ketternschwalbach</cmt>
		<desc>Ortsmitte Ketternschwalbach</desc>
		<src>HessenForst</src>
	</wpt>
	<wpt lat="50.007039050297216" lon="8.6463728754053228">
		<name>OF-144</name>
		<cmt>Wasserwerk West, Abt. 70 / 71</cmt>
		<desc>Wasserwerk West, Abt. 70 / 71</desc>
		<src>HessenForst</src>
	</wpt>
	<wpt lat="50.964117747151306" lon="8.45895501479853">
		<name>MR-27</name>
		<cmt>Parkplatz Waldweg an der Straße vonPuderbach nach Richstein</cmt>
		<desc>Parkplatz Waldweg an der Straße vonPuderbach nach Richstein</desc>
		<src>HessenForst</src>
	</wpt>
	<wpt lat="50.354092303667151" lon="9.671051871692514">
		<name>MKK-90</name>
		<cmt>Bärenhäuschen</cmt>
		<desc>Bärenhäuschen</desc>
		<src>HessenForst</src>
	</wpt>
	<wpt lat="51.277831773742776" lon="8.7657345295232822">
		<name>KB-159</name>
		<cmt>Zeltplatz</cmt>
		<desc>Zeltplatz</desc>
		<src>HessenForst</src>
	</wpt>
	<wpt lat="49.656107261949046" lon="8.8663768765083297">
		<name>ERB-55</name>
		<cmt>Parkplatz Wegscheide nördl. Seite</cmt>
		<desc>Parkplatz Wegscheide nördl. Seite</desc>
		<src>HessenForst</src>
	</wpt>
	<wpt lat="51.139625103029225" lon="8.9722435962534313">
		<name>KB-426</name>
		<cmt>Elisabether Platz</cmt>
		<desc>Elisabether Platz</desc>
		<src>HessenForst</src>
	</wpt>
	<wpt lat="50.699986346851396" lon="8.2334976261821797">
		<name>LDK-217</name>
		<cmt>Ortsmitte Medenbach, Feuerwehr</cmt>
		<desc>Ortsmitte Medenbach, Feuerwehr</desc>
		<src>HessenForst</src>
	</wpt>
	<wpt lat="51.024018632799077" lon="8.8239908466947501">
		<name>KB-820</name>
		<cmt>Abzweig Willersdorf</cmt>
		<desc>Abzweig Willersdorf</desc>
		<src>HessenForst</src>
	</wpt>
	<wpt lat="50.879575099296709" lon="9.1080928423975482">
		<name>MR-225</name>
		<cmt>Momberg Kirche</cmt>
		<desc>Momberg Kirche</desc>
		<src>HessenForst</src>
	</wpt>
	<wpt lat="49.814054956079453" lon="8.7919397032226883">
		<name>DA-28</name>
		<cmt>Kompostierungsanlage Hahn</cmt>
		<desc>Kompostierungsanlage Hahn</desc>
		<src>HessenForst</src>
	</wpt>
	<wpt lat="51.497049062370095" lon="9.2958291174359022">
		<name>KS-543</name>
		<cmt>Warmebrücke Liebenau</cmt>
		<desc>Warmebrücke Liebenau</desc>
		<src>HessenForst</src>
	</wpt>
	<wpt lat="50.947476385087327" lon="9.2785946087022602">
		<name>HR-881</name>
		<cmt>Waldspitze Leimsfeld</cmt>
		<desc>Waldspitze Leimsfeld</desc>
		<src>HessenForst</src>
	</wpt>
	<wpt lat="50.71353065250058" lon="9.6329446028756021">
		<name>FD-20</name>
		<cmt>Ortseinfahrt Langenschwarz</cmt>
		<desc>Ortseinfahrt Langenschwarz</desc>
		<src>HessenForst</src>
	</wpt>
	<wpt lat="50.964889606274966" lon="9.24451318485748">
		<name>HR-430</name>
		<cmt>Sportplatz Michelsberg</cmt>
		<desc>Sportplatz Michelsberg</desc>
		<src>HessenForst</src>
	</wpt>
	<wpt lat="50.321549827322194" lon="9.0188820907754916">
		<name>FB-57</name>
		<cmt>Bahnübergang Stockheim</cmt>
		<desc>Bahnübergang Stockheim</desc>
		<src>HessenForst</src>
	</wpt>
	<wpt lat="50.43988081445918" lon="9.5546247148993277">
		<name>FD-541</name>
		<cmt>Scheuerplatz</cmt>
		<desc>Scheuerplatz</desc>
		<src>HessenForst</src>
	</wpt>
	<wpt lat="49.864421545907845" lon="8.9496804685131703">
		<name>DA-403</name>
		<cmt>Waldparkplatz "Otzbergblick"</cmt>
		<desc>Waldparkplatz "Otzbergblick"</desc>
		<src>HessenForst</src>
	</wpt>
	<wpt lat="50.706371677032926" lon="9.7066701731675309">
		<name>FD-36</name>
		<cmt>Wanderparkplatz Hühnerberg</cmt>
		<desc>Wanderparkplatz Hühnerberg</desc>
		<src>HessenForst</src>
	</wpt>
	<wpt lat="50.555870689831814" lon="8.8788759032139115">
		<name>GI-101</name>
		<cmt>Ettingshausen Waldeingang</cmt>
		<desc>Ettingshausen Waldeingang</desc>
		<src>HessenForst</src>
	</wpt>
	<wpt lat="50.733988930019862" lon="8.7373594716801577">
		<name>MR-439</name>
		<cmt>Ortseinfahrt Wolfshausen von der B 3</cmt>
		<desc>Ortseinfahrt Wolfshausen von der B 3</desc>
		<src>HessenForst</src>
	</wpt>
	<wpt lat="49.841285083771382" lon="8.7315689818324618">
		<name>DA-615</name>
		<cmt>Parkplatz Kuhfalltor</cmt>
		<desc>Parkplatz Kuhfalltor</desc>
		<src>HessenForst</src>
	</wpt>
	<wpt lat="50.956301043346116" lon="9.2183315275763498">
		<name>HR-429</name>
		<cmt>Waldeingang Landsburg</cmt>
		<desc>Waldeingang Landsburg</desc>
		<src>HessenForst</src>
	</wpt>
	<wpt lat="49.714501867642262" lon="8.5473604952552407">
		<name>HP-305</name>
		<cmt>Naßlagerplatz Langwaden</cmt>
		<desc>Naßlagerplatz Langwaden</desc>
		<src>HessenForst</src>
	</wpt>
	<wpt lat="50.786507525600179" lon="8.688176995595434">
		<name>MR-424</name>
		<cmt>Bushaltestelle Hermershausen</cmt>
		<desc>Bushaltestelle Hermershausen</desc>
		<src>HessenForst</src>
	</wpt>
	<wpt lat="50.241289085486393" lon="8.5267076934552737">
		<name>HG-13</name>
		<cmt>Homburger Hütte</cmt>
		<desc>Homburger Hütte</desc>
		<src>HessenForst</src>
	</wpt>
	<wpt lat="51.249329294591568" lon="9.7119212910114605">
		<name>KS-415</name>
		<cmt>Buchberg Höhenweg</cmt>
		<desc>Buchberg Höhenweg</desc>
		<src>HessenForst</src>
	</wpt>
	<wpt lat="50.232443429744784" lon="8.5627423372579248">
		<name>HG-11</name>
		<cmt>Sportplatz</cmt>
		<desc>Sportplatz</desc>
		<src>HessenForst</src>
	</wpt>
	<wpt lat="50.762555026587215" lon="8.9214055233253884">
		<name>MR-318</name>
		<cmt>Ortseingang aus Richtung Erfurtshausen</cmt>
		<desc>Ortseingang aus Richtung Erfurtshausen</desc>
		<src>HessenForst</src>
	</wpt>
	<wpt lat="50.485049871120978" lon="8.6346723839748094">
		<name>GI-403</name>
		<cmt>Waldbeginn links (Ende der Motocross-Strecke)</cmt>
		<desc>Waldbeginn links (Ende der Motocross-Strecke)</desc>
		<src>HessenForst</src>
	</wpt>
	<wpt lat="50.490123168895806" lon="8.1515985179203909">
		<name>LM-332</name>
		<cmt>Forsthaus Heckholzhausen</cmt>
		<desc>Forsthaus Heckholzhausen</desc>
		<src>HessenForst</src>
	</wpt>
	<wpt lat="49.958662728524772" lon="8.7774775639659381">
		<name>OF-102</name>
		<cmt>Parkplatz Waldanfang Abt. 125 / 126</cmt>
		<desc>Parkplatz Waldanfang Abt. 125 / 126</desc>
		<src>HessenForst</src>
	</wpt>
	<wpt lat="49.719775725006912" lon="8.9865585608689376">
		<name>ERB-142</name>
		<cmt>Friedhof Zell</cmt>
		<desc>Friedhof Zell</desc>
		<src>HessenForst</src>
	</wpt>
	<wpt lat="50.727870639764888" lon="9.6480415844460428">
		<name>HEF-349</name>
		<cmt>Kreisgrenze HEF/FD  BAB-Brücke        A 7/K 46/K 142</cmt>
		<desc>Kreisgrenze HEF/FD  BAB-Brücke        A 7/K 46/K 142</desc>
		<src>HessenForst</src>
	</wpt>
	<wpt lat="50.041745447593549" lon="8.678832241283823">
		<name>OF-121</name>
		<cmt>Revierförsterei Heegwald</cmt>
		<desc>Revierförsterei Heegwald</desc>
		<src>HessenForst</src>
	</wpt>
	<wpt lat="50.266155300611381" lon="8.8656325452112164">
		<name>MKK-908</name>
		<cmt>Zufahrt zum Schloss Naumburg</cmt>
		<desc>Zufahrt zum Schloss Naumburg</desc>
		<src>HessenForst</src>
	</wpt>
	<wpt lat="50.436386104221754" lon="9.9689084915466069">
		<name>FD-612</name>
		<cmt>PW  Waldthsn. - Parkplatz Schwedenwall</cmt>
		<desc>PW  Waldthsn. - Parkplatz Schwedenwall</desc>
		<src>HessenForst</src>
	</wpt>
	<wpt lat="49.740690493930337" lon="8.6553279698546017">
		<name>DA-104</name>
		<cmt>Parkplatz Talhof</cmt>
		<desc>Parkplatz Talhof</desc>
		<src>HessenForst</src>
	</wpt>
	<wpt lat="50.146888886670354" lon="8.2162477535146028">
		<name>RÜD-218</name>
		<cmt>Kreuzung B 417 / Platter Straße L 3470</cmt>
		<desc>Kreuzung B 417 / Platter Straße L 3470</desc>
		<src>HessenForst</src>
	</wpt>
	<wpt lat="51.068607833637856" lon="8.9883592204774949">
		<name>KB-613</name>
		<cmt>Ortsschild Löhlbach von Hundsdorf kommend</cmt>
		<desc>Ortsschild Löhlbach von Hundsdorf kommend</desc>
		<src>HessenForst</src>
	</wpt>
	<wpt lat="50.400801680567255" lon="8.3365843817747791">
		<name>LM-222</name>
		<cmt>Forsthaus Tannenweg 2</cmt>
		<desc>Forsthaus Tannenweg 2</desc>
		<src>HessenForst</src>
	</wpt>
	<wpt lat="50.97842742341399" lon="8.5196746342081422">
		<name>KB-735</name>
		<cmt>Lindenhöfer Bach</cmt>
		<desc>Lindenhöfer Bach</desc>
		<src>HessenForst</src>
	</wpt>
	<wpt lat="49.994773621161031" lon="8.7611716156790997">
		<name>OF-116</name>
		<cmt>Parkplatz Schwimmbad</cmt>
		<desc>Parkplatz Schwimmbad</desc>
		<src>HessenForst</src>
	</wpt>
	<wpt lat="51.043176681865106" lon="9.9683628561791497">
		<name>ESW-61</name>
		<cmt>Ortsmitte Lindenau</cmt>
		<desc>Ortsmitte Lindenau</desc>
		<src>HessenForst</src>
	</wpt>
	<wpt lat="50.958116294987974" lon="8.899503204930161">
		<name>KB-854</name>
		<cmt>Abzweig Eichhof</cmt>
		<desc>Abzweig Eichhof</desc>
		<src>HessenForst</src>
	</wpt>
	<wpt lat="49.682535160812186" lon="8.7407147162646215">
		<name>HP-204</name>
		<cmt>Parkplatz "Lange Buchen" (Godswiesenweg)</cmt>
		<desc>Parkplatz "Lange Buchen" (Godswiesenweg)</desc>
		<src>HessenForst</src>
	</wpt>
	<wpt lat="50.383615202845938" lon="9.647775304230656">
		<name>FD-524</name>
		<cmt>Veitsteinbach Sportplatz</cmt>
		<desc>Veitsteinbach Sportplatz</desc>
		<src>HessenForst</src>
	</wpt>
	<wpt lat="51.02734596005017" lon="8.8471176544606251">
		<name>KB-563</name>
		<cmt>Zufahrt Neue Brücke, Linnertstraße</cmt>
		<desc>Zufahrt Neue Brücke, Linnertstraße</desc>
		<src>HessenForst</src>
	</wpt>
	<wpt lat="51.2156796321146" lon="9.6891015096693263">
		<name>ESW-5</name>
		<cmt>Forsthaus  Fürstenhagen</cmt>
		<desc>Forsthaus  Fürstenhagen</desc>
		<src>HessenForst</src>
	</wpt>
	<wpt lat="50.993325040597234" lon="8.5479111154013587">
		<name>KB-729</name>
		<cmt>Ederbrücke Hatzfeld</cmt>
		<desc>Ederbrücke Hatzfeld</desc>
		<src>HessenForst</src>
	</wpt>
	<wpt lat="51.242334385022723" lon="10.057921604696517">
		<name>ESW-303</name>
		<cmt>Parkplatz am DGH</cmt>
		<desc>Parkplatz am DGH</desc>
		<src>HessenForst</src>
	</wpt>
	<wpt lat="50.277986802349147" lon="9.053249905814015">
		<name>FB-113</name>
		<cmt>Sportplatz Calbach</cmt>
		<desc>Sportplatz Calbach</desc>
		<src>HessenForst</src>
	</wpt>
	<wpt lat="50.798119793336376" lon="8.7116504599465294">
		<name>MR-420</name>
		<cmt>PP alte K 68 an der Straße Marburg "Drei Linden" nach Hermershausen (K 68)</cmt>
		<desc>PP alte K 68 an der Straße Marburg "Drei Linden" nach Hermershausen (K 68)</desc>
		<src>HessenForst</src>
	</wpt>
	<wpt lat="50.70456226164584" lon="9.3914525526181176">
		<name>VB-194</name>
		<cmt>KBT-Dreieck</cmt>
		<desc>KBT-Dreieck</desc>
		<src>HessenForst</src>
	</wpt>
	<wpt lat="50.601011775609535" lon="9.8753092370597724">
		<name>FD-223</name>
		<cmt>Rödergrundstannen</cmt>
		<desc>Rödergrundstannen</desc>
		<src>HessenForst</src>
	</wpt>
	<wpt lat="50.734051647425858" lon="9.1331662918930423">
		<name>VB-119</name>
		<cmt>Abzweig Rehgrund-/ Leithstraße</cmt>
		<desc>Abzweig Rehgrund-/ Leithstraße</desc>
		<src>HessenForst</src>
	</wpt>
	<wpt lat="51.008951080624314" lon="9.5361833831963363">
		<name>HR-810</name>
		<cmt>Beiserhaus-Werkstätten</cmt>
		<desc>Beiserhaus-Werkstätten</desc>
		<src>HessenForst</src>
	</wpt>
	<wpt lat="51.197974202717802" lon="9.6390938104991974">
		<name>ESW-101</name>
		<cmt>Grillhütte Quentel</cmt>
		<desc>Grillhütte Quentel</desc>
		<src>HessenForst</src>
	</wpt>
	<wpt lat="50.458223620295044" lon="8.2971632649363407">
		<name>LM-330</name>
		<cmt>Weilbrücke</cmt>
		<desc>Weilbrücke</desc>
		<src>HessenForst</src>
	</wpt>
	<wpt lat="51.524945168314673" lon="9.5907611014539906">
		<name>KS-120</name>
		<cmt>Alte Linde</cmt>
		<desc>Alte Linde</desc>
		<src>HessenForst</src>
	</wpt>
	<wpt lat="50.504157152723366" lon="9.9003367495542864">
		<name>FD-363</name>
		<cmt>Holzagerplatz Tränkhof</cmt>
		<desc>Holzagerplatz Tränkhof</desc>
		<src>HessenForst</src>
	</wpt>
	<wpt lat="50.603722533145344" lon="9.7323563182231023">
		<name>FD-212</name>
		<cmt>Nähe Abzweigung Grubenmühle</cmt>
		<desc>Nähe Abzweigung Grubenmühle</desc>
		<src>HessenForst</src>
	</wpt>
	<wpt lat="49.953322350910682" lon="8.5413191336805543">
		<name>GG-52</name>
		<cmt>1. Waldweg nach Bahn- und B 44 - Überführung</cmt>
		<desc>1. Waldweg nach Bahn- und B 44 - Überführung</desc>
		<src>HessenForst</src>
	</wpt>
	<wpt lat="50.028553303617784" lon="7.9528354065676474">
		<name>RÜD-333</name>
		<cmt>P Sang</cmt>
		<desc>P Sang</desc>
		<src>HessenForst</src>
	</wpt>
	<wpt lat="51.626844192764601" lon="9.5002646537079354">
		<name>KS-10</name>
		<cmt>Waldesruh, Einmündung Tonweg</cmt>
		<desc>Waldesruh, Einmündung Tonweg</desc>
		<src>HessenForst</src>
	</wpt>
	<wpt lat="50.254581778405772" lon="9.634715140427625">
		<name>MKK-107</name>
		<cmt>Altengronau-Sportplatz</cmt>
		<desc>Altengronau-Sportplatz</desc>
		<src>HessenForst</src>
	</wpt>
	<wpt lat="51.031976310324367" lon="9.4810409017248425">
		<name>HR-822</name>
		<cmt>Hegeholz (vor Autobahn)</cmt>
		<desc>Hegeholz (vor Autobahn)</desc>
		<src>HessenForst</src>
	</wpt>
	<wpt lat="50.69715430405293" lon="8.3039240605931131">
		<name>LDK-366</name>
		<cmt>Burger Haupstraße, Feuerwehrhaus</cmt>
		<desc>Burger Haupstraße, Feuerwehrhaus</desc>
		<src>HessenForst</src>
	</wpt>
	<wpt lat="50.992199100991179" lon="9.5325444228938832">
		<name>HR-811</name>
		<cmt>Kirche Nenterode</cmt>
		<desc>Kirche Nenterode</desc>
		<src>HessenForst</src>
	</wpt>
	<wpt lat="50.321102918705925" lon="9.4436001226920059">
		<name>MKK-39</name>
		<cmt>Gewerbegebiet Steinau</cmt>
		<desc>Gewerbegebiet Steinau</desc>
		<src>HessenForst</src>
	</wpt>
	<wpt lat="50.132532307967594" lon="9.0685628707431789">
		<name>MKK-206</name>
		<cmt>Einmündung Waldweg zu L 3268</cmt>
		<desc>Einmündung Waldweg zu L 3268</desc>
		<src>HessenForst</src>
	</wpt>
	<wpt lat="50.226213008190342" lon="9.1116081213330666">
		<name>MKK-225</name>
		<cmt>Großes Hofgut am Ortseingang Mittel-Gründau</cmt>
		<desc>Großes Hofgut am Ortseingang Mittel-Gründau</desc>
		<src>HessenForst</src>
	</wpt>
	<wpt lat="50.978838827828064" lon="9.2306037810524799">
		<name>HR-348</name>
		<cmt>Bushaltestelle</cmt>
		<desc>Bushaltestelle</desc>
		<src>HessenForst</src>
	</wpt>
	<wpt lat="49.767733746618546" lon="8.6247449247262651">
		<name>DA-207</name>
		<cmt>Parkplatz Kreuzung B 3 / L 3103</cmt>
		<desc>Parkplatz Kreuzung B 3 / L 3103</desc>
		<src>HessenForst</src>
	</wpt>
	<wpt lat="50.981120720081357" lon="9.7218232424598661">
		<name>HEF-39</name>
		<cmt>Detschbach</cmt>
		<desc>Detschbach</desc>
		<src>HessenForst</src>
	</wpt>
	<wpt lat="51.176588618730676" lon="9.8709882442620547">
		<name>ESW-55</name>
		<cmt>Ortsmitte Rodebach</cmt>
		<desc>Ortsmitte Rodebach</desc>
		<src>HessenForst</src>
	</wpt>
	<wpt lat="51.38896299744286" lon="9.5637048640886846">
		<name>KS-562</name>
		<cmt>B 3 am Abzweig K 40</cmt>
		<desc>B 3 am Abzweig K 40</desc>
		<src>HessenForst</src>
	</wpt>
	<wpt lat="51.292573178880431" lon="9.870366241351034">
		<name>ESW-131</name>
		<cmt>"Altes Gericht"</cmt>
		<desc>"Altes Gericht"</desc>
		<src>HessenForst</src>
	</wpt>
	<wpt lat="50.623001268013844" lon="9.9019536569066773">
		<name>FD-67</name>
		<cmt>L 3176 Abzweig Ketten</cmt>
		<desc>L 3176 Abzweig Ketten</desc>
		<src>HessenForst</src>
	</wpt>
	<wpt lat="50.977843944449575" lon="9.2839351702154893">
		<name>HR-877</name>
		<cmt>Waldspitze "Lamper"</cmt>
		<desc>Waldspitze "Lamper"</desc>
		<src>HessenForst</src>
	</wpt>
	<wpt lat="51.488507820703816" lon="9.5536611387377999">
		<name>KS-133</name>
		<cmt>Schwarzes Loch</cmt>
		<desc>Schwarzes Loch</desc>
		<src>HessenForst</src>
	</wpt>
	<wpt lat="49.822327565128283" lon="9.0354540707034854">
		<name>ERB-103</name>
		<cmt>Parkplatz Gustavsruhe</cmt>
		<desc>Parkplatz Gustavsruhe</desc>
		<src>HessenForst</src>
	</wpt>
	<wpt lat="50.135969567603922" lon="9.1707490439468877">
		<name>MKK-226</name>
		<cmt>Parkplatz Gondelteich ca. 400 m hinter Horbach Richtung Geiselbach</cmt>
		<desc>Parkplatz Gondelteich ca. 400 m hinter Horbach Richtung Geiselbach</desc>
		<src>HessenForst</src>
	</wpt>
	<wpt lat="50.159178994868846" lon="8.4772570010339479">
		<name>MTK-50</name>
		<cmt>Reithalle Mauerkopf ( Wutzepass)</cmt>
		<desc>Reithalle Mauerkopf ( Wutzepass)</desc>
		<src>HessenForst</src>
	</wpt>
	<wpt lat="50.222196913832519" lon="8.9782690023944518">
		<name>MKK-802</name>
		<cmt>ehem. Feuerwehrgerätehaus Marköbel</cmt>
		<desc>ehem. Feuerwehrgerätehaus Marköbel</desc>
		<src>HessenForst</src>
	</wpt>
	<wpt lat="50.400135695086973" lon="9.2724149879562958">
		<name>MKK-1001</name>
		<cmt>DGH Illnhausen</cmt>
		<desc>DGH Illnhausen</desc>
		<src>HessenForst</src>
	</wpt>
	<wpt lat="50.462987535701679" lon="8.3786909405240149">
		<name>LM-205</name>
		<cmt>Kreuzung B 456 Ernsthausen /Altenkirchen</cmt>
		<desc>Kreuzung B 456 Ernsthausen /Altenkirchen</desc>
		<src>HessenForst</src>
	</wpt>
	<wpt lat="50.880985465567647" lon="9.1374858045179046">
		<name>HR-424</name>
		<cmt>Ortsmitte Wiera</cmt>
		<desc>Ortsmitte Wiera</desc>
		<src>HessenForst</src>
	</wpt>
	<wpt lat="51.035079060360665" lon="8.6615382545382946">
		<name>KB-811</name>
		<cmt>Abzweig zum Homberg von der B 236, gegenüber Abzweig zur Kämmersmühle</cmt>
		<desc>Abzweig zum Homberg von der B 236, gegenüber Abzweig zur Kämmersmühle</desc>
		<src>HessenForst</src>
	</wpt>
	<wpt lat="51.258366313427572" lon="10.017732169097586">
		<name>ESW-221</name>
		<cmt>Vor dem Schloß Rothestein</cmt>
		<desc>Vor dem Schloß Rothestein</desc>
		<src>HessenForst</src>
	</wpt>
	<wpt lat="51.384656298658072" lon="9.894723074853637">
		<name>ESW-146</name>
		<cmt>Ortsmitte Berge, Abzweig Sandweg Gaststätte Siebert</cmt>
		<desc>Ortsmitte Berge, Abzweig Sandweg Gaststätte Siebert</desc>
		<src>HessenForst</src>
	</wpt>
	<wpt lat="50.08097618703632" lon="8.7792518142278784">
		<name>OF-206</name>
		<cmt>Nasses Dreieck</cmt>
		<desc>Nasses Dreieck</desc>
		<src>HessenForst</src>
	</wpt>
	<wpt lat="50.223956337763866" lon="7.9845471858313566">
		<name>RÜD-107</name>
		<cmt>befestigter Weg im Wald</cmt>
		<desc>befestigter Weg im Wald</desc>
		<src>HessenForst</src>
	</wpt>
	<wpt lat="49.745842132721961" lon="8.5385895038953326">
		<name>GG-92</name>
		<cmt>Parkplatz westl. der Auffahrt BAB 67</cmt>
		<desc>Parkplatz westl. der Auffahrt BAB 67</desc>
		<src>HessenForst</src>
	</wpt>
	<wpt lat="50.89937018533201" lon="8.5728696300817138">
		<name>MR-3</name>
		<cmt>Gastwirtschaft in Katzenbach</cmt>
		<desc>Gastwirtschaft in Katzenbach</desc>
		<src>HessenForst</src>
	</wpt>
	<wpt lat="50.751056748830962" lon="9.7079624469009662">
		<name>HEF-345</name>
		<cmt>Bushaltestelle Forsthaus Unterstoppel</cmt>
		<desc>Bushaltestelle Forsthaus Unterstoppel</desc>
		<src>HessenForst</src>
	</wpt>
	<wpt lat="50.711064781889746" lon="8.9008508946794809">
		<name>MR-329</name>
		<cmt>Röderburg</cmt>
		<desc>Röderburg</desc>
		<src>HessenForst</src>
	</wpt>
	<wpt lat="50.807914673884419" lon="8.5198890669954324">
		<name>MR-522</name>
		<cmt>Waldschwimmbad Holzhausen</cmt>
		<desc>Waldschwimmbad Holzhausen</desc>
		<src>HessenForst</src>
	</wpt>
	<wpt lat="50.150132058062312" lon="7.9921476333136745">
		<name>RÜD-123</name>
		<cmt>Abzweig Wisper</cmt>
		<desc>Abzweig Wisper</desc>
		<src>HessenForst</src>
	</wpt>
	<wpt lat="50.970103407925855" lon="9.4552973522740249">
		<name>HR-840</name>
		<cmt>Kankowski-Hütte</cmt>
		<desc>Kankowski-Hütte</desc>
		<src>HessenForst</src>
	</wpt>
	<wpt lat="50.87565665535287" lon="8.9370197677369685">
		<name>MR-216</name>
		<cmt>Straßenabzweig Burgholz</cmt>
		<desc>Straßenabzweig Burgholz</desc>
		<src>HessenForst</src>
	</wpt>
	<wpt lat="50.950401081833448" lon="9.2614848049408156">
		<name>HR-880</name>
		<cmt>"Krämer's Wiese"</cmt>
		<desc>"Krämer's Wiese"</desc>
		<src>HessenForst</src>
	</wpt>
	<wpt lat="49.984575514275001" lon="8.6090947747765352">
		<name>GG-28</name>
		<cmt>Abzw. B 486/Zuf. Jagdhaus Oberwald; Waldzuf. am Ende des Behelfsparkplatzes an der Anschlussstelle Langen</cmt>
		<desc>Abzw. B 486/Zuf. Jagdhaus Oberwald; Waldzuf. am Ende des Behelfsparkplatzes an der Anschlussstelle Langen</desc>
		<src>HessenForst</src>
	</wpt>
	<wpt lat="50.892616989916462" lon="8.776547316002576">
		<name>MR-110</name>
		<cmt>Sportplatz Unterrosphe</cmt>
		<desc>Sportplatz Unterrosphe</desc>
		<src>HessenForst</src>
	</wpt>
	<wpt lat="51.187680943901647" lon="10.143488216031256">
		<name>ESW-324</name>
		<cmt>Aue'sche Kugel Apfelbaumreihe</cmt>
		<desc>Aue'sche Kugel Apfelbaumreihe</desc>
		<src>HessenForst</src>
	</wpt>
	<wpt lat="49.813577160877777" lon="8.4634497385815113">
		<name>GG-85</name>
		<cmt>Parkplatz vor der Stockstädter Altrheinbrücke</cmt>
		<desc>Parkplatz vor der Stockstädter Altrheinbrücke</desc>
		<src>HessenForst</src>
	</wpt>
	<wpt lat="50.465272735587256" lon="9.7412276154561805">
		<name>FD-266</name>
		<cmt>Sportplatz Rönshausen</cmt>
		<desc>Sportplatz Rönshausen</desc>
		<src>HessenForst</src>
	</wpt>
	<wpt lat="51.01577384626848" lon="9.5126662250757814">
		<name>HR-816</name>
		<cmt>Lichtenhagen</cmt>
		<desc>Lichtenhagen</desc>
		<src>HessenForst</src>
	</wpt>
	<wpt lat="50.29030275426188" lon="8.9167214383004332">
		<name>FB-46</name>
		<cmt>Kreuzung mit 2 Waldwegen</cmt>
		<desc>Kreuzung mit 2 Waldwegen</desc>
		<src>HessenForst</src>
	</wpt>
	<wpt lat="51.019530641615709" lon="9.3461828102426043">
		<name>HR-872</name>
		<cmt>"Wegekreuzung" am Waldrand</cmt>
		<desc>"Wegekreuzung" am Waldrand</desc>
		<src>HessenForst</src>
	</wpt>
	<wpt lat="50.322216058697926" lon="9.4312641834578717">
		<name>MKK-38</name>
		<cmt>Pendlerparkplatz</cmt>
		<desc>Pendlerparkplatz</desc>
		<src>HessenForst</src>
	</wpt>
	<wpt lat="50.770490779998369" lon="8.7991929292368525">
		<name>MR-430</name>
		<cmt>Abfahrt zur Mülldeponie Stempel an der Straße nach Moischt (K 38)</cmt>
		<desc>Abfahrt zur Mülldeponie Stempel an der Straße nach Moischt (K 38)</desc>
		<src>HessenForst</src>
	</wpt>
	<wpt lat="50.953891433727414" lon="9.5347838215054566">
		<name>HR-842</name>
		<cmt>Glasewald</cmt>
		<desc>Glasewald</desc>
		<src>HessenForst</src>
	</wpt>
	<wpt lat="49.697920371222629" lon="8.8653548503196529">
		<name>ERB-15</name>
		<cmt>Parkplatz Feriendorf</cmt>
		<desc>Parkplatz Feriendorf</desc>
		<src>HessenForst</src>
	</wpt>
	<wpt lat="50.367359006983037" lon="9.3061694257607908">
		<name>MKK-26</name>
		<cmt>Birstein</cmt>
		<desc>Birstein</desc>
		<src>HessenForst</src>
	</wpt>
	<wpt lat="50.812672153270306" lon="8.6269144291055433">
		<name>MR-601</name>
		<cmt>Weitershs., Kreisstr. Weitershs./Diedenshs., Ortsausgang</cmt>
		<desc>Weitershs., Kreisstr. Weitershs./Diedenshs., Ortsausgang</desc>
		<src>HessenForst</src>
	</wpt>
	<wpt lat="50.555995313496943" lon="8.2458961723690685">
		<name>LM-104</name>
		<cmt>Parkplatz Fa. Happel</cmt>
		<desc>Parkplatz Fa. Happel</desc>
		<src>HessenForst</src>
	</wpt>
	<wpt lat="51.170595404970122" lon="9.8299062583346064">
		<name>ESW-54</name>
		<cmt>K 39 Abzweig Meißnertal, alte B 7</cmt>
		<desc>K 39 Abzweig Meißnertal, alte B 7</desc>
		<src>HessenForst</src>
	</wpt>
	<wpt lat="50.155480174850013" lon="8.9724831365508262">
		<name>MKK-505</name>
		<cmt>Parkplatz Vogelschutzgebiet</cmt>
		<desc>Parkplatz Vogelschutzgebiet</desc>
		<src>HessenForst</src>
	</wpt>
	<wpt lat="51.22640182343649" lon="9.9571796890654767">
		<name>ESW-214</name>
		<cmt>Gasthaus Frau Holle (unterer Parkplatz)</cmt>
		<desc>Gasthaus Frau Holle (unterer Parkplatz)</desc>
		<src>HessenForst</src>
	</wpt>
	<wpt lat="50.642891802539644" lon="9.6691360088236316">
		<name>FD-504</name>
		<cmt>Wertholzplaltz</cmt>
		<desc>Wertholzplaltz</desc>
		<src>HessenForst</src>
	</wpt>
	<wpt lat="50.37316298826299" lon="9.7428028798559172">
		<name>FD-534</name>
		<cmt>Landesgrenze Bayern - Kothener Str.</cmt>
		<desc>Landesgrenze Bayern - Kothener Str.</desc>
		<src>HessenForst</src>
	</wpt>
	<wpt lat="50.756170484690593" lon="9.067987667478878">
		<name>VB-111</name>
		<cmt>Kirche</cmt>
		<desc>Kirche</desc>
		<src>HessenForst</src>
	</wpt>
	<wpt lat="49.939114400897083" lon="8.4878379377421354">
		<name>GG-62</name>
		<cmt>Waldeingang verl. Waldstraße (Zufahrt Niederwaldsee)</cmt>
		<desc>Waldeingang verl. Waldstraße (Zufahrt Niederwaldsee)</desc>
		<src>HessenForst</src>
	</wpt>
	<wpt lat="50.69366877293298" lon="8.189653764577395">
		<name>LDK-214</name>
		<cmt>Breitscheid Richtung Langenaubach; Waldweg ca. 380 m nach Waldanfang</cmt>
		<desc>Breitscheid Richtung Langenaubach; Waldweg ca. 380 m nach Waldanfang</desc>
		<src>HessenForst</src>
	</wpt>
	<wpt lat="50.730240352094768" lon="9.4675015896552477">
		<name>VB-182</name>
		<cmt>Parkplatz Erlenbachbrücke</cmt>
		<desc>Parkplatz Erlenbachbrücke</desc>
		<src>HessenForst</src>
	</wpt>
	<wpt lat="50.951028633338026" lon="8.5685350327591507">
		<name>MR-15</name>
		<cmt>B 253  Waldeingang von Eifa her</cmt>
		<desc>B 253  Waldeingang von Eifa her</desc>
		<src>HessenForst</src>
	</wpt>
	<wpt lat="51.229347382667058" lon="8.823507118135284">
		<name>KB-214</name>
		<cmt>Einfahrt Ensenberg</cmt>
		<desc>Einfahrt Ensenberg</desc>
		<src>HessenForst</src>
	</wpt>
	<wpt lat="50.966810774712606" lon="9.2634808149260905">
		<name>HR-878</name>
		<cmt>"Beils Wiese"</cmt>
		<desc>"Beils Wiese"</desc>
		<src>HessenForst</src>
	</wpt>
	<wpt lat="51.212300475955345" lon="9.2751565198323469">
		<name>HR-11</name>
		<cmt>Campingplatz  Weißenthalsmühle</cmt>
		<desc>Campingplatz  Weißenthalsmühle</desc>
		<src>HessenForst</src>
	</wpt>
	<wpt lat="50.775275818390213" lon="9.8085835802128685">
		<name>FD-13</name>
		<cmt>Fürsteneck</cmt>
		<desc>Fürsteneck</desc>
		<src>HessenForst</src>
	</wpt>
	<wpt lat="51.104677664214201" lon="8.5583490582633548">
		<name>HSK-701</name>
		<cmt>Hof Trambach</cmt>
		<desc>Hof Trambach</desc>
		<src>HessenForst</src>
	</wpt>
	<wpt lat="51.446289885700757" lon="9.3689042214690552">
		<name>KS-498</name>
		<cmt>Ortseingang Friedrichsthal rechts bis Waldrand</cmt>
		<desc>Ortseingang Friedrichsthal rechts bis Waldrand</desc>
		<src>HessenForst</src>
	</wpt>
	<wpt lat="50.450407480356404" lon="9.6806566534429166">
		<name>FD-269</name>
		<cmt>Gehringshof Bushaltestelle</cmt>
		<desc>Gehringshof Bushaltestelle</desc>
		<src>HessenForst</src>
	</wpt>
	<wpt lat="50.687626128490486" lon="9.6460516912441854">
		<name>FD-22</name>
		<cmt>Schlotzau</cmt>
		<desc>Schlotzau</desc>
		<src>HessenForst</src>
	</wpt>
	<wpt lat="50.08541398967477" lon="8.9114108690978462">
		<name>MKK-405</name>
		<cmt>Besucherparkplatz Wildpark am Haupteingang</cmt>
		<desc>Besucherparkplatz Wildpark am Haupteingang</desc>
		<src>HessenForst</src>
	</wpt>
	<wpt lat="50.299348616367844" lon="8.2955391964275531">
		<name>LM-245</name>
		<cmt>Hotel "Waldslchloß"</cmt>
		<desc>Hotel "Waldslchloß"</desc>
		<src>HessenForst</src>
	</wpt>
	<wpt lat="51.002761200595558" lon="9.4817723152947888">
		<name>HR-814</name>
		<cmt>Parkplatz BAB Remsfeld</cmt>
		<desc>Parkplatz BAB Remsfeld</desc>
		<src>HessenForst</src>
	</wpt>
	<wpt lat="49.572740814489279" lon="8.4960029653735987">
		<name>HP-116</name>
		<cmt>"Forsthaus Heide"</cmt>
		<desc>"Forsthaus Heide"</desc>
		<src>HessenForst</src>
	</wpt>
	<wpt lat="50.671223974128992" lon="8.8233882342078989">
		<name>GI-246</name>
		<cmt>Gärtnerei</cmt>
		<desc>Gärtnerei</desc>
		<src>HessenForst</src>
	</wpt>
	<wpt lat="50.722611358576913" lon="8.36643564813102">
		<name>LDK-353</name>
		<cmt>Oberscheld -&amp;gt; Eisemroth, Abzweig Grube Frankenstein (Fa. Schneider)</cmt>
		<desc>Oberscheld -&amp;gt; Eisemroth, Abzweig Grube Frankenstein (Fa. Schneider)</desc>
		<src>HessenForst</src>
	</wpt>
	<wpt lat="50.198546223398203" lon="8.2927242546715441">
		<name>RÜD-250</name>
		<cmt>Ortsmitte Dasbach</cmt>
		<desc>Ortsmitte Dasbach</desc>
		<src>HessenForst</src>
	</wpt>
	<wpt lat="49.997642916255543" lon="8.7964576418386695">
		<name>OF-113</name>
		<cmt>Waldeingang, Abt. 25</cmt>
		<desc>Waldeingang, Abt. 25</desc>
		<src>HessenForst</src>
	</wpt>
	<wpt lat="51.152797016657118" lon="9.0634546104106413">
		<name>KB-421</name>
		<cmt>Kleinersches Tor</cmt>
		<desc>Kleinersches Tor</desc>
		<src>HessenForst</src>
	</wpt>
	<wpt lat="50.897892558486923" lon="8.8074655044095227">
		<name>MR-123</name>
		<cmt>Waldausgang Langer-Grund-Weg</cmt>
		<desc>Waldausgang Langer-Grund-Weg</desc>
		<src>HessenForst</src>
	</wpt>
	<wpt lat="50.837569601526667" lon="9.7677488367276286">
		<name>HEF-222</name>
		<cmt>Sportplatz Wippershain</cmt>
		<desc>Sportplatz Wippershain</desc>
		<src>HessenForst</src>
	</wpt>
	<wpt lat="51.625128407019538" lon="9.5455116662487303">
		<name>KS-5</name>
		<cmt>Bushaltestelle  " Onkel Palm¿s Hütte "</cmt>
		<desc>Bushaltestelle  " Onkel Palm¿s Hütte "</desc>
		<src>HessenForst</src>
	</wpt>
	<wpt lat="50.245712429831265" lon="9.0357982711966596">
		<name>FB-116</name>
		<cmt>Waldrand an der Straße</cmt>
		<desc>Waldrand an der Straße</desc>
		<src>HessenForst</src>
	</wpt>
	<wpt lat="49.785144707791829" lon="8.4571813842354384">
		<name>GG-88</name>
		<cmt>Abzw. Neuer Weg/Am Schüttengrund, Parkpl. Rheinhalle Biebesheim</cmt>
		<desc>Abzw. Neuer Weg/Am Schüttengrund, Parkpl. Rheinhalle Biebesheim</desc>
		<src>HessenForst</src>
	</wpt>
	<wpt lat="49.58089276341633" lon="8.5474149866566211">
		<name>HP-118</name>
		<cmt>Ehem. "Jägerhaus"</cmt>
		<desc>Ehem. "Jägerhaus"</desc>
		<src>HessenForst</src>
	</wpt>
	<wpt lat="50.368646425444183" lon="8.7501939472174595">
		<name>FB-14</name>
		<cmt>Einfahrt Siedlung Goldstein</cmt>
		<desc>Einfahrt Siedlung Goldstein</desc>
		<src>HessenForst</src>
	</wpt>
	<wpt lat="50.186218340871299" lon="8.2992844557721543">
		<name>RÜD-240</name>
		<cmt>Dorfgemeinschaftshaus</cmt>
		<desc>Dorfgemeinschaftshaus</desc>
		<src>HessenForst</src>
	</wpt>
	<wpt lat="49.549974773020345" lon="8.8546947713072228">
		<name>HP-414</name>
		<cmt>Waldmichelbach, Abzweig Straßburg/Seckenrain</cmt>
		<desc>Waldmichelbach, Abzweig Straßburg/Seckenrain</desc>
		<src>HessenForst</src>
	</wpt>
	<wpt lat="50.163475248066078" lon="9.0089527087056798">
		<name>MKK-508</name>
		<cmt>vor Sandhof/Sonnenhof rechts zum Waldrand</cmt>
		<desc>vor Sandhof/Sonnenhof rechts zum Waldrand</desc>
		<src>HessenForst</src>
	</wpt>
	<wpt lat="49.637737905633948" lon="8.5522183683749979">
		<name>HP-313</name>
		<cmt>Mannheimer Str. Nordende</cmt>
		<desc>Mannheimer Str. Nordende</desc>
		<src>HessenForst</src>
	</wpt>
	<wpt lat="51.010506822617245" lon="10.005232413340124">
		<name>ESW-442</name>
		<cmt>Gasthaus "Zur Linde"</cmt>
		<desc>Gasthaus "Zur Linde"</desc>
		<src>HessenForst</src>
	</wpt>
	<wpt lat="50.652202178563428" lon="9.3144421775203767">
		<name>VB-169</name>
		<cmt>NSG "Am Kalten Born" vorbei bis zum Waldrand</cmt>
		<desc>NSG "Am Kalten Born" vorbei bis zum Waldrand</desc>
		<src>HessenForst</src>
	</wpt>
	<wpt lat="51.078754556955786" lon="8.5870445159571549">
		<name>KB-707</name>
		<cmt>Altes Forsthaus Neuludwigsdorf</cmt>
		<desc>Altes Forsthaus Neuludwigsdorf</desc>
		<src>HessenForst</src>
	</wpt>
	<wpt lat="50.474986029064347" lon="8.2208910747126271">
		<name>LM-131</name>
		<cmt>Spießwald-Parkplatz</cmt>
		<desc>Spießwald-Parkplatz</desc>
		<src>HessenForst</src>
	</wpt>
	<wpt lat="50.772022283305112" lon="8.7892380245211381">
		<name>MR-429</name>
		<cmt>PP im Eselsgrund an der Straße von Cappel nach Moischt (K 38)</cmt>
		<desc>PP im Eselsgrund an der Straße von Cappel nach Moischt (K 38)</desc>
		<src>HessenForst</src>
	</wpt>
	<wpt lat="50.015145818372076" lon="8.8490112079132999">
		<name>OF-227</name>
		<cmt>Waldparkplatz K 174</cmt>
		<desc>Waldparkplatz K 174</desc>
		<src>HessenForst</src>
	</wpt>
	<wpt lat="51.066357671815098" lon="9.2150527713084127">
		<name>HR-64</name>
		<cmt>Friedhof Kerstenhausen</cmt>
		<desc>Friedhof Kerstenhausen</desc>
		<src>HessenForst</src>
	</wpt>
	<wpt lat="51.269892674618013" lon="8.9150438532077487">
		<name>KB-221</name>
		<cmt>Reckerohr</cmt>
		<desc>Reckerohr</desc>
		<src>HessenForst</src>
	</wpt>
	<wpt lat="50.668791697086178" lon="9.8054890220660447">
		<name>FD-46</name>
		<cmt>Ortsausgang Molzbach im Nordosten</cmt>
		<desc>Ortsausgang Molzbach im Nordosten</desc>
		<src>HessenForst</src>
	</wpt>
	<wpt lat="50.113499805446928" lon="8.8644389845857479">
		<name>OF-218</name>
		<cmt>Dietesheimer - Hof</cmt>
		<desc>Dietesheimer - Hof</desc>
		<src>HessenForst</src>
	</wpt>
	<wpt lat="50.408475386678354" lon="9.6955408106227292">
		<name>FD-526</name>
		<cmt>Parkplatz Struthwiese</cmt>
		<desc>Parkplatz Struthwiese</desc>
		<src>HessenForst</src>
	</wpt>
	<wpt lat="49.660898712022231" lon="9.0140043190295742">
		<name>ERB-62</name>
		<cmt>Haus im Gräsich</cmt>
		<desc>Haus im Gräsich</desc>
		<src>HessenForst</src>
	</wpt>
	<wpt lat="50.629987148745343" lon="9.8486592726198019">
		<name>FD-66</name>
		<cmt>L 3176 Kreuzung Hofaschenbach/Hofbieber</cmt>
		<desc>L 3176 Kreuzung Hofaschenbach/Hofbieber</desc>
		<src>HessenForst</src>
	</wpt>
	<wpt lat="50.956325387545078" lon="8.7524822855032678">
		<name>MR-119</name>
		<cmt>Wegekreuz Christenberg</cmt>
		<desc>Wegekreuz Christenberg</desc>
		<src>HessenForst</src>
	</wpt>
	<wpt lat="49.600134264788643" lon="8.5556094624356138">
		<name>HP-105</name>
		<cmt>Waldparkplatz "Kranzlacher Weg"</cmt>
		<desc>Waldparkplatz "Kranzlacher Weg"</desc>
		<src>HessenForst</src>
	</wpt>
	<wpt lat="51.045237850372452" lon="9.0918332310255963">
		<name>KB-630</name>
		<cmt>Besucherbergwerk Bergfreiheit</cmt>
		<desc>Besucherbergwerk Bergfreiheit</desc>
		<src>HessenForst</src>
	</wpt>
	<wpt lat="50.483846160597309" lon="9.5994179671036957">
		<name>FD-535</name>
		<cmt>Parkplatz gegenüber Wertholzlagerplatz</cmt>
		<desc>Parkplatz gegenüber Wertholzlagerplatz</desc>
		<src>HessenForst</src>
	</wpt>
	<wpt lat="50.586169502346536" lon="8.2479506442256927">
		<name>LDK-241</name>
		<cmt>Rodenroth CVJM Heim</cmt>
		<desc>Rodenroth CVJM Heim</desc>
		<src>HessenForst</src>
	</wpt>
	<wpt lat="50.990099307706338" lon="9.1295411588462621">
		<name>HR-334</name>
		<cmt>Forsthaus Hemberg</cmt>
		<desc>Forsthaus Hemberg</desc>
		<src>HessenForst</src>
	</wpt>
	<wpt lat="50.886224510243899" lon="9.3084623868965046">
		<name>HR-912</name>
		<cmt>Grillhütte Riebelsdorf</cmt>
		<desc>Grillhütte Riebelsdorf</desc>
		<src>HessenForst</src>
	</wpt>
	<wpt lat="50.161758302996205" lon="8.9198055406089019">
		<name>MKK-609</name>
		<cmt>Waldeingang/Parkplatz</cmt>
		<desc>Waldeingang/Parkplatz</desc>
		<src>HessenForst</src>
	</wpt>
	<wpt lat="50.43495044154264" lon="9.8907454837814868">
		<name>FD-605</name>
		<cmt>PW  Waldthsn. - Forsthaus Ziegelhütte</cmt>
		<desc>PW  Waldthsn. - Forsthaus Ziegelhütte</desc>
		<src>HessenForst</src>
	</wpt>
	<wpt lat="51.22207345137241" lon="9.3618006624044234">
		<name>HR-7</name>
		<cmt>Holzecke</cmt>
		<desc>Holzecke</desc>
		<src>HessenForst</src>
	</wpt>
	<wpt lat="50.761073201572195" lon="9.7396761465599759">
		<name>FD-30</name>
		<cmt>Sportplatz Dittlofrod</cmt>
		<desc>Sportplatz Dittlofrod</desc>
		<src>HessenForst</src>
	</wpt>
	<wpt lat="49.66882165847047" lon="8.6358472190389808">
		<name>HP-336</name>
		<cmt>Bensheimer Streichling</cmt>
		<desc>Bensheimer Streichling</desc>
		<src>HessenForst</src>
	</wpt>
	<wpt lat="50.610778827582934" lon="9.5680682495429039">
		<name>FD-562</name>
		<cmt>Zabershof</cmt>
		<desc>Zabershof</desc>
		<src>HessenForst</src>
	</wpt>
	<wpt lat="50.893747889640892" lon="9.2896085696317616">
		<name>HR-913</name>
		<cmt>Steinatalschule</cmt>
		<desc>Steinatalschule</desc>
		<src>HessenForst</src>
	</wpt>
	<wpt lat="50.684814778983494" lon="9.584973124470471">
		<name>VB-311</name>
		<cmt>Hutzdorf, DGH</cmt>
		<desc>Hutzdorf, DGH</desc>
		<src>HessenForst</src>
	</wpt>
	<wpt lat="50.965141120693744" lon="9.1961169456561134">
		<name>HR-345</name>
		<cmt>Bushaltestelle</cmt>
		<desc>Bushaltestelle</desc>
		<src>HessenForst</src>
	</wpt>
	<wpt lat="50.623401364309508" lon="9.7273366152886691">
		<name>FD-505</name>
		<cmt>Ortseingang Marbach</cmt>
		<desc>Ortseingang Marbach</desc>
		<src>HessenForst</src>
	</wpt>
	<wpt lat="50.737896067703964" lon="9.8578538748710347">
		<name>FD-16</name>
		<cmt>Ortseingang Großentaft</cmt>
		<desc>Ortseingang Großentaft</desc>
		<src>HessenForst</src>
	</wpt>
	<wpt lat="49.745380516538972" lon="9.0802001085590138">
		<name>ERB-125</name>
		<cmt>Haupttor ehem. Depot Hainhaus</cmt>
		<desc>Haupttor ehem. Depot Hainhaus</desc>
		<src>HessenForst</src>
	</wpt>
	<wpt lat="50.661897682672979" lon="8.2780334901806523">
		<name>LDK-313</name>
		<cmt>Hörbach -&amp;gt; Hirschberg, Abzweig nach Merkenbach</cmt>
		<desc>Hörbach -&amp;gt; Hirschberg, Abzweig nach Merkenbach</desc>
		<src>HessenForst</src>
	</wpt>
	<wpt lat="49.684632893785043" lon="9.0200714267476219">
		<name>ERB-73</name>
		<cmt>Schwimmbad Michelstadt</cmt>
		<desc>Schwimmbad Michelstadt</desc>
		<src>HessenForst</src>
	</wpt>
	<wpt lat="50.132050203354126" lon="8.0197088130215075">
		<name>RÜD-135</name>
		<cmt>Abfahrt Watzelhain</cmt>
		<desc>Abfahrt Watzelhain</desc>
		<src>HessenForst</src>
	</wpt>
	<wpt lat="49.617486551039633" lon="8.400710918886146">
		<name>HP-120</name>
		<cmt>"Schießhof"</cmt>
		<desc>"Schießhof"</desc>
		<src>HessenForst</src>
	</wpt>
	<wpt lat="50.426087309399009" lon="9.6827315379215442">
		<name>FD-525</name>
		<cmt>Gammertswiese</cmt>
		<desc>Gammertswiese</desc>
		<src>HessenForst</src>
	</wpt>
	<wpt lat="50.429187794690016" lon="8.5114149043306355">
		<name>LDK-376</name>
		<cmt>Einfahrt Schwimmbad</cmt>
		<desc>Einfahrt Schwimmbad</desc>
		<src>HessenForst</src>
	</wpt>
	<wpt lat="51.048476012181986" lon="9.1082576494326108">
		<name>HR-63</name>
		<cmt>Waldeinfahrt Kläranlage</cmt>
		<desc>Waldeinfahrt Kläranlage</desc>
		<src>HessenForst</src>
	</wpt>
	<wpt lat="51.047203316365035" lon="9.5247810704672258">
		<name>HR-805</name>
		<cmt>Hilgenstrauch</cmt>
		<desc>Hilgenstrauch</desc>
		<src>HessenForst</src>
	</wpt>
	<wpt lat="50.13036259615955" lon="8.9785289665784216">
		<name>MKK-502</name>
		<cmt>Waldeingang Bushaltestelle Baumschule</cmt>
		<desc>Waldeingang Bushaltestelle Baumschule</desc>
		<src>HessenForst</src>
	</wpt>
	<wpt lat="50.513384143974356" lon="9.8825679187044173">
		<name>FD-341</name>
		<cmt>Mittelberg</cmt>
		<desc>Mittelberg</desc>
		<src>HessenForst</src>
	</wpt>
	<wpt lat="50.284454594696911" lon="9.5911810596496441">
		<name>MKK-104</name>
		<cmt>Ziegelhütte-Breunings</cmt>
		<desc>Ziegelhütte-Breunings</desc>
		<src>HessenForst</src>
	</wpt>
	<wpt lat="49.681512487752784" lon="9.0150699660930211">
		<name>ERB-74</name>
		<cmt>Altenwohnanlage</cmt>
		<desc>Altenwohnanlage</desc>
		<src>HessenForst</src>
	</wpt>
	<wpt lat="49.945282941541002" lon="8.6111763619721504">
		<name>DA-55</name>
		<cmt>Raststätte Gräfenhausen - Ost</cmt>
		<desc>Raststätte Gräfenhausen - Ost</desc>
		<src>HessenForst</src>
	</wpt>
	<wpt lat="49.72007836712109" lon="8.6573900261936263">
		<name>HP-317</name>
		<cmt>Adamsgrund Hochstädten Waldeinfahrt</cmt>
		<desc>Adamsgrund Hochstädten Waldeinfahrt</desc>
		<src>HessenForst</src>
	</wpt>
	<wpt lat="50.804122775980545" lon="8.4098732503250542">
		<name>MR-525</name>
		<cmt>Rathaus Lixfeld</cmt>
		<desc>Rathaus Lixfeld</desc>
		<src>HessenForst</src>
	</wpt>
	<wpt lat="51.087719255283019" lon="9.163452161505008">
		<name>KB-635</name>
		<cmt>Parkplatz Wenzigeröder Höhe</cmt>
		<desc>Parkplatz Wenzigeröder Höhe</desc>
		<src>HessenForst</src>
	</wpt>
	<wpt lat="51.118107323800608" lon="8.8766718042957802">
		<name>KB-260</name>
		<cmt>Parkplatz B 252, Einfahrt zur Burg Hessenstein</cmt>
		<desc>Parkplatz B 252, Einfahrt zur Burg Hessenstein</desc>
		<src>HessenForst</src>
	</wpt>
	<wpt lat="50.451327916740439" lon="8.2173412682804834">
		<name>LM-324</name>
		<cmt>Parkplatz am Sportplatz Wirbelau</cmt>
		<desc>Parkplatz am Sportplatz Wirbelau</desc>
		<src>HessenForst</src>
	</wpt>
	<wpt lat="49.52238206640655" lon="8.7949836579839307">
		<name>HP-418</name>
		<cmt>Unter-Abtsteinach, Sportplatz</cmt>
		<desc>Unter-Abtsteinach, Sportplatz</desc>
		<src>HessenForst</src>
	</wpt>
	<wpt lat="51.355349314200247" lon="9.2084410749865828">
		<name>KS-515</name>
		<cmt>Ortsausgang Richtung Niederelsungen, an Baumschule Pflanzlust/Niggemeyer</cmt>
		<desc>Ortsausgang Richtung Niederelsungen, an Baumschule Pflanzlust/Niggemeyer</desc>
		<src>HessenForst</src>
	</wpt>
	<wpt lat="50.1558370513875" lon="8.465492929640126">
		<name>MTK-49</name>
		<cmt>Kahlbachhalle Altenhain</cmt>
		<desc>Kahlbachhalle Altenhain</desc>
		<src>HessenForst</src>
	</wpt>
	<wpt lat="50.834992546303631" lon="9.3082965958493151">
		<name>HR-923</name>
		<cmt>Waldhof</cmt>
		<desc>Waldhof</desc>
		<src>HessenForst</src>
	</wpt>
	<wpt lat="50.916344497972638" lon="8.5659423311223275">
		<name>MR-4</name>
		<cmt>Wetter Höhe, Verbindungsweg Biedenkopf Dexbach/EngelbachWetter Höhe, Verbindungsweg Biedenkopf Dexbach/Engelbach</cmt>
		<desc>Wetter Höhe, Verbindungsweg Biedenkopf Dexbach/EngelbachWetter Höhe, Verbindungsweg Biedenkopf Dexbach/Engelbach</desc>
		<src>HessenForst</src>
	</wpt>
	<wpt lat="50.5575810478256" lon="9.9178461919285024">
		<name>FD-357</name>
		<cmt>Bushaltestelle Steinbach</cmt>
		<desc>Bushaltestelle Steinbach</desc>
		<src>HessenForst</src>
	</wpt>
	<wpt lat="49.499223566009412" lon="9.0256133699612953">
		<name>ERB-222</name>
		<cmt>Hebstahl, Parkplatz am "Heuselsbrunnen"</cmt>
		<desc>Hebstahl, Parkplatz am "Heuselsbrunnen"</desc>
		<src>HessenForst</src>
	</wpt>
	<wpt lat="50.440537339582349" lon="9.7718043122358953">
		<name>FD-323</name>
		<cmt>Bürgerhaus Thalau</cmt>
		<desc>Bürgerhaus Thalau</desc>
		<src>HessenForst</src>
	</wpt>
	<wpt lat="50.147175702188854" lon="9.036897353473341">
		<name>MKK-201</name>
		<cmt>Waldrand oberhalb (östl.) Niederrodenbach</cmt>
		<desc>Waldrand oberhalb (östl.) Niederrodenbach</desc>
		<src>HessenForst</src>
	</wpt>
	<wpt lat="50.108018152220232" lon="8.8207623420018884">
		<name>OF-215</name>
		<cmt>Waldrand Kreuzung "Bieberer Weg"</cmt>
		<desc>Waldrand Kreuzung "Bieberer Weg"</desc>
		<src>HessenForst</src>
	</wpt>
	<wpt lat="50.525942974652338" lon="8.1422734549265527">
		<name>LM-112</name>
		<cmt>Kreisverkehr "Waldernbacher Stock"</cmt>
		<desc>Kreisverkehr "Waldernbacher Stock"</desc>
		<src>HessenForst</src>
	</wpt>
	<wpt lat="50.87088803660216" lon="9.0593520088486645">
		<name>MR-224</name>
		<cmt>Speckswinkel, Straßenkreuz L 3071 / K 15</cmt>
		<desc>Speckswinkel, Straßenkreuz L 3071 / K 15</desc>
		<src>HessenForst</src>
	</wpt>
	<wpt lat="49.603261253543785" lon="9.0338195585494674">
		<name>ERB-243</name>
		<cmt>Bullau, Gasthaus Gebhartshütte</cmt>
		<desc>Bullau, Gasthaus Gebhartshütte</desc>
		<src>HessenForst</src>
	</wpt>
	<wpt lat="50.971310829099096" lon="8.7262360399499812">
		<name>KB-850</name>
		<cmt>Abzweig Teichweg (Fischereizucht Heck)</cmt>
		<desc>Abzweig Teichweg (Fischereizucht Heck)</desc>
		<src>HessenForst</src>
	</wpt>
	<wpt lat="50.001565849787248" lon="8.3513778349993917">
		<name>MTK-119</name>
		<cmt>Parkplatz am Main; NSG Hochheimer Mainufer</cmt>
		<desc>Parkplatz am Main; NSG Hochheimer Mainufer</desc>
		<src>HessenForst</src>
	</wpt>
	<wpt lat="50.296331179022673" lon="9.4892267000931572">
		<name>MKK-12</name>
		<cmt>Frohnhof</cmt>
		<desc>Frohnhof</desc>
		<src>HessenForst</src>
	</wpt>
	<wpt lat="50.482882387585065" lon="9.945015893201484">
		<name>FD-607</name>
		<cmt>PW  Waldthsn. - Parkplatz Spielwiese</cmt>
		<desc>PW  Waldthsn. - Parkplatz Spielwiese</desc>
		<src>HessenForst</src>
	</wpt>
	<wpt lat="50.540986354428455" lon="8.673464137653669">
		<name>GI-11</name>
		<cmt>Einf. zum Kuhn-Markt (a.d. Hochhäusern</cmt>
		<desc>Einf. zum Kuhn-Markt (a.d. Hochhäusern</desc>
		<src>HessenForst</src>
	</wpt>
	<wpt lat="50.524511696503076" lon="10.038885704828678">
		<name>FD-350</name>
		<cmt>Zufahrt Steinbruch Billstein</cmt>
		<desc>Zufahrt Steinbruch Billstein</desc>
		<src>HessenForst</src>
	</wpt>
	<wpt lat="49.739306108370634" lon="8.7903430461415439">
		<name>DA-156</name>
		<cmt>Parkplatz Gagernstein</cmt>
		<desc>Parkplatz Gagernstein</desc>
		<src>HessenForst</src>
	</wpt>
	<wpt lat="50.989117032751729" lon="8.5961265550850872">
		<name>KB-730</name>
		<cmt>Ederbrücke Holzhausen</cmt>
		<desc>Ederbrücke Holzhausen</desc>
		<src>HessenForst</src>
	</wpt>
	<wpt lat="50.932986086324085" lon="9.2218937112715942">
		<name>HR-431</name>
		<cmt>Munitionsdepot</cmt>
		<desc>Munitionsdepot</desc>
		<src>HessenForst</src>
	</wpt>
	<wpt lat="50.974222944601742" lon="8.5975482766224047">
		<name>KB-736</name>
		<cmt>Kohlenberg</cmt>
		<desc>Kohlenberg</desc>
		<src>HessenForst</src>
	</wpt>
	<wpt lat="50.150238986717326" lon="8.8431206549514947">
		<name>MKK-705</name>
		<cmt>Parkplatz Hochstädter Sportplatz</cmt>
		<desc>Parkplatz Hochstädter Sportplatz</desc>
		<src>HessenForst</src>
	</wpt>
	<wpt lat="51.324124036978816" lon="8.8719971640751965">
		<name>KB-201</name>
		<cmt>Kirche Ortsmitte</cmt>
		<desc>Kirche Ortsmitte</desc>
		<src>HessenForst</src>
	</wpt>
	<wpt lat="50.249474270413138" lon="8.1984839855108333">
		<name>RÜD-167</name>
		<cmt>DGH</cmt>
		<desc>DGH</desc>
		<src>HessenForst</src>
	</wpt>
	<wpt lat="51.176020495222218" lon="8.9399642020201799">
		<name>KB-241</name>
		<cmt>Jugendherberge Hohe Fahrt</cmt>
		<desc>Jugendherberge Hohe Fahrt</desc>
		<src>HessenForst</src>
	</wpt>
	<wpt lat="49.841544851391831" lon="8.8270892662259577">
		<name>DA-29</name>
		<cmt>Ortsmitte Spachbrücken an der Kreuzung B 38 / Mühlstraße</cmt>
		<desc>Ortsmitte Spachbrücken an der Kreuzung B 38 / Mühlstraße</desc>
		<src>HessenForst</src>
	</wpt>
	<wpt lat="50.662998778041626" lon="9.3091222271403833">
		<name>VB-168</name>
		<cmt>am Waldrand 1. Waldstraße links</cmt>
		<desc>am Waldrand 1. Waldstraße links</desc>
		<src>HessenForst</src>
	</wpt>
	<wpt lat="51.016257051955726" lon="8.5797332170400153">
		<name>KB-720</name>
		<cmt>Kläranlage Reddighausen</cmt>
		<desc>Kläranlage Reddighausen</desc>
		<src>HessenForst</src>
	</wpt>
	<wpt lat="50.052317316501878" lon="8.4438714068457372">
		<name>MTK-102</name>
		<cmt>GRKW Natursch.-Informationsz.; NSG Weilbachaer Kiesgrube</cmt>
		<desc>GRKW Natursch.-Informationsz.; NSG Weilbachaer Kiesgrube</desc>
		<src>HessenForst</src>
	</wpt>
	<wpt lat="51.00226177200382" lon="8.8744038056703811">
		<name>KB-832</name>
		<cmt>Steinrutsche</cmt>
		<desc>Steinrutsche</desc>
		<src>HessenForst</src>
	</wpt>
	<wpt lat="49.636618112429787" lon="9.0813388545409328">
		<name>ERB-34</name>
		<cmt>Parkplatz Römerbad</cmt>
		<desc>Parkplatz Römerbad</desc>
		<src>HessenForst</src>
	</wpt>
	<wpt lat="51.000973536308848" lon="8.5192615748708196">
		<name>KB-723</name>
		<cmt>Mühle Elsoff</cmt>
		<desc>Mühle Elsoff</desc>
		<src>HessenForst</src>
	</wpt>
	<wpt lat="50.861298109434792" lon="9.1616635548101968">
		<name>HR-915</name>
		<cmt>Waldeingang Wasenberg</cmt>
		<desc>Waldeingang Wasenberg</desc>
		<src>HessenForst</src>
	</wpt>
	<wpt lat="50.992694155923331" lon="8.7442841971078504">
		<name>KB-837</name>
		<cmt>Forsthaus Ernsthausen</cmt>
		<desc>Forsthaus Ernsthausen</desc>
		<src>HessenForst</src>
	</wpt>
	<wpt lat="49.678067160524421" lon="8.8990263837829175">
		<name>ERB-5</name>
		<cmt>Parkplatz Dehnbuche</cmt>
		<desc>Parkplatz Dehnbuche</desc>
		<src>HessenForst</src>
	</wpt>
	<wpt lat="50.471714671712682" lon="9.7891912370227985">
		<name>FD-321</name>
		<cmt>Parkplatz Lindenhart</cmt>
		<desc>Parkplatz Lindenhart</desc>
		<src>HessenForst</src>
	</wpt>
	<wpt lat="50.58557599387337" lon="10.037890930026492">
		<name>FD-366</name>
		<cmt>Simmershausen/Hutzelfeuerplatz</cmt>
		<desc>Simmershausen/Hutzelfeuerplatz</desc>
		<src>HessenForst</src>
	</wpt>
	<wpt lat="50.335459550836433" lon="9.5462105327022417">
		<name>MKK-84</name>
		<cmt>Wasserbehälter Huhn</cmt>
		<desc>Wasserbehälter Huhn</desc>
		<src>HessenForst</src>
	</wpt>
	<wpt lat="50.467730633418164" lon="9.9292815275981372">
		<name>FD-608</name>
		<cmt>PW  Waldthsn. - Mittelhof  grünes Ortshinweisschild "Dreierhof"</cmt>
		<desc>PW  Waldthsn. - Mittelhof  grünes Ortshinweisschild "Dreierhof"</desc>
		<src>HessenForst</src>
	</wpt>
	<wpt lat="50.583673127566918" lon="9.6278611403762451">
		<name>FD-568</name>
		<cmt>Trätzhof</cmt>
		<desc>Trätzhof</desc>
		<src>HessenForst</src>
	</wpt>
	<wpt lat="50.640835994618072" lon="9.7494083158427252">
		<name>FD-53</name>
		<cmt>Kirnhof</cmt>
		<desc>Kirnhof</desc>
		<src>HessenForst</src>
	</wpt>
	<wpt lat="51.100199613241088" lon="8.7559102905743469">
		<name>KB-534</name>
		<cmt>Ehem. Forsthaus, Orts-ausgang nach Westen</cmt>
		<desc>Ehem. Forsthaus, Orts-ausgang nach Westen</desc>
		<src>HessenForst</src>
	</wpt>
	<wpt lat="51.222757006496657" lon="10.0560883612635">
		<name>ESW-307</name>
		<cmt>Ortsmitte, Knick L 3424 (Schulgasse/Steinweg)</cmt>
		<desc>Ortsmitte, Knick L 3424 (Schulgasse/Steinweg)</desc>
		<src>HessenForst</src>
	</wpt>
	<wpt lat="49.788416624691585" lon="8.9831967076667869">
		<name>ERB-133</name>
		<cmt>Schäferhund-Dressurplatz</cmt>
		<desc>Schäferhund-Dressurplatz</desc>
		<src>HessenForst</src>
	</wpt>
	<wpt lat="50.452212560681467" lon="9.6308805025808599">
		<name>FD-542</name>
		<cmt>Waldeingang Weinstr. Opperz</cmt>
		<desc>Waldeingang Weinstr. Opperz</desc>
		<src>HessenForst</src>
	</wpt>
	<wpt lat="50.270041274242821" lon="8.1697946305623734">
		<name>RÜD-317</name>
		<cmt>L 3031 / B 417 Abzweig Ketternschwalbach</cmt>
		<desc>L 3031 / B 417 Abzweig Ketternschwalbach</desc>
		<src>HessenForst</src>
	</wpt>
	<wpt lat="50.540472556292215" lon="8.3493999353743309">
		<name>LDK-2</name>
		<cmt>Kreuzung Aussiedlerhöfe</cmt>
		<desc>Kreuzung Aussiedlerhöfe</desc>
		<src>HessenForst</src>
	</wpt>
	<wpt lat="50.587855195331862" lon="9.7778910668724563">
		<name>FD-215</name>
		<cmt>Mittelberg</cmt>
		<desc>Mittelberg</desc>
		<src>HessenForst</src>
	</wpt>
	<wpt lat="51.183061697052729" lon="9.2528079631634572">
		<name>HR-14</name>
		<cmt>Steinbruch Lohne</cmt>
		<desc>Steinbruch Lohne</desc>
		<src>HessenForst</src>
	</wpt>
	<wpt lat="50.680389523015975" lon="9.47436042699543">
		<name>VB-312</name>
		<cmt>Willofs Gaststätte Roth</cmt>
		<desc>Willofs Gaststätte Roth</desc>
		<src>HessenForst</src>
	</wpt>
	<wpt lat="50.36660794392612" lon="9.734362187913117">
		<name>FD-533</name>
		<cmt>Ziener Autobahnbrücke</cmt>
		<desc>Ziener Autobahnbrücke</desc>
		<src>HessenForst</src>
	</wpt>
	<wpt lat="50.603147877754331" lon="10.034186450426997">
		<name>FD-365</name>
		<cmt>Heckenmühle</cmt>
		<desc>Heckenmühle</desc>
		<src>HessenForst</src>
	</wpt>
	<wpt lat="50.135327506095607" lon="8.4614731845226263">
		<name>MTK-47</name>
		<cmt>Parkplatz Hauptfriedhof Kelkheim</cmt>
		<desc>Parkplatz Hauptfriedhof Kelkheim</desc>
		<src>HessenForst</src>
	</wpt>
	<wpt lat="51.240175988877084" lon="8.8421114976775055">
		<name>KB-211</name>
		<cmt>Nordenbeck, Gastwirtschaft</cmt>
		<desc>Nordenbeck, Gastwirtschaft</desc>
		<src>HessenForst</src>
	</wpt>
	<wpt lat="51.029271775462213" lon="10.114509724232413">
		<name>ESW-60</name>
		<cmt>Holzlagerplatz Nesselröden</cmt>
		<desc>Holzlagerplatz Nesselröden</desc>
		<src>HessenForst</src>
	</wpt>
	<wpt lat="49.691627751512947" lon="9.0393890645737791">
		<name>ERB-28</name>
		<cmt>Parkplatz Weiten-Gesäßer Höhe</cmt>
		<desc>Parkplatz Weiten-Gesäßer Höhe</desc>
		<src>HessenForst</src>
	</wpt>
	<wpt lat="50.409215942278301" lon="8.4417491127023041">
		<name>LM-218</name>
		<cmt>B 456 Abfahrt  Waldweg  "Hohle Stuth"</cmt>
		<desc>B 456 Abfahrt  Waldweg  "Hohle Stuth"</desc>
		<src>HessenForst</src>
	</wpt>
	<wpt lat="51.133763487765435" lon="9.2084296583341434">
		<name>HR-24</name>
		<cmt>Mandersche Brücke</cmt>
		<desc>Mandersche Brücke</desc>
		<src>HessenForst</src>
	</wpt>
	<wpt lat="51.329281398307174" lon="9.9185977568783859">
		<name>ESW-137</name>
		<cmt>Dorfgemeinschaftshaus am nördl. Ortsausgang Werleshausen</cmt>
		<desc>Dorfgemeinschaftshaus am nördl. Ortsausgang Werleshausen</desc>
		<src>HessenForst</src>
	</wpt>
	<wpt lat="51.048651047024777" lon="9.0973314685900508">
		<name>KB-628</name>
		<cmt>Bushaltestelle  Bergfreiheit</cmt>
		<desc>Bushaltestelle  Bergfreiheit</desc>
		<src>HessenForst</src>
	</wpt>
	<wpt lat="50.744388223085778" lon="9.6782971324175051">
		<name>HEF-348</name>
		<cmt>Wegekreuzung Hohenwehrda</cmt>
		<desc>Wegekreuzung Hohenwehrda</desc>
		<src>HessenForst</src>
	</wpt>
	<wpt lat="50.154690280021185" lon="8.2400502029139862">
		<name>RÜD-232</name>
		<cmt>Sendemast</cmt>
		<desc>Sendemast</desc>
		<src>HessenForst</src>
	</wpt>
	<wpt lat="49.450334258350253" lon="8.8851886906688371">
		<name>HP-405</name>
		<cmt>Hirschhorn, Abzweig Strasse "Am Schlössel"</cmt>
		<desc>Hirschhorn, Abzweig Strasse "Am Schlössel"</desc>
		<src>HessenForst</src>
	</wpt>
	<wpt lat="50.911020175737406" lon="8.9936059120626144">
		<name>MR-208</name>
		<cmt>Straßenkreuz Josbach West</cmt>
		<desc>Straßenkreuz Josbach West</desc>
		<src>HessenForst</src>
	</wpt>
	<wpt lat="50.773236475511744" lon="9.3169716931449837">
		<name>VB-204</name>
		<cmt>Eudorf Richtung Elbenrod, Waldeingang Steinfirst</cmt>
		<desc>Eudorf Richtung Elbenrod, Waldeingang Steinfirst</desc>
		<src>HessenForst</src>
	</wpt>
	<wpt lat="50.747712816308848" lon="8.2770589786253179">
		<name>LDK-301</name>
		<cmt>Dorotheenweg Parkplatz "Fa. Cohnen"</cmt>
		<desc>Dorotheenweg Parkplatz "Fa. Cohnen"</desc>
		<src>HessenForst</src>
	</wpt>
	<wpt lat="50.623736695399288" lon="9.5896778036208428">
		<name>VB-330</name>
		<cmt>Parkplatz Hemmener Teich</cmt>
		<desc>Parkplatz Hemmener Teich</desc>
		<src>HessenForst</src>
	</wpt>
	<wpt lat="50.988116187341873" lon="8.8120255691318672">
		<name>KB-841</name>
		<cmt>Wolfstallweg AbzweigSchnepfenrückweg</cmt>
		<desc>Wolfstallweg AbzweigSchnepfenrückweg</desc>
		<src>HessenForst</src>
	</wpt>
	<wpt lat="50.364073800475957" lon="9.4871969965827141">
		<name>MKK-70</name>
		<cmt>Breitenbach</cmt>
		<desc>Breitenbach</desc>
		<src>HessenForst</src>
	</wpt>
	<wpt lat="50.190065440612557" lon="8.2017268947824906">
		<name>RÜD-225</name>
		<cmt>NP - Parkplatz Zugmantel</cmt>
		<desc>NP - Parkplatz Zugmantel</desc>
		<src>HessenForst</src>
	</wpt>
	<wpt lat="50.569460556951839" lon="8.1595635839711775">
		<name>LM-102</name>
		<cmt>Mengerskirchen, "Puller Weg 2"</cmt>
		<desc>Mengerskirchen, "Puller Weg 2"</desc>
		<src>HessenForst</src>
	</wpt>
	<wpt lat="51.07765490453118" lon="9.4107955960975893">
		<name>HR-36</name>
		<cmt>Ortsmitte Rockshausen</cmt>
		<desc>Ortsmitte Rockshausen</desc>
		<src>HessenForst</src>
	</wpt>
	<wpt lat="50.308605938636205" lon="8.3265487209523119">
		<name>LM-246</name>
		<cmt>Sportplatz Dombach</cmt>
		<desc>Sportplatz Dombach</desc>
		<src>HessenForst</src>
	</wpt>
	<wpt lat="51.125914953155224" lon="10.197675007330664">
		<name>ESW-360</name>
		<cmt>Sportplatz Heldra</cmt>
		<desc>Sportplatz Heldra</desc>
		<src>HessenForst</src>
	</wpt>
	<wpt lat="49.962307462449644" lon="8.5755313004538287">
		<name>GG-47</name>
		<cmt>Abzw. L 3113/Dachsberg Schneise; Waldzufahrt</cmt>
		<desc>Abzw. L 3113/Dachsberg Schneise; Waldzufahrt</desc>
		<src>HessenForst</src>
	</wpt>
	<wpt lat="50.786904396243969" lon="9.2866304647241176">
		<name>VB-206</name>
		<cmt>Waldeingang Dotzelröder Wäldchen</cmt>
		<desc>Waldeingang Dotzelröder Wäldchen</desc>
		<src>HessenForst</src>
	</wpt>
	<wpt lat="51.238266422657503" lon="9.3072319960827539">
		<name>HR-3</name>
		<cmt>Kreuzung Niedenstein, Breitenbach</cmt>
		<desc>Kreuzung Niedenstein, Breitenbach</desc>
		<src>HessenForst</src>
	</wpt>
	<wpt lat="50.794630133406606" lon="9.6178744741421962">
		<name>HEF-336</name>
		<cmt>Bushaltestelle Ortsmitte Mengshausen</cmt>
		<desc>Bushaltestelle Ortsmitte Mengshausen</desc>
		<src>HessenForst</src>
	</wpt>
	<wpt lat="50.120856919024739" lon="8.8775334438728741">
		<name>OF-219</name>
		<cmt>Hess. Polizei-Hundeführer-Schule</cmt>
		<desc>Hess. Polizei-Hundeführer-Schule</desc>
		<src>HessenForst</src>
	</wpt>
	<wpt lat="49.958273395073363" lon="8.8226846711095845">
		<name>OF-104</name>
		<cmt>Abfahrt B 45 / Kreuzung B 486, Abt. 25</cmt>
		<desc>Abfahrt B 45 / Kreuzung B 486, Abt. 25</desc>
		<src>HessenForst</src>
	</wpt>
	<wpt lat="51.128235559698354" lon="9.0106548990780233">
		<name>KB-423</name>
		<cmt>Forstbetriebswerksstatt</cmt>
		<desc>Forstbetriebswerksstatt</desc>
		<src>HessenForst</src>
	</wpt>
	<wpt lat="50.508205901605919" lon="8.1253800376687284">
		<name>LM-336</name>
		<cmt>"Hauptstraße" - Abzweig Richtung Friedhof</cmt>
		<desc>"Hauptstraße" - Abzweig Richtung Friedhof</desc>
		<src>HessenForst</src>
	</wpt>
	<wpt lat="49.971705189195319" lon="8.5916709794546051">
		<name>GG-30</name>
		<cmt>Kreuzung Am Bornbruch/Kalb Schneise; Eing. Kalksandsteinw.Dreher</cmt>
		<desc>Kreuzung Am Bornbruch/Kalb Schneise; Eing. Kalksandsteinw.Dreher</desc>
		<src>HessenForst</src>
	</wpt>
	<wpt lat="50.154399961584772" lon="8.1466843542460055">
		<name>RÜD-210</name>
		<cmt>Wasserhochbehälter Hahn</cmt>
		<desc>Wasserhochbehälter Hahn</desc>
		<src>HessenForst</src>
	</wpt>
	<wpt lat="50.386532636219862" lon="8.3877579002533018">
		<name>LM-226</name>
		<cmt>Kreuzung L 3063 / L 3025 am Utenhof</cmt>
		<desc>Kreuzung L 3063 / L 3025 am Utenhof</desc>
		<src>HessenForst</src>
	</wpt>
	<wpt lat="51.091997516910645" lon="8.9585825010770677">
		<name>KB-425</name>
		<cmt>Abzweig "Wesemühle"</cmt>
		<desc>Abzweig "Wesemühle"</desc>
		<src>HessenForst</src>
	</wpt>
	<wpt lat="50.296768237584004" lon="9.6142842190025792">
		<name>MKK-102</name>
		<cmt>Hühnerfarm</cmt>
		<desc>Hühnerfarm</desc>
		<src>HessenForst</src>
	</wpt>
	<wpt lat="50.403160265750735" lon="8.4503868164223519">
		<name>HG-111</name>
		<cmt>Parkplatz "Wolfsgalgen"</cmt>
		<desc>Parkplatz "Wolfsgalgen"</desc>
		<src>HessenForst</src>
	</wpt>
	<wpt lat="49.903602303113693" lon="8.8031180571497973">
		<name>DA-35</name>
		<cmt>Parkplatz "Steinernes Kreuz" am Waldeingang rechts</cmt>
		<desc>Parkplatz "Steinernes Kreuz" am Waldeingang rechts</desc>
		<src>HessenForst</src>
	</wpt>
	<wpt lat="50.375800240357499" lon="9.3770523932451706">
		<name>MKK-29</name>
		<cmt>Rabenstein - Wasserbehälter</cmt>
		<desc>Rabenstein - Wasserbehälter</desc>
		<src>HessenForst</src>
	</wpt>
	<wpt lat="50.943153123596332" lon="9.4344552806639221">
		<name>HR-845</name>
		<cmt>Ropperhäuser Weg</cmt>
		<desc>Ropperhäuser Weg</desc>
		<src>HessenForst</src>
	</wpt>
	<wpt lat="49.544857756790059" lon="8.7105858974681993">
		<name>HP-227</name>
		<cmt>Gorxheim; Parkplatz Kreisstr. Gorxh. (scharfe Kurve)</cmt>
		<desc>Gorxheim; Parkplatz Kreisstr. Gorxh. (scharfe Kurve)</desc>
		<src>HessenForst</src>
	</wpt>
	<wpt lat="51.103849939242288" lon="8.8337529268397894">
		<name>KB-529</name>
		<cmt>Ehem. Revierförsterei Viermünden Neuer Weg</cmt>
		<desc>Ehem. Revierförsterei Viermünden Neuer Weg</desc>
		<src>HessenForst</src>
	</wpt>
	<wpt lat="50.765746944487248" lon="8.2817710322424354">
		<name>LDK-303</name>
		<cmt>Sportplaltz "Am Nebelsberg" südl. der K 50</cmt>
		<desc>Sportplaltz "Am Nebelsberg" südl. der K 50</desc>
		<src>HessenForst</src>
	</wpt>
	<wpt lat="50.818190874810242" lon="9.1009889997062086">
		<name>VB-129</name>
		<cmt>links, Gleimer Wald</cmt>
		<desc>links, Gleimer Wald</desc>
		<src>HessenForst</src>
	</wpt>
	<wpt lat="50.364183507502638" lon="9.6988347415977643">
		<name>FD-532</name>
		<cmt>Hüttenwiese</cmt>
		<desc>Hüttenwiese</desc>
		<src>HessenForst</src>
	</wpt>
	<wpt lat="49.633707219240819" lon="8.5715573140372676">
		<name>HP-106</name>
		<cmt>Waldparkplatz "Sachsenbuckel"</cmt>
		<desc>Waldparkplatz "Sachsenbuckel"</desc>
		<src>HessenForst</src>
	</wpt>
	<wpt lat="51.055915712745282" lon="8.7392894767308054">
		<name>KB-553</name>
		<cmt>"Alte Ziegelei" Verbindungsstr. K 125 Röddenau zur L 3073</cmt>
		<desc>"Alte Ziegelei" Verbindungsstr. K 125 Röddenau zur L 3073</desc>
		<src>HessenForst</src>
	</wpt>
	<wpt lat="50.634427715675116" lon="8.911005178325091">
		<name>GI-120</name>
		<cmt>Laubachskopf, Waldwegekreuz zwischen Abtl.1070 u 1067</cmt>
		<desc>Laubachskopf, Waldwegekreuz zwischen Abtl.1070 u 1067</desc>
		<src>HessenForst</src>
	</wpt>
	<wpt lat="50.157145114104864" lon="8.8688302685961027">
		<name>MKK-707</name>
		<cmt>KEWA-Sportplatz</cmt>
		<desc>KEWA-Sportplatz</desc>
		<src>HessenForst</src>
	</wpt>
	<wpt lat="51.128644109435143" lon="9.9691308653183679">
		<name>ESW-323</name>
		<cmt>Friedhof</cmt>
		<desc>Friedhof</desc>
		<src>HessenForst</src>
	</wpt>
	<wpt lat="50.225084567502925" lon="9.0608756928872705">
		<name>MKK-805</name>
		<cmt>Feldweg ca. 500 m links nach Neuwiedermuß</cmt>
		<desc>Feldweg ca. 500 m links nach Neuwiedermuß</desc>
		<src>HessenForst</src>
	</wpt>
	<wpt lat="49.678680538099741" lon="8.8501571737538303">
		<name>ERB-54</name>
		<cmt>Abzweig Friedhof</cmt>
		<desc>Abzweig Friedhof</desc>
		<src>HessenForst</src>
	</wpt>
	<wpt lat="50.289381947816672" lon="8.4613569085568248">
		<name>HG-62</name>
		<cmt>Brombacher Tankstelle</cmt>
		<desc>Brombacher Tankstelle</desc>
		<src>HessenForst</src>
	</wpt>
	<wpt lat="50.9192808579295" lon="8.5289638514698254">
		<name>MR-8</name>
		<cmt>Biedenkopf - Kottenbachstraße Abzw. zum Schloß</cmt>
		<desc>Biedenkopf - Kottenbachstraße Abzw. zum Schloß</desc>
		<src>HessenForst</src>
	</wpt>
	<wpt lat="50.315801157785991" lon="9.3327644235644147">
		<name>MKK-41</name>
		<cmt>Udenhain</cmt>
		<desc>Udenhain</desc>
		<src>HessenForst</src>
	</wpt>
	<wpt lat="49.535119404751597" lon="9.0120712369235285">
		<name>ERB-220</name>
		<cmt>Unter-Sensbach, Rathaus</cmt>
		<desc>Unter-Sensbach, Rathaus</desc>
		<src>HessenForst</src>
	</wpt>
	<wpt lat="50.302949634834711" lon="9.2259694840805029">
		<name>MKK-57</name>
		<cmt>Waldensberg</cmt>
		<desc>Waldensberg</desc>
		<src>HessenForst</src>
	</wpt>
	<wpt lat="50.739529808821189" lon="8.2987151099578913">
		<name>LDK-300</name>
		<cmt>Dillenburg -&amp;gt; Nanzenbach, Abzweig nach Eibach "Auf der Hohl"</cmt>
		<desc>Dillenburg -&amp;gt; Nanzenbach, Abzweig nach Eibach "Auf der Hohl"</desc>
		<src>HessenForst</src>
	</wpt>
	<wpt lat="51.195439953987382" lon="9.3551799945511043">
		<name>HR-12</name>
		<cmt>Güntersberg</cmt>
		<desc>Güntersberg</desc>
		<src>HessenForst</src>
	</wpt>
	<wpt lat="51.526375304093364" lon="9.3281662976295223">
		<name>KS-541</name>
		<cmt>Diemelbrücke Lamerden L 3210</cmt>
		<desc>Diemelbrücke Lamerden L 3210</desc>
		<src>HessenForst</src>
	</wpt>
	<wpt lat="51.010334650375491" lon="9.9371347439751396">
		<name>HEF-106</name>
		<cmt>Nentershausen</cmt>
		<desc>Nentershausen</desc>
		<src>HessenForst</src>
	</wpt>
	<wpt lat="50.00664390777608" lon="8.8104297211986449">
		<name>OF-112</name>
		<cmt>Am Ortseingangsschild - Nord, Abt. 22</cmt>
		<desc>Am Ortseingangsschild - Nord, Abt. 22</desc>
		<src>HessenForst</src>
	</wpt>
	<wpt lat="50.06819614335074" lon="8.8624701203909098">
		<name>OF-222</name>
		<cmt>Parkplatz Waldschwimmbad</cmt>
		<desc>Parkplatz Waldschwimmbad</desc>
		<src>HessenForst</src>
	</wpt>
	<wpt lat="49.758765672933905" lon="8.9995105243763192">
		<name>ERB-132</name>
		<cmt>B 45/Friedhofsweg</cmt>
		<desc>B 45/Friedhofsweg</desc>
		<src>HessenForst</src>
	</wpt>
	<wpt lat="51.16847968261974" lon="8.9980226307951217">
		<name>KB-419</name>
		<cmt>Forsthaus Bringhausen</cmt>
		<desc>Forsthaus Bringhausen</desc>
		<src>HessenForst</src>
	</wpt>
	<wpt lat="49.857071153017557" lon="8.6209643300751306">
		<name>DA-75</name>
		<cmt>Darmstadt Kreuzung Nummer-Eins Schneise / Stadtschneise</cmt>
		<desc>Darmstadt Kreuzung Nummer-Eins Schneise / Stadtschneise</desc>
		<src>HessenForst</src>
	</wpt>
	<wpt lat="51.018861692274399" lon="8.8050720972344791">
		<name>KB-823</name>
		<cmt>Wolkersdorfer Teiche</cmt>
		<desc>Wolkersdorfer Teiche</desc>
		<src>HessenForst</src>
	</wpt>
	<wpt lat="51.21296436007151" lon="10.034309910844742">
		<name>ESW-309</name>
		<cmt>Parkplatz am Schambachhaus</cmt>
		<desc>Parkplatz am Schambachhaus</desc>
		<src>HessenForst</src>
	</wpt>
	<wpt lat="50.215008426829741" lon="9.1540634023816327">
		<name>MKK-222</name>
		<cmt>Waldschwimmbad Gelnhausen-Roth</cmt>
		<desc>Waldschwimmbad Gelnhausen-Roth</desc>
		<src>HessenForst</src>
	</wpt>
	<wpt lat="50.603696364603721" lon="9.6791821694563627">
		<name>FD-502</name>
		<cmt>Hummelskopf</cmt>
		<desc>Hummelskopf</desc>
		<src>HessenForst</src>
	</wpt>
	<wpt lat="50.752404405285453" lon="9.4868430377052277">
		<name>VB-179</name>
		<cmt>Wallersdorf, Ortsausgang Richtung Hatterode</cmt>
		<desc>Wallersdorf, Ortsausgang Richtung Hatterode</desc>
		<src>HessenForst</src>
	</wpt>
	<wpt lat="51.013620443089664" lon="8.6308754590751082">
		<name>KB-722</name>
		<cmt>Sportplatz Battenberg</cmt>
		<desc>Sportplatz Battenberg</desc>
		<src>HessenForst</src>
	</wpt>
	<wpt lat="50.409297913768228" lon="9.559941888119706">
		<name>FD-518</name>
		<cmt>Einf. Gewerbegebiet Flieden-Süd</cmt>
		<desc>Einf. Gewerbegebiet Flieden-Süd</desc>
		<src>HessenForst</src>
	</wpt>
	<wpt lat="50.179113744294582" lon="9.1094979543657217">
		<name>MKK-114</name>
		<cmt>Parkplatz Bahnhof Niedermittlau Nordseite</cmt>
		<desc>Parkplatz Bahnhof Niedermittlau Nordseite</desc>
		<src>HessenForst</src>
	</wpt>
	<wpt lat="50.131849509089434" lon="9.15744952706806">
		<name>MKK-228</name>
		<cmt>Parkplatz Schnellmichsgrund</cmt>
		<desc>Parkplatz Schnellmichsgrund</desc>
		<src>HessenForst</src>
	</wpt>
	<wpt lat="51.289876977397284" lon="9.0525926788445457">
		<name>KB-242</name>
		<cmt>Einfahrt Waldrand</cmt>
		<desc>Einfahrt Waldrand</desc>
		<src>HessenForst</src>
	</wpt>
	<wpt lat="51.403030661657809" lon="9.5569997748974984">
		<name>KS-561</name>
		<cmt>B 3, L3233 Parkplatz Termenei</cmt>
		<desc>B 3, L3233 Parkplatz Termenei</desc>
		<src>HessenForst</src>
	</wpt>
	<wpt lat="50.01607495058601" lon="8.9475002843634144">
		<name>OF-306</name>
		<cmt>Wasserwerk Lange Schneise Abt. 1106/1108</cmt>
		<desc>Wasserwerk Lange Schneise Abt. 1106/1108</desc>
		<src>HessenForst</src>
	</wpt>
	<wpt lat="50.477944849698126" lon="8.2346366284294472">
		<name>LM-129</name>
		<cmt>Buswendeplatz Odersbach</cmt>
		<desc>Buswendeplatz Odersbach</desc>
		<src>HessenForst</src>
	</wpt>
	<wpt lat="51.188973722203819" lon="9.432888438845298">
		<name>HR-13</name>
		<cmt>Amselhof</cmt>
		<desc>Amselhof</desc>
		<src>HessenForst</src>
	</wpt>
	<wpt lat="50.406512982925179" lon="9.6261504337969637">
		<name>FD-523</name>
		<cmt>Fa. Nüding</cmt>
		<desc>Fa. Nüding</desc>
		<src>HessenForst</src>
	</wpt>
	<wpt lat="50.060032280463346" lon="8.4564271981884609">
		<name>MTK-101</name>
		<cmt>Abzw. Feldweg östl. "Kastengrund" (Tierfarm), NSG Hattersh. Kiesgrube</cmt>
		<desc>Abzw. Feldweg östl. "Kastengrund" (Tierfarm), NSG Hattersh. Kiesgrube</desc>
		<src>HessenForst</src>
	</wpt>
	<wpt lat="51.132026369259663" lon="8.8619786491892363">
		<name>KB-258</name>
		<cmt>Bushaltestelle Ederbringhausen</cmt>
		<desc>Bushaltestelle Ederbringhausen</desc>
		<src>HessenForst</src>
	</wpt>
	<wpt lat="49.736760732297455" lon="8.8937300135227648">
		<name>ERB-25</name>
		<cmt>Parkplatz Gasthaus "Zum Wünschbachtal"</cmt>
		<desc>Parkplatz Gasthaus "Zum Wünschbachtal"</desc>
		<src>HessenForst</src>
	</wpt>
	<wpt lat="50.650010102055788" lon="8.244245456516655">
		<name>LDK-310</name>
		<cmt>Brückenstraße Kirche</cmt>
		<desc>Brückenstraße Kirche</desc>
		<src>HessenForst</src>
	</wpt>
	<wpt lat="50.632115572748489" lon="9.8270283504930322">
		<name>FD-65</name>
		<cmt>L 3176 Kreuzung Hofaschenbach/Rimmels</cmt>
		<desc>L 3176 Kreuzung Hofaschenbach/Rimmels</desc>
		<src>HessenForst</src>
	</wpt>
	<wpt lat="50.502888226064442" lon="9.5283329615270258">
		<name>FD-544</name>
		<cmt>Parkplatz Rabental</cmt>
		<desc>Parkplatz Rabental</desc>
		<src>HessenForst</src>
	</wpt>
	<wpt lat="50.943513268657725" lon="8.501756905651197">
		<name>MR-20</name>
		<cmt>Kirche in Weifenbach</cmt>
		<desc>Kirche in Weifenbach</desc>
		<src>HessenForst</src>
	</wpt>
	<wpt lat="50.562778977468405" lon="9.541399390648337">
		<name>FD-569</name>
		<cmt>Herrgottseiche</cmt>
		<desc>Herrgottseiche</desc>
		<src>HessenForst</src>
	</wpt>
	<wpt lat="50.658603609139213" lon="8.2563542207655534">
		<name>LDK-312</name>
		<cmt>Hörbach -&amp;gt; Guntersdorf, linke Seite, Forsth. Guntersdorf</cmt>
		<desc>Hörbach -&amp;gt; Guntersdorf, linke Seite, Forsth. Guntersdorf</desc>
		<src>HessenForst</src>
	</wpt>
	<wpt lat="50.019349225246877" lon="7.9337897108977478">
		<name>RÜD-336</name>
		<cmt>P Hubertus</cmt>
		<desc>P Hubertus</desc>
		<src>HessenForst</src>
	</wpt>
	<wpt lat="51.087364457773901" lon="9.1071380775423894">
		<name>KB-623</name>
		<cmt>Ehrenmal - Ortsmitte Odershausen</cmt>
		<desc>Ehrenmal - Ortsmitte Odershausen</desc>
		<src>HessenForst</src>
	</wpt>
	<wpt lat="50.502394727102789" lon="8.3052087690773586">
		<name>LM-121</name>
		<cmt>Alte Mühle , Drommershausen</cmt>
		<desc>Alte Mühle , Drommershausen</desc>
		<src>HessenForst</src>
	</wpt>
	<wpt lat="51.030064333799793" lon="8.6430580696117953">
		<name>KB-810</name>
		<cmt>Grillhütte Battenfeld</cmt>
		<desc>Grillhütte Battenfeld</desc>
		<src>HessenForst</src>
	</wpt>
	<wpt lat="51.166811421676215" lon="8.8949382760168589">
		<name>KB-254</name>
		<cmt>Bahnübergang Brücke Kirchlotheim</cmt>
		<desc>Bahnübergang Brücke Kirchlotheim</desc>
		<src>HessenForst</src>
	</wpt>
	<wpt lat="50.8038789942335" lon="9.6807724254324103">
		<name>HEF-334</name>
		<cmt>Ortseingang Hilperhausen</cmt>
		<desc>Ortseingang Hilperhausen</desc>
		<src>HessenForst</src>
	</wpt>
	<wpt lat="50.4923911802505" lon="8.2470067360940895">
		<name>LM-124</name>
		<cmt>Forstamt Weilburg</cmt>
		<desc>Forstamt Weilburg</desc>
		<src>HessenForst</src>
	</wpt>
	<wpt lat="49.736901406070281" lon="8.9210741587394189">
		<name>ERB-143</name>
		<cmt>Parkplatz Ortseinfahrt Böllstein</cmt>
		<desc>Parkplatz Ortseinfahrt Böllstein</desc>
		<src>HessenForst</src>
	</wpt>
	<wpt lat="50.648170535390491" lon="9.2710249842625192">
		<name>VB-160</name>
		<cmt>Waldanfang rechts</cmt>
		<desc>Waldanfang rechts</desc>
		<src>HessenForst</src>
	</wpt>
	<wpt lat="50.495868133143397" lon="8.1914619975336898">
		<name>LM-123</name>
		<cmt>Friedhof Allendorf</cmt>
		<desc>Friedhof Allendorf</desc>
		<src>HessenForst</src>
	</wpt>
	<wpt lat="51.21945841008413" lon="9.6619216158613686">
		<name>KS-435</name>
		<cmt>Grillhütte am Hollerbach</cmt>
		<desc>Grillhütte am Hollerbach</desc>
		<src>HessenForst</src>
	</wpt>
	<wpt lat="50.149574725295686" lon="8.3719141530968404">
		<name>MTK-24</name>
		<cmt>Parkplatz Friedhof Vockenhausen</cmt>
		<desc>Parkplatz Friedhof Vockenhausen</desc>
		<src>HessenForst</src>
	</wpt>
	<wpt lat="50.719808508458676" lon="9.4572037607012227">
		<name>VB-183</name>
		<cmt>Klärwerk Udenhausen</cmt>
		<desc>Klärwerk Udenhausen</desc>
		<src>HessenForst</src>
	</wpt>
	<wpt lat="51.278896265981388" lon="8.8121089035605618">
		<name>KB-207</name>
		<cmt>Parkplatz Naturpark Diemelsee</cmt>
		<desc>Parkplatz Naturpark Diemelsee</desc>
		<src>HessenForst</src>
	</wpt>
	<wpt lat="49.719867609538149" lon="8.7494252012495348">
		<name>HP-323</name>
		<cmt>Parkplatz Rauhestein-Gadernheim</cmt>
		<desc>Parkplatz Rauhestein-Gadernheim</desc>
		<src>HessenForst</src>
	</wpt>
	<wpt lat="51.098081690622884" lon="8.5440744830044597">
		<name>KB-702</name>
		<cmt>Schoppenfeld</cmt>
		<desc>Schoppenfeld</desc>
		<src>HessenForst</src>
	</wpt>
	<wpt lat="51.171044002766493" lon="8.9108193529974162">
		<name>KB-265</name>
		<cmt>Himmelsbreite</cmt>
		<desc>Himmelsbreite</desc>
		<src>HessenForst</src>
	</wpt>
	<wpt lat="50.954688889527212" lon="9.2103861745655422">
		<name>HR-428</name>
		<cmt>Corellhof</cmt>
		<desc>Corellhof</desc>
		<src>HessenForst</src>
	</wpt>
	<wpt lat="50.168838353693573" lon="9.1090300175569894">
		<name>MKK-814</name>
		<cmt>Waldrandweg zu B 43</cmt>
		<desc>Waldrandweg zu B 43</desc>
		<src>HessenForst</src>
	</wpt>
	<wpt lat="51.0737616413669" lon="8.7575534958552801">
		<name>KB-548</name>
		<cmt>Ortseingang Rodenbach an der K 127</cmt>
		<desc>Ortseingang Rodenbach an der K 127</desc>
		<src>HessenForst</src>
	</wpt>
	<wpt lat="51.005906390025523" lon="8.7533478387686365">
		<name>KB-829</name>
		<cmt>Abzweig Wiesenfeld</cmt>
		<desc>Abzweig Wiesenfeld</desc>
		<src>HessenForst</src>
	</wpt>
	<wpt lat="50.004503750220657" lon="8.6850380643316836">
		<name>OF-135</name>
		<cmt>Parkschleife bei Abt. 23 (Beschildert)</cmt>
		<desc>Parkschleife bei Abt. 23 (Beschildert)</desc>
		<src>HessenForst</src>
	</wpt>
	<wpt lat="51.339170862650718" lon="9.856314383259468">
		<name>ESW-140</name>
		<cmt>Busbahnhof Witzenhausen "Hinter den Teichh."</cmt>
		<desc>Busbahnhof Witzenhausen "Hinter den Teichh."</desc>
		<src>HessenForst</src>
	</wpt>
	<wpt lat="50.980963597310144" lon="8.8470720445695346">
		<name>KB-844</name>
		<cmt>Waldausgang Rosenthal</cmt>
		<desc>Waldausgang Rosenthal</desc>
		<src>HessenForst</src>
	</wpt>
	<wpt lat="51.168474645739614" lon="9.0760035799145591">
		<name>KB-417</name>
		<cmt>Info - Point am Affoldener See</cmt>
		<desc>Info - Point am Affoldener See</desc>
		<src>HessenForst</src>
	</wpt>
	<wpt lat="49.506551173383272" lon="9.0429884887760021">
		<name>ERB-223</name>
		<cmt>Ittertal, Einfahrt Fischteiche</cmt>
		<desc>Ittertal, Einfahrt Fischteiche</desc>
		<src>HessenForst</src>
	</wpt>
	<wpt lat="51.069418466131452" lon="8.7847677374660211">
		<name>KB-549</name>
		<cmt>Ende der Straße "Wolfspfad" in Richtung "Totenhöhe"</cmt>
		<desc>Ende der Straße "Wolfspfad" in Richtung "Totenhöhe"</desc>
		<src>HessenForst</src>
	</wpt>
	<wpt lat="49.457463305934006" lon="8.8724908744088236">
		<name>HP-406</name>
		<cmt>Abzweig Holzbrücke (neue Brücke über den Ulfenbach)zwischen Hirschhorn und Langenthal</cmt>
		<desc>Abzweig Holzbrücke (neue Brücke über den Ulfenbach)zwischen Hirschhorn und Langenthal</desc>
		<src>HessenForst</src>
	</wpt>
	<wpt lat="51.030417102024977" lon="9.9977608285075696">
		<name>ESW-422</name>
		<cmt>Hersfelder Grund</cmt>
		<desc>Hersfelder Grund</desc>
		<src>HessenForst</src>
	</wpt>
	<wpt lat="50.921132897463274" lon="9.1332873068452116">
		<name>HR-419</name>
		<cmt>Abzweig Bundeswehr Schießbahn</cmt>
		<desc>Abzweig Bundeswehr Schießbahn</desc>
		<src>HessenForst</src>
	</wpt>
	<wpt lat="50.679311498644658" lon="8.5585811537125149">
		<name>GI-213</name>
		<cmt>Nickenberg</cmt>
		<desc>Nickenberg</desc>
		<src>HessenForst</src>
	</wpt>
	<wpt lat="51.31914695904613" lon="9.2808256293192883">
		<name>KS-525</name>
		<cmt>B 251, Parkplatz Burghasungen, an BAB am Waldeingang</cmt>
		<desc>B 251, Parkplatz Burghasungen, an BAB am Waldeingang</desc>
		<src>HessenForst</src>
	</wpt>
	<wpt lat="51.219090157649646" lon="9.86970946194457">
		<name>ESW-233</name>
		<cmt>Frau Holle Teich</cmt>
		<desc>Frau Holle Teich</desc>
		<src>HessenForst</src>
	</wpt>
	<wpt lat="50.045563181833131" lon="7.9028018929942512">
		<name>RÜD-325</name>
		<cmt>Engler Wiese</cmt>
		<desc>Engler Wiese</desc>
		<src>HessenForst</src>
	</wpt>
	<wpt lat="51.088045244938122" lon="9.0640922127648054">
		<name>KB-622</name>
		<cmt>Berthold Eiche gegenüb Kreuzung B 253 / K43</cmt>
		<desc>Berthold Eiche gegenüb Kreuzung B 253 / K43</desc>
		<src>HessenForst</src>
	</wpt>
	<wpt lat="50.26548743433456" lon="8.4594125347390534">
		<name>HG-55</name>
		<cmt>ehemaliges Forsthaus in Arnoldshain</cmt>
		<desc>ehemaliges Forsthaus in Arnoldshain</desc>
		<src>HessenForst</src>
	</wpt>
	<wpt lat="49.505943854822647" lon="8.902847079451556">
		<name>ERB-281</name>
		<cmt>Ober-Hainbrunn, Sägewerk Ihrig</cmt>
		<desc>Ober-Hainbrunn, Sägewerk Ihrig</desc>
		<src>HessenForst</src>
	</wpt>
	<wpt lat="51.21370762723965" lon="8.8994527032422308">
		<name>KB-233</name>
		<cmt>B 252 -Abfahrt Marienhagen</cmt>
		<desc>B 252 -Abfahrt Marienhagen</desc>
		<src>HessenForst</src>
	</wpt>
	<wpt lat="49.612382431568804" lon="8.9088449281904776">
		<name>ERB-68</name>
		<cmt>Parkplatz am Friedhof</cmt>
		<desc>Parkplatz am Friedhof</desc>
		<src>HessenForst</src>
	</wpt>
	<wpt lat="50.412006099717409" lon="8.3006603900077831">
		<name>LM-142</name>
		<cmt>Bushaltestelle Blessenbach</cmt>
		<desc>Bushaltestelle Blessenbach</desc>
		<src>HessenForst</src>
	</wpt>
	<wpt lat="50.106353201084659" lon="8.8548576484128638">
		<name>OF-217</name>
		<cmt>Waldweg "Ulrichs Schneise"</cmt>
		<desc>Waldweg "Ulrichs Schneise"</desc>
		<src>HessenForst</src>
	</wpt>
	<wpt lat="50.603940455498027" lon="9.597928377817043">
		<name>FD-565</name>
		<cmt>Schmerhof - Lütterz</cmt>
		<desc>Schmerhof - Lütterz</desc>
		<src>HessenForst</src>
	</wpt>
	<wpt lat="49.997525735979025" lon="8.8198037055566552">
		<name>OF-109</name>
		<cmt>südl. Ortseingang</cmt>
		<desc>südl. Ortseingang</desc>
		<src>HessenForst</src>
	</wpt>
	<wpt lat="51.165226378115655" lon="9.9561320582039432">
		<name>ESW-319</name>
		<cmt>Abzweig Brausmühle</cmt>
		<desc>Abzweig Brausmühle</desc>
		<src>HessenForst</src>
	</wpt>
	<wpt lat="50.653047542501938" lon="9.5470960697791529">
		<name>VB-316</name>
		<cmt>Bernshausen Richtung Willina</cmt>
		<desc>Bernshausen Richtung Willina</desc>
		<src>HessenForst</src>
	</wpt>
	<wpt lat="51.26872014566716" lon="9.0663557227188889">
		<name>KB-244</name>
		<cmt>Feldweg zum Sandberg</cmt>
		<desc>Feldweg zum Sandberg</desc>
		<src>HessenForst</src>
	</wpt>
	<wpt lat="50.605428866288818" lon="9.1474723764573369">
		<name>VB-46</name>
		<cmt>Kirche U.-Seibertenr.</cmt>
		<desc>Kirche U.-Seibertenr.</desc>
		<src>HessenForst</src>
	</wpt>
	<wpt lat="51.608178360668845" lon="9.6077327988890708">
		<name>KS-13</name>
		<cmt>Parkplatz "Sattel" / Schießstand</cmt>
		<desc>Parkplatz "Sattel" / Schießstand</desc>
		<src>HessenForst</src>
	</wpt>
	<wpt lat="50.617914501781634" lon="9.4063370302105493">
		<name>VB-167</name>
		<cmt>Schullandheim vorbei</cmt>
		<desc>Schullandheim vorbei</desc>
		<src>HessenForst</src>
	</wpt>
	<wpt lat="50.208167370841288" lon="8.1723472671842554">
		<name>RÜD-227</name>
		<cmt>Kreuzung Ortsmitte Niederlibbach</cmt>
		<desc>Kreuzung Ortsmitte Niederlibbach</desc>
		<src>HessenForst</src>
	</wpt>
	<wpt lat="50.82562460396943" lon="8.2310856203057536">
		<name>LDK-417</name>
		<cmt>Offdillner Straße, Bushaltestelle Ortsmitte Offdilln</cmt>
		<desc>Offdillner Straße, Bushaltestelle Ortsmitte Offdilln</desc>
		<src>HessenForst</src>
	</wpt>
	<wpt lat="50.550588524200982" lon="8.325663218011039">
		<name>LDK-3</name>
		<cmt>"Lindenweg"  Waldeingang</cmt>
		<desc>"Lindenweg"  Waldeingang</desc>
		<src>HessenForst</src>
	</wpt>
	<wpt lat="51.22895154072723" lon="9.0875353694061349">
		<name>KB-249</name>
		<cmt>Revierförsterei Waldeck</cmt>
		<desc>Revierförsterei Waldeck</desc>
		<src>HessenForst</src>
	</wpt>
	<wpt lat="49.570081031795397" lon="8.702204023923878">
		<name>HP-222</name>
		<cmt>Birkenau; Hasselhof</cmt>
		<desc>Birkenau; Hasselhof</desc>
		<src>HessenForst</src>
	</wpt>
	<wpt lat="50.50251947452486" lon="8.2047805134383953">
		<name>LM-119</name>
		<cmt>Alte Müllkippe Merenberg</cmt>
		<desc>Alte Müllkippe Merenberg</desc>
		<src>HessenForst</src>
	</wpt>
	<wpt lat="50.40275152746932" lon="9.3160262260440199">
		<name>MKK-21</name>
		<cmt>Weidich</cmt>
		<desc>Weidich</desc>
		<src>HessenForst</src>
	</wpt>
	<wpt lat="50.32443330603634" lon="8.3371514930210413">
		<name>LM-243</name>
		<cmt>Parkplaltz "Kuhbett"</cmt>
		<desc>Parkplaltz "Kuhbett"</desc>
		<src>HessenForst</src>
	</wpt>
	<wpt lat="49.402468273223612" lon="8.8028968666625254">
		<name>HP-400</name>
		<cmt>Kleingemünd, Wanderparkplatz "Büdel-Ebert-Heim"</cmt>
		<desc>Kleingemünd, Wanderparkplatz "Büdel-Ebert-Heim"</desc>
		<src>HessenForst</src>
	</wpt>
	<wpt lat="50.309291961266204" lon="8.8726744732288143">
		<name>FB-43</name>
		<cmt>L 3189 Nieder Florstadt - Altenstadt, 800 m hinter Ortsende Kreuzung mit Waldweg</cmt>
		<desc>L 3189 Nieder Florstadt - Altenstadt, 800 m hinter Ortsende Kreuzung mit Waldweg</desc>
		<src>HessenForst</src>
	</wpt>
	<wpt lat="51.519836991372692" lon="9.5535442413482698">
		<name>KS-124</name>
		<cmt>Friedwald Neuer Weg</cmt>
		<desc>Friedwald Neuer Weg</desc>
		<src>HessenForst</src>
	</wpt>
	<wpt lat="50.174843086675011" lon="8.2218554824326446">
		<name>RÜD-228</name>
		<cmt>Feldweg gegenüber WERO</cmt>
		<desc>Feldweg gegenüber WERO</desc>
		<src>HessenForst</src>
	</wpt>
	<wpt lat="51.089593634405936" lon="8.6353043964897331">
		<name>KB-706</name>
		<cmt>Einfahrt Firma Hoppe</cmt>
		<desc>Einfahrt Firma Hoppe</desc>
		<src>HessenForst</src>
	</wpt>
	<wpt lat="51.067503891709926" lon="9.0559809258558364">
		<name>KB-625</name>
		<cmt>Hetscholdmühle,Straße Hundsdorf - Armsfeld</cmt>
		<desc>Hetscholdmühle,Straße Hundsdorf - Armsfeld</desc>
		<src>HessenForst</src>
	</wpt>
	<wpt lat="49.716994343265448" lon="8.8062714714373254">
		<name>ERB-49</name>
		<cmt>Feuerwehr Laudenau</cmt>
		<desc>Feuerwehr Laudenau</desc>
		<src>HessenForst</src>
	</wpt>
	<wpt lat="50.375258468602134" lon="8.2978497825550974">
		<name>LM-229</name>
		<cmt>Muschhammer-Mühle</cmt>
		<desc>Muschhammer-Mühle</desc>
		<src>HessenForst</src>
	</wpt>
	<wpt lat="50.834333972105867" lon="8.5816718953252327">
		<name>MR-516</name>
		<cmt>Damshäuser Höhe</cmt>
		<desc>Damshäuser Höhe</desc>
		<src>HessenForst</src>
	</wpt>
	<wpt lat="50.109151663867195" lon="8.1336842248449077">
		<name>RÜD-203</name>
		<cmt>Sendemast Hohe Wurzel</cmt>
		<desc>Sendemast Hohe Wurzel</desc>
		<src>HessenForst</src>
	</wpt>
	<wpt lat="49.886930994408665" lon="8.9107587341161505">
		<name>DA-2</name>
		<cmt>Aussiedlerhof (Mittelforsthof) vor Richen (Altheim-Umstädter Weg)</cmt>
		<desc>Aussiedlerhof (Mittelforsthof) vor Richen (Altheim-Umstädter Weg)</desc>
		<src>HessenForst</src>
	</wpt>
	<wpt lat="49.603306605821089" lon="8.9934159994984473">
		<name>ERB-44</name>
		<cmt>Himbächel Viadukt</cmt>
		<desc>Himbächel Viadukt</desc>
		<src>HessenForst</src>
	</wpt>
	<wpt lat="50.114674180092273" lon="8.1202672773138449">
		<name>RÜD-202</name>
		<cmt>P Tummelsberg, Abzweig nach Seitzenhahn</cmt>
		<desc>P Tummelsberg, Abzweig nach Seitzenhahn</desc>
		<src>HessenForst</src>
	</wpt>
	<wpt lat="50.83243553698442" lon="9.2538521527086974">
		<name>HR-919</name>
		<cmt>Zufahrt Kirchenwald Holzburg</cmt>
		<desc>Zufahrt Kirchenwald Holzburg</desc>
		<src>HessenForst</src>
	</wpt>
	<wpt lat="51.043311147112" lon="8.5512787481228614">
		<name>KB-714</name>
		<cmt>Reppertal</cmt>
		<desc>Reppertal</desc>
		<src>HessenForst</src>
	</wpt>
	<wpt lat="50.670455387202587" lon="8.1814332271222643">
		<name>LDK-213</name>
		<cmt>Gusternhain Richtung Breitscheid; Waldeingang links -&amp;gt; Herborner Haus</cmt>
		<desc>Gusternhain Richtung Breitscheid; Waldeingang links -&amp;gt; Herborner Haus</desc>
		<src>HessenForst</src>
	</wpt>
	<wpt lat="50.380475026122241" lon="9.3492836589496466">
		<name>MKK-25</name>
		<cmt>Schnaubach</cmt>
		<desc>Schnaubach</desc>
		<src>HessenForst</src>
	</wpt>
	<wpt lat="49.883277457847377" lon="8.5875210866551992">
		<name>DA-66</name>
		<cmt>Darmstadt     Gehaborner Hof</cmt>
		<desc>Darmstadt     Gehaborner Hof</desc>
		<src>HessenForst</src>
	</wpt>
	<wpt lat="51.052527691821055" lon="9.1565880259619945">
		<name>HR-61</name>
		<cmt>Waldeinfahrt Sählen</cmt>
		<desc>Waldeinfahrt Sählen</desc>
		<src>HessenForst</src>
	</wpt>
	<wpt lat="50.324837676590583" lon="9.5622139572318936">
		<name>MKK-81</name>
		<cmt>Ahlersbach-Ortsende</cmt>
		<desc>Ahlersbach-Ortsende</desc>
		<src>HessenForst</src>
	</wpt>
	<wpt lat="49.658933677872149" lon="9.0275075587926281">
		<name>ERB-63</name>
		<cmt>Parkplatz S-Kurve</cmt>
		<desc>Parkplatz S-Kurve</desc>
		<src>HessenForst</src>
	</wpt>
	<wpt lat="50.162668704216834" lon="8.1197749342906373">
		<name>RÜD-220</name>
		<cmt>Wasserhochbehälter Watzhahn</cmt>
		<desc>Wasserhochbehälter Watzhahn</desc>
		<src>HessenForst</src>
	</wpt>
	<wpt lat="49.924512508295962" lon="8.9206147612948161">
		<name>DA-329</name>
		<cmt>Asphaltierter Waldweg zur Aue</cmt>
		<desc>Asphaltierter Waldweg zur Aue</desc>
		<src>HessenForst</src>
	</wpt>
	<wpt lat="50.444563278604235" lon="9.4999734867764989">
		<name>FD-515</name>
		<cmt>Einfahrt Arzwald</cmt>
		<desc>Einfahrt Arzwald</desc>
		<src>HessenForst</src>
	</wpt>
	<wpt lat="50.71394696365104" lon="8.2458817567326861">
		<name>LDK-371</name>
		<cmt>Donsbach -&amp;gt; Uckersdorf, Wegekreuz der Kläranlage/ Hof Dressel</cmt>
		<desc>Donsbach -&amp;gt; Uckersdorf, Wegekreuz der Kläranlage/ Hof Dressel</desc>
		<src>HessenForst</src>
	</wpt>
	<wpt lat="50.169649148067073" lon="8.3060015939900893">
		<name>RÜD-237</name>
		<cmt>Wegekreuz Hochspannungsleitung</cmt>
		<desc>Wegekreuz Hochspannungsleitung</desc>
		<src>HessenForst</src>
	</wpt>
	<wpt lat="50.813291350476618" lon="8.2699768930120765">
		<name>LDK-416</name>
		<cmt>Weidelbacher Straße, Bushaltestelle Dorfgemeinschaftshaus in Weidellbach, Abzweig L 3442 Richtung Offdilln</cmt>
		<desc>Weidelbacher Straße, Bushaltestelle Dorfgemeinschaftshaus in Weidellbach, Abzweig L 3442 Richtung Offdilln</desc>
		<src>HessenForst</src>
	</wpt>
	<wpt lat="50.451292916938286" lon="8.3933037168350637">
		<name>LM-210</name>
		<cmt>Gaststätte "Einhausen"</cmt>
		<desc>Gaststätte "Einhausen"</desc>
		<src>HessenForst</src>
	</wpt>
	<wpt lat="50.320314729866055" lon="9.2995903313919097">
		<name>MKK-40</name>
		<cmt>Hellstein</cmt>
		<desc>Hellstein</desc>
		<src>HessenForst</src>
	</wpt>
	<wpt lat="50.759300406265503" lon="8.4255513501937962">
		<name>LDK-343</name>
		<cmt>Eisemroth -&amp;gt; Wallenfels, Abzweig nach Tringenstein; Forsthaus "Schwellengrund" an der Strassen-abzweigung</cmt>
		<desc>Eisemroth -&amp;gt; Wallenfels, Abzweig nach Tringenstein; Forsthaus "Schwellengrund" an der Strassen-abzweigung</desc>
		<src>HessenForst</src>
	</wpt>
	<wpt lat="50.530296205353778" lon="8.3062860784465666">
		<name>LDK-35</name>
		<cmt>Biskirchen-&amp;gt; Abzweig "Zur Hollergewann", nahe Nettomarkt</cmt>
		<desc>Biskirchen-&amp;gt; Abzweig "Zur Hollergewann", nahe Nettomarkt</desc>
		<src>HessenForst</src>
	</wpt>
	<wpt lat="49.90598752875777" lon="8.7869250728661719">
		<name>DA-33</name>
		<cmt>Waldweg an der L 3094</cmt>
		<desc>Waldweg an der L 3094</desc>
		<src>HessenForst</src>
	</wpt>
	<wpt lat="50.47693340691184" lon="8.3551220516050595">
		<name>LM-130</name>
		<cmt>Parkplatz "Zum Grauenstein"</cmt>
		<desc>Parkplatz "Zum Grauenstein"</desc>
		<src>HessenForst</src>
	</wpt>
	<wpt lat="50.158579175154472" lon="8.2913931573103348">
		<name>RÜD-235</name>
		<cmt>Grillplatz Jacobipark</cmt>
		<desc>Grillplatz Jacobipark</desc>
		<src>HessenForst</src>
	</wpt>
	<wpt lat="50.164987342785089" lon="9.0600400016936167">
		<name>MKK-110</name>
		<cmt>Wendehammer vor Fa. Schwab</cmt>
		<desc>Wendehammer vor Fa. Schwab</desc>
		<src>HessenForst</src>
	</wpt>
	<wpt lat="50.877853342604681" lon="8.5596152743828267">
		<name>MR-1</name>
		<cmt>Ortsmitte Bürgerhaus</cmt>
		<desc>Ortsmitte Bürgerhaus</desc>
		<src>HessenForst</src>
	</wpt>
	<wpt lat="50.107433171969461" lon="7.9384640496417607">
		<name>RÜD-138</name>
		<cmt>Ortsmitte Geroldstein</cmt>
		<desc>Ortsmitte Geroldstein</desc>
		<src>HessenForst</src>
	</wpt>
	<wpt lat="51.258230329424819" lon="9.7308004721766075">
		<name>KS-104</name>
		<cmt>Ortsmitte Wickenrode; Ampel Fußgängerüberweg</cmt>
		<desc>Ortsmitte Wickenrode; Ampel Fußgängerüberweg</desc>
		<src>HessenForst</src>
	</wpt>
	<wpt lat="50.913944410753729" lon="9.448185301122896">
		<name>HR-857</name>
		<cmt>Forsthaus Schwarzenborn</cmt>
		<desc>Forsthaus Schwarzenborn</desc>
		<src>HessenForst</src>
	</wpt>
	<wpt lat="50.879284654720145" lon="8.804246000539246">
		<name>MR-113</name>
		<cmt>Sportplatz Reddehausen</cmt>
		<desc>Sportplatz Reddehausen</desc>
		<src>HessenForst</src>
	</wpt>
	<wpt lat="50.996103216862849" lon="8.6251795735284809">
		<name>KB-728</name>
		<cmt>Kreuzung Laisa</cmt>
		<desc>Kreuzung Laisa</desc>
		<src>HessenForst</src>
	</wpt>
	<wpt lat="50.099054782442572" lon="8.8703686596728222">
		<name>OF-220</name>
		<cmt>Waldweg "Rösterweg"</cmt>
		<desc>Waldweg "Rösterweg"</desc>
		<src>HessenForst</src>
	</wpt>
	<wpt lat="49.988225627301816" lon="8.4736223561926636">
		<name>GG-37</name>
		<cmt>Abzw. B 486/Im Haßlocher Tann</cmt>
		<desc>Abzw. B 486/Im Haßlocher Tann</desc>
		<src>HessenForst</src>
	</wpt>
	<wpt lat="49.905108169878979" lon="8.5621640113328414">
		<name>DA-61</name>
		<cmt>Braunshardter Tännchen</cmt>
		<desc>Braunshardter Tännchen</desc>
		<src>HessenForst</src>
	</wpt>
	<wpt lat="49.619097480219331" lon="8.9176567808748626">
		<name>ERB-66</name>
		<cmt>Bushaltestelle Mösselbach</cmt>
		<desc>Bushaltestelle Mösselbach</desc>
		<src>HessenForst</src>
	</wpt>
	<wpt lat="50.78978571828663" lon="8.7494907634340464">
		<name>MR-422</name>
		<cmt>PP Graf-von-Stauffenberg-Straße von der B 255 / L 3125 zur Stadtwaldsiedlung links</cmt>
		<desc>PP Graf-von-Stauffenberg-Straße von der B 255 / L 3125 zur Stadtwaldsiedlung links</desc>
		<src>HessenForst</src>
	</wpt>
	<wpt lat="50.42721426759914" lon="8.428686156946565">
		<name>LM-216</name>
		<cmt>Sportplatz Dietenhausen</cmt>
		<desc>Sportplatz Dietenhausen</desc>
		<src>HessenForst</src>
	</wpt>
	<wpt lat="50.209513197640973" lon="9.1904780842510228">
		<name>MKK-221</name>
		<cmt>Waldeingang an der Waldgaststätte Blockhaus</cmt>
		<desc>Waldeingang an der Waldgaststätte Blockhaus</desc>
		<src>HessenForst</src>
	</wpt>
	<wpt lat="51.048344088588479" lon="9.1887858411546528">
		<name>HR-45</name>
		<cmt>Campingplatz Haupteinfahrt</cmt>
		<desc>Campingplatz Haupteinfahrt</desc>
		<src>HessenForst</src>
	</wpt>
	<wpt lat="50.856091635803161" lon="8.7484467301247069">
		<name>MR-220</name>
		<cmt>Sandgrube Weißenstein</cmt>
		<desc>Sandgrube Weißenstein</desc>
		<src>HessenForst</src>
	</wpt>
	<wpt lat="50.228588798355808" lon="8.391153899573915">
		<name>RÜD-258</name>
		<cmt>Forstweg nach ca. 900 m am Waldanfang</cmt>
		<desc>Forstweg nach ca. 900 m am Waldanfang</desc>
		<src>HessenForst</src>
	</wpt>
	<wpt lat="50.273254102008998" lon="8.4451641260619557">
		<name>HG-60</name>
		<cmt>Einzelhaus</cmt>
		<desc>Einzelhaus</desc>
		<src>HessenForst</src>
	</wpt>
	<wpt lat="50.967561766339273" lon="9.3727596693287811">
		<name>HR-863</name>
		<cmt>Kirche Lenderscheid</cmt>
		<desc>Kirche Lenderscheid</desc>
		<src>HessenForst</src>
	</wpt>
	<wpt lat="50.43603908911949" lon="9.6672552264162679">
		<name>FD-521</name>
		<cmt>Parkplatz Antoniuseiche</cmt>
		<desc>Parkplatz Antoniuseiche</desc>
		<src>HessenForst</src>
	</wpt>
	<wpt lat="50.324759357641575" lon="9.2547753908270316">
		<name>MKK-58</name>
		<cmt>Streitberg</cmt>
		<desc>Streitberg</desc>
		<src>HessenForst</src>
	</wpt>
	<wpt lat="50.370986663913243" lon="9.4697367374875423">
		<name>MKK-69</name>
		<cmt>Kressenbach</cmt>
		<desc>Kressenbach</desc>
		<src>HessenForst</src>
	</wpt>
	<wpt lat="51.002654537541979" lon="10.003425603397744">
		<name>ESW-443</name>
		<cmt>Parkplatz an der B 400</cmt>
		<desc>Parkplatz an der B 400</desc>
		<src>HessenForst</src>
	</wpt>
	<wpt lat="50.212803081293906" lon="9.004554151624701">
		<name>MKK-809</name>
		<cmt>Waldschranke</cmt>
		<desc>Waldschranke</desc>
		<src>HessenForst</src>
	</wpt>
	<wpt lat="50.36375208385688" lon="8.1438857677342025">
		<name>LM-314</name>
		<cmt>Parkplatz von Lindenholzhausen aus kommend vor Bahnübergang rechts</cmt>
		<desc>Parkplatz von Lindenholzhausen aus kommend vor Bahnübergang rechts</desc>
		<src>HessenForst</src>
	</wpt>
	<wpt lat="50.037304769889062" lon="8.7909326419548215">
		<name>OF-111</name>
		<cmt>Parkplatz 300 m nach Waldanfang, Abt. 68</cmt>
		<desc>Parkplatz 300 m nach Waldanfang, Abt. 68</desc>
		<src>HessenForst</src>
	</wpt>
	<wpt lat="50.194704154943722" lon="8.1809497024888884">
		<name>RÜD-226</name>
		<cmt>Abzweig nach Hambach</cmt>
		<desc>Abzweig nach Hambach</desc>
		<src>HessenForst</src>
	</wpt>
	<wpt lat="50.375385817082702" lon="9.6103005881618664">
		<name>MKK-77</name>
		<cmt>Hutten</cmt>
		<desc>Hutten</desc>
		<src>HessenForst</src>
	</wpt>
	<wpt lat="51.228037434985737" lon="9.2812435080468596">
		<name>HR-5</name>
		<cmt>Aussiedlerhof Herzog</cmt>
		<desc>Aussiedlerhof Herzog</desc>
		<src>HessenForst</src>
	</wpt>
	<wpt lat="49.84680550572844" lon="8.4369568604539555">
		<name>GG-78</name>
		<cmt>Bensheimer Hof</cmt>
		<desc>Bensheimer Hof</desc>
		<src>HessenForst</src>
	</wpt>
	<wpt lat="50.790013963415483" lon="9.1088076490044134">
		<name>VB-125</name>
		<cmt>Abzweig zum Wäldchen</cmt>
		<desc>Abzweig zum Wäldchen</desc>
		<src>HessenForst</src>
	</wpt>
	<wpt lat="50.622901892661943" lon="8.1623517300928956">
		<name>LDK-221</name>
		<cmt>Penny-Markt,  Kreuzung " Adolph-Weiss- Straße" / "Westerwaldstraße"</cmt>
		<desc>Penny-Markt,  Kreuzung " Adolph-Weiss- Straße" / "Westerwaldstraße"</desc>
		<src>HessenForst</src>
	</wpt>
	<wpt lat="50.406330679295209" lon="9.1331772681186401">
		<name>FB-93</name>
		<cmt>Bushaltestelle</cmt>
		<desc>Bushaltestelle</desc>
		<src>HessenForst</src>
	</wpt>
	<wpt lat="50.489151127991256" lon="8.1643743590773479">
		<name>LM-331</name>
		<cmt>Sportplatz Heckholzhausen</cmt>
		<desc>Sportplatz Heckholzhausen</desc>
		<src>HessenForst</src>
	</wpt>
	<wpt lat="50.796656593710047" lon="8.5730715303024851">
		<name>MR-606</name>
		<cmt>Bellnhausen, Kreisstr. Bellnhsn./Runzhsn. Festplatz am Ortsausgang</cmt>
		<desc>Bellnhausen, Kreisstr. Bellnhsn./Runzhsn. Festplatz am Ortsausgang</desc>
		<src>HessenForst</src>
	</wpt>
	<wpt lat="50.011100811516428" lon="8.6510538163382904">
		<name>OF-137</name>
		<cmt>Parkplatz "Achat Hotel"</cmt>
		<desc>Parkplatz "Achat Hotel"</desc>
		<src>HessenForst</src>
	</wpt>
	<wpt lat="51.157898774750088" lon="9.0001778262960137">
		<name>KB-427</name>
		<cmt>Sauermilchplatz</cmt>
		<desc>Sauermilchplatz</desc>
		<src>HessenForst</src>
	</wpt>
	<wpt lat="50.768704855972061" lon="8.2626255975842096">
		<name>LDK-302</name>
		<cmt>Neustraße/Hauptstraße, Kreuzung Forsthausstraße</cmt>
		<desc>Neustraße/Hauptstraße, Kreuzung Forsthausstraße</desc>
		<src>HessenForst</src>
	</wpt>
	<wpt lat="49.549026565810088" lon="8.5503602760100996">
		<name>HP-102</name>
		<cmt>Kleingartenanl. "Am Forst" Viernheim - Panzerstr.</cmt>
		<desc>Kleingartenanl. "Am Forst" Viernheim - Panzerstr.</desc>
		<src>HessenForst</src>
	</wpt>
	<wpt lat="50.665007302107995" lon="9.6106412122033795">
		<name>VB-322</name>
		<cmt>Waldeinfahrt Breitenbachtal</cmt>
		<desc>Waldeinfahrt Breitenbachtal</desc>
		<src>HessenForst</src>
	</wpt>
	<wpt lat="51.079008054313277" lon="8.5384062051198679">
		<name>KB-710</name>
		<cmt>Bromskirchen-Dachsloch</cmt>
		<desc>Bromskirchen-Dachsloch</desc>
		<src>HessenForst</src>
	</wpt>
	<wpt lat="50.292280141471508" lon="9.3542935752168326">
		<name>MKK-44</name>
		<cmt>Heutzenberg</cmt>
		<desc>Heutzenberg</desc>
		<src>HessenForst</src>
	</wpt>
	<wpt lat="49.753836846690973" lon="8.966685759427973">
		<name>ERB-138</name>
		<cmt>Abzweig K 86</cmt>
		<desc>Abzweig K 86</desc>
		<src>HessenForst</src>
	</wpt>
	<wpt lat="50.672211965465287" lon="8.5579444732931158">
		<name>GI-217</name>
		<cmt>Eichenhardt</cmt>
		<desc>Eichenhardt</desc>
		<src>HessenForst</src>
	</wpt>
	<wpt lat="50.026522147773079" lon="8.7692709892101632">
		<name>OF-110</name>
		<cmt>Parkplatz 200 m nach Waldanfang, Abt. 61</cmt>
		<desc>Parkplatz 200 m nach Waldanfang, Abt. 61</desc>
		<src>HessenForst</src>
	</wpt>
	<wpt lat="50.518064823077324" lon="9.5125627379017654">
		<name>FD-549</name>
		<cmt>Geißbuche</cmt>
		<desc>Geißbuche</desc>
		<src>HessenForst</src>
	</wpt>
	<wpt lat="49.956144237592049" lon="8.4506747135402609">
		<name>GG-55</name>
		<cmt>Abzw. Nauh.Str./Schnepfenschneise; Waldparkpl. Sportpl. "SV Alemania"</cmt>
		<desc>Abzw. Nauh.Str./Schnepfenschneise; Waldparkpl. Sportpl. "SV Alemania"</desc>
		<src>HessenForst</src>
	</wpt>
	<wpt lat="50.330044777844336" lon="9.4718411226165866">
		<name>MKK-9</name>
		<cmt>Ohl</cmt>
		<desc>Ohl</desc>
		<src>HessenForst</src>
	</wpt>
	<wpt lat="51.009725080576928" lon="9.4244328533456461">
		<name>HR-829</name>
		<cmt>Waldparkplatz "Lichte"</cmt>
		<desc>Waldparkplatz "Lichte"</desc>
		<src>HessenForst</src>
	</wpt>
	<wpt lat="50.416719855452996" lon="8.3638116159735159">
		<name>LM-212</name>
		<cmt>Bauunternehmer Schäfer Verwaltung</cmt>
		<desc>Bauunternehmer Schäfer Verwaltung</desc>
		<src>HessenForst</src>
	</wpt>
	<wpt lat="51.22046785147397" lon="10.096670098368149">
		<name>ESW-313</name>
		<cmt>Parkplatz Landesgrenze K 11</cmt>
		<desc>Parkplatz Landesgrenze K 11</desc>
		<src>HessenForst</src>
	</wpt>
	<wpt lat="50.241327062894861" lon="9.101072964960311">
		<name>MKK-224</name>
		<cmt>Wochenendgebiet Reitzeberg</cmt>
		<desc>Wochenendgebiet Reitzeberg</desc>
		<src>HessenForst</src>
	</wpt>
	<wpt lat="50.866992332933108" lon="8.4736203959485472">
		<name>MR-504</name>
		<cmt>Bushaltestelle an der Ampelkreuzung in Wolzhausen (L 3049)</cmt>
		<desc>Bushaltestelle an der Ampelkreuzung in Wolzhausen (L 3049)</desc>
		<src>HessenForst</src>
	</wpt>
	<wpt lat="49.672411306418624" lon="8.3784558567290883">
		<name>HP-123</name>
		<cmt>Nordheimer Fahrweg nordw. von Nordheim</cmt>
		<desc>Nordheimer Fahrweg nordw. von Nordheim</desc>
		<src>HessenForst</src>
	</wpt>
	<wpt lat="49.666648179499802" lon="9.0434735737258656">
		<name>ERB-76</name>
		<cmt>Parkplatz Habermannskreuz</cmt>
		<desc>Parkplatz Habermannskreuz</desc>
		<src>HessenForst</src>
	</wpt>
	<wpt lat="50.543145794637809" lon="9.5426486630144591">
		<name>FD-570</name>
		<cmt>Finkenberg</cmt>
		<desc>Finkenberg</desc>
		<src>HessenForst</src>
	</wpt>
	<wpt lat="50.236131990118018" lon="8.8785218321118862">
		<name>MKK-902</name>
		<cmt>Waldrand Schranke</cmt>
		<desc>Waldrand Schranke</desc>
		<src>HessenForst</src>
	</wpt>
	<wpt lat="51.213544027710682" lon="9.3488487006438632">
		<name>HR-8</name>
		<cmt>Forsthaus Gestecke</cmt>
		<desc>Forsthaus Gestecke</desc>
		<src>HessenForst</src>
	</wpt>
	<wpt lat="51.07246940983719" lon="9.4322557515476326">
		<name>HR-826</name>
		<cmt>"Ferdinands Ruh"</cmt>
		<desc>"Ferdinands Ruh"</desc>
		<src>HessenForst</src>
	</wpt>
	<wpt lat="49.969308539420162" lon="8.7434766147071841">
		<name>OF-117</name>
		<cmt>Parkplatz Waldeingang, Abt. 73</cmt>
		<desc>Parkplatz Waldeingang, Abt. 73</desc>
		<src>HessenForst</src>
	</wpt>
	<wpt lat="50.105814684228662" lon="8.8398924957673159">
		<name>OF-216</name>
		<cmt>Seerosen-Weiher</cmt>
		<desc>Seerosen-Weiher</desc>
		<src>HessenForst</src>
	</wpt>
	<wpt lat="49.666631500876122" lon="8.9829258873031641">
		<name>ERB-58</name>
		<cmt>Einfahrt Hof Glenz</cmt>
		<desc>Einfahrt Hof Glenz</desc>
		<src>HessenForst</src>
	</wpt>
	<wpt lat="51.251714450833987" lon="8.765647541837577">
		<name>KB-210</name>
		<cmt>Parkplatz Raumbergteich</cmt>
		<desc>Parkplatz Raumbergteich</desc>
		<src>HessenForst</src>
	</wpt>
	<wpt lat="50.817948539965208" lon="8.5814310861680188">
		<name>MR-526</name>
		<cmt>Streichenberg</cmt>
		<desc>Streichenberg</desc>
		<src>HessenForst</src>
	</wpt>
	<wpt lat="51.403391556300598" lon="9.8770473074872811">
		<name>ESW-150</name>
		<cmt>Abzweigung Feldweg an der "Molle"</cmt>
		<desc>Abzweigung Feldweg an der "Molle"</desc>
		<src>HessenForst</src>
	</wpt>
	<wpt lat="50.621831753472158" lon="9.0882745925774877">
		<name>VB-51</name>
		<cmt>Kirche Ruppertenord</cmt>
		<desc>Kirche Ruppertenord</desc>
		<src>HessenForst</src>
	</wpt>
	<wpt lat="51.441083540452276" lon="9.5418101155272765">
		<name>KS-208</name>
		<cmt>Parplatz "Roter Stock"</cmt>
		<desc>Parplatz "Roter Stock"</desc>
		<src>HessenForst</src>
	</wpt>
	<wpt lat="49.635750933266664" lon="8.3850778296114061">
		<name>HP-121</name>
		<cmt>Am Zigeunerwäldchen</cmt>
		<desc>Am Zigeunerwäldchen</desc>
		<src>HessenForst</src>
	</wpt>
	<wpt lat="50.586967805597126" lon="9.9881675256569036">
		<name>FD-361</name>
		<cmt>Parkplatz Auersberg</cmt>
		<desc>Parkplatz Auersberg</desc>
		<src>HessenForst</src>
	</wpt>
	<wpt lat="49.805697671067669" lon="8.6811812314976571">
		<name>DA-409</name>
		<cmt>Bus Haltestelle      "Haus Burgwald"</cmt>
		<desc>Bus Haltestelle      "Haus Burgwald"</desc>
		<src>HessenForst</src>
	</wpt>
	<wpt lat="49.730761635729387" lon="8.7019891210826561">
		<name>HP-320</name>
		<cmt>Parkplatz Römersteine; Beedenkirchen</cmt>
		<desc>Parkplatz Römersteine; Beedenkirchen</desc>
		<src>HessenForst</src>
	</wpt>
	<wpt lat="50.357036056508846" lon="9.5735966318003403">
		<name>MKK-78</name>
		<cmt>Burg - Brandenstein</cmt>
		<desc>Burg - Brandenstein</desc>
		<src>HessenForst</src>
	</wpt>
	<wpt lat="50.132957126635738" lon="8.5557062890427726">
		<name>MTK-53</name>
		<cmt>Arboretum Main-Taunus Am Weißen Stein</cmt>
		<desc>Arboretum Main-Taunus Am Weißen Stein</desc>
		<src>HessenForst</src>
	</wpt>
	<wpt lat="49.633116166622585" lon="8.4826894239772503">
		<name>HP-111</name>
		<cmt>Wasserwerkplatz Bürstadt</cmt>
		<desc>Wasserwerkplatz Bürstadt</desc>
		<src>HessenForst</src>
	</wpt>
	<wpt lat="51.207776003177457" lon="9.2575852217261385">
		<name>KS-539</name>
		<cmt>Feuerwehrgerätehaus Riede, B 450 Ortseinfahrt</cmt>
		<desc>Feuerwehrgerätehaus Riede, B 450 Ortseinfahrt</desc>
		<src>HessenForst</src>
	</wpt>
	<wpt lat="51.007353226286497" lon="8.8255983905079347">
		<name>KB-828</name>
		<cmt>Forstkircher/Nempheparkplatz</cmt>
		<desc>Forstkircher/Nempheparkplatz</desc>
		<src>HessenForst</src>
	</wpt>
	<wpt lat="50.787065998383447" lon="9.3629062580875662">
		<name>VB-211</name>
		<cmt>Anhöhe Abt. 328 / 330</cmt>
		<desc>Anhöhe Abt. 328 / 330</desc>
		<src>HessenForst</src>
	</wpt>
	<wpt lat="50.792938748952466" lon="9.3514921021768895">
		<name>VB-209</name>
		<cmt>Gabelung Sautränk- Straße / Auerhahnstraße</cmt>
		<desc>Gabelung Sautränk- Straße / Auerhahnstraße</desc>
		<src>HessenForst</src>
	</wpt>
	<wpt lat="50.252877830820964" lon="8.6150792704842907">
		<name>HG-3</name>
		<cmt>Forsthaus Rev. Friedrichsdorf</cmt>
		<desc>Forsthaus Rev. Friedrichsdorf</desc>
		<src>HessenForst</src>
	</wpt>
	<wpt lat="51.173994280802965" lon="8.9865524741145411">
		<name>KB-418</name>
		<cmt>Wochenendhausgebiet West</cmt>
		<desc>Wochenendhausgebiet West</desc>
		<src>HessenForst</src>
	</wpt>
	<wpt lat="49.594345200349338" lon="8.9924587867900669">
		<name>ERB-245</name>
		<cmt>Hetzbach, Bahnhof</cmt>
		<desc>Hetzbach, Bahnhof</desc>
		<src>HessenForst</src>
	</wpt>
	<wpt lat="51.549304888329701" lon="9.6109672011439145">
		<name>KS-116</name>
		<cmt>Mühlenbergstraße</cmt>
		<desc>Mühlenbergstraße</desc>
		<src>HessenForst</src>
	</wpt>
	<wpt lat="50.948656595884565" lon="9.3130626434738328">
		<name>HR-884</name>
		<cmt>Spiesturm</cmt>
		<desc>Spiesturm</desc>
		<src>HessenForst</src>
	</wpt>
	<wpt lat="50.505381627166749" lon="9.92409886379229">
		<name>FD-343</name>
		<cmt>Lochwiese</cmt>
		<desc>Lochwiese</desc>
		<src>HessenForst</src>
	</wpt>
	<wpt lat="50.821508295949023" lon="8.7225495792084118">
		<name>MR-409</name>
		<cmt>Weinstraße</cmt>
		<desc>Weinstraße</desc>
		<src>HessenForst</src>
	</wpt>
	<wpt lat="50.962270243050114" lon="9.4375441371166406">
		<name>HR-839</name>
		<cmt>"Pension Röse" Steindorf</cmt>
		<desc>"Pension Röse" Steindorf</desc>
		<src>HessenForst</src>
	</wpt>
	<wpt lat="49.944103222586989" lon="8.440806941058737">
		<name>GG-57</name>
		<cmt>Kreuzung L 3482 - Schillerstraße</cmt>
		<desc>Kreuzung L 3482 - Schillerstraße</desc>
		<src>HessenForst</src>
	</wpt>
	<wpt lat="49.994604429073277" lon="8.6442905172514202">
		<name>OF-143</name>
		<cmt>Waldeingang Aschaffenburger Schneise</cmt>
		<desc>Waldeingang Aschaffenburger Schneise</desc>
		<src>HessenForst</src>
	</wpt>
	<wpt lat="50.731508038719063" lon="9.38621806871563">
		<name>VB-190</name>
		<cmt>Einfahrt "Plättchen"</cmt>
		<desc>Einfahrt "Plättchen"</desc>
		<src>HessenForst</src>
	</wpt>
	<wpt lat="49.673314955802738" lon="8.9420337600828663">
		<name>ERB-12</name>
		<cmt>Parkplatz Hoher Zorn/ Steinbucher Höhe</cmt>
		<desc>Parkplatz Hoher Zorn/ Steinbucher Höhe</desc>
		<src>HessenForst</src>
	</wpt>
	<wpt lat="50.206006405984354" lon="7.9457517905253976">
		<name>RÜD-112</name>
		<cmt>Grebenrother Stock</cmt>
		<desc>Grebenrother Stock</desc>
		<src>HessenForst</src>
	</wpt>
	<wpt lat="51.038658866146264" lon="9.5173645752928362">
		<name>HR-818</name>
		<cmt>Niederbeisheim "Iveco-Werkstatt"</cmt>
		<desc>Niederbeisheim "Iveco-Werkstatt"</desc>
		<src>HessenForst</src>
	</wpt>
	<wpt lat="49.774192390061245" lon="8.9987758899148957">
		<name>ERB-115</name>
		<cmt>Straßenende Waldeingang</cmt>
		<desc>Straßenende Waldeingang</desc>
		<src>HessenForst</src>
	</wpt>
	<wpt lat="50.585636631244199" lon="9.5771968239291994">
		<name>FD-566</name>
		<cmt>ehem. Waldspielplatz</cmt>
		<desc>ehem. Waldspielplatz</desc>
		<src>HessenForst</src>
	</wpt>
	<wpt lat="50.81588784376703" lon="8.8281837000677932">
		<name>MR-414</name>
		<cmt>Ortseingang Bauerbach aus Richtung Schröck (K 34)</cmt>
		<desc>Ortseingang Bauerbach aus Richtung Schröck (K 34)</desc>
		<src>HessenForst</src>
	</wpt>
	<wpt lat="51.61578998408995" lon="9.4687861992990818">
		<name>KS-8</name>
		<cmt>Parkplatz Rinderhaus, Schutzhütte Dreiländereck</cmt>
		<desc>Parkplatz Rinderhaus, Schutzhütte Dreiländereck</desc>
		<src>HessenForst</src>
	</wpt>
	<wpt lat="49.597993274197734" lon="8.8651076019900277">
		<name>HP-425</name>
		<cmt>Affolterbach, Abzweig zum Holzschnitzer Ader</cmt>
		<desc>Affolterbach, Abzweig zum Holzschnitzer Ader</desc>
		<src>HessenForst</src>
	</wpt>
	<wpt lat="50.453482890504553" lon="9.9021258966496717">
		<name>FD-604</name>
		<cmt>PW  Waldthsn. - Abzweig bei Schneid Mühle</cmt>
		<desc>PW  Waldthsn. - Abzweig bei Schneid Mühle</desc>
		<src>HessenForst</src>
	</wpt>
	<wpt lat="50.322754522345825" lon="8.3122587644189867">
		<name>LM-242</name>
		<cmt>Parkplatz "Krämerstein"</cmt>
		<desc>Parkplatz "Krämerstein"</desc>
		<src>HessenForst</src>
	</wpt>
	<wpt lat="50.823742743737284" lon="9.206461418938229">
		<name>HR-918</name>
		<cmt>Abzweig Waldeingang Fischbach</cmt>
		<desc>Abzweig Waldeingang Fischbach</desc>
		<src>HessenForst</src>
	</wpt>
	<wpt lat="50.307783174314132" lon="9.1319229479186141">
		<name>FB-138</name>
		<cmt>Wildpark / Leohütte</cmt>
		<desc>Wildpark / Leohütte</desc>
		<src>HessenForst</src>
	</wpt>
	<wpt lat="50.668310719244374" lon="8.2407688486078516">
		<name>LDK-317</name>
		<cmt>Herborn -&amp;gt; Roth, Einfahrt Kreisbauschuttdeponie Steinringsberg</cmt>
		<desc>Herborn -&amp;gt; Roth, Einfahrt Kreisbauschuttdeponie Steinringsberg</desc>
		<src>HessenForst</src>
	</wpt>
	<wpt lat="50.167371080464498" lon="9.0493776256412897">
		<name>MKK-112</name>
		<cmt>Zufahrt Baumschule Müller</cmt>
		<desc>Zufahrt Baumschule Müller</desc>
		<src>HessenForst</src>
	</wpt>
	<wpt lat="51.235858256810161" lon="9.3489702799866183">
		<name>HR-4</name>
		<cmt>Bensberg</cmt>
		<desc>Bensberg</desc>
		<src>HessenForst</src>
	</wpt>
	<wpt lat="50.729251666916959" lon="8.2785120465400599">
		<name>LDK-373</name>
		<cmt>In Dillenburg Abzweig Jahnstr., Mittelfeldstr. bis Ortsende am Wendehammer</cmt>
		<desc>In Dillenburg Abzweig Jahnstr., Mittelfeldstr. bis Ortsende am Wendehammer</desc>
		<src>HessenForst</src>
	</wpt>
	<wpt lat="50.962778307993752" lon="8.928723987570784">
		<name>MR-200</name>
		<cmt>Kirche Hertingshausen Ortsmitte</cmt>
		<desc>Kirche Hertingshausen Ortsmitte</desc>
		<src>HessenForst</src>
	</wpt>
	<wpt lat="50.225858121993383" lon="9.0293234894562264">
		<name>MKK-804</name>
		<cmt>Einmündung Waldweg 250 m nach Waldeingang</cmt>
		<desc>Einmündung Waldweg 250 m nach Waldeingang</desc>
		<src>HessenForst</src>
	</wpt>
	<wpt lat="50.336050947356249" lon="9.4609609722660561">
		<name>MKK-36</name>
		<cmt>Tropfsteinhöhle</cmt>
		<desc>Tropfsteinhöhle</desc>
		<src>HessenForst</src>
	</wpt>
	<wpt lat="51.275429678008663" lon="9.2476885130853539">
		<name>KS-527</name>
		<cmt>Parkplatz Cafe Distelberg</cmt>
		<desc>Parkplatz Cafe Distelberg</desc>
		<src>HessenForst</src>
	</wpt>
	<wpt lat="50.751095114117796" lon="9.6839913701528868">
		<name>HEF-346</name>
		<cmt>Abfahrt zum Holzlager-platz an der B 27</cmt>
		<desc>Abfahrt zum Holzlager-platz an der B 27</desc>
		<src>HessenForst</src>
	</wpt>
	<wpt lat="50.259047046565897" lon="9.1082066821100529">
		<name>FB-115</name>
		<cmt>Abzw. K 227 Parkplatz</cmt>
		<desc>Abzw. K 227 Parkplatz</desc>
		<src>HessenForst</src>
	</wpt>
	<wpt lat="50.345012555817647" lon="9.5575895928431489">
		<name>MKK-83</name>
		<cmt>Herolz-Ghs Krone</cmt>
		<desc>Herolz-Ghs Krone</desc>
		<src>HessenForst</src>
	</wpt>
	<wpt lat="50.472256514108558" lon="9.8671883833419098">
		<name>FD-345</name>
		<cmt>Neufeld</cmt>
		<desc>Neufeld</desc>
		<src>HessenForst</src>
	</wpt>
	<wpt lat="49.737825066736363" lon="8.5043535106297927">
		<name>GG-94</name>
		<cmt>Parkplatz "Maria Einsiedel"</cmt>
		<desc>Parkplatz "Maria Einsiedel"</desc>
		<src>HessenForst</src>
	</wpt>
	<wpt lat="50.631879584653397" lon="9.556302238615606">
		<name>VB-328</name>
		<cmt>Waldeingang "Wilsgrund"</cmt>
		<desc>Waldeingang "Wilsgrund"</desc>
		<src>HessenForst</src>
	</wpt>
	<wpt lat="50.748520425009104" lon="8.3509485234417795">
		<name>LDK-393</name>
		<cmt>Oberscheld -&amp;gt; Hirzenhain Bahnhof, Abzweig Eibach zum Parkplatz Ölsberg</cmt>
		<desc>Oberscheld -&amp;gt; Hirzenhain Bahnhof, Abzweig Eibach zum Parkplatz Ölsberg</desc>
		<src>HessenForst</src>
	</wpt>
	<wpt lat="50.517814710398277" lon="9.931577078878993">
		<name>FD-342</name>
		<cmt>Heiligenberg</cmt>
		<desc>Heiligenberg</desc>
		<src>HessenForst</src>
	</wpt>
	<wpt lat="50.877422024634612" lon="9.3598095448801804">
		<name>HR-907</name>
		<cmt>Ludovivi-Platz</cmt>
		<desc>Ludovivi-Platz</desc>
		<src>HessenForst</src>
	</wpt>
	<wpt lat="49.697611667874511" lon="8.5552589509312913">
		<name>HP-306</name>
		<cmt>Forsthaus Schwanheim</cmt>
		<desc>Forsthaus Schwanheim</desc>
		<src>HessenForst</src>
	</wpt>
	<wpt lat="50.53155340609365" lon="8.0911321421000562">
		<name>LM-339</name>
		<cmt>Grillhütte Hausen</cmt>
		<desc>Grillhütte Hausen</desc>
		<src>HessenForst</src>
	</wpt>
	<wpt lat="50.481341235593341" lon="9.9128628190416013">
		<name>FD-362</name>
		<cmt>Parkplatz Schwarzerden</cmt>
		<desc>Parkplatz Schwarzerden</desc>
		<src>HessenForst</src>
	</wpt>
	<wpt lat="50.715811561014199" lon="8.6881103904791033">
		<name>MR-440</name>
		<cmt>Ortseinfahrt Holzhausen von der Straße von Oberwalgern (K 48)</cmt>
		<desc>Ortseinfahrt Holzhausen von der Straße von Oberwalgern (K 48)</desc>
		<src>HessenForst</src>
	</wpt>
	<wpt lat="51.384856767055126" lon="8.8952555491607974">
		<name>KB-101</name>
		<cmt>Alte Schule Vasbeck</cmt>
		<desc>Alte Schule Vasbeck</desc>
		<src>HessenForst</src>
	</wpt>
	<wpt lat="49.511979336636557" lon="9.0101589441955738">
		<name>ERB-224</name>
		<cmt>Hebstahl, Dorfgemeinschaftshaus</cmt>
		<desc>Hebstahl, Dorfgemeinschaftshaus</desc>
		<src>HessenForst</src>
	</wpt>
	<wpt lat="51.09616613724485" lon="8.8998663510704255">
		<name>KB-414</name>
		<cmt>Bärenmühle</cmt>
		<desc>Bärenmühle</desc>
		<src>HessenForst</src>
	</wpt>
	<wpt lat="50.637285631171139" lon="9.4944722625217839">
		<name>FD-558</name>
		<cmt>Salzschlirf / alter Berg</cmt>
		<desc>Salzschlirf / alter Berg</desc>
		<src>HessenForst</src>
	</wpt>
	<wpt lat="49.826360612067759" lon="8.6665812738184371">
		<name>DA-914</name>
		<cmt>Haller Ranch</cmt>
		<desc>Haller Ranch</desc>
		<src>HessenForst</src>
	</wpt>
	<wpt lat="50.118035774121779" lon="7.963610519068002">
		<name>RÜD-137</name>
		<cmt>Abfahrt Dickschied</cmt>
		<desc>Abfahrt Dickschied</desc>
		<src>HessenForst</src>
	</wpt>
	<wpt lat="50.172061695147917" lon="8.3285292842140475">
		<name>RÜD-242</name>
		<cmt>Zufahrt zur Niederjosbacher Mark</cmt>
		<desc>Zufahrt zur Niederjosbacher Mark</desc>
		<src>HessenForst</src>
	</wpt>
	<wpt lat="50.177372418663786" lon="8.7481982785861021">
		<name>FB-27</name>
		<cmt>Waldeingang Erzweg</cmt>
		<desc>Waldeingang Erzweg</desc>
		<src>HessenForst</src>
	</wpt>
	<wpt lat="51.154373592944978" lon="9.7392394176072052">
		<name>ESW-21</name>
		<cmt>Kirche Wickersrode</cmt>
		<desc>Kirche Wickersrode</desc>
		<src>HessenForst</src>
	</wpt>
	<wpt lat="51.021640654789124" lon="8.8666079565862539">
		<name>KB-822</name>
		<cmt>Parkplatz B 99 - Einfahrt Schutzhecke</cmt>
		<desc>Parkplatz B 99 - Einfahrt Schutzhecke</desc>
		<src>HessenForst</src>
	</wpt>
	<wpt lat="50.52592391291914" lon="8.337530206128724">
		<name>LDK-11</name>
		<cmt>Tiefenb. &amp;gt; Braunfels, Einfahrt Sportplatz Tiefenbach</cmt>
		<desc>Tiefenb. &amp;gt; Braunfels, Einfahrt Sportplatz Tiefenbach</desc>
		<src>HessenForst</src>
	</wpt>
	<wpt lat="51.009084778333325" lon="9.5172649475916167">
		<name>HR-815</name>
		<cmt>Einfahrt Aschenberg</cmt>
		<desc>Einfahrt Aschenberg</desc>
		<src>HessenForst</src>
	</wpt>
	<wpt lat="50.648748205268724" lon="9.9774725925694572">
		<name>FD-368</name>
		<cmt>Meerswinden - Ortslage</cmt>
		<desc>Meerswinden - Ortslage</desc>
		<src>HessenForst</src>
	</wpt>
	<wpt lat="50.605907253333292" lon="9.6396754417475936">
		<name>FD-501</name>
		<cmt>Friedhof Kämmerzell</cmt>
		<desc>Friedhof Kämmerzell</desc>
		<src>HessenForst</src>
	</wpt>
	<wpt lat="50.754534904059781" lon="8.9439528241375079">
		<name>MR-320</name>
		<cmt>Kreuzung K 24 / K 26 Richtung Erfurtshausen</cmt>
		<desc>Kreuzung K 24 / K 26 Richtung Erfurtshausen</desc>
		<src>HessenForst</src>
	</wpt>
	<wpt lat="49.770780851837976" lon="8.4690048480487867">
		<name>GG-89</name>
		<cmt>Gaststätte "Bootshaus" Biebesheim</cmt>
		<desc>Gaststätte "Bootshaus" Biebesheim</desc>
		<src>HessenForst</src>
	</wpt>
	<wpt lat="50.476406324555576" lon="9.6947848391902394">
		<name>FD-264</name>
		<cmt>Parkplatz B 27</cmt>
		<desc>Parkplatz B 27</desc>
		<src>HessenForst</src>
	</wpt>
	<wpt lat="50.050781772671037" lon="8.8386244342445899">
		<name>OF-224</name>
		<cmt>Ampelkreuzung Ortseinfahrt</cmt>
		<desc>Ampelkreuzung Ortseinfahrt</desc>
		<src>HessenForst</src>
	</wpt>
	<wpt lat="50.974737061596862" lon="8.6740500478064604">
		<name>MR-101</name>
		<cmt>Sportplatz Wollmar</cmt>
		<desc>Sportplatz Wollmar</desc>
		<src>HessenForst</src>
	</wpt>
	<wpt lat="50.71835205382925" lon="9.6972859693283713">
		<name>FD-33</name>
		<cmt>Forsthaus Rothenkirchen</cmt>
		<desc>Forsthaus Rothenkirchen</desc>
		<src>HessenForst</src>
	</wpt>
	<wpt lat="50.387119782969037" lon="8.2821587126518512">
		<name>LM-362</name>
		<cmt>Parkplatz Friedhof</cmt>
		<desc>Parkplatz Friedhof</desc>
		<src>HessenForst</src>
	</wpt>
	<wpt lat="51.009711233005667" lon="8.791239248694394">
		<name>KB-826</name>
		<cmt>Revierförsterei Wolkersdorf</cmt>
		<desc>Revierförsterei Wolkersdorf</desc>
		<src>HessenForst</src>
	</wpt>
	<wpt lat="50.239342366010895" lon="8.7969682780402874">
		<name>FB-25</name>
		<cmt>Waldparkplatz am Trimmpfad</cmt>
		<desc>Waldparkplatz am Trimmpfad</desc>
		<src>HessenForst</src>
	</wpt>
	<wpt lat="50.651258484483051" lon="9.4221550379373955">
		<name>VB-162</name>
		<cmt>Schießstand Kugelberg</cmt>
		<desc>Schießstand Kugelberg</desc>
		<src>HessenForst</src>
	</wpt>
	<wpt lat="50.577390965490167" lon="8.3609871172333889">
		<name>LDK-31</name>
		<cmt>Parkplatz "Hohe Staße"</cmt>
		<desc>Parkplatz "Hohe Staße"</desc>
		<src>HessenForst</src>
	</wpt>
	<wpt lat="50.709362114565259" lon="8.3593687078926635">
		<name>LDK-350</name>
		<cmt>Hohe Straße, Gewerbe- und Industriegebiet, ehemalige Kaserne</cmt>
		<desc>Hohe Straße, Gewerbe- und Industriegebiet, ehemalige Kaserne</desc>
		<src>HessenForst</src>
	</wpt>
	<wpt lat="51.101143120933216" lon="9.9574007689148605">
		<name>ESW-413</name>
		<cmt>Bahnübergang Hubach</cmt>
		<desc>Bahnübergang Hubach</desc>
		<src>HessenForst</src>
	</wpt>
	<wpt lat="50.179280450782628" lon="8.1572140363012799">
		<name>RÜD-223</name>
		<cmt>Abzweig Steckenroth (Gottschedshöhe)</cmt>
		<desc>Abzweig Steckenroth (Gottschedshöhe)</desc>
		<src>HessenForst</src>
	</wpt>
	<wpt lat="49.847220690900066" lon="9.0218333759663132">
		<name>ERB-101</name>
		<cmt>Kirche / Markplatz</cmt>
		<desc>Kirche / Markplatz</desc>
		<src>HessenForst</src>
	</wpt>
	<wpt lat="51.288669130086909" lon="9.8818615018698619">
		<name>ESW-202</name>
		<cmt>Parkplatz Vollungsattel</cmt>
		<desc>Parkplatz Vollungsattel</desc>
		<src>HessenForst</src>
	</wpt>
	<wpt lat="51.359266049145965" lon="9.5531300802489199">
		<name>KS-565</name>
		<cmt>Abzw. K 214 / Gut Kragenhof</cmt>
		<desc>Abzw. K 214 / Gut Kragenhof</desc>
		<src>HessenForst</src>
	</wpt>
	<wpt lat="50.950838304738326" lon="9.4916188853815591">
		<name>HR-852</name>
		<cmt>Parkplatz Burg Wallenstein</cmt>
		<desc>Parkplatz Burg Wallenstein</desc>
		<src>HessenForst</src>
	</wpt>
	<wpt lat="51.251184838148696" lon="8.9071689973854298">
		<name>KB-224</name>
		<cmt>Am Bickeberg</cmt>
		<desc>Am Bickeberg</desc>
		<src>HessenForst</src>
	</wpt>
	<wpt lat="49.698697753873944" lon="8.9777437742522501">
		<name>ERB-72</name>
		<cmt>Waldparkplatz Einhartsquelle</cmt>
		<desc>Waldparkplatz Einhartsquelle</desc>
		<src>HessenForst</src>
	</wpt>
	<wpt lat="49.957709034982386" lon="8.7428142064314116">
		<name>OF-101</name>
		<cmt>Teich gegenüber Einfahrt Abt. 110</cmt>
		<desc>Teich gegenüber Einfahrt Abt. 110</desc>
		<src>HessenForst</src>
	</wpt>
	<wpt lat="49.651489976795084" lon="9.0161083148792844">
		<name>ERB-61</name>
		<cmt>Waldeingang Rolleweg</cmt>
		<desc>Waldeingang Rolleweg</desc>
		<src>HessenForst</src>
	</wpt>
	<wpt lat="51.463929596838192" lon="9.2756415389490297">
		<name>KS-545</name>
		<cmt>Abzweig Petersholz</cmt>
		<desc>Abzweig Petersholz</desc>
		<src>HessenForst</src>
	</wpt>
	<wpt lat="50.897625124416507" lon="8.5519680598532606">
		<name>MR-2</name>
		<cmt>Wanderparkplatz Wolfskaute</cmt>
		<desc>Wanderparkplatz Wolfskaute</desc>
		<src>HessenForst</src>
	</wpt>
	<wpt lat="50.517224279195496" lon="8.5848976497183855">
		<name>LDK-52</name>
		<cmt>Kreuzung Frankfurter Straße / Hessenstraße Autohaus Müller</cmt>
		<desc>Kreuzung Frankfurter Straße / Hessenstraße Autohaus Müller</desc>
		<src>HessenForst</src>
	</wpt>
	<wpt lat="50.150672926329101" lon="8.206012777158767">
		<name>RÜD-217</name>
		<cmt>Tennisplätze Platter Straße</cmt>
		<desc>Tennisplätze Platter Straße</desc>
		<src>HessenForst</src>
	</wpt>
	<wpt lat="51.112012201878038" lon="8.854848919246221">
		<name>KB-407</name>
		<cmt>Waldeingang Abt. 84, Breitenbach</cmt>
		<desc>Waldeingang Abt. 84, Breitenbach</desc>
		<src>HessenForst</src>
	</wpt>
	<wpt lat="50.33984953215684" lon="9.322766144346005">
		<name>MKK-1045</name>
		<cmt>Untersotzbach  SOS-Telefon</cmt>
		<desc>Untersotzbach  SOS-Telefon</desc>
		<src>HessenForst</src>
	</wpt>
	<wpt lat="50.900821399971356" lon="9.2759127931829433">
		<name>HR-914</name>
		<cmt>Kreisel Trutzhain</cmt>
		<desc>Kreisel Trutzhain</desc>
		<src>HessenForst</src>
	</wpt>
	<wpt lat="51.329305027041585" lon="9.2485454525611566">
		<name>KS-523</name>
		<cmt>Grillhütte Weningenhasungen</cmt>
		<desc>Grillhütte Weningenhasungen</desc>
		<src>HessenForst</src>
	</wpt>
	<wpt lat="50.503717165569981" lon="9.762409317090734">
		<name>FD-247</name>
		<cmt>Haidchen-Dornhecke</cmt>
		<desc>Haidchen-Dornhecke</desc>
		<src>HessenForst</src>
	</wpt>
	<wpt lat="50.65947338657547" lon="8.1306713962708361">
		<name>LDK-227</name>
		<cmt>Waldaubach - "Aubachstraße 1" (am Abzweig  L 3391 &amp;gt; Rabenscheid)</cmt>
		<desc>Waldaubach - "Aubachstraße 1" (am Abzweig  L 3391 &amp;gt; Rabenscheid)</desc>
		<src>HessenForst</src>
	</wpt>
	<wpt lat="50.80649081719114" lon="8.4315717501771186">
		<name>MR-524</name>
		<cmt>Parkplatz der Fa. Interthal / Frechenhausen</cmt>
		<desc>Parkplatz der Fa. Interthal / Frechenhausen</desc>
		<src>HessenForst</src>
	</wpt>
	<wpt lat="50.652161245691055" lon="9.6037125112162141">
		<name>VB-324</name>
		<cmt>Pfordter See</cmt>
		<desc>Pfordter See</desc>
		<src>HessenForst</src>
	</wpt>
	<wpt lat="51.276277405716371" lon="9.6778148049572685">
		<name>ESW-95</name>
		<cmt>Rondell Wandweg</cmt>
		<desc>Rondell Wandweg</desc>
		<src>HessenForst</src>
	</wpt>
	<wpt lat="50.742022315589409" lon="9.4707618477259832">
		<name>VB-180</name>
		<cmt>Grebenau, Hauptkreuzung Ortsmitte</cmt>
		<desc>Grebenau, Hauptkreuzung Ortsmitte</desc>
		<src>HessenForst</src>
	</wpt>
	<wpt lat="50.751012521704105" lon="9.4524533615940456">
		<name>VB-178</name>
		<cmt>Merlos, Hauptkreuzung Ortsmitte</cmt>
		<desc>Merlos, Hauptkreuzung Ortsmitte</desc>
		<src>HessenForst</src>
	</wpt>
	<wpt lat="50.58545499980341" lon="9.5077137574300643">
		<name>FD-564</name>
		<cmt>Kalkwerk Otterbein</cmt>
		<desc>Kalkwerk Otterbein</desc>
		<src>HessenForst</src>
	</wpt>
	<wpt lat="50.346754614510367" lon="9.7290681463687712">
		<name>MKK-92</name>
		<cmt>Sandberg</cmt>
		<desc>Sandberg</desc>
		<src>HessenForst</src>
	</wpt>
	<wpt lat="50.790691727390922" lon="8.2719577368157857">
		<name>LDK-410</name>
		<cmt>Abzweig Auerhahnhütte, Depotstraße</cmt>
		<desc>Abzweig Auerhahnhütte, Depotstraße</desc>
		<src>HessenForst</src>
	</wpt>
	<wpt lat="49.911130490968389" lon="8.893672575929104">
		<name>DA-5</name>
		<cmt>Parkplatz am Waldrand Altheim (Altheim-Umstädter Weg)</cmt>
		<desc>Parkplatz am Waldrand Altheim (Altheim-Umstädter Weg)</desc>
		<src>HessenForst</src>
	</wpt>
	<wpt lat="50.04765906123977" lon="8.6688404805331132">
		<name>OF-120</name>
		<cmt>Haltestreifen Ortseingang Neu-Isenburg, Stadtplan</cmt>
		<desc>Haltestreifen Ortseingang Neu-Isenburg, Stadtplan</desc>
		<src>HessenForst</src>
	</wpt>
	<wpt lat="50.999940912620836" lon="9.4742378494225505">
		<name>HR-832</name>
		<cmt>Bauhof Remsfeld</cmt>
		<desc>Bauhof Remsfeld</desc>
		<src>HessenForst</src>
	</wpt>
	<wpt lat="50.464696127207901" lon="9.5713048628298782">
		<name>FD-537</name>
		<cmt>Schacht II Parkplatz</cmt>
		<desc>Schacht II Parkplatz</desc>
		<src>HessenForst</src>
	</wpt>
	<wpt lat="50.46723940328264" lon="9.7219197632817327">
		<name>FD-265</name>
		<cmt>Burkhardser Kopf</cmt>
		<desc>Burkhardser Kopf</desc>
		<src>HessenForst</src>
	</wpt>
	<wpt lat="50.10455035299313" lon="7.9898144507188293">
		<name>RÜD-382</name>
		<cmt>Alte Schule Niedergladbach</cmt>
		<desc>Alte Schule Niedergladbach</desc>
		<src>HessenForst</src>
	</wpt>
	<wpt lat="50.462388351438044" lon="9.1016825642947392">
		<name>VB-18</name>
		<cmt>Eichels.-Rainrod Taubenweg</cmt>
		<desc>Eichels.-Rainrod Taubenweg</desc>
		<src>HessenForst</src>
	</wpt>
	<wpt lat="49.95330785383053" lon="8.8894996653306926">
		<name>DA-325</name>
		<cmt>Parkplatz in der Wasserwerkskurve</cmt>
		<desc>Parkplatz in der Wasserwerkskurve</desc>
		<src>HessenForst</src>
	</wpt>
	<wpt lat="50.501946085701746" lon="8.2487801270905567">
		<name>LM-120</name>
		<cmt>Friedhof Waldhausen</cmt>
		<desc>Friedhof Waldhausen</desc>
		<src>HessenForst</src>
	</wpt>
	<wpt lat="50.675508808588582" lon="9.3282274767722253">
		<name>VB-156</name>
		<cmt>Abzweig Feldweg rechts Richtung Wald</cmt>
		<desc>Abzweig Feldweg rechts Richtung Wald</desc>
		<src>HessenForst</src>
	</wpt>
	<wpt lat="49.947406139708086" lon="8.6091377995325225">
		<name>DA-60</name>
		<cmt>Raststätte Gräfenhausen - West</cmt>
		<desc>Raststätte Gräfenhausen - West</desc>
		<src>HessenForst</src>
	</wpt>
	<wpt lat="51.145502308075656" lon="10.037241167523884">
		<name>ESW-339</name>
		<cmt>Abzweig zu einem betonierten Feldweg</cmt>
		<desc>Abzweig zu einem betonierten Feldweg</desc>
		<src>HessenForst</src>
	</wpt>
	<wpt lat="50.243419183387331" lon="9.3270084726928921">
		<name>MKK-50</name>
		<cmt>Aufenauer Berg</cmt>
		<desc>Aufenauer Berg</desc>
		<src>HessenForst</src>
	</wpt>
	<wpt lat="50.686840162432333" lon="8.917718795863756">
		<name>GI-255</name>
		<cmt>Odenhäuser Straße</cmt>
		<desc>Odenhäuser Straße</desc>
		<src>HessenForst</src>
	</wpt>
	<wpt lat="49.878326691054291" lon="8.9364951958236958">
		<name>DA-401</name>
		<cmt>Parkplatz Waldfriedhof</cmt>
		<desc>Parkplatz Waldfriedhof</desc>
		<src>HessenForst</src>
	</wpt>
	<wpt lat="50.074322943411673" lon="8.0520546141448719">
		<name>RÜD-372</name>
		<cmt>P Butterhütte</cmt>
		<desc>P Butterhütte</desc>
		<src>HessenForst</src>
	</wpt>
	<wpt lat="51.015198919223543" lon="8.7688735702284628">
		<name>KB-824</name>
		<cmt>Abzweig Burgwald (Industriehof)</cmt>
		<desc>Abzweig Burgwald (Industriehof)</desc>
		<src>HessenForst</src>
	</wpt>
	<wpt lat="50.774036741158326" lon="9.2026730757105195">
		<name>VB-229</name>
		<cmt>Parkplatz Antrifttalsperre</cmt>
		<desc>Parkplatz Antrifttalsperre</desc>
		<src>HessenForst</src>
	</wpt>
	<wpt lat="51.229577210198123" lon="8.9011423853071179">
		<name>KB-228</name>
		<cmt>Einfahrt zum Dietrichsberg</cmt>
		<desc>Einfahrt zum Dietrichsberg</desc>
		<src>HessenForst</src>
	</wpt>
	<wpt lat="50.785145735416059" lon="9.3350522987516289">
		<name>VB-208</name>
		<cmt>Waldeingang Elbenröder Dick</cmt>
		<desc>Waldeingang Elbenröder Dick</desc>
		<src>HessenForst</src>
	</wpt>
	<wpt lat="51.552880321987303" lon="9.5789823419297946">
		<name>KS-112</name>
		<cmt>Kleiner Stern</cmt>
		<desc>Kleiner Stern</desc>
		<src>HessenForst</src>
	</wpt>
	<wpt lat="50.469416316161833" lon="9.8867104088499769">
		<name>FD-346</name>
		<cmt>Parkplatz Wachtküppel</cmt>
		<desc>Parkplatz Wachtküppel</desc>
		<src>HessenForst</src>
	</wpt>
	<wpt lat="51.01074438941594" lon="8.5879963499374377">
		<name>KB-721</name>
		<cmt>Feuerwehrhaus Reddighausen</cmt>
		<desc>Feuerwehrhaus Reddighausen</desc>
		<src>HessenForst</src>
	</wpt>
	<wpt lat="50.743281518905576" lon="9.4159316963300181">
		<name>VB-195</name>
		<cmt>Reimenrod Richtung Eifa, am Waldeingang rechts</cmt>
		<desc>Reimenrod Richtung Eifa, am Waldeingang rechts</desc>
		<src>HessenForst</src>
	</wpt>
	<wpt lat="50.292526993271501" lon="9.3966265924916019">
		<name>MKK-47</name>
		<cmt>Ahl</cmt>
		<desc>Ahl</desc>
		<src>HessenForst</src>
	</wpt>
	<wpt lat="51.460012975387713" lon="9.545133576307828">
		<name>KS-205</name>
		<cmt>Parkplatz Schneidersbaum</cmt>
		<desc>Parkplatz Schneidersbaum</desc>
		<src>HessenForst</src>
	</wpt>
	<wpt lat="50.59620488727257" lon="9.3437135000054408">
		<name>VB-171</name>
		<cmt>Frischborn Richtung Hopfmannsfeld</cmt>
		<desc>Frischborn Richtung Hopfmannsfeld</desc>
		<src>HessenForst</src>
	</wpt>
	<wpt lat="50.29134939546357" lon="9.6045937900670229">
		<name>MKK-103</name>
		<cmt>Breunings</cmt>
		<desc>Breunings</desc>
		<src>HessenForst</src>
	</wpt>
	<wpt lat="51.03336497233299" lon="9.7222750885824532">
		<name>HEF-10</name>
		<cmt>Weißer Stein</cmt>
		<desc>Weißer Stein</desc>
		<src>HessenForst</src>
	</wpt>
	<wpt lat="51.077915702905067" lon="10.010574846356045">
		<name>ESW-426</name>
		<cmt>Unterer Schickebergsweg</cmt>
		<desc>Unterer Schickebergsweg</desc>
		<src>HessenForst</src>
	</wpt>
	<wpt lat="50.619946258635494" lon="9.8456544861799387">
		<name>FD-218</name>
		<cmt>Waldeingang bei Morles</cmt>
		<desc>Waldeingang bei Morles</desc>
		<src>HessenForst</src>
	</wpt>
	<wpt lat="51.252105194358002" lon="10.061789418313856">
		<name>ESW-53</name>
		<cmt>Altes Sägewerk</cmt>
		<desc>Altes Sägewerk</desc>
		<src>HessenForst</src>
	</wpt>
	<wpt lat="50.373952452003799" lon="9.4930522488211331">
		<name>MKK-68</name>
		<cmt>Breitenbach-Wallroth</cmt>
		<desc>Breitenbach-Wallroth</desc>
		<src>HessenForst</src>
	</wpt>
	<wpt lat="49.572107718549951" lon="8.9637868730775647">
		<name>ERB-258</name>
		<cmt>Beerfelden ,Parkplatz am Galgen</cmt>
		<desc>Beerfelden ,Parkplatz am Galgen</desc>
		<src>HessenForst</src>
	</wpt>
	<wpt lat="50.204623201578478" lon="8.2511534659610835">
		<name>RÜD-247</name>
		<cmt>Abfahrt Industriegebiet</cmt>
		<desc>Abfahrt Industriegebiet</desc>
		<src>HessenForst</src>
	</wpt>
	<wpt lat="50.56262661602338" lon="8.3630542109693629">
		<name>LDK-32</name>
		<cmt>Einfahrt zum Berghof, im Neuland</cmt>
		<desc>Einfahrt zum Berghof, im Neuland</desc>
		<src>HessenForst</src>
	</wpt>
	<wpt lat="50.881729269684541" lon="8.8933785562833059">
		<name>MR-213</name>
		<cmt>Rauschenberg, Ziegelei</cmt>
		<desc>Rauschenberg, Ziegelei</desc>
		<src>HessenForst</src>
	</wpt>
	<wpt lat="51.079505097446422" lon="9.1352495137528376">
		<name>KB-634</name>
		<cmt>Friedhof Braunau</cmt>
		<desc>Friedhof Braunau</desc>
		<src>HessenForst</src>
	</wpt>
	<wpt lat="51.575196652427387" lon="9.3665212454598628">
		<name>KS-33</name>
		<cmt>Parkplatz Deiselberg</cmt>
		<desc>Parkplatz Deiselberg</desc>
		<src>HessenForst</src>
	</wpt>
	<wpt lat="50.870290389914302" lon="8.6879882620986209">
		<name>MR-114</name>
		<cmt>Forsthaus Sterzhausen</cmt>
		<desc>Forsthaus Sterzhausen</desc>
		<src>HessenForst</src>
	</wpt>
	<wpt lat="51.235028397234771" lon="10.029190157319499">
		<name>ESW-305</name>
		<cmt>Parkplatz an Landstr. zwischen Pochmühle und Motzenrode</cmt>
		<desc>Parkplatz an Landstr. zwischen Pochmühle und Motzenrode</desc>
		<src>HessenForst</src>
	</wpt>
	<wpt lat="50.619702020037288" lon="9.5767109439761491">
		<name>FD-561</name>
		<cmt>Sandgrube</cmt>
		<desc>Sandgrube</desc>
		<src>HessenForst</src>
	</wpt>
	<wpt lat="50.738120814904512" lon="9.3505244438873252">
		<name>VB-151</name>
		<cmt>Hardtmühle</cmt>
		<desc>Hardtmühle</desc>
		<src>HessenForst</src>
	</wpt>
	<wpt lat="50.708923347412771" lon="9.6569881702639488">
		<name>FD-21</name>
		<cmt>Friedhof Großenmoor</cmt>
		<desc>Friedhof Großenmoor</desc>
		<src>HessenForst</src>
	</wpt>
	<wpt lat="51.129249006091655" lon="8.9168719479715932">
		<name>KB-406</name>
		<cmt>Kreuzung in Altenlotheim, Burgweg</cmt>
		<desc>Kreuzung in Altenlotheim, Burgweg</desc>
		<src>HessenForst</src>
	</wpt>
	<wpt lat="50.696663184176451" lon="9.7254770919543709">
		<name>FD-38</name>
		<cmt>Forstamt Burghaun</cmt>
		<desc>Forstamt Burghaun</desc>
		<src>HessenForst</src>
	</wpt>
	<wpt lat="50.677713190705568" lon="9.2821557028343484">
		<name>VB-158</name>
		<cmt>Brücke über die Schwalm</cmt>
		<desc>Brücke über die Schwalm</desc>
		<src>HessenForst</src>
	</wpt>
	<wpt lat="50.251909880477214" lon="8.9568328649397859">
		<name>MKK-905</name>
		<cmt>Einmündung Waldweg zur L 3347</cmt>
		<desc>Einmündung Waldweg zur L 3347</desc>
		<src>HessenForst</src>
	</wpt>
	<wpt lat="50.436337341786093" lon="8.2909415211135062">
		<name>LM-139</name>
		<cmt>Sportplatz</cmt>
		<desc>Sportplatz</desc>
		<src>HessenForst</src>
	</wpt>
	<wpt lat="50.75500729192327" lon="9.3425200872353784">
		<name>VB-201</name>
		<cmt>Autobahnbrücke Steinfirst</cmt>
		<desc>Autobahnbrücke Steinfirst</desc>
		<src>HessenForst</src>
	</wpt>
	<wpt lat="50.921349607781735" lon="9.2995315050632374">
		<name>HR-887</name>
		<cmt>Reitplatz Obergrenzebach</cmt>
		<desc>Reitplatz Obergrenzebach</desc>
		<src>HessenForst</src>
	</wpt>
	<wpt lat="50.669388317923854" lon="9.7046757844011751">
		<name>FD-40</name>
		<cmt>Mittelberg Abt. 58</cmt>
		<desc>Mittelberg Abt. 58</desc>
		<src>HessenForst</src>
	</wpt>
	<wpt lat="50.634496307606163" lon="8.1852690856685797">
		<name>LDK-226</name>
		<cmt>Marktplatz</cmt>
		<desc>Marktplatz</desc>
		<src>HessenForst</src>
	</wpt>
	<wpt lat="49.845707994360019" lon="8.7190493040805759">
		<name>DA-505</name>
		<cmt>Dippelshof</cmt>
		<desc>Dippelshof</desc>
		<src>HessenForst</src>
	</wpt>
	<wpt lat="49.68326405579753" lon="8.6747039193409545">
		<name>HP-330</name>
		<cmt>Forsthaus Gronau</cmt>
		<desc>Forsthaus Gronau</desc>
		<src>HessenForst</src>
	</wpt>
	<wpt lat="50.733728955833463" lon="8.4126797248399594">
		<name>LDK-340</name>
		<cmt>Herborner Straße am Bahnübergang</cmt>
		<desc>Herborner Straße am Bahnübergang</desc>
		<src>HessenForst</src>
	</wpt>
	<wpt lat="51.267222455034435" lon="9.0419390924611296">
		<name>KB-243</name>
		<cmt>Einfahrt Waldparkplatz</cmt>
		<desc>Einfahrt Waldparkplatz</desc>
		<src>HessenForst</src>
	</wpt>
	<wpt lat="50.913550677000686" lon="9.3226454868136255">
		<name>HR-889</name>
		<cmt>Abfahrt Daubenmühle</cmt>
		<desc>Abfahrt Daubenmühle</desc>
		<src>HessenForst</src>
	</wpt>
	<wpt lat="50.349873576822858" lon="9.1615945631439075">
		<name>FB-143</name>
		<cmt>Forsthaus</cmt>
		<desc>Forsthaus</desc>
		<src>HessenForst</src>
	</wpt>
	<wpt lat="50.198331201553067" lon="8.4360846444332029">
		<name>HG-40</name>
		<cmt>Naturfreundehaus Billtalhühe</cmt>
		<desc>Naturfreundehaus Billtalhühe</desc>
		<src>HessenForst</src>
	</wpt>
	<wpt lat="50.128428393428273" lon="8.1445262119451609">
		<name>RÜD-205</name>
		<cmt>P Lichtewald</cmt>
		<desc>P Lichtewald</desc>
		<src>HessenForst</src>
	</wpt>
	<wpt lat="51.585420705017711" lon="9.6563878237682825">
		<name>KS-32</name>
		<cmt>Ortsmitte Abzweig vor Feldmark</cmt>
		<desc>Ortsmitte Abzweig vor Feldmark</desc>
		<src>HessenForst</src>
	</wpt>
	<wpt lat="50.641646638856244" lon="9.3298746252198512">
		<name>VB-170</name>
		<cmt>Allmenrod Richtung Sickendorf</cmt>
		<desc>Allmenrod Richtung Sickendorf</desc>
		<src>HessenForst</src>
	</wpt>
	<wpt lat="50.402357530268063" lon="8.1933552276347879">
		<name>LM-358</name>
		<cmt>Friedenseiche</cmt>
		<desc>Friedenseiche</desc>
		<src>HessenForst</src>
	</wpt>
	<wpt lat="49.450736436023611" lon="8.9360490917252715">
		<name>HP-291</name>
		<cmt>Parkplatz a.d. B 37</cmt>
		<desc>Parkplatz a.d. B 37</desc>
		<src>HessenForst</src>
	</wpt>
	<wpt lat="49.788407461581329" lon="9.0642852493638326">
		<name>ERB-119</name>
		<cmt>Abzweig Tennisplatz/Grillplatz</cmt>
		<desc>Abzweig Tennisplatz/Grillplatz</desc>
		<src>HessenForst</src>
	</wpt>
	<wpt lat="50.574246181794479" lon="9.8937005408143328">
		<name>FD-228</name>
		<cmt>Waldrand Hohlstein</cmt>
		<desc>Waldrand Hohlstein</desc>
		<src>HessenForst</src>
	</wpt>
	<wpt lat="50.376528024132007" lon="9.5252488371709454">
		<name>MKK-67</name>
		<cmt>Distelrasen</cmt>
		<desc>Distelrasen</desc>
		<src>HessenForst</src>
	</wpt>
	<wpt lat="51.012166029495745" lon="9.1908200694978461">
		<name>HR-338</name>
		<cmt>Friedhof</cmt>
		<desc>Friedhof</desc>
		<src>HessenForst</src>
	</wpt>
	<wpt lat="50.333386998802553" lon="9.5764754002721695">
		<name>MKK-80</name>
		<cmt>Reisigwäldchen</cmt>
		<desc>Reisigwäldchen</desc>
		<src>HessenForst</src>
	</wpt>
	<wpt lat="51.085300169850271" lon="8.924825168676394">
		<name>KB-415</name>
		<cmt>Neue Mühle (Pauls Mühle)</cmt>
		<desc>Neue Mühle (Pauls Mühle)</desc>
		<src>HessenForst</src>
	</wpt>
	<wpt lat="50.387485546381406" lon="9.498986963845292">
		<name>MKK-65</name>
		<cmt>Knöschen</cmt>
		<desc>Knöschen</desc>
		<src>HessenForst</src>
	</wpt>
	<wpt lat="50.126711371535428" lon="8.3896363253947435">
		<name>MTK-13</name>
		<cmt>Hochbehälter Judenkopf, 410 m über NN</cmt>
		<desc>Hochbehälter Judenkopf, 410 m über NN</desc>
		<src>HessenForst</src>
	</wpt>
	<wpt lat="50.44498272123402" lon="8.1348053851650945">
		<name>LM-327</name>
		<cmt>Sportplatz Niedertiefenbach</cmt>
		<desc>Sportplatz Niedertiefenbach</desc>
		<src>HessenForst</src>
	</wpt>
	<wpt lat="49.948147260039079" lon="8.8946964571164013">
		<name>DA-326</name>
		<cmt>Parkplatz Hundeverein</cmt>
		<desc>Parkplatz Hundeverein</desc>
		<src>HessenForst</src>
	</wpt>
	<wpt lat="50.18305763228097" lon="8.4281986487990892">
		<name>MTK-36</name>
		<cmt>S-Kurve zwischen Ruppertshain / Königstein</cmt>
		<desc>S-Kurve zwischen Ruppertshain / Königstein</desc>
		<src>HessenForst</src>
	</wpt>
	<wpt lat="50.465577406264167" lon="9.620748658804871">
		<name>FD-514</name>
		<cmt>Forsthaus Kahlberg</cmt>
		<desc>Forsthaus Kahlberg</desc>
		<src>HessenForst</src>
	</wpt>
	<wpt lat="50.679753266952055" lon="9.1627261785316687">
		<name>VB-138</name>
		<cmt>"Hölzerne Hand"</cmt>
		<desc>"Hölzerne Hand"</desc>
		<src>HessenForst</src>
	</wpt>
	<wpt lat="50.846545851705443" lon="8.2750860986670585">
		<name>LDK-419</name>
		<cmt>Bushaltestelle an der Abzweigung zum Forsthaus Dietzhölze (Wendehammer) am Ortsgang Rittershausen Richtung Nephen</cmt>
		<desc>Bushaltestelle an der Abzweigung zum Forsthaus Dietzhölze (Wendehammer) am Ortsgang Rittershausen Richtung Nephen</desc>
		<src>HessenForst</src>
	</wpt>
	<wpt lat="50.218956366380191" lon="8.2340876123773441">
		<name>RÜD-260</name>
		<cmt>Ortsmitte Ampelanlage</cmt>
		<desc>Ortsmitte Ampelanlage</desc>
		<src>HessenForst</src>
	</wpt>
	<wpt lat="50.164063451355418" lon="8.9852678691368624">
		<name>MKK-506</name>
		<cmt>Parkplatz Schwimmbad</cmt>
		<desc>Parkplatz Schwimmbad</desc>
		<src>HessenForst</src>
	</wpt>
	<wpt lat="50.928595784724607" lon="8.4840627100314059">
		<name>MR-22</name>
		<cmt>N 62 / 253 Ortseingang Wallau von Biedenkopf her</cmt>
		<desc>N 62 / 253 Ortseingang Wallau von Biedenkopf her</desc>
		<src>HessenForst</src>
	</wpt>
	<wpt lat="50.700192762317734" lon="8.3407771652454663">
		<name>LDK-369</name>
		<cmt>Marburger Straße, Ampelanlage</cmt>
		<desc>Marburger Straße, Ampelanlage</desc>
		<src>HessenForst</src>
	</wpt>
	<wpt lat="51.057710667475746" lon="9.4687324245396365">
		<name>HR-825</name>
		<cmt>DGH Dickershausen</cmt>
		<desc>DGH Dickershausen</desc>
		<src>HessenForst</src>
	</wpt>
	<wpt lat="51.043192099591849" lon="9.4799306968061696">
		<name>HR-820</name>
		<cmt>Kirche Berndshausen</cmt>
		<desc>Kirche Berndshausen</desc>
		<src>HessenForst</src>
	</wpt>
	<wpt lat="51.138230128920057" lon="8.8857479470737726">
		<name>KB-266</name>
		<cmt>Einfahrt Waldweg Jeppergrund</cmt>
		<desc>Einfahrt Waldweg Jeppergrund</desc>
		<src>HessenForst</src>
	</wpt>
	<wpt lat="50.454007623962909" lon="9.716445486905485">
		<name>FD-268</name>
		<cmt>Kimme</cmt>
		<desc>Kimme</desc>
		<src>HessenForst</src>
	</wpt>
	<wpt lat="50.643198548644882" lon="8.137363669269547">
		<name>LDK-220</name>
		<cmt>"Koblenzer Straße" Abzweig "Zum Höllberg"</cmt>
		<desc>"Koblenzer Straße" Abzweig "Zum Höllberg"</desc>
		<src>HessenForst</src>
	</wpt>
	<wpt lat="50.665499384391083" lon="9.1461891625940925">
		<name>VB-73</name>
		<cmt>Ermenr.-Romrod P Vulkan</cmt>
		<desc>Ermenr.-Romrod P Vulkan</desc>
		<src>HessenForst</src>
	</wpt>
	<wpt lat="49.910540743578203" lon="8.7981164358810187">
		<name>DA-36</name>
		<cmt>Gerätehalle der Stadt Dieburg</cmt>
		<desc>Gerätehalle der Stadt Dieburg</desc>
		<src>HessenForst</src>
	</wpt>
	<wpt lat="49.572952483408955" lon="8.8087354741274471">
		<name>HP-421</name>
		<cmt>Wald-Michelbach, Parkpl. "Kohlhof"</cmt>
		<desc>Wald-Michelbach, Parkpl. "Kohlhof"</desc>
		<src>HessenForst</src>
	</wpt>
	<wpt lat="50.70475728431834" lon="9.446583953192226">
		<name>VB-185</name>
		<cmt>Forellenhof</cmt>
		<desc>Forellenhof</desc>
		<src>HessenForst</src>
	</wpt>
	<wpt lat="50.657389505074512" lon="8.8485731937483365">
		<name>GI-249</name>
		<cmt>Ringstraße</cmt>
		<desc>Ringstraße</desc>
		<src>HessenForst</src>
	</wpt>
	<wpt lat="50.428767469410026" lon="8.3957448020778074">
		<name>LM-214</name>
		<cmt>K 426 Spitzkehre Waldeingang (Eselsweg)</cmt>
		<desc>K 426 Spitzkehre Waldeingang (Eselsweg)</desc>
		<src>HessenForst</src>
	</wpt>
	<wpt lat="50.779136100065244" lon="9.3476811299664355">
		<name>VB-210</name>
		<cmt>Biegenmühle Waldeingang links</cmt>
		<desc>Biegenmühle Waldeingang links</desc>
		<src>HessenForst</src>
	</wpt>
	<wpt lat="51.282544004098163" lon="8.7093518867514632">
		<name>KB-158</name>
		<cmt>Gasthof "Ohlenbeck"</cmt>
		<desc>Gasthof "Ohlenbeck"</desc>
		<src>HessenForst</src>
	</wpt>
	<wpt lat="51.132018078270569" lon="9.1760875869613532">
		<name>KB-631</name>
		<cmt>Wega - Ortsmitte Abzweig Anraff</cmt>
		<desc>Wega - Ortsmitte Abzweig Anraff</desc>
		<src>HessenForst</src>
	</wpt>
	<wpt lat="50.457852990177116" lon="9.5435482092581534">
		<name>FD-538</name>
		<cmt>Kemmete</cmt>
		<desc>Kemmete</desc>
		<src>HessenForst</src>
	</wpt>
	<wpt lat="49.890613610498306" lon="8.6354510537074702">
		<name>DA-64</name>
		<cmt>Darmstadt               Otto - Röhm Straße</cmt>
		<desc>Darmstadt               Otto - Röhm Straße</desc>
		<src>HessenForst</src>
	</wpt>
	<wpt lat="49.707736534613375" lon="8.6463894021570535">
		<name>HP-316</name>
		<cmt>Marmorit-Werk Hochstädten</cmt>
		<desc>Marmorit-Werk Hochstädten</desc>
		<src>HessenForst</src>
	</wpt>
	<wpt lat="50.987288257001573" lon="9.2190687388360164">
		<name>HR-347</name>
		<cmt>BW-Depot</cmt>
		<desc>BW-Depot</desc>
		<src>HessenForst</src>
	</wpt>
	<wpt lat="50.980533476471422" lon="9.5207748994035502">
		<name>HR-812</name>
		<cmt>Einmündung "Alte Straße"</cmt>
		<desc>Einmündung "Alte Straße"</desc>
		<src>HessenForst</src>
	</wpt>
	<wpt lat="51.192868710627621" lon="9.8510763937872934">
		<name>ESW-241</name>
		<cmt>Seesteine</cmt>
		<desc>Seesteine</desc>
		<src>HessenForst</src>
	</wpt>
	<wpt lat="49.542352128701417" lon="8.8683563671371584">
		<name>HP-412</name>
		<cmt>Oberschönmattenwag, Grillhütte Dürr-Ellenbachtal</cmt>
		<desc>Oberschönmattenwag, Grillhütte Dürr-Ellenbachtal</desc>
		<src>HessenForst</src>
	</wpt>
	<wpt lat="50.465870593650905" lon="9.9038291900837763">
		<name>FD-603</name>
		<cmt>PW  Waldthsn. - Gasthof Erlengrund</cmt>
		<desc>PW  Waldthsn. - Gasthof Erlengrund</desc>
		<src>HessenForst</src>
	</wpt>
	<wpt lat="50.515773993790297" lon="8.3798347054093085">
		<name>LDK-12</name>
		<cmt>Braunfels &amp;gt; Tiefenbach, Parkplatz Entenweiher Ortsausg. Braunfels</cmt>
		<desc>Braunfels &amp;gt; Tiefenbach, Parkplatz Entenweiher Ortsausg. Braunfels</desc>
		<src>HessenForst</src>
	</wpt>
	<wpt lat="50.386805267475239" lon="9.3451806926306116">
		<name>MKK-24</name>
		<cmt>Alberts</cmt>
		<desc>Alberts</desc>
		<src>HessenForst</src>
	</wpt>
	<wpt lat="51.229596746471863" lon="9.6997541427104554">
		<name>ESW-2</name>
		<cmt>Helsaer Tor</cmt>
		<desc>Helsaer Tor</desc>
		<src>HessenForst</src>
	</wpt>
	<wpt lat="50.728060580809071" lon="8.2255536765852284">
		<name>LDK-370</name>
		<cmt>K 40 - Einmündung "Alte Rheinstraße" (nördl. Abtl. 424 A)</cmt>
		<desc>K 40 - Einmündung "Alte Rheinstraße" (nördl. Abtl. 424 A)</desc>
		<src>HessenForst</src>
	</wpt>
	<wpt lat="50.459324958737923" lon="8.520714350643857">
		<name>LDK-384</name>
		<cmt>L 3050 Rasenplatz unterhalb des Wochenendgebietes</cmt>
		<desc>L 3050 Rasenplatz unterhalb des Wochenendgebietes</desc>
		<src>HessenForst</src>
	</wpt>
	<wpt lat="50.653280631837752" lon="8.1953945180641021">
		<name>LDK-234</name>
		<cmt>B 255 Roth &amp;gt; Driedorf am Abzweig am Waldbeginn linke Seite</cmt>
		<desc>B 255 Roth &amp;gt; Driedorf am Abzweig am Waldbeginn linke Seite</desc>
		<src>HessenForst</src>
	</wpt>
	<wpt lat="50.246705419737047" lon="8.9204483388054729">
		<name>MKK-903</name>
		<cmt>Waldparkplatz</cmt>
		<desc>Waldparkplatz</desc>
		<src>HessenForst</src>
	</wpt>
	<wpt lat="50.734954173294632" lon="8.7952908738208944">
		<name>MR-322</name>
		<cmt>Sportplatz Ebsdorf</cmt>
		<desc>Sportplatz Ebsdorf</desc>
		<src>HessenForst</src>
	</wpt>
	<wpt lat="50.751747502220177" lon="8.6835221418702684">
		<name>MR-434</name>
		<cmt>Straße Oberweimar Richtung Kehna (K 56) Feldscheune vor Wald rechts</cmt>
		<desc>Straße Oberweimar Richtung Kehna (K 56) Feldscheune vor Wald rechts</desc>
		<src>HessenForst</src>
	</wpt>
	<wpt lat="50.27983387668629" lon="8.4550522191341333">
		<name>HG-61</name>
		<cmt>Dorfweiler Kriegerdenkmal</cmt>
		<desc>Dorfweiler Kriegerdenkmal</desc>
		<src>HessenForst</src>
	</wpt>
	<wpt lat="50.430382456719684" lon="8.3376209024125085">
		<name>LM-209</name>
		<cmt>Aussiedlerhof "Birkenhof" (Habacher Höfe)</cmt>
		<desc>Aussiedlerhof "Birkenhof" (Habacher Höfe)</desc>
		<src>HessenForst</src>
	</wpt>
	<wpt lat="49.969983463698384" lon="8.4632968639877717">
		<name>GG-45</name>
		<cmt>Kreuzung Elsa-Brandström Allee/Hübel Schneise; Parkpl. Behindertenw.</cmt>
		<desc>Kreuzung Elsa-Brandström Allee/Hübel Schneise; Parkpl. Behindertenw.</desc>
		<src>HessenForst</src>
	</wpt>
	<wpt lat="51.196113423512053" lon="8.9277218318835612">
		<name>KB-238</name>
		<cmt>Stumpfkreuz, oberhalb Reithalle Vöhl</cmt>
		<desc>Stumpfkreuz, oberhalb Reithalle Vöhl</desc>
		<src>HessenForst</src>
	</wpt>
	<wpt lat="50.993652685667072" lon="9.3072011653404605">
		<name>HR-875</name>
		<cmt>"Sitzgruppe" am Waldrand</cmt>
		<desc>"Sitzgruppe" am Waldrand</desc>
		<src>HessenForst</src>
	</wpt>
	<wpt lat="49.558614920409447" lon="8.7182300715289944">
		<name>HP-225</name>
		<cmt>Birkenau; Waldparkplatz</cmt>
		<desc>Birkenau; Waldparkplatz</desc>
		<src>HessenForst</src>
	</wpt>
	<wpt lat="50.101383844633965" lon="8.1604071764089579">
		<name>WI-61</name>
		<cmt>Forstamt Chauseehaus</cmt>
		<desc>Forstamt Chauseehaus</desc>
		<src>HessenForst</src>
	</wpt>
	<wpt lat="50.7373452286568" lon="9.0920674352962223">
		<name>VB-113</name>
		<cmt>Ehringshausen Ri. Kirtorf, Abfahrt Erbenhausen</cmt>
		<desc>Ehringshausen Ri. Kirtorf, Abfahrt Erbenhausen</desc>
		<src>HessenForst</src>
	</wpt>
	<wpt lat="51.212856978556069" lon="10.017430273713988">
		<name>ESW-310</name>
		<cmt>Ortsmitte, Abzweig       L 3403 / K 3</cmt>
		<desc>Ortsmitte, Abzweig       L 3403 / K 3</desc>
		<src>HessenForst</src>
	</wpt>
	<wpt lat="50.286071651874082" lon="9.0736031623627795">
		<name>FB-111</name>
		<cmt>Ortsausgang Orleshausen</cmt>
		<desc>Ortsausgang Orleshausen</desc>
		<src>HessenForst</src>
	</wpt>
	<wpt lat="49.910452513094974" lon="8.7678532172865982">
		<name>DA-26</name>
		<cmt>Parkplatz Zufahrt OHI Steinbruch</cmt>
		<desc>Parkplatz Zufahrt OHI Steinbruch</desc>
		<src>HessenForst</src>
	</wpt>
	<wpt lat="50.898754767872887" lon="9.3596285210692152">
		<name>HR-901</name>
		<cmt>Zufahrt Klaushof</cmt>
		<desc>Zufahrt Klaushof</desc>
		<src>HessenForst</src>
	</wpt>
	<wpt lat="50.653991011190797" lon="9.7853527622317777">
		<name>FD-57</name>
		<cmt>Nüstbrücke Mackenzell</cmt>
		<desc>Nüstbrücke Mackenzell</desc>
		<src>HessenForst</src>
	</wpt>
	<wpt lat="51.035396329536269" lon="9.465338943049078">
		<name>HR-821</name>
		<cmt>Neubaugebiet Welferode</cmt>
		<desc>Neubaugebiet Welferode</desc>
		<src>HessenForst</src>
	</wpt>
	<wpt lat="51.061988814868037" lon="9.1649679398337831">
		<name>HR-40</name>
		<cmt>Waldeinfahrt Parkplatz Hardtwaldklinik</cmt>
		<desc>Waldeinfahrt Parkplatz Hardtwaldklinik</desc>
		<src>HessenForst</src>
	</wpt>
	<wpt lat="50.994421987846884" lon="9.1415584558873277">
		<name>HR-333</name>
		<cmt>Forstamt</cmt>
		<desc>Forstamt</desc>
		<src>HessenForst</src>
	</wpt>
	<wpt lat="50.071567012347153" lon="8.7640969273098701">
		<name>OF-205</name>
		<cmt>Einfahrt "Heusenstammer Schneise" Ost</cmt>
		<desc>Einfahrt "Heusenstammer Schneise" Ost</desc>
		<src>HessenForst</src>
	</wpt>
	<wpt lat="50.620941145573553" lon="9.5143983687683988">
		<name>FD-559</name>
		<cmt>Bad Salzschlirf</cmt>
		<desc>Bad Salzschlirf</desc>
		<src>HessenForst</src>
	</wpt>
	<wpt lat="50.606094953140257" lon="9.699335986870798">
		<name>FD-506</name>
		<cmt>Hirschecke</cmt>
		<desc>Hirschecke</desc>
		<src>HessenForst</src>
	</wpt>
	<wpt lat="50.930950475317978" lon="9.180696076656865">
		<name>HR-425</name>
		<cmt>Sportplatz Rommershausen</cmt>
		<desc>Sportplatz Rommershausen</desc>
		<src>HessenForst</src>
	</wpt>
	<wpt lat="50.729273905637235" lon="9.7676044949714864">
		<name>FD-32</name>
		<cmt>Abzweig Steinbach bei Betzenrod</cmt>
		<desc>Abzweig Steinbach bei Betzenrod</desc>
		<src>HessenForst</src>
	</wpt>
	<wpt lat="49.770074249219462" lon="8.9741307906410359">
		<name>ERB-136</name>
		<cmt>1. Weg rechts K 85 nach Forstel</cmt>
		<desc>1. Weg rechts K 85 nach Forstel</desc>
		<src>HessenForst</src>
	</wpt>
	<wpt lat="50.139715066785953" lon="9.0400894537120955">
		<name>MKK-205</name>
		<cmt>Waldparkplatz Lochseif</cmt>
		<desc>Waldparkplatz Lochseif</desc>
		<src>HessenForst</src>
	</wpt>
	<wpt lat="50.984246770715082" lon="9.4141328153999346">
		<name>HR-837</name>
		<cmt>"Glessenstein" am Waldrand</cmt>
		<desc>"Glessenstein" am Waldrand</desc>
		<src>HessenForst</src>
	</wpt>
	<wpt lat="50.666493154480378" lon="10.017784652134802">
		<name>FD-702</name>
		<cmt>PW  Tann -  Schwarze Pfütze</cmt>
		<desc>PW  Tann -  Schwarze Pfütze</desc>
		<src>HessenForst</src>
	</wpt>
	<wpt lat="50.031064107708112" lon="7.8237610071892805">
		<name>RÜD-313</name>
		<cmt>Bahnübergang Bächergrund</cmt>
		<desc>Bahnübergang Bächergrund</desc>
		<src>HessenForst</src>
	</wpt>
	<wpt lat="50.147034014032187" lon="8.1875050313825906">
		<name>RÜD-215</name>
		<cmt>Bettelsmann Baum</cmt>
		<desc>Bettelsmann Baum</desc>
		<src>HessenForst</src>
	</wpt>
	<wpt lat="51.350876916279162" lon="9.8595135473503515">
		<name>ESW-143</name>
		<cmt>Polizeistation Witzenhausen Sudenerstr. 15</cmt>
		<desc>Polizeistation Witzenhausen Sudenerstr. 15</desc>
		<src>HessenForst</src>
	</wpt>
	<wpt lat="49.893592752214161" lon="8.5653925676625065">
		<name>DA-65</name>
		<cmt>JVA Weiterstadt</cmt>
		<desc>JVA Weiterstadt</desc>
		<src>HessenForst</src>
	</wpt>
	<wpt lat="50.371332047381081" lon="9.5841952708649156">
		<name>MKK-75</name>
		<cmt>Zementwerk</cmt>
		<desc>Zementwerk</desc>
		<src>HessenForst</src>
	</wpt>
	<wpt lat="50.390356462699444" lon="8.3280404813707118">
		<name>LM-224</name>
		<cmt>"Heidenreiche Kreuzung" L 3054 / L 3063</cmt>
		<desc>"Heidenreiche Kreuzung" L 3054 / L 3063</desc>
		<src>HessenForst</src>
	</wpt>
	<wpt lat="50.648472084943272" lon="8.7785254682133775">
		<name>GI-236</name>
		<cmt>Ohnewäldchen</cmt>
		<desc>Ohnewäldchen</desc>
		<src>HessenForst</src>
	</wpt>
	<wpt lat="50.975553827329719" lon="8.8046645431862007">
		<name>KB-848</name>
		<cmt>Rosenthaler Kreuz</cmt>
		<desc>Rosenthaler Kreuz</desc>
		<src>HessenForst</src>
	</wpt>
	<wpt lat="51.003632202486067" lon="8.8606185267296418">
		<name>KB-831</name>
		<cmt>Rfö. Rosenthal</cmt>
		<desc>Rfö. Rosenthal</desc>
		<src>HessenForst</src>
	</wpt>
	<wpt lat="50.519305677500334" lon="8.0567569123696483">
		<name>LM-346</name>
		<cmt>Neue Zufahrt &amp;gt; Tongrube</cmt>
		<desc>Neue Zufahrt &amp;gt; Tongrube</desc>
		<src>HessenForst</src>
	</wpt>
	<wpt lat="50.34857449720932" lon="9.5816384504201562">
		<name>MKK-79</name>
		<cmt>Gerlingsberg</cmt>
		<desc>Gerlingsberg</desc>
		<src>HessenForst</src>
	</wpt>
	<wpt lat="50.766039488420667" lon="8.7673518930821306">
		<name>MR-432</name>
		<cmt>PP am Ortsausgang Cappel an der Straße zum Frauenberg  K 41</cmt>
		<desc>PP am Ortsausgang Cappel an der Straße zum Frauenberg  K 41</desc>
		<src>HessenForst</src>
	</wpt>
	<wpt lat="50.883286419882673" lon="8.825870922376426">
		<name>MR-112</name>
		<cmt>Große Feldscheune</cmt>
		<desc>Große Feldscheune</desc>
		<src>HessenForst</src>
	</wpt>
	<wpt lat="50.590212598795979" lon="9.7130073686899188">
		<name>FD-507</name>
		<cmt>Parkplatz Geißhecke</cmt>
		<desc>Parkplatz Geißhecke</desc>
		<src>HessenForst</src>
	</wpt>
	<wpt lat="49.917529920876611" lon="8.8351869288195335">
		<name>DA-38</name>
		<cmt>Parkplatz Schützenhaus</cmt>
		<desc>Parkplatz Schützenhaus</desc>
		<src>HessenForst</src>
	</wpt>
	<wpt lat="51.11955954157839" lon="10.124590872450865">
		<name>ESW-431</name>
		<cmt>Parkplatz vor Aussiedlerhof</cmt>
		<desc>Parkplatz vor Aussiedlerhof</desc>
		<src>HessenForst</src>
	</wpt>
	<wpt lat="50.503207325349699" lon="8.0884913067612647">
		<name>LM-341</name>
		<cmt>Ellar &amp;gt; Hangenmeilingen, Abzweig links &amp;gt; "Holzweg"</cmt>
		<desc>Ellar &amp;gt; Hangenmeilingen, Abzweig links &amp;gt; "Holzweg"</desc>
		<src>HessenForst</src>
	</wpt>
	<wpt lat="49.86590499132349" lon="8.6059558690376434">
		<name>DA-73</name>
		<cmt>Darmstadt Kellerweg</cmt>
		<desc>Darmstadt Kellerweg</desc>
		<src>HessenForst</src>
	</wpt>
	<wpt lat="51.027677807241403" lon="8.779542338433993">
		<name>KB-562</name>
		<cmt>Abzweig an der K 117 hinter Kaserne gegenüber Abzweig nach Bottendorf</cmt>
		<desc>Abzweig an der K 117 hinter Kaserne gegenüber Abzweig nach Bottendorf</desc>
		<src>HessenForst</src>
	</wpt>
	<wpt lat="50.633778190840111" lon="8.2184301175490422">
		<name>LDK-231</name>
		<cmt>Waldbeginn 2km östlich vom Friedhof Driedorf</cmt>
		<desc>Waldbeginn 2km östlich vom Friedhof Driedorf</desc>
		<src>HessenForst</src>
	</wpt>
	<wpt lat="50.51934463655666" lon="8.1530201684721586">
		<name>LM-337</name>
		<cmt>Einfahrt "Füllburg"</cmt>
		<desc>Einfahrt "Füllburg"</desc>
		<src>HessenForst</src>
	</wpt>
	<wpt lat="51.091827720214894" lon="10.024277659254215">
		<name>ESW-425</name>
		<cmt>Schickeberg</cmt>
		<desc>Schickeberg</desc>
		<src>HessenForst</src>
	</wpt>
	<wpt lat="50.292681951016057" lon="8.8827436441458989">
		<name>FB-45</name>
		<cmt>Waldweg bis "Hessenwaldhütte"</cmt>
		<desc>Waldweg bis "Hessenwaldhütte"</desc>
		<src>HessenForst</src>
	</wpt>
	<wpt lat="51.221910290287362" lon="10.084420215919609">
		<name>ESW-312</name>
		<cmt>Parkplatz Braunrod</cmt>
		<desc>Parkplatz Braunrod</desc>
		<src>HessenForst</src>
	</wpt>
	<wpt lat="50.107291959568961" lon="8.2007823334845948">
		<name>WI-62</name>
		<cmt>Ampelkreuzung Holzhackerhäuschen</cmt>
		<desc>Ampelkreuzung Holzhackerhäuschen</desc>
		<src>HessenForst</src>
	</wpt>
	<wpt lat="51.176308995142776" lon="10.114350801914245">
		<name>ESW-326</name>
		<cmt>Abzweig Feldweg</cmt>
		<desc>Abzweig Feldweg</desc>
		<src>HessenForst</src>
	</wpt>
	<wpt lat="50.294754119164303" lon="8.2381229279633903">
		<name>LM-252</name>
		<cmt>Park &amp; Ride Platz BAB-Anschluß Camberg</cmt>
		<desc>Park &amp; Ride Platz BAB-Anschluß Camberg</desc>
		<src>HessenForst</src>
	</wpt>
	<wpt lat="49.959287424263856" lon="8.9842940423113795">
		<name>DA-322</name>
		<cmt>B 26 Waldparkplatz gegenüber Zufahrt Kiesgrube Schumann</cmt>
		<desc>B 26 Waldparkplatz gegenüber Zufahrt Kiesgrube Schumann</desc>
		<src>HessenForst</src>
	</wpt>
	<wpt lat="51.178041288450885" lon="10.096312447306442">
		<name>ESW-327</name>
		<cmt>Ortsmitte Feuerwehrhaus</cmt>
		<desc>Ortsmitte Feuerwehrhaus</desc>
		<src>HessenForst</src>
	</wpt>
	<wpt lat="50.409664605960209" lon="8.3899852316563486">
		<name>LM-219</name>
		<cmt>Weihbrücke Audenschmiede</cmt>
		<desc>Weihbrücke Audenschmiede</desc>
		<src>HessenForst</src>
	</wpt>
	<wpt lat="50.844525923578793" lon="8.3676566275537549">
		<name>LDK-421</name>
		<cmt>Rother Straße Ecke Lindenstraße (Am Brunnen)</cmt>
		<desc>Rother Straße Ecke Lindenstraße (Am Brunnen)</desc>
		<src>HessenForst</src>
	</wpt>
	<wpt lat="49.622926584611548" lon="8.4941124283221718">
		<name>HP-110</name>
		<cmt>Wasserwerk Bürstadt</cmt>
		<desc>Wasserwerk Bürstadt</desc>
		<src>HessenForst</src>
	</wpt>
	<wpt lat="50.974557644849831" lon="8.612366000750999">
		<name>KB-737</name>
		<cmt>Abzweigung Fronhausen</cmt>
		<desc>Abzweigung Fronhausen</desc>
		<src>HessenForst</src>
	</wpt>
	<wpt lat="50.263195356693608" lon="8.419317621630471">
		<name>HG-57</name>
		<cmt>Parkplatz Tuttmannswald</cmt>
		<desc>Parkplatz Tuttmannswald</desc>
		<src>HessenForst</src>
	</wpt>
	<wpt lat="49.844514840032708" lon="8.6134408291483986">
		<name>DA-76</name>
		<cmt>Darmstadt Parkplatz Eberstädter Hausschneise</cmt>
		<desc>Darmstadt Parkplatz Eberstädter Hausschneise</desc>
		<src>HessenForst</src>
	</wpt>
	<wpt lat="50.646622799217347" lon="8.8951131695317187">
		<name>GI-103</name>
		<cmt>Kirche Geilshausen Dorfmitte</cmt>
		<desc>Kirche Geilshausen Dorfmitte</desc>
		<src>HessenForst</src>
	</wpt>
	<wpt lat="50.285997795759478" lon="8.2969335251711591">
		<name>LM-249</name>
		<cmt>Alsdorfer Weg (-Hof) Waldeingang</cmt>
		<desc>Alsdorfer Weg (-Hof) Waldeingang</desc>
		<src>HessenForst</src>
	</wpt>
	<wpt lat="50.718444908090852" lon="9.3921494618574002">
		<name>VB-193</name>
		<cmt>Schwarz</cmt>
		<desc>Schwarz</desc>
		<src>HessenForst</src>
	</wpt>
	<wpt lat="51.242003312594683" lon="9.8776369854753305">
		<name>ESW-231</name>
		<cmt>Abzweig Bransrode</cmt>
		<desc>Abzweig Bransrode</desc>
		<src>HessenForst</src>
	</wpt>
	<wpt lat="50.851446978785184" lon="9.1216152876161782">
		<name>MR-228</name>
		<cmt>Neustadt Bahnhof</cmt>
		<desc>Neustadt Bahnhof</desc>
		<src>HessenForst</src>
	</wpt>
	<wpt lat="50.554225092255969" lon="8.4037128058463839">
		<name>LDK-41</name>
		<cmt>Bushaltestelle Niederbiel</cmt>
		<desc>Bushaltestelle Niederbiel</desc>
		<src>HessenForst</src>
	</wpt>
	<wpt lat="51.310209575497467" lon="9.924410160419276">
		<name>ESW-201</name>
		<cmt>Oberrieden gegenüber Kirche</cmt>
		<desc>Oberrieden gegenüber Kirche</desc>
		<src>HessenForst</src>
	</wpt>
	<wpt lat="49.81821066539851" lon="9.0058709260615046">
		<name>ERB-104</name>
		<cmt>See oberhalb Sportplatz</cmt>
		<desc>See oberhalb Sportplatz</desc>
		<src>HessenForst</src>
	</wpt>
	<wpt lat="50.186569127242549" lon="8.0648584270047134">
		<name>RÜD-163</name>
		<cmt>Abzweig Oberdorf</cmt>
		<desc>Abzweig Oberdorf</desc>
		<src>HessenForst</src>
	</wpt>
	<wpt lat="49.556670861328136" lon="8.8813405684505646">
		<name>HP-413</name>
		<cmt>Raubach, Parkplatz "Faltersruhe"</cmt>
		<desc>Raubach, Parkplatz "Faltersruhe"</desc>
		<src>HessenForst</src>
	</wpt>
	<wpt lat="50.465024525485561" lon="8.148418033626827">
		<name>LM-334</name>
		<cmt>Waldbeginn hinter Tongrube Obertiefenbach</cmt>
		<desc>Waldbeginn hinter Tongrube Obertiefenbach</desc>
		<src>HessenForst</src>
	</wpt>
	<wpt lat="51.035283033413279" lon="9.5743053243392868">
		<name>HR-802</name>
		<cmt>ICE-Heidelbachbrücke</cmt>
		<desc>ICE-Heidelbachbrücke</desc>
		<src>HessenForst</src>
	</wpt>
	<wpt lat="49.990763133318836" lon="8.4760883594316834">
		<name>GG-38</name>
		<cmt>Abzw. B 486/Pechhütten Schneise; Forsthaus Rfö. Haßloch</cmt>
		<desc>Abzw. B 486/Pechhütten Schneise; Forsthaus Rfö. Haßloch</desc>
		<src>HessenForst</src>
	</wpt>
	<wpt lat="49.608489984636989" lon="8.9764304244696937">
		<name>ERB-240</name>
		<cmt>Marbach, Parkplatz Marbachstausee am Betriebsgebäude</cmt>
		<desc>Marbach, Parkplatz Marbachstausee am Betriebsgebäude</desc>
		<src>HessenForst</src>
	</wpt>
	<wpt lat="50.504383777160534" lon="9.6274752124437804">
		<name>FD-510</name>
		<cmt>Nonnenrod</cmt>
		<desc>Nonnenrod</desc>
		<src>HessenForst</src>
	</wpt>
	<wpt lat="50.542051242298847" lon="9.5800510188506003">
		<name>FD-571</name>
		<cmt>Vemelsruh - Casablanca</cmt>
		<desc>Vemelsruh - Casablanca</desc>
		<src>HessenForst</src>
	</wpt>
	<wpt lat="49.78027981650807" lon="9.1137829650564584">
		<name>ERB-122</name>
		<cmt>Ortsausg.  Seckmauern - Richtung Haingrund</cmt>
		<desc>Ortsausg.  Seckmauern - Richtung Haingrund</desc>
		<src>HessenForst</src>
	</wpt>
	<wpt lat="50.58777307352387" lon="9.8458376750759431">
		<name>FD-229</name>
		<cmt>Georgshöhe Hofbieber</cmt>
		<desc>Georgshöhe Hofbieber</desc>
		<src>HessenForst</src>
	</wpt>
	<wpt lat="50.513658129384126" lon="9.5232446652305267">
		<name>FD-554</name>
		<cmt>Zwickmühle</cmt>
		<desc>Zwickmühle</desc>
		<src>HessenForst</src>
	</wpt>
	<wpt lat="50.357200166170877" lon="9.6568623401276259">
		<name>MKK-89</name>
		<cmt>Waldrand Gundhelm</cmt>
		<desc>Waldrand Gundhelm</desc>
		<src>HessenForst</src>
	</wpt>
	<wpt lat="49.905335078090943" lon="8.7718698936470858">
		<name>DA-37</name>
		<cmt>Funkturm auf der Moret</cmt>
		<desc>Funkturm auf der Moret</desc>
		<src>HessenForst</src>
	</wpt>
	<wpt lat="50.176879166932991" lon="9.1564493903104758">
		<name>MKK-223</name>
		<cmt>Waldfriedhof Gelnhausen-Hailer</cmt>
		<desc>Waldfriedhof Gelnhausen-Hailer</desc>
		<src>HessenForst</src>
	</wpt>
	<wpt lat="50.401103568665775" lon="8.386825375335361">
		<name>LM-223</name>
		<cmt>Ortseingang Langenbach</cmt>
		<desc>Ortseingang Langenbach</desc>
		<src>HessenForst</src>
	</wpt>
	<wpt lat="50.438171870344185" lon="8.403495055168877">
		<name>LM-211</name>
		<cmt>Forstwegekreuzung B 456, "Mittlere Mött"</cmt>
		<desc>Forstwegekreuzung B 456, "Mittlere Mött"</desc>
		<src>HessenForst</src>
	</wpt>
	<wpt lat="49.690651087038439" lon="8.6632618548790035">
		<name>HP-328</name>
		<cmt>Schönberger Kreuz Wilmshausen</cmt>
		<desc>Schönberger Kreuz Wilmshausen</desc>
		<src>HessenForst</src>
	</wpt>
	<wpt lat="50.456362892280183" lon="8.1327932061501862">
		<name>LM-326</name>
		<cmt>Grundschule Beselich-Obertiefenbach</cmt>
		<desc>Grundschule Beselich-Obertiefenbach</desc>
		<src>HessenForst</src>
	</wpt>
	<wpt lat="49.747379743774019" lon="8.7397232322240157">
		<name>DA-708</name>
		<cmt>Brandau Grillplatz Johannesberg</cmt>
		<desc>Brandau Grillplatz Johannesberg</desc>
		<src>HessenForst</src>
	</wpt>
	<wpt lat="49.777415340259417" lon="8.6284648312355987">
		<name>DA-301</name>
		<cmt>B 3</cmt>
		<desc>B 3</desc>
		<src>HessenForst</src>
	</wpt>
	<wpt lat="50.500170290302471" lon="9.9488617862938948">
		<name>FD-333</name>
		<cmt>Parkplatz Wasserkuppe</cmt>
		<desc>Parkplatz Wasserkuppe</desc>
		<src>HessenForst</src>
	</wpt>
	<wpt lat="51.025631421268677" lon="8.5688744507409371">
		<name>KB-718</name>
		<cmt>Campingplatz Hobe</cmt>
		<desc>Campingplatz Hobe</desc>
		<src>HessenForst</src>
	</wpt>
	<wpt lat="50.197481028345209" lon="9.0286017629865096">
		<name>MKK-118</name>
		<cmt>Waldweg - Zufahrt Bruderdiebacher Hof</cmt>
		<desc>Waldweg - Zufahrt Bruderdiebacher Hof</desc>
		<src>HessenForst</src>
	</wpt>
	<wpt lat="50.702867342308743" lon="8.3103444657367707">
		<name>LDK-367</name>
		<cmt>Junostraße, Parkplatz Fa. Juno</cmt>
		<desc>Junostraße, Parkplatz Fa. Juno</desc>
		<src>HessenForst</src>
	</wpt>
	<wpt lat="50.366039147398396" lon="9.5181443685300895">
		<name>MKK-71</name>
		<cmt>Am Tunnel</cmt>
		<desc>Am Tunnel</desc>
		<src>HessenForst</src>
	</wpt>
	<wpt lat="50.604298041375024" lon="8.5048663308647416">
		<name>LDK-161</name>
		<cmt>Hermannstein&amp;gt;Blasbach Abzweigung Anschluß-stelle BAB Einfahrt Steinbruch / Tunnel</cmt>
		<desc>Hermannstein&amp;gt;Blasbach Abzweigung Anschluß-stelle BAB Einfahrt Steinbruch / Tunnel</desc>
		<src>HessenForst</src>
	</wpt>
	<wpt lat="50.289236709537015" lon="9.4582880591579563">
		<name>MKK-14</name>
		<cmt>Seidenroth</cmt>
		<desc>Seidenroth</desc>
		<src>HessenForst</src>
	</wpt>
	<wpt lat="49.718134776657742" lon="9.0742845453483341">
		<name>ERB-129</name>
		<cmt>Parkplatz Friedhof</cmt>
		<desc>Parkplatz Friedhof</desc>
		<src>HessenForst</src>
	</wpt>
	<wpt lat="51.04685220965073" lon="9.067599182521688">
		<name>KB-629</name>
		<cmt>Cafe Forsthaus</cmt>
		<desc>Cafe Forsthaus</desc>
		<src>HessenForst</src>
	</wpt>
	<wpt lat="51.428786300327097" lon="9.5396367066959513">
		<name>KS-210</name>
		<cmt>Busparkplatz Orts-ausgang Holzhausen</cmt>
		<desc>Busparkplatz Orts-ausgang Holzhausen</desc>
		<src>HessenForst</src>
	</wpt>
	<wpt lat="49.599744779354779" lon="8.5626586783636309">
		<name>HP-125</name>
		<cmt>Forstamt Lampertheim (Neuer Punkt)</cmt>
		<desc>Forstamt Lampertheim (Neuer Punkt)</desc>
		<src>HessenForst</src>
	</wpt>
	<wpt lat="51.229069915497377" lon="8.7435590073240519">
		<name>KB-213</name>
		<cmt>Cafe Tannenhof / Reiterhof</cmt>
		<desc>Cafe Tannenhof / Reiterhof</desc>
		<src>HessenForst</src>
	</wpt>
	<wpt lat="51.056433746201826" lon="9.4366301873099552">
		<name>HR-827</name>
		<cmt>Parkplatz Sauerburg</cmt>
		<desc>Parkplatz Sauerburg</desc>
		<src>HessenForst</src>
	</wpt>
	<wpt lat="50.107892182488257" lon="8.6974939547003292">
		<name>RP143</name>
		<cmt>Nordufer</cmt>
		<desc>Nordufer</desc>
		<src>Stadt Frankfurt am Main</src>
	</wpt>
	<wpt lat="50.69812309643099" lon="9.1495779656078398">
		<name>VB-137</name>
		<cmt>Waldweg zur "Mehlbacher Teichhütte"</cmt>
		<desc>Waldweg zur "Mehlbacher Teichhütte"</desc>
		<src>HessenForst</src>
	</wpt>
	<wpt lat="51.285034119636215" lon="8.9106064245977059">
		<name>KB-216</name>
		<cmt>Parkplatz mit Schutzhütte</cmt>
		<desc>Parkplatz mit Schutzhütte</desc>
		<src>HessenForst</src>
	</wpt>
	<wpt lat="50.652682829216872" lon="8.1580904885856818">
		<name>LDK-224</name>
		<cmt>Parkplatz am "Heisterberger Weiher"</cmt>
		<desc>Parkplatz am "Heisterberger Weiher"</desc>
		<src>HessenForst</src>
	</wpt>
	<wpt lat="50.521214218052933" lon="9.9051075802180115">
		<name>FD-359</name>
		<cmt>Parkplatz Grabenhöfchen</cmt>
		<desc>Parkplatz Grabenhöfchen</desc>
		<src>HessenForst</src>
	</wpt>
	<wpt lat="49.641708846074444" lon="8.8630047431792338">
		<name>HP-434</name>
		<cmt>Grasellenbach, Sägewerk Monnheimer</cmt>
		<desc>Grasellenbach, Sägewerk Monnheimer</desc>
		<src>HessenForst</src>
	</wpt>
	<wpt lat="50.774019961486907" lon="9.1164864058501252">
		<name>VB-123</name>
		<cmt>Waldeingang Schmeerofen</cmt>
		<desc>Waldeingang Schmeerofen</desc>
		<src>HessenForst</src>
	</wpt>
	<wpt lat="49.593534413402757" lon="8.8167969753202957">
		<name>HP-428</name>
		<cmt>Gadern, Parkplatz Bannholz</cmt>
		<desc>Gadern, Parkplatz Bannholz</desc>
		<src>HessenForst</src>
	</wpt>
	<wpt lat="49.964536073203909" lon="8.6370302452922267">
		<name>OF-146</name>
		<cmt>Flugplatz Egelsbach, Abt. 35/36</cmt>
		<desc>Flugplatz Egelsbach, Abt. 35/36</desc>
		<src>HessenForst</src>
	</wpt>
	<wpt lat="50.634697825126899" lon="8.9432139254927776">
		<name>GI-104</name>
		<cmt>Feuerwehrgerätehaus Lumda</cmt>
		<desc>Feuerwehrgerätehaus Lumda</desc>
		<src>HessenForst</src>
	</wpt>
	<wpt lat="49.53832826976236" lon="8.5521491102024072">
		<name>HP-101</name>
		<cmt>Waldeingang Sandhöfer Weg (Minigolfplatz Tante Anna</cmt>
		<desc>Waldeingang Sandhöfer Weg (Minigolfplatz Tante Anna</desc>
		<src>HessenForst</src>
	</wpt>
	<wpt lat="51.032147831675545" lon="8.6318168632791341">
		<name>KB-809</name>
		<cmt>Abzweig Forststraße von der L 3382 bei Buswartehäuschen</cmt>
		<desc>Abzweig Forststraße von der L 3382 bei Buswartehäuschen</desc>
		<src>HessenForst</src>
	</wpt>
	<wpt lat="49.524456618670932" lon="8.5561586973561337">
		<name>HP-100</name>
		<cmt>Alter Mannheimer Weg; Abt. 201/Tierheim</cmt>
		<desc>Alter Mannheimer Weg; Abt. 201/Tierheim</desc>
		<src>HessenForst</src>
	</wpt>
	<wpt lat="51.270917222564755" lon="9.6085606280252467">
		<name>KS-423</name>
		<cmt>Parkplatz "Setzebach"</cmt>
		<desc>Parkplatz "Setzebach"</desc>
		<src>HessenForst</src>
	</wpt>
	<wpt lat="50.940115615811102" lon="8.9295805524353948">
		<name>MR-203</name>
		<cmt>Langendorf, östl. Ortsausgang</cmt>
		<desc>Langendorf, östl. Ortsausgang</desc>
		<src>HessenForst</src>
	</wpt>
	<wpt lat="50.193714484370197" lon="8.3174960159316775">
		<name>RÜD-259</name>
		<cmt>Ortsausgang Lenzhahn Richtung Heftrich</cmt>
		<desc>Ortsausgang Lenzhahn Richtung Heftrich</desc>
		<src>HessenForst</src>
	</wpt>
	<wpt lat="49.865678151196832" lon="8.5950337379104447">
		<name>DA-72</name>
		<cmt>Bogenschießstand Wiesenschneise</cmt>
		<desc>Bogenschießstand Wiesenschneise</desc>
		<src>HessenForst</src>
	</wpt>
	<wpt lat="49.610062899906282" lon="9.0520074103446255">
		<name>ERB-42</name>
		<cmt>Pension Schumbert</cmt>
		<desc>Pension Schumbert</desc>
		<src>HessenForst</src>
	</wpt>
	<wpt lat="49.764711313859536" lon="9.1016622701024072">
		<name>ERB-123</name>
		<cmt>Dorfgemeinschaftshaus</cmt>
		<desc>Dorfgemeinschaftshaus</desc>
		<src>HessenForst</src>
	</wpt>
	<wpt lat="50.242624867544293" lon="9.2931474772252169">
		<name>MKK-51</name>
		<cmt>Brückenrain-Eichgraben</cmt>
		<desc>Brückenrain-Eichgraben</desc>
		<src>HessenForst</src>
	</wpt>
	<wpt lat="50.120185916334734" lon="8.179124477364736">
		<name>WI-50</name>
		<cmt>Einmündung Forstweg</cmt>
		<desc>Einmündung Forstweg</desc>
		<src>HessenForst</src>
	</wpt>
	<wpt lat="51.363433942845582" lon="9.740774934690851">
		<name>ESW-161</name>
		<cmt>Ziegenhagen/Glashütte, Bushaltewendeschleife</cmt>
		<desc>Ziegenhagen/Glashütte, Bushaltewendeschleife</desc>
		<src>HessenForst</src>
	</wpt>
	<wpt lat="50.78982797683863" lon="9.7589506541326934">
		<name>FD-31</name>
		<cmt>Parkplatz Kläranlage Buchenau</cmt>
		<desc>Parkplatz Kläranlage Buchenau</desc>
		<src>HessenForst</src>
	</wpt>
	<wpt lat="50.612670221153778" lon="10.012442532114616">
		<name>FD-364</name>
		<cmt>Paradieshof</cmt>
		<desc>Paradieshof</desc>
		<src>HessenForst</src>
	</wpt>
	<wpt lat="50.808701623462966" lon="9.2565994092272987">
		<name>VB-219</name>
		<cmt>Heidelbach, Straße "Am Heidelberg 1</cmt>
		<desc>Heidelbach, Straße "Am Heidelberg 1</desc>
		<src>HessenForst</src>
	</wpt>
	<wpt lat="49.469048848684864" lon="8.8544071523042707">
		<name>HP-407</name>
		<cmt>Parkplatz Fa. Mayr Langenthal</cmt>
		<desc>Parkplatz Fa. Mayr Langenthal</desc>
		<src>HessenForst</src>
	</wpt>
	<wpt lat="50.187922449736917" lon="8.9967713852016011">
		<name>MKK-801</name>
		<cmt>Verkehrskreisel Ravolzhausen</cmt>
		<desc>Verkehrskreisel Ravolzhausen</desc>
		<src>HessenForst</src>
	</wpt>
	<wpt lat="51.108576276436878" lon="9.040922023364228">
		<name>KB-618</name>
		<cmt>Waldeinfahrt Immelberg</cmt>
		<desc>Waldeinfahrt Immelberg</desc>
		<src>HessenForst</src>
	</wpt>
	<wpt lat="51.013919464120733" lon="9.4464956561917788">
		<name>HR-828</name>
		<cmt>Bahnwärterhäuschen Relbehsn.</cmt>
		<desc>Bahnwärterhäuschen Relbehsn.</desc>
		<src>HessenForst</src>
	</wpt>
	<wpt lat="49.574474499268753" lon="9.0842096779106285">
		<name>ERB-242</name>
		<cmt>Hesselbach, Dorfgemeinschaftshaus</cmt>
		<desc>Hesselbach, Dorfgemeinschaftshaus</desc>
		<src>HessenForst</src>
	</wpt>
	<wpt lat="51.010590524010183" lon="9.2076382334686713">
		<name>HR-339</name>
		<cmt>östl. Ortseinfahrt</cmt>
		<desc>östl. Ortseinfahrt</desc>
		<src>HessenForst</src>
	</wpt>
	<wpt lat="50.736099372783862" lon="9.2416732193143005">
		<name>VB-136</name>
		<cmt>vor Autobahnbrücke</cmt>
		<desc>vor Autobahnbrücke</desc>
		<src>HessenForst</src>
	</wpt>
	<wpt lat="50.270795511461614" lon="9.380181097699305">
		<name>MKK-2</name>
		<cmt>Spessarttor</cmt>
		<desc>Spessarttor</desc>
		<src>HessenForst</src>
	</wpt>
	<wpt lat="49.970562057147042" lon="8.4140708018080286">
		<name>GG-44</name>
		<cmt>Abf. L 3012/Bischofsheimer Weg; Zuf. Schäferhundev./Boxerclub</cmt>
		<desc>Abf. L 3012/Bischofsheimer Weg; Zuf. Schäferhundev./Boxerclub</desc>
		<src>HessenForst</src>
	</wpt>
	<wpt lat="50.089687673134115" lon="8.9827246885328087">
		<name>MKK-511</name>
		<cmt>Kreuzburg Gymnasium/Waldrand</cmt>
		<desc>Kreuzburg Gymnasium/Waldrand</desc>
		<src>HessenForst</src>
	</wpt>
	<wpt lat="50.965101290627928" lon="9.1513089737543218">
		<name>HR-343</name>
		<cmt>Ortsmitte Lindengruppe</cmt>
		<desc>Ortsmitte Lindengruppe</desc>
		<src>HessenForst</src>
	</wpt>
	<wpt lat="51.108583369887548" lon="8.8264529000340222">
		<name>KB-528</name>
		<cmt>Holzlagerplatz an K 92</cmt>
		<desc>Holzlagerplatz an K 92</desc>
		<src>HessenForst</src>
	</wpt>
	<wpt lat="50.415902414444744" lon="9.4653885257248778">
		<name>MKK-61</name>
		<cmt>Hintersteinau</cmt>
		<desc>Hintersteinau</desc>
		<src>HessenForst</src>
	</wpt>
	<wpt lat="50.295285184494929" lon="9.1406513346897231">
		<name>FB-135</name>
		<cmt>Kreuzung L 3010 / Str. Am Hain "Heiße Hütte"</cmt>
		<desc>Kreuzung L 3010 / Str. Am Hain "Heiße Hütte"</desc>
		<src>HessenForst</src>
	</wpt>
	<wpt lat="51.164306507650814" lon="9.3976555022065504">
		<name>HR-22</name>
		<cmt>Kreuzung B 254 Abzweig Maden (K 9)</cmt>
		<desc>Kreuzung B 254 Abzweig Maden (K 9)</desc>
		<src>HessenForst</src>
	</wpt>
	<wpt lat="50.586721094744235" lon="9.6693307317396595">
		<name>FD-503</name>
		<cmt>Gerlos</cmt>
		<desc>Gerlos</desc>
		<src>HessenForst</src>
	</wpt>
	<wpt lat="50.280332087953731" lon="9.2654485113275875">
		<name>MKK-55</name>
		<cmt>Wittgenborn</cmt>
		<desc>Wittgenborn</desc>
		<src>HessenForst</src>
	</wpt>
	<wpt lat="50.912856497580613" lon="8.5233758472610095">
		<name>MR-7</name>
		<cmt>B 62 Biedenkopf - Krankenhaus</cmt>
		<desc>B 62 Biedenkopf - Krankenhaus</desc>
		<src>HessenForst</src>
	</wpt>
	<wpt lat="50.651185540123357" lon="9.5221086203883996">
		<name>VB-317</name>
		<cmt>Östlicher Ortseingang Nieder-Stoll</cmt>
		<desc>Östlicher Ortseingang Nieder-Stoll</desc>
		<src>HessenForst</src>
	</wpt>
	<wpt lat="50.471450511974361" lon="8.3636168443324426">
		<name>LM-204</name>
		<cmt>Parkplatz B 456 "Grauer Stein"</cmt>
		<desc>Parkplatz B 456 "Grauer Stein"</desc>
		<src>HessenForst</src>
	</wpt>
	<wpt lat="50.627901433855847" lon="8.256905821255156">
		<name>LDK-237</name>
		<cmt>L 3046 Beilstein &amp;gt; Merkenbach, am Waldbeginn linke Seite</cmt>
		<desc>L 3046 Beilstein &amp;gt; Merkenbach, am Waldbeginn linke Seite</desc>
		<src>HessenForst</src>
	</wpt>
	<wpt lat="49.749888321872206" lon="8.6448652190358519">
		<name>DA-106</name>
		<cmt>Parkplatz Nonnenbrunnen</cmt>
		<desc>Parkplatz Nonnenbrunnen</desc>
		<src>HessenForst</src>
	</wpt>
	<wpt lat="50.190325015189089" lon="9.2704302085998478">
		<name>MKK-209</name>
		<cmt>Parkplatz</cmt>
		<desc>Parkplatz</desc>
		<src>HessenForst</src>
	</wpt>
	<wpt lat="50.028625050545273" lon="7.9165947331272584">
		<name>RÜD-324</name>
		<cmt>Zimmerskopf</cmt>
		<desc>Zimmerskopf</desc>
		<src>HessenForst</src>
	</wpt>
	<wpt lat="51.153118133214328" lon="8.9017932360528569">
		<name>KB-256</name>
		<cmt>Bushaltestelle Schmittlotheim</cmt>
		<desc>Bushaltestelle Schmittlotheim</desc>
		<src>HessenForst</src>
	</wpt>
	<wpt lat="51.00631430115164" lon="9.3364190788536003">
		<name>HR-873</name>
		<cmt>Sportplatz Verna</cmt>
		<desc>Sportplatz Verna</desc>
		<src>HessenForst</src>
	</wpt>
	<wpt lat="49.605401365442169" lon="8.8958630521437279">
		<name>ERB-70</name>
		<cmt>Am Olfener Bild</cmt>
		<desc>Am Olfener Bild</desc>
		<src>HessenForst</src>
	</wpt>
	<wpt lat="49.732864420367541" lon="8.6278204141223789">
		<name>DA-101</name>
		<cmt>Parkplatz Alsbacher Schloss</cmt>
		<desc>Parkplatz Alsbacher Schloss</desc>
		<src>HessenForst</src>
	</wpt>
	<wpt lat="50.421002961660193" lon="8.3931107556850773">
		<name>LM-213</name>
		<cmt>Pforte Klinikum Weilmünster</cmt>
		<desc>Pforte Klinikum Weilmünster</desc>
		<src>HessenForst</src>
	</wpt>
	<wpt lat="50.958154508633235" lon="9.4825254227488553">
		<name>HR-851</name>
		<cmt>"Helo Sauna" Wallenstein</cmt>
		<desc>"Helo Sauna" Wallenstein</desc>
		<src>HessenForst</src>
	</wpt>
	<wpt lat="50.645328966866458" lon="9.577748251968762">
		<name>VB-325</name>
		<cmt>Üllershausen, Gaststätte "Alte Post"</cmt>
		<desc>Üllershausen, Gaststätte "Alte Post"</desc>
		<src>HessenForst</src>
	</wpt>
	<wpt lat="50.988379656034326" lon="9.4337702224984952">
		<name>HR-834</name>
		<cmt>Wildpark Knüll</cmt>
		<desc>Wildpark Knüll</desc>
		<src>HessenForst</src>
	</wpt>
	<wpt lat="50.65844742267474" lon="8.8180540360490394">
		<name>GI-247</name>
		<cmt>Bushaltestelle</cmt>
		<desc>Bushaltestelle</desc>
		<src>HessenForst</src>
	</wpt>
	<wpt lat="50.736955318499128" lon="9.3989801096135448">
		<name>VB-188</name>
		<cmt>im Wald Abzweig Richtung Reimenrod</cmt>
		<desc>im Wald Abzweig Richtung Reimenrod</desc>
		<src>HessenForst</src>
	</wpt>
	<wpt lat="50.978987913745016" lon="8.7833356442029373">
		<name>KB-843</name>
		<cmt>Abzweig Friedhofstraße Roda</cmt>
		<desc>Abzweig Friedhofstraße Roda</desc>
		<src>HessenForst</src>
	</wpt>
	<wpt lat="50.39843481878119" lon="9.4259229776820206">
		<name>MKK-30</name>
		<cmt>ALSA</cmt>
		<desc>ALSA</desc>
		<src>HessenForst</src>
	</wpt>
	<wpt lat="50.462298616054092" lon="9.4906448249477062">
		<name>FD-546</name>
		<cmt>Forsthaus Hauswurz</cmt>
		<desc>Forsthaus Hauswurz</desc>
		<src>HessenForst</src>
	</wpt>
	<wpt lat="50.514632232316551" lon="8.1651050445305664">
		<name>LM-115</name>
		<cmt>Firma Vobl-Abfallentsorgung</cmt>
		<desc>Firma Vobl-Abfallentsorgung</desc>
		<src>HessenForst</src>
	</wpt>
	<wpt lat="50.998657721616816" lon="8.9562835926838371">
		<name>KB-833</name>
		<cmt>Abzweig Grüsen</cmt>
		<desc>Abzweig Grüsen</desc>
		<src>HessenForst</src>
	</wpt>
	<wpt lat="49.763061603171138" lon="8.6571679731843023">
		<name>DA-205</name>
		<cmt>Kreuzung L 3098 / Lufthansaring</cmt>
		<desc>Kreuzung L 3098 / Lufthansaring</desc>
		<src>HessenForst</src>
	</wpt>
	<wpt lat="50.280379337056353" lon="8.3040344282474479">
		<name>LM-250</name>
		<cmt>Steinfweg Waldeingang "Haidchen"</cmt>
		<desc>Steinfweg Waldeingang "Haidchen"</desc>
		<src>HessenForst</src>
	</wpt>
	<wpt lat="50.264603138306398" lon="9.362279473666641">
		<name>MKK-48</name>
		<cmt>Sandställe</cmt>
		<desc>Sandställe</desc>
		<src>HessenForst</src>
	</wpt>
	<wpt lat="49.838740713911122" lon="8.9946467514763579">
		<name>DA-18</name>
		<cmt>Waldparkplatz "Kellergrund" am Erlenhof</cmt>
		<desc>Waldparkplatz "Kellergrund" am Erlenhof</desc>
		<src>HessenForst</src>
	</wpt>
	<wpt lat="49.958712606466108" lon="8.5764330979387431">
		<name>GG-48</name>
		<cmt>Abzw. L 3113/Lichtseeberg Schneise; Waldzufahrt</cmt>
		<desc>Abzw. L 3113/Lichtseeberg Schneise; Waldzufahrt</desc>
		<src>HessenForst</src>
	</wpt>
	<wpt lat="49.98674910149758" lon="8.8842311514863184">
		<name>OF-232</name>
		<cmt>Maschinenbetrieb-Rhein-Main</cmt>
		<desc>Maschinenbetrieb-Rhein-Main</desc>
		<src>HessenForst</src>
	</wpt>
	<wpt lat="50.299053169103097" lon="9.3002139032627458">
		<name>MKK-42</name>
		<cmt>Schlierbach</cmt>
		<desc>Schlierbach</desc>
		<src>HessenForst</src>
	</wpt>
	<wpt lat="50.669137113522048" lon="9.5732384265917609">
		<name>VB-313</name>
		<cmt>Zufahrt Schwimmbad Schlitz</cmt>
		<desc>Zufahrt Schwimmbad Schlitz</desc>
		<src>HessenForst</src>
	</wpt>
	<wpt lat="51.044765256340774" lon="8.7198217625629759">
		<name>KB-815</name>
		<cmt>Sportplatz Haine</cmt>
		<desc>Sportplatz Haine</desc>
		<src>HessenForst</src>
	</wpt>
	<wpt lat="50.738645029087145" lon="9.472555042531523">
		<name>VB-181</name>
		<cmt>Grebenau, alte Eisenbahnbrücke Ortseingang</cmt>
		<desc>Grebenau, alte Eisenbahnbrücke Ortseingang</desc>
		<src>HessenForst</src>
	</wpt>
	<wpt lat="49.767165413357603" lon="8.6926013125700408">
		<name>DA-206</name>
		<cmt>Hochbehälter Ober-Beerbach</cmt>
		<desc>Hochbehälter Ober-Beerbach</desc>
		<src>HessenForst</src>
	</wpt>
	<wpt lat="50.51569743135645" lon="9.7399573940898616">
		<name>FD-242</name>
		<cmt>Autobahnunterführung</cmt>
		<desc>Autobahnunterführung</desc>
		<src>HessenForst</src>
	</wpt>
	<wpt lat="51.119014628300491" lon="9.9083382174717904">
		<name>ESW-32</name>
		<cmt>Ortseingang Kirchhosbach</cmt>
		<desc>Ortseingang Kirchhosbach</desc>
		<src>HessenForst</src>
	</wpt>
	<wpt lat="51.131138191512456" lon="9.8331416436797792">
		<name>ESW-38</name>
		<cmt>DGH Mäckelsdorf (Feuerwehr)</cmt>
		<desc>DGH Mäckelsdorf (Feuerwehr)</desc>
		<src>HessenForst</src>
	</wpt>
	<wpt lat="51.177975706164553" lon="10.206772577139493">
		<name>ESW-356</name>
		<cmt>Notrufsäule</cmt>
		<desc>Notrufsäule</desc>
		<src>HessenForst</src>
	</wpt>
	<wpt lat="50.279356885582189" lon="8.8836090274955239">
		<name>MKK-910</name>
		<cmt>Winner Hof</cmt>
		<desc>Winner Hof</desc>
		<src>HessenForst</src>
	</wpt>
	<wpt lat="49.757722816971587" lon="9.0429133004405386">
		<name>ERB-127</name>
		<cmt>Ortsende, Drehplatte</cmt>
		<desc>Ortsende, Drehplatte</desc>
		<src>HessenForst</src>
	</wpt>
	<wpt lat="51.172951849866465" lon="10.187827077947858">
		<name>ESW-357</name>
		<cmt>Leisterberghaus</cmt>
		<desc>Leisterberghaus</desc>
		<src>HessenForst</src>
	</wpt>
	<wpt lat="51.169708719416448" lon="9.9339220032167219">
		<name>ESW-318</name>
		<cmt>Forsthaus</cmt>
		<desc>Forsthaus</desc>
		<src>HessenForst</src>
	</wpt>
	<wpt lat="50.674091417692161" lon="9.6264630740942874">
		<name>VB-307</name>
		<cmt>Rombachtal-Bahnbrücke</cmt>
		<desc>Rombachtal-Bahnbrücke</desc>
		<src>HessenForst</src>
	</wpt>
	<wpt lat="49.71598270244418" lon="8.8338449680431932">
		<name>ERB-50</name>
		<cmt>Friedhof</cmt>
		<desc>Friedhof</desc>
		<src>HessenForst</src>
	</wpt>
	<wpt lat="49.965677466749668" lon="8.828932558895195">
		<name>OF-105</name>
		<cmt>Waldeingang Abt. 27 (an Fa. JADO vorbei)</cmt>
		<desc>Waldeingang Abt. 27 (an Fa. JADO vorbei)</desc>
		<src>HessenForst</src>
	</wpt>
	<wpt lat="50.807025259771251" lon="9.0098149669382561">
		<name>MR-315</name>
		<cmt>Parkplatz Waldeingang rechts</cmt>
		<desc>Parkplatz Waldeingang rechts</desc>
		<src>HessenForst</src>
	</wpt>
	<wpt lat="50.829759310482686" lon="8.5475229406685767">
		<name>MR-517</name>
		<cmt>Parkplatz an der B 452 (nach Ortsausgang Monshs. Zw. Den Abfahrten Holzhausen und Herzhausen)</cmt>
		<desc>Parkplatz an der B 452 (nach Ortsausgang Monshs. Zw. Den Abfahrten Holzhausen und Herzhausen)</desc>
		<src>HessenForst</src>
	</wpt>
	<wpt lat="49.699209188276917" lon="8.8494157647056504">
		<name>ERB-16</name>
		<cmt>Friedhof Unter-Ostern ( Leimberg )</cmt>
		<desc>Friedhof Unter-Ostern ( Leimberg )</desc>
		<src>HessenForst</src>
	</wpt>
	<wpt lat="51.107813538132717" lon="8.9290854251687026">
		<name>KB-411</name>
		<cmt>Einfahrt Mühlenberg</cmt>
		<desc>Einfahrt Mühlenberg</desc>
		<src>HessenForst</src>
	</wpt>
	<wpt lat="50.785731160498059" lon="8.1881476283941073">
		<name>LDK-407</name>
		<cmt>Ortsdurchfahrt Steinbach bis Sportlatz Steinbach</cmt>
		<desc>Ortsdurchfahrt Steinbach bis Sportlatz Steinbach</desc>
		<src>HessenForst</src>
	</wpt>
	<wpt lat="50.120504535229117" lon="9.0526741359302392">
		<name>MKK-207</name>
		<cmt>Barbarossaquelle</cmt>
		<desc>Barbarossaquelle</desc>
		<src>HessenForst</src>
	</wpt>
	<wpt lat="50.909775801138075" lon="9.4796391036598706">
		<name>HR-855</name>
		<cmt>"Zahnsberghof" Grebenhagen</cmt>
		<desc>"Zahnsberghof" Grebenhagen</desc>
		<src>HessenForst</src>
	</wpt>
	<wpt lat="50.941169737805886" lon="8.5524028261824956">
		<name>MR-17</name>
		<cmt>B 253 Abzweig zur Sackpfeife</cmt>
		<desc>B 253 Abzweig zur Sackpfeife</desc>
		<src>HessenForst</src>
	</wpt>
	<wpt lat="49.960267776263187" lon="8.4120595766241308">
		<name>GG-60</name>
		<cmt>Abzw. B 42/Zufahrt Schönauer Hof; Zufahrt Schönauer Hof</cmt>
		<desc>Abzw. B 42/Zufahrt Schönauer Hof; Zufahrt Schönauer Hof</desc>
		<src>HessenForst</src>
	</wpt>
	<wpt lat="50.914957744331907" lon="9.03110886873122">
		<name>HR-411</name>
		<cmt>Haingrundsmühle</cmt>
		<desc>Haingrundsmühle</desc>
		<src>HessenForst</src>
	</wpt>
	<wpt lat="50.429048954170746" lon="9.1807797815509016">
		<name>FB-129</name>
		<cmt>Schranke Einfahrt Seegelände</cmt>
		<desc>Schranke Einfahrt Seegelände</desc>
		<src>HessenForst</src>
	</wpt>
	<wpt lat="50.381657977247471" lon="9.7378949465195532">
		<name>FD-531</name>
		<cmt>Hinter dem Forsthaus Heubach</cmt>
		<desc>Hinter dem Forsthaus Heubach</desc>
		<src>HessenForst</src>
	</wpt>
	<wpt lat="50.675617292644894" lon="8.3165365029884928">
		<name>LDK-364</name>
		<cmt>Am Stützelberg, Fa. Rittal</cmt>
		<desc>Am Stützelberg, Fa. Rittal</desc>
		<src>HessenForst</src>
	</wpt>
	<wpt lat="49.54670485505217" lon="8.9726102071969152">
		<name>ERB-255</name>
		<cmt>B 45, Beerfelden-Gammelsbach</cmt>
		<desc>B 45, Beerfelden-Gammelsbach</desc>
		<src>HessenForst</src>
	</wpt>
	<wpt lat="50.082707065487185" lon="8.8201306636775882">
		<name>OF-209</name>
		<cmt>Sportplatz Germania</cmt>
		<desc>Sportplatz Germania</desc>
		<src>HessenForst</src>
	</wpt>
	<wpt lat="50.447341194538723" lon="9.9534663175039189">
		<name>FD-609</name>
		<cmt>PW  Waldthsn. - Abzweig bei Sägewerk Schneck</cmt>
		<desc>PW  Waldthsn. - Abzweig bei Sägewerk Schneck</desc>
		<src>HessenForst</src>
	</wpt>
	<wpt lat="49.876542314055961" lon="8.6026868832117529">
		<name>DA-70</name>
		<cmt>A 5 Notausfahrt</cmt>
		<desc>A 5 Notausfahrt</desc>
		<src>HessenForst</src>
	</wpt>
	<wpt lat="50.723969297601293" lon="9.286075939190944">
		<name>VB-150</name>
		<cmt>(Waldeingang Leidenrodstraße)</cmt>
		<desc>(Waldeingang Leidenrodstraße)</desc>
		<src>HessenForst</src>
	</wpt>
	<wpt lat="49.955763530407623" lon="8.6898598079772231">
		<name>OF-130</name>
		<cmt>Forsthaus "Krause Buche"</cmt>
		<desc>Forsthaus "Krause Buche"</desc>
		<src>HessenForst</src>
	</wpt>
	<wpt lat="50.161806491662901" lon="8.1273567240310616">
		<name>RÜD-221</name>
		<cmt>Friedhof Watzhahn</cmt>
		<desc>Friedhof Watzhahn</desc>
		<src>HessenForst</src>
	</wpt>
	<wpt lat="49.703959417938925" lon="8.9233533464650492">
		<name>ERB-158</name>
		<cmt>Hoher Zorn</cmt>
		<desc>Hoher Zorn</desc>
		<src>HessenForst</src>
	</wpt>
	<wpt lat="50.87215533548148" lon="8.5982564881735239">
		<name>MR-30</name>
		<cmt>Buchenau - Ortsmitte - Tankstelle</cmt>
		<desc>Buchenau - Ortsmitte - Tankstelle</desc>
		<src>HessenForst</src>
	</wpt>
	<wpt lat="50.947580988372103" lon="9.2946078951524758">
		<name>HR-882</name>
		<cmt>Alte Bundesstraße/Loh</cmt>
		<desc>Alte Bundesstraße/Loh</desc>
		<src>HessenForst</src>
	</wpt>
	<wpt lat="50.981023163415756" lon="8.8855271928193531">
		<name>KB-845</name>
		<cmt>Waldanfang Rosenthal, Richtung Sehlen</cmt>
		<desc>Waldanfang Rosenthal, Richtung Sehlen</desc>
		<src>HessenForst</src>
	</wpt>
	<wpt lat="51.034232560985373" lon="9.2914257941994975">
		<name>HR-52</name>
		<cmt>Waldteich</cmt>
		<desc>Waldteich</desc>
		<src>HessenForst</src>
	</wpt>
	<wpt lat="50.538362187379633" lon="9.8101670293388352">
		<name>FD-236</name>
		<cmt>Eckartsberg</cmt>
		<desc>Eckartsberg</desc>
		<src>HessenForst</src>
	</wpt>
	<wpt lat="50.452500831337453" lon="9.8478066271293958">
		<name>FD-311</name>
		<cmt>Bushaltestelle Altenfeld</cmt>
		<desc>Bushaltestelle Altenfeld</desc>
		<src>HessenForst</src>
	</wpt>
	<wpt lat="50.677625674662067" lon="8.2850487824695005">
		<name>LDK-362</name>
		<cmt>Autobahnpolizei, Anschlussstelle Herborn West</cmt>
		<desc>Autobahnpolizei, Anschlussstelle Herborn West</desc>
		<src>HessenForst</src>
	</wpt>
	<wpt lat="50.455045316201002" lon="8.413186062302648">
		<name>LM-206</name>
		<cmt>Telekom-Relaisstation L 3054</cmt>
		<desc>Telekom-Relaisstation L 3054</desc>
		<src>HessenForst</src>
	</wpt>
	<wpt lat="51.114480237205591" lon="10.09162376507121">
		<name>ESW-347</name>
		<cmt>Parkplatz Graburgquelle</cmt>
		<desc>Parkplatz Graburgquelle</desc>
		<src>HessenForst</src>
	</wpt>
	<wpt lat="50.937217691511549" lon="8.5891994460796965">
		<name>MR-14</name>
		<cmt>Ortsmitte Bürgerhaus</cmt>
		<desc>Ortsmitte Bürgerhaus</desc>
		<src>HessenForst</src>
	</wpt>
	<wpt lat="50.314209590806726" lon="9.5227269433349697">
		<name>MKK-87</name>
		<cmt>Waitzenberg</cmt>
		<desc>Waitzenberg</desc>
		<src>HessenForst</src>
	</wpt>
	<wpt lat="49.723245289844222" lon="8.8427747358973026">
		<name>ERB-51</name>
		<cmt>Sportplatz GAZ</cmt>
		<desc>Sportplatz GAZ</desc>
		<src>HessenForst</src>
	</wpt>
	<wpt lat="50.402124893779174" lon="9.2832858026862812">
		<name>MKK-22</name>
		<cmt>Kirchbracht</cmt>
		<desc>Kirchbracht</desc>
		<src>HessenForst</src>
	</wpt>
	<wpt lat="49.655853065126195" lon="8.9759574189867486">
		<name>ERB-161</name>
		<cmt>Parkplatz Brudergrund</cmt>
		<desc>Parkplatz Brudergrund</desc>
		<src>HessenForst</src>
	</wpt>
	<wpt lat="50.804936734094319" lon="8.7144546519057879">
		<name>MR-417</name>
		<cmt>Gaststätte</cmt>
		<desc>Gaststätte</desc>
		<src>HessenForst</src>
	</wpt>
	<wpt lat="49.975944377176717" lon="8.5191430101661698">
		<name>GG-33</name>
		<cmt>Abzw. B 486/Gundweg; Waldzuf. an Wald/Wiesengrenze</cmt>
		<desc>Abzw. B 486/Gundweg; Waldzuf. an Wald/Wiesengrenze</desc>
		<src>HessenForst</src>
	</wpt>
	<wpt lat="50.125811723002705" lon="8.167439556863723">
		<name>RÜD-212</name>
		<cmt>P Eiserne Hand</cmt>
		<desc>P Eiserne Hand</desc>
		<src>HessenForst</src>
	</wpt>
	<wpt lat="49.646102878714473" lon="8.9945463606352938">
		<name>ERB-60</name>
		<cmt>Dorfplatz Lauerbach</cmt>
		<desc>Dorfplatz Lauerbach</desc>
		<src>HessenForst</src>
	</wpt>
	<wpt lat="50.34066015311231" lon="8.2115957236069335">
		<name>LM-235</name>
		<cmt>Klärwerk Niederselters</cmt>
		<desc>Klärwerk Niederselters</desc>
		<src>HessenForst</src>
	</wpt>
	<wpt lat="49.808289006691837" lon="8.6328229532861869">
		<name>DA-917</name>
		<cmt>Parkplatz ehem. Grillplatz</cmt>
		<desc>Parkplatz ehem. Grillplatz</desc>
		<src>HessenForst</src>
	</wpt>
	<wpt lat="50.936139874195895" lon="9.4566313493691787">
		<name>HR-849</name>
		<cmt>Hergetsfeld</cmt>
		<desc>Hergetsfeld</desc>
		<src>HessenForst</src>
	</wpt>
	<wpt lat="51.501238594194589" lon="9.4625576534738531">
		<name>KS-51</name>
		<cmt>Ortsausgang Hombresen nördlich     K 53, Wegegabelung</cmt>
		<desc>Ortsausgang Hombresen nördlich     K 53, Wegegabelung</desc>
		<src>HessenForst</src>
	</wpt>
	<wpt lat="49.546677809184139" lon="8.7588633429937328">
		<name>HP-218</name>
		<cmt>Kath. Kirche Lörbach</cmt>
		<desc>Kath. Kirche Lörbach</desc>
		<src>HessenForst</src>
	</wpt>
	<wpt lat="49.57728508901743" lon="8.8525630556589281">
		<name>HP-422</name>
		<cmt>Aschbach, Kath. Kirche</cmt>
		<desc>Aschbach, Kath. Kirche</desc>
		<src>HessenForst</src>
	</wpt>
	<wpt lat="51.14072754782255" lon="9.973197132194505">
		<name>ESW-322</name>
		<cmt>Intershop</cmt>
		<desc>Intershop</desc>
		<src>HessenForst</src>
	</wpt>
	<wpt lat="49.624181545716276" lon="9.001487935122098">
		<name>ERB-40</name>
		<cmt>In der Katzenklinge, 1. Abzweig nach Bahnunterführung</cmt>
		<desc>In der Katzenklinge, 1. Abzweig nach Bahnunterführung</desc>
		<src>HessenForst</src>
	</wpt>
	<wpt lat="50.472952581054393" lon="8.3272857256556279">
		<name>LM-134</name>
		<cmt>Sportplaltz Edelsberg</cmt>
		<desc>Sportplaltz Edelsberg</desc>
		<src>HessenForst</src>
	</wpt>
	<wpt lat="51.207419159232387" lon="8.911411640383875">
		<name>KB-234</name>
		<cmt>südlicher Ortsausgang von Marienhagen</cmt>
		<desc>südlicher Ortsausgang von Marienhagen</desc>
		<src>HessenForst</src>
	</wpt>
	<wpt lat="50.909234946479827" lon="9.2933346958593539">
		<name>HR-888</name>
		<cmt>Int. Wald Obergrenzebach-Süd</cmt>
		<desc>Int. Wald Obergrenzebach-Süd</desc>
		<src>HessenForst</src>
	</wpt>
	<wpt lat="50.300551589334141" lon="9.4092903121694054">
		<name>MKK-15</name>
		<cmt>Umspannwerk</cmt>
		<desc>Umspannwerk</desc>
		<src>HessenForst</src>
	</wpt>
	<wpt lat="51.274258959553848" lon="9.7135573359828218">
		<name>ESW-98</name>
		<cmt>Lautenbachquelle</cmt>
		<desc>Lautenbachquelle</desc>
		<src>HessenForst</src>
	</wpt>
	<wpt lat="50.479887570038159" lon="9.5886716838836428">
		<name>FD-536</name>
		<cmt>Große Wildwiese</cmt>
		<desc>Große Wildwiese</desc>
		<src>HessenForst</src>
	</wpt>
	<wpt lat="51.080878761374912" lon="9.0182833599874996">
		<name>KB-612</name>
		<cmt>Abzweigung Dülfershof</cmt>
		<desc>Abzweigung Dülfershof</desc>
		<src>HessenForst</src>
	</wpt>
	<wpt lat="51.457563914042979" lon="9.3837748301581296">
		<name>KS-497</name>
		<cmt>An Schule Grebenstein in Kelzerweg, 1,5 km bis Schutzhütte, Gabelung links ca. 0,75 km bis Waldrand</cmt>
		<desc>An Schule Grebenstein in Kelzerweg, 1,5 km bis Schutzhütte, Gabelung links ca. 0,75 km bis Waldrand</desc>
		<src>HessenForst</src>
	</wpt>
	<wpt lat="50.509904004427185" lon="9.4555783974701928">
		<name>FD-550</name>
		<cmt>Hosenfeld - Höhberg</cmt>
		<desc>Hosenfeld - Höhberg</desc>
		<src>HessenForst</src>
	</wpt>
	<wpt lat="49.703115293486114" lon="9.0457255282462601">
		<name>ERB-27</name>
		<cmt>Alte Schule</cmt>
		<desc>Alte Schule</desc>
		<src>HessenForst</src>
	</wpt>
	<wpt lat="50.805057528230634" lon="8.2019305365230615">
		<name>LDK-408</name>
		<cmt>Fellerdilln Richtung Dillbrecht, Bahnviadukt zwischen Fellerdilln und Dillbrecht</cmt>
		<desc>Fellerdilln Richtung Dillbrecht, Bahnviadukt zwischen Fellerdilln und Dillbrecht</desc>
		<src>HessenForst</src>
	</wpt>
	<wpt lat="49.715222173959731" lon="8.6395729366005138">
		<name>HP-315</name>
		<cmt>Parkplatz Not Gottes</cmt>
		<desc>Parkplatz Not Gottes</desc>
		<src>HessenForst</src>
	</wpt>
	<wpt lat="50.701645001382367" lon="9.3643629615799089">
		<name>VB-197</name>
		<cmt>Waldeingang gleich hinter der Abfahrt zur Deponie</cmt>
		<desc>Waldeingang gleich hinter der Abfahrt zur Deponie</desc>
		<src>HessenForst</src>
	</wpt>
	<wpt lat="49.747711618758323" lon="8.480402120787419">
		<name>GG-90</name>
		<cmt>Feuerwehrstützpunkt Gernsheim</cmt>
		<desc>Feuerwehrstützpunkt Gernsheim</desc>
		<src>HessenForst</src>
	</wpt>
	<wpt lat="51.024627993060115" lon="8.6306978449286245">
		<name>KB-719</name>
		<cmt>Gästehaus Viessmann</cmt>
		<desc>Gästehaus Viessmann</desc>
		<src>HessenForst</src>
	</wpt>
	<wpt lat="50.777885117180688" lon="8.6303190685610094">
		<name>MR-610</name>
		<cmt>Fiebertshausen, Kreisstr. Frohnh.L/Friebertsh., nach 800 m, Waldausgang rechts</cmt>
		<desc>Fiebertshausen, Kreisstr. Frohnh.L/Friebertsh., nach 800 m, Waldausgang rechts</desc>
		<src>HessenForst</src>
	</wpt>
	<wpt lat="50.162672996273308" lon="9.0722936660557583">
		<name>MKK-818</name>
		<cmt>Hessisches Übergangswohnheim</cmt>
		<desc>Hessisches Übergangswohnheim</desc>
		<src>HessenForst</src>
	</wpt>
	<wpt lat="50.808498176811952" lon="9.3696623436426627">
		<name>HR-929</name>
		<cmt>Hellwigsholz</cmt>
		<desc>Hellwigsholz</desc>
		<src>HessenForst</src>
	</wpt>
	<wpt lat="50.447337574047687" lon="8.253771748449843">
		<name>LM-138</name>
		<cmt>L 3452</cmt>
		<desc>L 3452</desc>
		<src>HessenForst</src>
	</wpt>
	<wpt lat="51.037694985415825" lon="8.5825497579422318">
		<name>KB-715</name>
		<cmt>Jagdhütten</cmt>
		<desc>Jagdhütten</desc>
		<src>HessenForst</src>
	</wpt>
	<wpt lat="50.529851464119055" lon="9.8658089264985982">
		<name>FD-238</name>
		<cmt>Abzweig Kohlberg</cmt>
		<desc>Abzweig Kohlberg</desc>
		<src>HessenForst</src>
	</wpt>
	<wpt lat="51.033346434736238" lon="8.6094080261257933">
		<name>KB-716</name>
		<cmt>Wassertretbecken</cmt>
		<desc>Wassertretbecken</desc>
		<src>HessenForst</src>
	</wpt>
	<wpt lat="50.400009995299854" lon="8.7474704403233492">
		<name>FB-11</name>
		<cmt>Metzgerei Michel-Weitzel</cmt>
		<desc>Metzgerei Michel-Weitzel</desc>
		<src>HessenForst</src>
	</wpt>
	<wpt lat="50.428109190270213" lon="8.4911861249894915">
		<name>LDK-375</name>
		<cmt>Sportplatz</cmt>
		<desc>Sportplatz</desc>
		<src>HessenForst</src>
	</wpt>
	<wpt lat="50.394557368881252" lon="9.7441169959295451">
		<name>FD-529</name>
		<cmt>Jägereiche</cmt>
		<desc>Jägereiche</desc>
		<src>HessenForst</src>
	</wpt>
	<wpt lat="49.607751484581151" lon="8.4916611682204408">
		<name>HP-109</name>
		<cmt>Gasthaus "Waldesruh"</cmt>
		<desc>Gasthaus "Waldesruh"</desc>
		<src>HessenForst</src>
	</wpt>
	<wpt lat="51.354946592443675" lon="8.6629190890181249">
		<name>KB-112</name>
		<cmt>Sägewerk Hennecke</cmt>
		<desc>Sägewerk Hennecke</desc>
		<src>HessenForst</src>
	</wpt>
	<wpt lat="50.49088682891832" lon="9.0779423422674892">
		<name>VB-23</name>
		<cmt>Einartsh.-Rainr.  P Hollerweg</cmt>
		<desc>Einartsh.-Rainr.  P Hollerweg</desc>
		<src>HessenForst</src>
	</wpt>
	<wpt lat="51.599420472884034" lon="9.4964240271295139">
		<name>KS-16</name>
		<cmt>Denkmal</cmt>
		<desc>Denkmal</desc>
		<src>HessenForst</src>
	</wpt>
	<wpt lat="50.516088734909367" lon="9.7904904762122218">
		<name>FD-241</name>
		<cmt>Wiegrain</cmt>
		<desc>Wiegrain</desc>
		<src>HessenForst</src>
	</wpt>
	<wpt lat="51.140490077540136" lon="10.201093808767491">
		<name>ESW-359</name>
		<cmt>Kreuzung B 250/L 3244</cmt>
		<desc>Kreuzung B 250/L 3244</desc>
		<src>HessenForst</src>
	</wpt>
	<wpt lat="50.455512060489866" lon="8.4387874392055462">
		<name>LDK-385</name>
		<cmt>Möttau, Waldbeginn</cmt>
		<desc>Möttau, Waldbeginn</desc>
		<src>HessenForst</src>
	</wpt>
	<wpt lat="49.549502393839141" lon="9.0112225802960442">
		<name>ERB-212</name>
		<cmt>Sensbachtal, Buckelwirt</cmt>
		<desc>Sensbachtal, Buckelwirt</desc>
		<src>HessenForst</src>
	</wpt>
	<wpt lat="50.389806971593906" lon="8.278228591868082">
		<name>LM-315</name>
		<cmt>Hotel "Zum grünen Wald" in Langheck</cmt>
		<desc>Hotel "Zum grünen Wald" in Langheck</desc>
		<src>HessenForst</src>
	</wpt>
	<wpt lat="50.369134514331037" lon="9.0357220092457329">
		<name>FB-86</name>
		<cmt>In Bobenhausen</cmt>
		<desc>In Bobenhausen</desc>
		<src>HessenForst</src>
	</wpt>
	<wpt lat="50.089558191477302" lon="8.1283138553036576">
		<name>RÜD-244</name>
		<cmt>Friedhof Georgenborn</cmt>
		<desc>Friedhof Georgenborn</desc>
		<src>HessenForst</src>
	</wpt>
	<wpt lat="49.979981052897287" lon="8.5938962704275621">
		<name>GG-29</name>
		<cmt>Abzw. B 486/Am Zeltplatz; 1. Weg nach BAB 5. Zuf. Campingplatz/Naturfreundehaus</cmt>
		<desc>Abzw. B 486/Am Zeltplatz; 1. Weg nach BAB 5. Zuf. Campingplatz/Naturfreundehaus</desc>
		<src>HessenForst</src>
	</wpt>
	<wpt lat="50.5906771561163" lon="8.209688116937464">
		<name>LDK-245</name>
		<cmt>Parkplatz Friedhof Odersberg</cmt>
		<desc>Parkplatz Friedhof Odersberg</desc>
		<src>HessenForst</src>
	</wpt>
	<wpt lat="50.413297727327254" lon="9.3393382912825089">
		<name>MKK-20</name>
		<cmt>Wettges</cmt>
		<desc>Wettges</desc>
		<src>HessenForst</src>
	</wpt>
	<wpt lat="49.981190334723038" lon="8.9061335971992115">
		<name>OF-233</name>
		<cmt>Rodgauer Kalksandsteinwerk</cmt>
		<desc>Rodgauer Kalksandsteinwerk</desc>
		<src>HessenForst</src>
	</wpt>
	<wpt lat="50.70682789024562" lon="8.7373037163475811">
		<name>MR-444</name>
		<cmt>Kirche</cmt>
		<desc>Kirche</desc>
		<src>HessenForst</src>
	</wpt>
	<wpt lat="51.064164777970646" lon="8.6350888502505896">
		<name>KB-803</name>
		<cmt>Abzweig (Steiniger Graben) von der B 236</cmt>
		<desc>Abzweig (Steiniger Graben) von der B 236</desc>
		<src>HessenForst</src>
	</wpt>
	<wpt lat="49.990013728567838" lon="8.8112595719189244">
		<name>OF-107</name>
		<cmt>Schützenhaus "Diana"</cmt>
		<desc>Schützenhaus "Diana"</desc>
		<src>HessenForst</src>
	</wpt>
	<wpt lat="51.374935365137937" lon="8.8001780211461167">
		<name>KB-104</name>
		<cmt>Besucherbergwerk "Grube Christiane"</cmt>
		<desc>Besucherbergwerk "Grube Christiane"</desc>
		<src>HessenForst</src>
	</wpt>
	<wpt lat="50.701752925697328" lon="9.6794693069973494">
		<name>FD-37</name>
		<cmt>BAB Brücke Großenmoor</cmt>
		<desc>BAB Brücke Großenmoor</desc>
		<src>HessenForst</src>
	</wpt>
	<wpt lat="50.301769587443239" lon="9.358641354379472">
		<name>MKK-43</name>
		<cmt>Cafe Rabenhorst</cmt>
		<desc>Cafe Rabenhorst</desc>
		<src>HessenForst</src>
	</wpt>
	<wpt lat="50.623855638577339" lon="10.073877467080345">
		<name>FD-367</name>
		<cmt>Klein Fischbach - Süd/Ost</cmt>
		<desc>Klein Fischbach - Süd/Ost</desc>
		<src>HessenForst</src>
	</wpt>
	<wpt lat="51.10700759537562" lon="8.9866638548174773">
		<name>KB-609</name>
		<cmt>An der Glashude Frebershausen</cmt>
		<desc>An der Glashude Frebershausen</desc>
		<src>HessenForst</src>
	</wpt>
	<wpt lat="50.957210515261018" lon="9.2752269563215126">
		<name>HR-879</name>
		<cmt>Waldrand beim Forsthaus Linsingen</cmt>
		<desc>Waldrand beim Forsthaus Linsingen</desc>
		<src>HessenForst</src>
	</wpt>
	<wpt lat="49.956648561407363" lon="8.4282812997681926">
		<name>GG-59</name>
		<cmt>L 3482 (Mainzer Landstr.) -&amp;gt; K 159 Königstätten - Trebur</cmt>
		<desc>L 3482 (Mainzer Landstr.) -&amp;gt; K 159 Königstätten - Trebur</desc>
		<src>HessenForst</src>
	</wpt>
	<wpt lat="50.492185637614874" lon="9.5885119384004298">
		<name>FD-557</name>
		<cmt>Thomasruh</cmt>
		<desc>Thomasruh</desc>
		<src>HessenForst</src>
	</wpt>
	<wpt lat="50.718407413049299" lon="9.8269826690001452">
		<name>FD-42</name>
		<cmt>Ortseingang Stendorf</cmt>
		<desc>Ortseingang Stendorf</desc>
		<src>HessenForst</src>
	</wpt>
	<wpt lat="49.55964175705396" lon="8.9820619148911334">
		<name>ERB-253</name>
		<cmt>Beerfelden, Getränke Rexroth"zenwirt)</cmt>
		<desc>Beerfelden, Getränke Rexroth"zenwirt)</desc>
		<src>HessenForst</src>
	</wpt>
	<wpt lat="50.238410149613209" lon="9.0501003245479374">
		<name>MKK-806</name>
		<cmt>Abzweigung Eckartshausen v.d. L 3193</cmt>
		<desc>Abzweigung Eckartshausen v.d. L 3193</desc>
		<src>HessenForst</src>
	</wpt>
	<wpt lat="50.270170320339822" lon="9.3718288608260636">
		<name>MKK-1</name>
		<cmt>Hausen -  Kreisel Weinstraße</cmt>
		<desc>Hausen -  Kreisel Weinstraße</desc>
		<src>HessenForst</src>
	</wpt>
	<wpt lat="50.885070473843875" lon="8.4327971034392117">
		<name>MR-502</name>
		<cmt>Ortseingangsschild Kleingladenbach aus Richtung Breidenbach (K 107)</cmt>
		<desc>Ortseingangsschild Kleingladenbach aus Richtung Breidenbach (K 107)</desc>
		<src>HessenForst</src>
	</wpt>
	<wpt lat="50.934375927045892" lon="9.3318866558098197">
		<name>HR-886</name>
		<cmt>"Stöckswiese"</cmt>
		<desc>"Stöckswiese"</desc>
		<src>HessenForst</src>
	</wpt>
	<wpt lat="51.110512003620705" lon="9.3085693592359995">
		<name>HR-30</name>
		<cmt>Sägewerk Schlechter</cmt>
		<desc>Sägewerk Schlechter</desc>
		<src>HessenForst</src>
	</wpt>
	<wpt lat="50.016784829942509" lon="8.7410500165359259">
		<name>OF-127</name>
		<cmt>Waldeingang Offenbacher Weg</cmt>
		<desc>Waldeingang Offenbacher Weg</desc>
		<src>HessenForst</src>
	</wpt>
	<wpt lat="50.67590350331178" lon="8.2637579439187281">
		<name>LDK-318</name>
		<cmt>B 255  Abzweig  Amdorf</cmt>
		<desc>B 255  Abzweig  Amdorf</desc>
		<src>HessenForst</src>
	</wpt>
	<wpt lat="50.265146465392299" lon="8.4134369562739604">
		<name>HG-58</name>
		<cmt>Grünecke</cmt>
		<desc>Grünecke</desc>
		<src>HessenForst</src>
	</wpt>
	<wpt lat="51.589692752124328" lon="9.5380025961932891">
		<name>KS-26</name>
		<cmt>Höhenstraße Abzweig Judenschlag</cmt>
		<desc>Höhenstraße Abzweig Judenschlag</desc>
		<src>HessenForst</src>
	</wpt>
	<wpt lat="50.671122106978196" lon="9.6363132155734661">
		<name>VB-321</name>
		<cmt>L 3176, vor der Kreisgrenze  VB / FD</cmt>
		<desc>L 3176, vor der Kreisgrenze  VB / FD</desc>
		<src>HessenForst</src>
	</wpt>
	<wpt lat="49.997058157212464" lon="9.0474632624844098">
		<name>OF-315</name>
		<cmt>Zufahrt Nato-Tanklager Abt. 1162/1164</cmt>
		<desc>Zufahrt Nato-Tanklager Abt. 1162/1164</desc>
		<src>HessenForst</src>
	</wpt>
	<wpt lat="50.020026639056582" lon="8.9699665872306973">
		<name>OF-307</name>
		<cmt>Bahnviadukt Zellhausen</cmt>
		<desc>Bahnviadukt Zellhausen</desc>
		<src>HessenForst</src>
	</wpt>
	<wpt lat="50.001718816775004" lon="8.5645743619433183">
		<name>GG-26</name>
		<cmt>Kreuzung Park Schneise/In der Trift; Waldeingang am Festpl. Walldorf</cmt>
		<desc>Kreuzung Park Schneise/In der Trift; Waldeingang am Festpl. Walldorf</desc>
		<src>HessenForst</src>
	</wpt>
	<wpt lat="50.266620819456975" lon="9.6003174517552221">
		<name>MKK-106</name>
		<cmt>Neuengronau Hutzelmühle, Ortsausgang Richtung Altengronau</cmt>
		<desc>Neuengronau Hutzelmühle, Ortsausgang Richtung Altengronau</desc>
		<src>HessenForst</src>
	</wpt>
	<wpt lat="51.142364872706544" lon="9.933133845955">
		<name>ESW-321</name>
		<cmt>Ortsausgang Richtung Kassel</cmt>
		<desc>Ortsausgang Richtung Kassel</desc>
		<src>HessenForst</src>
	</wpt>
	<wpt lat="50.50990492599648" lon="9.7165437130712977">
		<name>FD-260</name>
		<cmt>Fasanerie</cmt>
		<desc>Fasanerie</desc>
		<src>HessenForst</src>
	</wpt>
	<wpt lat="51.600082503965822" lon="9.5512094416775319">
		<name>KS-18</name>
		<cmt>Weserbrücke in Gieselwerder</cmt>
		<desc>Weserbrücke in Gieselwerder</desc>
		<src>HessenForst</src>
	</wpt>
	<wpt lat="49.566014616117378" lon="9.0707717878405365">
		<name>ERB-241</name>
		<cmt>Schöllenbach, Rathaus</cmt>
		<desc>Schöllenbach, Rathaus</desc>
		<src>HessenForst</src>
	</wpt>
	<wpt lat="50.522169355916986" lon="9.8479600254279198">
		<name>FD-340</name>
		<cmt>Thalauer Wald</cmt>
		<desc>Thalauer Wald</desc>
		<src>HessenForst</src>
	</wpt>
	<wpt lat="50.673464379246205" lon="8.7048199341714216">
		<name>GI-226</name>
		<cmt>Tankstelle</cmt>
		<desc>Tankstelle</desc>
		<src>HessenForst</src>
	</wpt>
	<wpt lat="51.004633413171945" lon="9.3201602638202239">
		<name>HR-874</name>
		<cmt>"Kastanie" am Waldeingang</cmt>
		<desc>"Kastanie" am Waldeingang</desc>
		<src>HessenForst</src>
	</wpt>
	<wpt lat="50.612915170029169" lon="8.1951023768436464">
		<name>LDK-222</name>
		<cmt>Windkraftanlage</cmt>
		<desc>Windkraftanlage</desc>
		<src>HessenForst</src>
	</wpt>
	<wpt lat="50.004737389973499" lon="8.8459439066448891">
		<name>OF-229</name>
		<cmt>Schutzhütte</cmt>
		<desc>Schutzhütte</desc>
		<src>HessenForst</src>
	</wpt>
	<wpt lat="50.540132608637016" lon="9.2102692390951351">
		<name>VB-31</name>
		<cmt>Schutzh. Charlottenhöhe</cmt>
		<desc>Schutzh. Charlottenhöhe</desc>
		<src>HessenForst</src>
	</wpt>
	<wpt lat="51.043654403019978" lon="9.4964931752863198">
		<name>HR-819</name>
		<cmt>Ruhlaub</cmt>
		<desc>Ruhlaub</desc>
		<src>HessenForst</src>
	</wpt>
	<wpt lat="51.12113645379042" lon="10.196011550007436">
		<name>ESW-362</name>
		<cmt>Waldeingang ca. 500 m südlich Heldra</cmt>
		<desc>Waldeingang ca. 500 m südlich Heldra</desc>
		<src>HessenForst</src>
	</wpt>
	<wpt lat="51.180238556039953" lon="9.309882570841749">
		<name>HR-15</name>
		<cmt>Sommerholz</cmt>
		<desc>Sommerholz</desc>
		<src>HessenForst</src>
	</wpt>
	<wpt lat="50.132521044290932" lon="8.3597356560922123">
		<name>MTK-16</name>
		<cmt>Parkplatz Waldlehrpfad Bremthal</cmt>
		<desc>Parkplatz Waldlehrpfad Bremthal</desc>
		<src>HessenForst</src>
	</wpt>
	<wpt lat="51.125574364569651" lon="9.1996303949832434">
		<name>KB-632</name>
		<cmt>Ortsmitte Mandern Straße Mittelscheid</cmt>
		<desc>Ortsmitte Mandern Straße Mittelscheid</desc>
		<src>HessenForst</src>
	</wpt>
	<wpt lat="51.002179973672163" lon="8.5506225706413179">
		<name>KB-724</name>
		<cmt>Anhöhe bei Ebenfeld</cmt>
		<desc>Anhöhe bei Ebenfeld</desc>
		<src>HessenForst</src>
	</wpt>
	<wpt lat="50.242492620926448" lon="9.3511204270165429">
		<name>MKK-49</name>
		<cmt>Eisenberg</cmt>
		<desc>Eisenberg</desc>
		<src>HessenForst</src>
	</wpt>
	<wpt lat="51.06222134310277" lon="9.1509528691673463">
		<name>HR-39</name>
		<cmt>Holzlagerplatz am  Waldecker Stein</cmt>
		<desc>Holzlagerplatz am  Waldecker Stein</desc>
		<src>HessenForst</src>
	</wpt>
	<wpt lat="51.408516336713113" lon="9.5804512936110946">
		<name>KS-214</name>
		<cmt>Forsthaus Wilhelmshausen</cmt>
		<desc>Forsthaus Wilhelmshausen</desc>
		<src>HessenForst</src>
	</wpt>
	<wpt lat="50.780162795762415" lon="8.3484722961354461">
		<name>LDK-394</name>
		<cmt>Nanzenbach -&amp;gt; Hirzenhain Bahnhof, ehemaliges Forsthaus Nanzenbach</cmt>
		<desc>Nanzenbach -&amp;gt; Hirzenhain Bahnhof, ehemaliges Forsthaus Nanzenbach</desc>
		<src>HessenForst</src>
	</wpt>
	<wpt lat="50.22184954113925" lon="8.2943203966001366">
		<name>RÜD-249</name>
		<cmt>Erddeponie</cmt>
		<desc>Erddeponie</desc>
		<src>HessenForst</src>
	</wpt>
	<wpt lat="50.96249671961835" lon="9.1643915701880623">
		<name>HR-344</name>
		<cmt>Bushaltestelle</cmt>
		<desc>Bushaltestelle</desc>
		<src>HessenForst</src>
	</wpt>
	<wpt lat="50.889605086625416" lon="9.4038237767519579">
		<name>HR-903</name>
		<cmt>Abzweig "Alte Hauptstraße"</cmt>
		<desc>Abzweig "Alte Hauptstraße"</desc>
		<src>HessenForst</src>
	</wpt>
	<wpt lat="50.550490841074584" lon="8.195179192298875">
		<name>LM-105</name>
		<cmt>Hotel Landhaus Höhler</cmt>
		<desc>Hotel Landhaus Höhler</desc>
		<src>HessenForst</src>
	</wpt>
	<wpt lat="51.175883107393197" lon="9.386243297063837">
		<name>HR-19</name>
		<cmt>Spielplatz Lamsberg</cmt>
		<desc>Spielplatz Lamsberg</desc>
		<src>HessenForst</src>
	</wpt>
	<wpt lat="49.758236703396911" lon="8.6846346115011634">
		<name>DA-204</name>
		<cmt>Parkplatz Sonneneck (Klingewald)</cmt>
		<desc>Parkplatz Sonneneck (Klingewald)</desc>
		<src>HessenForst</src>
	</wpt>
	<wpt lat="50.00925158686745" lon="8.5658526949273295">
		<name>GG-23</name>
		<cmt>Abzw. K 152/Panoramaweg; 1. Waldzuf. nach Ortsausgang Walldorf</cmt>
		<desc>Abzw. K 152/Panoramaweg; 1. Waldzuf. nach Ortsausgang Walldorf</desc>
		<src>HessenForst</src>
	</wpt>
	<wpt lat="50.06085903207024" lon="7.8761719702499029">
		<name>RÜD-326</name>
		<cmt>Rheinberger Hof</cmt>
		<desc>Rheinberger Hof</desc>
		<src>HessenForst</src>
	</wpt>
	<wpt lat="50.972401566912183" lon="9.2221241638922873">
		<name>HR-346</name>
		<cmt>Parkplatz Landsburg</cmt>
		<desc>Parkplatz Landsburg</desc>
		<src>HessenForst</src>
	</wpt>
	<wpt lat="49.809749504646199" lon="9.0143327880795461">
		<name>ERB-105</name>
		<cmt>OWK-Heim Versthütte</cmt>
		<desc>OWK-Heim Versthütte</desc>
		<src>HessenForst</src>
	</wpt>
	<wpt lat="50.448761999471337" lon="8.1901882868327931">
		<name>LM-328</name>
		<cmt>Abzweig "Alter Bahnhof"</cmt>
		<desc>Abzweig "Alter Bahnhof"</desc>
		<src>HessenForst</src>
	</wpt>
	<wpt lat="50.236873081809854" lon="8.1580442799857291">
		<name>RÜD-176</name>
		<cmt>Ortseingang Strinz - Tinitatis</cmt>
		<desc>Ortseingang Strinz - Tinitatis</desc>
		<src>HessenForst</src>
	</wpt>
	<wpt lat="49.411530393355392" lon="8.8277469449434474">
		<name>HP-401</name>
		<cmt>Neckarsteinach, Sportplatz</cmt>
		<desc>Neckarsteinach, Sportplatz</desc>
		<src>HessenForst</src>
	</wpt>
	<wpt lat="49.527088309571901" lon="8.9655293288012086">
		<name>ERB-261</name>
		<cmt>Gammelsbach, Tankstelle</cmt>
		<desc>Gammelsbach, Tankstelle</desc>
		<src>HessenForst</src>
	</wpt>
	<wpt lat="50.062105873853" lon="8.811824045084494">
		<name>OF-212</name>
		<cmt>Parkplatz am Friedhof</cmt>
		<desc>Parkplatz am Friedhof</desc>
		<src>HessenForst</src>
	</wpt>
	<wpt lat="50.703742610633881" lon="8.2773263781990973">
		<name>LDK-361</name>
		<cmt>Burg -&amp;gt; Uckersdorf, Abzweigung nach Donsbach</cmt>
		<desc>Burg -&amp;gt; Uckersdorf, Abzweigung nach Donsbach</desc>
		<src>HessenForst</src>
	</wpt>
	<wpt lat="51.405797656653569" lon="9.6067676080098661">
		<name>KS-216</name>
		<cmt>Rattbach</cmt>
		<desc>Rattbach</desc>
		<src>HessenForst</src>
	</wpt>
	<wpt lat="49.763961400204899" lon="8.6125659127339453">
		<name>DA-107</name>
		<cmt>Parkplatz an der Gasleitung</cmt>
		<desc>Parkplatz an der Gasleitung</desc>
		<src>HessenForst</src>
	</wpt>
	<wpt lat="49.740168921402251" lon="9.0373549422654644">
		<name>ERB-128</name>
		<cmt>Parkplatz Erlenbrunnen</cmt>
		<desc>Parkplatz Erlenbrunnen</desc>
		<src>HessenForst</src>
	</wpt>
	<wpt lat="51.095471607437617" lon="9.0843610946790587">
		<name>KB-621</name>
		<cmt>Parkplatz Stahlquelle - Pärrnerweg</cmt>
		<desc>Parkplatz Stahlquelle - Pärrnerweg</desc>
		<src>HessenForst</src>
	</wpt>
	<wpt lat="50.425050450778471" lon="8.1554530625153632">
		<name>LM-320</name>
		<cmt>Straßenkreuzung in Hofen</cmt>
		<desc>Straßenkreuzung in Hofen</desc>
		<src>HessenForst</src>
	</wpt>
	<wpt lat="51.329723574801541" lon="8.7877144525846926">
		<name>KB-125</name>
		<cmt>Friedhof Benkhausen</cmt>
		<desc>Friedhof Benkhausen</desc>
		<src>HessenForst</src>
	</wpt>
	<wpt lat="50.334487711089714" lon="9.6594994466472404">
		<name>MKK-93</name>
		<cmt>Schulwald</cmt>
		<desc>Schulwald</desc>
		<src>HessenForst</src>
	</wpt>
	<wpt lat="50.539268735834533" lon="8.1116670092363616">
		<name>LM-107</name>
		<cmt>Zufahrt &amp;gt; ehem.Forsthaus Waldmark</cmt>
		<desc>Zufahrt &amp;gt; ehem.Forsthaus Waldmark</desc>
		<src>HessenForst</src>
	</wpt>
	<wpt lat="50.141570720926367" lon="8.3271360443627866">
		<name>MTK-21</name>
		<cmt>Hellberg-Süd</cmt>
		<desc>Hellberg-Süd</desc>
		<src>HessenForst</src>
	</wpt>
	<wpt lat="49.803076379858666" lon="8.6582242218713183">
		<name>DA-918</name>
		<cmt>Parkplatz Zufahrt Frankenstein</cmt>
		<desc>Parkplatz Zufahrt Frankenstein</desc>
		<src>HessenForst</src>
	</wpt>
	<wpt lat="50.807352441688913" lon="8.5332725141070966">
		<name>MR-523</name>
		<cmt>Parkplatz Holzhausen</cmt>
		<desc>Parkplatz Holzhausen</desc>
		<src>HessenForst</src>
	</wpt>
	<wpt lat="50.145148457705702" lon="8.146271439055834">
		<name>RÜD-209</name>
		<cmt>P Schwimmbad</cmt>
		<desc>P Schwimmbad</desc>
		<src>HessenForst</src>
	</wpt>
	<wpt lat="51.193106623793817" lon="8.889160974703346">
		<name>KB-236</name>
		<cmt>Pegelhäuschen Einfahrt zur Heckelsburg</cmt>
		<desc>Pegelhäuschen Einfahrt zur Heckelsburg</desc>
		<src>HessenForst</src>
	</wpt>
	<wpt lat="49.679377041832502" lon="8.5359805419886943">
		<name>HP-307</name>
		<cmt>Sportplatz Einhausen-Nord</cmt>
		<desc>Sportplatz Einhausen-Nord</desc>
		<src>HessenForst</src>
	</wpt>
	<wpt lat="50.264536997638004" lon="9.4226779582144768">
		<name>MKK-4</name>
		<cmt>Waldhaus - Alsberg</cmt>
		<desc>Waldhaus - Alsberg</desc>
		<src>HessenForst</src>
	</wpt>
	<wpt lat="50.154819638035022" lon="9.4397092308066242">
		<name>MKK-328</name>
		<cmt>Waldparkplatz Langer Grund</cmt>
		<desc>Waldparkplatz Langer Grund</desc>
		<src>HessenForst</src>
	</wpt>
	<wpt lat="50.846992643742638" lon="8.6660108660936963">
		<name>MR-117</name>
		<cmt>Parkplatz an der alten Mühle</cmt>
		<desc>Parkplatz an der alten Mühle</desc>
		<src>HessenForst</src>
	</wpt>
	<wpt lat="51.343447626336996" lon="9.3574534182878804">
		<name>KS-568</name>
		<cmt>B 251 Zufahrt Schützenhaus</cmt>
		<desc>B 251 Zufahrt Schützenhaus</desc>
		<src>HessenForst</src>
	</wpt>
	<wpt lat="51.068650213391123" lon="8.7224875924769858">
		<name>KB-552</name>
		<cmt>Einmündung Himmelsbach L 3073</cmt>
		<desc>Einmündung Himmelsbach L 3073</desc>
		<src>HessenForst</src>
	</wpt>
	<wpt lat="49.564353651439504" lon="8.5310636601993259">
		<name>HP-117</name>
		<cmt>Kreuzung Panzerstr./Alte Poststrasse</cmt>
		<desc>Kreuzung Panzerstr./Alte Poststrasse</desc>
		<src>HessenForst</src>
	</wpt>
	<wpt lat="49.985039236357309" lon="8.7132529226848217">
		<name>OF-133</name>
		<cmt>Waldparkplatz "Albanusberg"</cmt>
		<desc>Waldparkplatz "Albanusberg"</desc>
		<src>HessenForst</src>
	</wpt>
	<wpt lat="50.163095034640889" lon="8.9976587111637496">
		<name>MKK-507</name>
		<cmt>Wasserwerk</cmt>
		<desc>Wasserwerk</desc>
		<src>HessenForst</src>
	</wpt>
	<wpt lat="50.409139185228035" lon="9.1711938797554708">
		<name>FB-142</name>
		<cmt>Notrufsäule</cmt>
		<desc>Notrufsäule</desc>
		<src>HessenForst</src>
	</wpt>
	<wpt lat="49.725674136479057" lon="8.9787408560292938">
		<name>ERB-141</name>
		<cmt>Parkplatz Schmelzbrunnen</cmt>
		<desc>Parkplatz Schmelzbrunnen</desc>
		<src>HessenForst</src>
	</wpt>
	<wpt lat="49.578275984654333" lon="9.041827606500906">
		<name>ERB-239</name>
		<cmt>Schöllenbach, Tunnelausgang Ost</cmt>
		<desc>Schöllenbach, Tunnelausgang Ost</desc>
		<src>HessenForst</src>
	</wpt>
	<wpt lat="51.197890602461349" lon="9.370213731636035">
		<name>HR-70</name>
		<cmt>Kammerberg  Odenberg</cmt>
		<desc>Kammerberg  Odenberg</desc>
		<src>HessenForst</src>
	</wpt>
	<wpt lat="50.931886062771177" lon="9.0058666967375078">
		<name>HR-444</name>
		<cmt>Orstmitte Heimbach</cmt>
		<desc>Orstmitte Heimbach</desc>
		<src>HessenForst</src>
	</wpt>
	<wpt lat="51.252619924397514" lon="9.3238199921649603">
		<name>HR-9</name>
		<cmt>Schwosbach Steinberg</cmt>
		<desc>Schwosbach Steinberg</desc>
		<src>HessenForst</src>
	</wpt>
	<wpt lat="49.75146096534165" lon="9.0048567410384184">
		<name>ERB-171</name>
		<cmt>Hochhäuser Bad König</cmt>
		<desc>Hochhäuser Bad König</desc>
		<src>HessenForst</src>
	</wpt>
	<wpt lat="49.757253016281197" lon="9.0707977182221917">
		<name>ERB-170</name>
		<cmt>Weiler Hengmantel</cmt>
		<desc>Weiler Hengmantel</desc>
		<src>HessenForst</src>
	</wpt>
	<wpt lat="49.828503766734251" lon="9.0174960914152784">
		<name>ERB-169</name>
		<cmt>Klinik am Hardtberg</cmt>
		<desc>Klinik am Hardtberg</desc>
		<src>HessenForst</src>
	</wpt>
	<wpt lat="49.80112966711507" lon="9.0503902907958658">
		<name>ERB-168</name>
		<cmt>Wasserwerk Mühlhausen</cmt>
		<desc>Wasserwerk Mühlhausen</desc>
		<src>HessenForst</src>
	</wpt>
	<wpt lat="49.811952741482713" lon="9.0628335589919793">
		<name>ERB-167</name>
		<cmt>Sophienhof</cmt>
		<desc>Sophienhof</desc>
		<src>HessenForst</src>
	</wpt>
	<wpt lat="49.821915082549566" lon="9.052860780632729">
		<name>ERB-166</name>
		<cmt>Tannenhof</cmt>
		<desc>Tannenhof</desc>
		<src>HessenForst</src>
	</wpt>
	<wpt lat="49.700344346612063" lon="8.9945285396119896">
		<name>ERB-195</name>
		<cmt>Steinich</cmt>
		<desc>Steinich</desc>
		<src>HessenForst</src>
	</wpt>
	<wpt lat="49.716204559652176" lon="8.920426774267936">
		<name>ERB-193</name>
		<cmt>Heidelberg</cmt>
		<desc>Heidelberg</desc>
		<src>HessenForst</src>
	</wpt>
	<wpt lat="49.713452755911781" lon="8.9190553848416094">
		<name>ERB-194</name>
		<cmt>Spreng</cmt>
		<desc>Spreng</desc>
		<src>HessenForst</src>
	</wpt>
	<wpt lat="49.729860664053689" lon="8.9066159695229423">
		<name>ERB-191</name>
		<cmt>Hoher Stein</cmt>
		<desc>Hoher Stein</desc>
		<src>HessenForst</src>
	</wpt>
	<wpt lat="49.7244457816345" lon="8.8885231626471892">
		<name>ERB-192</name>
		<cmt>Friedhof Ober-Kainsbach</cmt>
		<desc>Friedhof Ober-Kainsbach</desc>
		<src>HessenForst</src>
	</wpt>
	<wpt lat="49.739329967099842" lon="8.879810149243756">
		<name>ERB-190</name>
		<cmt>Steinberg</cmt>
		<desc>Steinberg</desc>
		<src>HessenForst</src>
	</wpt>
	<wpt lat="49.751786649865736" lon="8.9122395394184082">
		<name>ERB-187</name>
		<cmt>Steinbruch Röhrich</cmt>
		<desc>Steinbruch Röhrich</desc>
		<src>HessenForst</src>
	</wpt>
	<wpt lat="49.754543462726822" lon="8.8975487327102503">
		<name>ERB-186</name>
		<cmt>Landschulheim</cmt>
		<desc>Landschulheim</desc>
		<src>HessenForst</src>
	</wpt>
	<wpt lat="50.485080373445676" lon="9.7672658029963699">
		<name>FD-713</name>
		<cmt>Lütter</cmt>
		<desc>Lütter</desc>
		<src>HessenForst</src>
	</wpt>
	<wpt lat="50.019480428526307" lon="8.5009924774166592">
		<name>GG-104</name>
		<cmt>Steg  Schneis Keuzung Mönchhofschneise</cmt>
		<desc>Steg  Schneis Keuzung Mönchhofschneise</desc>
		<src>HessenForst</src>
	</wpt>
	<wpt lat="49.967855931448561" lon="8.5279712261718945">
		<name>GG-106</name>
		<cmt>Wegekreuzung Nauheimer Straße / Rüsselsheimer Straße</cmt>
		<desc>Wegekreuzung Nauheimer Straße / Rüsselsheimer Straße</desc>
		<src>HessenForst</src>
	</wpt>
	<wpt lat="49.951425560057963" lon="8.5577385516681446">
		<name>GG-107</name>
		<cmt>Revierförsterei Wiesenthal</cmt>
		<desc>Revierförsterei Wiesenthal</desc>
		<src>HessenForst</src>
	</wpt>
	<wpt lat="51.279520479332191" lon="9.812768035093983">
		<name>ESW-129</name>
		<cmt>Roter See</cmt>
		<desc>Roter See</desc>
		<src>HessenForst</src>
	</wpt>
	<wpt lat="51.285849417728301" lon="9.7784575918164478">
		<name>ESW-130</name>
		<cmt>Vielarmiger Wegweiser</cmt>
		<desc>Vielarmiger Wegweiser</desc>
		<src>HessenForst</src>
	</wpt>
	<wpt lat="51.293396508107108" lon="9.7194542284469634">
		<name>ESW-168</name>
		<cmt>Kreuzung Steile Straße</cmt>
		<desc>Kreuzung Steile Straße</desc>
		<src>HessenForst</src>
	</wpt>
	<wpt lat="51.295271037030616" lon="9.6776303543600726">
		<name>ESW-167</name>
		<cmt>Kreuzung Steinbachstr./ mittlere Niestetalstr.</cmt>
		<desc>Kreuzung Steinbachstr./ mittlere Niestetalstr.</desc>
		<src>HessenForst</src>
	</wpt>
	<wpt lat="51.197454496795459" lon="9.7802975720879388">
		<name>ESW-165</name>
		<cmt>Alte Straße Walburg</cmt>
		<desc>Alte Straße Walburg</desc>
		<src>HessenForst</src>
	</wpt>
	<wpt lat="51.151008382795347" lon="9.2313408326615267">
		<name>HR-1</name>
		<cmt>Sauerbrunnen Geismar</cmt>
		<desc>Sauerbrunnen Geismar</desc>
		<src>HessenForst</src>
	</wpt>
	<wpt lat="51.091449303140017" lon="9.1782623982981253">
		<name>HR-441</name>
		<cmt>Hochbehälter Wenzigerode</cmt>
		<desc>Hochbehälter Wenzigerode</desc>
		<src>HessenForst</src>
	</wpt>
	<wpt lat="50.184212318212765" lon="9.2800150301948552">
		<name>MKK-304</name>
		<cmt>Gewerbegebiet Strutt, Einfahrt Sägewerk Krenzer</cmt>
		<desc>Gewerbegebiet Strutt, Einfahrt Sägewerk Krenzer</desc>
		<src>HessenForst</src>
	</wpt>
	<wpt lat="49.626079606648105" lon="8.760986369580678">
		<name>HP-261</name>
		<cmt>Feuerwehr Rimbach</cmt>
		<desc>Feuerwehr Rimbach</desc>
		<src>HessenForst</src>
	</wpt>
	<wpt lat="49.563840481979405" lon="8.7710023527099423">
		<name>HP-251</name>
		<cmt>Feuerwehrstützpunkt Vöckelsbach</cmt>
		<desc>Feuerwehrstützpunkt Vöckelsbach</desc>
		<src>HessenForst</src>
	</wpt>
	<wpt lat="49.561035173741502" lon="8.6951482238588511">
		<name>HP-252</name>
		<cmt>Neue Brücke Birkenau</cmt>
		<desc>Neue Brücke Birkenau</desc>
		<src>HessenForst</src>
	</wpt>
	<wpt lat="49.551530485923266" lon="8.718855383270915">
		<name>HP-253</name>
		<cmt>Parkplatz Kallstädter Tal</cmt>
		<desc>Parkplatz Kallstädter Tal</desc>
		<src>HessenForst</src>
	</wpt>
	<wpt lat="49.77312312372792" lon="8.852454945698403">
		<name>ERB-196</name>
		<cmt>Hufeisenweg West</cmt>
		<desc>Hufeisenweg West</desc>
		<src>HessenForst</src>
	</wpt>
	<wpt lat="49.789736679688019" lon="8.9295006947011277">
		<name>ERB-198</name>
		<cmt>See - Hassenroth</cmt>
		<desc>See - Hassenroth</desc>
		<src>HessenForst</src>
	</wpt>
	<wpt lat="50.243140261456098" lon="8.7145814584560064">
		<name>FB-24</name>
		<cmt>Alte Heerstrasse</cmt>
		<desc>Alte Heerstrasse</desc>
		<src>HessenForst</src>
	</wpt>
	<wpt lat="51.617798300216876" lon="9.4602556652083987">
		<name>KS-9</name>
		<cmt>Helmershausen - Industriegebiet</cmt>
		<desc>Helmershausen - Industriegebiet</desc>
		<src>HessenForst</src>
	</wpt>
	<wpt lat="51.057444870146796" lon="9.1276611374683831">
		<name>KB-637</name>
		<cmt>Gershäuser Hof</cmt>
		<desc>Gershäuser Hof</desc>
		<src>HessenForst</src>
	</wpt>
	<wpt lat="51.077189422744731" lon="9.1224161826471342">
		<name>KB-636</name>
		<cmt>Orstausgang Braunau</cmt>
		<desc>Orstausgang Braunau</desc>
		<src>HessenForst</src>
	</wpt>
	<wpt lat="51.187160400063028" lon="9.0844826699932764">
		<name>KB-433</name>
		<cmt>Bushaltestelle Buhlen</cmt>
		<desc>Bushaltestelle Buhlen</desc>
		<src>HessenForst</src>
	</wpt>
	<wpt lat="51.187502435502495" lon="9.0305048858460992">
		<name>KB-432</name>
		<cmt>Parkplatz Baumkronenpfad</cmt>
		<desc>Parkplatz Baumkronenpfad</desc>
		<src>HessenForst</src>
	</wpt>
	<wpt lat="51.148402501672258" lon="9.1013646294448591">
		<name>KB-431</name>
		<cmt>Grundmühle</cmt>
		<desc>Grundmühle</desc>
		<src>HessenForst</src>
	</wpt>
	<wpt lat="51.203624402592318" lon="9.0684140546672207">
		<name>KB-261</name>
		<cmt>Einfahrt Eckeweg</cmt>
		<desc>Einfahrt Eckeweg</desc>
		<src>HessenForst</src>
	</wpt>
	<wpt lat="50.560408239746451" lon="8.3519962561492083">
		<name>LDK-1</name>
		<cmt>Hundeplatz</cmt>
		<desc>Hundeplatz</desc>
		<src>HessenForst</src>
	</wpt>
	<wpt lat="50.516577446193622" lon="8.112188823933673">
		<name>LM-363</name>
		<cmt>Rathaus Fussingen, Hauser Kirchweg</cmt>
		<desc>Rathaus Fussingen, Hauser Kirchweg</desc>
		<src>HessenForst</src>
	</wpt>
	<wpt lat="50.46991056400195" lon="8.1682116101587585">
		<name>LM-365</name>
		<cmt>Waldbeginn "Karoth"</cmt>
		<desc>Waldbeginn "Karoth"</desc>
		<src>HessenForst</src>
	</wpt>
	<wpt lat="49.752565667666012" lon="8.9275834373234151">
		<name>ERB-188</name>
		<cmt>Hochwallbach</cmt>
		<desc>Hochwallbach</desc>
		<src>HessenForst</src>
	</wpt>
	<wpt lat="49.746378055154288" lon="8.8988124044259092">
		<name>ERB-189</name>
		<cmt>Friedhof Affhöllerbach</cmt>
		<desc>Friedhof Affhöllerbach</desc>
		<src>HessenForst</src>
	</wpt>
	<wpt lat="49.780134512140378" lon="8.9158138313961857">
		<name>ERB-184</name>
		<cmt>Hermesberg</cmt>
		<desc>Hermesberg</desc>
		<src>HessenForst</src>
	</wpt>
	<wpt lat="49.771316609936235" lon="8.9245507472494161">
		<name>ERB-185</name>
		<cmt>Gumpersberg</cmt>
		<desc>Gumpersberg</desc>
		<src>HessenForst</src>
	</wpt>
	<wpt lat="49.733990094223252" lon="8.8513534531679081">
		<name>ERB-182</name>
		<cmt>Michelbach</cmt>
		<desc>Michelbach</desc>
		<src>HessenForst</src>
	</wpt>
	<wpt lat="49.657372004987508" lon="9.0199559367562259">
		<name>ERB-178</name>
		<cmt>Parkplatz Dreiseetal</cmt>
		<desc>Parkplatz Dreiseetal</desc>
		<src>HessenForst</src>
	</wpt>
	<wpt lat="49.610300002403449" lon="9.0093905294436407">
		<name>ERB-177</name>
		<cmt>Ebersberger Kopf</cmt>
		<desc>Ebersberger Kopf</desc>
		<src>HessenForst</src>
	</wpt>
	<wpt lat="49.612645506196429" lon="8.9613533071706613">
		<name>ERB-176</name>
		<cmt>Zulauf Marbachstausee</cmt>
		<desc>Zulauf Marbachstausee</desc>
		<src>HessenForst</src>
	</wpt>
	<wpt lat="49.737405303751011" lon="8.9651528001723797">
		<name>ERB-172</name>
		<cmt>Kreuzung zum Herrenwäldchen</cmt>
		<desc>Kreuzung zum Herrenwäldchen</desc>
		<src>HessenForst</src>
	</wpt>
	<wpt lat="49.735908621188607" lon="8.5238531371666255">
		<name>GG-96</name>
		<cmt>Venulethschneise, Schutzhütte</cmt>
		<desc>Venulethschneise, Schutzhütte</desc>
		<src>HessenForst</src>
	</wpt>
	<wpt lat="50.000873482484295" lon="8.5531461734622525">
		<name>GG-98</name>
		<cmt>Angelsee Walldorf</cmt>
		<desc>Angelsee Walldorf</desc>
		<src>HessenForst</src>
	</wpt>
	<wpt lat="49.962698235289842" lon="8.504847765876649">
		<name>GG-100</name>
		<cmt>Kreuzung Blechschn./Möchbruchpfadschn., Schutzhütte Blechschneise</cmt>
		<desc>Kreuzung Blechschn./Möchbruchpfadschn., Schutzhütte Blechschneise</desc>
		<src>HessenForst</src>
	</wpt>
	<wpt lat="49.988228692765574" lon="8.5374042593802226">
		<name>GG-101</name>
		<cmt>Genovevahütte</cmt>
		<desc>Genovevahütte</desc>
		<src>HessenForst</src>
	</wpt>
	<wpt lat="49.976269738582864" lon="8.6230002578671918">
		<name>GG-102</name>
		<cmt>Nauheimer Oberwald, Kreuzung Kalbschneise/Helenenbrunnenschneise</cmt>
		<desc>Nauheimer Oberwald, Kreuzung Kalbschneise/Helenenbrunnenschneise</desc>
		<src>HessenForst</src>
	</wpt>
	<wpt lat="49.949134819866401" lon="8.4903075178348093">
		<name>GG-103</name>
		<cmt>Willi Ostheim Hütte</cmt>
		<desc>Willi Ostheim Hütte</desc>
		<src>HessenForst</src>
	</wpt>
	<wpt lat="51.115690376355673" lon="10.037499908235457">
		<name>ESW-64</name>
		<cmt>Östlich Datterode</cmt>
		<desc>Östlich Datterode</desc>
		<src>HessenForst</src>
	</wpt>
	<wpt lat="51.105667241432954" lon="10.059003014412566">
		<name>ESW-65</name>
		<cmt>B 7 Röhrda</cmt>
		<desc>B 7 Röhrda</desc>
		<src>HessenForst</src>
	</wpt>
	<wpt lat="51.081231919596704" lon="10.033207820346329">
		<name>ESW-66</name>
		<cmt>Kläranlage Grandenborn</cmt>
		<desc>Kläranlage Grandenborn</desc>
		<src>HessenForst</src>
	</wpt>
	<wpt lat="51.04796230081098" lon="10.111229033216144">
		<name>ESW-69</name>
		<cmt>Nördlich Markershausen</cmt>
		<desc>Nördlich Markershausen</desc>
		<src>HessenForst</src>
	</wpt>
	<wpt lat="51.03052362468209" lon="10.201107102199536">
		<name>ESW-70</name>
		<cmt>Östlich Willershausen</cmt>
		<desc>Östlich Willershausen</desc>
		<src>HessenForst</src>
	</wpt>
	<wpt lat="51.012717389367339" lon="10.165055411447492">
		<name>ESW-71</name>
		<cmt>Herleshausen Russenfriedhof</cmt>
		<desc>Herleshausen Russenfriedhof</desc>
		<src>HessenForst</src>
	</wpt>
	<wpt lat="51.023121688438529" lon="10.150195230628379">
		<name>ESW-72</name>
		<cmt>Herleshausen Neue Mühle</cmt>
		<desc>Herleshausen Neue Mühle</desc>
		<src>HessenForst</src>
	</wpt>
	<wpt lat="51.020559385250657" lon="10.06926767677159">
		<name>ESW-73</name>
		<cmt>Unhausen/Berlitzgrube</cmt>
		<desc>Unhausen/Berlitzgrube</desc>
		<src>HessenForst</src>
	</wpt>
	<wpt lat="51.040893435449398" lon="10.087671550586995">
		<name>ESW-74</name>
		<cmt>Holzhausen Hohenhaus</cmt>
		<desc>Holzhausen Hohenhaus</desc>
		<src>HessenForst</src>
	</wpt>
	<wpt lat="51.235620653415488" lon="10.067820117496517">
		<name>ESW-298</name>
		<cmt>Völkeröder Weg "Gerhard Thomas-Stein"</cmt>
		<desc>Völkeröder Weg "Gerhard Thomas-Stein"</desc>
		<src>HessenForst</src>
	</wpt>
	<wpt lat="51.218055490374894" lon="10.080923740905098">
		<name>ESW-299</name>
		<cmt>Abzweig zur Hasselkuppe</cmt>
		<desc>Abzweig zur Hasselkuppe</desc>
		<src>HessenForst</src>
	</wpt>
	<wpt lat="51.210765990002002" lon="10.098623144984685">
		<name>ESW-300</name>
		<cmt>Zufahrt  "Kleiner Kessel"</cmt>
		<desc>Zufahrt  "Kleiner Kessel"</desc>
		<src>HessenForst</src>
	</wpt>
	<wpt lat="51.161011456845401" lon="9.1182937583234089">
		<name>KB-430</name>
		<cmt>Zufahrt Nasslagerplatz</cmt>
		<desc>Zufahrt Nasslagerplatz</desc>
		<src>HessenForst</src>
	</wpt>
	<wpt lat="50.840965147707358" lon="8.9018286094786205">
		<name>MR-229</name>
		<cmt>Feuerwehrhaus Kirchhain-Stausebach</cmt>
		<desc>Feuerwehrhaus Kirchhain-Stausebach</desc>
		<src>HessenForst</src>
	</wpt>
	<wpt lat="50.790866716803613" lon="8.8175151457446912">
		<name>MR-421</name>
		<cmt>Elisabethbrunnen Schröck</cmt>
		<desc>Elisabethbrunnen Schröck</desc>
		<src>HessenForst</src>
	</wpt>
	<wpt lat="50.798452216428849" lon="8.8057925392073599">
		<name>MR-423</name>
		<cmt>Förstereiche</cmt>
		<desc>Förstereiche</desc>
		<src>HessenForst</src>
	</wpt>
	<wpt lat="50.789203570339772" lon="9.371962294077921">
		<name>VB-230</name>
		<cmt>Straße Berfa - Ottrau Waldeingang links</cmt>
		<desc>Straße Berfa - Ottrau Waldeingang links</desc>
		<src>HessenForst</src>
	</wpt>
	<wpt lat="50.248553390783378" lon="8.2352209808104906">
		<name>RÜD-263</name>
		<cmt>Kreuzung zur L 3275, Saubrücke</cmt>
		<desc>Kreuzung zur L 3275, Saubrücke</desc>
		<src>HessenForst</src>
	</wpt>
	<wpt lat="50.561619699873752" lon="8.7110361660094497">
		<name>GI-3</name>
		<cmt>Parkpl. an der Hausener Str.</cmt>
		<desc>Parkpl. an der Hausener Str.</desc>
		<src>HessenForst</src>
	</wpt>
	<wpt lat="50.511849203499764" lon="8.2948585838840625">
		<name>LM-118</name>
		<cmt>"Dicke Eiche / Zigeunereiche"</cmt>
		<desc>"Dicke Eiche / Zigeunereiche"</desc>
		<src>HessenForst</src>
	</wpt>
	<wpt lat="51.053919136735828" lon="9.0640447066653831">
		<name>KB-626</name>
		<cmt>Friedhof  Armsfeld</cmt>
		<desc>Friedhof  Armsfeld</desc>
		<src>HessenForst</src>
	</wpt>
	<wpt lat="50.712107243405008" lon="9.3732909366997053">
		<name>VB-192</name>
		<cmt>Auerberg Kreuz</cmt>
		<desc>Auerberg Kreuz</desc>
		<src>HessenForst</src>
	</wpt>
	<wpt lat="50.261727020284155" lon="9.2786985746827675">
		<name>MKK-54</name>
		<cmt>Wächtersbach</cmt>
		<desc>Wächtersbach</desc>
		<src>HessenForst</src>
	</wpt>
	<wpt lat="49.58498961889574" lon="8.6994387696579984">
		<name>HP-219</name>
		<cmt>Feuerwehrgerätehaus Nd. Liebersbach</cmt>
		<desc>Feuerwehrgerätehaus Nd. Liebersbach</desc>
		<src>HessenForst</src>
	</wpt>
	<wpt lat="51.246117347302629" lon="9.0828724269719761">
		<name>KB-601</name>
		<cmt>Straße Netze-Freien-hagen, Parkplatz Waldeingang</cmt>
		<desc>Straße Netze-Freien-hagen, Parkplatz Waldeingang</desc>
		<src>HessenForst</src>
	</wpt>
	<wpt lat="50.985480085111121" lon="9.4711810333043633">
		<name>HR-833</name>
		<cmt>Friedhof Reddingshausen</cmt>
		<desc>Friedhof Reddingshausen</desc>
		<src>HessenForst</src>
	</wpt>
	<wpt lat="50.519987975221774" lon="9.6009377116552965">
		<name>FD-553</name>
		<cmt>Istergiesel Schäferweg</cmt>
		<desc>Istergiesel Schäferweg</desc>
		<src>HessenForst</src>
	</wpt>
	<wpt lat="49.866972012820611" lon="8.6197540795715462">
		<name>DA-74</name>
		<cmt>Darmstadt Autobahnpolizei</cmt>
		<desc>Darmstadt Autobahnpolizei</desc>
		<src>HessenForst</src>
	</wpt>
	<wpt lat="50.753499815310953" lon="9.4133131914122252">
		<name>VB-176</name>
		<cmt>Lingelbach Richtung Bieben</cmt>
		<desc>Lingelbach Richtung Bieben</desc>
		<src>HessenForst</src>
	</wpt>
	<wpt lat="49.433857250729332" lon="8.8517980298568517">
		<name>HP-403</name>
		<cmt>Grein, Parkpl. "Kreuzschlag" (Jugendzeltpl.)</cmt>
		<desc>Grein, Parkpl. "Kreuzschlag" (Jugendzeltpl.)</desc>
		<src>HessenForst</src>
	</wpt>
	<wpt lat="49.852964567574126" lon="8.8521927748903728">
		<name>DA-174</name>
		<cmt>Reinheimer Teich</cmt>
		<desc>Reinheimer Teich</desc>
		<src>HessenForst</src>
	</wpt>
	<wpt lat="51.250479552478588" lon="9.1702655786234093">
		<name>KS-604</name>
		<cmt>L 3215 Naumburg, Haus des Gastes</cmt>
		<desc>L 3215 Naumburg, Haus des Gastes</desc>
		<src>HessenForst</src>
	</wpt>
	<wpt lat="51.161309906552816" lon="8.9321869962192793">
		<name>KB-434</name>
		<cmt>Webersfichten</cmt>
		<desc>Webersfichten</desc>
		<src>HessenForst</src>
	</wpt>
	<wpt lat="51.070383101436327" lon="9.5714727101383428">
		<name>HR-801</name>
		<cmt>Eselgraben</cmt>
		<desc>Eselgraben</desc>
		<src>HessenForst</src>
	</wpt>
	<wpt lat="51.235388165668965" lon="10.039309335383599">
		<name>ESW-304</name>
		<cmt>Bushaltestelle bei Kirche</cmt>
		<desc>Bushaltestelle bei Kirche</desc>
		<src>HessenForst</src>
	</wpt>
	<wpt lat="49.62767852396496" lon="8.9987414311782405">
		<name>ERB-39</name>
		<cmt>Schönnen nach Bahnunterführung</cmt>
		<desc>Schönnen nach Bahnunterführung</desc>
		<src>HessenForst</src>
	</wpt>
	<wpt lat="50.6537936484822" lon="10.042945709709574">
		<name>FD-703</name>
		<cmt>PW  Tann - Eselskopf</cmt>
		<desc>PW  Tann - Eselskopf</desc>
		<src>HessenForst</src>
	</wpt>
	<wpt lat="49.712375432253445" lon="8.6277692681854887">
		<name>HP-314</name>
		<cmt>Waldparkplatz Höllberg Bensheim-Auerbach</cmt>
		<desc>Waldparkplatz Höllberg Bensheim-Auerbach</desc>
		<src>HessenForst</src>
	</wpt>
	<wpt lat="49.984664506602833" lon="8.4818536575628176">
		<name>GG-36</name>
		<cmt>Abzw. B 486/Alte Frankfurter Str.; Waldzufahrt</cmt>
		<desc>Abzw. B 486/Alte Frankfurter Str.; Waldzufahrt</desc>
		<src>HessenForst</src>
	</wpt>
	<wpt lat="50.95077333691453" lon="8.4745725211390148">
		<name>MR-25</name>
		<cmt>Wallau Hühnerfarm</cmt>
		<desc>Wallau Hühnerfarm</desc>
		<src>HessenForst</src>
	</wpt>
	<wpt lat="50.762749715804254" lon="9.3370010704951376">
		<name>VB-202</name>
		<cmt>Elbenröder Straße bis Kreuzung Espstraße (Wegespinne)</cmt>
		<desc>Elbenröder Straße bis Kreuzung Espstraße (Wegespinne)</desc>
		<src>HessenForst</src>
	</wpt>
	<wpt lat="49.726434735208286" lon="9.0236565847047014">
		<name>ERB-130</name>
		<cmt>Parkplatz Sportlerheim</cmt>
		<desc>Parkplatz Sportlerheim</desc>
		<src>HessenForst</src>
	</wpt>
	<wpt lat="50.195516968372459" lon="8.486976210718872">
		<name>HG-30</name>
		<cmt>Friedhof-Parkplatz</cmt>
		<desc>Friedhof-Parkplatz</desc>
		<src>HessenForst</src>
	</wpt>
	<wpt lat="51.063226063697385" lon="8.6241504547434022">
		<name>KB-802</name>
		<cmt>Wilhelmshütte</cmt>
		<desc>Wilhelmshütte</desc>
		<src>HessenForst</src>
	</wpt>
	<wpt lat="51.191449083192914" lon="8.9495334597225256">
		<name>KB-262</name>
		<cmt>Parkplatz Aselbucht</cmt>
		<desc>Parkplatz Aselbucht</desc>
		<src>HessenForst</src>
	</wpt>
	<wpt lat="50.791864987542553" lon="9.2761632488963386">
		<name>VB-207</name>
		<cmt>Waldanfang Abzweig Hattendorf</cmt>
		<desc>Waldanfang Abzweig Hattendorf</desc>
		<src>HessenForst</src>
	</wpt>
	<wpt lat="50.486722935246561" lon="8.314513785129785">
		<name>LM-126</name>
		<cmt>Parkplatz "Pfannenstiel"</cmt>
		<desc>Parkplatz "Pfannenstiel"</desc>
		<src>HessenForst</src>
	</wpt>
	<wpt lat="49.981244588469387" lon="8.4933273414125789">
		<name>GG-35</name>
		<cmt>Abzw. B 486/Schlangenlochweg; Waldparkpl. Schlangenlochweg</cmt>
		<desc>Abzw. B 486/Schlangenlochweg; Waldparkpl. Schlangenlochweg</desc>
		<src>HessenForst</src>
	</wpt>
	<wpt lat="51.004922751549962" lon="8.7854745654999444">
		<name>KB-830</name>
		<cmt>Abzweig Herrenweg (Beregnungsplatz)</cmt>
		<desc>Abzweig Herrenweg (Beregnungsplatz)</desc>
		<src>HessenForst</src>
	</wpt>
	<wpt lat="51.132351257653923" lon="9.1054968900813833">
		<name>KB-615</name>
		<cmt>Waldeingang Nähe Grillhütte Schwedenschanze</cmt>
		<desc>Waldeingang Nähe Grillhütte Schwedenschanze</desc>
		<src>HessenForst</src>
	</wpt>
	<wpt lat="51.55042890544658" lon="9.5500766175005296">
		<name>KS-111</name>
		<cmt>Forstscheid</cmt>
		<desc>Forstscheid</desc>
		<src>HessenForst</src>
	</wpt>
	<wpt lat="49.790449247101677" lon="8.6480299059111303">
		<name>DA-305</name>
		<cmt>Friedhof Malchen</cmt>
		<desc>Friedhof Malchen</desc>
		<src>HessenForst</src>
	</wpt>
	<wpt lat="50.108961774246474" lon="7.9647485092259256">
		<name>RÜD-381</name>
		<cmt>Campingplatz Matzenmühle</cmt>
		<desc>Campingplatz Matzenmühle</desc>
		<src>HessenForst</src>
	</wpt>
	<wpt lat="50.94291411965704" lon="8.6718055174272592">
		<name>MR-103</name>
		<cmt>Abzweig K 85</cmt>
		<desc>Abzweig K 85</desc>
		<src>HessenForst</src>
	</wpt>
	<wpt lat="50.512872159335686" lon="9.601136919816323">
		<name>FD-509</name>
		<cmt>ehem. Forsthaus Istergiesel</cmt>
		<desc>ehem. Forsthaus Istergiesel</desc>
		<src>HessenForst</src>
	</wpt>
	<wpt lat="50.733375162777314" lon="8.2747642441216502">
		<name>LDK-372</name>
		<cmt>Dillenburg -&amp;gt; Donsbach unter der Autobahnbrücke, Einfahrt "Tal Tempe"</cmt>
		<desc>Dillenburg -&amp;gt; Donsbach unter der Autobahnbrücke, Einfahrt "Tal Tempe"</desc>
		<src>HessenForst</src>
	</wpt>
	<wpt lat="50.778159031352303" lon="8.4432908093156094">
		<name>LDK-344</name>
		<cmt>Obergasse, Ortseingang</cmt>
		<desc>Obergasse, Ortseingang</desc>
		<src>HessenForst</src>
	</wpt>
	<wpt lat="49.671434715084992" lon="9.0272398233595954">
		<name>ERB-75</name>
		<cmt>Parkplatz Stockheimer Eiche</cmt>
		<desc>Parkplatz Stockheimer Eiche</desc>
		<src>HessenForst</src>
	</wpt>
	<wpt lat="50.234442275394052" lon="9.038562865448295">
		<name>MKK-808</name>
		<cmt>Waldschranke (ca. 500 m nach Ortsende)</cmt>
		<desc>Waldschranke (ca. 500 m nach Ortsende)</desc>
		<src>HessenForst</src>
	</wpt>
	<wpt lat="49.560272109394965" lon="8.5835369916885647">
		<name>HP-103</name>
		<cmt>Waldparkplatz Lorscher Straße</cmt>
		<desc>Waldparkplatz Lorscher Straße</desc>
		<src>HessenForst</src>
	</wpt>
	<wpt lat="49.980662011329002" lon="8.9285333512804002">
		<name>DA-318</name>
		<cmt>Einfahrt Grillplatz, Notrufsäule</cmt>
		<desc>Einfahrt Grillplatz, Notrufsäule</desc>
		<src>HessenForst</src>
	</wpt>
	<wpt lat="49.991156953813281" lon="8.7689971524819068">
		<name>OF-115</name>
		<cmt>Wendehammer, Abt. 43</cmt>
		<desc>Wendehammer, Abt. 43</desc>
		<src>HessenForst</src>
	</wpt>
	<wpt lat="50.53252545185395" lon="9.461866298391957">
		<name>FD-547</name>
		<cmt>Waldeingang von Blankenau</cmt>
		<desc>Waldeingang von Blankenau</desc>
		<src>HessenForst</src>
	</wpt>
	<wpt lat="50.633991312727318" lon="9.9759511677625063">
		<name>FD-369</name>
		<cmt>Habel Ortsrand</cmt>
		<desc>Habel Ortsrand</desc>
		<src>HessenForst</src>
	</wpt>
	<wpt lat="49.684275496615072" lon="8.7874471921056614">
		<name>HP-203</name>
		<cmt>Parkpl. Ortsausgang Lindenfels, Richtung Gumpener Kreuz</cmt>
		<desc>Parkpl. Ortsausgang Lindenfels, Richtung Gumpener Kreuz</desc>
		<src>HessenForst</src>
	</wpt>
	<wpt lat="50.999432490968843" lon="9.4308866677043053">
		<name>HR-830</name>
		<cmt>"Pflanzgarten"</cmt>
		<desc>"Pflanzgarten"</desc>
		<src>HessenForst</src>
	</wpt>
	<wpt lat="50.787548137255136" lon="8.7362560851922826">
		<name>MR-425</name>
		<cmt>Grillplatz "Runder Baum"</cmt>
		<desc>Grillplatz "Runder Baum"</desc>
		<src>HessenForst</src>
	</wpt>
	<wpt lat="50.714057127972218" lon="8.824318065646807">
		<name>MR-326</name>
		<cmt>Sportplatz Leidenhofen</cmt>
		<desc>Sportplatz Leidenhofen</desc>
		<src>HessenForst</src>
	</wpt>
	<wpt lat="50.253521034288845" lon="8.9421401227276593">
		<name>MKK-904</name>
		<cmt>Aurora-Hütte</cmt>
		<desc>Aurora-Hütte</desc>
		<src>HessenForst</src>
	</wpt>
	<wpt lat="49.654789672887539" lon="8.5015414861581089">
		<name>HP-114</name>
		<cmt>"In der Stubentränke"</cmt>
		<desc>"In der Stubentränke"</desc>
		<src>HessenForst</src>
	</wpt>
	<wpt lat="49.676157637762053" lon="8.6558889816546731">
		<name>HP-331</name>
		<cmt>Bordmühle Zell (Friedhof Zell)</cmt>
		<desc>Bordmühle Zell (Friedhof Zell)</desc>
		<src>HessenForst</src>
	</wpt>
	<wpt lat="50.583712617771859" lon="10.015827932289231">
		<name>FD-360</name>
		<cmt>Parkplatz Köpfchen</cmt>
		<desc>Parkplatz Köpfchen</desc>
		<src>HessenForst</src>
	</wpt>
	<wpt lat="50.134967297988496" lon="9.1078802132018772">
		<name>MKK-229</name>
		<cmt>ADAC - und Festplatz Somborn</cmt>
		<desc>ADAC - und Festplatz Somborn</desc>
		<src>HessenForst</src>
	</wpt>
	<wpt lat="50.694321850850784" lon="8.7194754442585296">
		<name>MR-447</name>
		<cmt>am westl. Ortsrand von Sichertshausen auf der Zufahrt von der alten B 3 zur alten Lahnbrücke</cmt>
		<desc>am westl. Ortsrand von Sichertshausen auf der Zufahrt von der alten B 3 zur alten Lahnbrücke</desc>
		<src>HessenForst</src>
	</wpt>
	<wpt lat="50.325224911987114" lon="9.2758177114736373">
		<name>MKK-59</name>
		<cmt>Schächtelburg</cmt>
		<desc>Schächtelburg</desc>
		<src>HessenForst</src>
	</wpt>
	<wpt lat="49.552953364377942" lon="8.9311633917408582">
		<name>ERB-231</name>
		<cmt>Falken-Gesäß, Gasthaus "Krone"</cmt>
		<desc>Falken-Gesäß, Gasthaus "Krone"</desc>
		<src>HessenForst</src>
	</wpt>
	<wpt lat="50.721416341677383" lon="8.4258781270668113">
		<name>LDK-336</name>
		<cmt>Offenbacher Straße, Ortsmitte am Brunnen</cmt>
		<desc>Offenbacher Straße, Ortsmitte am Brunnen</desc>
		<src>HessenForst</src>
	</wpt>
	<wpt lat="50.305390239894791" lon="8.4638807052855789">
		<name>HG-64</name>
		<cmt>Hunoldstal er Wasserbehälter</cmt>
		<desc>Hunoldstal er Wasserbehälter</desc>
		<src>HessenForst</src>
	</wpt>
	<wpt lat="51.116276717753479" lon="8.8119703459011607">
		<name>KB-523</name>
		<cmt>Waldrand (Abt.36 Hermannskeller), Zufahrt über Punkt 527</cmt>
		<desc>Waldrand (Abt.36 Hermannskeller), Zufahrt über Punkt 527</desc>
		<src>HessenForst</src>
	</wpt>
	<wpt lat="50.971161567716386" lon="8.5023147327950763">
		<name>KB-738</name>
		<cmt>Hof Rhoda</cmt>
		<desc>Hof Rhoda</desc>
		<src>HessenForst</src>
	</wpt>
	<wpt lat="50.965585396967747" lon="8.6139133481878041">
		<name>KB-740</name>
		<cmt>Sportplatz Frohnhausen</cmt>
		<desc>Sportplatz Frohnhausen</desc>
		<src>HessenForst</src>
	</wpt>
	<wpt lat="50.998838580265769" lon="9.5544081600438897">
		<name>HR-809</name>
		<cmt>Wertholzplatz Rengshausen</cmt>
		<desc>Wertholzplatz Rengshausen</desc>
		<src>HessenForst</src>
	</wpt>
	<wpt lat="51.225648360056972" lon="8.9104365203607774">
		<name>KB-230</name>
		<cmt>Kindeloh -Nordseite</cmt>
		<desc>Kindeloh -Nordseite</desc>
		<src>HessenForst</src>
	</wpt>
	<wpt lat="49.72250698380131" lon="8.7849009525488579">
		<name>HP-200</name>
		<cmt>Parkplatz "Weinweg"</cmt>
		<desc>Parkplatz "Weinweg"</desc>
		<src>HessenForst</src>
	</wpt>
	<wpt lat="49.887583214505909" lon="8.8769950752191171">
		<name>DA-1</name>
		<cmt>Waldparkplatz an der B 45 hinter der Kompostierungsanlage</cmt>
		<desc>Waldparkplatz an der B 45 hinter der Kompostierungsanlage</desc>
		<src>HessenForst</src>
	</wpt>
	<wpt lat="49.76896594516473" lon="8.9799821280328853">
		<name>ERB-197</name>
		<cmt>Jägerstraße - Mümling-Grumbach</cmt>
		<desc>Jägerstraße - Mümling-Grumbach</desc>
		<src>HessenForst</src>
	</wpt>
	<wpt lat="49.764965796280897" lon="8.894327142093962">
		<name>ERB-1</name>
		<cmt>Parkplatz Waldschmiede</cmt>
		<desc>Parkplatz Waldschmiede</desc>
		<src>HessenForst</src>
	</wpt>
	<wpt lat="51.04249471900782" lon="8.7176071932987025">
		<name>KB-814</name>
		<cmt>Ehem. Forsthaus Ortsausgang  Haine, (Salamanderweg)</cmt>
		<desc>Ehem. Forsthaus Ortsausgang  Haine, (Salamanderweg)</desc>
		<src>HessenForst</src>
	</wpt>
	<wpt lat="50.173345245220105" lon="9.2700186641781261">
		<name>MKK-305</name>
		<cmt>Parkplatz an K 893 zwischen Lanzingen und Breitenborn</cmt>
		<desc>Parkplatz an K 893 zwischen Lanzingen und Breitenborn</desc>
		<src>HessenForst</src>
	</wpt>
	<wpt lat="49.846257079484303" lon="8.6365444341818449">
		<name>DA-77</name>
		<cmt>Darmstadt Doggenclub / Umspannwerk</cmt>
		<desc>Darmstadt Doggenclub / Umspannwerk</desc>
		<src>HessenForst</src>
	</wpt>
	<wpt lat="49.586166895482172" lon="8.7654564508652335">
		<name>HP-216</name>
		<cmt>Feuerwehrgerätehaus Weiher</cmt>
		<desc>Feuerwehrgerätehaus Weiher</desc>
		<src>HessenForst</src>
	</wpt>
	<wpt lat="50.680180261422215" lon="9.5370144698841148">
		<name>VB-331</name>
		<cmt>Abzweig Eisenberg</cmt>
		<desc>Abzweig Eisenberg</desc>
		<src>HessenForst</src>
	</wpt>
	<wpt lat="50.590404739309669" lon="9.9373966831720519">
		<name>FD-226</name>
		<cmt>Feldweg zwischen Gr. Grubenhauck</cmt>
		<desc>Feldweg zwischen Gr. Grubenhauck</desc>
		<src>HessenForst</src>
	</wpt>
	<wpt lat="50.26008125717469" lon="8.6266785882747001">
		<name>HG-2</name>
		<cmt>Ecke Waldrand</cmt>
		<desc>Ecke Waldrand</desc>
		<src>HessenForst</src>
	</wpt>
	<wpt lat="49.717946017723555" lon="8.5114167573057902">
		<name>HP-301</name>
		<cmt>Kapellschneise Groß-Rohrheim</cmt>
		<desc>Kapellschneise Groß-Rohrheim</desc>
		<src>HessenForst</src>
	</wpt>
	<wpt lat="50.457428049188444" lon="8.3255996594279331">
		<name>LM-201</name>
		<cmt>Essershäuser Weilbrücke</cmt>
		<desc>Essershäuser Weilbrücke</desc>
		<src>HessenForst</src>
	</wpt>
	<wpt lat="51.079830560658699" lon="8.630415615491577">
		<name>KB-708</name>
		<cmt>Viadukt an der B 236</cmt>
		<desc>Viadukt an der B 236</desc>
		<src>HessenForst</src>
	</wpt>
	<wpt lat="50.00757155600801" lon="9.0325374400154654">
		<name>OF-314</name>
		<cmt>Dicke Eiche an Zufahrt Schwalbennest Abt. 4</cmt>
		<desc>Dicke Eiche an Zufahrt Schwalbennest Abt. 4</desc>
		<src>HessenForst</src>
	</wpt>
	<wpt lat="50.820874391161489" lon="9.2367242489473327">
		<name>VB-213</name>
		<cmt>Fischbach, Holzburger Straße, oben im Wald 1. Waldkreuzung rechts (Alte Straße)</cmt>
		<desc>Fischbach, Holzburger Straße, oben im Wald 1. Waldkreuzung rechts (Alte Straße)</desc>
		<src>HessenForst</src>
	</wpt>
	<wpt lat="50.086962254380488" lon="8.8474557219483891">
		<name>OF-221</name>
		<cmt>Waldparkplatz</cmt>
		<desc>Waldparkplatz</desc>
		<src>HessenForst</src>
	</wpt>
	<wpt lat="50.71388627564118" lon="9.741586380481241">
		<name>FD-35</name>
		<cmt>Plätzer Parkplatz</cmt>
		<desc>Plätzer Parkplatz</desc>
		<src>HessenForst</src>
	</wpt>
	<wpt lat="50.42322462603417" lon="9.3205294511457826">
		<name>MKK-19</name>
		<cmt>Wüstwillenroth</cmt>
		<desc>Wüstwillenroth</desc>
		<src>HessenForst</src>
	</wpt>
	<wpt lat="50.99178802360867" lon="8.6230490178201773">
		<name>KB-731</name>
		<cmt>Wäldchen</cmt>
		<desc>Wäldchen</desc>
		<src>HessenForst</src>
	</wpt>
	<wpt lat="51.052921012760677" lon="8.8998773244445086">
		<name>KB-560</name>
		<cmt>DGH Haubern</cmt>
		<desc>DGH Haubern</desc>
		<src>HessenForst</src>
	</wpt>
	<wpt lat="51.225326361988223" lon="9.989891407676831">
		<name>ESW-301</name>
		<cmt>Bahnübergang</cmt>
		<desc>Bahnübergang</desc>
		<src>HessenForst</src>
	</wpt>
	<wpt lat="49.439910369105974" lon="8.9079447790183988">
		<name>HP-290</name>
		<cmt>Hirschhorn, Tunnellausgang Ost, Abzweig B 37 / L 3105</cmt>
		<desc>Hirschhorn, Tunnellausgang Ost, Abzweig B 37 / L 3105</desc>
		<src>HessenForst</src>
	</wpt>
	<wpt lat="50.017267670841562" lon="8.4740182932365471">
		<name>GG-15</name>
		<cmt>Kreuzung Holzw./Stockstr., ehem. Flörsheimer Forsthaus</cmt>
		<desc>Kreuzung Holzw./Stockstr., ehem. Flörsheimer Forsthaus</desc>
		<src>HessenForst</src>
	</wpt>
	<wpt lat="49.561414842023787" lon="9.0149458556394446">
		<name>ERB-214</name>
		<cmt>Ober-Sensbach, Bushaltestelle "GH Pflug"</cmt>
		<desc>Ober-Sensbach, Bushaltestelle "GH Pflug"</desc>
		<src>HessenForst</src>
	</wpt>
	<wpt lat="51.087397334243967" lon="8.5893160887389541">
		<name>KB-705</name>
		<cmt>Brücke Linspherbach</cmt>
		<desc>Brücke Linspherbach</desc>
		<src>HessenForst</src>
	</wpt>
	<wpt lat="50.960817795466745" lon="8.7156072043132511">
		<name>MR-102</name>
		<cmt>Einkaufszentrum Münchhsn.</cmt>
		<desc>Einkaufszentrum Münchhsn.</desc>
		<src>HessenForst</src>
	</wpt>
	<wpt lat="50.756500731637793" lon="9.5023881821691667">
		<name>HEF-351</name>
		<cmt>Hatterode, Einmündung Jossasraße</cmt>
		<desc>Hatterode, Einmündung Jossasraße</desc>
		<src>HessenForst</src>
	</wpt>
	<wpt lat="50.783882842951705" lon="9.641357425166861">
		<name>HEF-356</name>
		<cmt>Dicke Tanne</cmt>
		<desc>Dicke Tanne</desc>
		<src>HessenForst</src>
	</wpt>
	<wpt lat="50.794965460396909" lon="9.5021869531710657">
		<name>HEF-358</name>
		<cmt>L 3294, Kohlplatte</cmt>
		<desc>L 3294, Kohlplatte</desc>
		<src>HessenForst</src>
	</wpt>
	<wpt lat="50.493264920716022" lon="9.4946105952889184">
		<name>FD-572</name>
		<cmt>Mittleres Tor (Waldeingang 2331)</cmt>
		<desc>Mittleres Tor (Waldeingang 2331)</desc>
		<src>HessenForst</src>
	</wpt>
	<wpt lat="49.81782394466736" lon="8.6599034038672809">
		<name>DA-925</name>
		<cmt>Naturfreundehaus Eberstadt</cmt>
		<desc>Naturfreundehaus Eberstadt</desc>
		<src>HessenForst</src>
	</wpt>
	<wpt lat="50.603579719860555" lon="8.8775530164970533">
		<name>GI-123</name>
		<cmt>Östlich Golfplatz Winnerod</cmt>
		<desc>Östlich Golfplatz Winnerod</desc>
		<src>HessenForst</src>
	</wpt>
	<wpt lat="50.616905884939342" lon="8.8453862924871949">
		<name>GI-126</name>
		<cmt>Sport- und Kulturhalle Bersrod</cmt>
		<desc>Sport- und Kulturhalle Bersrod</desc>
		<src>HessenForst</src>
	</wpt>
	<wpt lat="50.564672985496763" lon="8.8478980504550524">
		<name>GI-125</name>
		<cmt>Waldeingang L 3355 Hattenrod</cmt>
		<desc>Waldeingang L 3355 Hattenrod</desc>
		<src>HessenForst</src>
	</wpt>
	<wpt lat="50.620113103581538" lon="8.9224360512280452">
		<name>GI-124</name>
		<cmt>Beltershainer Wald</cmt>
		<desc>Beltershainer Wald</desc>
		<src>HessenForst</src>
	</wpt>
	<wpt lat="51.098484222804537" lon="8.6906920003868606">
		<name>KB-531</name>
		<cmt>Teerweggabelung im Rengershäuser Feld, Abfahrt Ortsmitte beim Dorfbrunnen</cmt>
		<desc>Teerweggabelung im Rengershäuser Feld, Abfahrt Ortsmitte beim Dorfbrunnen</desc>
		<src>HessenForst</src>
	</wpt>
	<wpt lat="50.994223666134999" lon="8.7605781418055475">
		<name>KB-836</name>
		<cmt>Parkplatz B 252</cmt>
		<desc>Parkplatz B 252</desc>
		<src>HessenForst</src>
	</wpt>
	<wpt lat="50.442891758119863" lon="9.5343859367859416">
		<name>FD-540</name>
		<cmt>Steinbruch</cmt>
		<desc>Steinbruch</desc>
		<src>HessenForst</src>
	</wpt>
	<wpt lat="50.305875733637848" lon="9.4894528483265734">
		<name>MKK-11</name>
		<cmt>Bellinger Berg</cmt>
		<desc>Bellinger Berg</desc>
		<src>HessenForst</src>
	</wpt>
	<wpt lat="50.021473305230991" lon="8.7263259434981837">
		<name>OF-126</name>
		<cmt>Waldeinfahrt Wilhelm-Fuchs Schneise</cmt>
		<desc>Waldeinfahrt Wilhelm-Fuchs Schneise</desc>
		<src>HessenForst</src>
	</wpt>
	<wpt lat="50.799086201588587" lon="9.7781403144298853">
		<name>FD-10</name>
		<cmt>Kreisgrenze FD/HEF nordöstl. von Mengers</cmt>
		<desc>Kreisgrenze FD/HEF nordöstl. von Mengers</desc>
		<src>HessenForst</src>
	</wpt>
	<wpt lat="49.72094041771782" lon="9.0192875052848027">
		<name>ERB-131</name>
		<cmt>Parkplatz "Zwei Wasser"</cmt>
		<desc>Parkplatz "Zwei Wasser"</desc>
		<src>HessenForst</src>
	</wpt>
	<wpt lat="50.28086418168035" lon="8.6309860559225449">
		<name>HG-151</name>
		<cmt>Waldkrankenhaus Köppern</cmt>
		<desc>Waldkrankenhaus Köppern</desc>
		<src>HessenForst</src>
	</wpt>
	<wpt lat="50.31049008288975" lon="9.5041071870554639">
		<name>MKK-10</name>
		<cmt>Bellings</cmt>
		<desc>Bellings</desc>
		<src>HessenForst</src>
	</wpt>
	<wpt lat="49.654270838380874" lon="9.079279860969006">
		<name>ERB-35</name>
		<cmt>Kirche Würzberg</cmt>
		<desc>Kirche Würzberg</desc>
		<src>HessenForst</src>
	</wpt>
	<wpt lat="51.16321295042286" lon="9.7747549711701751">
		<name>ESW-22</name>
		<cmt>Gastwirtschaft Vogt Reichenbach</cmt>
		<desc>Gastwirtschaft Vogt Reichenbach</desc>
		<src>HessenForst</src>
	</wpt>
	<wpt lat="49.6194429543756" lon="9.0323548244213931">
		<name>ERB-41</name>
		<cmt>"Wende" = Haarnadelkurve vor 1. NP</cmt>
		<desc>"Wende" = Haarnadelkurve vor 1. NP</desc>
		<src>HessenForst</src>
	</wpt>
	<wpt lat="50.705768020374776" lon="8.8939062789383865">
		<name>MR-330</name>
		<cmt>Einmündung Forstweg links</cmt>
		<desc>Einmündung Forstweg links</desc>
		<src>HessenForst</src>
	</wpt>
	<wpt lat="50.586806056891469" lon="8.8698311620365864">
		<name>GI-122</name>
		<cmt>B 49 / Bettenwald</cmt>
		<desc>B 49 / Bettenwald</desc>
		<src>HessenForst</src>
	</wpt>
	<wpt lat="49.727786396865987" lon="8.6584858951873418">
		<name>HP-243</name>
		<cmt>Parkplatz Schollrain</cmt>
		<desc>Parkplatz Schollrain</desc>
		<src>HessenForst</src>
	</wpt>
	<wpt lat="51.295508374826767" lon="8.9466859789163049">
		<name>KB-38</name>
		<cmt>Landesstraße Oberwaroldern-Korbach</cmt>
		<desc>Landesstraße Oberwaroldern-Korbach</desc>
		<src>HessenForst</src>
	</wpt>
	<wpt lat="50.02879605894389" lon="8.8510226992749352">
		<name>OF-226</name>
		<cmt>Waldbauhof Jügesheim neben Wasserwerk</cmt>
		<desc>Waldbauhof Jügesheim neben Wasserwerk</desc>
		<src>HessenForst</src>
	</wpt>
	<wpt lat="50.01515054140603" lon="9.0209460675808657">
		<name>OF-313</name>
		<cmt>Waldeingang Sendefeld Abt. 16</cmt>
		<desc>Waldeingang Sendefeld Abt. 16</desc>
		<src>HessenForst</src>
	</wpt>
	<wpt lat="50.661718354799056" lon="9.2982251143007932">
		<name>VB-157</name>
		<cmt>1. Waldweg nach Waldanfang rechts</cmt>
		<desc>1. Waldweg nach Waldanfang rechts</desc>
		<src>HessenForst</src>
	</wpt>
	<wpt lat="49.749711048436616" lon="8.591922008202145">
		<name>DA-105</name>
		<cmt>Erlenhof</cmt>
		<desc>Erlenhof</desc>
		<src>HessenForst</src>
	</wpt>
	<wpt lat="49.841078453815769" lon="8.6829817720274303">
		<name>DA-911</name>
		<cmt>Parkplatz Lochschneise</cmt>
		<desc>Parkplatz Lochschneise</desc>
		<src>HessenForst</src>
	</wpt>
	<wpt lat="50.616238482126391" lon="9.940379445634635">
		<name>FD-221</name>
		<cmt>Ortseingang Obernüst</cmt>
		<desc>Ortseingang Obernüst</desc>
		<src>HessenForst</src>
	</wpt>
	<wpt lat="50.300271432515437" lon="8.452706592552147">
		<name>HG-65</name>
		<cmt>Einzelgehöft Untermühle</cmt>
		<desc>Einzelgehöft Untermühle</desc>
		<src>HessenForst</src>
	</wpt>
	<wpt lat="50.71151542820936" lon="9.3012835325372745">
		<name>VB-152</name>
		<cmt>2. Feldweg rechts in der Abfahrt Hopfgarten</cmt>
		<desc>2. Feldweg rechts in der Abfahrt Hopfgarten</desc>
		<src>HessenForst</src>
	</wpt>
	<wpt lat="50.572470272729831" lon="9.8563771408083483">
		<name>FD-230</name>
		<cmt>Forsthaus Bieberstein</cmt>
		<desc>Forsthaus Bieberstein</desc>
		<src>HessenForst</src>
	</wpt>
	<wpt lat="49.986726717348368" lon="8.863546787383104">
		<name>OF-230</name>
		<cmt>Parkplatz am Geflügelzuchtverein</cmt>
		<desc>Parkplatz am Geflügelzuchtverein</desc>
		<src>HessenForst</src>
	</wpt>
	<wpt lat="50.159638067252082" lon="9.0545533290304103">
		<name>MKK-819</name>
		<cmt>Waldparkplatz</cmt>
		<desc>Waldparkplatz</desc>
		<src>HessenForst</src>
	</wpt>
	<wpt lat="49.984371847193238" lon="8.4623849549626939">
		<name>GG-39</name>
		<cmt>Mönchbruchstr. 29; Parkplatz Feuerwehrhaus Haßloch</cmt>
		<desc>Mönchbruchstr. 29; Parkplatz Feuerwehrhaus Haßloch</desc>
		<src>HessenForst</src>
	</wpt>
	<wpt lat="49.752280885640126" lon="8.9417936592971312">
		<name>ERB-139</name>
		<cmt>Am Zimmereiplatz</cmt>
		<desc>Am Zimmereiplatz</desc>
		<src>HessenForst</src>
	</wpt>
	<wpt lat="50.449259070135945" lon="9.3012156725337256">
		<name>MKK-17</name>
		<cmt>Völzberg</cmt>
		<desc>Völzberg</desc>
		<src>HessenForst</src>
	</wpt>
	<wpt lat="49.847295589360414" lon="8.3876200864806894">
		<name>GG-79</name>
		<cmt>am Plattenhof vorbei; Parkplatz Schusterwörth</cmt>
		<desc>am Plattenhof vorbei; Parkplatz Schusterwörth</desc>
		<src>HessenForst</src>
	</wpt>
	<wpt lat="49.587679745867554" lon="8.9686156101791266">
		<name>ERB-244</name>
		<cmt>Etzean, Dorfgemeinschaftshaus</cmt>
		<desc>Etzean, Dorfgemeinschaftshaus</desc>
		<src>HessenForst</src>
	</wpt>
	<wpt lat="49.960964872107581" lon="8.9221020394835886">
		<name>DA-319</name>
		<cmt>Schutzhütte am Eppertshäuser Weg</cmt>
		<desc>Schutzhütte am Eppertshäuser Weg</desc>
		<src>HessenForst</src>
	</wpt>
	<wpt lat="51.433942577349626" lon="9.6336352364465778">
		<name>KS-218</name>
		<cmt>Waldeinfahrt links von B 80</cmt>
		<desc>Waldeinfahrt links von B 80</desc>
		<src>HessenForst</src>
	</wpt>
	<wpt lat="50.638544326776589" lon="9.3751477643942298">
		<name>VB-165</name>
		<cmt>bis zum Waldrand (Schranke)</cmt>
		<desc>bis zum Waldrand (Schranke)</desc>
		<src>HessenForst</src>
	</wpt>
	<wpt lat="49.979728975687259" lon="8.6962645252644837">
		<name>OF-132</name>
		<cmt>Waldparkplatz BAB 661 vor Brücke</cmt>
		<desc>Waldparkplatz BAB 661 vor Brücke</desc>
		<src>HessenForst</src>
	</wpt>
	<wpt lat="49.700060089565682" lon="8.7221735382533403">
		<name>HP-326</name>
		<cmt>Hohensteinweg oben, Breitenwiesen</cmt>
		<desc>Hohensteinweg oben, Breitenwiesen</desc>
		<src>HessenForst</src>
	</wpt>
	<wpt lat="51.268497305067619" lon="9.8395252911595037">
		<name>ESW-110</name>
		<cmt>Östl. Ortseingang Trubenhausen "Abzw. Weg zum "Breiten Tal"</cmt>
		<desc>Östl. Ortseingang Trubenhausen "Abzw. Weg zum "Breiten Tal"</desc>
		<src>HessenForst</src>
	</wpt>
	<wpt lat="51.577683593703249" lon="9.5858230027334006">
		<name>KS-29</name>
		<cmt>Gottstreu, Ortsmitte an der Kirche</cmt>
		<desc>Gottstreu, Ortsmitte an der Kirche</desc>
		<src>HessenForst</src>
	</wpt>
	<wpt lat="50.74436682799854" lon="8.6670748733134726">
		<name>MR-437</name>
		<cmt>in  Kehna, Einmündung der Straße von Lohra (K 102)</cmt>
		<desc>in  Kehna, Einmündung der Straße von Lohra (K 102)</desc>
		<src>HessenForst</src>
	</wpt>
	<wpt lat="50.026421863717196" lon="8.936252329868891">
		<name>OF-305</name>
		<cmt>Parkplatz Lange Schneise Abt. 26</cmt>
		<desc>Parkplatz Lange Schneise Abt. 26</desc>
		<src>HessenForst</src>
	</wpt>
	<wpt lat="51.627367275072437" lon="9.4759076127595652">
		<name>KS-4</name>
		<cmt>Parkplatz K 76 Wechselberg</cmt>
		<desc>Parkplatz K 76 Wechselberg</desc>
		<src>HessenForst</src>
	</wpt>
	<wpt lat="50.714860130223848" lon="9.4476014473783909">
		<name>VB-184</name>
		<cmt>Udenhausen, Bushaltestelle</cmt>
		<desc>Udenhausen, Bushaltestelle</desc>
		<src>HessenForst</src>
	</wpt>
	<wpt lat="50.736267350747298" lon="9.4523992756104676">
		<name>VB-174</name>
		<cmt>Eulersdorf Richtung Grebenau, Ortsausgang links Friedhof</cmt>
		<desc>Eulersdorf Richtung Grebenau, Ortsausgang links Friedhof</desc>
		<src>HessenForst</src>
	</wpt>
	<wpt lat="50.996306511577586" lon="8.8373042123792356">
		<name>KB-834</name>
		<cmt>Abzweig Dreimeterweg</cmt>
		<desc>Abzweig Dreimeterweg</desc>
		<src>HessenForst</src>
	</wpt>
	<wpt lat="51.18130248092929" lon="9.5759923870747343">
		<name>KS-441</name>
		<cmt>Holzplatz "Grüner See "</cmt>
		<desc>Holzplatz "Grüner See "</desc>
		<src>HessenForst</src>
	</wpt>
	<wpt lat="49.799278318942314" lon="8.6473358082388341">
		<name>DA-915</name>
		<cmt>Einmündung Seeheimer Straße (L 3100) in die Malchener Straße</cmt>
		<desc>Einmündung Seeheimer Straße (L 3100) in die Malchener Straße</desc>
		<src>HessenForst</src>
	</wpt>
	<wpt lat="50.504875313856367" lon="9.8063458705430335">
		<name>FD-243</name>
		<cmt>Frickenhäuser Weiher</cmt>
		<desc>Frickenhäuser Weiher</desc>
		<src>HessenForst</src>
	</wpt>
	<wpt lat="50.179134422322555" lon="8.4009823700182888">
		<name>MTK-34</name>
		<cmt>Parkplatz Landsgraben</cmt>
		<desc>Parkplatz Landsgraben</desc>
		<src>HessenForst</src>
	</wpt>
	<wpt lat="50.650055522052547" lon="8.5799407568512986">
		<name>GI-203</name>
		<cmt>Raststätte Dünsberg</cmt>
		<desc>Raststätte Dünsberg</desc>
		<src>HessenForst</src>
	</wpt>
	<wpt lat="50.351107728245388" lon="8.1997222077447862">
		<name>LM-316</name>
		<cmt>Abzweigung an der Kapelle links</cmt>
		<desc>Abzweigung an der Kapelle links</desc>
		<src>HessenForst</src>
	</wpt>
	<wpt lat="50.672225780939847" lon="9.6063236680199431">
		<name>VB-320</name>
		<cmt>L 3176 Abzweig nach Pfordt</cmt>
		<desc>L 3176 Abzweig nach Pfordt</desc>
		<src>HessenForst</src>
	</wpt>
	<wpt lat="50.858003142421524" lon="8.4155074716532567">
		<name>MR-509</name>
		<cmt>Bushaltstelle (mit Telefonzelle) an der B 253 in der Ortsmitte Oberdieten</cmt>
		<desc>Bushaltstelle (mit Telefonzelle) an der B 253 in der Ortsmitte Oberdieten</desc>
		<src>HessenForst</src>
	</wpt>
	<wpt lat="50.921016493289287" lon="8.5071853456476738">
		<name>MR-9</name>
		<cmt>B 62  Ludwigshütte - Abzweig B 253</cmt>
		<desc>B 62  Ludwigshütte - Abzweig B 253</desc>
		<src>HessenForst</src>
	</wpt>
	<wpt lat="50.622753897972835" lon="8.2235939201013739">
		<name>LDK-236</name>
		<cmt>Friedhof Rodenberg</cmt>
		<desc>Friedhof Rodenberg</desc>
		<src>HessenForst</src>
	</wpt>
	<wpt lat="50.175950338009336" lon="9.1092684727655779">
		<name>MKK-113</name>
		<cmt>Parkplatz Jugendwaldheim</cmt>
		<desc>Parkplatz Jugendwaldheim</desc>
		<src>HessenForst</src>
	</wpt>
	<wpt lat="50.974513949075735" lon="8.8735375102417979">
		<name>KB-847</name>
		<cmt>Abzweig Gemündener Weg</cmt>
		<desc>Abzweig Gemündener Weg</desc>
		<src>HessenForst</src>
	</wpt>
	<wpt lat="50.621904607611391" lon="8.891860535389128">
		<name>GI-102</name>
		<cmt>BAB Reinhardshain</cmt>
		<desc>BAB Reinhardshain</desc>
		<src>HessenForst</src>
	</wpt>
	<wpt lat="50.185823492802385" lon="8.1853060360667627">
		<name>RÜD-224</name>
		<cmt>Anhöhe Heidekopf</cmt>
		<desc>Anhöhe Heidekopf</desc>
		<src>HessenForst</src>
	</wpt>
	<wpt lat="50.010478638276858" lon="8.9706569004481889">
		<name>OF-308</name>
		<cmt>Teufelsbrücke Abt. 1123</cmt>
		<desc>Teufelsbrücke Abt. 1123</desc>
		<src>HessenForst</src>
	</wpt>
	<wpt lat="49.574591226981092" lon="8.9821246436654594">
		<name>ERB-250</name>
		<cmt>Hess. Forstamt Beerfelden</cmt>
		<desc>Hess. Forstamt Beerfelden</desc>
		<src>HessenForst</src>
	</wpt>
	<wpt lat="50.265850974524085" lon="9.3991782654295815">
		<name>MKK-3</name>
		<cmt>Waldhaus</cmt>
		<desc>Waldhaus</desc>
		<src>HessenForst</src>
	</wpt>
	<wpt lat="50.368885001472393" lon="9.5646269423469885">
		<name>MKK-74</name>
		<cmt>Bahnhof Elm</cmt>
		<desc>Bahnhof Elm</desc>
		<src>HessenForst</src>
	</wpt>
	<wpt lat="50.427103546899524" lon="8.0585307536308584">
		<name>LM-308</name>
		<cmt>K 478 Offheimer Grillhütte am Offheimer Weg</cmt>
		<desc>K 478 Offheimer Grillhütte am Offheimer Weg</desc>
		<src>HessenForst</src>
	</wpt>
	<wpt lat="50.438090045942246" lon="8.0804671788128939">
		<name>LM-300</name>
		<cmt>K 498 Ahlbach</cmt>
		<desc>K 498 Ahlbach</desc>
		<src>HessenForst</src>
	</wpt>
	<wpt lat="50.3855907684245" lon="8.067391105166676">
		<name>LM-310</name>
		<cmt>Parkplatz Busche Weiher</cmt>
		<desc>Parkplatz Busche Weiher</desc>
		<src>HessenForst</src>
	</wpt>
	<wpt lat="50.37419332504588" lon="8.0812588783234354">
		<name>LM-309</name>
		<cmt>Linterer Tennisplatz</cmt>
		<desc>Linterer Tennisplatz</desc>
		<src>HessenForst</src>
	</wpt>
	<wpt lat="50.377742941848247" lon="8.1334427783297549">
		<name>LM-313</name>
		<cmt>Bahnhof Lindenholzhausen</cmt>
		<desc>Bahnhof Lindenholzhausen</desc>
		<src>HessenForst</src>
	</wpt>
	<wpt lat="51.253809971037171" lon="8.8336613490809111">
		<name>KB-165</name>
		<cmt>Eisenberg / Waldparkplatz</cmt>
		<desc>Eisenberg / Waldparkplatz</desc>
		<src>HessenForst</src>
	</wpt>
	<wpt lat="51.263725488272733" lon="8.893438297392299">
		<name>KB-164</name>
		<cmt>Waldecker Berg / Grillplatz</cmt>
		<desc>Waldecker Berg / Grillplatz</desc>
		<src>HessenForst</src>
	</wpt>
	<wpt lat="50.820915956259917" lon="8.7002849834647424">
		<name>MR-449</name>
		<cmt>Bolzplatz Dagobertshausen</cmt>
		<desc>Bolzplatz Dagobertshausen</desc>
		<src>HessenForst</src>
	</wpt>
	<wpt lat="50.726604667723933" lon="8.2462977809600186">
		<name>LDK-398</name>
		<cmt>Parkplatz "Rothaarsteig / Kornberg</cmt>
		<desc>Parkplatz "Rothaarsteig / Kornberg</desc>
		<src>HessenForst</src>
	</wpt>
	<wpt lat="50.725336834634014" lon="8.303244973886601">
		<name>LDK-397</name>
		<cmt>Dillenburg-Niederscheld ,Wendeplatz Waldrand , oberes Ende Waldstr.</cmt>
		<desc>Dillenburg-Niederscheld ,Wendeplatz Waldrand , oberes Ende Waldstr.</desc>
		<src>HessenForst</src>
	</wpt>
	<wpt lat="50.378110920727586" lon="9.6964287697638198">
		<name>FD-530</name>
		<cmt>Sparhöfer Weg</cmt>
		<desc>Sparhöfer Weg</desc>
		<src>HessenForst</src>
	</wpt>
	<wpt lat="49.683567508399186" lon="8.6245699030171838">
		<name>HP-435</name>
		<cmt>Bensheimer Kalkgasse</cmt>
		<desc>Bensheimer Kalkgasse</desc>
		<src>HessenForst</src>
	</wpt>
	<wpt lat="49.691548676968431" lon="8.7793673675059125">
		<name>HP-202</name>
		<cmt>Parkplatz "Sauwaad"</cmt>
		<desc>Parkplatz "Sauwaad"</desc>
		<src>HessenForst</src>
	</wpt>
	<wpt lat="50.854242567272671" lon="8.4840208804443584">
		<name>MR-507</name>
		<cmt>Silberger Höhe (der höchste Punkt auf der K 39 zwichen Silberg nach Quotshausen)</cmt>
		<desc>Silberger Höhe (der höchste Punkt auf der K 39 zwichen Silberg nach Quotshausen)</desc>
		<src>HessenForst</src>
	</wpt>
	<wpt lat="50.558318710501652" lon="9.5066432297428953">
		<name>FD-573</name>
		<cmt>Ripphof</cmt>
		<desc>Ripphof</desc>
		<src>HessenForst</src>
	</wpt>
	<wpt lat="50.266563555530468" lon="8.7408654855047772">
		<name>FB-23</name>
		<cmt>Waldwegschranke im Wald</cmt>
		<desc>Waldwegschranke im Wald</desc>
		<src>HessenForst</src>
	</wpt>
	<wpt lat="50.107786983685287" lon="8.6985290709175782">
		<name>RP144</name>
		<cmt>Nordufer</cmt>
		<desc>Nordufer</desc>
		<src>Stadt Frankfurt am Main</src>
	</wpt>
	<wpt lat="50.004142956847055" lon="8.39873633819448">
		<name>MTK-118</name>
		<cmt>Zufahrt KERAMAG; NSG "Wickerer Bachauen"</cmt>
		<desc>Zufahrt KERAMAG; NSG "Wickerer Bachauen"</desc>
		<src>HessenForst</src>
	</wpt>
	<wpt lat="50.175097571451708" lon="8.3354046795521075">
		<name>RÜD-241</name>
		<cmt>Lenzhahner Weg in Oberjosbach</cmt>
		<desc>Lenzhahner Weg in Oberjosbach</desc>
		<src>HessenForst</src>
	</wpt>
	<wpt lat="50.10557125596079" lon="7.879359658988049">
		<name>RÜD-349</name>
		<cmt>Forsthaus Werkerbrunnen</cmt>
		<desc>Forsthaus Werkerbrunnen</desc>
		<src>HessenForst</src>
	</wpt>
	<wpt lat="50.993029782698763" lon="9.0940479470274376">
		<name>HR-331</name>
		<cmt>Bushaltestelle</cmt>
		<desc>Bushaltestelle</desc>
		<src>HessenForst</src>
	</wpt>
	<wpt lat="49.624467961723049" lon="9.0420151764286878">
		<name>ERB-160</name>
		<cmt>Bullauer Bild</cmt>
		<desc>Bullauer Bild</desc>
		<src>SonstigeHessen</src>
	</wpt>
	<wpt lat="50.301966396506266" lon="8.8505742672520764">
		<name>FB-19</name>
		<cmt>Kruzifix</cmt>
		<desc>Kruzifix</desc>
		<src>Rentkammer Solms-Assenheim</src>
	</wpt>
	<wpt lat="50.279913266471468" lon="8.4987640389724071">
		<name>HG-155</name>
		<cmt>Naturpark -  Parkplatz "Steinchen"</cmt>
		<desc>Naturpark -  Parkplatz "Steinchen"</desc>
		<src>Stadt Neu-Anspach</src>
	</wpt>
	<wpt lat="50.325684805916516" lon="8.4933342343144265">
		<name>HG-138</name>
		<cmt>Parkplatz Grünwiesenweiher</cmt>
		<desc>Parkplatz Grünwiesenweiher</desc>
		<src>Stadt Neu-Anspach</src>
	</wpt>
	<wpt lat="50.458069845390149" lon="8.78025221036334">
		<name>FB-2</name>
		<cmt>Reithalle Münzenberg</cmt>
		<desc>Reithalle Münzenberg</desc>
		<src>SonstigeHessen</src>
	</wpt>
	<wpt lat="50.323039751610551" lon="8.5080448393827943">
		<name>HG-139</name>
		<cmt>Haupteinfahrt Mülldeponie Brandholz</cmt>
		<desc>Haupteinfahrt Mülldeponie Brandholz</desc>
		<src>Stadt Neu-Anspach</src>
	</wpt>
	<wpt lat="51.128170616108321" lon="8.7709194194328468">
		<name>KB-516</name>
		<cmt>Eschengrund</cmt>
		<desc>Eschengrund</desc>
		<src>SonstigeHessen</src>
	</wpt>
	<wpt lat="50.229639634432054" lon="9.3807960733429354">
		<name>MKK-1038</name>
		<cmt>Haseltal - Untere Markberghütte</cmt>
		<desc>Haseltal - Untere Markberghütte</desc>
		<src>Kurstadt Bad Orb</src>
	</wpt>
	<wpt lat="50.225488013401652" lon="9.4056036444032767">
		<name>MKK-1039</name>
		<cmt>Haseltal - Jagdhaus Haselruhe</cmt>
		<desc>Haseltal - Jagdhaus Haselruhe</desc>
		<src>Kurstadt Bad Orb</src>
	</wpt>
	<wpt lat="50.208335019454786" lon="9.3791655752317862">
		<name>MKK-1031</name>
		<cmt>Waldparkplatz Cafe Waldfriede</cmt>
		<desc>Waldparkplatz Cafe Waldfriede</desc>
		<src>Kurstadt Bad Orb</src>
	</wpt>
	<wpt lat="50.594235432857701" lon="8.6491635209538664">
		<name>GI-1</name>
		<cmt>Parkpl. Ev. Krankenhaus</cmt>
		<desc>Parkpl. Ev. Krankenhaus</desc>
		<src>SonstigeHessen</src>
	</wpt>
	<wpt lat="50.341712597206481" lon="8.5632256189825284">
		<name>HG-159</name>
		<cmt>Waldeinfahrt Schlappmühle</cmt>
		<desc>Waldeinfahrt Schlappmühle</desc>
		<src>Stadt Usingen</src>
	</wpt>
	<wpt lat="51.133017724056891" lon="8.7587674743286481">
		<name>KB-515</name>
		<cmt>Waldparkplatz Buchental</cmt>
		<desc>Waldparkplatz Buchental</desc>
		<src>SonstigeHessen</src>
	</wpt>
	<wpt lat="50.356557904541354" lon="8.5793939687912157">
		<name>HG-123</name>
		<cmt>Abzweig Wernborn</cmt>
		<desc>Abzweig Wernborn</desc>
		<src>Stadt Usingen</src>
	</wpt>
	<wpt lat="50.326526140132543" lon="8.4629138686680285">
		<name>HG-137</name>
		<cmt>Tiefbehälter Wimborn</cmt>
		<desc>Tiefbehälter Wimborn</desc>
		<src>SonstigeHessen</src>
	</wpt>
	<wpt lat="50.992464907026722" lon="9.7022523918395862">
		<name>HEF-34</name>
		<cmt>Gut Ellingerode</cmt>
		<desc>Gut Ellingerode</desc>
		<src>SonstigeHessen</src>
	</wpt>
	<wpt lat="51.251982712800654" lon="9.6464273145387462">
		<name>KS-451</name>
		<cmt>Am Rettungspunkt 450 gerade aus</cmt>
		<desc>Am Rettungspunkt 450 gerade aus</desc>
		<src>Ritterschaftliches Stift Kaufungen</src>
	</wpt>
	<wpt lat="50.225839404457012" lon="9.3536719567112563">
		<name>MKK-1036</name>
		<cmt>Bad Orb Gasthaus "Rödereck"</cmt>
		<desc>Bad Orb Gasthaus "Rödereck"</desc>
		<src>Kurstadt Bad Orb</src>
	</wpt>
	<wpt lat="51.21853620532201" lon="8.7868655443811985">
		<name>KB-501</name>
		<cmt>Steden Schuppen, Feldscheune am Straßenknick</cmt>
		<desc>Steden Schuppen, Feldscheune am Straßenknick</desc>
		<src>SonstigeHessen</src>
	</wpt>
	<wpt lat="50.233724080361597" lon="9.3545273633030241">
		<name>MKK-1037</name>
		<cmt>Bad Orb Steinhöhle - Cafe "Panorama"</cmt>
		<desc>Bad Orb Steinhöhle - Cafe "Panorama"</desc>
		<src>Kurstadt Bad Orb</src>
	</wpt>
	<wpt lat="50.628297870497015" lon="8.7066506313511116">
		<name>GI-5</name>
		<cmt>Einfahrt Badenburg</cmt>
		<desc>Einfahrt Badenburg</desc>
		<src>SonstigeHessen</src>
	</wpt>
	<wpt lat="50.217140827930621" lon="9.3542809711198611">
		<name>MKK-1032</name>
		<cmt>Bad Orb Reha - Klinik</cmt>
		<desc>Bad Orb Reha - Klinik</desc>
		<src>Kurstadt Bad Orb</src>
	</wpt>
	<wpt lat="50.355389885011036" lon="9.5969435161173475">
		<name>MKK-1020</name>
		<cmt>Bahnunterführung Hauberg</cmt>
		<desc>Bahnunterführung Hauberg</desc>
		<src>SonstigeHessen</src>
	</wpt>
	<wpt lat="51.164310176026142" lon="10.142435489616368">
		<name>ESW-328</name>
		<cmt>Ölberg, 40 x 40 m</cmt>
		<desc>Ölberg, 40 x 40 m</desc>
		<src>SonstigeHessen</src>
	</wpt>
	<wpt lat="50.316259751521557" lon="8.4691373651493436">
		<name>HG-140</name>
		<cmt>B 275</cmt>
		<desc>B 275</desc>
		<src>SonstigeHessen</src>
	</wpt>
	<wpt lat="50.51589887669715" lon="9.0233893328989669">
		<name>GI-112</name>
		<cmt>Horloffbrücke Gonerskirchen</cmt>
		<desc>Horloffbrücke Gonerskirchen</desc>
		<src>Stadtwaldstiftung Laubach</src>
	</wpt>
	<wpt lat="50.364415811116068" lon="8.5691392557568804">
		<name>HG-121</name>
		<cmt>Sportplatz Wernborn</cmt>
		<desc>Sportplatz Wernborn</desc>
		<src>Stadt Usingen</src>
	</wpt>
	<wpt lat="50.508930424654032" lon="8.8691884454477066">
		<name>GI-20</name>
		<cmt>Waldeingang; Anfahrt: K149 Langsdorf - Nieder-Bessingen</cmt>
		<desc>Waldeingang; Anfahrt: K149 Langsdorf - Nieder-Bessingen</desc>
		<src>Magistrat der Stadt Lich</src>
	</wpt>
	<wpt lat="50.081580996519115" lon="8.3853756782358086">
		<name>MTK-6</name>
		<cmt>Wasserwerk</cmt>
		<desc>Wasserwerk</desc>
		<src>Magistrat der Kreisstadt Hofheim am Taunus</src>
	</wpt>
	<wpt lat="50.111724682867397" lon="8.4467888322998004">
		<name>MTK-2</name>
		<cmt>Gaststätte Viehweide, Hofheim</cmt>
		<desc>Gaststätte Viehweide, Hofheim</desc>
		<src>Magistrat der Kreisstadt Hofheim am Taunus</src>
	</wpt>
	<wpt lat="51.169081438480269" lon="8.8268432326888693">
		<name>KB-510</name>
		<cmt>Brücke über den Heimbach</cmt>
		<desc>Brücke über den Heimbach</desc>
		<src>Kommunalwald GmbH</src>
	</wpt>
	<wpt lat="51.24006365945958" lon="9.0203561096757845">
		<name>KB-267</name>
		<cmt>Einfahrt Ruine "Klinger Kirche"</cmt>
		<desc>Einfahrt Ruine "Klinger Kirche"</desc>
		<src>Kommunalwald GmbH</src>
	</wpt>
	<wpt lat="51.203883863016273" lon="9.0855155763360393">
		<name>KB-251</name>
		<cmt>Kreuzung Waldeck-Ost</cmt>
		<desc>Kreuzung Waldeck-Ost</desc>
		<src>Kommunalwald GmbH</src>
	</wpt>
	<wpt lat="51.300447824522664" lon="8.9183301779107644">
		<name>KB-141</name>
		<cmt>Berndorf "Hegeberg"</cmt>
		<desc>Berndorf "Hegeberg"</desc>
		<src>Kommunalwald GmbH</src>
	</wpt>
	<wpt lat="51.319511412379327" lon="8.9416930378976183">
		<name>KB-133</name>
		<cmt>Gut Rocklinghausen</cmt>
		<desc>Gut Rocklinghausen</desc>
		<src>Kommunalwald GmbH</src>
	</wpt>
	<wpt lat="51.273381684624525" lon="8.640549619715383">
		<name>KB-161</name>
		<cmt>Wanderparkplatz "Auf dem Roth"</cmt>
		<desc>Wanderparkplatz "Auf dem Roth"</desc>
		<src>Kommunalwald GmbH</src>
	</wpt>
	<wpt lat="50.355108711546549" lon="9.6152440947302242">
		<name>MKK-1021</name>
		<cmt>Zehngrabenwäldchen</cmt>
		<desc>Zehngrabenwäldchen</desc>
		<src>SonstigeHessen</src>
	</wpt>
	<wpt lat="50.979243001562843" lon="9.0557610640823167">
		<name>HR-403</name>
		<cmt>Abfahrt Hengst'scher Weg/Schönauer Straßeneinmündung</cmt>
		<desc>Abfahrt Hengst'scher Weg/Schönauer Straßeneinmündung</desc>
		<src>SonstigeHessen</src>
	</wpt>
	<wpt lat="50.613409400377506" lon="8.7283835594647687">
		<name>GI-6</name>
		<cmt>Einfahrt zum Gasthaus Waldfrieden</cmt>
		<desc>Einfahrt zum Gasthaus Waldfrieden</desc>
		<src>SonstigeHessen</src>
	</wpt>
	<wpt lat="51.132313484689867" lon="8.7902660995873472">
		<name>KB-517</name>
		<cmt>Aussiedlerhöfe, Auf dem Gries und Am Dörnchen</cmt>
		<desc>Aussiedlerhöfe, Auf dem Gries und Am Dörnchen</desc>
		<src>SonstigeHessen</src>
	</wpt>
	<wpt lat="51.170947699869743" lon="8.8423643134513572">
		<name>KB-511</name>
		<cmt>Kreuzung in Fürstenberg, Richtung Buchenberg</cmt>
		<desc>Kreuzung in Fürstenberg, Richtung Buchenberg</desc>
		<src>SonstigeHessen</src>
	</wpt>
	<wpt lat="51.127635985843476" lon="8.7149478682134376">
		<name>KB-514</name>
		<cmt>Ortsausgang von Neukirchen Richtung Braunshausen, Abzweig "Am Schellenberg"</cmt>
		<desc>Ortsausgang von Neukirchen Richtung Braunshausen, Abzweig "Am Schellenberg"</desc>
		<src>SonstigeHessen</src>
	</wpt>
	<wpt lat="50.067580532659697" lon="8.0073101732648748">
		<name>RÜD-374</name>
		<cmt>Mapper Hof</cmt>
		<desc>Mapper Hof</desc>
		<src>SonstigeHessen</src>
	</wpt>
	<wpt lat="51.212138416050649" lon="10.091469860472447">
		<name>ESW-51</name>
		<cmt>Gelber Berg</cmt>
		<desc>Gelber Berg</desc>
		<src>SonstigeHessen</src>
	</wpt>
	<wpt lat="50.374863727873269" lon="8.2597579852402827">
		<name>LM-227</name>
		<cmt>Feldscheune an der K 468 bei  Münster</cmt>
		<desc>Feldscheune an der K 468 bei  Münster</desc>
		<src>Gemeinde Selters</src>
	</wpt>
	<wpt lat="50.314973212308374" lon="8.5419136164006311">
		<name>HG-156</name>
		<cmt>Waldsportplatz Westerfeld</cmt>
		<desc>Waldsportplatz Westerfeld</desc>
		<src>Stadt Neu-Anspach</src>
	</wpt>
	<wpt lat="50.451874926950268" lon="8.7808955292260045">
		<name>FB-3</name>
		<cmt>Sägewerk Debus</cmt>
		<desc>Sägewerk Debus</desc>
		<src>SonstigeHessen</src>
	</wpt>
	<wpt lat="49.698961448986907" lon="8.9706357040108742">
		<name>ERB-156</name>
		<cmt>Großer See</cmt>
		<desc>Großer See</desc>
		<src>SonstigeHessen</src>
	</wpt>
	<wpt lat="50.283707940662431" lon="8.4788421517268837">
		<name>HG-157</name>
		<cmt>Einfahrt Weihersgrundweg</cmt>
		<desc>Einfahrt Weihersgrundweg</desc>
		<src>Stadt Neu-Anspach</src>
	</wpt>
	<wpt lat="51.036165644862422" lon="10.06518868129063">
		<name>ESW-445</name>
		<cmt>Hubschrauberlandeplatzes Hohenhaus Sandberg</cmt>
		<desc>Hubschrauberlandeplatzes Hohenhaus Sandberg</desc>
		<src>SonstigeHessen</src>
	</wpt>
	<wpt lat="51.049649536861622" lon="10.066144336748522">
		<name>ESW-444</name>
		<cmt>Hubschrauberlandeplatzes Rittersberg</cmt>
		<desc>Hubschrauberlandeplatzes Rittersberg</desc>
		<src>SonstigeHessen</src>
	</wpt>
	<wpt lat="50.315980998522328" lon="9.4101583268516773">
		<name>MKK-1010</name>
		<cmt>Rimbachfarm</cmt>
		<desc>Rimbachfarm</desc>
		<src>Stadt Steinau</src>
	</wpt>
	<wpt lat="50.418339555918863" lon="9.5136931915075582">
		<name>FD-517</name>
		<cmt>Magdlos Rotes Kreuz</cmt>
		<desc>Magdlos Rotes Kreuz</desc>
		<src>HessenForst</src>
	</wpt>
	<wpt lat="50.395573526215266" lon="9.5650752558654855">
		<name>FD-520</name>
		<cmt>Keutzelbuch Backhaus</cmt>
		<desc>Keutzelbuch Backhaus</desc>
		<src>HessenForst</src>
	</wpt>
	<wpt lat="49.624784258639053" lon="8.6849151839008876">
		<name>HP-232</name>
		<cmt>Parkpl. Lee Erbach-Juhöhe im Wald</cmt>
		<desc>Parkpl. Lee Erbach-Juhöhe im Wald</desc>
		<src>Stadt Heppenheim</src>
	</wpt>
	<wpt lat="51.396836336589175" lon="9.2541449367894568">
		<name>KS-608</name>
		<cmt>Escheberg</cmt>
		<desc>Escheberg</desc>
		<src>Verwaltung v.d. Malsburg</src>
	</wpt>
	<wpt lat="50.010621422456076" lon="8.5990845027868232">
		<name>GG-24</name>
		<cmt>Abzw. B 44/Schönrain Schneise; Waldparkplatz an der Ampel</cmt>
		<desc>Abzw. B 44/Schönrain Schneise; Waldparkplatz an der Ampel</desc>
		<src>Gemeinde Trebur</src>
	</wpt>
	<wpt lat="50.349092760968148" lon="9.6131613710429669">
		<name>MKK-1022</name>
		<cmt>Bushaltestelle in Höhe der Gaststätte "Zur Guten Quelle", Straße Am Dreibrüderhof Nr. 22</cmt>
		<desc>Bushaltestelle in Höhe der Gaststätte "Zur Guten Quelle", Straße Am Dreibrüderhof Nr. 22</desc>
		<src>SonstigeHessen</src>
	</wpt>
	<wpt lat="50.236390604979221" lon="8.5590190842745884">
		<name>HG-10</name>
		<cmt>Parkplatz</cmt>
		<desc>Parkplatz</desc>
		<src>Magistrat der Stadt Bad Homburg</src>
	</wpt>
	<wpt lat="49.801055121612613" lon="8.6166331250883417">
		<name>DA-307</name>
		<cmt>Polizei Pfungstadt</cmt>
		<desc>Polizei Pfungstadt</desc>
		<src>Stadt Pfungstadt</src>
	</wpt>
	<wpt lat="50.215898661208051" lon="9.3662507393196197">
		<name>MKK-1035</name>
		<cmt>Bab Orb Parkplatz Gasthaus Spessartruh</cmt>
		<desc>Bab Orb Parkplatz Gasthaus Spessartruh</desc>
		<src>Kurstadt Bad Orb</src>
	</wpt>
	<wpt lat="50.151646748114672" lon="8.7631710233651159">
		<name>F-29</name>
		<cmt>Triebstraße - Riedstraße Fritz Schubert Ring; Hallenbad (NSG "Berger Hang" und NSG "Enkheimer Ried"</cmt>
		<desc>Triebstraße - Riedstraße Fritz Schubert Ring; Hallenbad (NSG "Berger Hang" und NSG "Enkheimer Ried"</desc>
		<src>SonstigeHessen</src>
	</wpt>
	<wpt lat="50.224696986773928" lon="9.3450120022506962">
		<name>MKK-1034</name>
		<cmt>Bad Orb Parkplatz Friedhof</cmt>
		<desc>Bad Orb Parkplatz Friedhof</desc>
		<src>Kurstadt Bad Orb</src>
	</wpt>
	<wpt lat="50.541179049786237" lon="8.2690243155790597">
		<name>LM-106</name>
		<cmt>Grillhütte Niedershausen</cmt>
		<desc>Grillhütte Niedershausen</desc>
		<src>Gemeinde Löhnberg</src>
	</wpt>
	<wpt lat="49.869157421180837" lon="8.4857741679887795">
		<name>GG-76</name>
		<cmt>Beginn der Siedlung "Am schwarzen Berg"</cmt>
		<desc>Beginn der Siedlung "Am schwarzen Berg"</desc>
		<src>Stadt Groß-Gerau</src>
	</wpt>
	<wpt lat="49.977990747514504" lon="8.3996161010575818">
		<name>GG-43</name>
		<cmt>Abzw. Oppenheimer Str./Grenzweg Bischhofsheim; "Alter Holzplatz"</cmt>
		<desc>Abzw. Oppenheimer Str./Grenzweg Bischhofsheim; "Alter Holzplatz"</desc>
		<src>Forstservice Taunus GmbH</src>
	</wpt>
	<wpt lat="50.224883034939502" lon="8.5491720520030636">
		<name>HG-14</name>
		<cmt>Riesenmammutbäume</cmt>
		<desc>Riesenmammutbäume</desc>
		<src>SonstigeHessen</src>
	</wpt>
	<wpt lat="50.033180563388584" lon="8.5993116453810252">
		<name>GG-7</name>
		<cmt>Abzw. L 3262/Huren Schneise; 1. Südl. Waldzuf. An L 3262 nach BAB 5 Anschlußst. Zeppelinheim</cmt>
		<desc>Abzw. L 3262/Huren Schneise; 1. Südl. Waldzuf. An L 3262 nach BAB 5 Anschlußst. Zeppelinheim</desc>
		<src>Gemeinde Trebur</src>
	</wpt>
	<wpt lat="49.790441083504057" lon="8.6115026424189764">
		<name>DA-304</name>
		<cmt>ehem. Forsthaus Pfungstadt</cmt>
		<desc>ehem. Forsthaus Pfungstadt</desc>
		<src>Stadt Pfungstadt</src>
	</wpt>
	<wpt lat="49.676308267884856" lon="9.0647625011409314">
		<name>ERB-77</name>
		<cmt>Forsthaus Silvan</cmt>
		<desc>Forsthaus Silvan</desc>
		<src>SonstigeHessen</src>
	</wpt>
	<wpt lat="49.819436236727476" lon="8.5860646498124353">
		<name>DA-309</name>
		<cmt>Pfungstadt Umspannwerk RWE</cmt>
		<desc>Pfungstadt Umspannwerk RWE</desc>
		<src>Stadt Pfungstadt</src>
	</wpt>
	<wpt lat="50.543012988458187" lon="9.0147931830105836">
		<name>GI-111</name>
		<cmt>Hotel Waldhaus, Laubach</cmt>
		<desc>Hotel Waldhaus, Laubach</desc>
		<src>Stadtwaldstiftung Laubach</src>
	</wpt>
	<wpt lat="50.365290914391693" lon="8.5337994844940539">
		<name>HG-119</name>
		<cmt>Parkplatz "Eschbacher Klippen"</cmt>
		<desc>Parkplatz "Eschbacher Klippen"</desc>
		<src>Stadt Usingen</src>
	</wpt>
	<wpt lat="51.346607233953421" lon="8.9344692468141034">
		<name>KB-117</name>
		<cmt>Waldrand Denkmal Blitzstein</cmt>
		<desc>Waldrand Denkmal Blitzstein</desc>
		<src>Kommunalwald GmbH</src>
	</wpt>
	<wpt lat="51.278685147999759" lon="8.6208381219947494">
		<name>KB-156</name>
		<cmt>Forsthaus Willingen</cmt>
		<desc>Forsthaus Willingen</desc>
		<src>Kommunalwald GmbH</src>
	</wpt>
	<wpt lat="50.535147556646628" lon="8.9520662421266692">
		<name>GI-113</name>
		<cmt>K 146, Kreuzung Laubach/Röthges</cmt>
		<desc>K 146, Kreuzung Laubach/Röthges</desc>
		<src>Stadtwaldstiftung Laubach</src>
	</wpt>
	<wpt lat="50.571481112802147" lon="8.9700544201125343">
		<name>GI-110</name>
		<cmt>Gasthaus Pitz in Lauter</cmt>
		<desc>Gasthaus Pitz in Lauter</desc>
		<src>Stadtwaldstiftung Laubach</src>
	</wpt>
	<wpt lat="49.946536461845668" lon="8.5418580627319116">
		<name>GG-51</name>
		<cmt>Kreuzungspunkt K 164 - Apfelbach</cmt>
		<desc>Kreuzungspunkt K 164 - Apfelbach</desc>
		<src>Gemeinde Büttelborn</src>
	</wpt>
	<wpt lat="49.954579568280032" lon="8.4227288732579879">
		<name>GG-58</name>
		<cmt>B 42 Bauscheim; Parkpl. Gegenüber Gaststätte "Wilddieb"Hotel Waldhaus, Saunaclub</cmt>
		<desc>B 42 Bauscheim; Parkpl. Gegenüber Gaststätte "Wilddieb"Hotel Waldhaus, Saunaclub</desc>
		<src>Forstservice Taunus GmbH</src>
	</wpt>
	<wpt lat="49.820633602123884" lon="8.537603683847852">
		<name>GG-83</name>
		<cmt>Abzw. Schumann, Sand u. Kies; Kiesaufbereitunganl. Fa. Schumann</cmt>
		<desc>Abzw. Schumann, Sand u. Kies; Kiesaufbereitunganl. Fa. Schumann</desc>
		<src>Stadt Riedstadt</src>
	</wpt>
	<wpt lat="50.225320947029715" lon="8.5182948213095475">
		<name>HG-16</name>
		<cmt>Einmündung Ob. Maßbornweg</cmt>
		<desc>Einmündung Ob. Maßbornweg</desc>
		<src>SonstigeHessen</src>
	</wpt>
	<wpt lat="50.540954117197586" lon="8.1397815997377752">
		<name>LM-108</name>
		<cmt>Hildegardishof , Waldernbach</cmt>
		<desc>Hildegardishof , Waldernbach</desc>
		<src>SonstigeHessen</src>
	</wpt>
	<wpt lat="50.327436162432974" lon="9.5004413633248923">
		<name>MKK-88</name>
		<cmt>Niederzell</cmt>
		<desc>Niederzell</desc>
		<src>SonstigeHessen</src>
	</wpt>
	<wpt lat="50.019581922202462" lon="8.6075833965258397">
		<name>GG-12</name>
		<cmt>Abzw. B 44/Rundsee Schneise; Waldzufahrt</cmt>
		<desc>Abzw. B 44/Rundsee Schneise; Waldzufahrt</desc>
		<src>Gemeinde Trebur</src>
	</wpt>
	<wpt lat="50.573034698776098" lon="8.7175743417638252">
		<name>GI-2</name>
		<cmt>Waldparkplatz</cmt>
		<desc>Waldparkplatz</desc>
		<src>SonstigeHessen</src>
	</wpt>
	<wpt lat="50.257632063139162" lon="8.587688352390348">
		<name>HG-5</name>
		<cmt>Horexkurve</cmt>
		<desc>Horexkurve</desc>
		<src>Magistrat der Stadt Bad Homburg</src>
	</wpt>
	<wpt lat="50.683276618994938" lon="8.1140857176202346">
		<name>WW-215</name>
		<cmt>Rabenscheid Richtung Weißenberg; 470 m vor Weißenberg (östlich) Einfahrt Waldweg;</cmt>
		<desc>Rabenscheid Richtung Weißenberg; 470 m vor Weißenberg (östlich) Einfahrt Waldweg;</desc>
		<src>SonstigeHessen</src>
	</wpt>
	<wpt lat="49.813775872232014" lon="8.5721869525700125">
		<name>DA-308</name>
		<cmt>Eschollbrücken Friedhof</cmt>
		<desc>Eschollbrücken Friedhof</desc>
		<src>Stadt Pfungstadt</src>
	</wpt>
	<wpt lat="50.200249829300915" lon="8.5624374268231698">
		<name>HG-22</name>
		<cmt>Sportplatz Stierstädter Heide</cmt>
		<desc>Sportplatz Stierstädter Heide</desc>
		<src>SonstigeHessen</src>
	</wpt>
	<wpt lat="50.817115864010759" lon="9.2722965373711084">
		<name>HR-920</name>
		<cmt>Int. Wald Schrecksbach</cmt>
		<desc>Int. Wald Schrecksbach</desc>
		<src>SonstigeHessen</src>
	</wpt>
	<wpt lat="50.049206797667715" lon="8.6656868971338952">
		<name>OF-118</name>
		<cmt>Parkplatz unter Brücke Main-Neckar BB</cmt>
		<desc>Parkplatz unter Brücke Main-Neckar BB</desc>
		<src>SonstigeHessen</src>
	</wpt>
	<wpt lat="49.638160169694473" lon="8.6617240723499425">
		<name>HP-238</name>
		<cmt>Ortseingan HP-Erbach</cmt>
		<desc>Ortseingan HP-Erbach</desc>
		<src>Stadt Heppenheim</src>
	</wpt>
	<wpt lat="51.309119436653255" lon="8.6994499198309914">
		<name>KB-139</name>
		<cmt>DGH Hemmighausen</cmt>
		<desc>DGH Hemmighausen</desc>
		<src>SonstigeHessen</src>
	</wpt>
	<wpt lat="50.469964828155533" lon="8.0371302215790816">
		<name>LM-304</name>
		<cmt>Kath. Kirche Niederzeuzheim, "Kapellenstraße 1"</cmt>
		<desc>Kath. Kirche Niederzeuzheim, "Kapellenstraße 1"</desc>
		<src>Stadt Hadamar</src>
	</wpt>
	<wpt lat="50.729686190853378" lon="9.322576695520528">
		<name>VB-199</name>
		<cmt>Sendeturm Homberg</cmt>
		<desc>Sendeturm Homberg</desc>
		<src>SonstigeHessen</src>
	</wpt>
	<wpt lat="50.556641961421889" lon="8.2882468564633811">
		<name>LDK-252</name>
		<cmt>"Outdoorcenter"</cmt>
		<desc>"Outdoorcenter"</desc>
		<src>SonstigeHessen</src>
	</wpt>
	<wpt lat="50.37153470031808" lon="8.2730044264066258">
		<name>LM-228</name>
		<cmt>Münster Bushaltestelle Abf. "Lago Alfredo"</cmt>
		<desc>Münster Bushaltestelle Abf. "Lago Alfredo"</desc>
		<src>Gemeinde Selters</src>
	</wpt>
	<wpt lat="50.569119996035674" lon="8.2692804764565757">
		<name>LDK-253</name>
		<cmt>Steinbruch "Schmidt"</cmt>
		<desc>Steinbruch "Schmidt"</desc>
		<src>SonstigeHessen</src>
	</wpt>
	<wpt lat="49.862454346562913" lon="8.4993859159087446">
		<name>GG-77</name>
		<cmt>Sportplatz Wolfskehlen</cmt>
		<desc>Sportplatz Wolfskehlen</desc>
		<src>Stadt Riedstadt</src>
	</wpt>
	<wpt lat="50.312829781379975" lon="9.2866367563895746">
		<name>MKK-1029</name>
		<cmt>Zufahrt Schützenhaus Hasennest</cmt>
		<desc>Zufahrt Schützenhaus Hasennest</desc>
		<src>Gemeinde Brachttal</src>
	</wpt>
	<wpt lat="50.12736409870184" lon="9.0268915065094415">
		<name>MKK-204</name>
		<cmt>Waldrand in Verlängerung der Alzenauer Str..</cmt>
		<desc>Waldrand in Verlängerung der Alzenauer Str..</desc>
		<src>SonstigeHessen</src>
	</wpt>
	<wpt lat="50.330423523859096" lon="9.4990200223973265">
		<name>MKK-73</name>
		<cmt>Niederzell-West</cmt>
		<desc>Niederzell-West</desc>
		<src>HessenForst</src>
	</wpt>
	<wpt lat="50.567841272034812" lon="8.1414058843285328">
		<name>LM-101</name>
		<cmt>Sportplatz Mengerskirchen</cmt>
		<desc>Sportplatz Mengerskirchen</desc>
		<src>SonstigeHessen</src>
	</wpt>
	<wpt lat="49.781460898905948" lon="8.6054894088529057">
		<name>DA-302</name>
		<cmt>Zufahrt Naturfreundehaus</cmt>
		<desc>Zufahrt Naturfreundehaus</desc>
		<src>Stadt Pfungstadt</src>
	</wpt>
	<wpt lat="50.359003894583005" lon="8.2700943331107553">
		<name>LM-232</name>
		<cmt>Abzweigung Hessenstraße/Selters - Münster</cmt>
		<desc>Abzweigung Hessenstraße/Selters - Münster</desc>
		<src>Gemeinde Selters</src>
	</wpt>
	<wpt lat="50.078645199453256" lon="8.578487097441112">
		<name>F-13</name>
		<cmt>Schwanheimer Forsthaus</cmt>
		<desc>Schwanheimer Forsthaus</desc>
		<src>SonstigeHessen</src>
	</wpt>
	<wpt lat="51.155708054113632" lon="10.140405341801545">
		<name>ESW-335</name>
		<cmt>Einfahrt Petersgraben   K 49</cmt>
		<desc>Einfahrt Petersgraben   K 49</desc>
		<src>SonstigeHessen</src>
	</wpt>
	<wpt lat="50.984173313025124" lon="9.7405477812150991">
		<name>HEF-38</name>
		<cmt>Wilhelminenhof</cmt>
		<desc>Wilhelminenhof</desc>
		<src>SonstigeHessen</src>
	</wpt>
	<wpt lat="50.648980139363466" lon="9.4586095068305074">
		<name>VB-172</name>
		<cmt>Wegegabel Abt. 26 / 30</cmt>
		<desc>Wegegabel Abt. 26 / 30</desc>
		<src>SonstigeHessen</src>
	</wpt>
	<wpt lat="50.469693161623326" lon="9.4954401768699075">
		<name>FD-545</name>
		<cmt>Spatzenhof / Mühlfeldshof</cmt>
		<desc>Spatzenhof / Mühlfeldshof</desc>
		<src>SonstigeHessen</src>
	</wpt>
	<wpt lat="50.356143104748448" lon="8.3219487144481512">
		<name>LM-231</name>
		<cmt>Forsthaus, Markweg 5</cmt>
		<desc>Forsthaus, Markweg 5</desc>
		<src>Gemeinde Selters</src>
	</wpt>
	<wpt lat="50.963320345297241" lon="9.0987256936947105">
		<name>HR-415</name>
		<cmt>Radarfalle Sebbeterode</cmt>
		<desc>Radarfalle Sebbeterode</desc>
		<src>SonstigeHessen</src>
	</wpt>
	<wpt lat="50.604777090086614" lon="8.2917627930935023">
		<name>LDK-254</name>
		<cmt>Parkplatz  "Klinik Waldhof Elgershausen"</cmt>
		<desc>Parkplatz  "Klinik Waldhof Elgershausen"</desc>
		<src>SonstigeHessen</src>
	</wpt>
	<wpt lat="50.578717705463575" lon="8.3028631532454256">
		<name>LDK-251</name>
		<cmt>Grillhütte Ulm</cmt>
		<desc>Grillhütte Ulm</desc>
		<src>SonstigeHessen</src>
	</wpt>
	<wpt lat="50.113148123865088" lon="8.4260806142279794">
		<name>MTK-11</name>
		<cmt>VW Autohaus Kaufmann, Lorsbach</cmt>
		<desc>VW Autohaus Kaufmann, Lorsbach</desc>
		<src>Magistrat der Kreisstadt Hofheim am Taunus</src>
	</wpt>
	<wpt lat="51.492535604308344" lon="9.0575894706811901">
		<name>KB-3</name>
		<cmt>Hohe Hegge</cmt>
		<desc>Hohe Hegge</desc>
		<src>Kommunalwald GmbH</src>
	</wpt>
	<wpt lat="51.193561423802301" lon="9.147973789484686">
		<name>KB-605</name>
		<cmt>Königshagen, Bushalte-stelle, Abzweig Böhne</cmt>
		<desc>Königshagen, Bushalte-stelle, Abzweig Böhne</desc>
		<src>Kommunalwald GmbH</src>
	</wpt>
	<wpt lat="51.309823773420113" lon="8.7514042162130465">
		<name>KB-140</name>
		<cmt>Ortsausgang Schweinsbühl</cmt>
		<desc>Ortsausgang Schweinsbühl</desc>
		<src>Kommunalwald GmbH</src>
	</wpt>
	<wpt lat="51.266496687206718" lon="8.6512679864646902">
		<name>KB-163</name>
		<cmt>"Diemelquelle"</cmt>
		<desc>"Diemelquelle"</desc>
		<src>Kommunalwald GmbH</src>
	</wpt>
	<wpt lat="50.757922043488328" lon="9.3097938531648463">
		<name>VB-203</name>
		<cmt>Alsfeld Richtung Bad Hersfeld, Ortsausgang links zur Höllenhofstraße</cmt>
		<desc>Alsfeld Richtung Bad Hersfeld, Ortsausgang links zur Höllenhofstraße</desc>
		<src>SonstigeHessen</src>
	</wpt>
	<wpt lat="50.33236486158323" lon="9.622662395773812">
		<name>MKK-1024</name>
		<cmt>Forsthaus Ramholz</cmt>
		<desc>Forsthaus Ramholz</desc>
		<src>SonstigeHessen</src>
	</wpt>
	<wpt lat="49.624154475382106" lon="8.6438082707746684">
		<name>HP-233</name>
		<cmt>Odenwaldquelle</cmt>
		<desc>Odenwaldquelle</desc>
		<src>Stadt Heppenheim</src>
	</wpt>
	<wpt lat="50.215404684624765" lon="8.5443778882528072">
		<name>HG-15</name>
		<cmt>Hotel Waldlust / U3-Haltestelle</cmt>
		<desc>Hotel Waldlust / U3-Haltestelle</desc>
		<src>SonstigeHessen</src>
	</wpt>
	<wpt lat="50.244503685744753" lon="8.5704687456099098">
		<name>HG-9</name>
		<cmt>Forsthaus Rev. Bad Homburg</cmt>
		<desc>Forsthaus Rev. Bad Homburg</desc>
		<src>Magistrat der Stadt Bad Homburg</src>
	</wpt>
	<wpt lat="50.749997061593362" lon="9.3384551259898885">
		<name>VB-200</name>
		<cmt>Eifa, Reithalle vor der Sporthalle</cmt>
		<desc>Eifa, Reithalle vor der Sporthalle</desc>
		<src>SonstigeHessen</src>
	</wpt>
	<wpt lat="49.99383603500209" lon="8.5934234760732586">
		<name>GG-27</name>
		<cmt>An den Eichen 80; Forsthaus Revierförsterei Mörfelden</cmt>
		<desc>An den Eichen 80; Forsthaus Revierförsterei Mörfelden</desc>
		<src>Gemeinde Trebur</src>
	</wpt>
	<wpt lat="50.338426942470328" lon="8.2623493869979434">
		<name>LM-236</name>
		<cmt>Sportplatz Eisenbach</cmt>
		<desc>Sportplatz Eisenbach</desc>
		<src>Gemeinde Selters</src>
	</wpt>
	<wpt lat="49.734176854852784" lon="9.0845159987160446">
		<name>ERB-162</name>
		<cmt>Parkplatz Hainhaus</cmt>
		<desc>Parkplatz Hainhaus</desc>
		<src>SonstigeHessen</src>
	</wpt>
	<wpt lat="50.26556099269331" lon="8.5572743177776989">
		<name>HG-7</name>
		<cmt>Silberküppel</cmt>
		<desc>Silberküppel</desc>
		<src>Magistrat der Stadt Bad Homburg</src>
	</wpt>
	<wpt lat="50.223933062347726" lon="9.2420154250492796">
		<name>MKK-240</name>
		<cmt>Kaltenborn, ehemaliges Forsthausgebäude</cmt>
		<desc>Kaltenborn, ehemaliges Forsthausgebäude</desc>
		<src>SonstigeHessen</src>
	</wpt>
	<wpt lat="50.205508702755125" lon="9.3468837372005691">
		<name>MKK-1033</name>
		<cmt>Waldparkplatz  "Friesenheiligen"</cmt>
		<desc>Waldparkplatz  "Friesenheiligen"</desc>
		<src>Kurstadt Bad Orb</src>
	</wpt>
	<wpt lat="50.589269139637551" lon="8.311482208131812">
		<name>LDK-6</name>
		<cmt>"Hainbuschweg" Waldeingang</cmt>
		<desc>"Hainbuschweg" Waldeingang</desc>
		<src>SonstigeHessen</src>
	</wpt>
	<wpt lat="50.803249762418424" lon="8.3621189302332759">
		<name>LDK-414</name>
		<cmt>Schwarzbachstr. Kirche in der Ortsmitte von Eiershausen</cmt>
		<desc>Schwarzbachstr. Kirche in der Ortsmitte von Eiershausen</desc>
		<src>SonstigeHessen</src>
	</wpt>
	<wpt lat="50.213768103728071" lon="8.5161076138670708">
		<name>HG-18</name>
		<cmt>Emminghaushütte</cmt>
		<desc>Emminghaushütte</desc>
		<src>SonstigeHessen</src>
	</wpt>
	<wpt lat="50.466054427699724" lon="8.0840497342433935">
		<name>LM-302</name>
		<cmt>Waldparkplatz an der L 3278</cmt>
		<desc>Waldparkplatz an der L 3278</desc>
		<src>Stadt Hadamar</src>
	</wpt>
	<wpt lat="50.825816805318688" lon="8.3795090150683862">
		<name>LDK-420</name>
		<cmt>Ortseinfahrt Simmersbach, Abf. K 63 Richtung Oberhörlen</cmt>
		<desc>Ortseinfahrt Simmersbach, Abf. K 63 Richtung Oberhörlen</desc>
		<src>SonstigeHessen</src>
	</wpt>
	<wpt lat="49.988246877741361" lon="8.4347148649297985">
		<name>GG-40</name>
		<cmt>Parkplatz Varkausstraße, Rüsselsheimer Ostpark Süd</cmt>
		<desc>Parkplatz Varkausstraße, Rüsselsheimer Ostpark Süd</desc>
		<src>Forstservice Taunus GmbH</src>
	</wpt>
	<wpt lat="50.69370615723151" lon="9.2253647188849186">
		<name>VB-148</name>
		<cmt>Bushaltestelle</cmt>
		<desc>Bushaltestelle</desc>
		<src>SonstigeHessen</src>
	</wpt>
	<wpt lat="50.337790954188797" lon="8.279057886310925">
		<name>LM-263</name>
		<cmt>Hof Hausen</cmt>
		<desc>Hof Hausen</desc>
		<src>Gemeinde Selters</src>
	</wpt>
	<wpt lat="49.883904877427703" lon="8.4682005195493488">
		<name>GG-74</name>
		<cmt>Abzweigung in Höhe "Riedhof"</cmt>
		<desc>Abzweigung in Höhe "Riedhof"</desc>
		<src>Stadt Groß-Gerau</src>
	</wpt>
	<wpt lat="50.005471621251289" lon="8.5931670812972083">
		<name>GG-25</name>
		<cmt>Abzw. B 44/Rotwiesen Schneise; letzte Waldzuf. vor Autobahnüberf. BAB 5</cmt>
		<desc>Abzw. B 44/Rotwiesen Schneise; letzte Waldzuf. vor Autobahnüberf. BAB 5</desc>
		<src>Gemeinde Trebur</src>
	</wpt>
	<wpt lat="50.259472360128846" lon="9.1795951684650703">
		<name>MKK-243</name>
		<cmt>Parkplatz Breitenborn</cmt>
		<desc>Parkplatz Breitenborn</desc>
		<src>SonstigeHessen</src>
	</wpt>
	<wpt lat="51.315142358548982" lon="8.7313150877379861">
		<name>KB-136</name>
		<cmt>Ortsmitte</cmt>
		<desc>Ortsmitte</desc>
		<src>SonstigeHessen</src>
	</wpt>
	<wpt lat="50.307947642974312" lon="9.2689890415729987">
		<name>MKK-56</name>
		<cmt>Spielberg</cmt>
		<desc>Spielberg</desc>
		<src>Gemeinde Brachttal</src>
	</wpt>
	<wpt lat="49.656035234410503" lon="8.9479719727468048">
		<name>ERB-57</name>
		<cmt>Parkplatz Tränkfeldeiche</cmt>
		<desc>Parkplatz Tränkfeldeiche</desc>
		<src>SonstigeHessen</src>
	</wpt>
	<wpt lat="50.338718787932905" lon="9.7068088892205679">
		<name>MKK-91</name>
		<cmt>Oberzell</cmt>
		<desc>Oberzell</desc>
		<src>HessenForst</src>
	</wpt>
	<wpt lat="50.492902202912141" lon="7.9916131957249688">
		<name>LM-351</name>
		<cmt>Birkenhof ( ehem. Schlaudermühle)</cmt>
		<desc>Birkenhof ( ehem. Schlaudermühle)</desc>
		<src>Gemeinde Dornburg</src>
	</wpt>
	<wpt lat="50.568352089935566" lon="8.7681182477290598">
		<name>GI-8</name>
		<cmt>Parkplaltz Fernwald</cmt>
		<desc>Parkplaltz Fernwald</desc>
		<src>SonstigeHessen</src>
	</wpt>
	<wpt lat="50.502822286354913" lon="9.0707106397825221">
		<name>VB-24</name>
		<cmt>Einartsh. Ortsmitte Kreuzung</cmt>
		<desc>Einartsh. Ortsmitte Kreuzung</desc>
		<src>SonstigeHessen</src>
	</wpt>
	<wpt lat="49.996647027276587" lon="8.4409107969997059">
		<name>GG-21</name>
		<cmt>Rüsselsheimer Ostpark Nord; Parkpl. Neuer Friedhof</cmt>
		<desc>Rüsselsheimer Ostpark Nord; Parkpl. Neuer Friedhof</desc>
		<src>Forstservice Taunus GmbH</src>
	</wpt>
	<wpt lat="50.561434973596747" lon="9.0456979532330362">
		<name>GI-109</name>
		<cmt>Kirche Freienseen Dorfmitte</cmt>
		<desc>Kirche Freienseen Dorfmitte</desc>
		<src>Stadtwaldstiftung Laubach</src>
	</wpt>
	<wpt lat="50.592594838477183" lon="8.2737785004859763">
		<name>LDK-255</name>
		<cmt>Ortsausgang Holzhausen &amp;gt; Rodenroth,  hinter d.alten Bahntrasse</cmt>
		<desc>Ortsausgang Holzhausen &amp;gt; Rodenroth,  hinter d.alten Bahntrasse</desc>
		<src>SonstigeHessen</src>
	</wpt>
	<wpt lat="49.894365341572367" lon="8.3997055554042337">
		<name>GG-75</name>
		<cmt>Kreuzung L 3012 - K 161, Abzw. zur Hoheaue, nördl. Mitsubishi-Gelände</cmt>
		<desc>Kreuzung L 3012 - K 161, Abzw. zur Hoheaue, nördl. Mitsubishi-Gelände</desc>
		<src>Gemeinde Trebur</src>
	</wpt>
	<wpt lat="50.088948199791766" lon="8.4163383478624105">
		<name>MTK-4</name>
		<cmt>Parkplatz Eselsweg</cmt>
		<desc>Parkplatz Eselsweg</desc>
		<src>Magistrat der Kreisstadt Hofheim am Taunus</src>
	</wpt>
	<wpt lat="50.510236001624492" lon="8.2618435268648636">
		<name>LM-117</name>
		<cmt>Sportgelände des Turn- u. Sportvereins Löhnberg</cmt>
		<desc>Sportgelände des Turn- u. Sportvereins Löhnberg</desc>
		<src>Gemeinde Löhnberg</src>
	</wpt>
	<wpt lat="50.240510769705125" lon="9.1736929755542551">
		<name>MKK-242</name>
		<cmt>Waldparkplatz Gettenbach</cmt>
		<desc>Waldparkplatz Gettenbach</desc>
		<src>SonstigeHessen</src>
	</wpt>
	<wpt lat="51.02982834760283" lon="9.191771941135169">
		<name>HR-50</name>
		<cmt>Einfahrt zur Waag-Mühle</cmt>
		<desc>Einfahrt zur Waag-Mühle</desc>
		<src>SonstigeHessen</src>
	</wpt>
	<wpt lat="50.048262411264702" lon="8.5065723825152588">
		<name>GG-3</name>
		<cmt>Abzw. K 152 / Gelbe Grund Schneise; Waldparkpl. Mönchwaldsee</cmt>
		<desc>Abzw. K 152 / Gelbe Grund Schneise; Waldparkpl. Mönchwaldsee</desc>
		<src>SonstigeHessen</src>
	</wpt>
	<wpt lat="49.92036311022931" lon="8.4134537480784406">
		<name>GG-61</name>
		<cmt>Parkpl. Südl. Ortsausgang Trebur</cmt>
		<desc>Parkpl. Südl. Ortsausgang Trebur</desc>
		<src>Gemeinde Trebur</src>
	</wpt>
	<wpt lat="50.525769938883961" lon="8.2385695025360821">
		<name>LM-114</name>
		<cmt>Big Sky Ranch</cmt>
		<desc>Big Sky Ranch</desc>
		<src>Gemeinde Löhnberg</src>
	</wpt>
	<wpt lat="50.109912562487381" lon="8.5950057638947257">
		<name>F-12</name>
		<cmt>Abzw. Griesheimer Weg; Waldzufahrt bis Pumpwerk</cmt>
		<desc>Abzw. Griesheimer Weg; Waldzufahrt bis Pumpwerk</desc>
		<src>SonstigeHessen</src>
	</wpt>
	<wpt lat="50.144390059299162" lon="8.7400725171520204">
		<name>F-27</name>
		<cmt>Voltenseestraße; Kruppstr./Eing.Voltenseew. (BSG "Seckbacher Ried")</cmt>
		<desc>Voltenseestraße; Kruppstr./Eing.Voltenseew. (BSG "Seckbacher Ried")</desc>
		<src>SonstigeHessen</src>
	</wpt>
	<wpt lat="50.804502652817504" lon="8.3871506949708152">
		<name>LDK-413</name>
		<cmt>Hirzenhainer Str., Abzweig Friedhof Richtung Ortsausgang Hirzenhain Richtung Oberhörlen</cmt>
		<desc>Hirzenhainer Str., Abzweig Friedhof Richtung Ortsausgang Hirzenhain Richtung Oberhörlen</desc>
		<src>SonstigeHessen</src>
	</wpt>
	<wpt lat="49.828995107995411" lon="8.5792546312758731">
		<name>DA-311</name>
		<cmt>Zufahrt Baumschule Appel</cmt>
		<desc>Zufahrt Baumschule Appel</desc>
		<src>Stadt Pfungstadt</src>
	</wpt>
	<wpt lat="50.246911634520288" lon="9.1505208517833339">
		<name>MKK-241</name>
		<cmt>Zufahrt  zur "Erich-Schaar-Hütte"</cmt>
		<desc>Zufahrt  zur "Erich-Schaar-Hütte"</desc>
		<src>SonstigeHessen</src>
	</wpt>
	<wpt lat="50.204783774318258" lon="8.5348063992811447">
		<name>HG-20</name>
		<cmt>Franzoseneck</cmt>
		<desc>Franzoseneck</desc>
		<src>SonstigeHessen</src>
	</wpt>
	<wpt lat="51.33654398383181" lon="8.9647966766701401">
		<name>KB-122</name>
		<cmt>Alter Bahnhof Twiste</cmt>
		<desc>Alter Bahnhof Twiste</desc>
		<src>SonstigeHessen</src>
	</wpt>
	<wpt lat="50.587822968114956" lon="8.1751533804143435">
		<name>LDK-242</name>
		<cmt>Sportplatz Arborn</cmt>
		<desc>Sportplatz Arborn</desc>
		<src>SonstigeHessen</src>
	</wpt>
	<wpt lat="50.766659594196966" lon="8.6989855074813729">
		<name>MR-431</name>
		<cmt>Hofgut Germershausen</cmt>
		<desc>Hofgut Germershausen</desc>
		<src>SonstigeHessen</src>
	</wpt>
	<wpt lat="50.508035872812698" lon="7.9970378891931935">
		<name>LM-348</name>
		<cmt>Parkplatz Sportplatz Dorndorf</cmt>
		<desc>Parkplatz Sportplatz Dorndorf</desc>
		<src>Gemeinde Dornburg</src>
	</wpt>
	<wpt lat="49.781898940979026" lon="8.6216995935961798">
		<name>DA-303</name>
		<cmt>Zufahrt Muna / Gerätedepot</cmt>
		<desc>Zufahrt Muna / Gerätedepot</desc>
		<src>Stadt Pfungstadt</src>
	</wpt>
	<wpt lat="50.371771849980966" lon="9.4248713733298608">
		<name>MKK-31</name>
		<cmt>Ulmbach</cmt>
		<desc>Ulmbach</desc>
		<src>HessenForst</src>
	</wpt>
	<wpt lat="49.891347773576562" lon="8.5441182166242893">
		<name>GG-69</name>
		<cmt>ehem. Raststätte Büttelborn (südwestl. BAB 67)</cmt>
		<desc>ehem. Raststätte Büttelborn (südwestl. BAB 67)</desc>
		<src>Gemeinde Büttelborn</src>
	</wpt>
	<wpt lat="50.11483239625111" lon="8.4757688639352757">
		<name>MTK-54</name>
		<cmt>Zufahrt Tierheim B 519 / Münsterer Weg</cmt>
		<desc>Zufahrt Tierheim B 519 / Münsterer Weg</desc>
		<src>SonstigeHessen</src>
	</wpt>
	<wpt lat="50.585838665676512" lon="8.3023010392448189">
		<name>LDK-7</name>
		<cmt>"Ulmbacherstraße 23" Waldeingang</cmt>
		<desc>"Ulmbacherstraße 23" Waldeingang</desc>
		<src>SonstigeHessen</src>
	</wpt>
	<wpt lat="49.794698678497952" lon="8.6369028972504385">
		<name>DA-306</name>
		<cmt>Frankenstein Kaserne</cmt>
		<desc>Frankenstein Kaserne</desc>
		<src>Stadt Pfungstadt</src>
	</wpt>
	<wpt lat="50.602251478679328" lon="8.2661116801026697">
		<name>LDK-244</name>
		<cmt>Parkplatz Ulmtalsperre</cmt>
		<desc>Parkplatz Ulmtalsperre</desc>
		<src>SonstigeHessen</src>
	</wpt>
	<wpt lat="50.656798655124184" lon="9.5354275098265262">
		<name>VB-315</name>
		<cmt>Bernshausen Schlitzbrücken</cmt>
		<desc>Bernshausen Schlitzbrücken</desc>
		<src>SonstigeHessen</src>
	</wpt>
	<wpt lat="50.173054866109773" lon="8.6421767210666598">
		<name>F-26</name>
		<cmt>Olaf Palme Str., Marie-Curie-Str., Gothaer Vers.- Haus (NSG Riedwiesen bei Niederursel)</cmt>
		<desc>Olaf Palme Str., Marie-Curie-Str., Gothaer Vers.- Haus (NSG Riedwiesen bei Niederursel)</desc>
		<src>SonstigeHessen</src>
	</wpt>
	<wpt lat="49.894148985717649" lon="8.499334922683305">
		<name>GG-71</name>
		<cmt>Ponyhof Büttelborn</cmt>
		<desc>Ponyhof Büttelborn</desc>
		<src>Gemeinde Büttelborn</src>
	</wpt>
	<wpt lat="50.26733295748933" lon="8.5670460627070852">
		<name>HG-6</name>
		<cmt>Parkplatz Restaurant Saalburg</cmt>
		<desc>Parkplatz Restaurant Saalburg</desc>
		<src>SonstigeHessen</src>
	</wpt>
	<wpt lat="51.135516460661236" lon="9.2284373179751835">
		<name>HR-23</name>
		<cmt>Geismar Grillhütte</cmt>
		<desc>Geismar Grillhütte</desc>
		<src>SonstigeHessen</src>
	</wpt>
	<wpt lat="50.095453005906016" lon="8.4406205539714794">
		<name>MTK-1</name>
		<cmt>Schranke am Exerzitienhaus, Hofheim</cmt>
		<desc>Schranke am Exerzitienhaus, Hofheim</desc>
		<src>Magistrat der Kreisstadt Hofheim am Taunus</src>
	</wpt>
	<wpt lat="51.298721805644981" lon="8.7062124973938193">
		<name>KB-145</name>
		<cmt>Alter Bahnhof Eimelrod</cmt>
		<desc>Alter Bahnhof Eimelrod</desc>
		<src>Kommunalwald GmbH</src>
	</wpt>
	<wpt lat="51.190920515524425" lon="9.1372106829295401">
		<name>KB-604</name>
		<cmt>Am Waldausgang, Böhne -Königshagen</cmt>
		<desc>Am Waldausgang, Böhne -Königshagen</desc>
		<src>Kommunalwald GmbH</src>
	</wpt>
	<wpt lat="51.331879082132566" lon="8.8152429211870214">
		<name>KB-126</name>
		<cmt>Wanderparkplatz Flechtdorf/Adorf</cmt>
		<desc>Wanderparkplatz Flechtdorf/Adorf</desc>
		<src>Kommunalwald GmbH</src>
	</wpt>
	<wpt lat="50.481246756925124" lon="8.004928028639112">
		<name>LM-352</name>
		<cmt>Einfahrt Basaltsteinbruch</cmt>
		<desc>Einfahrt Basaltsteinbruch</desc>
		<src>Gemeinde Dornburg</src>
	</wpt>
	<wpt lat="50.010411019852569" lon="8.4701332315916495">
		<name>GG-16</name>
		<cmt>Kreuzung Aschaffenb.Str./Stockstr., Zuf. Raunheimer Waldsee/Kiesgrube Dreher</cmt>
		<desc>Kreuzung Aschaffenb.Str./Stockstr., Zuf. Raunheimer Waldsee/Kiesgrube Dreher</desc>
		<src>Stadt Raunheim</src>
	</wpt>
	<wpt lat="51.157733253810996" lon="10.118525811200916">
		<name>ESW-332</name>
		<cmt>Lehnhaus K 49</cmt>
		<desc>Lehnhaus K 49</desc>
		<src>SonstigeHessen</src>
	</wpt>
	<wpt lat="50.212404266086871" lon="8.5332121922616828">
		<name>HG-19</name>
		<cmt>Klinikparkplatz</cmt>
		<desc>Klinikparkplatz</desc>
		<src>SonstigeHessen</src>
	</wpt>
	<wpt lat="49.809385986581397" lon="8.5142080950529309">
		<name>GG-84</name>
		<cmt>Altes Rathaus/Kirche Crumstadt</cmt>
		<desc>Altes Rathaus/Kirche Crumstadt</desc>
		<src>Stadt Riedstadt</src>
	</wpt>
	<wpt lat="50.344310324646322" lon="9.6112463274396589">
		<name>MKK-1023</name>
		<cmt>Zufahrt zum Schützenhaus am Steinbruch "Schlinges"</cmt>
		<desc>Zufahrt zum Schützenhaus am Steinbruch "Schlinges"</desc>
		<src>SonstigeHessen</src>
	</wpt>
	<wpt lat="50.518266151232517" lon="8.0217614712556031">
		<name>LM-347</name>
		<cmt>Waldparkplatz "Eisstollen" an der L 3278</cmt>
		<desc>Waldparkplatz "Eisstollen" an der L 3278</desc>
		<src>Gemeinde Dornburg</src>
	</wpt>
	<wpt lat="50.311054706984926" lon="8.4949714716761147">
		<name>HG-158</name>
		<cmt>Steinhof, 200m hinter Sportplatz Hausen</cmt>
		<desc>Steinhof, 200m hinter Sportplatz Hausen</desc>
		<src>Stadt Neu-Anspach</src>
	</wpt>
	<wpt lat="49.882400578190413" lon="8.4854756594530798">
		<name>GG-73</name>
		<cmt>Kreuzung Neckarstraße/Heißfeldstraße; Zuf. Zum Waldeingang Siebengeschwister-Eiche (Gaststätte Jägersruh)</cmt>
		<desc>Kreuzung Neckarstraße/Heißfeldstraße; Zuf. Zum Waldeingang Siebengeschwister-Eiche (Gaststätte Jägersruh)</desc>
		<src>Stadt Groß-Gerau</src>
	</wpt>
	<wpt lat="50.535001020760205" lon="8.2573805433891643">
		<name>LM-110</name>
		<cmt>Niedershausen -"Elbertalstraße 11" , Musikschule</cmt>
		<desc>Niedershausen -"Elbertalstraße 11" , Musikschule</desc>
		<src>Gemeinde Löhnberg</src>
	</wpt>
	<wpt lat="50.988574435835702" lon="9.3851532233828134">
		<name>HR-836</name>
		<cmt>"Dicke Eiche" am Waldrand</cmt>
		<desc>"Dicke Eiche" am Waldrand</desc>
		<src>SonstigeHessen</src>
	</wpt>
	<wpt lat="50.659406587515811" lon="9.36598461097139">
		<name>VB-164</name>
		<cmt>1. Waldweg links in den "Hälsberg"</cmt>
		<desc>1. Waldweg links in den "Hälsberg"</desc>
		<src>SonstigeHessen</src>
	</wpt>
	<wpt lat="50.999258596139804" lon="9.2399141140777186">
		<name>HR-59</name>
		<cmt>Betriebsgelände Tagebau</cmt>
		<desc>Betriebsgelände Tagebau</desc>
		<src>SonstigeHessen</src>
	</wpt>
	<wpt lat="49.904248901158887" lon="8.5411914705459075">
		<name>GG-68</name>
		<cmt>Kreuzung B 42 - Abzweigung Kreismülldeponie</cmt>
		<desc>Kreuzung B 42 - Abzweigung Kreismülldeponie</desc>
		<src>Gemeinde Büttelborn</src>
	</wpt>
	<wpt lat="50.265007315224537" lon="8.6288906691167195">
		<name>HG-1</name>
		<cmt>Ecke Waldrand</cmt>
		<desc>Ecke Waldrand</desc>
		<src>SonstigeHessen</src>
	</wpt>
	<wpt lat="50.462879100290088" lon="8.6787689939737955">
		<name>FB-1</name>
		<cmt>Eisenbahnüberführung</cmt>
		<desc>Eisenbahnüberführung</desc>
		<src>SonstigeHessen</src>
	</wpt>
	<wpt lat="50.621593067359427" lon="8.2852526627505192">
		<name>LDK-243</name>
		<cmt>Parkplatz Ortseingang Greifenstein</cmt>
		<desc>Parkplatz Ortseingang Greifenstein</desc>
		<src>SonstigeHessen</src>
	</wpt>
	<wpt lat="49.824394545912867" lon="8.502894687053109">
		<name>GG-82</name>
		<cmt>Philipshospital; Abzw. Zu den Aussiederh. "Rhönhof", "Weidenhof"</cmt>
		<desc>Philipshospital; Abzw. Zu den Aussiederh. "Rhönhof", "Weidenhof"</desc>
		<src>Stadt Riedstadt</src>
	</wpt>
	<wpt lat="50.992257604727619" lon="9.7149436687552164">
		<name>HEF-43</name>
		<cmt>Kreisjugendhof Rotenburg</cmt>
		<desc>Kreisjugendhof Rotenburg</desc>
		<src>SonstigeHessen</src>
	</wpt>
	<wpt lat="50.905839742741236" lon="9.4905911633155871">
		<name>HR-856</name>
		<cmt>Salzberger Höhe</cmt>
		<desc>Salzberger Höhe</desc>
		<src>SonstigeHessen</src>
	</wpt>
	<wpt lat="50.55337323395721" lon="8.6381791833029187">
		<name>GI-10</name>
		<cmt>Ortsausgang Klein-Linden</cmt>
		<desc>Ortsausgang Klein-Linden</desc>
		<src>SonstigeHessen</src>
	</wpt>
	<wpt lat="50.230040593389703" lon="8.512302513922279">
		<name>HG-17</name>
		<cmt>Einmündung Schellbach / Parkplatz Stahlnetz</cmt>
		<desc>Einmündung Schellbach / Parkplatz Stahlnetz</desc>
		<src>SonstigeHessen</src>
	</wpt>
	<wpt lat="51.168379379752153" lon="10.160676624409742">
		<name>ESW-329</name>
		<cmt>Einfahrt Asbachtal</cmt>
		<desc>Einfahrt Asbachtal</desc>
		<src>SonstigeHessen</src>
	</wpt>
	<wpt lat="50.197090322688652" lon="8.5479138191247497">
		<name>HG-21</name>
		<cmt>Parkplatz</cmt>
		<desc>Parkplatz</desc>
		<src>SonstigeHessen</src>
	</wpt>
	<wpt lat="50.440297273275974" lon="8.027045532380777">
		<name>LM-305</name>
		<cmt>Sportplatz/Schützenhaus Niederhadamar</cmt>
		<desc>Sportplatz/Schützenhaus Niederhadamar</desc>
		<src>Stadt Hadamar</src>
	</wpt>
	<wpt lat="49.645924275745998" lon="8.7322346936592954">
		<name>HP-230</name>
		<cmt>Ortseing. Mitlechtern Abzw. Igelsbach</cmt>
		<desc>Ortseing. Mitlechtern Abzw. Igelsbach</desc>
		<src>SonstigeHessen</src>
	</wpt>
	<wpt lat="49.90630369409844" lon="8.4836016297389083">
		<name>GG-72</name>
		<cmt>Fasanerie, Parkplatz am östl. Eingang</cmt>
		<desc>Fasanerie, Parkplatz am östl. Eingang</desc>
		<src>Stadt Groß-Gerau</src>
	</wpt>
	<wpt lat="49.996995898857364" lon="8.4662426312540262">
		<name>GG-22</name>
		<cmt>Kreuzung Eichrainweg/Stockstr.; Waldparkplatz am Trimmpfad</cmt>
		<desc>Kreuzung Eichrainweg/Stockstr.; Waldparkplatz am Trimmpfad</desc>
		<src>Forstservice Taunus GmbH</src>
	</wpt>
	<wpt lat="49.924181929919492" lon="8.5166930480835923">
		<name>GG-67</name>
		<cmt>Eichmühle Klein-Gerau</cmt>
		<desc>Eichmühle Klein-Gerau</desc>
		<src>Gemeinde Büttelborn</src>
	</wpt>
	<wpt lat="50.094091940606646" lon="8.5616015559139633">
		<name>F-25</name>
		<cmt>Ab Kläranlage Höchster Weg; Schwanenhof (NSG "Schwanheimer Düne"</cmt>
		<desc>Ab Kläranlage Höchster Weg; Schwanenhof (NSG "Schwanheimer Düne"</desc>
		<src>SonstigeHessen</src>
	</wpt>
	<wpt lat="50.599124577657449" lon="9.4731406093083041">
		<name>VB-173</name>
		<cmt>Wartenberg-Landenhausen, Kreisjugendlager, Zeltlager</cmt>
		<desc>Wartenberg-Landenhausen, Kreisjugendlager, Zeltlager</desc>
		<src>SonstigeHessen</src>
	</wpt>
	<wpt lat="50.834261146725126" lon="9.2865820130958401">
		<name>HR-922</name>
		<cmt>Gemeindezentrum Schrecksbach</cmt>
		<desc>Gemeindezentrum Schrecksbach</desc>
		<src>SonstigeHessen</src>
	</wpt>
	<wpt lat="50.191073375827365" lon="8.5670337225653306">
		<name>HG-23</name>
		<cmt>Parkplatz Käsbachtal</cmt>
		<desc>Parkplatz Käsbachtal</desc>
		<src>SonstigeHessen</src>
	</wpt>
	<wpt lat="51.360261120798988" lon="8.6942632521940428">
		<name>KB-108</name>
		<cmt>Gemeindeverbindungsweg Abzweig Eschenseite</cmt>
		<desc>Gemeindeverbindungsweg Abzweig Eschenseite</desc>
		<src>Kommunalwald GmbH</src>
	</wpt>
	<wpt lat="51.331896504953704" lon="8.676626294434687">
		<name>KB-124</name>
		<cmt>Dommelparkplatz</cmt>
		<desc>Dommelparkplatz</desc>
		<src>Kommunalwald GmbH</src>
	</wpt>
	<wpt lat="51.141169222427187" lon="9.1468680545582579">
		<name>KB-608</name>
		<cmt>Straße Anraff - Wega Abzweig zum Wald</cmt>
		<desc>Straße Anraff - Wega Abzweig zum Wald</desc>
		<src>Kommunalwald GmbH</src>
	</wpt>
	<wpt lat="49.694141501577917" lon="9.0869413963433914">
		<name>ERB-164</name>
		<cmt>Einfahrt Sansenhof</cmt>
		<desc>Einfahrt Sansenhof</desc>
		<src>SonstigeHessen</src>
	</wpt>
	<wpt lat="50.321160713542007" lon="9.6460014491104076">
		<name>MKK-1025</name>
		<cmt>Zufahrt zum Basaltsteinbruch "Schlinges", am Waldeingang links abzweigender asphaltierter Weg</cmt>
		<desc>Zufahrt zum Basaltsteinbruch "Schlinges", am Waldeingang links abzweigender asphaltierter Weg</desc>
		<src>HessenForst</src>
	</wpt>
	<wpt lat="49.837169378296373" lon="9.0474121403845587">
		<name>ERB-165</name>
		<cmt>Mümlingbrücke-Kläranlage Hainstadt</cmt>
		<desc>Mümlingbrücke-Kläranlage Hainstadt</desc>
		<src>SonstigeHessen</src>
	</wpt>
	<wpt lat="50.03208167133009" lon="8.5026727926677221">
		<name>GG-105</name>
		<cmt>Kreuzung  Wasserlochweg/Grundschneise</cmt>
		<desc>Kreuzung  Wasserlochweg/Grundschneise</desc>
		<src>SonstigeHessen</src>
	</wpt>
	<wpt lat="50.247480031179109" lon="8.6205072368047269">
		<name>HG-4</name>
		<cmt>Parkplatz</cmt>
		<desc>Parkplatz</desc>
		<src>Magistrat der Stadt Bad Homburg</src>
	</wpt>
	<wpt lat="50.825591420699617" lon="9.3002087897754233">
		<name>HR-951</name>
		<cmt>Int.Wald Schrecksbach - Mitte</cmt>
		<desc>Int.Wald Schrecksbach - Mitte</desc>
		<src>SonstigeHessen</src>
	</wpt>
	<wpt lat="50.520064810185367" lon="8.263623094288171">
		<name>LM-364</name>
		<cmt>Bushaltestelle "Löhnberg-Hütte-Ost"</cmt>
		<desc>Bushaltestelle "Löhnberg-Hütte-Ost"</desc>
		<src>Gemeinde Löhnberg</src>
	</wpt>
	<wpt lat="50.002981598087779" lon="8.5081414573483247">
		<name>GG-97</name>
		<cmt>Odenwaldclub Rüsselsheim, Steg Schn./Frankf. Str.</cmt>
		<desc>Odenwaldclub Rüsselsheim, Steg Schn./Frankf. Str.</desc>
		<src>Forstservice Taunus GmbH</src>
	</wpt>
	<wpt lat="49.995626175091544" lon="8.5272562972234578">
		<name>GG-99</name>
		<cmt>Südspitze Startbahn West</cmt>
		<desc>Südspitze Startbahn West</desc>
		<src>Forstservice Taunus GmbH</src>
	</wpt>
	<wpt lat="50.257510300635353" lon="9.1968280268523817">
		<name>MKK-244</name>
		<cmt>Einfahrt Bocksgraben</cmt>
		<desc>Einfahrt Bocksgraben</desc>
		<src>SonstigeHessen</src>
	</wpt>
	<wpt lat="49.968860009515502" lon="8.38113440928913">
		<name>GG-42</name>
		<cmt>Abzw. Am Weinfaß/Karolinger Ring; Parkplatz am Angelgewässer</cmt>
		<desc>Abzw. Am Weinfaß/Karolinger Ring; Parkplatz am Angelgewässer</desc>
		<src>Forstservice Taunus GmbH</src>
	</wpt>
	<wpt lat="50.61101250764402" lon="8.3841591636509474">
		<name>LDK-262</name>
		<cmt>Ehringshausen &amp;gt;Kölsch-hausen Pendlerpark-platz links BAB Anschlußstelle</cmt>
		<desc>Ehringshausen &amp;gt;Kölsch-hausen Pendlerpark-platz links BAB Anschlußstelle</desc>
		<src>Gemeinde Ehringshausen</src>
	</wpt>
	<wpt lat="50.352361643495534" lon="9.3992629439606734">
		<name>MKK-33</name>
		<cmt>Sarrod</cmt>
		<desc>Sarrod</desc>
		<src>HessenForst</src>
	</wpt>
	<wpt lat="51.314655913484529" lon="9.7492716787622644">
		<name>GÖ-120</name>
		<cmt>"Umschwang"</cmt>
		<desc>"Umschwang"</desc>
		<src>SonstigeHessen</src>
	</wpt>
	<wpt lat="50.535164531036372" lon="8.0497304626192996">
		<name>LM-345</name>
		<cmt>Einfahrt Feuerwehrhaus Langendernbach-"Hauser Weg"</cmt>
		<desc>Einfahrt Feuerwehrhaus Langendernbach-"Hauser Weg"</desc>
		<src>SonstigeHessen</src>
	</wpt>
	<wpt lat="50.15002723689426" lon="8.7508146033822829">
		<name>F-28</name>
		<cmt>Neuer Weg; Friedhofskapelle Parkpl. (NSG "Mühlbachtel in Bergen")</cmt>
		<desc>Neuer Weg; Friedhofskapelle Parkpl. (NSG "Mühlbachtel in Bergen")</desc>
		<src>SonstigeHessen</src>
	</wpt>
	<wpt lat="50.81339470790369" lon="8.3380183213680628">
		<name>LDK-415</name>
		<cmt>Hauptstraße Bushaltestelle Farbenhaus Kunz</cmt>
		<desc>Hauptstraße Bushaltestelle Farbenhaus Kunz</desc>
		<src>SonstigeHessen</src>
	</wpt>
	<wpt lat="49.997253142004347" lon="8.311491840217224">
		<name>GG-20</name>
		<cmt>vor der Mainbrücke; Zuf. Sportpl. "Mainspitze" an der B 43</cmt>
		<desc>vor der Mainbrücke; Zuf. Sportpl. "Mainspitze" an der B 43</desc>
		<src>SonstigeHessen</src>
	</wpt>
	<wpt lat="50.982415270508966" lon="9.2548293069647229">
		<name>HR-326</name>
		<cmt>Schranke am Waldeingang, scharfe Kurve</cmt>
		<desc>Schranke am Waldeingang, scharfe Kurve</desc>
		<src>SonstigeHessen</src>
	</wpt>
	<wpt lat="50.442381192657038" lon="8.9251603211499368">
		<name>GI-121</name>
		<cmt>Bürgerhaus Steinheim</cmt>
		<desc>Bürgerhaus Steinheim</desc>
		<src>Forstservice Taunus GmbH</src>
	</wpt>
	<wpt lat="50.518752490121479" lon="9.6841219790414286">
		<name>FD-508</name>
		<cmt>Röhlingsberg</cmt>
		<desc>Röhlingsberg</desc>
		<src>SonstigeHessen</src>
	</wpt>
	<wpt lat="50.018042265713945" lon="8.6050612315655108">
		<name>GG-13</name>
		<cmt>Abzw. B 44/Weißsandkaut Schneise; gegenüber Zuf. Fa. Sehring</cmt>
		<desc>Abzw. B 44/Weißsandkaut Schneise; gegenüber Zuf. Fa. Sehring</desc>
		<src>Gemeinde Trebur</src>
	</wpt>
	<wpt lat="49.930879318539439" lon="8.5447736666456588">
		<name>GG-66</name>
		<cmt>Worfelden "Im Hesselrod" K 164 Ampel Bürgerhaus</cmt>
		<desc>Worfelden "Im Hesselrod" K 164 Ampel Bürgerhaus</desc>
		<src>Gemeinde Büttelborn</src>
	</wpt>
	<wpt lat="49.817060008656817" lon="8.6034076228600451">
		<name>DA-310</name>
		<cmt>Pfungstadt Wasserwerk</cmt>
		<desc>Pfungstadt Wasserwerk</desc>
		<src>Stadt Pfungstadt</src>
	</wpt>
	<wpt lat="49.993011872331451" lon="7.8717630874158049">
		<name>RÜD-395</name>
		<cmt>Assmannshausen</cmt>
		<desc>Assmannshausen</desc>
		<src>SonstigeHessen</src>
	</wpt>
	<wpt lat="49.993014419011445" lon="7.8778628170445275">
		<name>RÜD-396</name>
		<cmt>Staatsweingut Assmannshausen</cmt>
		<desc>Staatsweingut Assmannshausen</desc>
		<src>SonstigeHessen</src>
	</wpt>
	<wpt lat="49.987209595473395" lon="7.8683661370125177">
		<name>RÜD-397</name>
		<cmt>Assmannshausen Schule</cmt>
		<desc>Assmannshausen Schule</desc>
		<src>SonstigeHessen</src>
	</wpt>
	<wpt lat="49.97571995441325" lon="7.8826300592163001">
		<name>RÜD-398</name>
		<cmt>Burg Ehrenfels</cmt>
		<desc>Burg Ehrenfels</desc>
		<src>SonstigeHessen</src>
	</wpt>
	<wpt lat="49.980944889331468" lon="7.9235712338822903">
		<name>RÜD-399</name>
		<cmt>Rüdesheim Parkplatz</cmt>
		<desc>Rüdesheim Parkplatz</desc>
		<src>SonstigeHessen</src>
	</wpt>
	<wpt lat="49.978372142232338" lon="7.9136313481819425">
		<name>RÜD-400</name>
		<cmt>Rüdesheim  Asbach</cmt>
		<desc>Rüdesheim  Asbach</desc>
		<src>SonstigeHessen</src>
	</wpt>
	<wpt lat="50.015140213384363" lon="8.060039175309937">
		<name>RÜD-401</name>
		<cmt>Engelsmannsberg</cmt>
		<desc>Engelsmannsberg</desc>
		<src>SonstigeHessen</src>
	</wpt>
	<wpt lat="50.030406552523715" lon="8.0505744564768769">
		<name>RÜD-402</name>
		<cmt>Steinberg Tor Süd Wiese</cmt>
		<desc>Steinberg Tor Süd Wiese</desc>
		<src>SonstigeHessen</src>
	</wpt>
	<wpt lat="49.635902538135184" lon="8.6991514542933679">
		<name>HP-239</name>
		<cmt>Kreiswaldweg</cmt>
		<desc>Kreiswaldweg</desc>
		<src>Stadt Heppenheim</src>
	</wpt>
	<wpt lat="50.018788061331421" lon="8.088592580810122">
		<name>RÜD-404</name>
		<cmt>Parkplatz Erbacher Schloss</cmt>
		<desc>Parkplatz Erbacher Schloss</desc>
		<src>SonstigeHessen</src>
	</wpt>
	<wpt lat="50.037399244249755" lon="8.1174645430038801">
		<name>RÜD-405</name>
		<cmt>Ortseingang Eltville , Weingut Jonas</cmt>
		<desc>Ortseingang Eltville , Weingut Jonas</desc>
		<src>SonstigeHessen</src>
	</wpt>
	<wpt lat="50.110642515871994" lon="8.4155339705430965">
		<name>MTK-8</name>
		<cmt>Buchwaldweg</cmt>
		<desc>Buchwaldweg</desc>
		<src>Magistrat der Kreisstadt Hofheim am Taunus</src>
	</wpt>
	<wpt lat="50.099925858560873" lon="8.427971930708706">
		<name>MTK-10</name>
		<cmt>Parkplatz Fa. Kornblum Lorsbachtal, Hofheim</cmt>
		<desc>Parkplatz Fa. Kornblum Lorsbachtal, Hofheim</desc>
		<src>Magistrat der Kreisstadt Hofheim am Taunus</src>
	</wpt>
	<wpt lat="51.324682359479596" lon="9.0945283452451395">
		<name>KB-34</name>
		<cmt>Eingang alter Bundeswehrschießstand Bühle</cmt>
		<desc>Eingang alter Bundeswehrschießstand Bühle</desc>
		<src>Kommunalwald GmbH</src>
	</wpt>
	<wpt lat="51.199799672914658" lon="8.834014535288425">
		<name>KB-564</name>
		<cmt>Stiftsruine Schaaken</cmt>
		<desc>Stiftsruine Schaaken</desc>
		<src>Kommunalwald GmbH</src>
	</wpt>
	<wpt lat="51.420545481275319" lon="9.1241374849065782">
		<name>KB-17</name>
		<cmt>Erpebrücke</cmt>
		<desc>Erpebrücke</desc>
		<src>Kommunalwald GmbH</src>
	</wpt>
	<wpt lat="50.043256893579574" lon="8.1067793481104182">
		<name>RÜD-406</name>
		<cmt>Domäne Rauenthal Sulzbachtal</cmt>
		<desc>Domäne Rauenthal Sulzbachtal</desc>
		<src>SonstigeHessen</src>
	</wpt>
	<wpt lat="50.050199585789912" lon="8.1033092134313538">
		<name>RÜD-407</name>
		<cmt>Bubenhäuserhöhe</cmt>
		<desc>Bubenhäuserhöhe</desc>
		<src>SonstigeHessen</src>
	</wpt>
	<wpt lat="50.008453187043003" lon="8.3505717882079402">
		<name>MTK-120</name>
		<cmt>Hochheim Domdechaney</cmt>
		<desc>Hochheim Domdechaney</desc>
		<src>SonstigeHessen</src>
	</wpt>
	<wpt lat="50.003873455484715" lon="8.3850343914329866">
		<name>MTK-121</name>
		<cmt>Hochheim Bronzespiegel</cmt>
		<desc>Hochheim Bronzespiegel</desc>
		<src>SonstigeHessen</src>
	</wpt>
	<wpt lat="49.67728496605325" lon="8.6310199286359168">
		<name>HP-436</name>
		<cmt>Bensheimer Streichling</cmt>
		<desc>Bensheimer Streichling</desc>
		<src>SonstigeHessen</src>
	</wpt>
	<wpt lat="49.650672489097403" lon="8.643285762690633">
		<name>HP-437</name>
		<cmt>Heppenheimer Steinkopf</cmt>
		<desc>Heppenheimer Steinkopf</desc>
		<src>Stadt Heppenheim</src>
	</wpt>
	<wpt lat="50.980724510410802" lon="9.6116613847945551">
		<name>HEF-404</name>
		<cmt>Parkplatz Geisteich</cmt>
		<desc>Parkplatz Geisteich</desc>
		<src>Center-Forst GmbH</src>
	</wpt>
	<wpt lat="50.986513055145409" lon="9.5714264616943154">
		<name>HEF-405</name>
		<cmt>Einfahrt FriedWald oberhalb Schnellbahntunnel an K 3254</cmt>
		<desc>Einfahrt FriedWald oberhalb Schnellbahntunnel an K 3254</desc>
		<src>Center-Forst GmbH</src>
	</wpt>
	<wpt lat="50.970585822222063" lon="9.6211890607380166">
		<name>HEF-407</name>
		<cmt>Einfahrt Ochsenbergstraße</cmt>
		<desc>Einfahrt Ochsenbergstraße</desc>
		<src>Center-Forst GmbH</src>
	</wpt>
	<wpt lat="50.945566104308313" lon="9.6408921158066168">
		<name>HEF-411</name>
		<cmt>Abzweig Wetzbachstraße</cmt>
		<desc>Abzweig Wetzbachstraße</desc>
		<src>Center-Forst GmbH</src>
	</wpt>
	<wpt lat="50.937688457415994" lon="9.6727457482469674">
		<name>HEF-412</name>
		<cmt>Rohrbachbrücke an der großen Weide</cmt>
		<desc>Rohrbachbrücke an der großen Weide</desc>
		<src>Center-Forst GmbH</src>
	</wpt>
	<wpt lat="50.944041076930453" lon="9.6612613741879763">
		<name>HEF-413</name>
		<cmt>Bushaltestelle</cmt>
		<desc>Bushaltestelle</desc>
		<src>Center-Forst GmbH</src>
	</wpt>
	<wpt lat="50.951338726031786" lon="9.6410934565658781">
		<name>HEF-414</name>
		<cmt>Kreuzung Stockstraße</cmt>
		<desc>Kreuzung Stockstraße</desc>
		<src>Center-Forst GmbH</src>
	</wpt>
	<wpt lat="50.961684254781758" lon="9.6456046120374825">
		<name>HEF-415</name>
		<cmt>Tribüne</cmt>
		<desc>Tribüne</desc>
		<src>Center-Forst GmbH</src>
	</wpt>
	<wpt lat="50.968446666709234" lon="9.6563657111320325">
		<name>HEF-416</name>
		<cmt>Stockstraße, Altes Ziel Rennstrecke</cmt>
		<desc>Stockstraße, Altes Ziel Rennstrecke</desc>
		<src>Center-Forst GmbH</src>
	</wpt>
	<wpt lat="50.970156564096683" lon="9.6625672385392587">
		<name>HEF-418</name>
		<cmt>Einfahrt Forsthaus Heyerode</cmt>
		<desc>Einfahrt Forsthaus Heyerode</desc>
		<src>Center-Forst GmbH</src>
	</wpt>
	<wpt lat="50.978577924675648" lon="9.6526471053283007">
		<name>HEF-419</name>
		<cmt>Wegekreuz "Zimmerplatte" im Wald</cmt>
		<desc>Wegekreuz "Zimmerplatte" im Wald</desc>
		<src>Center-Forst GmbH</src>
	</wpt>
	<wpt lat="50.985274229286432" lon="9.624730499595076">
		<name>HEF-420</name>
		<cmt>Schloss Ludwigseck</cmt>
		<desc>Schloss Ludwigseck</desc>
		<src>Center-Forst GmbH</src>
	</wpt>
	<wpt lat="50.981146137317523" lon="9.6169412989374266">
		<name>HEF-423</name>
		<cmt>Wegekreuzung "Weiße Dame"</cmt>
		<desc>Wegekreuzung "Weiße Dame"</desc>
		<src>Center-Forst GmbH</src>
	</wpt>
	<wpt lat="50.987875411136876" lon="9.6880357206101149">
		<name>HEF-421</name>
		<cmt>DGH Atzelrode</cmt>
		<desc>DGH Atzelrode</desc>
		<src>Center-Forst GmbH</src>
	</wpt>
	<wpt lat="50.972557308305227" lon="9.5217081327953839">
		<name>HR-954</name>
		<cmt>Feuerwehrgerätehaus Nausis</cmt>
		<desc>Feuerwehrgerätehaus Nausis</desc>
		<src>SonstigeHessen</src>
	</wpt>
	<wpt lat="50.965139005116676" lon="9.5761101989274984">
		<name>HEF-401</name>
		<cmt>Feuerwehrgerätehaus Hainrode</cmt>
		<desc>Feuerwehrgerätehaus Hainrode</desc>
		<src>Center-Forst GmbH</src>
	</wpt>
	<wpt lat="50.972201274382577" lon="9.5722375503235106">
		<name>HEF-402</name>
		<cmt>Waldeinfahrt Bussestraße</cmt>
		<desc>Waldeinfahrt Bussestraße</desc>
		<src>Center-Forst GmbH</src>
	</wpt>
	<wpt lat="50.990293199937192" lon="9.566713723015587">
		<name>HEF-403</name>
		<cmt>Parkplatz Hausenmühle</cmt>
		<desc>Parkplatz Hausenmühle</desc>
		<src>Center-Forst GmbH</src>
	</wpt>
	<wpt lat="50.973821007357316" lon="9.5866635373964666">
		<name>HEF-406</name>
		<cmt>Feuerwehrgerätehaus Ersrode</cmt>
		<desc>Feuerwehrgerätehaus Ersrode</desc>
		<src>Center-Forst GmbH</src>
	</wpt>
	<wpt lat="50.943269494070009" lon="9.6262038344175043">
		<name>HEF-408</name>
		<cmt>Bushaltestelle Oberthalhausen</cmt>
		<desc>Bushaltestelle Oberthalhausen</desc>
		<src>Center-Forst GmbH</src>
	</wpt>
	<wpt lat="50.942492000357944" lon="9.6008382006221087">
		<name>HEF-409</name>
		<cmt>Hof Emmerichsrode</cmt>
		<desc>Hof Emmerichsrode</desc>
		<src>Center-Forst GmbH</src>
	</wpt>
	<wpt lat="50.941310758740833" lon="9.613328183666825">
		<name>HEF-410</name>
		<cmt>Einfahrt Itschengrund</cmt>
		<desc>Einfahrt Itschengrund</desc>
		<src>Center-Forst GmbH</src>
	</wpt>
	<wpt lat="50.960343093981194" lon="9.5957276746926379">
		<name>HEF-422</name>
		<cmt>Jägerhäuschen Malchusstraße</cmt>
		<desc>Jägerhäuschen Malchusstraße</desc>
		<src>Center-Forst GmbH</src>
	</wpt>
	<wpt lat="50.966138950412287" lon="9.6639771121407474">
		<name>HEF-417</name>
		<cmt>Forsthaus Heyerode</cmt>
		<desc>Forsthaus Heyerode</desc>
		<src>Center-Forst GmbH</src>
	</wpt>
	<wpt lat="50.666222578160742" lon="9.4834693939380141">
		<name>VB-634</name>
		<cmt>Wulf Böhmcker Platz</cmt>
		<desc>Wulf Böhmcker Platz</desc>
		<src>Center-Forst GmbH</src>
	</wpt>
	<wpt lat="50.677991671837503" lon="9.509680548037764">
		<name>VB-635</name>
		<cmt>Fischteich</cmt>
		<desc>Fischteich</desc>
		<src>Center-Forst GmbH</src>
	</wpt>
	<wpt lat="50.668631161501693" lon="9.4471750746528613">
		<name>VB-625</name>
		<cmt>Parkplatz L 3140 (alte Straße)</cmt>
		<desc>Parkplatz L 3140 (alte Straße)</desc>
		<src>Center-Forst GmbH</src>
	</wpt>
	<wpt lat="50.68689513419698" lon="9.4219300745635195">
		<name>VB-624</name>
		<cmt>Bernersrück</cmt>
		<desc>Bernersrück</desc>
		<src>Center-Forst GmbH</src>
	</wpt>
	<wpt lat="50.693293219149403" lon="9.4463985946793176">
		<name>VB-623</name>
		<cmt>Knotenweg</cmt>
		<desc>Knotenweg</desc>
		<src>Center-Forst GmbH</src>
	</wpt>
	<wpt lat="50.666655306224648" lon="9.4326905554577856">
		<name>VB-626</name>
		<cmt>Abfahrt Wernges</cmt>
		<desc>Abfahrt Wernges</desc>
		<src>Center-Forst GmbH</src>
	</wpt>
	<wpt lat="50.657786681554704" lon="9.4273089855769285">
		<name>VB-627</name>
		<cmt>Abfahrt Sassener Feld</cmt>
		<desc>Abfahrt Sassener Feld</desc>
		<src>Center-Forst GmbH</src>
	</wpt>
	<wpt lat="50.630639270496737" lon="9.4475858532985821">
		<name>VB-633</name>
		<cmt>Bahnhof Angersbach</cmt>
		<desc>Bahnhof Angersbach</desc>
		<src>Center-Forst GmbH</src>
	</wpt>
	<wpt lat="50.620612947276662" lon="9.4380011228101264">
		<name>VB-632</name>
		<cmt>Einfahrt Tongrubenstr.</cmt>
		<desc>Einfahrt Tongrubenstr.</desc>
		<src>Center-Forst GmbH</src>
	</wpt>
	<wpt lat="50.638710985272922" lon="9.4114204318366657">
		<name>VB-628</name>
		<cmt>Straßenmeisterei Lauterbach</cmt>
		<desc>Straßenmeisterei Lauterbach</desc>
		<src>Center-Forst GmbH</src>
	</wpt>
	<wpt lat="50.627623711184796" lon="9.4039120478278271">
		<name>VB-629</name>
		<cmt>Eichenweg, Lauterbach</cmt>
		<desc>Eichenweg, Lauterbach</desc>
		<src>Center-Forst GmbH</src>
	</wpt>
	<wpt lat="50.625353972966103" lon="9.4150858514517015">
		<name>VB-630</name>
		<cmt>Hainigschranke</cmt>
		<desc>Hainigschranke</desc>
		<src>Center-Forst GmbH</src>
	</wpt>
	<wpt lat="50.612440787336574" lon="9.3862105802861482">
		<name>VB-631</name>
		<cmt>Gaststätte Waldschlösschen</cmt>
		<desc>Gaststätte Waldschlösschen</desc>
		<src>Center-Forst GmbH</src>
	</wpt>
	<wpt lat="50.615738456539837" lon="9.3684783672695477">
		<name>VB-618</name>
		<cmt>Sportplatz Frischborn</cmt>
		<desc>Sportplatz Frischborn</desc>
		<src>Center-Forst GmbH</src>
	</wpt>
	<wpt lat="50.6378732523183" lon="9.3446863423729312">
		<name>VB-615</name>
		<cmt>Gasthaus Roth / Jost Sickendorf</cmt>
		<desc>Gasthaus Roth / Jost Sickendorf</desc>
		<src>Center-Forst GmbH</src>
	</wpt>
	<wpt lat="50.631203263243847" lon="9.3276955185584551">
		<name>VB-616</name>
		<cmt>Dorfgemeinschaftshaus Allmenrod</cmt>
		<desc>Dorfgemeinschaftshaus Allmenrod</desc>
		<src>Center-Forst GmbH</src>
	</wpt>
	<wpt lat="50.663545177121179" lon="9.3263031707058381">
		<name>VB-614</name>
		<cmt>Kirche Wallenrod</cmt>
		<desc>Kirche Wallenrod</desc>
		<src>Center-Forst GmbH</src>
	</wpt>
	<wpt lat="50.676199844546574" lon="9.352832387984483">
		<name>VB-622</name>
		<cmt>Gaststätte Ludwigshof Reuters</cmt>
		<desc>Gaststätte Ludwigshof Reuters</desc>
		<src>Center-Forst GmbH</src>
	</wpt>
	<wpt lat="50.659768935842713" lon="9.3872654429912554">
		<name>VB-621</name>
		<cmt>Kirche Maar</cmt>
		<desc>Kirche Maar</desc>
		<src>Center-Forst GmbH</src>
	</wpt>
	<wpt lat="50.630708468594769" lon="9.37970985438659">
		<name>VB-620</name>
		<cmt>Seibertsberg - Einfahrt zum Eichhof Krankenhaus</cmt>
		<desc>Seibertsberg - Einfahrt zum Eichhof Krankenhaus</desc>
		<src>Center-Forst GmbH</src>
	</wpt>
	<wpt lat="50.730566023763515" lon="9.2705301078263638">
		<name>VB-600</name>
		<cmt>Sportplatz Altenburg</cmt>
		<desc>Sportplatz Altenburg</desc>
		<src>SonstigeHessen</src>
	</wpt>
	<wpt lat="50.633987526288799" lon="9.08912416944424">
		<name>VB-601</name>
		<cmt>Waldeinfahrt Dornhecke</cmt>
		<desc>Waldeinfahrt Dornhecke</desc>
		<src>Center-Forst GmbH</src>
	</wpt>
	<wpt lat="50.630821128318111" lon="9.1105663994041279">
		<name>VB-602</name>
		<cmt>Parkplatz Haarholz</cmt>
		<desc>Parkplatz Haarholz</desc>
		<src>Center-Forst GmbH</src>
	</wpt>
	<wpt lat="50.609517494352637" lon="9.1477518633503259">
		<name>VB-603</name>
		<cmt>Wasserbehälter Unterseibertenrod</cmt>
		<desc>Wasserbehälter Unterseibertenrod</desc>
		<src>Center-Forst GmbH</src>
	</wpt>
	<wpt lat="50.592204094633217" lon="9.1026849250499691">
		<name>VB-604</name>
		<cmt>Friedhof Höckersdorf</cmt>
		<desc>Friedhof Höckersdorf</desc>
		<src>Center-Forst GmbH</src>
	</wpt>
	<wpt lat="50.650483534037583" lon="9.2971554259814226">
		<name>VB-605</name>
		<cmt>Einfahrt Rödelsteinkopf</cmt>
		<desc>Einfahrt Rödelsteinkopf</desc>
		<src>Center-Forst GmbH</src>
	</wpt>
	<wpt lat="50.608559197408084" lon="9.3013945373129285">
		<name>VB-606</name>
		<cmt>Friedhof Dirlammen</cmt>
		<desc>Friedhof Dirlammen</desc>
		<src>Center-Forst GmbH</src>
	</wpt>
	<wpt lat="50.616331268675935" lon="9.2802101505239847">
		<name>VB-607</name>
		<cmt>Waldschranke Riedesel</cmt>
		<desc>Waldschranke Riedesel</desc>
		<src>Center-Forst GmbH</src>
	</wpt>
	<wpt lat="50.607497028283269" lon="9.2834792380242721">
		<name>VB-608</name>
		<cmt>Parkplatz L 3163 Dirlammen</cmt>
		<desc>Parkplatz L 3163 Dirlammen</desc>
		<src>Center-Forst GmbH</src>
	</wpt>
	<wpt lat="50.597523912602362" lon="9.3079954918430055">
		<name>VB-609</name>
		<cmt>Ziegenberg</cmt>
		<desc>Ziegenberg</desc>
		<src>Center-Forst GmbH</src>
	</wpt>
	<wpt lat="50.571396414744925" lon="9.2378695190215154">
		<name>VB-613</name>
		<cmt>Einfahrt Friedhofsweg</cmt>
		<desc>Einfahrt Friedhofsweg</desc>
		<src>Center-Forst GmbH</src>
	</wpt>
	<wpt lat="50.557575666662821" lon="9.2843174236748336">
		<name>VB-610</name>
		<cmt>Lochwaldparkplatz</cmt>
		<desc>Lochwaldparkplatz</desc>
		<src>Center-Forst GmbH</src>
	</wpt>
	<wpt lat="50.544643526100032" lon="9.3045021105190724">
		<name>VB-611</name>
		<cmt>Hauptkreuzung Lanzenhain</cmt>
		<desc>Hauptkreuzung Lanzenhain</desc>
		<src>Center-Forst GmbH</src>
	</wpt>
	<wpt lat="50.528217744280838" lon="9.2817936784789516">
		<name>VB-612</name>
		<cmt>Peststein Waldeingang</cmt>
		<desc>Peststein Waldeingang</desc>
		<src>Center-Forst GmbH</src>
	</wpt>
	<wpt lat="50.625986968007588" lon="9.3559719922735969">
		<name>VB-619</name>
		<cmt>Sickendorfer Kreuz</cmt>
		<desc>Sickendorfer Kreuz</desc>
		<src>Center-Forst GmbH</src>
	</wpt>
	<wpt lat="50.622918377088439" lon="9.3383555314690501">
		<name>VB-617</name>
		<cmt>Wolfersberg / L 3140</cmt>
		<desc>Wolfersberg / L 3140</desc>
		<src>Center-Forst GmbH</src>
	</wpt>
	<wpt lat="50.605386466083388" lon="9.3910143467868892">
		<name>VB-642</name>
		<cmt>Parkplatz Eisenbach</cmt>
		<desc>Parkplatz Eisenbach</desc>
		<src>Center-Forst GmbH</src>
	</wpt>
	<wpt lat="50.607120104192454" lon="9.4104643654768925">
		<name>VB-643</name>
		<cmt>Sendeturm Rudlos</cmt>
		<desc>Sendeturm Rudlos</desc>
		<src>Center-Forst GmbH</src>
	</wpt>
	<wpt lat="50.597174534509428" lon="9.3899687639873921">
		<name>VB-641</name>
		<cmt>Abfahrt Stockhausen</cmt>
		<desc>Abfahrt Stockhausen</desc>
		<src>Center-Forst GmbH</src>
	</wpt>
	<wpt lat="50.608606768705556" lon="9.3455103428384234">
		<name>VB-636</name>
		<cmt>Kameradenweg</cmt>
		<desc>Kameradenweg</desc>
		<src>Center-Forst GmbH</src>
	</wpt>
	<wpt lat="50.604396697379073" lon="9.4288882523038318">
		<name>VB-644</name>
		<cmt>Hesswiese</cmt>
		<desc>Hesswiese</desc>
		<src>Center-Forst GmbH</src>
	</wpt>
	<wpt lat="50.596498922631234" lon="9.417909333959086">
		<name>VB-645</name>
		<cmt>Feuerwehrgerätehaus Rudlos</cmt>
		<desc>Feuerwehrgerätehaus Rudlos</desc>
		<src>Center-Forst GmbH</src>
	</wpt>
	<wpt lat="50.586611592543861" lon="9.4241809645118959">
		<name>VB-646</name>
		<cmt>Ochsenkopf</cmt>
		<desc>Ochsenkopf</desc>
		<src>Center-Forst GmbH</src>
	</wpt>
	<wpt lat="50.580108787827129" lon="9.4108116441811234">
		<name>VB-647</name>
		<cmt>Einfahrt Bärendenkmal</cmt>
		<desc>Einfahrt Bärendenkmal</desc>
		<src>Center-Forst GmbH</src>
	</wpt>
	<wpt lat="50.576629226665737" lon="9.4293259734820634">
		<name>VB-648</name>
		<cmt>Heiligkreuz</cmt>
		<desc>Heiligkreuz</desc>
		<src>Center-Forst GmbH</src>
	</wpt>
	<wpt lat="50.563951323248013" lon="9.4445472600300562">
		<name>VB-649</name>
		<cmt>Schloss Stockhausen</cmt>
		<desc>Schloss Stockhausen</desc>
		<src>Center-Forst GmbH</src>
	</wpt>
	<wpt lat="50.567300745455967" lon="9.4788684196816195">
		<name>VB-654</name>
		<cmt>Brücke Niedendorf</cmt>
		<desc>Brücke Niedendorf</desc>
		<src>Center-Forst GmbH</src>
	</wpt>
	<wpt lat="50.607946676328126" lon="9.4767558857102134">
		<name>VB-656</name>
		<cmt>Landenhausen Einfahrt Stockhäuser Str.</cmt>
		<desc>Landenhausen Einfahrt Stockhäuser Str.</desc>
		<src>Center-Forst GmbH</src>
	</wpt>
	<wpt lat="50.587363236388128" lon="9.4936366506578462">
		<name>VB-655</name>
		<cmt>Brunnenanlage Müs</cmt>
		<desc>Brunnenanlage Müs</desc>
		<src>Center-Forst GmbH</src>
	</wpt>
	<wpt lat="50.534727935469135" lon="9.4272754607900051">
		<name>VB-652</name>
		<cmt>Waldeinfahrt Eichenauer Str. (Schlechtenwegen)</cmt>
		<desc>Waldeinfahrt Eichenauer Str. (Schlechtenwegen)</desc>
		<src>Center-Forst GmbH</src>
	</wpt>
	<wpt lat="50.536435917360976" lon="9.383862960173408">
		<name>VB-639</name>
		<cmt>Altenschlirf - Nord</cmt>
		<desc>Altenschlirf - Nord</desc>
		<src>Center-Forst GmbH</src>
	</wpt>
	<wpt lat="50.532078995735802" lon="9.3888019332923225">
		<name>VB-638</name>
		<cmt>Altenschlirf - Süd</cmt>
		<desc>Altenschlirf - Süd</desc>
		<src>Center-Forst GmbH</src>
	</wpt>
	<wpt lat="50.539967268480275" lon="9.3567249449300292">
		<name>VB-637</name>
		<cmt>Abfahrt  Schafhof</cmt>
		<desc>Abfahrt  Schafhof</desc>
		<src>Center-Forst GmbH</src>
	</wpt>
	<wpt lat="50.579149735798516" lon="9.3818761090629046">
		<name>VB-640</name>
		<cmt>Rixfeld Ortsmitte</cmt>
		<desc>Rixfeld Ortsmitte</desc>
		<src>Center-Forst GmbH</src>
	</wpt>
	<wpt lat="50.569211080879491" lon="9.4163688225471383">
		<name>VB-650</name>
		<cmt>Schadges Bushaltestelle</cmt>
		<desc>Schadges Bushaltestelle</desc>
		<src>Center-Forst GmbH</src>
	</wpt>
	<wpt lat="50.559370465935793" lon="9.4365665970495307">
		<name>VB-651</name>
		<cmt>Holzlagerplatz Stockhausen</cmt>
		<desc>Holzlagerplatz Stockhausen</desc>
		<src>Center-Forst GmbH</src>
	</wpt>
	<wpt lat="50.519518115439325" lon="9.4096097641800007">
		<name>VB-658</name>
		<cmt>Hessenberg</cmt>
		<desc>Hessenberg</desc>
		<src>Center-Forst GmbH</src>
	</wpt>
	<wpt lat="50.511911450090409" lon="9.4291512667239346">
		<name>VB-659</name>
		<cmt>Zahmen, Abzweig ri. Heisters, Bushaltestelle Aussiedlerhof</cmt>
		<desc>Zahmen, Abzweig ri. Heisters, Bushaltestelle Aussiedlerhof</desc>
		<src>Center-Forst GmbH</src>
	</wpt>
	<wpt lat="50.518789579944972" lon="9.3729241563680752">
		<name>VB-657</name>
		<cmt>Abzweig Julinghaus</cmt>
		<desc>Abzweig Julinghaus</desc>
		<src>Center-Forst GmbH</src>
	</wpt>
	<wpt lat="50.502509838392534" lon="9.3866754357809743">
		<name>VB-660</name>
		<cmt>Lüderbrücke Bannerod</cmt>
		<desc>Lüderbrücke Bannerod</desc>
		<src>Center-Forst GmbH</src>
	</wpt>
	<wpt lat="50.499437255481517" lon="9.412857801017303">
		<name>VB-661</name>
		<cmt>Metzlos-Gehaag Grillhütte</cmt>
		<desc>Metzlos-Gehaag Grillhütte</desc>
		<src>Center-Forst GmbH</src>
	</wpt>
	<wpt lat="50.483413556122457" lon="9.4025073151410918">
		<name>VB-662</name>
		<cmt>Trafostation Metzlos</cmt>
		<desc>Trafostation Metzlos</desc>
		<src>Center-Forst GmbH</src>
	</wpt>
	<wpt lat="50.468871649812542" lon="9.4082631614394927">
		<name>VB-664</name>
		<cmt>Abzweig Metzlos</cmt>
		<desc>Abzweig Metzlos</desc>
		<src>Center-Forst GmbH</src>
	</wpt>
	<wpt lat="50.474262268176702" lon="9.421762331833774">
		<name>VB-665</name>
		<cmt>Einfahrt Wärschbach</cmt>
		<desc>Einfahrt Wärschbach</desc>
		<src>Center-Forst GmbH</src>
	</wpt>
	<wpt lat="50.460922662598399" lon="9.4245346865674335">
		<name>VB-666</name>
		<cmt>Ortseinfahrt Reichlos</cmt>
		<desc>Ortseinfahrt Reichlos</desc>
		<src>Center-Forst GmbH</src>
	</wpt>
	<wpt lat="50.457554643269603" lon="9.3924244368255287">
		<name>VB-668</name>
		<cmt>Gunzenauer Kreuz</cmt>
		<desc>Gunzenauer Kreuz</desc>
		<src>Center-Forst GmbH</src>
	</wpt>
	<wpt lat="50.457314294624773" lon="9.3672810269635605">
		<name>VB-667</name>
		<cmt>Kirche Ober-Moos</cmt>
		<desc>Kirche Ober-Moos</desc>
		<src>Center-Forst GmbH</src>
	</wpt>
	<wpt lat="50.470321963647152" lon="9.3737597898251597">
		<name>VB-663</name>
		<cmt>Am Campingplatz</cmt>
		<desc>Am Campingplatz</desc>
		<src>Center-Forst GmbH</src>
	</wpt>
	<wpt lat="50.543564518472579" lon="9.4654996697113276">
		<name>VB-653</name>
		<cmt>Jesus  Kreuz Blankenau</cmt>
		<desc>Jesus  Kreuz Blankenau</desc>
		<src>Center-Forst GmbH</src>
	</wpt>
	<wpt lat="50.107645635914885" lon="8.6994945118255362">
		<name>RP145</name>
		<cmt>Nordufer</cmt>
		<desc>Nordufer</desc>
		<src>Stadt Frankfurt am Main</src>
	</wpt>
	<wpt lat="50.107531105445837" lon="8.7004038649112161">
		<name>RP146</name>
		<cmt>Nordufer</cmt>
		<desc>Nordufer</desc>
		<src>Stadt Frankfurt am Main</src>
	</wpt>
	<wpt lat="50.107733193464995" lon="8.7020801005161559">
		<name>RP148</name>
		<cmt>Nordufer</cmt>
		<desc>Nordufer</desc>
		<src>Stadt Frankfurt am Main</src>
	</wpt>
	<wpt lat="50.107805651707118" lon="8.7022893396047305">
		<name>RP149</name>
		<cmt>Nordufer</cmt>
		<desc>Nordufer</desc>
		<src>Stadt Frankfurt am Main</src>
	</wpt>
	<wpt lat="49.5202777778" lon="8.93816666667">
		<name>ERB-285</name>
		<cmt>Einfahrt Rothenberger Straße L3410</cmt>
		<desc>Einfahrt Rothenberger Straße L3410</desc>
		<src>Graf von Merveldt’sche Verwaltung</src>
	</wpt>
	<wpt lat="50.10765449703144" lon="8.7029472901441878">
		<name>RP150</name>
		<cmt>Nordufer</cmt>
		<desc>Nordufer</desc>
		<src>Stadt Frankfurt am Main</src>
	</wpt>
	<wpt lat="50.107494882601209" lon="8.70381497595144">
		<name>RP151</name>
		<cmt>Nordufer</cmt>
		<desc>Nordufer</desc>
		<src>Stadt Frankfurt am Main</src>
	</wpt>
	<wpt lat="50.10743496810634" lon="8.7050035607523011">
		<name>RP152</name>
		<cmt>Nordufer</cmt>
		<desc>Nordufer</desc>
		<src>Stadt Frankfurt am Main</src>
	</wpt>
	<wpt lat="50.107375676945928" lon="8.706443761089167">
		<name>RP153</name>
		<cmt>Nordufer</cmt>
		<desc>Nordufer</desc>
		<src>Stadt Frankfurt am Main</src>
	</wpt>
	<wpt lat="49.59687592493006" lon="8.4163453669835171">
		<name>HP-501</name>
		<cmt>Nato-Rampe</cmt>
		<desc>Nato-Rampe</desc>
		<src>WSA Oberrhein</src>
	</wpt>
	<wpt lat="49.971341088412451" lon="8.3286433517175187">
		<name>GG-500</name>
		<cmt>Rampenvorplatz</cmt>
		<desc>Rampenvorplatz</desc>
		<src>WSA Oberrhein</src>
	</wpt>
	<wpt lat="50.093333333333312" lon="8.7255555555555784">
		<name>F-1</name>
		<cmt>Betriebsgebäude der Fö.I</cmt>
		<desc>Betriebsgebäude der Fö.I</desc>
		<src>Stadt Frankfurt am Main</src>
	</wpt>
	<wpt lat="50.075" lon="8.7180555555555728">
		<name>F-2</name>
		<cmt>Kesselbruchbrücke über B 459 / B3</cmt>
		<desc>Kesselbruchbrücke über B 459 / B3</desc>
		<src>Stadt Frankfurt am Main</src>
	</wpt>
	<wpt lat="50.074722222222235" lon="8.6927777777777973">
		<name>F-3</name>
		<cmt>Holzbrücke über Darmstädter Lstr. , Waldzufahrt Parkplatz</cmt>
		<desc>Holzbrücke über Darmstädter Lstr. , Waldzufahrt Parkplatz</desc>
		<src>Stadt Frankfurt am Main</src>
	</wpt>
	<wpt lat="50.069722222222211" lon="8.6733333333333356">
		<name>F-4</name>
		<cmt>Zufahrt zum Betriebsgebäude der Försterei Sachsenhausen</cmt>
		<desc>Zufahrt zum Betriebsgebäude der Försterei Sachsenhausen</desc>
		<src>Stadt Frankfurt am Main</src>
	</wpt>
	<wpt lat="50.065277777777794" lon="8.6716666666667113">
		<name>F-5</name>
		<cmt>Fasanerie / Stadtwaldhaus</cmt>
		<desc>Fasanerie / Stadtwaldhaus</desc>
		<src>Stadt Frankfurt am Main</src>
	</wpt>
	<wpt lat="50.066388888888902" lon="8.6327777777778234">
		<name>F-6</name>
		<cmt>Forsthaus der Fö. Niederrad</cmt>
		<desc>Forsthaus der Fö. Niederrad</desc>
		<src>Stadt Frankfurt am Main</src>
	</wpt>
	<wpt lat="50.048333333333339" lon="8.6469444444444878">
		<name>OF-7</name>
		<cmt>Waldparkplatz gegenüber Holzmann-Zufahrt West</cmt>
		<desc>Waldparkplatz gegenüber Holzmann-Zufahrt West</desc>
		<src>Stadt Frankfurt am Main</src>
	</wpt>
	<wpt lat="50.03722222222224" lon="8.6030555555555956">
		<name>OF-8</name>
		<cmt>1.nördliche Waldzufahrt an L 3262 nach BAB 5 Anschlußstelle Zeppelinheim</cmt>
		<desc>1.nördliche Waldzufahrt an L 3262 nach BAB 5 Anschlußstelle Zeppelinheim</desc>
		<src>Stadt Frankfurt am Main</src>
	</wpt>
	<wpt lat="50.066388888888902" lon="8.6111111111111196">
		<name>F-9</name>
		<cmt>Eisenbahnbrücke zwischen Frankfurter Kreuz und AS Niederrad</cmt>
		<desc>Eisenbahnbrücke zwischen Frankfurter Kreuz und AS Niederrad</desc>
		<src>Stadt Frankfurt am Main</src>
	</wpt>
	<wpt lat="50.076388888888879" lon="8.6022222222222187">
		<name>F-10</name>
		<cmt>Forsthaus Goldstein, Zufahrt Waldfriedhof Goldstein</cmt>
		<desc>Forsthaus Goldstein, Zufahrt Waldfriedhof Goldstein</desc>
		<src>Stadt Frankfurt am Main</src>
	</wpt>
	<wpt lat="50.05833333333333" lon="8.5858333333334098">
		<name>F-11</name>
		<cmt>Unterschweinstiege, Zufahrt Unterschweinstiegschneise</cmt>
		<desc>Unterschweinstiege, Zufahrt Unterschweinstiegschneise</desc>
		<src>Stadt Frankfurt am Main</src>
	</wpt>
	<wpt lat="50.061388888888935" lon="8.5697222222222305">
		<name>F-14</name>
		<cmt>Waldzufahrt zum Hessenwasser-Pumpwerk Hinkelstein</cmt>
		<desc>Waldzufahrt zum Hessenwasser-Pumpwerk Hinkelstein</desc>
		<src>Stadt Frankfurt am Main</src>
	</wpt>
	<wpt lat="50.211388888888919" lon="8.7055555555555664">
		<name>F-20</name>
		<cmt>Parkplatz Sportplätze</cmt>
		<desc>Parkplatz Sportplätze</desc>
		<src>Stadt Frankfurt am Main</src>
	</wpt>
	<wpt lat="50.199444444444396" lon="8.6794444444444441">
		<name>F-21</name>
		<cmt>Einfahrt Wasserwerk</cmt>
		<desc>Einfahrt Wasserwerk</desc>
		<src>Stadt Frankfurt am Main</src>
	</wpt>
	<wpt lat="50.148611111111137" lon="8.6377777777777602">
		<name>F-22</name>
		<cmt>Unter Niddabrücke der Rosa Luxemburg Str., Zufahrt Kleingartenanlage</cmt>
		<desc>Unter Niddabrücke der Rosa Luxemburg Str., Zufahrt Kleingartenanlage</desc>
		<src>Stadt Frankfurt am Main</src>
	</wpt>
	<wpt lat="50.13916666666664" lon="8.7755555555555773">
		<name>F-23</name>
		<cmt>Am Roten Graben, Forsthaus Fechenheim</cmt>
		<desc>Am Roten Graben, Forsthaus Fechenheim</desc>
		<src>Stadt Frankfurt am Main</src>
	</wpt>
	<wpt lat="50.042222222222193" lon="8.7602777777778069">
		<name>OF-24</name>
		<cmt>Zufahrt Waldparkplatz</cmt>
		<desc>Zufahrt Waldparkplatz</desc>
		<src>Stadt Frankfurt am Main</src>
	</wpt>
	<wpt lat="50.087124373079121" lon="8.125948424051991">
		<name>WI-101</name>
		<cmt>Ortsausgang Georgenborn (Georgenborner Straße)</cmt>
		<desc>Ortsausgang Georgenborn (Georgenborner Straße)</desc>
		<src>Stadt Wiesbaden</src>
	</wpt>
	<wpt lat="50.074898976613127" lon="8.1406294078668324">
		<name>WI-102</name>
		<cmt>Parkplatz Monstranzenbaum (Georgenborner Straße)</cmt>
		<desc>Parkplatz Monstranzenbaum (Georgenborner Straße)</desc>
		<src>Stadt Wiesbaden</src>
	</wpt>
	<wpt lat="50.071331850390436" lon="8.1482362850926133">
		<name>WI-103</name>
		<cmt>Revierförsterei Frauenstein (Forsthaus Frauenstein)</cmt>
		<desc>Revierförsterei Frauenstein (Forsthaus Frauenstein)</desc>
		<src>Stadt Wiesbaden</src>
	</wpt>
	<wpt lat="50.094974121250637" lon="8.1564822186011554">
		<name>WI-104</name>
		<cmt>Josef-Baum-Haus (Krauskopfstraße)</cmt>
		<desc>Josef-Baum-Haus (Krauskopfstraße)</desc>
		<src>Stadt Wiesbaden</src>
	</wpt>
	<wpt lat="50.081557938701359" lon="8.1611187157715186">
		<name>WI-105</name>
		<cmt>Golfplatz Rheinblick (Parkplatz)</cmt>
		<desc>Golfplatz Rheinblick (Parkplatz)</desc>
		<src>Stadt Wiesbaden</src>
	</wpt>
	<wpt lat="50.122675737475362" lon="8.1679796403925913">
		<name>WI-106</name>
		<cmt>Straßenkreuzung Aarstraße / Kaiser-Wilhelm-Weg</cmt>
		<desc>Straßenkreuzung Aarstraße / Kaiser-Wilhelm-Weg</desc>
		<src>Stadt Wiesbaden</src>
	</wpt>
	<wpt lat="50.096928889153055" lon="8.1694877077005934">
		<name>WI-107</name>
		<cmt>Gaststätte Chausseehaus (Lahnstraße)</cmt>
		<desc>Gaststätte Chausseehaus (Lahnstraße)</desc>
		<src>Stadt Wiesbaden</src>
	</wpt>
	<wpt lat="50.070772694911234" lon="8.1779294692531916">
		<name>WI-108</name>
		<cmt>Gaststätte Rheinblick (Frauensteiner Straße)</cmt>
		<desc>Gaststätte Rheinblick (Frauensteiner Straße)</desc>
		<src>Stadt Wiesbaden</src>
	</wpt>
	<wpt lat="50.102470469747551" lon="8.1929305485876451">
		<name>WI-109</name>
		<cmt>Fasanerie (Haupteingang)</cmt>
		<desc>Fasanerie (Haupteingang)</desc>
		<src>Stadt Wiesbaden</src>
	</wpt>
	<wpt lat="50.090498566818624" lon="8.192125436936033">
		<name>WI-110</name>
		<cmt>Ortsausgang Siedlung Kohlheck (Wenzel-Jacksch-Str.)</cmt>
		<desc>Ortsausgang Siedlung Kohlheck (Wenzel-Jacksch-Str.)</desc>
		<src>Stadt Wiesbaden</src>
	</wpt>
	<wpt lat="50.108545498747212" lon="8.2056058051876999">
		<name>WI-111</name>
		<cmt>Gaststätte Waldhaus im Adamstal</cmt>
		<desc>Gaststätte Waldhaus im Adamstal</desc>
		<src>Stadt Wiesbaden</src>
	</wpt>
	<wpt lat="50.114671979652371" lon="8.2101462752304748">
		<name>WI-112</name>
		<cmt>Parkplatz Hubfeldweg (Platter Straße)</cmt>
		<desc>Parkplatz Hubfeldweg (Platter Straße)</desc>
		<src>Stadt Wiesbaden</src>
	</wpt>
	<wpt lat="50.092993214294538" lon="8.2097339795873285">
		<name>WI-113</name>
		<cmt>Ende Fasaneriestraße (Beginn Fasanerieweg)</cmt>
		<desc>Ende Fasaneriestraße (Beginn Fasanerieweg)</desc>
		<src>Stadt Wiesbaden</src>
	</wpt>
	<wpt lat="50.094591861721817" lon="8.2161224455705444">
		<name>WI-114</name>
		<cmt>Straßenkreuzung Unter den Eichen / Carl-von-Ibell-Weg</cmt>
		<desc>Straßenkreuzung Unter den Eichen / Carl-von-Ibell-Weg</desc>
		<src>Stadt Wiesbaden</src>
	</wpt>
	<wpt lat="50.134675563515856" lon="8.2207830334910739">
		<name>WI-115</name>
		<cmt>Jagdschloss Platte (Parkplatz)</cmt>
		<desc>Jagdschloss Platte (Parkplatz)</desc>
		<src>Stadt Wiesbaden</src>
	</wpt>
	<wpt lat="50.095116685584252" lon="8.2260086422652101">
		<name>WI-116</name>
		<cmt>Nerobergbahn (Talstation)</cmt>
		<desc>Nerobergbahn (Talstation)</desc>
		<src>Stadt Wiesbaden</src>
	</wpt>
	<wpt lat="50.098924674603822" lon="8.230825192426634">
		<name>WI-117</name>
		<cmt>Neroberg / Kletterwald</cmt>
		<desc>Neroberg / Kletterwald</desc>
		<src>Stadt Wiesbaden</src>
	</wpt>
	<wpt lat="50.106125168833444" lon="8.2430112885718962">
		<name>WI-118</name>
		<cmt>Altenzentrum Antoniusheim (Idsteiner Straße)</cmt>
		<desc>Altenzentrum Antoniusheim (Idsteiner Straße)</desc>
		<src>Stadt Wiesbaden</src>
	</wpt>
	<wpt lat="50.122015735770113" lon="8.2534301614492911">
		<name>WI-119</name>
		<cmt>Gaststätte Hubertushütte (Goldsteintal)</cmt>
		<desc>Gaststätte Hubertushütte (Goldsteintal)</desc>
		<src>Stadt Wiesbaden</src>
	</wpt>
	<wpt lat="50.118137909898287" lon="8.267081272233975">
		<name>WI-120</name>
		<cmt>Sportplatz Rambach (Parkplatz)</cmt>
		<desc>Sportplatz Rambach (Parkplatz)</desc>
		<src>Stadt Wiesbaden</src>
	</wpt>
	<wpt lat="50.123794059477746" lon="8.2773150968209013">
		<name>WI-121</name>
		<cmt>Revierförsterei Rambach (Kellerskopfweg 3)</cmt>
		<desc>Revierförsterei Rambach (Kellerskopfweg 3)</desc>
		<src>Stadt Wiesbaden</src>
	</wpt>
	<wpt lat="50.130254231201612" lon="8.2942246198385892">
		<name>WI-123</name>
		<cmt>Straßenkreuzung B 455 / K647 (Einfahrt Erbsenacker)</cmt>
		<desc>Straßenkreuzung B 455 / K647 (Einfahrt Erbsenacker)</desc>
		<src>Stadt Wiesbaden</src>
	</wpt>
	<wpt lat="50.112123284752982" lon="8.2991186376975747">
		<name>WI-124</name>
		<cmt>Buswendeplatz Heßloch (Michaelisstraße)</cmt>
		<desc>Buswendeplatz Heßloch (Michaelisstraße)</desc>
		<src>Stadt Wiesbaden</src>
	</wpt>
	<wpt lat="50.14448329557289" lon="8.3072218604281094">
		<name>WI-125</name>
		<cmt>Wilhelm-Kempf-Haus (L 3027)</cmt>
		<desc>Wilhelm-Kempf-Haus (L 3027)</desc>
		<src>Stadt Wiesbaden</src>
	</wpt>
	<wpt lat="50.105268606736026" lon="8.3165520477354011">
		<name>WI-126</name>
		<cmt>Gaststätte Hockenberger Mühle (K 659)</cmt>
		<desc>Gaststätte Hockenberger Mühle (K 659)</desc>
		<src>Stadt Wiesbaden</src>
	</wpt>
	<wpt lat="50.12882281966057" lon="8.3303420097333554">
		<name>WI-127</name>
		<cmt>Sportplatz Auringen (Bremthaler Weg)</cmt>
		<desc>Sportplatz Auringen (Bremthaler Weg)</desc>
		<src>Stadt Wiesbaden</src>
	</wpt>
	<wpt lat="50.110352631287519" lon="8.3406511707299842">
		<name>WI-128</name>
		<cmt>Sportplatz Medenbach (Am Sportfeld)</cmt>
		<desc>Sportplatz Medenbach (Am Sportfeld)</desc>
		<src>Stadt Wiesbaden</src>
	</wpt>
	<wpt lat="50.106817270980407" lon="8.3579217988848171">
		<name>WI-129</name>
		<cmt>Straßenkreuzung L 3017 / L 3018</cmt>
		<desc>Straßenkreuzung L 3017 / L 3018</desc>
		<src>Stadt Wiesbaden</src>
	</wpt>
	<wpt lat="50.085167519826783" lon="8.3643030572223402">
		<name>WI-130</name>
		<cmt>Ortsausgang Breckenheim (Karl-Albert-Straße)</cmt>
		<desc>Ortsausgang Breckenheim (Karl-Albert-Straße)</desc>
		<src>Stadt Wiesbaden</src>
	</wpt>
	<wpt lat="50.137109651635392" lon="8.2839361643891021">
		<name>WI-122</name>
		<cmt>Gaststätte Kellerskopf</cmt>
		<desc>Gaststätte Kellerskopf</desc>
		<src>Stadt Wiesbaden</src>
	</wpt>
	<wpt lat="50.078746590233301" lon="8.1707748812117877">
		<name>ESWE-RP01</name>
		<cmt>Weißer Weg in Höhe Wasserbehälter Fich</cmt>
		<desc>Weißer Weg in Höhe Wasserbehälter Fich</desc>
		<src>Stadt Wiesbaden (ESWE)</src>
	</wpt>
	<wpt lat="50.096276009104145" lon="8.1755458725222425">
		<name>ESWE-RP02</name>
		<cmt>Finkenweg in Höhe Behälter Chausseehau</cmt>
		<desc>Finkenweg in Höhe Behälter Chausseehau</desc>
		<src>Stadt Wiesbaden (ESWE)</src>
	</wpt>
	<wpt lat="50.099868894918465" lon="8.1712911422832271">
		<name>ESWE-RP03</name>
		<cmt>Lahnstr. Golfplatz</cmt>
		<desc>Lahnstr. Golfplatz</desc>
		<src>Stadt Wiesbaden (ESWE)</src>
	</wpt>
	<wpt lat="50.098798052455301" lon="8.1749435522150264">
		<name>ESWE-RP04</name>
		<cmt>Lahnstr. Golfplatz</cmt>
		<desc>Lahnstr. Golfplatz</desc>
		<src>Stadt Wiesbaden (ESWE)</src>
	</wpt>
	<wpt lat="50.097979488016577" lon="8.1786893235564584">
		<name>ESWE-RP05</name>
		<cmt>Lahnstr. Golfplatz</cmt>
		<desc>Lahnstr. Golfplatz</desc>
		<src>Stadt Wiesbaden (ESWE)</src>
	</wpt>
	<wpt lat="50.102589126147279" lon="8.1732710315243899">
		<name>ESWE-RP06</name>
		<cmt>Großer Stellschlag unterhalb Wasserbeh</cmt>
		<desc>Großer Stellschlag unterhalb Wasserbeh</desc>
		<src>Stadt Wiesbaden (ESWE)</src>
	</wpt>
	<wpt lat="50.105123183601933" lon="8.174359709033947">
		<name>ESWE-RP07</name>
		<cmt>Mittlerer Gehrn</cmt>
		<desc>Mittlerer Gehrn</desc>
		<src>Stadt Wiesbaden (ESWE)</src>
	</wpt>
	<wpt lat="50.107083253303017" lon="8.169335482200994">
		<name>ESWE-RP08</name>
		<cmt>Schläferskopf</cmt>
		<desc>Schläferskopf</desc>
		<src>Stadt Wiesbaden (ESWE)</src>
	</wpt>
	<wpt lat="50.098471010990181" lon="8.1859347983717523">
		<name>ESWE-RP09</name>
		<cmt>Wilfried-Ries-Str. in Höhe Eishaus</cmt>
		<desc>Wilfried-Ries-Str. in Höhe Eishaus</desc>
		<src>Stadt Wiesbaden (ESWE)</src>
	</wpt>
	<wpt lat="50.103247948667963" lon="8.1786971521492244">
		<name>ESWE-RP10</name>
		<cmt>Futterhallweg</cmt>
		<desc>Futterhallweg</desc>
		<src>Stadt Wiesbaden (ESWE)</src>
	</wpt>
	<wpt lat="50.105991561916966" lon="8.1840181367613614">
		<name>ESWE-RP11</name>
		<cmt>Schützenhausweg in Höhe Behälter Klost</cmt>
		<desc>Schützenhausweg in Höhe Behälter Klost</desc>
		<src>Stadt Wiesbaden (ESWE)</src>
	</wpt>
	<wpt lat="50.124044604698504" lon="8.1688324218636339">
		<name>ESWE-RP12</name>
		<cmt>Eiserne Hand, Haus Hubertus in Höhe UH</cmt>
		<desc>Eiserne Hand, Haus Hubertus in Höhe UH</desc>
		<src>Stadt Wiesbaden (ESWE)</src>
	</wpt>
	<wpt lat="50.125105424476921" lon="8.1675694527114562">
		<name>ESWE-RP13</name>
		<cmt>Eiserne Hand, Aarstr. In Höhe Waldgeis</cmt>
		<desc>Eiserne Hand, Aarstr. In Höhe Waldgeis</desc>
		<src>Stadt Wiesbaden (ESWE)</src>
	</wpt>
	<wpt lat="50.127863501642466" lon="8.1660392151836891">
		<name>ESWE-RP14</name>
		<cmt>Eiserne Hand, Aarstr. Ecke Herzogsweg</cmt>
		<desc>Eiserne Hand, Aarstr. Ecke Herzogsweg</desc>
		<src>Stadt Wiesbaden (ESWE)</src>
	</wpt>
	<wpt lat="50.099585716094559" lon="8.2001584341247842">
		<name>ESWE-RP15</name>
		<cmt>Fasanerieweg / Am Kloster Klarenthal</cmt>
		<desc>Fasanerieweg / Am Kloster Klarenthal</desc>
		<src>Stadt Wiesbaden (ESWE)</src>
	</wpt>
	<wpt lat="50.101219125456339" lon="8.1984399889479889">
		<name>ESWE-RP16</name>
		<cmt>Fasanerieweg Oberhalb Haus 31 Forsthau</cmt>
		<desc>Fasanerieweg Oberhalb Haus 31 Forsthau</desc>
		<src>Stadt Wiesbaden (ESWE)</src>
	</wpt>
	<wpt lat="50.10058436804691" lon="8.2227849299075579">
		<name>ESWE-RP17</name>
		<cmt>Hellkundweg, Rückseite Israelischer Fr</cmt>
		<desc>Hellkundweg, Rückseite Israelischer Fr</desc>
		<src>Stadt Wiesbaden (ESWE)</src>
	</wpt>
	<wpt lat="50.10121820913502" lon="8.2234595753172197">
		<name>ESWE-RP18</name>
		<cmt>Waldweg Richtung Speierskopf</cmt>
		<desc>Waldweg Richtung Speierskopf</desc>
		<src>Stadt Wiesbaden (ESWE)</src>
	</wpt>
	<wpt lat="50.103270833601535" lon="8.2306390656084005">
		<name>ESWE-RP19</name>
		<cmt>Schacht Gewinnung Karl-Kleins-Born</cmt>
		<desc>Schacht Gewinnung Karl-Kleins-Born</desc>
		<src>Stadt Wiesbaden (ESWE)</src>
	</wpt>
	<wpt lat="50.103176315605346" lon="8.2340232474489277">
		<name>ESWE-RP20</name>
		<cmt>Kapellenstr. Wasserbehälter Neroberg</cmt>
		<desc>Kapellenstr. Wasserbehälter Neroberg</desc>
		<src>Stadt Wiesbaden (ESWE)</src>
	</wpt>
	<wpt lat="50.130355965364743" lon="8.2194081262545797">
		<name>ESWE-RP21</name>
		<cmt>UFH Kisselborn</cmt>
		<desc>UFH Kisselborn</desc>
		<src>Stadt Wiesbaden (ESWE)</src>
	</wpt>
	<wpt lat="50.13279510011197" lon="8.2198160478411388">
		<name>ESWE-RP22</name>
		<cmt>UFH Graf-Hülsen-Weg</cmt>
		<desc>UFH Graf-Hülsen-Weg</desc>
		<src>Stadt Wiesbaden (ESWE)</src>
	</wpt>
	<wpt lat="50.134209721896667" lon="8.2202826085381062">
		<name>ESWE-RP23</name>
		<cmt>Jagdschloß Platte</cmt>
		<desc>Jagdschloß Platte</desc>
		<src>Stadt Wiesbaden (ESWE)</src>
	</wpt>
	<wpt lat="50.113837865144603" lon="8.2602216018714945">
		<name>ESWE-RP24</name>
		<cmt>Goldsteintal, Goldsteinbach am Teich</cmt>
		<desc>Goldsteintal, Goldsteinbach am Teich</desc>
		<src>Stadt Wiesbaden (ESWE)</src>
	</wpt>
	<wpt lat="50.09939534060922" lon="8.2839948420795935">
		<name>ESWE-RP25</name>
		<cmt>Feldbereich in Höhe Kleingartenanlage</cmt>
		<desc>Feldbereich in Höhe Kleingartenanlage</desc>
		<src>Stadt Wiesbaden (ESWE)</src>
	</wpt>
	<wpt lat="50.101617087441255" lon="8.2827177572040629">
		<name>ESWE-RP26</name>
		<cmt>Feldbereich hinter Lindenthaler Hof</cmt>
		<desc>Feldbereich hinter Lindenthaler Hof</desc>
		<src>Stadt Wiesbaden (ESWE)</src>
	</wpt>
	<wpt lat="50.10254292832591" lon="8.2826899657510928">
		<name>ESWE-RP27</name>
		<cmt>Feldbereich am Weg zum Reitplatz</cmt>
		<desc>Feldbereich am Weg zum Reitplatz</desc>
		<src>Stadt Wiesbaden (ESWE)</src>
	</wpt>
	<wpt lat="50.104587286782852" lon="8.2818067808345042">
		<name>ESWE-RP28</name>
		<cmt>Feldbereich am zum Lindenthaler Hof</cmt>
		<desc>Feldbereich am zum Lindenthaler Hof</desc>
		<src>Stadt Wiesbaden (ESWE)</src>
	</wpt>
	<wpt lat="50.107294962628181" lon="8.2806060553397689">
		<name>ESWE-RP29</name>
		<cmt>Feldbereich neben Weg Hundeplatz</cmt>
		<desc>Feldbereich neben Weg Hundeplatz</desc>
		<src>Stadt Wiesbaden (ESWE)</src>
	</wpt>
	<wpt lat="50.125063511738603" lon="8.2768299201423279">
		<name>ESWE-RP30</name>
		<cmt>Kellerskopfweg unterhalb Haus Waldeck</cmt>
		<desc>Kellerskopfweg unterhalb Haus Waldeck</desc>
		<src>Stadt Wiesbaden (ESWE)</src>
	</wpt>
	<wpt lat="50.128106961440643" lon="8.2732598247770301">
		<name>ESWE-RP31</name>
		<cmt>Kellerskopfweg Grillhütte</cmt>
		<desc>Kellerskopfweg Grillhütte</desc>
		<src>Stadt Wiesbaden (ESWE)</src>
	</wpt>
	<wpt lat="50.1303086075282" lon="8.2731006370484366">
		<name>ESWE-RP32</name>
		<cmt>Kellerskopfweg Kellerskopfstollen</cmt>
		<desc>Kellerskopfweg Kellerskopfstollen</desc>
		<src>Stadt Wiesbaden (ESWE)</src>
	</wpt>
	<wpt lat="50.133101054006303" lon="8.2855764312128226">
		<name>ESWE-RP33</name>
		<cmt>UFH Sausulchweg</cmt>
		<desc>UFH Sausulchweg</desc>
		<src>Stadt Wiesbaden (ESWE)</src>
	</wpt>
	<wpt lat="50.127469396456007" lon="8.2937994781444626">
		<name>ESWE-RP34</name>
		<cmt>Feldbereich zwischen B455 und Erbsenac</cmt>
		<desc>Feldbereich zwischen B455 und Erbsenac</desc>
		<src>Stadt Wiesbaden (ESWE)</src>
	</wpt>
	<wpt lat="50.127680215131065" lon="8.2929852442459318">
		<name>ESWE-RP35</name>
		<cmt>Feldbereich neben der B455</cmt>
		<desc>Feldbereich neben der B455</desc>
		<src>Stadt Wiesbaden (ESWE)</src>
	</wpt>
	<wpt lat="50.129207124730542" lon="8.2912705198084833">
		<name>ESWE-RP36</name>
		<cmt>Niedernhausener Str. K647</cmt>
		<desc>Niedernhausener Str. K647</desc>
		<src>Stadt Wiesbaden (ESWE)</src>
	</wpt>
	<wpt lat="50.136157270139243" lon="8.2898950753678111">
		<name>ESWE-RP37</name>
		<cmt>Flutgraben oberhalb Wilhelm-Bausch-Hüt</cmt>
		<desc>Flutgraben oberhalb Wilhelm-Bausch-Hüt</desc>
		<src>Stadt Wiesbaden (ESWE)</src>
	</wpt>
	<wpt lat="50.135958909116397" lon="8.2883314099466237">
		<name>ESWE-RP38</name>
		<cmt>Trinkwasserbehälter Kellerskopf</cmt>
		<desc>Trinkwasserbehälter Kellerskopf</desc>
		<src>Stadt Wiesbaden (ESWE)</src>
	</wpt>
	<wpt lat="50.137270070667263" lon="8.2910396115362452">
		<name>ESWE-RP39</name>
		<cmt>Waldweg oberhalb Flutgraben</cmt>
		<desc>Waldweg oberhalb Flutgraben</desc>
		<src>Stadt Wiesbaden (ESWE)</src>
	</wpt>
	<wpt lat="50.138987714008188" lon="8.2925949349176555">
		<name>ESWE-RP40</name>
		<cmt>Unterhalb Dörrwiese</cmt>
		<desc>Unterhalb Dörrwiese</desc>
		<src>Stadt Wiesbaden (ESWE)</src>
	</wpt>
	<wpt lat="50.140983903628843" lon="8.2926494557247619">
		<name>ESWE-RP41</name>
		<cmt>An der Dörrwiese</cmt>
		<desc>An der Dörrwiese</desc>
		<src>Stadt Wiesbaden (ESWE)</src>
	</wpt>
	<wpt lat="50.142347283724511" lon="8.2965743641441012">
		<name>ESWE-RP42</name>
		<cmt>Oberhalb Dörrwiese</cmt>
		<desc>Oberhalb Dörrwiese</desc>
		<src>Stadt Wiesbaden (ESWE)</src>
	</wpt>
	<wpt lat="50.143594935299703" lon="8.3022079257092507">
		<name>ESWE-RP43</name>
		<cmt>Trinkwasserbehälter Naurod</cmt>
		<desc>Trinkwasserbehälter Naurod</desc>
		<src>Stadt Wiesbaden (ESWE)</src>
	</wpt>
	<wpt lat="50.05749139605561" lon="8.3402672645423799">
		<name>ESWE-RP44</name>
		<cmt>Trinkwasserpumpwerk Nordenstadt</cmt>
		<desc>Trinkwasserpumpwerk Nordenstadt</desc>
		<src>Stadt Wiesbaden (ESWE)</src>
	</wpt>
	<wpt lat="50.065755583611605" lon="8.3036301997903479">
		<name>ESWE-RP45</name>
		<cmt>Am Wäschbach Oberhalb der Bahn</cmt>
		<desc>Am Wäschbach Oberhalb der Bahn</desc>
		<src>Stadt Wiesbaden (ESWE)</src>
	</wpt>
	<wpt lat="50.066236013151652" lon="8.3012907286339299">
		<name>ESWE-RP46</name>
		<cmt>Am Wäschbach Unterhalb der Bahn</cmt>
		<desc>Am Wäschbach Unterhalb der Bahn</desc>
		<src>Stadt Wiesbaden (ESWE)</src>
	</wpt>
	<wpt lat="50.064136258402719" lon="8.275524911627258">
		<name>ESWE-RP47</name>
		<cmt>Auffahrt B455 auf Berliner Str. Stadte</cmt>
		<desc>Auffahrt B455 auf Berliner Str. Stadte</desc>
		<src>Stadt Wiesbaden (ESWE)</src>
	</wpt>
	<wpt lat="50.108206984743468" lon="8.1668137331856041">
		<name>MTB-RP 01</name>
		<cmt>Schläferskopf</cmt>
		<desc>Schläferskopf</desc>
		<src>Stadt Wiesbaden (Gravity Pilots)</src>
	</wpt>
	<wpt lat="50.1086418969238" lon="8.17105599149345">
		<name>MTB-RP 02</name>
		<cmt>Dotzheim</cmt>
		<desc>Dotzheim</desc>
		<src>Stadt Wiesbaden (Gravity Pilots)</src>
	</wpt>
	<wpt lat="50.107526167594699" lon="8.1734517126594817">
		<name>MTB-RP 03</name>
		<cmt>Dotzheim</cmt>
		<desc>Dotzheim</desc>
		<src>Stadt Wiesbaden (Gravity Pilots)</src>
	</wpt>
	<wpt lat="50.105262158391476" lon="8.1787466058082092">
		<name>MTB-RP 04</name>
		<cmt>Klarenthal</cmt>
		<desc>Klarenthal</desc>
		<src>Stadt Wiesbaden (Gravity Pilots)</src>
	</wpt>
	<wpt lat="50.104096762545126" lon="8.1817718461754083">
		<name>MTB-RP 05</name>
		<cmt>Klarenthal</cmt>
		<desc>Klarenthal</desc>
		<src>Stadt Wiesbaden (Gravity Pilots)</src>
	</wpt>
	<wpt lat="50.107333399928599" lon="8.7075064225829184">
		<name>RP154</name>
		<cmt>Nordufer</cmt>
		<desc>Nordufer</desc>
		<src>Stadt Frankfurt am Main</src>
	</wpt>
	<wpt lat="50.107444855959059" lon="8.7089316057114061">
		<name>RP155</name>
		<cmt>Nordufer</cmt>
		<desc>Nordufer</desc>
		<src>Stadt Frankfurt am Main</src>
	</wpt>
	<wpt lat="50.109129860965524" lon="8.6895318339893475">
		<name>RP135</name>
		<cmt>Nordufer</cmt>
		<desc>Nordufer</desc>
		<src>Stadt Frankfurt am Main</src>
	</wpt>
	<wpt lat="51.03982" lon="9.080124">
		<name>KB-900</name>
		<cmt>Einfahrt Hof Fischbach     an Kreuzung Battenhausen-Bergfreiheit-Armsfeld</cmt>
		<desc>Einfahrt Hof Fischbach     an Kreuzung Battenhausen-Bergfreiheit-Armsfeld</desc>
		<src>Stiftungsforsten Kloster Haina</src>
	</wpt>
	<wpt lat="51.04404" lon="9.023462">
		<name>KB-902</name>
		<cmt>Kreuzung Löhlbach-Battenhausen-Hüttenrode</cmt>
		<desc>Kreuzung Löhlbach-Battenhausen-Hüttenrode</desc>
		<src>Stiftungsforsten Kloster Haina</src>
	</wpt>
	<wpt lat="51.038818" lon="8.872981">
		<name>KB-903</name>
		<cmt>Waldeinfahrt auf der Wasserscheide zwischen Römershausen und Friedrichshausen (Höchster Punkt)</cmt>
		<desc>Waldeinfahrt auf der Wasserscheide zwischen Römershausen und Friedrichshausen (Höchster Punkt)</desc>
		<src>Stiftungsforsten Kloster Haina</src>
	</wpt>
	<wpt lat="50.107752893570748" lon="8.7098803222984387">
		<name>RP156</name>
		<cmt>Nordufer</cmt>
		<desc>Nordufer</desc>
		<src>Stadt Frankfurt am Main</src>
	</wpt>
	<wpt lat="50.09639480826943" lon="8.659590071703084">
		<name>RP200</name>
		<cmt>Suedufer</cmt>
		<desc>Suedufer</desc>
		<src>Stadt Frankfurt am Main</src>
	</wpt>
	<wpt lat="50.100230342920256" lon="8.6639555244421658">
		<name>RP100</name>
		<cmt>Nordufer</cmt>
		<desc>Nordufer</desc>
		<src>Stadt Frankfurt am Main</src>
	</wpt>
	<wpt lat="50.100627239714186" lon="8.6644139967298734">
		<name>RP101</name>
		<cmt>Nordufer</cmt>
		<desc>Nordufer</desc>
		<src>Stadt Frankfurt am Main</src>
	</wpt>
	<wpt lat="50.101041793086694" lon="8.6647605359121158">
		<name>RP102</name>
		<cmt>Nordufer</cmt>
		<desc>Nordufer</desc>
		<src>Stadt Frankfurt am Main</src>
	</wpt>
	<wpt lat="50.101421430618771" lon="8.6654707341613939">
		<name>RP103</name>
		<cmt>Nordufer</cmt>
		<desc>Nordufer</desc>
		<src>Stadt Frankfurt am Main</src>
	</wpt>
	<wpt lat="50.10156731912744" lon="8.6661825638135515">
		<name>RP104</name>
		<cmt>Nordufer</cmt>
		<desc>Nordufer</desc>
		<src>Stadt Frankfurt am Main</src>
	</wpt>
	<wpt lat="50.101865755921068" lon="8.666795500754704">
		<name>RP105</name>
		<cmt>Nordufer</cmt>
		<desc>Nordufer</desc>
		<src>Stadt Frankfurt am Main</src>
	</wpt>
	<wpt lat="50.102218609775655" lon="8.6675757988417175">
		<name>RP106</name>
		<cmt>Nordufer</cmt>
		<desc>Nordufer</desc>
		<src>Stadt Frankfurt am Main</src>
	</wpt>
	<wpt lat="50.10245374953444" lon="8.6680633901974815">
		<name>RP107</name>
		<cmt>Nordufer</cmt>
		<desc>Nordufer</desc>
		<src>Stadt Frankfurt am Main</src>
	</wpt>
	<wpt lat="50.102860416145028" lon="8.6688014043742889">
		<name>RP108</name>
		<cmt>Nordufer</cmt>
		<desc>Nordufer</desc>
		<src>Stadt Frankfurt am Main</src>
	</wpt>
	<wpt lat="50.103194720102373" lon="8.6693861729448258">
		<name>RP109</name>
		<cmt>Nordufer</cmt>
		<desc>Nordufer</desc>
		<src>Stadt Frankfurt am Main</src>
	</wpt>
	<wpt lat="50.103555952712796" lon="8.6699567853002009">
		<name>RP110</name>
		<cmt>Nordufer</cmt>
		<desc>Nordufer</desc>
		<src>Stadt Frankfurt am Main</src>
	</wpt>
	<wpt lat="50.103971319882966" lon="8.6705969264684253">
		<name>RP111</name>
		<cmt>Nordufer</cmt>
		<desc>Nordufer</desc>
		<src>Stadt Frankfurt am Main</src>
	</wpt>
	<wpt lat="50.104359596139119" lon="8.6711953296661974">
		<name>RP112</name>
		<cmt>Nordufer</cmt>
		<desc>Nordufer</desc>
		<src>Stadt Frankfurt am Main</src>
	</wpt>
	<wpt lat="50.104738799235115" lon="8.671765847997646">
		<name>RP113</name>
		<cmt>Nordufer</cmt>
		<desc>Nordufer</desc>
		<src>Stadt Frankfurt am Main</src>
	</wpt>
	<wpt lat="50.10509098963913" lon="8.6723225812368465">
		<name>RP114</name>
		<cmt>Nordufer</cmt>
		<desc>Nordufer</desc>
		<src>Stadt Frankfurt am Main</src>
	</wpt>
	<wpt lat="50.105452285643182" lon="8.6729211946083513">
		<name>RP115</name>
		<cmt>Nordufer</cmt>
		<desc>Nordufer</desc>
		<src>Stadt Frankfurt am Main</src>
	</wpt>
	<wpt lat="50.105795676873662" lon="8.6735478972065589">
		<name>RP116</name>
		<cmt>Nordufer</cmt>
		<desc>Nordufer</desc>
		<src>Stadt Frankfurt am Main</src>
	</wpt>
	<wpt lat="50.106121084424622" lon="8.6741747293503835">
		<name>RP117</name>
		<cmt>Nordufer</cmt>
		<desc>Nordufer</desc>
		<src>Stadt Frankfurt am Main</src>
	</wpt>
	<wpt lat="50.106428743166504" lon="8.6748855626509407">
		<name>RP118</name>
		<cmt>Nordufer</cmt>
		<desc>Nordufer</desc>
		<src>Stadt Frankfurt am Main</src>
	</wpt>
	<wpt lat="50.10673659100857" lon="8.6756662979623371">
		<name>RP119</name>
		<cmt>Nordufer</cmt>
		<desc>Nordufer</desc>
		<src>Stadt Frankfurt am Main</src>
	</wpt>
	<wpt lat="50.107116744204554" lon="8.6765863456508647">
		<name>RP120</name>
		<cmt>Nordufer</cmt>
		<desc>Nordufer</desc>
		<src>Stadt Frankfurt am Main</src>
	</wpt>
	<wpt lat="50.107361301751105" lon="8.6772417155873711">
		<name>RP121</name>
		<cmt>Nordufer</cmt>
		<desc>Nordufer</desc>
		<src>Stadt Frankfurt am Main</src>
	</wpt>
	<wpt lat="50.107651076838408" lon="8.6779946440548077">
		<name>RP122</name>
		<cmt>Nordufer</cmt>
		<desc>Nordufer</desc>
		<src>Stadt Frankfurt am Main</src>
	</wpt>
	<wpt lat="50.107931856900109" lon="8.6787476417598288">
		<name>RP123</name>
		<cmt>Nordufer</cmt>
		<desc>Nordufer</desc>
		<src>Stadt Frankfurt am Main</src>
	</wpt>
	<wpt lat="50.10817636365875" lon="8.6793890548626145">
		<name>RP124</name>
		<cmt>Nordufer</cmt>
		<desc>Nordufer</desc>
		<src>Stadt Frankfurt am Main</src>
	</wpt>
	<wpt lat="50.108485057097788" lon="8.6804883151897982">
		<name>RP125</name>
		<cmt>Nordufer</cmt>
		<desc>Nordufer</desc>
		<src>Stadt Frankfurt am Main</src>
	</wpt>
	<wpt lat="50.108766823862588" lon="8.681607849245049">
		<name>RP126</name>
		<cmt>Nordufer</cmt>
		<desc>Nordufer</desc>
		<src>Stadt Frankfurt am Main</src>
	</wpt>
	<wpt lat="50.108875775560087" lon="8.681998551819234">
		<name>RP127</name>
		<cmt>Nordufer</cmt>
		<desc>Nordufer</desc>
		<src>Stadt Frankfurt am Main</src>
	</wpt>
	<wpt lat="50.109004040828879" lon="8.6828784122646372">
		<name>RP128</name>
		<cmt>Nordufer</cmt>
		<desc>Nordufer</desc>
		<src>Stadt Frankfurt am Main</src>
	</wpt>
	<wpt lat="50.109132449915585" lon="8.6838141945894431">
		<name>RP129</name>
		<cmt>Nordufer</cmt>
		<desc>Nordufer</desc>
		<src>Stadt Frankfurt am Main</src>
	</wpt>
	<wpt lat="50.109216431898247" lon="8.6849459859792031">
		<name>RP130</name>
		<cmt>Nordufer</cmt>
		<desc>Nordufer</desc>
		<src>Stadt Frankfurt am Main</src>
	</wpt>
	<wpt lat="50.109254848085172" lon="8.6858544046383823">
		<name>RP131</name>
		<cmt>Nordufer</cmt>
		<desc>Nordufer</desc>
		<src>Stadt Frankfurt am Main</src>
	</wpt>
	<wpt lat="50.10925707116882" lon="8.6866791847839124">
		<name>RP132</name>
		<cmt>Nordufer</cmt>
		<desc>Nordufer</desc>
		<src>Stadt Frankfurt am Main</src>
	</wpt>
	<wpt lat="50.109331284849709" lon="8.6875314557220698">
		<name>RP133</name>
		<cmt>Nordufer</cmt>
		<desc>Nordufer</desc>
		<src>Stadt Frankfurt am Main</src>
	</wpt>
	<wpt lat="50.109252734706146" lon="8.6884126768873831">
		<name>RP134</name>
		<cmt>Nordufer</cmt>
		<desc>Nordufer</desc>
		<src>Stadt Frankfurt am Main</src>
	</wpt>
	<wpt lat="51.3245932303426" lon="9.1328969037141423">
		<name>KS-520</name>
		<cmt>Parkplatz "Rattenfalle"  Waldeingang an der K 106</cmt>
		<desc>Parkplatz "Rattenfalle"  Waldeingang an der K 106</desc>
		<src>Stadt Wolfhagen</src>
	</wpt>
	<wpt lat="51.28608761037178" lon="9.1688662269491648">
		<name>KS-526</name>
		<cmt>B 251,  Parkplatz Cafe Monschein</cmt>
		<desc>B 251,  Parkplatz Cafe Monschein</desc>
		<src>Stadt Wolfhagen</src>
	</wpt>
	<wpt lat="51.312468587068068" lon="9.1377767417455669">
		<name>KS-524</name>
		<cmt>Waldparkplatz  "Heller Platz"</cmt>
		<desc>Waldparkplatz  "Heller Platz"</desc>
		<src>Stadt Wolfhagen</src>
	</wpt>
	<wpt lat="51.342693458566508" lon="9.2410846721564326">
		<name>KS-519</name>
		<cmt>Waldrand hinter Sportplatz Altenhasungen</cmt>
		<desc>Waldrand hinter Sportplatz Altenhasungen</desc>
		<src>Stadt Wolfhagen</src>
	</wpt>
</gpx>