<?xml version="1.0" encoding="UTF-8"?>
<gpx xmlns="http://www.topografix.com/GPX/1/1" version="1.1" creator="FME(R) 2021.1.0.1">
	<metadata>
		<time>2025-10-20T13:45:36+02:00</time>
		<bounds minlat="53.132954302977318" minlon="10.630320138875989" maxlat="54.666942811741237" maxlon="14.397002362346427"/>
	</metadata>
	<wpt lat="53.634739968339836" lon="12.364624538433775">
		<name>LRO38-015</name>
		<cmt>Straße Zietlitz/ Gr. Bäbelin</cmt>
		<desc>Straße Zietlitz/ Gr. Bäbelin</desc>
		<src>Landesforst Mecklenburg-Vorpommern</src>
	</wpt>
	<wpt lat="53.77331" lon="12.31195">
		<name>LRO37-062</name>
		<cmt>Straße zwischen Klueß und A 19</cmt>
		<desc>Straße zwischen Klueß und A 19</desc>
		<src>Landesforst Mecklenburg-Vorpommern</src>
	</wpt>
	<wpt lat="53.786535349816475" lon="12.758329213656921">
		<name>MSE39-003</name>
		<cmt>L20, 17139 Malchin OT Gülitz, 700m Richtung 17154 Neukalen, Waldparkplatz</cmt>
		<desc>L20, 17139 Malchin OT Gülitz, 700m Richtung 17154 Neukalen, Waldparkplatz</desc>
		<src>Landesforst Mecklenburg-Vorpommern</src>
	</wpt>
	<wpt lat="53.787062138940186" lon="11.213492919853172">
		<name>NWM34-001</name>
		<cmt>23936 Rüting Abbigung Schildberg</cmt>
		<desc>23936 Rüting Abbigung Schildberg</desc>
		<src>Landesforst Mecklenburg-Vorpommern</src>
	</wpt>
	<wpt lat="54.145325551840365" lon="13.809563358932904">
		<name>VG_BF_21_7</name>
		<cmt>Restfl.: Abzweig z. Flugplatz Peenemünde (betr. Tanklager)</cmt>
		<desc>Restfl.: Abzweig z. Flugplatz Peenemünde (betr. Tanklager)</desc>
		<src>Bundesforst</src>
	</wpt>
	<wpt lat="54.006464088130144" lon="12.385100033070978">
		<name>LRO_BF_19_7</name>
		<cmt>Klärwerk Prangendorf</cmt>
		<desc>Klärwerk Prangendorf</desc>
		<src>Bundesforst</src>
	</wpt>
	<wpt lat="54.085249326765002" lon="12.397346124700134">
		<name>LRO_BF_19_4</name>
		<cmt>Wache der Bundeswehrkaserne (FlaRakGr 21)</cmt>
		<desc>Wache der Bundeswehrkaserne (FlaRakGr 21)</desc>
		<src>Bundesforst</src>
	</wpt>
	<wpt lat="53.965254291960925" lon="13.02864107287586">
		<name>MSE_BF_19_15</name>
		<cmt>ehem. Wache der Bundeswehrkaserne (Demmin Richtung Seedorf)</cmt>
		<desc>ehem. Wache der Bundeswehrkaserne (Demmin Richtung Seedorf)</desc>
		<src>Bundesforst</src>
	</wpt>
	<wpt lat="53.338714658378379" lon="12.764825820892209">
		<name>MSE BF 25_9</name>
		<cmt>Kreuzung Alte  Boeker Landstraße, neuer Weg</cmt>
		<desc>Kreuzung Alte  Boeker Landstraße, neuer Weg</desc>
		<src>Bundesforst</src>
	</wpt>
	<wpt lat="53.59038941906897" lon="13.30041648951212">
		<name>MSE_BF_23_3</name>
		<cmt>Neubrandenburg, Südstraße, Bushaltestelle Fliegerhorst</cmt>
		<desc>Neubrandenburg, Südstraße, Bushaltestelle Fliegerhorst</desc>
		<src>Bundesforst</src>
	</wpt>
	<wpt lat="53.52819788441326" lon="13.283260652374926">
		<name>MSE_BF_23_5</name>
		<cmt>Neubrandenburg Fünfeichener Weg Abzweig Lutizenstraße</cmt>
		<desc>Neubrandenburg Fünfeichener Weg Abzweig Lutizenstraße</desc>
		<src>Bundesforst</src>
	</wpt>
	<wpt lat="53.303180035695497" lon="13.14921451521062">
		<name>MSE_BF_23_12</name>
		<cmt>MST 16, Ortsausgang Fürstensee Richtung Wokuhl, Badestelle</cmt>
		<desc>MST 16, Ortsausgang Fürstensee Richtung Wokuhl, Badestelle</desc>
		<src>Bundesforst</src>
	</wpt>
	<wpt lat="53.608888888906577" lon="14.242222221890122">
		<name>VG_BF_1_5</name>
		<cmt>Wegegabelung Jägerbr.Landstr.-Ahlbecker Landstr.</cmt>
		<desc>Wegegabelung Jägerbr.Landstr.-Ahlbecker Landstr.</desc>
		<src>Bundesforst</src>
	</wpt>
	<wpt lat="53.61" lon="14.275555556991648">
		<name>VG_BF_1_4</name>
		<cmt>Einfahrt Schneidemühl</cmt>
		<desc>Einfahrt Schneidemühl</desc>
		<src>Bundesforst</src>
	</wpt>
	<wpt lat="54.178055555767088" lon="12.114166668176507">
		<name>HO_BF_20_1</name>
		<cmt>Haupttor Kasernenanlage Marinestützpunkt</cmt>
		<desc>Haupttor Kasernenanlage Marinestützpunkt</desc>
		<src>Bundesforst</src>
	</wpt>
	<wpt lat="54.11344413403549" lon="12.192831373864285">
		<name>LRO_BF_20_2</name>
		<cmt>Parklplatz Tankstelle Gewerbegebiet Bentwisch</cmt>
		<desc>Parklplatz Tankstelle Gewerbegebiet Bentwisch</desc>
		<src>Bundesforst</src>
	</wpt>
	<wpt lat="54.39237699048163" lon="12.699306000128333">
		<name>VR_BF_20_11</name>
		<cmt>Barth Gewerbegebiet Betonwerk bis Wendestelle</cmt>
		<desc>Barth Gewerbegebiet Betonwerk bis Wendestelle</desc>
		<src>Bundesforst</src>
	</wpt>
	<wpt lat="53.710540887041013" lon="14.073039596163108">
		<name>VG_BF_12_7</name>
		<cmt>Bahnübergang Hoppenwalde, Kamerun 4, 17367 Eggesin OT Hoppenwalde</cmt>
		<desc>Bahnübergang Hoppenwalde, Kamerun 4, 17367 Eggesin OT Hoppenwalde</desc>
		<src>Bundesforst</src>
	</wpt>
	<wpt lat="53.907998183889198" lon="12.244090763682051">
		<name>LRO_BF_19_20</name>
		<cmt>Brücke A 19 Weitendorf - Schwaan</cmt>
		<desc>Brücke A 19 Weitendorf - Schwaan</desc>
		<src>Bundesforst</src>
	</wpt>
	<wpt lat="54.119596511562413" lon="13.827679994806546">
		<name>VG_BF_21_8</name>
		<cmt>Radweg Karlshagen</cmt>
		<desc>Radweg Karlshagen</desc>
		<src>Bundesforst</src>
	</wpt>
	<wpt lat="53.385531165481289" lon="12.816684413491064">
		<name>MSE_BF_24_6</name>
		<cmt>Amalienhof Boek</cmt>
		<desc>Amalienhof Boek</desc>
		<src>Bundesforst</src>
	</wpt>
	<wpt lat="53.354262311784034" lon="12.779432386550132">
		<name>MSE BF 25_7</name>
		<cmt>Alte Boeker Landstraße</cmt>
		<desc>Alte Boeker Landstraße</desc>
		<src>Bundesforst</src>
	</wpt>
	<wpt lat="53.590833332857521" lon="14.159166666247435">
		<name>VG_BF_5_1</name>
		<cmt>TrÜPl Jägerbrück, große Waldwiese Petersmoor</cmt>
		<desc>TrÜPl Jägerbrück, große Waldwiese Petersmoor</desc>
		<src>Bundesforst</src>
	</wpt>
	<wpt lat="53.329974186229784" lon="13.059141947861628">
		<name>MSE_BF_23_11</name>
		<cmt>Neustelitz Richtung Wesenberg, Abzweig JVA</cmt>
		<desc>Neustelitz Richtung Wesenberg, Abzweig JVA</desc>
		<src>Bundesforst</src>
	</wpt>
	<wpt lat="53.762777778084079" lon="13.250277779059564">
		<name>MSE_BF_23_1</name>
		<cmt>L 272 Burow Richtung Seltz, Wache Bundeswehrdepot Seltz</cmt>
		<desc>L 272 Burow Richtung Seltz, Wache Bundeswehrdepot Seltz</desc>
		<src>Bundesforst</src>
	</wpt>
	<wpt lat="53.749986283235351" lon="14.22963142527202">
		<name>VG_BF_13_3</name>
		<cmt>Ortseinfahrt Altwarp-Siedlung, hinter ehem. Kaserne links</cmt>
		<desc>Ortseinfahrt Altwarp-Siedlung, hinter ehem. Kaserne links</desc>
		<src>Bundesforst</src>
	</wpt>
	<wpt lat="53.596666666874498" lon="14.25222222229004">
		<name>VG_BF_1_9</name>
		<cmt>Abzweigung Jägerbrücker Landstr.-L283</cmt>
		<desc>Abzweigung Jägerbrücker Landstr.-L283</desc>
		<src>Bundesforst</src>
	</wpt>
	<wpt lat="53.620277777396929" lon="14.262222221639862">
		<name>VG_BF_1_3</name>
		<cmt>Ort Hintersee, L 28, am Friedhof</cmt>
		<desc>Ort Hintersee, L 28, am Friedhof</desc>
		<src>Bundesforst</src>
	</wpt>
	<wpt lat="53.597222221751196" lon="14.245">
		<name>VG_BF_1_8</name>
		<cmt>große Gorinwiese</cmt>
		<desc>große Gorinwiese</desc>
		<src>Bundesforst</src>
	</wpt>
	<wpt lat="53.604722222537262" lon="14.281666666683433">
		<name>VG_BF_1_6</name>
		<cmt>Schneidemühler Wiese</cmt>
		<desc>Schneidemühler Wiese</desc>
		<src>Bundesforst</src>
	</wpt>
	<wpt lat="53.623513276745911" lon="14.019199442320357">
		<name>VG_BF_8_1</name>
		<cmt>Ortaausgang Torgelow, Einfahrt Stallb.Landstr.</cmt>
		<desc>Ortaausgang Torgelow, Einfahrt Stallb.Landstr.</desc>
		<src>Bundesforst</src>
	</wpt>
	<wpt lat="53.573398316787824" lon="14.062873566326143">
		<name>VG_BF_8_4</name>
		<cmt>L 321 Einfahrt Betonstr. Vor den Gärten ETS</cmt>
		<desc>L 321 Einfahrt Betonstr. Vor den Gärten ETS</desc>
		<src>Bundesforst</src>
	</wpt>
	<wpt lat="53.655" lon="14.271666666737518">
		<name>VG_BF_7_4</name>
		<cmt>Zopien, Wiese am Mützelburger See</cmt>
		<desc>Zopien, Wiese am Mützelburger See</desc>
		<src>Bundesforst</src>
	</wpt>
	<wpt lat="54.368689872982799" lon="12.741148727476622">
		<name>VR_BF_20_12</name>
		<cmt>Barth Ortsausgang ehemalige Zuckerfabrik</cmt>
		<desc>Barth Ortsausgang ehemalige Zuckerfabrik</desc>
		<src>Bundesforst</src>
	</wpt>
	<wpt lat="53.360274163628489" lon="12.765283740697431">
		<name>MSE BF 25_13</name>
		<cmt>Kreuzung K3  Klopzow/Alte Entenfarm</cmt>
		<desc>Kreuzung K3  Klopzow/Alte Entenfarm</desc>
		<src>Bundesforst</src>
	</wpt>
	<wpt lat="53.708098081531162" lon="14.103767048771434">
		<name>VG_BF_12_6</name>
		<cmt>Muna Eckbusch / Oststraße aus Ueckermünde kommend Richtung Christiansberg</cmt>
		<desc>Muna Eckbusch / Oststraße aus Ueckermünde kommend Richtung Christiansberg</desc>
		<src>Bundesforst</src>
	</wpt>
	<wpt lat="53.536787085636256" lon="12.611224867693291">
		<name>MSE_BF_24_1</name>
		<cmt>Ortsverbindungsweg Schwenzin - Vielist</cmt>
		<desc>Ortsverbindungsweg Schwenzin - Vielist</desc>
		<src>Bundesforst</src>
	</wpt>
	<wpt lat="53.511990222849754" lon="14.201870788786552">
		<name>VG_BF_2_4</name>
		<cmt>Ortseingang Rothenklempenow aus Löcknitz kommend</cmt>
		<desc>Ortseingang Rothenklempenow aus Löcknitz kommend</desc>
		<src>Bundesforst</src>
	</wpt>
	<wpt lat="53.939444444228194" lon="12.255833333115541">
		<name>LRO_BF_19_11</name>
		<cmt>Wache der Bundeswehrkaserne Striesdorf (Depot)</cmt>
		<desc>Wache der Bundeswehrkaserne Striesdorf (Depot)</desc>
		<src>Bundesforst</src>
	</wpt>
	<wpt lat="53.337459062074785" lon="12.787914276769564">
		<name>MSE BF 25_10</name>
		<cmt>Retzseewiese Hubschrauber</cmt>
		<desc>Retzseewiese Hubschrauber</desc>
		<src>Bundesforst</src>
	</wpt>
	<wpt lat="53.326101536725844" lon="12.76013140294023">
		<name>MSE BF 25_11</name>
		<cmt>Retzow Ortsausgang</cmt>
		<desc>Retzow Ortsausgang</desc>
		<src>Bundesforst</src>
	</wpt>
	<wpt lat="53.71859993527864" lon="14.082015400259463">
		<name>VG_BF_12_4</name>
		<cmt>Oststraße 68, Ueckermünde,  Ortsausgangsschild nach Eckbusch</cmt>
		<desc>Oststraße 68, Ueckermünde,  Ortsausgangsschild nach Eckbusch</desc>
		<src>Bundesforst</src>
	</wpt>
	<wpt lat="53.732389980024486" lon="14.116844116105529">
		<name>VG_BF_12_3</name>
		<cmt>Revierförsterei Neue Reihe 55, Bellin letztes Haus am Wald linke Seite</cmt>
		<desc>Revierförsterei Neue Reihe 55, Bellin letztes Haus am Wald linke Seite</desc>
		<src>Bundesforst</src>
	</wpt>
	<wpt lat="53.693811364068289" lon="14.15666212161371">
		<name>VG_BF_12_8</name>
		<cmt>Parkplatz Botanischer Garten Christiansberg 123 in 17375 Luckow</cmt>
		<desc>Parkplatz Botanischer Garten Christiansberg 123 in 17375 Luckow</desc>
		<src>Bundesforst</src>
	</wpt>
	<wpt lat="53.588611111216736" lon="14.248055556729858">
		<name>VG_BF_1_11</name>
		<cmt>Revierförsterei Glashütte</cmt>
		<desc>Revierförsterei Glashütte</desc>
		<src>Bundesforst</src>
	</wpt>
	<wpt lat="53.574444444327604" lon="14.284722221963078">
		<name>VG_BF_1_14</name>
		<cmt>ehemalige Plantage Lenzen</cmt>
		<desc>ehemalige Plantage Lenzen</desc>
		<src>Bundesforst</src>
	</wpt>
	<wpt lat="53.604444444288511" lon="14.299722222430818">
		<name>VG_BF_1_7</name>
		<cmt>Wiese am Sanddamm</cmt>
		<desc>Wiese am Sanddamm</desc>
		<src>Bundesforst</src>
	</wpt>
	<wpt lat="53.592081058766141" lon="13.99532919354473">
		<name>VG_BF_8_6</name>
		<cmt>Hammer- Liepe 1. Kurve aus Hammer Einfahrt links</cmt>
		<desc>Hammer- Liepe 1. Kurve aus Hammer Einfahrt links</desc>
		<src>Bundesforst</src>
	</wpt>
	<wpt lat="53.643333332646655" lon="14.251666667510984">
		<name>VG_BF_7_6</name>
		<cmt>Hintersee Ortsende Richtung Ludwigshof</cmt>
		<desc>Hintersee Ortsende Richtung Ludwigshof</desc>
		<src>Bundesforst</src>
	</wpt>
	<wpt lat="54.250979149386474" lon="12.39307363195989">
		<name>VR_BF_20_5</name>
		<cmt>L NVP 1 Einfahrt Spülfeld Körkwitz</cmt>
		<desc>L NVP 1 Einfahrt Spülfeld Körkwitz</desc>
		<src>Bundesforst</src>
	</wpt>
	<wpt lat="53.643377516674441" lon="14.044863143530355">
		<name>VG_BF_14_4</name>
		<cmt>Wache F. v. Schill-Kaserne Torgelow-Spechtberg</cmt>
		<desc>Wache F. v. Schill-Kaserne Torgelow-Spechtberg</desc>
		<src>Bundesforst</src>
	</wpt>
	<wpt lat="54.142027132688696" lon="12.555216632668195">
		<name>VR_BF_19_2</name>
		<cmt>Wache der Bundeswehrkaserne Marlow (Marinefunksendestelle)</cmt>
		<desc>Wache der Bundeswehrkaserne Marlow (Marinefunksendestelle)</desc>
		<src>Bundesforst</src>
	</wpt>
	<wpt lat="53.929722222157778" lon="12.301944443851164">
		<name>LRO_BF_19_12</name>
		<cmt>Wache der Bundeswehrkaserne Laage (Fliegerhorst)</cmt>
		<desc>Wache der Bundeswehrkaserne Laage (Fliegerhorst)</desc>
		<src>Bundesforst</src>
	</wpt>
	<wpt lat="53.936111110600699" lon="13.411944443761357">
		<name>VG_BF_19_18</name>
		<cmt>Gützkow Kreuzung August-Bebel-Str. / Triftstraße</cmt>
		<desc>Gützkow Kreuzung August-Bebel-Str. / Triftstraße</desc>
		<src>Bundesforst</src>
	</wpt>
	<wpt lat="53.516860608239185" lon="13.472984971805754">
		<name>MSE_BF_23_7</name>
		<cmt>Neu Käbelich ( MST46) Richtung Neetzka  Abzweig Försterei</cmt>
		<desc>Neu Käbelich ( MST46) Richtung Neetzka  Abzweig Försterei</desc>
		<src>Bundesforst</src>
	</wpt>
	<wpt lat="53.378755641760591" lon="13.081234413302692">
		<name>MSE_BF_23_9</name>
		<cmt>B 96 Neustrelitz Richtung Neubrandenburg, Ende Ortsumgehung Neustrelitz rechts</cmt>
		<desc>B 96 Neustrelitz Richtung Neubrandenburg, Ende Ortsumgehung Neustrelitz rechts</desc>
		<src>Bundesforst</src>
	</wpt>
	<wpt lat="53.380833333128471" lon="13.184444444026793">
		<name>MSE_BF_23_8</name>
		<cmt>MST 17 Ortsausgang Thurow Richtung Blankensee hinterm Bahnübergang links</cmt>
		<desc>MST 17 Ortsausgang Thurow Richtung Blankensee hinterm Bahnübergang links</desc>
		<src>Bundesforst</src>
	</wpt>
	<wpt lat="53.734745543911039" lon="14.125307788037249">
		<name>VG_BF_12_1</name>
		<cmt>Jugendherberge Bellin Herbergstraße 1 in 17373 Ueckermünde OT Bellin</cmt>
		<desc>Jugendherberge Bellin Herbergstraße 1 in 17373 Ueckermünde OT Bellin</desc>
		<src>Bundesforst</src>
	</wpt>
	<wpt lat="54.3825" lon="13.432222221578121">
		<name>VR_BF_16_1</name>
		<cmt>Wildacker ehem. Revierförsterei Mölln-Medow K15</cmt>
		<desc>Wildacker ehem. Revierförsterei Mölln-Medow K15</desc>
		<src>Bundesforst</src>
	</wpt>
	<wpt lat="54.4175" lon="13.290833332850044">
		<name>VR_BF_16_2</name>
		<cmt>Gingster HeideDreschvitz Ausbau</cmt>
		<desc>Gingster HeideDreschvitz Ausbau</desc>
		<src>Bundesforst</src>
	</wpt>
	<wpt lat="54.456944444299694" lon="13.56111111137751">
		<name>VR_BF_17_2</name>
		<cmt>Freifläche "Seesandebene"</cmt>
		<desc>Freifläche "Seesandebene"</desc>
		<src>Bundesforst</src>
	</wpt>
	<wpt lat="54.476944443592558" lon="13.571388888817818">
		<name>VR_BF_17_1</name>
		<cmt>Parkplatz Feuersteinfelder südlich Neu-Mukran</cmt>
		<desc>Parkplatz Feuersteinfelder südlich Neu-Mukran</desc>
		<src>Bundesforst</src>
	</wpt>
	<wpt lat="54.449444444336208" lon="13.491944444235434">
		<name>VR_BF_17_8</name>
		<cmt>Stedar Acker</cmt>
		<desc>Stedar Acker</desc>
		<src>Bundesforst</src>
	</wpt>
	<wpt lat="54.228521743752005" lon="12.438211931792111">
		<name>VR_BF_20_6</name>
		<cmt>Kreuzung B105 Sanitz Ribnitz-Damgarten</cmt>
		<desc>Kreuzung B105 Sanitz Ribnitz-Damgarten</desc>
		<src>Bundesforst</src>
	</wpt>
	<wpt lat="54.572152399060442" lon="13.660017429193775">
		<name>VR_BF_16_8</name>
		<cmt>Busparkplatz Königstuhl</cmt>
		<desc>Busparkplatz Königstuhl</desc>
		<src>Bundesforst</src>
	</wpt>
	<wpt lat="54.294550262019371" lon="13.082451599310359">
		<name>VR_BF_16_9</name>
		<cmt>L 213 Kreisel Feldstraße / Am hohen Graben</cmt>
		<desc>L 213 Kreisel Feldstraße / Am hohen Graben</desc>
		<src>Bundesforst</src>
	</wpt>
	<wpt lat="53.661944443805254" lon="14.104722221955805">
		<name>VG_BF_14_2</name>
		<cmt>Waldwiese süd-westlich der Schimmhalle Karpin (Artillerie-Kaserne Karpin)</cmt>
		<desc>Waldwiese süd-westlich der Schimmhalle Karpin (Artillerie-Kaserne Karpin)</desc>
		<src>Bundesforst</src>
	</wpt>
	<wpt lat="54.017585289536406" lon="12.385846326866453">
		<name>LRO_BF_19_6</name>
		<cmt>Wache der Bundeswehrkaserne Prangendorf</cmt>
		<desc>Wache der Bundeswehrkaserne Prangendorf</desc>
		<src>Bundesforst</src>
	</wpt>
	<wpt lat="53.99722222189375" lon="12.710555556580919">
		<name>LRO_BF_19_13</name>
		<cmt>Wache der Bundeswehr FAUST Warbelow</cmt>
		<desc>Wache der Bundeswehr FAUST Warbelow</desc>
		<src>Bundesforst</src>
	</wpt>
	<wpt lat="53.333478779065288" lon="14.397002362346427">
		<name>VG_BF_2_5</name>
		<cmt>Grenzübergang Pomellen Abfahrt A11 von Berlin kommend</cmt>
		<desc>Grenzübergang Pomellen Abfahrt A11 von Berlin kommend</desc>
		<src>Bundesforst</src>
	</wpt>
	<wpt lat="54.21694444398215" lon="12.521111110699454">
		<name>VR_BF_19_1</name>
		<cmt>Bushaltestelle Carlewitz</cmt>
		<desc>Bushaltestelle Carlewitz</desc>
		<src>Bundesforst</src>
	</wpt>
	<wpt lat="53.99186094773961" lon="13.061819344766933">
		<name>VG_BF_19_14</name>
		<cmt>Ortsausgang Drosedow Richtung Zarnekla</cmt>
		<desc>Ortsausgang Drosedow Richtung Zarnekla</desc>
		<src>Bundesforst</src>
	</wpt>
	<wpt lat="53.351433590604451" lon="12.81270271831098">
		<name>MSE BF 25_8</name>
		<cmt>Ziegeleiwiese für den Hubschrauber</cmt>
		<desc>Ziegeleiwiese für den Hubschrauber</desc>
		<src>Bundesforst</src>
	</wpt>
	<wpt lat="53.710171798417775" lon="14.146920124723223">
		<name>VG_BF_12_5</name>
		<cmt>Luckow, Dorfstr 38. Richtung Westen am Waldrand, Wendeschleife</cmt>
		<desc>Luckow, Dorfstr 38. Richtung Westen am Waldrand, Wendeschleife</desc>
		<src>Bundesforst</src>
	</wpt>
	<wpt lat="53.350506069252134" lon="12.835580788707974">
		<name>MSE_BF_25_14</name>
		<cmt>Zietlitz</cmt>
		<desc>Zietlitz</desc>
		<src>Bundesforst</src>
	</wpt>
	<wpt lat="53.623611110682191" lon="14.230833332166245">
		<name>VG_BF_1_1</name>
		<cmt>Einfahrt Grenzgestell an der L28</cmt>
		<desc>Einfahrt Grenzgestell an der L28</desc>
		<src>Bundesforst</src>
	</wpt>
	<wpt lat="54.304444444094251" lon="13.697777777773384">
		<name>VR_BF_16_5</name>
		<cmt>Am Radweg Richtung Gager</cmt>
		<desc>Am Radweg Richtung Gager</desc>
		<src>Bundesforst</src>
	</wpt>
	<wpt lat="54.371111110857562" lon="13.078888888606981">
		<name>VG_BF_16_7</name>
		<cmt>Hubschr.Landeplatz der Bundesmarine</cmt>
		<desc>Hubschr.Landeplatz der Bundesmarine</desc>
		<src>Bundesforst</src>
	</wpt>
	<wpt lat="53.667127967590154" lon="14.228977749116444">
		<name>VG_BF_7_3</name>
		<cmt>Ortschaft Ludwigshof - Brücke Teufelsgraben</cmt>
		<desc>Ortschaft Ludwigshof - Brücke Teufelsgraben</desc>
		<src>Bundesforst</src>
	</wpt>
	<wpt lat="53.664964534607925" lon="14.25368036666541">
		<name>VG_BF_7_5</name>
		<cmt>Schwarzer Weg Kreuzung Alte Stettiner Landstraße</cmt>
		<desc>Schwarzer Weg Kreuzung Alte Stettiner Landstraße</desc>
		<src>Bundesforst</src>
	</wpt>
	<wpt lat="54.37" lon="12.920555556868935">
		<name>VR_BF_20_14</name>
		<cmt>Günz Abzweig Nistorf</cmt>
		<desc>Günz Abzweig Nistorf</desc>
		<src>Bundesforst</src>
	</wpt>
	<wpt lat="54.398611110787208" lon="12.493333333046715">
		<name>VR_BF_20_8</name>
		<cmt>L 21 Bushaltestelle</cmt>
		<desc>L 21 Bushaltestelle</desc>
		<src>Bundesforst</src>
	</wpt>
	<wpt lat="54.40583333263875" lon="13.596944444331481">
		<name>VR_BF_17_7</name>
		<cmt>Sportplatz Binz</cmt>
		<desc>Sportplatz Binz</desc>
		<src>Bundesforst</src>
	</wpt>
	<wpt lat="54.019864286841042" lon="13.568756064138009">
		<name>VG_BF_21_3</name>
		<cmt>B 109, Abzw. Gladrow</cmt>
		<desc>B 109, Abzw. Gladrow</desc>
		<src>Bundesforst</src>
	</wpt>
	<wpt lat="53.663422620041722" lon="14.109093381937416">
		<name>VG_BF_14_1</name>
		<cmt>Wache Artillerie-Kaserne Eggesin-Karpin</cmt>
		<desc>Wache Artillerie-Kaserne Eggesin-Karpin</desc>
		<src>Bundesforst</src>
	</wpt>
	<wpt lat="53.638898446942598" lon="14.211419930862087">
		<name>VG_BF_2_2</name>
		<cmt>Dorfmitte Gegensee / Friedhof</cmt>
		<desc>Dorfmitte Gegensee / Friedhof</desc>
		<src>Bundesforst</src>
	</wpt>
	<wpt lat="54.084444443677029" lon="12.674166667498206">
		<name>VR_BF_19_3</name>
		<cmt>Wache der Bundeswehrkaserne Bad Sülze (Recknitztalkaserne)</cmt>
		<desc>Wache der Bundeswehrkaserne Bad Sülze (Recknitztalkaserne)</desc>
		<src>Bundesforst</src>
	</wpt>
	<wpt lat="54.003883748358469" lon="12.297600254783926">
		<name>LRO_BF_19_10</name>
		<cmt>Ortsausgang Göldenitz Richtung Kossow</cmt>
		<desc>Ortsausgang Göldenitz Richtung Kossow</desc>
		<src>Bundesforst</src>
	</wpt>
	<wpt lat="53.987222222291152" lon="12.440833332342251">
		<name>LRO_BF_19_8</name>
		<cmt>L 18 (Tessin-Laage) Abzweig zur ehem. Kaserne (Ortslage Drüsewitz)</cmt>
		<desc>L 18 (Tessin-Laage) Abzweig zur ehem. Kaserne (Ortslage Drüsewitz)</desc>
		<src>Bundesforst</src>
	</wpt>
	<wpt lat="53.868611111195506" lon="13.113888888850903">
		<name>MSE_BF_19_16</name>
		<cmt>Wache Bundeswehrkaserne (Depot Utzedel)</cmt>
		<desc>Wache Bundeswehrkaserne (Depot Utzedel)</desc>
		<src>Bundesforst</src>
	</wpt>
	<wpt lat="53.345124428779521" lon="12.713823762093909">
		<name>MSE BF 25_5</name>
		<cmt>Rechlin-Nord nähe Badestrand</cmt>
		<desc>Rechlin-Nord nähe Badestrand</desc>
		<src>Bundesforst</src>
	</wpt>
	<wpt lat="53.748792822288429" lon="13.268396625250046">
		<name>MSE_BF_23_2</name>
		<cmt>L 35 (alte B 96) Abzweig Weltzin</cmt>
		<desc>L 35 (alte B 96) Abzweig Weltzin</desc>
		<src>Bundesforst</src>
	</wpt>
	<wpt lat="54.29000329616003" lon="13.170956571345187">
		<name>VR_BF_16_6</name>
		<cmt>Drigge Ortseingang aus Gustow / Gartenanlage</cmt>
		<desc>Drigge Ortseingang aus Gustow / Gartenanlage</desc>
		<src>Bundesforst</src>
	</wpt>
	<wpt lat="53.620449309827677" lon="14.286364092443408">
		<name>VG_BF_7_9</name>
		<cmt>L 28 Einfahrt Richtung alte Jagdwirtschaft</cmt>
		<desc>L 28 Einfahrt Richtung alte Jagdwirtschaft</desc>
		<src>Bundesforst</src>
	</wpt>
	<wpt lat="54.411111110904422" lon="13.590277778035745">
		<name>VR_BF_17_6</name>
		<cmt>nördlich der Festwiese Binz Richtung Wasserwerk</cmt>
		<desc>nördlich der Festwiese Binz Richtung Wasserwerk</desc>
		<src>Bundesforst</src>
	</wpt>
	<wpt lat="54.431388888485245" lon="13.573055556766324">
		<name>VR_BF_17_5</name>
		<cmt>Einfahrt Plattenweg südlich Gewerbegebiet</cmt>
		<desc>Einfahrt Plattenweg südlich Gewerbegebiet</desc>
		<src>Bundesforst</src>
	</wpt>
	<wpt lat="54.444722221842646" lon="13.480833332560398">
		<name>VR_BF_17_9</name>
		<cmt>Stedar Buswendeschleife</cmt>
		<desc>Stedar Buswendeschleife</desc>
		<src>Bundesforst</src>
	</wpt>
	<wpt lat="53.727807734480422" lon="14.15930036879319">
		<name>VG_BF_12_2</name>
		<cmt>Autowerkstatt Feldt, Kanalweg 1, 17375 Vogelsang-Warsin</cmt>
		<desc>Autowerkstatt Feldt, Kanalweg 1, 17375 Vogelsang-Warsin</desc>
		<src>Bundesforst</src>
	</wpt>
	<wpt lat="54.260120792514876" lon="12.926962037778162">
		<name>VR_BF_20_15</name>
		<cmt>L Martensdorf Jacobsdorf Barthebrücke</cmt>
		<desc>L Martensdorf Jacobsdorf Barthebrücke</desc>
		<src>Bundesforst</src>
	</wpt>
	<wpt lat="54.02356372938096" lon="12.375758024414052">
		<name>LRO_BF_19_5</name>
		<cmt>Wache der Bundeswehr FAUST Gubkow</cmt>
		<desc>Wache der Bundeswehr FAUST Gubkow</desc>
		<src>Bundesforst</src>
	</wpt>
	<wpt lat="53.737777778148988" lon="12.928333332508947">
		<name>MSE_BF_19_17</name>
		<cmt>ehemalige Wache Bundeswehrkaserne Basepohl</cmt>
		<desc>ehemalige Wache Bundeswehrkaserne Basepohl</desc>
		<src>Bundesforst</src>
	</wpt>
	<wpt lat="53.408847472906636" lon="12.849776954818724">
		<name>MSE_BF_24_5</name>
		<cmt>Specker Straße Abzweig Priesterbecker See</cmt>
		<desc>Specker Straße Abzweig Priesterbecker See</desc>
		<src>Bundesforst</src>
	</wpt>
	<wpt lat="53.577699361134151" lon="14.165346535120138">
		<name>VG_BF_5_2</name>
		<cmt>TrÜPl Jägerbrück, Ortschaft Borken, Hofeinfahrt Gutshof</cmt>
		<desc>TrÜPl Jägerbrück, Ortschaft Borken, Hofeinfahrt Gutshof</desc>
		<src>Bundesforst</src>
	</wpt>
	<wpt lat="53.516124537230759" lon="13.336928012406247">
		<name>MSE_BF_23_6</name>
		<cmt>Burg Stargard OT Kreuzbruchhof, Buswendeschleife</cmt>
		<desc>Burg Stargard OT Kreuzbruchhof, Buswendeschleife</desc>
		<src>Bundesforst</src>
	</wpt>
	<wpt lat="53.598502590355444" lon="14.054058616380054">
		<name>VG_BF_8_3</name>
		<cmt>L 321 Einfahrt StOÜPl Kuhlmorgen</cmt>
		<desc>L 321 Einfahrt StOÜPl Kuhlmorgen</desc>
		<src>Bundesforst</src>
	</wpt>
	<wpt lat="53.555238089282106" lon="14.034440390643375">
		<name>VG_BF_8_5</name>
		<cmt>L 321 Einfahrt Stallb. Landstr.aus Richtung Pasew.</cmt>
		<desc>L 321 Einfahrt Stallb. Landstr.aus Richtung Pasew.</desc>
		<src>Bundesforst</src>
	</wpt>
	<wpt lat="54.565555555549558" lon="13.493888888259683">
		<name>VR_BF_16_3</name>
		<cmt>Freifläche Mittelweg Glowe</cmt>
		<desc>Freifläche Mittelweg Glowe</desc>
		<src>Bundesforst</src>
	</wpt>
	<wpt lat="53.625555556288127" lon="14.2925">
		<name>VG_BF_7_8</name>
		<cmt>Wiese Rosenort, bei Hintersee</cmt>
		<desc>Wiese Rosenort, bei Hintersee</desc>
		<src>Bundesforst</src>
	</wpt>
	<wpt lat="53.627809938422523" lon="14.270813633924767">
		<name>VG_BF_7_7</name>
		<cmt>Alte LPG Hintersee</cmt>
		<desc>Alte LPG Hintersee</desc>
		<src>Bundesforst</src>
	</wpt>
	<wpt lat="53.668888888945794" lon="14.261666666861926">
		<name>VG_BF_7_2</name>
		<cmt>Radelswiesen</cmt>
		<desc>Radelswiesen</desc>
		<src>Bundesforst</src>
	</wpt>
	<wpt lat="54.44803213624791" lon="13.561021299717281">
		<name>VR_BF_17_4</name>
		<cmt>Einfahrt Wohnmobiloase</cmt>
		<desc>Einfahrt Wohnmobiloase</desc>
		<src>Bundesforst</src>
	</wpt>
	<wpt lat="53.754416873421235" lon="14.233282041164433">
		<name>VG_BF_13_5</name>
		<cmt>Hubschrauber Landeplatz Altwarp Siedlung</cmt>
		<desc>Hubschrauber Landeplatz Altwarp Siedlung</desc>
		<src>Bundesforst</src>
	</wpt>
	<wpt lat="53.581857378475789" lon="13.310811974623855">
		<name>MSE_BF_23_4</name>
		<cmt>MST 37 Ortsausgang Neubrandenburg Richtung Ihlenfeld, Parkplatz Gartensparte</cmt>
		<desc>MST 37 Ortsausgang Neubrandenburg Richtung Ihlenfeld, Parkplatz Gartensparte</desc>
		<src>Bundesforst</src>
	</wpt>
	<wpt lat="53.348388417735748" lon="13.113670119490966">
		<name>MSE_BF_23_10</name>
		<cmt>B 198 Ortsausgang Neustelitz Richtung Woldegk Abzweig Bundespolizei, Eingang Wache</cmt>
		<desc>B 198 Ortsausgang Neustelitz Richtung Woldegk Abzweig Bundespolizei, Eingang Wache</desc>
		<src>Bundesforst</src>
	</wpt>
	<wpt lat="53.674968324142213" lon="14.0975922477928">
		<name>VG_BF_12_10</name>
		<cmt>HEM Tankstelle Eggesin Friedrich-Engels-Straße 1b</cmt>
		<desc>HEM Tankstelle Eggesin Friedrich-Engels-Straße 1b</desc>
		<src>Bundesforst</src>
	</wpt>
	<wpt lat="53.744350580434805" lon="14.257077742331324">
		<name>VG_BF_13_4</name>
		<cmt>Nordstraße am Ortseingangsschild Altwarp, aus Richtung Vogelsang-Warsin kommend</cmt>
		<desc>Nordstraße am Ortseingangsschild Altwarp, aus Richtung Vogelsang-Warsin kommend</desc>
		<src>Bundesforst</src>
	</wpt>
	<wpt lat="53.576666667262849" lon="14.300833333935673">
		<name>VG_BF_1_13</name>
		<cmt>Wildacker Seeberg</cmt>
		<desc>Wildacker Seeberg</desc>
		<src>Bundesforst</src>
	</wpt>
	<wpt lat="53.596111110391448" lon="14.298888889580763">
		<name>VG_BF_1_10</name>
		<cmt>Bauernwiese</cmt>
		<desc>Bauernwiese</desc>
		<src>Bundesforst</src>
	</wpt>
	<wpt lat="53.609166666813252" lon="14.040833332992889">
		<name>VG_BF_8_2</name>
		<cmt>BWDLZ Einfahrt / Gegenüber Einfahrt Kaserne Drögeheide</cmt>
		<desc>BWDLZ Einfahrt / Gegenüber Einfahrt Kaserne Drögeheide</desc>
		<src>Bundesforst</src>
	</wpt>
	<wpt lat="53.973948050544088" lon="12.345867153924614">
		<name>LRO_BF_19_9</name>
		<cmt>Cammin Richtung Laage nach Ortsausgang links auf dem Plattenweg</cmt>
		<desc>Cammin Richtung Laage nach Ortsausgang links auf dem Plattenweg</desc>
		<src>Bundesforst</src>
	</wpt>
	<wpt lat="53.229230530720983" lon="13.088881218503509">
		<name>MSE65-055</name>
		<cmt/>
		<desc/>
		<src>Landesforst Mecklenburg-Vorpommern</src>
	</wpt>
	<wpt lat="53.73105875176973" lon="11.760640007841323">
		<name>LUP36-019</name>
		<cmt>alte Försterei in 19412 Sülten</cmt>
		<desc>alte Försterei in 19412 Sülten</desc>
		<src>Landesforst Mecklenburg-Vorpommern</src>
	</wpt>
	<wpt lat="53.906136991967706" lon="13.857127599899549">
		<name>VG31-020</name>
		<cmt/>
		<desc/>
		<src>Landesforst Mecklenburg-Vorpommern</src>
	</wpt>
	<wpt lat="53.96382767077391" lon="13.571661915912925">
		<name>VG30-020</name>
		<cmt>von 17495  Nepzin in Richtung, Waldeingang</cmt>
		<desc>von 17495  Nepzin in Richtung, Waldeingang</desc>
		<src>Landesforst Mecklenburg-Vorpommern</src>
	</wpt>
	<wpt lat="53.855386760622466" lon="12.542402378486074">
		<name>LRO27-012</name>
		<cmt>17168 Schwetzin, Richtung B108 17168 Matgendorf, Waldeingang</cmt>
		<desc>17168 Schwetzin, Richtung B108 17168 Matgendorf, Waldeingang</desc>
		<src>Landesforst Mecklenburg-Vorpommern</src>
	</wpt>
	<wpt lat="53.883891194514085" lon="10.837169004032551">
		<name>NWM22-003</name>
		<cmt>Bei Dr.-Leber-Straße 18; 23923 Selmsdorf</cmt>
		<desc>Bei Dr.-Leber-Straße 18; 23923 Selmsdorf</desc>
		<src>Landesforst Mecklenburg-Vorpommern</src>
	</wpt>
	<wpt lat="53.884617250534056" lon="10.846740686746944">
		<name>NWM22-004</name>
		<cmt>23923 Selmsdorf; Wilhelm-Oldörp-Strasse 3; Försterei</cmt>
		<desc>23923 Selmsdorf; Wilhelm-Oldörp-Strasse 3; Försterei</desc>
		<src>Landesforst Mecklenburg-Vorpommern</src>
	</wpt>
	<wpt lat="53.890678786601342" lon="11.74334136585194">
		<name>NWM25-031</name>
		<cmt>Im Ort 23992 Babst Dorfstraße an der Feuerwehr.</cmt>
		<desc>Im Ort 23992 Babst Dorfstraße an der Feuerwehr.</desc>
		<src>Landesforst Mecklenburg-Vorpommern</src>
	</wpt>
	<wpt lat="54.004382269368953" lon="11.907693378848975">
		<name>LRO14-046</name>
		<cmt>Von 18239 Satow in Richtung 18239 Püschow, an der einzigen Kreuzung im Wald ist RP</cmt>
		<desc>Von 18239 Satow in Richtung 18239 Püschow, an der einzigen Kreuzung im Wald ist RP</desc>
		<src>Landesforst Mecklenburg-Vorpommern</src>
	</wpt>
	<wpt lat="54.002966405386694" lon="12.673646246190284">
		<name>LRO17-023</name>
		<cmt>L23 3km Von 17179 Gnoien in Richtung 17179 Viecheln</cmt>
		<desc>L23 3km Von 17179 Gnoien in Richtung 17179 Viecheln</desc>
		<src>Landesforst Mecklenburg-Vorpommern</src>
	</wpt>
	<wpt lat="54.005196099703014" lon="12.138125870596342">
		<name>LRO15-016</name>
		<cmt>In Reez vor dem Guthaus westlich einbiegen, und Feldweg bis zum Waldrandfahren</cmt>
		<desc>In Reez vor dem Guthaus westlich einbiegen, und Feldweg bis zum Waldrandfahren</desc>
		<src>Landesforst Mecklenburg-Vorpommern</src>
	</wpt>
	<wpt lat="53.657199666878164" lon="11.616140547008632">
		<name>LUP35-013</name>
		<cmt>PCH 4 19067 Kritzow nach 19412 Weberin, 1800 m, Waldparkplatz nördlich, Abt. 123 / 125</cmt>
		<desc>PCH 4 19067 Kritzow nach 19412 Weberin, 1800 m, Waldparkplatz nördlich, Abt. 123 / 125</desc>
		<src>Landesforst Mecklenburg-Vorpommern</src>
	</wpt>
	<wpt lat="54.204958442447214" lon="13.7714311899324">
		<name>VG_BF_21_5</name>
		<cmt>Insel Ruden, Rettungshubschrauber einsetzen!</cmt>
		<desc>Insel Ruden, Rettungshubschrauber einsetzen!</desc>
		<src>Bundesforst</src>
	</wpt>
	<wpt lat="54.028907548213738" lon="13.686902748478373">
		<name>VG20-017</name>
		<cmt>B111, 17438 Hohenfelde i. Richung 17509 Katzow, Waldeinfahrt</cmt>
		<desc>B111, 17438 Hohenfelde i. Richung 17509 Katzow, Waldeinfahrt</desc>
		<src>Landesforst Mecklenburg-Vorpommern</src>
	</wpt>
	<wpt lat="54.065127294102872" lon="12.6039971616591">
		<name>LRO16-031</name>
		<cmt>Von 18195 Neuhof, Richtung Recknitzberg am Waldeingang</cmt>
		<desc>Von 18195 Neuhof, Richtung Recknitzberg am Waldeingang</desc>
		<src>Landesforst Mecklenburg-Vorpommern</src>
	</wpt>
	<wpt lat="54.05698700659439" lon="13.558753752179708">
		<name>VG19-034</name>
		<cmt>K20 von Rappenhagen Rtg Süden, Kreuzung Rtg Kemnitzerhagen Gemeinde</cmt>
		<desc>K20 von Rappenhagen Rtg Süden, Kreuzung Rtg Kemnitzerhagen Gemeinde</desc>
		<src>Landesforst Mecklenburg-Vorpommern</src>
	</wpt>
	<wpt lat="54.17365094960148" lon="13.073454519710095">
		<name>VR18-004</name>
		<cmt/>
		<desc/>
		<src>Landesforst Mecklenburg-Vorpommern</src>
	</wpt>
	<wpt lat="53.658098508410397" lon="11.567302005787429">
		<name>LUP35-012</name>
		<cmt>PCH 4 19067 Kritzow nach 19067 Langen Brütz 1200 m Abzweig südlich zum Raden Abt. 40</cmt>
		<desc>PCH 4 19067 Kritzow nach 19067 Langen Brütz 1200 m Abzweig südlich zum Raden Abt. 40</desc>
		<src>Landesforst Mecklenburg-Vorpommern</src>
	</wpt>
	<wpt lat="54.215865939096865" lon="12.198844180745828">
		<name>HRO07-022</name>
		<cmt>RP: Blocksbrückenweg, Ecke Rosenortschneise, PLZ 18146</cmt>
		<desc>RP: Blocksbrückenweg, Ecke Rosenortschneise, PLZ 18146</desc>
		<src>Landesforst Mecklenburg-Vorpommern</src>
	</wpt>
	<wpt lat="54.443378368917628" lon="12.507770966006568">
		<name>VR03-004</name>
		<cmt>18375;Prerow;k-Gestell Kreuzung Langseerweg</cmt>
		<desc>18375;Prerow;k-Gestell Kreuzung Langseerweg</desc>
		<src>Landesforst Mecklenburg-Vorpommern</src>
	</wpt>
	<wpt lat="53.670484175392922" lon="13.999075197851793">
		<name>VG43-015</name>
		<cmt>Landstraße Liepgarten - Torgelow, gegenüber Abzweig Eggesin, 1 km westliche Richtung</cmt>
		<desc>Landstraße Liepgarten - Torgelow, gegenüber Abzweig Eggesin, 1 km westliche Richtung</desc>
		<src>Landesforst Mecklenburg-Vorpommern</src>
	</wpt>
	<wpt lat="53.717905725448659" lon="11.722738409492562">
		<name>LUP36-051</name>
		<cmt>Waldparkplatz Badeanstalt 19412 Brüel "Roter See"</cmt>
		<desc>Waldparkplatz Badeanstalt 19412 Brüel "Roter See"</desc>
		<src>Landesforst Mecklenburg-Vorpommern</src>
	</wpt>
	<wpt lat="53.737080581686669" lon="12.198660478476873">
		<name>LRO37-006</name>
		<cmt>Waldeingang 18276 Koitendorf</cmt>
		<desc>Waldeingang 18276 Koitendorf</desc>
		<src>Landesforst Mecklenburg-Vorpommern</src>
	</wpt>
	<wpt lat="53.730972528905021" lon="13.410138722553141">
		<name>MSE41-006</name>
		<cmt>17089 Siedenbollentin; Siedenbollentin Richtung Schwanbeck, Abt. 5505 / 5506</cmt>
		<desc>17089 Siedenbollentin; Siedenbollentin Richtung Schwanbeck, Abt. 5505 / 5506</desc>
		<src>Landesforst Mecklenburg-Vorpommern</src>
	</wpt>
	<wpt lat="53.764007847300157" lon="12.216190545375753">
		<name>LRO37-052</name>
		<cmt>18276 Mühl Rosin am Abzweig nach 18276 Kirch Rosin</cmt>
		<desc>18276 Mühl Rosin am Abzweig nach 18276 Kirch Rosin</desc>
		<src>Landesforst Mecklenburg-Vorpommern</src>
	</wpt>
	<wpt lat="54.44414855338222" lon="13.422744612982475">
		<name>VR06-012</name>
		<cmt>18528;Bergen-Stadthof;Am Reiterhof</cmt>
		<desc>18528;Bergen-Stadthof;Am Reiterhof</desc>
		<src>Landesforst Mecklenburg-Vorpommern</src>
	</wpt>
	<wpt lat="53.76230095610606" lon="11.192092436373988">
		<name>NWM34-040</name>
		<cmt>Ortsverbindung 19205 Webelsfelde Richtung Hindenberg, Waldeingang</cmt>
		<desc>Ortsverbindung 19205 Webelsfelde Richtung Hindenberg, Waldeingang</desc>
		<src>Landesforst Mecklenburg-Vorpommern</src>
	</wpt>
	<wpt lat="54.462989581107102" lon="12.515262177474765">
		<name>VR03-001</name>
		<cmt>18375;Prerow;k-Gestell Kreuzung Leuchtturmweg</cmt>
		<desc>18375;Prerow;k-Gestell Kreuzung Leuchtturmweg</desc>
		<src>Landesforst Mecklenburg-Vorpommern</src>
	</wpt>
	<wpt lat="54.464356917055866" lon="13.454072379601234">
		<name>VR06-011</name>
		<cmt>18528;Ralswiek;Parkplatz Abfahrt Ralswiek</cmt>
		<desc>18528;Ralswiek;Parkplatz Abfahrt Ralswiek</desc>
		<src>Landesforst Mecklenburg-Vorpommern</src>
	</wpt>
	<wpt lat="53.48394" lon="11.06585">
		<name>LUP46-060</name>
		<cmt>Straße zwischen Perdöhl und Wittenburg</cmt>
		<desc>Straße zwischen Perdöhl und Wittenburg</desc>
		<src>Landesforst Mecklenburg-Vorpommern</src>
	</wpt>
	<wpt lat="53.46546" lon="11.10109">
		<name>LUP46-061</name>
		<cmt>Ortsmitte Helm</cmt>
		<desc>Ortsmitte Helm</desc>
		<src>Landesforst Mecklenburg-Vorpommern</src>
	</wpt>
	<wpt lat="53.43751" lon="11.09791">
		<name>LUP46-062</name>
		<cmt>Ortsmitte Grünhof</cmt>
		<desc>Ortsmitte Grünhof</desc>
		<src>Landesforst Mecklenburg-Vorpommern</src>
	</wpt>
	<wpt lat="53.132954302977318" lon="11.512766559368639">
		<name>LUP70-011</name>
		<cmt>19300 Bochin Ortsmitte</cmt>
		<desc>19300 Bochin Ortsmitte</desc>
		<src>Landesforst Mecklenburg-Vorpommern</src>
	</wpt>
	<wpt lat="53.142643080533823" lon="11.47445247206579">
		<name>LUP70-027</name>
		<cmt>K 51, 19300 Zuggelrade Ortsmitte</cmt>
		<desc>K 51, 19300 Zuggelrade Ortsmitte</desc>
		<src>Landesforst Mecklenburg-Vorpommern</src>
	</wpt>
	<wpt lat="53.147927601631658" lon="11.435228405438298">
		<name>LUP70-020</name>
		<cmt>L 07, 19294 Görnitz Ortsmitte</cmt>
		<desc>L 07, 19294 Görnitz Ortsmitte</desc>
		<src>Landesforst Mecklenburg-Vorpommern</src>
	</wpt>
	<wpt lat="53.149481991981872" lon="11.364155835264361">
		<name>LUP70-009</name>
		<cmt>K 43,Landwirtschaftl. Straße von 19294 Kaliß nach Verklas /Verklaser Hof</cmt>
		<desc>K 43,Landwirtschaftl. Straße von 19294 Kaliß nach Verklas /Verklaser Hof</desc>
		<src>Landesforst Mecklenburg-Vorpommern</src>
	</wpt>
	<wpt lat="53.151307356696414" lon="11.465110241036641">
		<name>LUP70-024</name>
		<cmt>K 51 Krinitz/Bochin / Göbengraben</cmt>
		<desc>K 51 Krinitz/Bochin / Göbengraben</desc>
		<src>Landesforst Mecklenburg-Vorpommern</src>
	</wpt>
	<wpt lat="53.152269251003609" lon="11.506147452291446">
		<name>LUP70-026</name>
		<cmt>Strasse Steesow - Krinitz Abzweig Zuggelrade</cmt>
		<desc>Strasse Steesow - Krinitz Abzweig Zuggelrade</desc>
		<src>Landesforst Mecklenburg-Vorpommern</src>
	</wpt>
	<wpt lat="53.159148049155093" lon="11.543274066773821">
		<name>LUP70-029</name>
		<cmt>L 08, 19300 Steesow, Orstmitte</cmt>
		<desc>L 08, 19300 Steesow, Orstmitte</desc>
		<src>Landesforst Mecklenburg-Vorpommern</src>
	</wpt>
	<wpt lat="53.159055430427436" lon="11.484720963922262">
		<name>LUP70-025</name>
		<cmt>Strasse Zuggelrade- Krinitz N 1115</cmt>
		<desc>Strasse Zuggelrade- Krinitz N 1115</desc>
		<src>Landesforst Mecklenburg-Vorpommern</src>
	</wpt>
	<wpt lat="53.159123339091245" lon="11.198791859480142">
		<name>LUP69-004</name>
		<cmt>B 195 von 19303 Dömitz in Richtung Neuhaus,  Abfahrt 19303 Rüterberg, Handy O 2</cmt>
		<desc>B 195 von 19303 Dömitz in Richtung Neuhaus,  Abfahrt 19303 Rüterberg, Handy O 2</desc>
		<src>Landesforst Mecklenburg-Vorpommern</src>
	</wpt>
	<wpt lat="53.161991858763407" lon="11.426023836671551">
		<name>LUP70-008</name>
		<cmt>Ortsverbindungsweg von 19294 Grittel Ortsausgang  nach 19294 Kaliß;(Kalißer Weg)</cmt>
		<desc>Ortsverbindungsweg von 19294 Grittel Ortsausgang  nach 19294 Kaliß;(Kalißer Weg)</desc>
		<src>Landesforst Mecklenburg-Vorpommern</src>
	</wpt>
	<wpt lat="53.166621453576184" lon="11.449399623541513">
		<name>LUP70-006</name>
		<cmt>19294 Krinitz Ortsmitte</cmt>
		<desc>19294 Krinitz Ortsmitte</desc>
		<src>Landesforst Mecklenburg-Vorpommern</src>
	</wpt>
	<wpt lat="53.166736441131405" lon="11.344424552641964">
		<name>LUP70-005</name>
		<cmt>K 45,1700m, Weg von 19294 Kaliß zum Schießstand zur Kalißer Heide</cmt>
		<desc>K 45,1700m, Weg von 19294 Kaliß zum Schießstand zur Kalißer Heide</desc>
		<src>Landesforst Mecklenburg-Vorpommern</src>
	</wpt>
	<wpt lat="53.167218824617827" lon="11.399236093971645">
		<name>LUP70-030</name>
		<cmt>K 48 Kurve -Landweg von 19294 Liepe nach 19294 Grittel,1200 m an der Wald /Feldgrenze, Grünland mit FLT und Rondell/Wanderhütte</cmt>
		<desc>K 48 Kurve -Landweg von 19294 Liepe nach 19294 Grittel,1200 m an der Wald /Feldgrenze, Grünland mit FLT und Rondell/Wanderhütte</desc>
		<src>Landesforst Mecklenburg-Vorpommern</src>
	</wpt>
	<wpt lat="53.172599213784842" lon="11.496713436884253">
		<name>LUP70-023</name>
		<cmt>Strasse Krinitz/Deibow Abt. N 1109/10/17</cmt>
		<desc>Strasse Krinitz/Deibow Abt. N 1109/10/17</desc>
		<src>Landesforst Mecklenburg-Vorpommern</src>
	</wpt>
	<wpt lat="53.175499157188568" lon="11.523649101377551">
		<name>LUP70-021</name>
		<cmt>19300 Deibow Ortsausgang Rtg. 19294 Krinitz/Gorlosen</cmt>
		<desc>19300 Deibow Ortsausgang Rtg. 19294 Krinitz/Gorlosen</desc>
		<src>Landesforst Mecklenburg-Vorpommern</src>
	</wpt>
	<wpt lat="53.177799369720681" lon="11.315353656293743">
		<name>LUP69-010</name>
		<cmt>K44, 975 m, Wanderweg von 19294 Neu Kaliß zum Reuterstein</cmt>
		<desc>K44, 975 m, Wanderweg von 19294 Neu Kaliß zum Reuterstein</desc>
		<src>Landesforst Mecklenburg-Vorpommern</src>
	</wpt>
	<wpt lat="53.177446211366302" lon="11.220168934715128">
		<name>LUP69-011</name>
		<cmt>L 06, 500 m,19303 Heidhof in Richtung 19303 Woosmer Waldaußenkante/ Waldeinfahrt linke Seite</cmt>
		<desc>L 06, 500 m,19303 Heidhof in Richtung 19303 Woosmer Waldaußenkante/ Waldeinfahrt linke Seite</desc>
		<src>Landesforst Mecklenburg-Vorpommern</src>
	</wpt>
	<wpt lat="53.178343405968405" lon="11.341077647507147">
		<name>LUP70-003</name>
		<cmt>K 45,19294 Kaliß in Richtung 19294 Neu Göhren, Waldeinfahrt gegenüber Fritz-Reuter-Denkmal</cmt>
		<desc>K 45,19294 Kaliß in Richtung 19294 Neu Göhren, Waldeinfahrt gegenüber Fritz-Reuter-Denkmal</desc>
		<src>Landesforst Mecklenburg-Vorpommern</src>
	</wpt>
	<wpt lat="53.184075108641679" lon="11.360643174384181">
		<name>LUP70-002</name>
		<cmt>K 45, Ortseingang 19294 Neu Göhren aus Richtung 19294 Kaliß,  Buswendeschleife</cmt>
		<desc>K 45, Ortseingang 19294 Neu Göhren aus Richtung 19294 Kaliß,  Buswendeschleife</desc>
		<src>Landesforst Mecklenburg-Vorpommern</src>
	</wpt>
	<wpt lat="53.185600311484514" lon="11.460710802297449">
		<name>LUP70-001</name>
		<cmt/>
		<desc/>
		<src>Landesforst Mecklenburg-Vorpommern</src>
	</wpt>
	<wpt lat="53.188855627683189" lon="11.443011767826766">
		<name>LUP70-028</name>
		<cmt>L 07, 19294 Strassen Ortsmitte</cmt>
		<desc>L 07, 19294 Strassen Ortsmitte</desc>
		<src>Landesforst Mecklenburg-Vorpommern</src>
	</wpt>
	<wpt lat="53.186897636877468" lon="12.990014870269713">
		<name>MSE71-001</name>
		<cmt>200m in nördl. Richtung, Ablage vor der Revierförsterei</cmt>
		<desc>200m in nördl. Richtung, Ablage vor der Revierförsterei</desc>
		<src>Landesforst Mecklenburg-Vorpommern</src>
	</wpt>
	<wpt lat="53.192548148307822" lon="11.488930978512508">
		<name>LUP70-022</name>
		<cmt>K 50 Waldeingang 3021/27</cmt>
		<desc>K 50 Waldeingang 3021/27</desc>
		<src>Landesforst Mecklenburg-Vorpommern</src>
	</wpt>
	<wpt lat="53.20016553929058" lon="11.516631315308588">
		<name>LUP60-055</name>
		<cmt>19300 Kastorf Ortsmitte, Abzwg. Milow</cmt>
		<desc>19300 Kastorf Ortsmitte, Abzwg. Milow</desc>
		<src>Landesforst Mecklenburg-Vorpommern</src>
	</wpt>
	<wpt lat="53.198708012208158" lon="12.898343053835715">
		<name>MSE64-039</name>
		<cmt>B122, Ortseingang Canow</cmt>
		<desc>B122, Ortseingang Canow</desc>
		<src>Landesforst Mecklenburg-Vorpommern</src>
	</wpt>
	<wpt lat="53.201780455747411" lon="11.471682322122664">
		<name>LUP60-068</name>
		<cmt>Gorlosen-Dadower Weg Waldeingang 3001/08</cmt>
		<desc>Gorlosen-Dadower Weg Waldeingang 3001/08</desc>
		<src>Landesforst Mecklenburg-Vorpommern</src>
	</wpt>
	<wpt lat="53.201234586563388" lon="12.79586019688783">
		<name>MSE64-038</name>
		<cmt>Pflasterdamm, A-Wege</cmt>
		<desc>Pflasterdamm, A-Wege</desc>
		<src>Landesforst Mecklenburg-Vorpommern</src>
	</wpt>
	<wpt lat="53.202050035756606" lon="12.760460130192005">
		<name>MSE64-037</name>
		<cmt>alte Zempower Landstr, ca. 1,2km östl. von Zempow</cmt>
		<desc>alte Zempower Landstr, ca. 1,2km östl. von Zempow</desc>
		<src>Landesforst Mecklenburg-Vorpommern</src>
	</wpt>
	<wpt lat="53.205985925691131" lon="11.52563149485321">
		<name>LUP60-074</name>
		<cmt>19300 Semmerin Richtund 19294 Dadow (Waldeingang)</cmt>
		<desc>19300 Semmerin Richtund 19294 Dadow (Waldeingang)</desc>
		<src>Landesforst Mecklenburg-Vorpommern</src>
	</wpt>
	<wpt lat="53.206202247203265" lon="11.448704158866104">
		<name>LUP60-067</name>
		<cmt>19294 Boek Richtung 19294 Dadow Kurve 2043/46</cmt>
		<desc>19294 Boek Richtung 19294 Dadow Kurve 2043/46</desc>
		<src>Landesforst Mecklenburg-Vorpommern</src>
	</wpt>
	<wpt lat="53.205121454736847" lon="13.001267196840036">
		<name>MSE65-057</name>
		<cmt/>
		<desc/>
		<src>Landesforst Mecklenburg-Vorpommern</src>
	</wpt>
	<wpt lat="53.209543202379812" lon="11.419887919212341">
		<name>LUP60-071</name>
		<cmt>L 07, 19294 Stuck Abzwg, Waldstrasse</cmt>
		<desc>L 07, 19294 Stuck Abzwg, Waldstrasse</desc>
		<src>Landesforst Mecklenburg-Vorpommern</src>
	</wpt>
	<wpt lat="53.210433565608987" lon="11.548798355572977">
		<name>LUP60-054</name>
		<cmt>L 08, Lenzen-Grabow - Hinter Abzwg. 19300 Semmerin Waldeingang; Abt. 5146</cmt>
		<desc>L 08, Lenzen-Grabow - Hinter Abzwg. 19300 Semmerin Waldeingang; Abt. 5146</desc>
		<src>Landesforst Mecklenburg-Vorpommern</src>
	</wpt>
	<wpt lat="53.207289410966254" lon="13.030942432551676">
		<name>MSE65-056</name>
		<cmt>Alte Försterei Strasen</cmt>
		<desc>Alte Försterei Strasen</desc>
		<src>Landesforst Mecklenburg-Vorpommern</src>
	</wpt>
	<wpt lat="53.209655898004449" lon="12.858986400175977">
		<name>MSE64-036</name>
		<cmt/>
		<desc/>
		<src>Landesforst Mecklenburg-Vorpommern</src>
	</wpt>
	<wpt lat="53.211628037444228" lon="12.938676272035549">
		<name>MSE64-035</name>
		<cmt>Kreuzung Radweg Trünnsee</cmt>
		<desc>Kreuzung Radweg Trünnsee</desc>
		<src>Landesforst Mecklenburg-Vorpommern</src>
	</wpt>
	<wpt lat="53.216434200015208" lon="12.946316996754119">
		<name>MSE64-034</name>
		<cmt>B122 zwischen 17255 Wustrow und neu Vanow am Waldparkplatz</cmt>
		<desc>B122 zwischen 17255 Wustrow und neu Vanow am Waldparkplatz</desc>
		<src>Landesforst Mecklenburg-Vorpommern</src>
	</wpt>
	<wpt lat="53.221646920956921" lon="11.495002327149326">
		<name>LUP60-053</name>
		<cmt>19294 Dadow (Ortsmitte)“</cmt>
		<desc>19294 Dadow (Ortsmitte)“</desc>
		<src>Landesforst Mecklenburg-Vorpommern</src>
	</wpt>
	<wpt lat="53.221378916523882" lon="12.933214000058525">
		<name>MSE64-055</name>
		<cmt>17255 Wustrow; OT Neu Canow; Bungalowsiedlung</cmt>
		<desc>17255 Wustrow; OT Neu Canow; Bungalowsiedlung</desc>
		<src>Landesforst Mecklenburg-Vorpommern</src>
	</wpt>
	<wpt lat="53.225137055864217" lon="12.860418537691418">
		<name>MSE64-050</name>
		<cmt>K5 350m nördl. von Fleether Mühle, Abzweig eines A-Weges</cmt>
		<desc>K5 350m nördl. von Fleether Mühle, Abzweig eines A-Weges</desc>
		<src>Landesforst Mecklenburg-Vorpommern</src>
	</wpt>
	<wpt lat="53.232027148801876" lon="11.436727056550904">
		<name>LUP60-052</name>
		<cmt>19294 Eldena OT Altona, Eingang Sievertannen; Abt. 4104</cmt>
		<desc>19294 Eldena OT Altona, Eingang Sievertannen; Abt. 4104</desc>
		<src>Landesforst Mecklenburg-Vorpommern</src>
	</wpt>
	<wpt lat="53.233885608393081" lon="11.554189441329575">
		<name>LUP60-051</name>
		<cmt>L 08, Lenzener Str. / Beckentin-Dadower Weg (Albrechtsdenkmal); Abt. 5107</cmt>
		<desc>L 08, Lenzener Str. / Beckentin-Dadower Weg (Albrechtsdenkmal); Abt. 5107</desc>
		<src>Landesforst Mecklenburg-Vorpommern</src>
	</wpt>
	<wpt lat="53.232695662626611" lon="11.281765545315221">
		<name>LUP59-040</name>
		<cmt>Kreuzung K41 / K 43 Abfahrt 19294 Probstwoos</cmt>
		<desc>Kreuzung K41 / K 43 Abfahrt 19294 Probstwoos</desc>
		<src>Landesforst Mecklenburg-Vorpommern</src>
	</wpt>
	<wpt lat="53.233550146152965" lon="12.931475911027485">
		<name>MSE64-033</name>
		<cmt/>
		<desc/>
		<src>Landesforst Mecklenburg-Vorpommern</src>
	</wpt>
	<wpt lat="53.236582701947157" lon="11.574505641894088">
		<name>LUP60-050</name>
		<cmt>Waldeingang 19300 Beckentin (Beckentin-Dadower Weg, EICHE); Abt. 5131</cmt>
		<desc>Waldeingang 19300 Beckentin (Beckentin-Dadower Weg, EICHE); Abt. 5131</desc>
		<src>Landesforst Mecklenburg-Vorpommern</src>
	</wpt>
	<wpt lat="53.237109649526744" lon="12.809057973288519">
		<name>MSE64-032</name>
		<cmt>17252 Mirow; Strße Holm 8-9; an der Charlottenhütte</cmt>
		<desc>17252 Mirow; Strße Holm 8-9; an der Charlottenhütte</desc>
		<src>Landesforst Mecklenburg-Vorpommern</src>
	</wpt>
	<wpt lat="53.240641596780911" lon="11.470598116386018">
		<name>LUP60-072</name>
		<cmt>19300 Krohn, aus 19294 Dadow oder 19300 Wanzlitz kommend Kreuzung Waldeingang; Abt N 4070</cmt>
		<desc>19300 Krohn, aus 19294 Dadow oder 19300 Wanzlitz kommend Kreuzung Waldeingang; Abt N 4070</desc>
		<src>Landesforst Mecklenburg-Vorpommern</src>
	</wpt>
	<wpt lat="53.240085644484346" lon="11.217960186223198">
		<name>LUP59-041</name>
		<cmt>L 04/ von 19303 Laupin;in Richtung 19303 Tewswoos, Einfahrt zum Töpferhof</cmt>
		<desc>L 04/ von 19303 Laupin;in Richtung 19303 Tewswoos, Einfahrt zum Töpferhof</desc>
		<src>Landesforst Mecklenburg-Vorpommern</src>
	</wpt>
	<wpt lat="53.238281282590869" lon="13.08512966542456">
		<name>MSE65-054</name>
		<cmt/>
		<desc/>
		<src>Landesforst Mecklenburg-Vorpommern</src>
	</wpt>
	<wpt lat="53.240401670460145" lon="11.164549325169638">
		<name>LUP59-030</name>
		<cmt>"19303 Ortseingang Alt Jabel
Grünflächen neben der Straße"</cmt>
		<desc>"19303 Ortseingang Alt Jabel
Grünflächen neben der Straße"</desc>
		<src>Landesforst Mecklenburg-Vorpommern</src>
	</wpt>
	<wpt lat="53.241117929809853" lon="12.839829014626499">
		<name>MSE64-031</name>
		<cmt>direkt an der K5</cmt>
		<desc>direkt an der K5</desc>
		<src>Landesforst Mecklenburg-Vorpommern</src>
	</wpt>
	<wpt lat="53.243238170084027" lon="13.023051056901753">
		<name>MSE65-053</name>
		<cmt/>
		<desc/>
		<src>Landesforst Mecklenburg-Vorpommern</src>
	</wpt>
	<wpt lat="53.247312039073286" lon="11.530006778312325">
		<name>LUP60-073</name>
		<cmt>K 49 / Kreuzung Abzweig  19300 Wanzlitz</cmt>
		<desc>K 49 / Kreuzung Abzweig  19300 Wanzlitz</desc>
		<src>Landesforst Mecklenburg-Vorpommern</src>
	</wpt>
	<wpt lat="53.245266326568803" lon="13.103283330834275">
		<name>MSE65-052</name>
		<cmt/>
		<desc/>
		<src>Landesforst Mecklenburg-Vorpommern</src>
	</wpt>
	<wpt lat="53.243279983662596" lon="13.39181216631799">
		<name>MSE66-034</name>
		<cmt>von 17279 Lychen L 15 Richtung 17268 Boitzenburg bis OT 17279 OT Götzkenhof Weg links in den Wald bis 17279 OT Kolbatzer Mühle (bis hier alles Brdbg.) ca 50 m nach Norden zur 6507 x2</cmt>
		<desc>von 17279 Lychen L 15 Richtung 17268 Boitzenburg bis OT 17279 OT Götzkenhof Weg links in den Wald bis 17279 OT Kolbatzer Mühle (bis hier alles Brdbg.) ca 50 m nach Norden zur 6507 x2</desc>
		<src>Landesforst Mecklenburg-Vorpommern</src>
	</wpt>
	<wpt lat="53.247869494257245" lon="12.949342516450079">
		<name>MSE64-054</name>
		<cmt>17255 Wustrow östl. vom peetschsee bei Neu Drosedow</cmt>
		<desc>17255 Wustrow östl. vom peetschsee bei Neu Drosedow</desc>
		<src>Landesforst Mecklenburg-Vorpommern</src>
	</wpt>
	<wpt lat="53.245729065969009" lon="13.210830258982536">
		<name>MSE65-050</name>
		<cmt>K 13 (MST)östlich von OT 17237 Dabelow bis Kreuzung/Buswendeschleife und Abzwg. OT 17237 Carolinenhof</cmt>
		<desc>K 13 (MST)östlich von OT 17237 Dabelow bis Kreuzung/Buswendeschleife und Abzwg. OT 17237 Carolinenhof</desc>
		<src>Landesforst Mecklenburg-Vorpommern</src>
	</wpt>
	<wpt lat="53.249162085683039" lon="13.142037426255202">
		<name>MSE65-069</name>
		<cmt>von OT 17237 Godendorf westlich auf K13 (MST) in Richtung B96 ca. 250 m dann links ca. 250 m bis Wald, weiter ca. 800 m bis Löschwasserentnahmestelle</cmt>
		<desc>von OT 17237 Godendorf westlich auf K13 (MST) in Richtung B96 ca. 250 m dann links ca. 250 m bis Wald, weiter ca. 800 m bis Löschwasserentnahmestelle</desc>
		<src>Landesforst Mecklenburg-Vorpommern</src>
	</wpt>
	<wpt lat="53.256263054979534" lon="12.599213578058379">
		<name>MSE63-013</name>
		<cmt>K 17, 1,0 km von 17209 Kieve nach 16909 Sewekow, rechts in den Wald, Waldweg folgen bis zur Schranke</cmt>
		<desc>K 17, 1,0 km von 17209 Kieve nach 16909 Sewekow, rechts in den Wald, Waldweg folgen bis zur Schranke</desc>
		<src>Landesforst Mecklenburg-Vorpommern</src>
	</wpt>
	<wpt lat="53.255908732312299" lon="12.932128961802066">
		<name>MSE64-030</name>
		<cmt>Kreuzung Fürstenberger Str.</cmt>
		<desc>Kreuzung Fürstenberger Str.</desc>
		<src>Landesforst Mecklenburg-Vorpommern</src>
	</wpt>
	<wpt lat="53.257274511323843" lon="11.114832290987129">
		<name>LUP59-043</name>
		<cmt>L 06,19294 Vielank in Richtung 19249 Lübtheen, 390 m vor Ortseingang 19249 Volzrade, rechte Seite</cmt>
		<desc>L 06,19294 Vielank in Richtung 19249 Lübtheen, 390 m vor Ortseingang 19249 Volzrade, rechte Seite</desc>
		<src>Landesforst Mecklenburg-Vorpommern</src>
	</wpt>
	<wpt lat="53.261162536" lon="12.500578133296067">
		<name>MSE63-011</name>
		<cmt>L 24, 1,5 km von 17209 Neukrug nach 16909 Wittstock, (150 m hinter alter Försterei)</cmt>
		<desc>L 24, 1,5 km von 17209 Neukrug nach 16909 Wittstock, (150 m hinter alter Försterei)</desc>
		<src>Landesforst Mecklenburg-Vorpommern</src>
	</wpt>
	<wpt lat="53.261288374007762" lon="12.582753454391884">
		<name>MSE63-012</name>
		<cmt>K 17 aus Richtung 17209 Hinrichshof kommend, am Ortseingang von 17209 Kieve rechts abbiegen, nach Süden Straße folgen bis Waldeingang</cmt>
		<desc>K 17 aus Richtung 17209 Hinrichshof kommend, am Ortseingang von 17209 Kieve rechts abbiegen, nach Süden Straße folgen bis Waldeingang</desc>
		<src>Landesforst Mecklenburg-Vorpommern</src>
	</wpt>
	<wpt lat="53.262125004207846" lon="11.476605643790009">
		<name>LUP60-047</name>
		<cmt>19294 Güritz Schulstraße, (Abt. 1122)</cmt>
		<desc>19294 Güritz Schulstraße, (Abt. 1122)</desc>
		<src>Landesforst Mecklenburg-Vorpommern</src>
	</wpt>
	<wpt lat="53.258422829088993" lon="13.191009133615212">
		<name>MSE65-070</name>
		<cmt>von 17237 OT Comthurey K 14 (MST) in Richtung OT 17237 Dabelow ca. 1,6 km links in Abt.4526 (hinter ehemaliger Samenplantage) ca. 450 m in Wald ; bei Förstergrab</cmt>
		<desc>von 17237 OT Comthurey K 14 (MST) in Richtung OT 17237 Dabelow ca. 1,6 km links in Abt.4526 (hinter ehemaliger Samenplantage) ca. 450 m in Wald ; bei Förstergrab</desc>
		<src>Landesforst Mecklenburg-Vorpommern</src>
	</wpt>
	<wpt lat="53.263689034276588" lon="11.541194380786758">
		<name>LUP60-069</name>
		<cmt>19300 Fresenbrügge Fresenbrügger Dorfstrasse (Kreuzung Ortsmitte)</cmt>
		<desc>19300 Fresenbrügge Fresenbrügger Dorfstrasse (Kreuzung Ortsmitte)</desc>
		<src>Landesforst Mecklenburg-Vorpommern</src>
	</wpt>
	<wpt lat="53.258343288513139" lon="13.23544619327382">
		<name>MSE65-064</name>
		<cmt>von 17237 OT Neubrück ca.600 m alte Lychener Landstraße südöstlich, bis Wegekreuzung, dann 1,7 km nach Süden in Richtung Löschwasserentnahmestelle Brückentinseebis LKW Wendeschleife</cmt>
		<desc>von 17237 OT Neubrück ca.600 m alte Lychener Landstraße südöstlich, bis Wegekreuzung, dann 1,7 km nach Süden in Richtung Löschwasserentnahmestelle Brückentinseebis LKW Wendeschleife</desc>
		<src>Landesforst Mecklenburg-Vorpommern</src>
	</wpt>
	<wpt lat="53.264725275625572" lon="11.563247214618732">
		<name>LUP60-049</name>
		<cmt>L 08, 19300 Grabow Abzweig Fresenbrügge; (Abt. S 4231)</cmt>
		<desc>L 08, 19300 Grabow Abzweig Fresenbrügge; (Abt. S 4231)</desc>
		<src>Landesforst Mecklenburg-Vorpommern</src>
	</wpt>
	<wpt lat="53.2659071931919" lon="11.507712811425183">
		<name>LUP60-065</name>
		<cmt>19300 Neu Fresenbrügge, Kurve zum Klärwerk</cmt>
		<desc>19300 Neu Fresenbrügge, Kurve zum Klärwerk</desc>
		<src>Landesforst Mecklenburg-Vorpommern</src>
	</wpt>
	<wpt lat="53.261923865054904" lon="13.116784713761698">
		<name>MSE65-048</name>
		<cmt>B96, gegenüber Abzweig Godendorf</cmt>
		<desc>B96, gegenüber Abzweig Godendorf</desc>
		<src>Landesforst Mecklenburg-Vorpommern</src>
	</wpt>
	<wpt lat="53.269754544158062" lon="12.715204224645509">
		<name>MSE64-053</name>
		<cmt>Ortslage Krümmel, westl. der Kirche, öffentl. Straße</cmt>
		<desc>Ortslage Krümmel, westl. der Kirche, öffentl. Straße</desc>
		<src>Landesforst Mecklenburg-Vorpommern</src>
	</wpt>
	<wpt lat="53.266083361123236" lon="13.252366262043706">
		<name>MSE65-063</name>
		<cmt>von 17237 OT Neubrück alte Lychener Landstraße südöstlich in Richtung Waldrast/17279 Rutenberg bis sog.Ablage ca. 2,5km</cmt>
		<desc>von 17237 OT Neubrück alte Lychener Landstraße südöstlich in Richtung Waldrast/17279 Rutenberg bis sog.Ablage ca. 2,5km</desc>
		<src>Landesforst Mecklenburg-Vorpommern</src>
	</wpt>
	<wpt lat="53.270746810950115" lon="12.768694640598403">
		<name>MSE64-028</name>
		<cmt>Kreuzung K3 mit Ortsverbindung Starsow-Lärz</cmt>
		<desc>Kreuzung K3 mit Ortsverbindung Starsow-Lärz</desc>
		<src>Landesforst Mecklenburg-Vorpommern</src>
	</wpt>
	<wpt lat="53.27226989658012" lon="11.458537649055229">
		<name>LUP60-046</name>
		<cmt>B 191, Abzweig Hornwald (gegenüber Forsthaus 19294 Güritz); Abt. N 1129</cmt>
		<desc>B 191, Abzweig Hornwald (gegenüber Forsthaus 19294 Güritz); Abt. N 1129</desc>
		<src>Landesforst Mecklenburg-Vorpommern</src>
	</wpt>
	<wpt lat="53.270327416872647" lon="12.885775575841407">
		<name>MSE64-051</name>
		<cmt>B198, Miow-Wesenber, gegenüber Abzweig Leussow, Förstereiche</cmt>
		<desc>B198, Miow-Wesenber, gegenüber Abzweig Leussow, Förstereiche</desc>
		<src>Landesforst Mecklenburg-Vorpommern</src>
	</wpt>
	<wpt lat="53.269800346201642" lon="12.962512298925727">
		<name>MSE64-029</name>
		<cmt/>
		<desc/>
		<src>Landesforst Mecklenburg-Vorpommern</src>
	</wpt>
	<wpt lat="53.273630363788371" lon="11.622024857075393">
		<name>LUP60-070</name>
		<cmt>19300 Prislich Waldstrasse (Höhe FFW)</cmt>
		<desc>19300 Prislich Waldstrasse (Höhe FFW)</desc>
		<src>Landesforst Mecklenburg-Vorpommern</src>
	</wpt>
	<wpt lat="53.274746675291588" lon="12.513643426652393">
		<name>MSE63-010</name>
		<cmt>17209 Neukrug, Eichenweg an den Hühnerställen nach Osten folgen, Waldeingang</cmt>
		<desc>17209 Neukrug, Eichenweg an den Hühnerställen nach Osten folgen, Waldeingang</desc>
		<src>Landesforst Mecklenburg-Vorpommern</src>
	</wpt>
	<wpt lat="53.275925775854425" lon="11.862849505006118">
		<name>LUP61-028</name>
		<cmt>L84 von 19372 Drefahl 900 m Richtung Pampin, im Wald links</cmt>
		<desc>L84 von 19372 Drefahl 900 m Richtung Pampin, im Wald links</desc>
		<src>Landesforst Mecklenburg-Vorpommern</src>
	</wpt>
	<wpt lat="53.274810295468697" lon="12.54449131811538">
		<name>MSE63-009</name>
		<cmt>17209 Wredenhagen OT Mönchshof, Straße im Ort nach Süden folgen bis zum Waldeingang</cmt>
		<desc>17209 Wredenhagen OT Mönchshof, Straße im Ort nach Süden folgen bis zum Waldeingang</desc>
		<src>Landesforst Mecklenburg-Vorpommern</src>
	</wpt>
	<wpt lat="53.269624258332286" lon="13.392043963402983">
		<name>MSE66-033</name>
		<cmt>von 17258 OT Mechow Kirche in östl. Richtung 17258 OT Krüseliner Mühle ca. 750 m</cmt>
		<desc>von 17258 OT Mechow Kirche in östl. Richtung 17258 OT Krüseliner Mühle ca. 750 m</desc>
		<src>Landesforst Mecklenburg-Vorpommern</src>
	</wpt>
	<wpt lat="53.277205480361928" lon="11.517817428820265">
		<name>LUP60-064</name>
		<cmt>K 39, zw. 19300 Grabow und 19300 Neu Karstädt Waldeingang</cmt>
		<desc>K 39, zw. 19300 Grabow und 19300 Neu Karstädt Waldeingang</desc>
		<src>Landesforst Mecklenburg-Vorpommern</src>
	</wpt>
	<wpt lat="53.273062984878372" lon="13.153081683362533">
		<name>MSE65-043</name>
		<cmt>Godendorfer Stern</cmt>
		<desc>Godendorfer Stern</desc>
		<src>Landesforst Mecklenburg-Vorpommern</src>
	</wpt>
	<wpt lat="53.278335687744395" lon="11.577013136682572">
		<name>LUP60-042</name>
		<cmt>19300 Grabow Kreuzung Blievenstorfer Weg / Weg zur Hechtsforthschleuse (hinter der Brücke)</cmt>
		<desc>19300 Grabow Kreuzung Blievenstorfer Weg / Weg zur Hechtsforthschleuse (hinter der Brücke)</desc>
		<src>Landesforst Mecklenburg-Vorpommern</src>
	</wpt>
	<wpt lat="53.278290753398664" lon="11.534161150924104">
		<name>LUP60-045</name>
		<cmt>K 39, 19300 Grabow, Gewerbegiet "Kiebitzweg" (Einfahrt GRABOW-MIX)</cmt>
		<desc>K 39, 19300 Grabow, Gewerbegiet "Kiebitzweg" (Einfahrt GRABOW-MIX)</desc>
		<src>Landesforst Mecklenburg-Vorpommern</src>
	</wpt>
	<wpt lat="53.277170459009518" lon="13.104762102987548">
		<name>MSE65-040</name>
		<cmt>17235 Neustrelitz, OT Drewin, an der Försterei</cmt>
		<desc>17235 Neustrelitz, OT Drewin, an der Försterei</desc>
		<src>Landesforst Mecklenburg-Vorpommern</src>
	</wpt>
	<wpt lat="53.275799250584761" lon="13.272117022196889">
		<name>MSE65-041</name>
		<cmt>Weg nach Süden von 17258 OT Gnewitz in Richtung Waldrast,ca.2-2,5 km</cmt>
		<desc>Weg nach Süden von 17258 OT Gnewitz in Richtung Waldrast,ca.2-2,5 km</desc>
		<src>Landesforst Mecklenburg-Vorpommern</src>
	</wpt>
	<wpt lat="53.281057210455884" lon="12.644141133440762">
		<name>MSE63-007</name>
		<cmt>K 17 aus Richtung 17209 Hinrichshof kommend, am Ortseingang von 17209 Kieve rechts abbiegen, nach Süden Straße folgen bis Waldeingang</cmt>
		<desc>K 17 aus Richtung 17209 Hinrichshof kommend, am Ortseingang von 17209 Kieve rechts abbiegen, nach Süden Straße folgen bis Waldeingang</desc>
		<src>Landesforst Mecklenburg-Vorpommern</src>
	</wpt>
	<wpt lat="53.2764312437" lon="13.237589246763394">
		<name>MSE65-039</name>
		<cmt>von 17237 Neubrück östlich bis zur 6826 b1 (kl.Wegekreuzung) Weg führt weiter auf Hauptweg Neubrück nach 17258 OT Gnewitz</cmt>
		<desc>von 17237 Neubrück östlich bis zur 6826 b1 (kl.Wegekreuzung) Weg führt weiter auf Hauptweg Neubrück nach 17258 OT Gnewitz</desc>
		<src>Landesforst Mecklenburg-Vorpommern</src>
	</wpt>
	<wpt lat="53.281373919939178" lon="12.886090332689085">
		<name>MSE64-027</name>
		<cmt>17252 Mirow; Straße Zirkow Haus 1; gegenüber alter Bahnhof</cmt>
		<desc>17252 Mirow; Straße Zirkow Haus 1; gegenüber alter Bahnhof</desc>
		<src>Landesforst Mecklenburg-Vorpommern</src>
	</wpt>
	<wpt lat="53.285420822781816" lon="11.403781390365216">
		<name>LUP60-041</name>
		<cmt>K33, 1900 m von 19288 Glaisin Stallanlage  in Richtung19288  Hornkaten,Einfahrt Hornwald; 19288 Hornkaten Abzwg. Hornwald (Karstädt)/Krullengraben</cmt>
		<desc>K33, 1900 m von 19288 Glaisin Stallanlage  in Richtung19288  Hornkaten,Einfahrt Hornwald; 19288 Hornkaten Abzwg. Hornwald (Karstädt)/Krullengraben</desc>
		<src>Landesforst Mecklenburg-Vorpommern</src>
	</wpt>
	<wpt lat="53.280689079663638" lon="13.269146042362653">
		<name>MSE65-065</name>
		<cmt>Weg von 17237 Wokuhl in Richtung 17258 OT Gnewitz ca. 900 m vor Gnewitz rechts sog.Ameisenschneise, ca. 650 m bis Wegekreuzung</cmt>
		<desc>Weg von 17237 Wokuhl in Richtung 17258 OT Gnewitz ca. 900 m vor Gnewitz rechts sog.Ameisenschneise, ca. 650 m bis Wegekreuzung</desc>
		<src>Landesforst Mecklenburg-Vorpommern</src>
	</wpt>
	<wpt lat="53.279854661933264" lon="13.370749865889289">
		<name>MSE66-020</name>
		<cmt>von 17258 OT Mechow Kreisverkehr Betonspurbahn nördlich in Richtung 17258 OT Hochfeld/Triepkendorf (K31) ca. 1385 m; 1.Weggabel im Wald</cmt>
		<desc>von 17258 OT Mechow Kreisverkehr Betonspurbahn nördlich in Richtung 17258 OT Hochfeld/Triepkendorf (K31) ca. 1385 m; 1.Weggabel im Wald</desc>
		<src>Landesforst Mecklenburg-Vorpommern</src>
	</wpt>
	<wpt lat="53.285799911200343" lon="12.741412722668127">
		<name>MSE64-026</name>
		<cmt>K15, Ortsverbindung Krümmel - Lärz</cmt>
		<desc>K15, Ortsverbindung Krümmel - Lärz</desc>
		<src>Landesforst Mecklenburg-Vorpommern</src>
	</wpt>
	<wpt lat="53.28721525096401" lon="11.323268460619639">
		<name>LUP59-044</name>
		<cmt>Kreuzung K 33/ K 40 , Einfahrt Waldweg,</cmt>
		<desc>Kreuzung K 33/ K 40 , Einfahrt Waldweg,</desc>
		<src>Landesforst Mecklenburg-Vorpommern</src>
	</wpt>
	<wpt lat="53.282438165023407" lon="13.323319200154108">
		<name>MSE65-068</name>
		<cmt>von 17258 OT Triepkendorf in westl.Richtung 17258 OT Hasselförde nach ca. 100 m hinterm Ortsausgang in südl. Richtung 17279 Rutenberg Feld/Waldweg etwa 800 m rechts vor ehemaligem Gehöft Sandkrug</cmt>
		<desc>von 17258 OT Triepkendorf in westl.Richtung 17258 OT Hasselförde nach ca. 100 m hinterm Ortsausgang in südl. Richtung 17279 Rutenberg Feld/Waldweg etwa 800 m rechts vor ehemaligem Gehöft Sandkrug</desc>
		<src>Landesforst Mecklenburg-Vorpommern</src>
	</wpt>
	<wpt lat="53.289876095144436" lon="12.468806166514517">
		<name>MSE63-022</name>
		<cmt>400 m westl. von 17209 Wredenhagen OT Neuhof Richtung Autobahn zur Wildbrücke,</cmt>
		<desc>400 m westl. von 17209 Wredenhagen OT Neuhof Richtung Autobahn zur Wildbrücke,</desc>
		<src>Landesforst Mecklenburg-Vorpommern</src>
	</wpt>
	<wpt lat="53.286210606866533" lon="13.248651468533117">
		<name>MSE65-062</name>
		<cmt>Weg von 17237 Wokuhl nach 17258 FSL OT Gnewitz ca. 3, 5 km an Wegekreuzung mit Waldkrippe</cmt>
		<desc>Weg von 17237 Wokuhl nach 17258 FSL OT Gnewitz ca. 3, 5 km an Wegekreuzung mit Waldkrippe</desc>
		<src>Landesforst Mecklenburg-Vorpommern</src>
	</wpt>
	<wpt lat="53.28615882357353" lon="13.2789230681222">
		<name>MSE65-035</name>
		<cmt>im OT 17258 Gnewitz in Richtung 17237 Wokuhl,15 m links hinter  Wokuhler Weg Nr.7 unmittelbar am öffentl. Weg</cmt>
		<desc>im OT 17258 Gnewitz in Richtung 17237 Wokuhl,15 m links hinter  Wokuhler Weg Nr.7 unmittelbar am öffentl. Weg</desc>
		<src>Landesforst Mecklenburg-Vorpommern</src>
	</wpt>
	<wpt lat="53.288466841070338" lon="13.215933213308848">
		<name>MSE65-033</name>
		<cmt>östlich von 17237 Wokuhl-Richtung 17258 FSL OT Gnewitz ca.600-800 m</cmt>
		<desc>östlich von 17237 Wokuhl-Richtung 17258 FSL OT Gnewitz ca.600-800 m</desc>
		<src>Landesforst Mecklenburg-Vorpommern</src>
	</wpt>
	<wpt lat="53.290983043699661" lon="13.072278778254068">
		<name>MSE65-032</name>
		<cmt>Waldeingang südlich der Ortschaft 17237 Klein Trebbow , Bungalowsiedlung</cmt>
		<desc>Waldeingang südlich der Ortschaft 17237 Klein Trebbow , Bungalowsiedlung</desc>
		<src>Landesforst Mecklenburg-Vorpommern</src>
	</wpt>
	<wpt lat="53.292388041379937" lon="12.947276126434918">
		<name>MSE64-025</name>
		<cmt/>
		<desc/>
		<src>Landesforst Mecklenburg-Vorpommern</src>
	</wpt>
	<wpt lat="53.29540091918134" lon="12.518082649727701">
		<name>MSE63-021</name>
		<cmt>800 m von 17209 Wredenhagen, Straße "Am Forsthof", Richtung Waldeingang Demminholz</cmt>
		<desc>800 m von 17209 Wredenhagen, Straße "Am Forsthof", Richtung Waldeingang Demminholz</desc>
		<src>Landesforst Mecklenburg-Vorpommern</src>
	</wpt>
	<wpt lat="53.290692575511002" lon="13.180509549816989">
		<name>MSE65-031</name>
		<cmt>MSE 90 zwischen 17235 Fürstensee und 17237 Wokuhl</cmt>
		<desc>MSE 90 zwischen 17235 Fürstensee und 17237 Wokuhl</desc>
		<src>Landesforst Mecklenburg-Vorpommern</src>
	</wpt>
	<wpt lat="53.293291983817056" lon="11.083955697332645">
		<name>LUP59-020</name>
		<cmt>"19249 Ortslage Lübtheen
Waldanfang /Jessenitzer Landweg"</cmt>
		<desc>"19249 Ortslage Lübtheen
Waldanfang /Jessenitzer Landweg"</desc>
		<src>Landesforst Mecklenburg-Vorpommern</src>
	</wpt>
	<wpt lat="53.296937340934427" lon="11.647800011179742">
		<name>LUP60-036</name>
		<cmt>19300 Kolbow (Grund) - Ortsmitte</cmt>
		<desc>19300 Kolbow (Grund) - Ortsmitte</desc>
		<src>Landesforst Mecklenburg-Vorpommern</src>
	</wpt>
	<wpt lat="53.289605248872427" lon="13.382706142184912">
		<name>MSE66-032</name>
		<cmt>von 17258 OT Laeven in südl. Richtung Waldweg nach 17258 OT Mechow ca. 1, 7 km</cmt>
		<desc>von 17258 OT Laeven in südl. Richtung Waldweg nach 17258 OT Mechow ca. 1, 7 km</desc>
		<src>Landesforst Mecklenburg-Vorpommern</src>
	</wpt>
	<wpt lat="53.290290595760162" lon="13.399870644275373">
		<name>MSE66-019</name>
		<cmt>von 17258 OT Laeven Ortsausgang in Richtung 17258 OT  Mechow 30 m hinter OA Laeven links in den Wald bis Wüstung Krüseliner Dorfstelle</cmt>
		<desc>von 17258 OT Laeven Ortsausgang in Richtung 17258 OT  Mechow 30 m hinter OA Laeven links in den Wald bis Wüstung Krüseliner Dorfstelle</desc>
		<src>Landesforst Mecklenburg-Vorpommern</src>
	</wpt>
	<wpt lat="53.292221301490713" lon="13.264086652865059">
		<name>MSE65-030</name>
		<cmt>Strecke 17258 OT Gnewitz nach Norden Richtung 17258 OT Waldsee, Waldweg ca. 50 m links hinter Ortsausgang Gnewitz dann ca. 1 km nordwestlich</cmt>
		<desc>Strecke 17258 OT Gnewitz nach Norden Richtung 17258 OT Waldsee, Waldweg ca. 50 m links hinter Ortsausgang Gnewitz dann ca. 1 km nordwestlich</desc>
		<src>Landesforst Mecklenburg-Vorpommern</src>
	</wpt>
	<wpt lat="53.296449123409097" lon="12.782793358097093">
		<name>MSE64-024</name>
		<cmt>B198, Mirow - Retzow</cmt>
		<desc>B198, Mirow - Retzow</desc>
		<src>Landesforst Mecklenburg-Vorpommern</src>
	</wpt>
	<wpt lat="53.294927435863819" lon="13.045006278808534">
		<name>MSE65-029</name>
		<cmt>350 südlich der B198 zwischen 17237 Klein Trebbow und Below (Nähe Belower Terrofen)</cmt>
		<desc>350 südlich der B198 zwischen 17237 Klein Trebbow und Below (Nähe Belower Terrofen)</desc>
		<src>Landesforst Mecklenburg-Vorpommern</src>
	</wpt>
	<wpt lat="53.294849967206375" lon="13.085348954089289">
		<name>MSE65-027</name>
		<cmt>Eingang Zeltplatz Kluger See</cmt>
		<desc>Eingang Zeltplatz Kluger See</desc>
		<src>Landesforst Mecklenburg-Vorpommern</src>
	</wpt>
	<wpt lat="53.295312358915581" lon="13.107313669717525">
		<name>MSE65-028</name>
		<cmt>B96 zwischen 17235 Neustrelitz und Drewin</cmt>
		<desc>B96 zwischen 17235 Neustrelitz und Drewin</desc>
		<src>Landesforst Mecklenburg-Vorpommern</src>
	</wpt>
	<wpt lat="53.29759467744357" lon="12.934273919120598">
		<name>MSE64-023</name>
		<cmt>Ortsverbindung Wesenberg - Zwenzow</cmt>
		<desc>Ortsverbindung Wesenberg - Zwenzow</desc>
		<src>Landesforst Mecklenburg-Vorpommern</src>
	</wpt>
	<wpt lat="53.300887747050055" lon="11.56442045987958">
		<name>LUP60-039</name>
		<cmt>K 39, 19300 Grabow, Ziegelscheune (DJH); Abt. 7144</cmt>
		<desc>K 39, 19300 Grabow, Ziegelscheune (DJH); Abt. 7144</desc>
		<src>Landesforst Mecklenburg-Vorpommern</src>
	</wpt>
	<wpt lat="53.300430052279602" lon="12.815441780531112">
		<name>MSE64-052</name>
		<cmt>L25, Ortslage Granzow</cmt>
		<desc>L25, Ortslage Granzow</desc>
		<src>Landesforst Mecklenburg-Vorpommern</src>
	</wpt>
	<wpt lat="53.302808270574978" lon="11.597948284085879">
		<name>LUP60-035</name>
		<cmt>19300 Grabow, OT Hechtfortschleuse; Abt. 6142</cmt>
		<desc>19300 Grabow, OT Hechtfortschleuse; Abt. 6142</desc>
		<src>Landesforst Mecklenburg-Vorpommern</src>
	</wpt>
	<wpt lat="53.297381745008799" lon="13.232095948034276">
		<name>MSE65-061</name>
		<cmt>östlich 17237 Grammertin ca 2- 2,5 km</cmt>
		<desc>östlich 17237 Grammertin ca 2- 2,5 km</desc>
		<src>Landesforst Mecklenburg-Vorpommern</src>
	</wpt>
	<wpt lat="53.301479514090403" lon="12.737705415075389">
		<name>MSE64-022</name>
		<cmt>Flugplatzgelände Lärz</cmt>
		<desc>Flugplatzgelände Lärz</desc>
		<src>Landesforst Mecklenburg-Vorpommern</src>
	</wpt>
	<wpt lat="53.30391057727617" lon="11.913080518816471">
		<name>LUP61-024</name>
		<cmt>Ruhner Straße von 19376 Marnitz 900 m Richtung Muggerkuhl rechts im Wald</cmt>
		<desc>Ruhner Straße von 19376 Marnitz 900 m Richtung Muggerkuhl rechts im Wald</desc>
		<src>Landesforst Mecklenburg-Vorpommern</src>
	</wpt>
	<wpt lat="53.30347905905019" lon="11.534119917528276">
		<name>LUP60-038</name>
		<cmt>A 14 ASt. 19300 Grabow Brücke Rtg. Heide; Abt. 3020/21</cmt>
		<desc>A 14 ASt. 19300 Grabow Brücke Rtg. Heide; Abt. 3020/21</desc>
		<src>Landesforst Mecklenburg-Vorpommern</src>
	</wpt>
	<wpt lat="53.303874163744119" lon="11.437351296661269">
		<name>LUP60-033</name>
		<cmt>19288 Hornkaten Kurve Ortseingang aus Ludwigslust/Techentin kommend</cmt>
		<desc>19288 Hornkaten Kurve Ortseingang aus Ludwigslust/Techentin kommend</desc>
		<src>Landesforst Mecklenburg-Vorpommern</src>
	</wpt>
	<wpt lat="53.304734089920657" lon="12.411776303953443">
		<name>MSE63-006</name>
		<cmt>850 m von 17209 Massow nach 16909 Freyenstein, Sportplatz in Massow</cmt>
		<desc>850 m von 17209 Massow nach 16909 Freyenstein, Sportplatz in Massow</desc>
		<src>Landesforst Mecklenburg-Vorpommern</src>
	</wpt>
	<wpt lat="53.297931366692183" lon="13.36681854804549">
		<name>MSE66-030</name>
		<cmt>K 31 Ortsausgang 17258 OT Laeven westlich in Richting 17258 OT Triepkendorf ca.1,4 km rechts an Kreisstr.</cmt>
		<desc>K 31 Ortsausgang 17258 OT Laeven westlich in Richting 17258 OT Triepkendorf ca.1,4 km rechts an Kreisstr.</desc>
		<src>Landesforst Mecklenburg-Vorpommern</src>
	</wpt>
	<wpt lat="53.30500478250665" lon="12.460754543028346">
		<name>MSE63-005</name>
		<cmt>K 24, 1,6 km von 17209 Neukrug nach 17209 Massow, links, Waldeingang</cmt>
		<desc>K 24, 1,6 km von 17209 Neukrug nach 17209 Massow, links, Waldeingang</desc>
		<src>Landesforst Mecklenburg-Vorpommern</src>
	</wpt>
	<wpt lat="53.299396743383063" lon="13.427112886303384">
		<name>MSE66-035</name>
		<cmt>Kreuzungspunkt / Parkplatz K 32(MST) rechts 17258 OT Carwitz/17268 OT Thomsdorf</cmt>
		<desc>Kreuzungspunkt / Parkplatz K 32(MST) rechts 17258 OT Carwitz/17268 OT Thomsdorf</desc>
		<src>Landesforst Mecklenburg-Vorpommern</src>
	</wpt>
	<wpt lat="53.302785469457532" lon="13.14951468470913">
		<name>MSE65-025</name>
		<cmt>17235 Neustrelitz, OT Fürstensee ,Badestelle Fürstensee</cmt>
		<desc>17235 Neustrelitz, OT Fürstensee ,Badestelle Fürstensee</desc>
		<src>Landesforst Mecklenburg-Vorpommern</src>
	</wpt>
	<wpt lat="53.299273553035974" lon="13.49123454423607">
		<name>MSE66-018</name>
		<cmt>an L 342 von OA OT 17258 Conow in Richtung 17268 OT Hardenbeck 200 m vor Landesgrenze Brdbg. Rechts</cmt>
		<desc>an L 342 von OA OT 17258 Conow in Richtung 17268 OT Hardenbeck 200 m vor Landesgrenze Brdbg. Rechts</desc>
		<src>Landesforst Mecklenburg-Vorpommern</src>
	</wpt>
	<wpt lat="53.303870464873498" lon="13.116466570032776">
		<name>MSE65-024</name>
		<cmt>17235 Neustrelitz, Verbindungsweg Fürstensee - B96,große Stromtrasse Trebbower Landweg</cmt>
		<desc>17235 Neustrelitz, Verbindungsweg Fürstensee - B96,große Stromtrasse Trebbower Landweg</desc>
		<src>Landesforst Mecklenburg-Vorpommern</src>
	</wpt>
	<wpt lat="53.307886882347056" lon="11.009436014516673">
		<name>LUP59-017</name>
		<cmt>"K 19 von 19249 Garlitz nach 19249 Gudow 
Einfahrt Gudower Holz, 240 m am Waldrand"</cmt>
		<desc>"K 19 von 19249 Garlitz nach 19249 Gudow 
Einfahrt Gudower Holz, 240 m am Waldrand"</desc>
		<src>Landesforst Mecklenburg-Vorpommern</src>
	</wpt>
	<wpt lat="53.312818025841722" lon="11.569215614539397">
		<name>LUP60-031</name>
		<cmt>K 39, 19300 Grabow OT Heidehof (Autohaus); Abt. S 7143</cmt>
		<desc>K 39, 19300 Grabow OT Heidehof (Autohaus); Abt. S 7143</desc>
		<src>Landesforst Mecklenburg-Vorpommern</src>
	</wpt>
	<wpt lat="53.310637004931877" lon="12.739788333255506">
		<name>MSE64-020</name>
		<cmt/>
		<desc/>
		<src>Landesforst Mecklenburg-Vorpommern</src>
	</wpt>
	<wpt lat="53.307858459003604" lon="13.29501965568816">
		<name>MSE65-021</name>
		<cmt/>
		<desc/>
		<src>Landesforst Mecklenburg-Vorpommern</src>
	</wpt>
	<wpt lat="53.31525982385125" lon="11.377968558670096">
		<name>LUP60-030</name>
		<cmt>L07 zwischen Kummer und Göhlen</cmt>
		<desc>L07 zwischen Kummer und Göhlen</desc>
		<src>Landesforst Mecklenburg-Vorpommern</src>
	</wpt>
	<wpt lat="53.316743684624718" lon="11.658751756710137">
		<name>LUP60-060</name>
		<cmt>19300 Muchow, Wabeler Straße (Gastrasse); Abt. 1084/85/76</cmt>
		<desc>19300 Muchow, Wabeler Straße (Gastrasse); Abt. 1084/85/76</desc>
		<src>Landesforst Mecklenburg-Vorpommern</src>
	</wpt>
	<wpt lat="53.318035453341011" lon="12.448601988069496">
		<name>MSE63-004</name>
		<cmt>1,6 km von 17209 Massow OT Kornhorst nach Badestelle Massower See</cmt>
		<desc>1,6 km von 17209 Massow OT Kornhorst nach Badestelle Massower See</desc>
		<src>Landesforst Mecklenburg-Vorpommern</src>
	</wpt>
	<wpt lat="53.317612953859431" lon="11.309929008558658">
		<name>LUP59-015</name>
		<cmt>Kreuzung an Hauptstraße 23, 19288 Alt Krenzlin</cmt>
		<desc>Kreuzung an Hauptstraße 23, 19288 Alt Krenzlin</desc>
		<src>Landesforst Mecklenburg-Vorpommern</src>
	</wpt>
	<wpt lat="53.319756431782565" lon="11.889524702426387">
		<name>LUP61-021</name>
		<cmt>von 19386 Leppin 1500m Richtung Poltnitz, Waldeingang (linksseitig Wald)</cmt>
		<desc>von 19386 Leppin 1500m Richtung Poltnitz, Waldeingang (linksseitig Wald)</desc>
		<src>Landesforst Mecklenburg-Vorpommern</src>
	</wpt>
	<wpt lat="53.318291880494897" lon="11.149398405043325">
		<name>LUP59-048</name>
		<cmt>Mittelweg, 19249 Lübtheen</cmt>
		<desc>Mittelweg, 19249 Lübtheen</desc>
		<src>Landesforst Mecklenburg-Vorpommern</src>
	</wpt>
	<wpt lat="53.31972031751792" lon="11.338557005003439">
		<name>LUP60-027</name>
		<cmt>Lange Straße ortsausgang Neu Krenzlin in Richtung Alt Krenzlin, Höhe Waldeingang</cmt>
		<desc>Lange Straße ortsausgang Neu Krenzlin in Richtung Alt Krenzlin, Höhe Waldeingang</desc>
		<src>Landesforst Mecklenburg-Vorpommern</src>
	</wpt>
	<wpt lat="53.319327309836417" lon="11.240973822339132">
		<name>LUP59-046</name>
		<cmt>Belsch in Richtung Loosen, scharfe Kurve im Wald</cmt>
		<desc>Belsch in Richtung Loosen, scharfe Kurve im Wald</desc>
		<src>Landesforst Mecklenburg-Vorpommern</src>
	</wpt>
	<wpt lat="53.322573043532785" lon="11.626202897607904">
		<name>LUP60-066</name>
		<cmt>PLZ 19300 Muchow ;Kreuzung Abt. 1136/37/53/54/55</cmt>
		<desc>PLZ 19300 Muchow ;Kreuzung Abt. 1136/37/53/54/55</desc>
		<src>Landesforst Mecklenburg-Vorpommern</src>
	</wpt>
	<wpt lat="53.321364190263346" lon="11.204574621853757">
		<name>LUP59-014</name>
		<cmt>Straße Kiesende 17 A, 19230 Belsch</cmt>
		<desc>Straße Kiesende 17 A, 19230 Belsch</desc>
		<src>Landesforst Mecklenburg-Vorpommern</src>
	</wpt>
	<wpt lat="53.323884883554967" lon="11.736292862052986">
		<name>LUP61-020</name>
		<cmt>Weg von 19372 Repzin 300 m Richtung 19372 Granzin, Waldeingang</cmt>
		<desc>Weg von 19372 Repzin 300 m Richtung 19372 Granzin, Waldeingang</desc>
		<src>Landesforst Mecklenburg-Vorpommern</src>
	</wpt>
	<wpt lat="53.317413584523777" lon="13.283008254980212">
		<name>MSE65-020</name>
		<cmt/>
		<desc/>
		<src>Landesforst Mecklenburg-Vorpommern</src>
	</wpt>
	<wpt lat="53.317035916101773" lon="13.323314015120074">
		<name>MSE65-019</name>
		<cmt>Kreuzung L341 mit K 30 im OT 17258 Sägewerk Koldenhof- K 30 in westliche Richtung  nach 17237 Goldenbaum/17235 Neustrelitz ca. 770 m bis Abzeig 17258 OT Waldsee. Dort südlich unmittelbar an K 30 Waldparkplatz (sog. Grünower Stern)</cmt>
		<desc>Kreuzung L341 mit K 30 im OT 17258 Sägewerk Koldenhof- K 30 in westliche Richtung  nach 17237 Goldenbaum/17235 Neustrelitz ca. 770 m bis Abzeig 17258 OT Waldsee. Dort südlich unmittelbar an K 30 Waldparkplatz (sog. Grünower Stern)</desc>
		<src>Landesforst Mecklenburg-Vorpommern</src>
	</wpt>
	<wpt lat="53.321536552492766" lon="12.94596049865954">
		<name>MSE64-019</name>
		<cmt>17237 Userin In Höhe  Zwenzower Str. Haus Nr. 17</cmt>
		<desc>17237 Userin In Höhe  Zwenzower Str. Haus Nr. 17</desc>
		<src>Landesforst Mecklenburg-Vorpommern</src>
	</wpt>
	<wpt lat="53.323763934580171" lon="12.77929406513781">
		<name>MSE64-018</name>
		<cmt>Kotzow Ortslage</cmt>
		<desc>Kotzow Ortslage</desc>
		<src>Landesforst Mecklenburg-Vorpommern</src>
	</wpt>
	<wpt lat="53.327337415298295" lon="12.859625897963427">
		<name>MSE64-016</name>
		<cmt>Ortslage Qualzow</cmt>
		<desc>Ortslage Qualzow</desc>
		<src>Landesforst Mecklenburg-Vorpommern</src>
	</wpt>
	<wpt lat="53.325272397392389" lon="13.130021051001306">
		<name>MSE65-017</name>
		<cmt>Strasse Alt Strelitz - Fürstensee; Abfahrt Domjüch</cmt>
		<desc>Strasse Alt Strelitz - Fürstensee; Abfahrt Domjüch</desc>
		<src>Landesforst Mecklenburg-Vorpommern</src>
	</wpt>
	<wpt lat="53.322028776823075" lon="13.443576258369593">
		<name>MSE66-013</name>
		<cmt>von L 342 Kreisel in OT 17258 Wittenhagen rechts in Richtung 17258 OT Carwitz (formell Sackgasse) bis Waldparkplatz Hotel Hullerbusch</cmt>
		<desc>von L 342 Kreisel in OT 17258 Wittenhagen rechts in Richtung 17258 OT Carwitz (formell Sackgasse) bis Waldparkplatz Hotel Hullerbusch</desc>
		<src>Landesforst Mecklenburg-Vorpommern</src>
	</wpt>
	<wpt lat="53.330123258516423" lon="12.630020695365516">
		<name>MSE63-023</name>
		<cmt>B 198, 3,3km von 17209 Vipperow nach 17209 Karbow, rechts Parkplatz</cmt>
		<desc>B 198, 3,3km von 17209 Vipperow nach 17209 Karbow, rechts Parkplatz</desc>
		<src>Landesforst Mecklenburg-Vorpommern</src>
	</wpt>
	<wpt lat="53.32377295854598" lon="13.38408973512391">
		<name>MSE66-031</name>
		<cmt>von L341 OT 17258 Lüttenhagen nach Süden zum "Uhustein", dann bis RP ca.1,3 km</cmt>
		<desc>von L341 OT 17258 Lüttenhagen nach Süden zum "Uhustein", dann bis RP ca.1,3 km</desc>
		<src>Landesforst Mecklenburg-Vorpommern</src>
	</wpt>
	<wpt lat="53.325471768106468" lon="13.240708644844105">
		<name>MSE65-016</name>
		<cmt/>
		<desc/>
		<src>Landesforst Mecklenburg-Vorpommern</src>
	</wpt>
	<wpt lat="53.331593118673013" lon="11.675837606193593">
		<name>LUP61-032</name>
		<cmt>L 081 zw. 19306 Blievenstorf und 19300 Muchow, "Gehren"; (Abt. 1120)</cmt>
		<desc>L 081 zw. 19306 Blievenstorf und 19300 Muchow, "Gehren"; (Abt. 1120)</desc>
		<src>Landesforst Mecklenburg-Vorpommern</src>
	</wpt>
	<wpt lat="53.327443359748727" lon="13.057417721434378">
		<name>MSE65-015</name>
		<cmt>17235 Neustrelitz stadtauswärts Richtung Wesenberg , Abfahrt Kalkhorst</cmt>
		<desc>17235 Neustrelitz stadtauswärts Richtung Wesenberg , Abfahrt Kalkhorst</desc>
		<src>Landesforst Mecklenburg-Vorpommern</src>
	</wpt>
	<wpt lat="53.329208108579216" lon="12.921187718885651">
		<name>MSE64-015</name>
		<cmt/>
		<desc/>
		<src>Landesforst Mecklenburg-Vorpommern</src>
	</wpt>
	<wpt lat="53.332057792010936" lon="11.565058577091953">
		<name>LUP60-026</name>
		<cmt>K 39, zw. 19300 Grabow und 19288 Groß Laasch; Abt. 3041 (Eifahrt zur Heide)</cmt>
		<desc>K 39, zw. 19300 Grabow und 19288 Groß Laasch; Abt. 3041 (Eifahrt zur Heide)</desc>
		<src>Landesforst Mecklenburg-Vorpommern</src>
	</wpt>
	<wpt lat="53.331919759399774" lon="11.511165354937443">
		<name>LUP60-063</name>
		<cmt>19288 Ludwigslust - Laascher Weg (Brücke über Bahn) / Heldenhain</cmt>
		<desc>19288 Ludwigslust - Laascher Weg (Brücke über Bahn) / Heldenhain</desc>
		<src>Landesforst Mecklenburg-Vorpommern</src>
	</wpt>
	<wpt lat="53.327795924967276" lon="13.323137990999109">
		<name>MSE65-067</name>
		<cmt>Ortsausgang Süd in 17258 FSL OT Koldenhof Waldweg unmittelbar rechts in Richtung 17237 Grünow ca. 900 m</cmt>
		<desc>Ortsausgang Süd in 17258 FSL OT Koldenhof Waldweg unmittelbar rechts in Richtung 17237 Grünow ca. 900 m</desc>
		<src>Landesforst Mecklenburg-Vorpommern</src>
	</wpt>
	<wpt lat="53.329426875023252" lon="10.805099565292709">
		<name>LUP58-007</name>
		<cmt>B 195 am Gemeindehaus 19273 Vorderhagen</cmt>
		<desc>B 195 am Gemeindehaus 19273 Vorderhagen</desc>
		<src>Landesforst Mecklenburg-Vorpommern</src>
	</wpt>
	<wpt lat="53.329230022736304" lon="13.27180213341054">
		<name>MSE65-014</name>
		<cmt/>
		<desc/>
		<src>Landesforst Mecklenburg-Vorpommern</src>
	</wpt>
	<wpt lat="53.335306216887957" lon="11.281213978836119">
		<name>LUP59-012</name>
		<cmt>B 5 Ortsausgang Groß Krams Richtung Osten am Waldeingang</cmt>
		<desc>B 5 Ortsausgang Groß Krams Richtung Osten am Waldeingang</desc>
		<src>Landesforst Mecklenburg-Vorpommern</src>
	</wpt>
	<wpt lat="53.336903531599596" lon="11.509257835475273">
		<name>LUP60-021</name>
		<cmt>L 073, 19288 Ludwigslust Richtung Neustadt-Glewe Tankstelle</cmt>
		<desc>L 073, 19288 Ludwigslust Richtung Neustadt-Glewe Tankstelle</desc>
		<src>Landesforst Mecklenburg-Vorpommern</src>
	</wpt>
	<wpt lat="53.340174004830153" lon="11.729399449212346">
		<name>LUP61-018</name>
		<cmt>Straße von 19372 Granzin 200 m Richtung 19372 Herzfeld, Waldeingang</cmt>
		<desc>Straße von 19372 Granzin 200 m Richtung 19372 Herzfeld, Waldeingang</desc>
		<src>Landesforst Mecklenburg-Vorpommern</src>
	</wpt>
	<wpt lat="53.340209748684359" lon="11.622990313216208">
		<name>LUP60-022</name>
		<cmt>Ortsmitte 19306 Wabel, (aus 19306 Neustadt-Glewe kommend vor der Beek); (Abt. 2148)</cmt>
		<desc>Ortsmitte 19306 Wabel, (aus 19306 Neustadt-Glewe kommend vor der Beek); (Abt. 2148)</desc>
		<src>Landesforst Mecklenburg-Vorpommern</src>
	</wpt>
	<wpt lat="53.33381300834359" lon="13.372592872993105">
		<name>MSE66-038</name>
		<cmt>Ortsausgang 17258 Lüttenhagen in Richtung Lychen  L341 nach ca.300-400m links Waldparkplatz für Weg zu den Heiligen Hallen</cmt>
		<desc>Ortsausgang 17258 Lüttenhagen in Richtung Lychen  L341 nach ca.300-400m links Waldparkplatz für Weg zu den Heiligen Hallen</desc>
		<src>Landesforst Mecklenburg-Vorpommern</src>
	</wpt>
	<wpt lat="53.339400436212706" lon="12.927731326371662">
		<name>MSE64-014</name>
		<cmt/>
		<desc/>
		<src>Landesforst Mecklenburg-Vorpommern</src>
	</wpt>
	<wpt lat="53.34281148424391" lon="11.674368796433489">
		<name>LUP61-033</name>
		<cmt>L 081 zw. 19306 Blievenstorf und 19300 Muchow, "Pappelweg"</cmt>
		<desc>L 081 zw. 19306 Blievenstorf und 19300 Muchow, "Pappelweg"</desc>
		<src>Landesforst Mecklenburg-Vorpommern</src>
	</wpt>
	<wpt lat="53.339603356271247" lon="12.981068439020209">
		<name>MSE64-059</name>
		<cmt/>
		<desc/>
		<src>Landesforst Mecklenburg-Vorpommern</src>
	</wpt>
	<wpt lat="53.342394836089724" lon="12.84152721917043">
		<name>MSE64-013</name>
		<cmt>17252 Roggentin Buswendeschleife</cmt>
		<desc>17252 Roggentin Buswendeschleife</desc>
		<src>Landesforst Mecklenburg-Vorpommern</src>
	</wpt>
	<wpt lat="53.345414633546596" lon="11.852068372376557">
		<name>LUP61-017</name>
		<cmt>19372 Poitendorf, Ende Kreuzweg 50 m Richtung 19370 Slate</cmt>
		<desc>19372 Poitendorf, Ende Kreuzweg 50 m Richtung 19370 Slate</desc>
		<src>Landesforst Mecklenburg-Vorpommern</src>
	</wpt>
	<wpt lat="53.341896806233422" lon="10.99913636834075">
		<name>LUP59-051</name>
		<cmt>Landweg von 19273 Langenheide nach 19273 Brahlstorf am Ortsausgang Langenheide (Ende befestigte Str. des Postweges)</cmt>
		<desc>Landweg von 19273 Langenheide nach 19273 Brahlstorf am Ortsausgang Langenheide (Ende befestigte Str. des Postweges)</desc>
		<src>Landesforst Mecklenburg-Vorpommern</src>
	</wpt>
	<wpt lat="53.34609972484504" lon="11.550871551230532">
		<name>LUP60-020</name>
		<cmt>K 38, Ortsmitte 19288 Groß Laasch "Moltmann-Platz" (Feuerwehr)</cmt>
		<desc>K 38, Ortsmitte 19288 Groß Laasch "Moltmann-Platz" (Feuerwehr)</desc>
		<src>Landesforst Mecklenburg-Vorpommern</src>
	</wpt>
	<wpt lat="53.338660514522552" lon="13.411289512846599">
		<name>MSE66-010</name>
		<cmt>von 17258 OT Feldberg L341 Richtung 17279 Lychen ca.1,2 km rechts an Straße</cmt>
		<desc>von 17258 OT Feldberg L341 Richtung 17279 Lychen ca.1,2 km rechts an Straße</desc>
		<src>Landesforst Mecklenburg-Vorpommern</src>
	</wpt>
	<wpt lat="53.347526876814221" lon="11.527619471867283">
		<name>LUP60-019</name>
		<cmt>L 073, Abzwg. 19288 Groß Laasch; Abt. 3092</cmt>
		<desc>L 073, Abzwg. 19288 Groß Laasch; Abt. 3092</desc>
		<src>Landesforst Mecklenburg-Vorpommern</src>
	</wpt>
	<wpt lat="53.344152323527155" lon="13.201611617397772">
		<name>MSE65-012</name>
		<cmt/>
		<desc/>
		<src>Landesforst Mecklenburg-Vorpommern</src>
	</wpt>
	<wpt lat="53.344972239758178" lon="10.865095788828523">
		<name>LUP58-006</name>
		<cmt>K 15 von 19258 Kuhlenfeld nach 19258 Besitz am Ortseingang Besitz links am Agrarbetrieb</cmt>
		<desc>K 15 von 19258 Kuhlenfeld nach 19258 Besitz am Ortseingang Besitz links am Agrarbetrieb</desc>
		<src>Landesforst Mecklenburg-Vorpommern</src>
	</wpt>
	<wpt lat="53.342876597280529" lon="13.421425819061721">
		<name>MSE66-009</name>
		<cmt>von 17258 OT Feldberg L341 Richtung 17279 Lychen ca.1,2 km rechts an Straße</cmt>
		<desc>von 17258 OT Feldberg L341 Richtung 17279 Lychen ca.1,2 km rechts an Straße</desc>
		<src>Landesforst Mecklenburg-Vorpommern</src>
	</wpt>
	<wpt lat="53.348324932628991" lon="13.014504294372069">
		<name>MSE65-071</name>
		<cmt>Waldparkplatz Arboretum Lindenberg, nördlich v. Lindenberg in Richtung Prälank</cmt>
		<desc>Waldparkplatz Arboretum Lindenberg, nördlich v. Lindenberg in Richtung Prälank</desc>
		<src>Landesforst Mecklenburg-Vorpommern</src>
	</wpt>
	<wpt lat="53.34707945745776" lon="13.29351126624781">
		<name>MSE65-066</name>
		<cmt>von Grünow (Str.am Nationalpark) westlich in Richtung 17237 Bergfeld Schmiede ca.1.3 km bis Schneisenkreuz</cmt>
		<desc>von Grünow (Str.am Nationalpark) westlich in Richtung 17237 Bergfeld Schmiede ca.1.3 km bis Schneisenkreuz</desc>
		<src>Landesforst Mecklenburg-Vorpommern</src>
	</wpt>
	<wpt lat="53.353389656315876" lon="11.570356403320019">
		<name>LUP60-015</name>
		<cmt>K 39, Waldeingang Abt 4123/4124, gegenüber Schweinemast, 19306 Klein Laasch</cmt>
		<desc>K 39, Waldeingang Abt 4123/4124, gegenüber Schweinemast, 19306 Klein Laasch</desc>
		<src>Landesforst Mecklenburg-Vorpommern</src>
	</wpt>
	<wpt lat="53.353256200120313" lon="11.440877697613614">
		<name>LUP60-017</name>
		<cmt>L 07, zw. 19288 Weselsdorf und 19288 Warlow - Abzwg. 19288 Niendorf; Abt. N 2046</cmt>
		<desc>L 07, zw. 19288 Weselsdorf und 19288 Warlow - Abzwg. 19288 Niendorf; Abt. N 2046</desc>
		<src>Landesforst Mecklenburg-Vorpommern</src>
	</wpt>
	<wpt lat="53.3540707587903" lon="11.614354312842506">
		<name>LUP60-016</name>
		<cmt>Flugplatz 19306 Neustadt-Glewe Richtung Wabel; Brücke am Brenzer Kanal, Abt. 2165</cmt>
		<desc>Flugplatz 19306 Neustadt-Glewe Richtung Wabel; Brücke am Brenzer Kanal, Abt. 2165</desc>
		<src>Landesforst Mecklenburg-Vorpommern</src>
	</wpt>
	<wpt lat="53.354230436721664" lon="12.741563799309127">
		<name>MSE64-012</name>
		<cmt>Abzwei Rechlin Nord</cmt>
		<desc>Abzwei Rechlin Nord</desc>
		<src>Landesforst Mecklenburg-Vorpommern</src>
	</wpt>
	<wpt lat="53.354556679248233" lon="11.155507024507818">
		<name>LUP59-047</name>
		<cmt>Chausseeallee (B5) Wald zwischen Redefin und Erich Röwe Landtechnik</cmt>
		<desc>Chausseeallee (B5) Wald zwischen Redefin und Erich Röwe Landtechnik</desc>
		<src>Landesforst Mecklenburg-Vorpommern</src>
	</wpt>
	<wpt lat="53.357351940591911" lon="11.586255606844313">
		<name>LUP60-014</name>
		<cmt>K 38, Ortsmitte (Denkmal) 19306 Klein Laasch; Abt. 3128</cmt>
		<desc>K 38, Ortsmitte (Denkmal) 19306 Klein Laasch; Abt. 3128</desc>
		<src>Landesforst Mecklenburg-Vorpommern</src>
	</wpt>
	<wpt lat="53.357561025412728" lon="11.521771327330493">
		<name>LUP60-013</name>
		<cmt>K 38, Groß Laasch Richtung Weselsdorf, vor Autobahnbrücke, (Friedrichmoorsche Allee); Abt. 4212</cmt>
		<desc>K 38, Groß Laasch Richtung Weselsdorf, vor Autobahnbrücke, (Friedrichmoorsche Allee); Abt. 4212</desc>
		<src>Landesforst Mecklenburg-Vorpommern</src>
	</wpt>
	<wpt lat="53.355530143872933" lon="12.921639026475949">
		<name>MSE64-011</name>
		<cmt>17252 Roggentin; OT Blankenförde ; Straße Blankenförde Nr. 26-30</cmt>
		<desc>17252 Roggentin; OT Blankenförde ; Straße Blankenförde Nr. 26-30</desc>
		<src>Landesforst Mecklenburg-Vorpommern</src>
	</wpt>
	<wpt lat="53.353921724665952" lon="13.230045942493174">
		<name>MSE65-010</name>
		<cmt/>
		<desc/>
		<src>Landesforst Mecklenburg-Vorpommern</src>
	</wpt>
	<wpt lat="53.359119796697634" lon="11.474599711944517">
		<name>LUP60-012</name>
		<cmt>L 07 aus Richtung Neustadt-Glewe, Abzwg. Lwl (220m vor Bahnübergang); Abt. S 60</cmt>
		<desc>L 07 aus Richtung Neustadt-Glewe, Abzwg. Lwl (220m vor Bahnübergang); Abt. S 60</desc>
		<src>Landesforst Mecklenburg-Vorpommern</src>
	</wpt>
	<wpt lat="53.362343266997712" lon="11.660243413689809">
		<name>LUP60-011</name>
		<cmt>L 081, Ortsmitte 19306 Blievenstorf</cmt>
		<desc>L 081, Ortsmitte 19306 Blievenstorf</desc>
		<src>Landesforst Mecklenburg-Vorpommern</src>
	</wpt>
	<wpt lat="53.358026542649064" lon="13.144763116215913">
		<name>MSE65-008</name>
		<cmt>B198 zwischen 17235 Neustrelitz und 17237 Zinow, OT Oberzinow</cmt>
		<desc>B198 zwischen 17235 Neustrelitz und 17237 Zinow, OT Oberzinow</desc>
		<src>Landesforst Mecklenburg-Vorpommern</src>
	</wpt>
	<wpt lat="53.361945151926818" lon="11.294091994680754">
		<name>LUP59-009</name>
		<cmt>Hofberg, 19230 Bresegard bei Picher</cmt>
		<desc>Hofberg, 19230 Bresegard bei Picher</desc>
		<src>Landesforst Mecklenburg-Vorpommern</src>
	</wpt>
	<wpt lat="53.361590713583411" lon="11.083656433926858">
		<name>LUP59-050</name>
		<cmt>L06 von 19230 Pritzier in Richtung 19249 Quassel nach ca. 1,8 km  rechts am Eingang Landweg (hinter Eisenbahnbrücke)</cmt>
		<desc>L06 von 19230 Pritzier in Richtung 19249 Quassel nach ca. 1,8 km  rechts am Eingang Landweg (hinter Eisenbahnbrücke)</desc>
		<src>Landesforst Mecklenburg-Vorpommern</src>
	</wpt>
	<wpt lat="53.360523949249391" lon="10.948619984608548">
		<name>LUP58-005</name>
		<cmt>In 19273 Brahlstorf Mittelweg ortsauswärts, kurz vor der Gabelung Tannenweg rechts</cmt>
		<desc>In 19273 Brahlstorf Mittelweg ortsauswärts, kurz vor der Gabelung Tannenweg rechts</desc>
		<src>Landesforst Mecklenburg-Vorpommern</src>
	</wpt>
	<wpt lat="53.364484487058" lon="12.432944928374512">
		<name>MSE63-020</name>
		<cmt>17209 Käselin, Bushaltestelle B198</cmt>
		<desc>17209 Käselin, Bushaltestelle B198</desc>
		<src>Landesforst Mecklenburg-Vorpommern</src>
	</wpt>
	<wpt lat="53.362183154996458" lon="12.874410544203812">
		<name>MSE64-008</name>
		<cmt/>
		<desc/>
		<src>Landesforst Mecklenburg-Vorpommern</src>
	</wpt>
	<wpt lat="53.358692651681103" lon="13.434304255876729">
		<name>MSE66-006</name>
		<cmt>aus Richtung 17258 Feldberg K 42 (MST) in Richtung 17258 OT Schlicht Waldausgang links</cmt>
		<desc>aus Richtung 17258 Feldberg K 42 (MST) in Richtung 17258 OT Schlicht Waldausgang links</desc>
		<src>Landesforst Mecklenburg-Vorpommern</src>
	</wpt>
	<wpt lat="53.363151075530098" lon="13.000728469674479">
		<name>MSE65-060</name>
		<cmt/>
		<desc/>
		<src>Landesforst Mecklenburg-Vorpommern</src>
	</wpt>
	<wpt lat="53.364896677729227" lon="12.775747191614888">
		<name>MSE64-009</name>
		<cmt>Bolter Schleuse</cmt>
		<desc>Bolter Schleuse</desc>
		<src>Landesforst Mecklenburg-Vorpommern</src>
	</wpt>
	<wpt lat="53.363937821431378" lon="12.934083071273353">
		<name>MSE64-010</name>
		<cmt>Fischerhaus, K1 - Blankenförde</cmt>
		<desc>Fischerhaus, K1 - Blankenförde</desc>
		<src>Landesforst Mecklenburg-Vorpommern</src>
	</wpt>
	<wpt lat="53.369424749411273" lon="12.247226371017225">
		<name>LUP62-006</name>
		<cmt>B103 19395 Ganzlin 1500 m Richtung Meyenburg, Waldeingang rechts</cmt>
		<desc>B103 19395 Ganzlin 1500 m Richtung Meyenburg, Waldeingang rechts</desc>
		<src>Landesforst Mecklenburg-Vorpommern</src>
	</wpt>
	<wpt lat="53.364151781259785" lon="13.211134305169741">
		<name>MSE65-006</name>
		<cmt>B198 zwischen 17237 Zinow und 17237 Carpin</cmt>
		<desc>B198 zwischen 17237 Zinow und 17237 Carpin</desc>
		<src>Landesforst Mecklenburg-Vorpommern</src>
	</wpt>
	<wpt lat="53.36234555734454" lon="13.397977033603075">
		<name>MSE66-004</name>
		<cmt>aus Richtung Feldberg kommend L 34 Richtung 17237 Möllenbeck ca. 800 m vor Abfahrt 17258 OT Cantnitz rechts an Straße</cmt>
		<desc>aus Richtung Feldberg kommend L 34 Richtung 17237 Möllenbeck ca. 800 m vor Abfahrt 17258 OT Cantnitz rechts an Straße</desc>
		<src>Landesforst Mecklenburg-Vorpommern</src>
	</wpt>
	<wpt lat="53.477" lon="11.85563">
		<name>LUP48-050</name>
		<cmt>Straße zwischen Parchim und Dargelütz</cmt>
		<desc>Straße zwischen Parchim und Dargelütz</desc>
		<src>Landesforst Mecklenburg-Vorpommern</src>
	</wpt>
	<wpt lat="53.367553398761345" lon="11.021690483361727">
		<name>LUP59-052</name>
		<cmt>K 18 von 19273 Jesow  in Richtung 19273 Melkof nach ca. 1,4 km rechts am Waldende (Friedhof)</cmt>
		<desc>K 18 von 19273 Jesow  in Richtung 19273 Melkof nach ca. 1,4 km rechts am Waldende (Friedhof)</desc>
		<src>Landesforst Mecklenburg-Vorpommern</src>
	</wpt>
	<wpt lat="53.370442478784476" lon="11.378860256596575">
		<name>LUP60-009</name>
		<cmt>19230 Picher</cmt>
		<desc>19230 Picher</desc>
		<src>Landesforst Mecklenburg-Vorpommern</src>
	</wpt>
	<wpt lat="53.372265999123179" lon="11.919983826752134">
		<name>LUP61-011</name>
		<cmt>Straße von 19376 Siggelkow 1 km Richtung 19376 Suckow, Waldbereich</cmt>
		<desc>Straße von 19376 Siggelkow 1 km Richtung 19376 Suckow, Waldbereich</desc>
		<src>Landesforst Mecklenburg-Vorpommern</src>
	</wpt>
	<wpt lat="53.372266001942535" lon="11.608867656576162">
		<name>LUP60-008</name>
		<cmt>19306 Neustadt-Glewe Liebssiedlung Kreuzung Abzwg. Flugplatz; Abt. 2035</cmt>
		<desc>19306 Neustadt-Glewe Liebssiedlung Kreuzung Abzwg. Flugplatz; Abt. 2035</desc>
		<src>Landesforst Mecklenburg-Vorpommern</src>
	</wpt>
	<wpt lat="53.373104805440953" lon="11.90066776830492">
		<name>LUP61-010</name>
		<cmt>Weg von 19376 Zachow 1 km Richtung 19376 Siggelkow, Waldeingang</cmt>
		<desc>Weg von 19376 Zachow 1 km Richtung 19376 Siggelkow, Waldeingang</desc>
		<src>Landesforst Mecklenburg-Vorpommern</src>
	</wpt>
	<wpt lat="53.351235210084894" lon="14.327232782234612">
		<name>VG67-001</name>
		<cmt>17322;Lebehn;von Grambow kommend Ortsausgang Lebehn links,am Friedhof rechts</cmt>
		<desc>17322;Lebehn;von Grambow kommend Ortsausgang Lebehn links,am Friedhof rechts</desc>
		<src>Landesforst Mecklenburg-Vorpommern</src>
	</wpt>
	<wpt lat="53.374745630202845" lon="11.872207980877423">
		<name>LUP61-009</name>
		<cmt>B321 von 19372 Slate 2,5 km Richtung 19376 Zachow, Mitte Wald</cmt>
		<desc>B321 von 19372 Slate 2,5 km Richtung 19376 Zachow, Mitte Wald</desc>
		<src>Landesforst Mecklenburg-Vorpommern</src>
	</wpt>
	<wpt lat="53.365724955021449" lon="13.486618646829722">
		<name>MSE66-037</name>
		<cmt>Kreisel L 341 OT 17258 Wittenhagen in Richtung 17291 Fürstenwerder bis links Abzweig "Hotel am See Lichtenberg", dann ca. 1500 m bis  Straße Birkenallee 10 im  OT 17258 Lichtenberg  am Lichtenberger Badestrand</cmt>
		<desc>Kreisel L 341 OT 17258 Wittenhagen in Richtung 17291 Fürstenwerder bis links Abzweig "Hotel am See Lichtenberg", dann ca. 1500 m bis  Straße Birkenallee 10 im  OT 17258 Lichtenberg  am Lichtenberger Badestrand</desc>
		<src>Landesforst Mecklenburg-Vorpommern</src>
	</wpt>
	<wpt lat="53.367538609675115" lon="13.456993384936654">
		<name>MSE66-036</name>
		<cmt>von OA OT 17258  Schlicht ca. 300m Richtung 17258 OT Krumbeck nach Norden, dann scharf links Weg nach 17258 OT Cantnitz ca.1,2 km bis Waldrand</cmt>
		<desc>von OA OT 17258  Schlicht ca. 300m Richtung 17258 OT Krumbeck nach Norden, dann scharf links Weg nach 17258 OT Cantnitz ca.1,2 km bis Waldrand</desc>
		<src>Landesforst Mecklenburg-Vorpommern</src>
	</wpt>
	<wpt lat="53.37524656088771" lon="11.326125003483332">
		<name>LUP59-049</name>
		<cmt>Eichenhof 3, 19230 Picher</cmt>
		<desc>Eichenhof 3, 19230 Picher</desc>
		<src>Landesforst Mecklenburg-Vorpommern</src>
	</wpt>
	<wpt lat="53.376618772109197" lon="11.269303105481885">
		<name>LUP59-007</name>
		<cmt>Ausbau 1, 19230 Kuhstorf</cmt>
		<desc>Ausbau 1, 19230 Kuhstorf</desc>
		<src>Landesforst Mecklenburg-Vorpommern</src>
	</wpt>
	<wpt lat="53.378270516188842" lon="12.381784561332736">
		<name>MSE63-024</name>
		<cmt>L206, 17213 Fünfseen OT Rogeez, aus 17213 Malchow kommend, direkt am Ortsausgang Rogeez rechts ab auf Feldweg in Richtung 17209 Stuer Vorwerk, Rogeezer Buchen Waldeingang</cmt>
		<desc>L206, 17213 Fünfseen OT Rogeez, aus 17213 Malchow kommend, direkt am Ortsausgang Rogeez rechts ab auf Feldweg in Richtung 17209 Stuer Vorwerk, Rogeezer Buchen Waldeingang</desc>
		<src>Landesforst Mecklenburg-Vorpommern</src>
	</wpt>
	<wpt lat="53.379374735883864" lon="11.868297194547113">
		<name>LUP61-007</name>
		<cmt>B 321, 19370 Slate-Tessenow, Waldanfang</cmt>
		<desc>B 321, 19370 Slate-Tessenow, Waldanfang</desc>
		<src>Landesforst Mecklenburg-Vorpommern</src>
	</wpt>
	<wpt lat="53.379447632933569" lon="12.782703293400775">
		<name>MSE64-007</name>
		<cmt>Verbindung Bolter Schleuse - Bolter Mühle</cmt>
		<desc>Verbindung Bolter Schleuse - Bolter Mühle</desc>
		<src>Landesforst Mecklenburg-Vorpommern</src>
	</wpt>
	<wpt lat="53.381475037905027" lon="11.62741708280768">
		<name>LUP60-061</name>
		<cmt>B 191, 19306 Neustadt-Glewe, Hoyer-Tankstelle</cmt>
		<desc>B 191, 19306 Neustadt-Glewe, Hoyer-Tankstelle</desc>
		<src>Landesforst Mecklenburg-Vorpommern</src>
	</wpt>
	<wpt lat="53.377995514893271" lon="10.853547245875246">
		<name>LUP58-003</name>
		<cmt>K 15  von B5 nach 19258 Kuhlenfeld am Ortseingang Kuhlenfeld rechts</cmt>
		<desc>K 15  von B5 nach 19258 Kuhlenfeld am Ortseingang Kuhlenfeld rechts</desc>
		<src>Landesforst Mecklenburg-Vorpommern</src>
	</wpt>
	<wpt lat="53.380233735573213" lon="10.992384778799584">
		<name>LUP58-013</name>
		<cmt>Kreuzung Ortslage 19273 Gosfeld</cmt>
		<desc>Kreuzung Ortslage 19273 Gosfeld</desc>
		<src>Landesforst Mecklenburg-Vorpommern</src>
	</wpt>
	<wpt lat="53.381882458681197" lon="11.179854299292206">
		<name>LUP59-006</name>
		<cmt/>
		<desc/>
		<src>Landesforst Mecklenburg-Vorpommern</src>
	</wpt>
	<wpt lat="53.376250164085562" lon="13.426122090470955">
		<name>MSE66-002</name>
		<cmt>von OA OT 17258  Schlicht ca. 300m Richtung 17258 OT Krumbeck nach Norden, dann scharf links Weg nach 17258 OT Cantnitz ca.1,2 km bis Waldrand</cmt>
		<desc>von OA OT 17258  Schlicht ca. 300m Richtung 17258 OT Krumbeck nach Norden, dann scharf links Weg nach 17258 OT Cantnitz ca.1,2 km bis Waldrand</desc>
		<src>Landesforst Mecklenburg-Vorpommern</src>
	</wpt>
	<wpt lat="53.381274836597186" lon="12.951800874559353">
		<name>MSE64-057</name>
		<cmt/>
		<desc/>
		<src>Landesforst Mecklenburg-Vorpommern</src>
	</wpt>
	<wpt lat="53.377702390400344" lon="10.630320138875989">
		<name>LUP57-001</name>
		<cmt>Straße von B5 (Horst) in Richtung  Bickhusen nach 300m am Abzweig Plattenweg in Richtung Rensdorf</cmt>
		<desc>Straße von B5 (Horst) in Richtung  Bickhusen nach 300m am Abzweig Plattenweg in Richtung Rensdorf</desc>
		<src>Landesforst Mecklenburg-Vorpommern</src>
	</wpt>
	<wpt lat="53.381229843769596" lon="13.083763868355366">
		<name>MSE65-005</name>
		<cmt>17235 Neustrelitz, B96 Richtung Neubrandenburg</cmt>
		<desc>17235 Neustrelitz, B96 Richtung Neubrandenburg</desc>
		<src>Landesforst Mecklenburg-Vorpommern</src>
	</wpt>
	<wpt lat="53.385856515374698" lon="12.306172644633794">
		<name>MSE62-010</name>
		<cmt>B198, 2,4 km von 17209 Stuer nach 19395 Plau OT Appelburg, links, Parkplatz</cmt>
		<desc>B198, 2,4 km von 17209 Stuer nach 19395 Plau OT Appelburg, links, Parkplatz</desc>
		<src>Landesforst Mecklenburg-Vorpommern</src>
	</wpt>
	<wpt lat="53.383828525917878" lon="12.846977659202233">
		<name>MSE64-006</name>
		<cmt/>
		<desc/>
		<src>Landesforst Mecklenburg-Vorpommern</src>
	</wpt>
	<wpt lat="53.386718273504698" lon="11.816724477163252">
		<name>LUP61-031</name>
		<cmt>L083, 19370 Parchim-Groß Godems; Abzweig Godemser Kurve</cmt>
		<desc>L083, 19370 Parchim-Groß Godems; Abzweig Godemser Kurve</desc>
		<src>Landesforst Mecklenburg-Vorpommern</src>
	</wpt>
	<wpt lat="53.378819020671735" lon="13.395904064419501">
		<name>MSE66-001</name>
		<cmt>von K 33 (MST im OT 17258 Cantnitz Weg rechts nach Osten bis Infostelle Cantnitzer Wacholderberg ca. 850 m</cmt>
		<desc>von K 33 (MST im OT 17258 Cantnitz Weg rechts nach Osten bis Infostelle Cantnitzer Wacholderberg ca. 850 m</desc>
		<src>Landesforst Mecklenburg-Vorpommern</src>
	</wpt>
	<wpt lat="53.387323816629696" lon="12.32785343889873">
		<name>MSE62-004</name>
		<cmt>17209 Stuer, Parkplatz Bärenwald</cmt>
		<desc>17209 Stuer, Parkplatz Bärenwald</desc>
		<src>Landesforst Mecklenburg-Vorpommern</src>
	</wpt>
	<wpt lat="53.385977502784151" lon="11.230944143785369">
		<name>LUP59-005</name>
		<cmt>Waldeingang Kiencker Weg in Kuhstorf</cmt>
		<desc>Waldeingang Kiencker Weg in Kuhstorf</desc>
		<src>Landesforst Mecklenburg-Vorpommern</src>
	</wpt>
	<wpt lat="53.384283175793485" lon="10.968732868120153">
		<name>LUP58-002</name>
		<cmt>L 05 von 19260 Vellahn nach 19273 Brahlstorf nach ca. 1,2 km links am Parkplatz Waldbad Vellahn</cmt>
		<desc>L 05 von 19260 Vellahn nach 19273 Brahlstorf nach ca. 1,2 km links am Parkplatz Waldbad Vellahn</desc>
		<src>Landesforst Mecklenburg-Vorpommern</src>
	</wpt>
	<wpt lat="53.385276309722997" lon="10.889820555652534">
		<name>LUP58-012</name>
		<cmt>Feuerwehr 19260 Dersenow</cmt>
		<desc>Feuerwehr 19260 Dersenow</desc>
		<src>Landesforst Mecklenburg-Vorpommern</src>
	</wpt>
	<wpt lat="53.384320453959305" lon="13.211054089219154">
		<name>MSE65-004</name>
		<cmt>Kreuzung Rödlin Ausbau</cmt>
		<desc>Kreuzung Rödlin Ausbau</desc>
		<src>Landesforst Mecklenburg-Vorpommern</src>
	</wpt>
	<wpt lat="53.390253669899771" lon="11.709754856684064">
		<name>LUP61-003</name>
		<cmt>Straße von 19372 Spornitz  1,4 km  nach 19372 Steinbek, Wassenschächte Waldmitte</cmt>
		<desc>Straße von 19372 Spornitz  1,4 km  nach 19372 Steinbek, Wassenschächte Waldmitte</desc>
		<src>Landesforst Mecklenburg-Vorpommern</src>
	</wpt>
	<wpt lat="53.386961625021833" lon="12.960318122523701">
		<name>MSE64-005</name>
		<cmt/>
		<desc/>
		<src>Landesforst Mecklenburg-Vorpommern</src>
	</wpt>
	<wpt lat="53.390112455740692" lon="12.543553926659294">
		<name>MSE63-002</name>
		<cmt>2,9 km von 17207 Röbel/Müritz nach 17209 Minzow, links, Waldparkplatz Kroneiche</cmt>
		<desc>2,9 km von 17207 Röbel/Müritz nach 17209 Minzow, links, Waldparkplatz Kroneiche</desc>
		<src>Landesforst Mecklenburg-Vorpommern</src>
	</wpt>
	<wpt lat="53.385116675174977" lon="10.691982416395623">
		<name>LUP58-011</name>
		<cmt>K2 von 19258 Boizenburg  in Richtung 19258 Streitheide nach ca. 1km rechts am Waldende</cmt>
		<desc>K2 von 19258 Boizenburg  in Richtung 19258 Streitheide nach ca. 1km rechts am Waldende</desc>
		<src>Landesforst Mecklenburg-Vorpommern</src>
	</wpt>
	<wpt lat="53.390422188920859" lon="12.844273258592823">
		<name>MSE64-004</name>
		<cmt/>
		<desc/>
		<src>Landesforst Mecklenburg-Vorpommern</src>
	</wpt>
	<wpt lat="53.393707138877012" lon="11.536958706334929">
		<name>LUP60-004</name>
		<cmt>L071 östlich  Kreuzung A14 , 19306 Neustadt-Glewe</cmt>
		<desc>L071 östlich  Kreuzung A14 , 19306 Neustadt-Glewe</desc>
		<src>Landesforst Mecklenburg-Vorpommern</src>
	</wpt>
	<wpt lat="53.393614424026552" lon="12.61371174670235">
		<name>MSE63-001</name>
		<cmt>von 17207 Röbel/Müritz nach Marienfelde, links Waldeingang</cmt>
		<desc>von 17207 Röbel/Müritz nach Marienfelde, links Waldeingang</desc>
		<src>Landesforst Mecklenburg-Vorpommern</src>
	</wpt>
	<wpt lat="53.390605004135047" lon="13.141954500571257">
		<name>MSE65-003</name>
		<cmt>17237 Blumenholz, OT Wilhelminenhof</cmt>
		<desc>17237 Blumenholz, OT Wilhelminenhof</desc>
		<src>Landesforst Mecklenburg-Vorpommern</src>
	</wpt>
	<wpt lat="53.395238216965559" lon="11.527928108167194">
		<name>LUP60-003</name>
		<cmt>L071 westlich  Kreuzung A14</cmt>
		<desc>L071 westlich  Kreuzung A14</desc>
		<src>Landesforst Mecklenburg-Vorpommern</src>
	</wpt>
	<wpt lat="53.392170696300823" lon="10.991008188447324">
		<name>LUP58-010</name>
		<cmt>Landweg von 19260 Vellahn nach 19260 Jesow nach ca. 500 m am Waldeingang</cmt>
		<desc>Landweg von 19260 Vellahn nach 19260 Jesow nach ca. 500 m am Waldeingang</desc>
		<src>Landesforst Mecklenburg-Vorpommern</src>
	</wpt>
	<wpt lat="53.3958027203049" lon="11.367976044537524">
		<name>LUP60-001</name>
		<cmt>Lange Straße 21, 19230 Picher gegenüber Forstamt Jasnitz am Fuhrpark</cmt>
		<desc>Lange Straße 21, 19230 Picher gegenüber Forstamt Jasnitz am Fuhrpark</desc>
		<src>Landesforst Mecklenburg-Vorpommern</src>
	</wpt>
	<wpt lat="53.395649205620607" lon="11.310215341423184">
		<name>LUP59-001</name>
		<cmt>Gartenstraße 33, 19230 Strohkirchen</cmt>
		<desc>Gartenstraße 33, 19230 Strohkirchen</desc>
		<src>Landesforst Mecklenburg-Vorpommern</src>
	</wpt>
	<wpt lat="53.397601630396956" lon="11.80340056391217">
		<name>LUP61-030</name>
		<cmt>L083, 19370 Parchim-Groß Godems,Abzweig Sommerschneise, Posthaltestelle</cmt>
		<desc>L083, 19370 Parchim-Groß Godems,Abzweig Sommerschneise, Posthaltestelle</desc>
		<src>Landesforst Mecklenburg-Vorpommern</src>
	</wpt>
	<wpt lat="53.395064113292065" lon="11.167894311665739">
		<name>LUP59-002</name>
		<cmt>von Pätow-Steegen kommend (K 29) Ri. Warlitz - 50 m nach dem Waldeingang - links Waldparkplatz</cmt>
		<desc>von Pätow-Steegen kommend (K 29) Ri. Warlitz - 50 m nach dem Waldeingang - links Waldparkplatz</desc>
		<src>Landesforst Mecklenburg-Vorpommern</src>
	</wpt>
	<wpt lat="53.398623376953765" lon="12.273099781831595">
		<name>LUP49-030</name>
		<cmt>19395 Ganzlin OT Twietfort, Ende des Fortweges, Waldeingang, Alte Revierförsterei</cmt>
		<desc>19395 Ganzlin OT Twietfort, Ende des Fortweges, Waldeingang, Alte Revierförsterei</desc>
		<src>Landesforst Mecklenburg-Vorpommern</src>
	</wpt>
	<wpt lat="53.394538746610529" lon="13.044241942259836">
		<name>MSE65-002</name>
		<cmt>17235 Neustrelitz, B193 Richtung Penzlin, Einfahrt Kiesgrube</cmt>
		<desc>17235 Neustrelitz, B193 Richtung Penzlin, Einfahrt Kiesgrube</desc>
		<src>Landesforst Mecklenburg-Vorpommern</src>
	</wpt>
	<wpt lat="53.393688386548504" lon="10.815268135059124">
		<name>LUP58-014</name>
		<cmt>B5 von 19258 Zahrensdorf in Richtung 19273 Dersenow nach ca. 200 m links an der Einfahrt zum Waldweg nach 19258 Tessin</cmt>
		<desc>B5 von 19258 Zahrensdorf in Richtung 19273 Dersenow nach ca. 200 m links an der Einfahrt zum Waldweg nach 19258 Tessin</desc>
		<src>Landesforst Mecklenburg-Vorpommern</src>
	</wpt>
	<wpt lat="53.396961352032918" lon="12.91095431206433">
		<name>MSE64-003</name>
		<cmt/>
		<desc/>
		<src>Landesforst Mecklenburg-Vorpommern</src>
	</wpt>
	<wpt lat="53.398934248322284" lon="11.204348043835427">
		<name>LUP46-044</name>
		<cmt>Waldausgang Wildbahn Hagenow Heide</cmt>
		<desc>Waldausgang Wildbahn Hagenow Heide</desc>
		<src>Landesforst Mecklenburg-Vorpommern</src>
	</wpt>
	<wpt lat="53.398984998456029" lon="12.880746960617627">
		<name>MSE51-043</name>
		<cmt/>
		<desc/>
		<src>Landesforst Mecklenburg-Vorpommern</src>
	</wpt>
	<wpt lat="53.399860791494099" lon="11.232258567939812">
		<name>LUP46-043</name>
		<cmt>von Hagenow-Heide kommend ( L04) Ri. Kuhstorf - nach ca. 1,4 km links Ri. Wald abbiegen ("Ausbau") und Weg folgen</cmt>
		<desc>von Hagenow-Heide kommend ( L04) Ri. Kuhstorf - nach ca. 1,4 km links Ri. Wald abbiegen ("Ausbau") und Weg folgen</desc>
		<src>Landesforst Mecklenburg-Vorpommern</src>
	</wpt>
	<wpt lat="53.397388737417614" lon="10.793230323769549">
		<name>LUP58-001</name>
		<cmt>Landweg von 19258 Zahrensdorf in Richtung 19258 Badekow (Herrenweg) nach ca. 900 m am Waldeingang links</cmt>
		<desc>Landweg von 19258 Zahrensdorf in Richtung 19258 Badekow (Herrenweg) nach ca. 900 m am Waldeingang links</desc>
		<src>Landesforst Mecklenburg-Vorpommern</src>
	</wpt>
	<wpt lat="53.404160308123508" lon="11.617639594037961">
		<name>LUP47-044</name>
		<cmt>19306 Neuhof (Neustadt-Glewe)  zur Krim, Waldeingang an BUGA Fläche</cmt>
		<desc>19306 Neuhof (Neustadt-Glewe)  zur Krim, Waldeingang an BUGA Fläche</desc>
		<src>Landesforst Mecklenburg-Vorpommern</src>
	</wpt>
	<wpt lat="53.404716597185761" lon="11.776572706821909">
		<name>LUP48-047</name>
		<cmt>B191(PCH-Spornitz) Abzweig  nach 19370 Kiekindemark 1,5 km, Waldeingang rechts Lübower Holz</cmt>
		<desc>B191(PCH-Spornitz) Abzweig  nach 19370 Kiekindemark 1,5 km, Waldeingang rechts Lübower Holz</desc>
		<src>Landesforst Mecklenburg-Vorpommern</src>
	</wpt>
	<wpt lat="53.401167364032524" lon="11.009022784598161">
		<name>LUP46-042</name>
		<cmt>Straße von der B5 in Richtung 19260 Kloddram nach ca. 300 m rechts an Mülldeponie</cmt>
		<desc>Straße von der B5 in Richtung 19260 Kloddram nach ca. 300 m rechts an Mülldeponie</desc>
		<src>Landesforst Mecklenburg-Vorpommern</src>
	</wpt>
	<wpt lat="53.406422862243787" lon="11.835619722968847">
		<name>LUP48-041</name>
		<cmt>an B321, 19370 Parchim-Slate, Waldeingang Abzweig Brunnenweg</cmt>
		<desc>an B321, 19370 Parchim-Slate, Waldeingang Abzweig Brunnenweg</desc>
		<src>Landesforst Mecklenburg-Vorpommern</src>
	</wpt>
	<wpt lat="53.405265639342076" lon="11.363394465795665">
		<name>LUP47-043</name>
		<cmt>LWL 22 Jasnitz in Richtung Kraak, 19230 Picher</cmt>
		<desc>LWL 22 Jasnitz in Richtung Kraak, 19230 Picher</desc>
		<src>Landesforst Mecklenburg-Vorpommern</src>
	</wpt>
	<wpt lat="53.401555589866753" lon="13.149499153310162">
		<name>MSE52-031</name>
		<cmt>L34 zwischen 17237 Blumenhagen und Neuhof, LKW- Einfahrt Forstamt</cmt>
		<desc>L34 zwischen 17237 Blumenhagen und Neuhof, LKW- Einfahrt Forstamt</desc>
		<src>Landesforst Mecklenburg-Vorpommern</src>
	</wpt>
	<wpt lat="53.407484086193286" lon="11.897987114235335">
		<name>LUP48-042</name>
		<cmt>L 09 19370 Parchim -vor 19376 Neuburg ,hinter Umspannwerk</cmt>
		<desc>L 09 19370 Parchim -vor 19376 Neuburg ,hinter Umspannwerk</desc>
		<src>Landesforst Mecklenburg-Vorpommern</src>
	</wpt>
	<wpt lat="53.405005415220884" lon="12.785646219925326">
		<name>MSE51-045</name>
		<cmt>s. Karte; Abstimmung mit FoA Mirow am 14.6.2017</cmt>
		<desc>s. Karte; Abstimmung mit FoA Mirow am 14.6.2017</desc>
		<src>Landesforst Mecklenburg-Vorpommern</src>
	</wpt>
	<wpt lat="53.406190429850824" lon="11.054342169894658">
		<name>LUP46-040</name>
		<cmt>Setziner Landweg von 19230 Setzin in Richtung B5 nach ca. 1,5 km (Ruhethaler Kreuzung)</cmt>
		<desc>Setziner Landweg von 19230 Setzin in Richtung B5 nach ca. 1,5 km (Ruhethaler Kreuzung)</desc>
		<src>Landesforst Mecklenburg-Vorpommern</src>
	</wpt>
	<wpt lat="53.40964950439308" lon="12.378009876176995">
		<name>MSE50-046</name>
		<cmt>17213 Fünfseen OT Satow, Dorfstr. 60, FoA-Gelände</cmt>
		<desc>17213 Fünfseen OT Satow, Dorfstr. 60, FoA-Gelände</desc>
		<src>Landesforst Mecklenburg-Vorpommern</src>
	</wpt>
	<wpt lat="53.408386513354046" lon="11.332094065473793">
		<name>LUP47-055</name>
		<cmt>Ausbau 4, 19230 Strohkirchen</cmt>
		<desc>Ausbau 4, 19230 Strohkirchen</desc>
		<src>Landesforst Mecklenburg-Vorpommern</src>
	</wpt>
	<wpt lat="53.406978013897266" lon="12.908540629061404">
		<name>MSE51-023</name>
		<cmt/>
		<desc/>
		<src>Landesforst Mecklenburg-Vorpommern</src>
	</wpt>
	<wpt lat="53.410056187753121" lon="11.547145347275741">
		<name>LUP47-042</name>
		<cmt>Kreuzung Ludiwgsluster Kanal mit Friedrichsmoorsche Allee, 19306 Neustadt-Glewe</cmt>
		<desc>Kreuzung Ludiwgsluster Kanal mit Friedrichsmoorsche Allee, 19306 Neustadt-Glewe</desc>
		<src>Landesforst Mecklenburg-Vorpommern</src>
	</wpt>
	<wpt lat="53.40395627446479" lon="10.638533166740377">
		<name>LUP44-001</name>
		<cmt>K1 von 19258 Nostorf nach Bickhusen, ca. 350m hinter letztem Haus am Abzweig zum Agrarbetrieb</cmt>
		<desc>K1 von 19258 Nostorf nach Bickhusen, ca. 350m hinter letztem Haus am Abzweig zum Agrarbetrieb</desc>
		<src>Landesforst Mecklenburg-Vorpommern</src>
	</wpt>
	<wpt lat="53.405483356639778" lon="10.778001163863596">
		<name>LUP45-033</name>
		<cmt>Landweg von 19258 Schwartow in Richtung 19258 Bretzin nach ca. 2,2 km an der Kreuzung Herrenweg</cmt>
		<desc>Landweg von 19258 Schwartow in Richtung 19258 Bretzin nach ca. 2,2 km an der Kreuzung Herrenweg</desc>
		<src>Landesforst Mecklenburg-Vorpommern</src>
	</wpt>
	<wpt lat="53.410504930272147" lon="11.168674801164158">
		<name>LUP46-039</name>
		<cmt>von Hagenow kommend Ri. Warlitz ( L04) - in Steegen ca. 600 m nach der Brücke "Kleine Sude" rechts abbiegen Ri. Wald und Weg folgen</cmt>
		<desc>von Hagenow kommend Ri. Warlitz ( L04) - in Steegen ca. 600 m nach der Brücke "Kleine Sude" rechts abbiegen Ri. Wald und Weg folgen</desc>
		<src>Landesforst Mecklenburg-Vorpommern</src>
	</wpt>
	<wpt lat="53.408415620972164" lon="13.16783807588874">
		<name>MSE52-030</name>
		<cmt>L34 zwischen 17237 Blumenhagen und Neuhof</cmt>
		<desc>L34 zwischen 17237 Blumenhagen und Neuhof</desc>
		<src>Landesforst Mecklenburg-Vorpommern</src>
	</wpt>
	<wpt lat="53.413323449566867" lon="11.107178161511786">
		<name>LUP46-038</name>
		<cmt>von Hagenow kommend Ri. Pritzier (B 321) - in Toddin Ri. Setzin (K25) bis Kreuzung Schwaberow - links ab Ri. Wald</cmt>
		<desc>von Hagenow kommend Ri. Pritzier (B 321) - in Toddin Ri. Setzin (K25) bis Kreuzung Schwaberow - links ab Ri. Wald</desc>
		<src>Landesforst Mecklenburg-Vorpommern</src>
	</wpt>
	<wpt lat="53.414870817736571" lon="11.216638931117288">
		<name>LUP46-037</name>
		<cmt>Von Hagenow die "Bahnhofstraße" in Richtung Hagenow Land Bahnhof fahren ( immer gerade durch ! ). Man gelangt dann auf einen Parkplatz vorm Bahnhof, hier ist der RP !</cmt>
		<desc>Von Hagenow die "Bahnhofstraße" in Richtung Hagenow Land Bahnhof fahren ( immer gerade durch ! ). Man gelangt dann auf einen Parkplatz vorm Bahnhof, hier ist der RP !</desc>
		<src>Landesforst Mecklenburg-Vorpommern</src>
	</wpt>
	<wpt lat="53.417788651007449" lon="11.851483058928741">
		<name>LUP48-037</name>
		<cmt>19370 Parchim, B191 Straße Südring/ Abzweig Straße "Am Buchholz"</cmt>
		<desc>19370 Parchim, B191 Straße Südring/ Abzweig Straße "Am Buchholz"</desc>
		<src>Landesforst Mecklenburg-Vorpommern</src>
	</wpt>
	<wpt lat="53.414557698517349" lon="11.048776638554507">
		<name>LUP46-036</name>
		<cmt>Wendeschleife in 19230 Ruhethal</cmt>
		<desc>Wendeschleife in 19230 Ruhethal</desc>
		<src>Landesforst Mecklenburg-Vorpommern</src>
	</wpt>
	<wpt lat="53.416647209460024" lon="12.850539078693668">
		<name>MSE51-055</name>
		<cmt/>
		<desc/>
		<src>Landesforst Mecklenburg-Vorpommern</src>
	</wpt>
	<wpt lat="53.41306183083487" lon="10.685235323283429">
		<name>LUP45-032</name>
		<cmt>K1 von 19258 Schwanheide in Richtung 19258 Nostorf, nach  ca. 1,5 km links an der Abzweigung Neuendamm</cmt>
		<desc>K1 von 19258 Schwanheide in Richtung 19258 Nostorf, nach  ca. 1,5 km links an der Abzweigung Neuendamm</desc>
		<src>Landesforst Mecklenburg-Vorpommern</src>
	</wpt>
	<wpt lat="53.417818730879283" lon="12.824327107357629">
		<name>MSE51-056</name>
		<cmt/>
		<desc/>
		<src>Landesforst Mecklenburg-Vorpommern</src>
	</wpt>
	<wpt lat="53.412747497028612" lon="13.389113881481116">
		<name>MSE53-026</name>
		<cmt>OA OT 17237 Stolpe auf B198 in Richtung 17348 Woldegk, ca 1, 5 km, rechts Waldbeginn und -eingang</cmt>
		<desc>OA OT 17237 Stolpe auf B198 in Richtung 17348 Woldegk, ca 1, 5 km, rechts Waldbeginn und -eingang</desc>
		<src>Landesforst Mecklenburg-Vorpommern</src>
	</wpt>
	<wpt lat="53.419612315595764" lon="11.376097918584641">
		<name>LUP47-040</name>
		<cmt>Große Gaskaverne, 19077 Rastow</cmt>
		<desc>Große Gaskaverne, 19077 Rastow</desc>
		<src>Landesforst Mecklenburg-Vorpommern</src>
	</wpt>
	<wpt lat="53.421184120082422" lon="11.418542516374814">
		<name>LUP47-041</name>
		<cmt>Wegekreuzung an der Försterei</cmt>
		<desc>Wegekreuzung an der Försterei</desc>
		<src>Landesforst Mecklenburg-Vorpommern</src>
	</wpt>
	<wpt lat="53.41382774720887" lon="13.447212718579451">
		<name>MSE53-033</name>
		<cmt>OA OT 17348 Bredenfelde auf K 41 MST ca. 100- 200 m in Richtung 17258 OT Krumbeck, dann links auf asphatierte Straße zur Wüstung Neuhaus bzw. 17348 OT Vorheide etwa 1, 3 km, schafer Knick nach rechts nach Süden ca. 650 m zum Waldrand Abt.7434</cmt>
		<desc>OA OT 17348 Bredenfelde auf K 41 MST ca. 100- 200 m in Richtung 17258 OT Krumbeck, dann links auf asphatierte Straße zur Wüstung Neuhaus bzw. 17348 OT Vorheide etwa 1, 3 km, schafer Knick nach rechts nach Süden ca. 650 m zum Waldrand Abt.7434</desc>
		<src>Landesforst Mecklenburg-Vorpommern</src>
	</wpt>
	<wpt lat="53.423629532368636" lon="12.323317502509111">
		<name>MSE49-032</name>
		<cmt>K26, 600 m von 17209 Zislow nach 17209 Suckow, rechts, Beginn Hochwald</cmt>
		<desc>K26, 600 m von 17209 Zislow nach 17209 Suckow, rechts, Beginn Hochwald</desc>
		<src>Landesforst Mecklenburg-Vorpommern</src>
	</wpt>
	<wpt lat="53.423166491820567" lon="12.466378582296347">
		<name>MSE50-045</name>
		<cmt>K 29, 17209 Walow, Ortsmitte, Lexower Straße</cmt>
		<desc>K 29, 17209 Walow, Ortsmitte, Lexower Straße</desc>
		<src>Landesforst Mecklenburg-Vorpommern</src>
	</wpt>
	<wpt lat="53.422878267969679" lon="11.36021399064302">
		<name>LUP47-039</name>
		<cmt>Kreisstraße zwischen Jasnitz und Kraak am Gaslager, 19077 Rastow</cmt>
		<desc>Kreisstraße zwischen Jasnitz und Kraak am Gaslager, 19077 Rastow</desc>
		<src>Landesforst Mecklenburg-Vorpommern</src>
	</wpt>
	<wpt lat="53.422652971618035" lon="11.312637087686509">
		<name>LUP46-035</name>
		<cmt>Roder 22, 19230 Moraas</cmt>
		<desc>Roder 22, 19230 Moraas</desc>
		<src>Landesforst Mecklenburg-Vorpommern</src>
	</wpt>
	<wpt lat="53.42276674381268" lon="12.782759217071249">
		<name>MSE51-054</name>
		<cmt/>
		<desc/>
		<src>Landesforst Mecklenburg-Vorpommern</src>
	</wpt>
	<wpt lat="53.420218590286368" lon="13.180505220201788">
		<name>MSE52-028</name>
		<cmt>L34 zwischen 17237 Blumenhagen und 17237 Neuhof am Waldparkplatz</cmt>
		<desc>L34 zwischen 17237 Blumenhagen und 17237 Neuhof am Waldparkplatz</desc>
		<src>Landesforst Mecklenburg-Vorpommern</src>
	</wpt>
	<wpt lat="53.422607990401026" lon="13.091551983078425">
		<name>MSE52-027</name>
		<cmt>Abfahrt L34 Höhe Hohenzieritz, 1500 m in südliche Richtung (Luisenweg)</cmt>
		<desc>Abfahrt L34 Höhe Hohenzieritz, 1500 m in südliche Richtung (Luisenweg)</desc>
		<src>Landesforst Mecklenburg-Vorpommern</src>
	</wpt>
	<wpt lat="53.425633846319187" lon="11.298387264763234">
		<name>LUP46-034</name>
		<cmt>Hauptstraße 1, 19230 Moraas</cmt>
		<desc>Hauptstraße 1, 19230 Moraas</desc>
		<src>Landesforst Mecklenburg-Vorpommern</src>
	</wpt>
	<wpt lat="53.423772709228679" lon="13.046345906111934">
		<name>MSE52-026</name>
		<cmt>17237 Brustorf, Parkplatz an B193 ca. 500 m südlich</cmt>
		<desc>17237 Brustorf, Parkplatz an B193 ca. 500 m südlich</desc>
		<src>Landesforst Mecklenburg-Vorpommern</src>
	</wpt>
	<wpt lat="53.424510189734924" lon="10.991605749360165">
		<name>LUP45-031</name>
		<cmt>Straße von L05 zwischen 19260 Albertinenhof und 19260 Vellahn in Richtung  19260 Goldenbow nach ca. 200 m rechts Trailerplatz</cmt>
		<desc>Straße von L05 zwischen 19260 Albertinenhof und 19260 Vellahn in Richtung  19260 Goldenbow nach ca. 200 m rechts Trailerplatz</desc>
		<src>Landesforst Mecklenburg-Vorpommern</src>
	</wpt>
	<wpt lat="53.419949625640157" lon="13.505313509759279">
		<name>MSE53-030</name>
		<cmt>von B198 im OT 17348 Hinrichshagen links auf K  MST 44 in Richtung 17348 Grauenhagen bis Wegekreuzung 17258 OT Neugarten/17348 OT Grauenhagen</cmt>
		<desc>von B198 im OT 17348 Hinrichshagen links auf K  MST 44 in Richtung 17348 Grauenhagen bis Wegekreuzung 17258 OT Neugarten/17348 OT Grauenhagen</desc>
		<src>Landesforst Mecklenburg-Vorpommern</src>
	</wpt>
	<wpt lat="53.431497265818095" lon="11.42553514231645">
		<name>LUP47-054</name>
		<cmt>53.431597, 11.425481, 19077 Rastow</cmt>
		<desc>53.431597, 11.425481, 19077 Rastow</desc>
		<src>Landesforst Mecklenburg-Vorpommern</src>
	</wpt>
	<wpt lat="53.429261918626551" lon="12.945002246148881">
		<name>MSE51-022</name>
		<cmt>Ortsmitte Kratzeburg ,Höhe Feuerwehr, gegenüber Kirche</cmt>
		<desc>Ortsmitte Kratzeburg ,Höhe Feuerwehr, gegenüber Kirche</desc>
		<src>Landesforst Mecklenburg-Vorpommern</src>
	</wpt>
	<wpt lat="53.430728078749446" lon="12.849532670087708">
		<name>MSE51-021</name>
		<cmt/>
		<desc/>
		<src>Landesforst Mecklenburg-Vorpommern</src>
	</wpt>
	<wpt lat="53.432719406337426" lon="11.343836893794339">
		<name>LUP47-037</name>
		<cmt>Wegekreuzung an der Försterei, Kraaker Mühle 1, 19077 Kraak</cmt>
		<desc>Wegekreuzung an der Försterei, Kraaker Mühle 1, 19077 Kraak</desc>
		<src>Landesforst Mecklenburg-Vorpommern</src>
	</wpt>
	<wpt lat="53.434557422068089" lon="12.26946347485611">
		<name>LUP49-024</name>
		<cmt>B 103, 900 m von 19395 Appelburg nach 19395 Plau am See, Rechts, Einfahrt Hotel "Dat Waldhaus"</cmt>
		<desc>B 103, 900 m von 19395 Appelburg nach 19395 Plau am See, Rechts, Einfahrt Hotel "Dat Waldhaus"</desc>
		<src>Landesforst Mecklenburg-Vorpommern</src>
	</wpt>
	<wpt lat="53.430011093888758" lon="10.877556337426991">
		<name>LUP45-029</name>
		<cmt>Str. von 19258 Klein Bengerstorf  zum Ortsteil Karrentin, nach ca. 2 km direkt hinter dem Ortsteil Karrentin am Waldeingang links</cmt>
		<desc>Str. von 19258 Klein Bengerstorf  zum Ortsteil Karrentin, nach ca. 2 km direkt hinter dem Ortsteil Karrentin am Waldeingang links</desc>
		<src>Landesforst Mecklenburg-Vorpommern</src>
	</wpt>
	<wpt lat="53.431283041175668" lon="12.990422230798744">
		<name>MSE51-020</name>
		<cmt>17237 Liepen, ca.200m vor dem Ortseingang aus Richtung Adamsdorf</cmt>
		<desc>17237 Liepen, ca.200m vor dem Ortseingang aus Richtung Adamsdorf</desc>
		<src>Landesforst Mecklenburg-Vorpommern</src>
	</wpt>
	<wpt lat="53.426329690518585" lon="13.492290986057169">
		<name>MSE53-024</name>
		<cmt>von B198 OT 17348 Rehberg östlich nach 17348 OT Vorheide Hauptweg im Ort leicht links bis östl.Waldeingang</cmt>
		<desc>von B198 OT 17348 Rehberg östlich nach 17348 OT Vorheide Hauptweg im Ort leicht links bis östl.Waldeingang</desc>
		<src>Landesforst Mecklenburg-Vorpommern</src>
	</wpt>
	<wpt lat="53.42864977915351" lon="10.691644897038124">
		<name>LUP45-028</name>
		<cmt>K1 aus 19258 Heidekrug kommend am Ortseingang 19258 Schwanheide rechts auf Parkplatz an der  Busschleife</cmt>
		<desc>K1 aus 19258 Heidekrug kommend am Ortseingang 19258 Schwanheide rechts auf Parkplatz an der  Busschleife</desc>
		<src>Landesforst Mecklenburg-Vorpommern</src>
	</wpt>
	<wpt lat="53.437287463632124" lon="11.774498537829126">
		<name>LUP48-043</name>
		<cmt>L09, 19370 Parchim-Damm, an Flugplatzentwässerung</cmt>
		<desc>L09, 19370 Parchim-Damm, an Flugplatzentwässerung</desc>
		<src>Landesforst Mecklenburg-Vorpommern</src>
	</wpt>
	<wpt lat="53.437180431751443" lon="12.352609711496127">
		<name>MSE50-047</name>
		<cmt>17209 Zislow OT Langenstücken, Ortsende Waldeingang</cmt>
		<desc>17209 Zislow OT Langenstücken, Ortsende Waldeingang</desc>
		<src>Landesforst Mecklenburg-Vorpommern</src>
	</wpt>
	<wpt lat="53.432536929535111" lon="10.82320261556287">
		<name>LUP45-030</name>
		<cmt>Straße von 19258 Groß Bengerstorf in Richtung  19258 Beckendorf nach ca. 1 km links an der Einfahrt Landweg zum Waldgebiet Düstern Busch</cmt>
		<desc>Straße von 19258 Groß Bengerstorf in Richtung  19258 Beckendorf nach ca. 1 km links an der Einfahrt Landweg zum Waldgebiet Düstern Busch</desc>
		<src>Landesforst Mecklenburg-Vorpommern</src>
	</wpt>
	<wpt lat="53.430825782708297" lon="13.404742165964331">
		<name>MSE53-032</name>
		<cmt>K 40 MST OA 17349 OT Ballin in Richtung 17348 OT Bredenfelde bis Gehöft Werthmann, links ca.1,7 - 1,9 km in den Wald bis Polterplatz</cmt>
		<desc>K 40 MST OA 17349 OT Ballin in Richtung 17348 OT Bredenfelde bis Gehöft Werthmann, links ca.1,7 - 1,9 km in den Wald bis Polterplatz</desc>
		<src>Landesforst Mecklenburg-Vorpommern</src>
	</wpt>
	<wpt lat="53.436961748483569" lon="12.789966105443538">
		<name>MSE51-053</name>
		<cmt/>
		<desc/>
		<src>Landesforst Mecklenburg-Vorpommern</src>
	</wpt>
	<wpt lat="53.439695592110382" lon="12.199188151057845">
		<name>LUP49-022</name>
		<cmt>von 19386 Schlemmin 2,6 km Richtung 19395 Plau, Waldrastplatz</cmt>
		<desc>von 19386 Schlemmin 2,6 km Richtung 19395 Plau, Waldrastplatz</desc>
		<src>Landesforst Mecklenburg-Vorpommern</src>
	</wpt>
	<wpt lat="53.439899997957248" lon="12.15946256813262">
		<name>LUP49-021</name>
		<cmt>Feldweg von 19386 Schlemmin 1,1 km Richtung 19386 Barkow, Waldeingang</cmt>
		<desc>Feldweg von 19386 Schlemmin 1,1 km Richtung 19386 Barkow, Waldeingang</desc>
		<src>Landesforst Mecklenburg-Vorpommern</src>
	</wpt>
	<wpt lat="53.440251872512377" lon="12.391280972251174">
		<name>MSE50-032</name>
		<cmt>17213Fünfseen OT Bruchmühle, Bruchmühle 1, Revierförsterei Biestorf</cmt>
		<desc>17213Fünfseen OT Bruchmühle, Bruchmühle 1, Revierförsterei Biestorf</desc>
		<src>Landesforst Mecklenburg-Vorpommern</src>
	</wpt>
	<wpt lat="53.433697258630239" lon="10.672716776475442">
		<name>LUP45-027</name>
		<cmt>Straße von 19258 Schwanheide zum Ortsteil Bauernende, nach  ca. 300m links an der Einfahrt zum Landweg</cmt>
		<desc>Straße von 19258 Schwanheide zum Ortsteil Bauernende, nach  ca. 300m links an der Einfahrt zum Landweg</desc>
		<src>Landesforst Mecklenburg-Vorpommern</src>
	</wpt>
	<wpt lat="53.44028799010556" lon="12.588075589003028">
		<name>MSE50-031</name>
		<cmt>17209 Sietow Dorf Richtung Waldgebiet Sembziner Buchen, Radweg</cmt>
		<desc>17209 Sietow Dorf Richtung Waldgebiet Sembziner Buchen, Radweg</desc>
		<src>Landesforst Mecklenburg-Vorpommern</src>
	</wpt>
	<wpt lat="53.436146343559912" lon="10.832617309061128">
		<name>LUP45-025</name>
		<cmt>Plattenweg von 19258 Groß Bengerstorf in Richtung 19258 Granzin nach ca. 750 m rechts am Waldeingang</cmt>
		<desc>Plattenweg von 19258 Groß Bengerstorf in Richtung 19258 Granzin nach ca. 750 m rechts am Waldeingang</desc>
		<src>Landesforst Mecklenburg-Vorpommern</src>
	</wpt>
	<wpt lat="53.441740837665826" lon="11.828801201709895">
		<name>LUP48-036</name>
		<cmt>19374 Möderitz- PCH, Am Bahnübergang</cmt>
		<desc>19374 Möderitz- PCH, Am Bahnübergang</desc>
		<src>Landesforst Mecklenburg-Vorpommern</src>
	</wpt>
	<wpt lat="53.436907990215452" lon="13.094239314669963">
		<name>MSE52-023</name>
		<cmt>Abzweig L 34 nach 17237 Hohenzieritz</cmt>
		<desc>Abzweig L 34 nach 17237 Hohenzieritz</desc>
		<src>Landesforst Mecklenburg-Vorpommern</src>
	</wpt>
	<wpt lat="53.433519166689692" lon="13.51507667823069">
		<name>MSE53-021</name>
		<cmt>an Kreuzung K44 MST Forsthof 3 in 17348 OT Hinrichshagen in Richtung 17348 OT Grauenhagen rechts Waldweg in Richtung17348 OT Vorheide</cmt>
		<desc>an Kreuzung K44 MST Forsthof 3 in 17348 OT Hinrichshagen in Richtung 17348 OT Grauenhagen rechts Waldweg in Richtung17348 OT Vorheide</desc>
		<src>Landesforst Mecklenburg-Vorpommern</src>
	</wpt>
	<wpt lat="53.438540312474046" lon="10.911059718261159">
		<name>LUP45-024</name>
		<cmt>K 14 von 19246 Schildfeld in Richtung 19246 Marsow nach ca. 400 m am Abzweig Karrentin</cmt>
		<desc>K 14 von 19246 Schildfeld in Richtung 19246 Marsow nach ca. 400 m am Abzweig Karrentin</desc>
		<src>Landesforst Mecklenburg-Vorpommern</src>
	</wpt>
	<wpt lat="53.441794177489051" lon="11.280360918718662">
		<name>LUP46-031</name>
		<cmt>Kindergarten, Klüßer Str. 14, 19230 Kirch Jesar</cmt>
		<desc>Kindergarten, Klüßer Str. 14, 19230 Kirch Jesar</desc>
		<src>Landesforst Mecklenburg-Vorpommern</src>
	</wpt>
	<wpt lat="53.438049297608735" lon="13.189907001323936">
		<name>MSE52-022</name>
		<cmt>17237 Blumenholz, OT Usadel, Abzweig Forsterei Zachow, an der alten Försterei</cmt>
		<desc>17237 Blumenholz, OT Usadel, Abzweig Forsterei Zachow, an der alten Försterei</desc>
		<src>Landesforst Mecklenburg-Vorpommern</src>
	</wpt>
	<wpt lat="53.439616483480485" lon="10.868462831889143">
		<name>LUP45-023</name>
		<cmt>L051 von 19246 Bennin in Richtung  19258 Groß Bengerstorf nach ca. 1 km am Waldeingang rechts (Waldwegeeinfahrt)</cmt>
		<desc>L051 von 19246 Bennin in Richtung  19258 Groß Bengerstorf nach ca. 1 km am Waldeingang rechts (Waldwegeeinfahrt)</desc>
		<src>Landesforst Mecklenburg-Vorpommern</src>
	</wpt>
	<wpt lat="53.437418276735663" lon="13.423025724254851">
		<name>MSE53-020</name>
		<cmt>K 40 MST von OT 17349 Ballin in Richtung 17348 OT Bredenfelde bis rechts Weg " Alte Försterei", dann  ca. 425 m von Kreisstraße</cmt>
		<desc>K 40 MST von OT 17349 Ballin in Richtung 17348 OT Bredenfelde bis rechts Weg " Alte Försterei", dann  ca. 425 m von Kreisstraße</desc>
		<src>Landesforst Mecklenburg-Vorpommern</src>
	</wpt>
	<wpt lat="53.428739223678932" lon="14.10314261328158">
		<name>VG55-019</name>
		<cmt>17326;Brüssow;Kopfsteinpflasterdamm Brüssow - Caselow, ca. 1,5 km von L322 im Wald</cmt>
		<desc>17326;Brüssow;Kopfsteinpflasterdamm Brüssow - Caselow, ca. 1,5 km von L322 im Wald</desc>
		<src>Landesforst Mecklenburg-Vorpommern</src>
	</wpt>
	<wpt lat="53.441282327141693" lon="10.794517211670049">
		<name>LUP45-022</name>
		<cmt>Straße von19258 Beckendorf in Richtung 19258 Lüttenmark im Ortsteil Hatzberg an der Kreuzu</cmt>
		<desc>Straße von19258 Beckendorf in Richtung 19258 Lüttenmark im Ortsteil Hatzberg an der Kreuzu</desc>
		<src>Landesforst Mecklenburg-Vorpommern</src>
	</wpt>
	<wpt lat="53.448687764796759" lon="11.747960365106978">
		<name>LUP48-035</name>
		<cmt>19374 Damm, Am Jägerlehrhof</cmt>
		<desc>19374 Damm, Am Jägerlehrhof</desc>
		<src>Landesforst Mecklenburg-Vorpommern</src>
	</wpt>
	<wpt lat="53.445549599020175" lon="12.936166674243754">
		<name>MSE51-018</name>
		<cmt/>
		<desc/>
		<src>Landesforst Mecklenburg-Vorpommern</src>
	</wpt>
	<wpt lat="53.448028261233333" lon="11.263097841253327">
		<name>LUP46-030</name>
		<cmt>Kreisstraße K 22 Hagenow Sudenhof - Moraas ( Ortslage Kirch Jesar ) ; Am Ortseingang Kirch Jesar ( aus Richtung Hagenow kommend ) links abbiegen in Richtung Bahnhof. Nach ca. 700 m hat man den Bahnhof erreicht, hier ist der RP</cmt>
		<desc>Kreisstraße K 22 Hagenow Sudenhof - Moraas ( Ortslage Kirch Jesar ) ; Am Ortseingang Kirch Jesar ( aus Richtung Hagenow kommend ) links abbiegen in Richtung Bahnhof. Nach ca. 700 m hat man den Bahnhof erreicht, hier ist der RP</desc>
		<src>Landesforst Mecklenburg-Vorpommern</src>
	</wpt>
	<wpt lat="53.449198976081732" lon="12.535019703967114">
		<name>MSE50-030</name>
		<cmt>17209 Sietow Forsthof, Waldparkplatz am RuheForst Müritz</cmt>
		<desc>17209 Sietow Forsthof, Waldparkplatz am RuheForst Müritz</desc>
		<src>Landesforst Mecklenburg-Vorpommern</src>
	</wpt>
	<wpt lat="53.450522480713254" lon="11.866226934816122">
		<name>LUP48-034</name>
		<cmt>19370 Parchim-Voigtsdorf, Am Bahnübergang</cmt>
		<desc>19370 Parchim-Voigtsdorf, Am Bahnübergang</desc>
		<src>Landesforst Mecklenburg-Vorpommern</src>
	</wpt>
	<wpt lat="53.448741999499205" lon="11.18622651119464">
		<name>LUP46-029</name>
		<cmt>von Hagenow kommend Ri. Wittenburg (L 04) - ca 250 m nach letzter Ampel rechtes ab, nach ca. 10 m wieder links, Str. geht in Abfuhrweg über - diesem am Waldrand folgen</cmt>
		<desc>von Hagenow kommend Ri. Wittenburg (L 04) - ca 250 m nach letzter Ampel rechtes ab, nach ca. 10 m wieder links, Str. geht in Abfuhrweg über - diesem am Waldrand folgen</desc>
		<src>Landesforst Mecklenburg-Vorpommern</src>
	</wpt>
	<wpt lat="53.448517988081811" lon="10.925421119385302">
		<name>LUP45-043</name>
		<cmt>L 51 von 19260 Schildfeld in Richtung 19260 Camin nach ca. 1,2 km hinter der Bushaltestelle rechts an der Einfahrt zum Waldweg nach 19260 Rodenwalde</cmt>
		<desc>L 51 von 19260 Schildfeld in Richtung 19260 Camin nach ca. 1,2 km hinter der Bushaltestelle rechts an der Einfahrt zum Waldweg nach 19260 Rodenwalde</desc>
		<src>Landesforst Mecklenburg-Vorpommern</src>
	</wpt>
	<wpt lat="53.451178979589727" lon="12.735880009154979">
		<name>MSE51-052</name>
		<cmt/>
		<desc/>
		<src>Landesforst Mecklenburg-Vorpommern</src>
	</wpt>
	<wpt lat="53.451490428465476" lon="11.219672594723392">
		<name>LUP46-026</name>
		<cmt>von Hagenow kommend Ri. Schwerin (B 321) - ca. 900 m nach Ampelkreuzung Sudenhof / Picher beginnt links der Wald - dort nach ca. 50 m links in den Abfahrweg einbiegen</cmt>
		<desc>von Hagenow kommend Ri. Schwerin (B 321) - ca. 900 m nach Ampelkreuzung Sudenhof / Picher beginnt links der Wald - dort nach ca. 50 m links in den Abfahrweg einbiegen</desc>
		<src>Landesforst Mecklenburg-Vorpommern</src>
	</wpt>
	<wpt lat="53.446392814052743" lon="13.541307020558889">
		<name>MSE53-031</name>
		<cmt>von Kreuzung B104/198 auf B198 Richtung 17235 Neustrelitz ca. 1, 8 km links (Weg zum Katzengrund = Radweg) ca. 600 m nach Osten zum Waldrand (auch Sturm's Höhe genannt)</cmt>
		<desc>von Kreuzung B104/198 auf B198 Richtung 17235 Neustrelitz ca. 1, 8 km links (Weg zum Katzengrund = Radweg) ca. 600 m nach Osten zum Waldrand (auch Sturm's Höhe genannt)</desc>
		<src>Landesforst Mecklenburg-Vorpommern</src>
	</wpt>
	<wpt lat="53.455326602221128" lon="12.773118646326694">
		<name>MSE51-051</name>
		<cmt/>
		<desc/>
		<src>Landesforst Mecklenburg-Vorpommern</src>
	</wpt>
	<wpt lat="53.458054289975479" lon="12.051440648159375">
		<name>LUP49-020</name>
		<cmt>19386 Lübz, Waldeingang "Neuer Teich"</cmt>
		<desc>19386 Lübz, Waldeingang "Neuer Teich"</desc>
		<src>Landesforst Mecklenburg-Vorpommern</src>
	</wpt>
	<wpt lat="53.435533290052987" lon="14.333397196212035">
		<name>VG56-002</name>
		<cmt>17321;Gellin;Durchfahrt Gellin in Richtung SO Wald (am Flockensee)</cmt>
		<desc>17321;Gellin;Durchfahrt Gellin in Richtung SO Wald (am Flockensee)</desc>
		<src>Landesforst Mecklenburg-Vorpommern</src>
	</wpt>
	<wpt lat="53.458679937319062" lon="12.370211179768651">
		<name>MSE50-028</name>
		<cmt>17213 Fünfseen OT Petersdorf,Feuerwehrstandort</cmt>
		<desc>17213 Fünfseen OT Petersdorf,Feuerwehrstandort</desc>
		<src>Landesforst Mecklenburg-Vorpommern</src>
	</wpt>
	<wpt lat="53.460549574205288" lon="11.771988621855762">
		<name>LUP48-029</name>
		<cmt>19374 Ausbau Malchow 2, Am Feuerlöschteich</cmt>
		<desc>19374 Ausbau Malchow 2, Am Feuerlöschteich</desc>
		<src>Landesforst Mecklenburg-Vorpommern</src>
	</wpt>
	<wpt lat="53.460030217402014" lon="11.571572210210924">
		<name>LUP47-035</name>
		<cmt>19306 Friedrichsmoor Waldeingang hinter Jagdschloß</cmt>
		<desc>19306 Friedrichsmoor Waldeingang hinter Jagdschloß</desc>
		<src>Landesforst Mecklenburg-Vorpommern</src>
	</wpt>
	<wpt lat="53.460687880235014" lon="11.72575098978921">
		<name>LUP48-046</name>
		<cmt>19372 Garwitz Waldausgang Richtung Alt Damerow , Abzweig Stadtforst rechts</cmt>
		<desc>19372 Garwitz Waldausgang Richtung Alt Damerow , Abzweig Stadtforst rechts</desc>
		<src>Landesforst Mecklenburg-Vorpommern</src>
	</wpt>
	<wpt lat="53.46124346216542" lon="11.835912285626438">
		<name>LUP48-028</name>
		<cmt>PCH,19370 Neuhof Waldeingang Bundesforstgrenze</cmt>
		<desc>PCH,19370 Neuhof Waldeingang Bundesforstgrenze</desc>
		<src>Landesforst Mecklenburg-Vorpommern</src>
	</wpt>
	<wpt lat="53.461317772347314" lon="11.214863165194526">
		<name>LUP46-024</name>
		<cmt>von Hagenow kommend Ri. Schwerin (B 321) - ca. 2 km nach Ampelkreuzung Sudenhof / Picher zweigt nach dem Wald links ein heckengesäumter Weg ab - diesem folgen bis zum Wald</cmt>
		<desc>von Hagenow kommend Ri. Schwerin (B 321) - ca. 2 km nach Ampelkreuzung Sudenhof / Picher zweigt nach dem Wald links ein heckengesäumter Weg ab - diesem folgen bis zum Wald</desc>
		<src>Landesforst Mecklenburg-Vorpommern</src>
	</wpt>
	<wpt lat="53.45288221293643" lon="13.651113910173919">
		<name>MSE53-019</name>
		<cmt>B104 von 17348 Woldegk kommend im OT 17348 Mildenitz, rechts (südlich) in Richtung 17335 Wolfshagen bis Waldeingang, dann ca. 500 m bis Schneisenkreuz in Abt. 7337 Pb09/Pa10-gegenüber von Polterplatz Px2.</cmt>
		<desc>B104 von 17348 Woldegk kommend im OT 17348 Mildenitz, rechts (südlich) in Richtung 17335 Wolfshagen bis Waldeingang, dann ca. 500 m bis Schneisenkreuz in Abt. 7337 Pb09/Pa10-gegenüber von Polterplatz Px2.</desc>
		<src>Landesforst Mecklenburg-Vorpommern</src>
	</wpt>
	<wpt lat="53.458447321342092" lon="10.743909658508464">
		<name>LUP45-042</name>
		<cmt>K4 von 19258 Lüttenmark in Richtung 19258 Leisterförde nach ca. 1,9 km an Kreuzung im Wald (150 m nach Waldeingang)</cmt>
		<desc>K4 von 19258 Lüttenmark in Richtung 19258 Leisterförde nach ca. 1,9 km an Kreuzung im Wald (150 m nach Waldeingang)</desc>
		<src>Landesforst Mecklenburg-Vorpommern</src>
	</wpt>
	<wpt lat="53.464025719192016" lon="12.569069673831034">
		<name>MSE50-027</name>
		<cmt>17213 Göhren Lebbin OT Wendhof Richtung Grabenitz, Radweg</cmt>
		<desc>17213 Göhren Lebbin OT Wendhof Richtung Grabenitz, Radweg</desc>
		<src>Landesforst Mecklenburg-Vorpommern</src>
	</wpt>
	<wpt lat="53.463013993808104" lon="12.799764395428188">
		<name>MSE51-015</name>
		<cmt/>
		<desc/>
		<src>Landesforst Mecklenburg-Vorpommern</src>
	</wpt>
	<wpt lat="53.465954707941187" lon="12.348265811001752">
		<name>MSE50-029</name>
		<cmt>17213 Fünfseen OT Lenz Süd, Lenzer Höhe, Kreuzung</cmt>
		<desc>17213 Fünfseen OT Lenz Süd, Lenzer Höhe, Kreuzung</desc>
		<src>Landesforst Mecklenburg-Vorpommern</src>
	</wpt>
	<wpt lat="53.466758966644619" lon="12.432526195281751">
		<name>MSE50-026</name>
		<cmt>17213 Malchow Kloster an B192, Waldparklplatz Klimawald</cmt>
		<desc>17213 Malchow Kloster an B192, Waldparklplatz Klimawald</desc>
		<src>Landesforst Mecklenburg-Vorpommern</src>
	</wpt>
	<wpt lat="53.464258402004901" lon="12.918460175066356">
		<name>MSE51-016</name>
		<cmt/>
		<desc/>
		<src>Landesforst Mecklenburg-Vorpommern</src>
	</wpt>
	<wpt lat="53.468470274691796" lon="11.81632638530548">
		<name>LUP48-025</name>
		<cmt>B321,19370 Parchim-131145 Bergrade, Waldeingang Gastrasse</cmt>
		<desc>B321,19370 Parchim-131145 Bergrade, Waldeingang Gastrasse</desc>
		<src>Landesforst Mecklenburg-Vorpommern</src>
	</wpt>
	<wpt lat="53.468148508686696" lon="12.368843809975967">
		<name>MSE52-025</name>
		<cmt>17213 Malchow OT Biestorf, Ortsmitte</cmt>
		<desc>17213 Malchow OT Biestorf, Ortsmitte</desc>
		<src>Landesforst Mecklenburg-Vorpommern</src>
	</wpt>
	<wpt lat="53.468362605313388" lon="11.696139700724506">
		<name>LUP48-048</name>
		<cmt>19374 Garwitz; Waldeingang- , An Betonspurbahn zum Ausbau; Abt.4401</cmt>
		<desc>19374 Garwitz; Waldeingang- , An Betonspurbahn zum Ausbau; Abt.4401</desc>
		<src>Landesforst Mecklenburg-Vorpommern</src>
	</wpt>
	<wpt lat="53.466620432936608" lon="12.761030804769776">
		<name>MSE51-050</name>
		<cmt/>
		<desc/>
		<src>Landesforst Mecklenburg-Vorpommern</src>
	</wpt>
	<wpt lat="53.46904540364627" lon="11.893682909493329">
		<name>LUP48-045</name>
		<cmt>L 16 19370 Parchim-Darze, hinter Tagebau Waldeingang links</cmt>
		<desc>L 16 19370 Parchim-Darze, hinter Tagebau Waldeingang links</desc>
		<src>Landesforst Mecklenburg-Vorpommern</src>
	</wpt>
	<wpt lat="53.452801856954054" lon="14.111770261398547">
		<name>VG55-018</name>
		<cmt>17321;Caselow;Kopfsteinpflasterdamm Caselow - Fahrenwalde, Waldeingang</cmt>
		<desc>17321;Caselow;Kopfsteinpflasterdamm Caselow - Fahrenwalde, Waldeingang</desc>
		<src>Landesforst Mecklenburg-Vorpommern</src>
	</wpt>
	<wpt lat="53.465742031037436" lon="10.808054141185352">
		<name>LUP45-021</name>
		<cmt>Str. von 19258 Greven in Richtung 19258 Beckendorf, nach ca. 1,2 km links am Abzweig zum Waldgebiet Klas Kamp kurz hinter dem Waldeingang</cmt>
		<desc>Str. von 19258 Greven in Richtung 19258 Beckendorf, nach ca. 1,2 km links am Abzweig zum Waldgebiet Klas Kamp kurz hinter dem Waldeingang</desc>
		<src>Landesforst Mecklenburg-Vorpommern</src>
	</wpt>
	<wpt lat="53.470322299211752" lon="11.41793408687187">
		<name>LUP47-032</name>
		<cmt>19077 Rastow-Pulverhof-Richtung Uelitz , Waldmitte</cmt>
		<desc>19077 Rastow-Pulverhof-Richtung Uelitz , Waldmitte</desc>
		<src>Landesforst Mecklenburg-Vorpommern</src>
	</wpt>
	<wpt lat="53.468075229598092" lon="10.92378698839889">
		<name>LUP45-020</name>
		<cmt>Betonstraße von 19246 Kogel in Richtung 19246 Vietow nach ca. 3 km am Waldausgang links</cmt>
		<desc>Betonstraße von 19246 Kogel in Richtung 19246 Vietow nach ca. 3 km am Waldausgang links</desc>
		<src>Landesforst Mecklenburg-Vorpommern</src>
	</wpt>
	<wpt lat="53.455513224832444" lon="14.079054932446629">
		<name>VG55-016</name>
		<cmt>17309;Friedrichshof;Friedrichshof Richtung O, Waldeingang Caselow</cmt>
		<desc>17309;Friedrichshof;Friedrichshof Richtung O, Waldeingang Caselow</desc>
		<src>Landesforst Mecklenburg-Vorpommern</src>
	</wpt>
	<wpt lat="53.452977054746007" lon="14.229019769486612">
		<name>VG55-017</name>
		<cmt>17321;Löcknitz;B104 Ortsausgang Löcknitz Richtung Osten, 100m vor Bahnübergang</cmt>
		<desc>17321;Löcknitz;B104 Ortsausgang Löcknitz Richtung Osten, 100m vor Bahnübergang</desc>
		<src>Landesforst Mecklenburg-Vorpommern</src>
	</wpt>
	<wpt lat="53.453243158545895" lon="14.235093878735221">
		<name>VG55-015</name>
		<cmt>17321;Löcknitz;B104 Ortsausgang Richtung Osten , hinter Bahnübergang ca.300 links</cmt>
		<desc>17321;Löcknitz;B104 Ortsausgang Richtung Osten , hinter Bahnübergang ca.300 links</desc>
		<src>Landesforst Mecklenburg-Vorpommern</src>
	</wpt>
	<wpt lat="53.469944169007725" lon="10.944808165796381">
		<name>LUP45-018</name>
		<cmt>Weg von 19260 Camin in Richtung 19246 Kogel nach ca. 1,8 km am Waldeingang (Camin Ausbau)</cmt>
		<desc>Weg von 19260 Camin in Richtung 19246 Kogel nach ca. 1,8 km am Waldeingang (Camin Ausbau)</desc>
		<src>Landesforst Mecklenburg-Vorpommern</src>
	</wpt>
	<wpt lat="53.454154588771061" lon="14.351395221502415">
		<name>VG56-001</name>
		<cmt>17321 Linken, Einfahrt Zollkomando,nach Verlassen B104 gleich li in die Parklücke</cmt>
		<desc>17321 Linken, Einfahrt Zollkomando,nach Verlassen B104 gleich li in die Parklücke</desc>
		<src>Landesforst Mecklenburg-Vorpommern</src>
	</wpt>
	<wpt lat="53.475823915069569" lon="12.872034855748597">
		<name>MSE51-013</name>
		<cmt/>
		<desc/>
		<src>Landesforst Mecklenburg-Vorpommern</src>
	</wpt>
	<wpt lat="53.4790578251855" lon="12.124972636621314">
		<name>LUP49-019</name>
		<cmt>K27 von 19386 Broock 1,5 km  Richtung 19386 Kuppentin, 1. Waldweg links</cmt>
		<desc>K27 von 19386 Broock 1,5 km  Richtung 19386 Kuppentin, 1. Waldweg links</desc>
		<src>Landesforst Mecklenburg-Vorpommern</src>
	</wpt>
	<wpt lat="53.479531339766915" lon="11.886203891506126">
		<name>LUP48-022</name>
		<cmt>19372 Darze Richtung Voigtsdorf, Waldeingang</cmt>
		<desc>19372 Darze Richtung Voigtsdorf, Waldeingang</desc>
		<src>Landesforst Mecklenburg-Vorpommern</src>
	</wpt>
	<wpt lat="53.478182749021464" lon="11.256034621007279">
		<name>LUP46-021</name>
		<cmt>von Hagenow kommend Ri. Schwerin (B 321) - nach Abzweig Vietz ca. 2,7 km Ri. A 24 - dann in der leichten Rechtskurve rechts in den Waldweg bis Holzlagerplatz</cmt>
		<desc>von Hagenow kommend Ri. Schwerin (B 321) - nach Abzweig Vietz ca. 2,7 km Ri. A 24 - dann in der leichten Rechtskurve rechts in den Waldweg bis Holzlagerplatz</desc>
		<src>Landesforst Mecklenburg-Vorpommern</src>
	</wpt>
	<wpt lat="53.463902396323" lon="14.010494980536368">
		<name>VG55-014</name>
		<cmt>17309;Rollwitz;Weg Rollwitz - Züsedom , Waldkreuzung</cmt>
		<desc>17309;Rollwitz;Weg Rollwitz - Züsedom , Waldkreuzung</desc>
		<src>Landesforst Mecklenburg-Vorpommern</src>
	</wpt>
	<wpt lat="53.477850428011813" lon="11.00689055110778">
		<name>LUP45-019</name>
		<cmt>L 05 von 19243 Lehsen in Richtung 19260 Wulfskuhl nach ca. 1 km kurz vor der Motelbrücke rechts an der Landwegeinfahrt</cmt>
		<desc>L 05 von 19243 Lehsen in Richtung 19260 Wulfskuhl nach ca. 1 km kurz vor der Motelbrücke rechts an der Landwegeinfahrt</desc>
		<src>Landesforst Mecklenburg-Vorpommern</src>
	</wpt>
	<wpt lat="53.476214875798789" lon="13.289650955965238">
		<name>MSE52-042</name>
		<cmt>K-Straße 84 zwischen 17094 Godenswege und Abzweig K84/K82 (Waldparkplatz direkt an Straße</cmt>
		<desc>K-Straße 84 zwischen 17094 Godenswege und Abzweig K84/K82 (Waldparkplatz direkt an Straße</desc>
		<src>Landesforst Mecklenburg-Vorpommern</src>
	</wpt>
	<wpt lat="53.479737846045751" lon="13.067273791665182">
		<name>MSE52-041</name>
		<cmt>17217 Penzlin Richtung 17235 Neustrelitz von B193 Feldweg in westl. Richtung 300m</cmt>
		<desc>17217 Penzlin Richtung 17235 Neustrelitz von B193 Feldweg in westl. Richtung 300m</desc>
		<src>Landesforst Mecklenburg-Vorpommern</src>
	</wpt>
	<wpt lat="53.484959053788636" lon="11.782723900500532">
		<name>LUP48-021</name>
		<cmt>19374 Domsühl, Am Wald; Waldeingang</cmt>
		<desc>19374 Domsühl, Am Wald; Waldeingang</desc>
		<src>Landesforst Mecklenburg-Vorpommern</src>
	</wpt>
	<wpt lat="53.483905509620371" lon="11.387766240692153">
		<name>LUP47-052</name>
		<cmt>von K30 (19230 Hoort-Sülstorf), Abzweig rechts Pulverhof Waldeingang</cmt>
		<desc>von K30 (19230 Hoort-Sülstorf), Abzweig rechts Pulverhof Waldeingang</desc>
		<src>Landesforst Mecklenburg-Vorpommern</src>
	</wpt>
	<wpt lat="53.479575580423159" lon="10.784357590390698">
		<name>LUP45-017</name>
		<cmt>Straße  von 19258 Greven westwärts zum Waldgebiet Walltannen (Boizeweg) nach ca. 1,1 km an der  Abbiegung Schiefer Stiefel</cmt>
		<desc>Straße  von 19258 Greven westwärts zum Waldgebiet Walltannen (Boizeweg) nach ca. 1,1 km an der  Abbiegung Schiefer Stiefel</desc>
		<src>Landesforst Mecklenburg-Vorpommern</src>
	</wpt>
	<wpt lat="53.485819574484005" lon="12.071623983048157">
		<name>LUP49-018</name>
		<cmt>Waldeingang von 19386 Bobzin 250 m Richtung Schleuse/Weisin</cmt>
		<desc>Waldeingang von 19386 Bobzin 250 m Richtung Schleuse/Weisin</desc>
		<src>Landesforst Mecklenburg-Vorpommern</src>
	</wpt>
	<wpt lat="53.465611583749393" lon="14.209461199581639">
		<name>VG55-013</name>
		<cmt>17321;Löcknitz;Einfahrt Strasse Rehsteig bis   Abzweig Straße Försterweg, Hauptweg in den Wald in NO Richtung</cmt>
		<desc>17321;Löcknitz;Einfahrt Strasse Rehsteig bis   Abzweig Straße Försterweg, Hauptweg in den Wald in NO Richtung</desc>
		<src>Landesforst Mecklenburg-Vorpommern</src>
	</wpt>
	<wpt lat="53.484082773712039" lon="12.686836311775453">
		<name>MSE51-011</name>
		<cmt/>
		<desc/>
		<src>Landesforst Mecklenburg-Vorpommern</src>
	</wpt>
	<wpt lat="53.48152796952418" lon="10.881627041004869">
		<name>LUP45-016</name>
		<cmt>K5 von 19258 Sternsruh in Richtung 19246 Kogel, nach ca. 1,7 km rechts Eingang Waldweg (gegenüber des Abzweig Nieklitz)</cmt>
		<desc>K5 von 19258 Sternsruh in Richtung 19246 Kogel, nach ca. 1,7 km rechts Eingang Waldweg (gegenüber des Abzweig Nieklitz)</desc>
		<src>Landesforst Mecklenburg-Vorpommern</src>
	</wpt>
	<wpt lat="53.486318871683835" lon="11.531974361921238">
		<name>LUP47-030</name>
		<cmt>19079 Jamel, Waldeingang</cmt>
		<desc>19079 Jamel, Waldeingang</desc>
		<src>Landesforst Mecklenburg-Vorpommern</src>
	</wpt>
	<wpt lat="53.486390694006893" lon="11.106229166048719">
		<name>LUP46-019</name>
		<cmt>von Wittenburg kommend Ri. Hagenow (L 04) - ab AA Wittenburg nach ca. 1,5 km Waldbeginn rechte Seite - dort rechts Waldeinfahrt</cmt>
		<desc>von Wittenburg kommend Ri. Hagenow (L 04) - ab AA Wittenburg nach ca. 1,5 km Waldbeginn rechte Seite - dort rechts Waldeinfahrt</desc>
		<src>Landesforst Mecklenburg-Vorpommern</src>
	</wpt>
	<wpt lat="53.487870871355589" lon="12.675874330557846">
		<name>MSE51-036</name>
		<cmt>Abzweig kleiner Wildacker Kreuzung Wienpietschseen, ca. 1,6km ab Eingang Wienpietschweg in Verlängerung des Wegs, rechts</cmt>
		<desc>Abzweig kleiner Wildacker Kreuzung Wienpietschseen, ca. 1,6km ab Eingang Wienpietschweg in Verlängerung des Wegs, rechts</desc>
		<src>Landesforst Mecklenburg-Vorpommern</src>
	</wpt>
	<wpt lat="53.485055855471479" lon="10.820658945743816">
		<name>LUP45-015</name>
		<cmt>B195 von 19258 Gallin in Richtung 19258 Greven, nach ca. 1 km links an der Wendeschleife im Ortsteil Hof Gallin</cmt>
		<desc>B195 von 19258 Gallin in Richtung 19258 Greven, nach ca. 1 km links an der Wendeschleife im Ortsteil Hof Gallin</desc>
		<src>Landesforst Mecklenburg-Vorpommern</src>
	</wpt>
	<wpt lat="53.491033916681943" lon="12.137049280780687">
		<name>LUP49-014</name>
		<cmt>Kuppentin Richtung Brook; K127, 70m vor Müritz-Elde-Wasserstraße</cmt>
		<desc>Kuppentin Richtung Brook; K127, 70m vor Müritz-Elde-Wasserstraße</desc>
		<src>Landesforst Mecklenburg-Vorpommern</src>
	</wpt>
	<wpt lat="53.48619064837316" lon="10.910934375227408">
		<name>LUP45-014</name>
		<cmt>K5 von 19246 Holzkrug in Richtung 19258 Sternsruh nach ca. 500m links an der Waldwegeeinfahrt Landforstmeisterschneise</cmt>
		<desc>K5 von 19246 Holzkrug in Richtung 19258 Sternsruh nach ca. 500m links an der Waldwegeeinfahrt Landforstmeisterschneise</desc>
		<src>Landesforst Mecklenburg-Vorpommern</src>
	</wpt>
	<wpt lat="53.489121340398377" lon="11.237168768278426">
		<name>LUP46-018</name>
		<cmt>Kreisstraße K 62 Gammelin - Viez ( Ortslage Bakendorf ) ; Aus Richtung Gammelin kommend die Ortschaft Bakendorf gerade durchfahren. Am letzten Gehöft auf der rechten Seite rechts abbiegen Richtung Funkmast ( hier ist der RP )</cmt>
		<desc>Kreisstraße K 62 Gammelin - Viez ( Ortslage Bakendorf ) ; Aus Richtung Gammelin kommend die Ortschaft Bakendorf gerade durchfahren. Am letzten Gehöft auf der rechten Seite rechts abbiegen Richtung Funkmast ( hier ist der RP )</desc>
		<src>Landesforst Mecklenburg-Vorpommern</src>
	</wpt>
	<wpt lat="53.492276543877118" lon="11.929465372225721">
		<name>LUP48-018</name>
		<cmt>19386 Granzin-Granziner Tannen-Waldeingang</cmt>
		<desc>19386 Granzin-Granziner Tannen-Waldeingang</desc>
		<src>Landesforst Mecklenburg-Vorpommern</src>
	</wpt>
	<wpt lat="53.476261576283342" lon="14.026753347267393">
		<name>VG55-012</name>
		<cmt>17309;Pasewalk;Strasse Pasewalk - Bröllin, ca. 400 m vor Waldausgang; am Abzweig nach NO zum Funkturm</cmt>
		<desc>17309;Pasewalk;Strasse Pasewalk - Bröllin, ca. 400 m vor Waldausgang; am Abzweig nach NO zum Funkturm</desc>
		<src>Landesforst Mecklenburg-Vorpommern</src>
	</wpt>
	<wpt lat="53.492683778640249" lon="11.472784071406604">
		<name>LUP47-028</name>
		<cmt>19077 Lübesse-Richtung Mirow, Am Wasserwerk</cmt>
		<desc>19077 Lübesse-Richtung Mirow, Am Wasserwerk</desc>
		<src>Landesforst Mecklenburg-Vorpommern</src>
	</wpt>
	<wpt lat="53.491945576580363" lon="12.697078812218603">
		<name>MSE51-037</name>
		<cmt>Ortsausgang Waren, Speckerstraße 114,17192 Waren (Müritz)</cmt>
		<desc>Ortsausgang Waren, Speckerstraße 114,17192 Waren (Müritz)</desc>
		<src>Landesforst Mecklenburg-Vorpommern</src>
	</wpt>
	<wpt lat="53.493228395263138" lon="11.425107505096614">
		<name>LUP47-027</name>
		<cmt>von 19077 Uelitz  nach Sülte Waldbeginn</cmt>
		<desc>von 19077 Uelitz  nach Sülte Waldbeginn</desc>
		<src>Landesforst Mecklenburg-Vorpommern</src>
	</wpt>
	<wpt lat="53.493789595427415" lon="11.256250319451635">
		<name>LUP46-017</name>
		<cmt>von Radelübbe / Bandenitz kommend Ri. Bakendorf (Gemeindestr.) - nach Abzw. Bakendorf ca. 1,8 km - dann Abbiegen auf Betonspurbahn Ri. Forstamt</cmt>
		<desc>von Radelübbe / Bandenitz kommend Ri. Bakendorf (Gemeindestr.) - nach Abzw. Bakendorf ca. 1,8 km - dann Abbiegen auf Betonspurbahn Ri. Forstamt</desc>
		<src>Landesforst Mecklenburg-Vorpommern</src>
	</wpt>
	<wpt lat="53.492261147570005" lon="10.926921222224168">
		<name>LUP45-013</name>
		<cmt>Straße von 19258 Kogel nach 19258 Holzkrug , ca. 500m hinter dem Ortsausgang Kogel, Einfahrt Waldweg</cmt>
		<desc>Straße von 19258 Kogel nach 19258 Holzkrug , ca. 500m hinter dem Ortsausgang Kogel, Einfahrt Waldweg</desc>
		<src>Landesforst Mecklenburg-Vorpommern</src>
	</wpt>
	<wpt lat="53.497494026462427" lon="12.378697383054927">
		<name>MSE50-044</name>
		<cmt>B 192, 17213 Malchow, Parkplatz Aalsee, 300m von BAB-19 Anschlussstelle Malchow Richtung 17213 Alt Schwerin</cmt>
		<desc>B 192, 17213 Malchow, Parkplatz Aalsee, 300m von BAB-19 Anschlussstelle Malchow Richtung 17213 Alt Schwerin</desc>
		<src>Landesforst Mecklenburg-Vorpommern</src>
	</wpt>
	<wpt lat="53.497903854201532" lon="11.648886490067524">
		<name>LUP47-025</name>
		<cmt>19374 Klinken,  über Holzstraße westl. bis Waldeingang; Eingang Klinker Holz</cmt>
		<desc>19374 Klinken,  über Holzstraße westl. bis Waldeingang; Eingang Klinker Holz</desc>
		<src>Landesforst Mecklenburg-Vorpommern</src>
	</wpt>
	<wpt lat="53.495990865646426" lon="11.214070644997134">
		<name>LUP46-050</name>
		<cmt>von Gammelin kommend Ri. Viez (K 62) - in Bakendorf Ri. Bakendorf-Siedlung abbiegen - Straße gerade aus folgen bis Waldeingang</cmt>
		<desc>von Gammelin kommend Ri. Viez (K 62) - in Bakendorf Ri. Bakendorf-Siedlung abbiegen - Straße gerade aus folgen bis Waldeingang</desc>
		<src>Landesforst Mecklenburg-Vorpommern</src>
	</wpt>
	<wpt lat="53.498165832976106" lon="12.328836117468327">
		<name>MSE49-016</name>
		<cmt>hinter der Fischgaststätte ca. 500m, an der Brücke zum Eingang "Insel Werder"</cmt>
		<desc>hinter der Fischgaststätte ca. 500m, an der Brücke zum Eingang "Insel Werder"</desc>
		<src>Landesforst Mecklenburg-Vorpommern</src>
	</wpt>
	<wpt lat="53.490712480467565" lon="13.405469801186628">
		<name>MSE53-004</name>
		<cmt>von OA OT 17349 Dewitz L 33 in Richtung 17349 OT Leppin bis Waldeingang links</cmt>
		<desc>von OA OT 17349 Dewitz L 33 in Richtung 17349 OT Leppin bis Waldeingang links</desc>
		<src>Landesforst Mecklenburg-Vorpommern</src>
	</wpt>
	<wpt lat="53.496039656464056" lon="11.0108680373437">
		<name>LUP46-059</name>
		<cmt>K 11 von 19243 Dodow in Richtung 19243 Lehsen nach ca. 700 m links in den Wald zum  Friedhof</cmt>
		<desc>K 11 von 19243 Dodow in Richtung 19243 Lehsen nach ca. 700 m links in den Wald zum  Friedhof</desc>
		<src>Landesforst Mecklenburg-Vorpommern</src>
	</wpt>
	<wpt lat="53.50146081375275" lon="11.807641742521572">
		<name>LUP48-017</name>
		<cmt>von 19374 Bergrade Hof, Waldeingang südl. Sophienhof -Spinne</cmt>
		<desc>von 19374 Bergrade Hof, Waldeingang südl. Sophienhof -Spinne</desc>
		<src>Landesforst Mecklenburg-Vorpommern</src>
	</wpt>
	<wpt lat="53.500283548227301" lon="12.688323129985365">
		<name>MSE51-035</name>
		<cmt>Waldeingang Einfahrt Wienpietschweg, Am Wienpietschweg, 17192 Waren (Müritz)</cmt>
		<desc>Waldeingang Einfahrt Wienpietschweg, Am Wienpietschweg, 17192 Waren (Müritz)</desc>
		<src>Landesforst Mecklenburg-Vorpommern</src>
	</wpt>
	<wpt lat="53.500505004905051" lon="12.670812629981103">
		<name>MSE51-040</name>
		<cmt>Parkplatz Seehotel Ecktannen, Fontanestraße 51,17192 Waren (Müritz)</cmt>
		<desc>Parkplatz Seehotel Ecktannen, Fontanestraße 51,17192 Waren (Müritz)</desc>
		<src>Landesforst Mecklenburg-Vorpommern</src>
	</wpt>
	<wpt lat="53.497205113574203" lon="10.816000594658522">
		<name>LUP45-012</name>
		<cmt>Weg von 19258 Gallin westwärts zum Waldgebiet Heidetannen  nach ca. 1km, Ende Betonweg</cmt>
		<desc>Weg von 19258 Gallin westwärts zum Waldgebiet Heidetannen  nach ca. 1km, Ende Betonweg</desc>
		<src>Landesforst Mecklenburg-Vorpommern</src>
	</wpt>
	<wpt lat="53.503617449529337" lon="11.732490635661538">
		<name>LUP48-016</name>
		<cmt>19374 Friedrichsruhe -Schlieven, Abzweig Klinker Schneise</cmt>
		<desc>19374 Friedrichsruhe -Schlieven, Abzweig Klinker Schneise</desc>
		<src>Landesforst Mecklenburg-Vorpommern</src>
	</wpt>
	<wpt lat="53.491911550013242" lon="13.695602805988795">
		<name>VG54-010</name>
		<cmt>17335;Glantzhof;B 104, Strasburg - Woldegk;Parkplatz Glantzhof, Haus Nr.6</cmt>
		<desc>17335;Glantzhof;B 104, Strasburg - Woldegk;Parkplatz Glantzhof, Haus Nr.6</desc>
		<src>Landesforst Mecklenburg-Vorpommern</src>
	</wpt>
	<wpt lat="53.503878824085021" lon="11.566607528592924">
		<name>LUP47-024</name>
		<cmt>19079 Banzkow, Friedrichschneise,Rastplatz Am Wasserloch</cmt>
		<desc>19079 Banzkow, Friedrichschneise,Rastplatz Am Wasserloch</desc>
		<src>Landesforst Mecklenburg-Vorpommern</src>
	</wpt>
	<wpt lat="53.500162168473587" lon="13.240182819431467">
		<name>MSE52-016</name>
		<cmt>Einfahrt B96 Todeskurve, Streckenplatz</cmt>
		<desc>Einfahrt B96 Todeskurve, Streckenplatz</desc>
		<src>Landesforst Mecklenburg-Vorpommern</src>
	</wpt>
	<wpt lat="53.487023854037091" lon="14.181366983931984">
		<name>VG55-011</name>
		<cmt>17321;Gorkow;Strasse Löcknitz - Gorkow, kurz vor Gorkow rechts</cmt>
		<desc>17321;Gorkow;Strasse Löcknitz - Gorkow, kurz vor Gorkow rechts</desc>
		<src>Landesforst Mecklenburg-Vorpommern</src>
	</wpt>
	<wpt lat="53.507058504295777" lon="11.545319067113949">
		<name>LUP47-022</name>
		<cmt>von 19079 Banzkow entlang  südl. Friedrich-Franz- Kanal , Waldanfang,am Hichtensiel</cmt>
		<desc>von 19079 Banzkow entlang  südl. Friedrich-Franz- Kanal , Waldanfang,am Hichtensiel</desc>
		<src>Landesforst Mecklenburg-Vorpommern</src>
	</wpt>
	<wpt lat="53.504772469687246" lon="10.971346186947406">
		<name>LUP45-011</name>
		<cmt>Landweg zwischen Kogel und Dodow, nach ca. 1,7 km an der Einfahrt Hauptwaldweg</cmt>
		<desc>Landweg zwischen Kogel und Dodow, nach ca. 1,7 km an der Einfahrt Hauptwaldweg</desc>
		<src>Landesforst Mecklenburg-Vorpommern</src>
	</wpt>
	<wpt lat="53.50924381163847" lon="11.907741941733301">
		<name>LUP48-015</name>
		<cmt>K 117, 19386 Bahlenrade nördl.Waldeingang</cmt>
		<desc>K 117, 19386 Bahlenrade nördl.Waldeingang</desc>
		<src>Landesforst Mecklenburg-Vorpommern</src>
	</wpt>
	<wpt lat="53.504909113165915" lon="13.264091611972185">
		<name>MSE52-015</name>
		<cmt>MSE 83 ca. 200 m der Fa. Telekom</cmt>
		<desc>MSE 83 ca. 200 m der Fa. Telekom</desc>
		<src>Landesforst Mecklenburg-Vorpommern</src>
	</wpt>
	<wpt lat="53.490754698415429" lon="14.275451117597411">
		<name>VG55-010</name>
		<cmt>17322;Boock;Strasse Boock - Blankensee, 450m hinter Behinderten-/Seniorenheim in Richtung Blankensee, scharfe Linkskurve; Abzeig Landweg nach Plöwen; Abzweig in Kurve</cmt>
		<desc>17322;Boock;Strasse Boock - Blankensee, 450m hinter Behinderten-/Seniorenheim in Richtung Blankensee, scharfe Linkskurve; Abzeig Landweg nach Plöwen; Abzweig in Kurve</desc>
		<src>Landesforst Mecklenburg-Vorpommern</src>
	</wpt>
	<wpt lat="53.5103096419924" lon="12.753678979510859">
		<name>MSE51-058</name>
		<cmt>17192 Kargow, Dorfstraße von B 192 Richtung kargow in 90 ° Kurve geradeaus 300 m am Waldeingang</cmt>
		<desc>17192 Kargow, Dorfstraße von B 192 Richtung kargow in 90 ° Kurve geradeaus 300 m am Waldeingang</desc>
		<src>Landesforst Mecklenburg-Vorpommern</src>
	</wpt>
	<wpt lat="53.495869723843818" lon="14.006183876511882">
		<name>VG55-009</name>
		<cmt>17309;Pasewalk;Strasse Pasewalk - Bröllin, Waldbeginn</cmt>
		<desc>17309;Pasewalk;Strasse Pasewalk - Bröllin, Waldbeginn</desc>
		<src>Landesforst Mecklenburg-Vorpommern</src>
	</wpt>
	<wpt lat="53.512896575462996" lon="12.270876101445687">
		<name>LUP49-015</name>
		<cmt>B103 Eingang Dorf Leisten</cmt>
		<desc>B103 Eingang Dorf Leisten</desc>
		<src>Landesforst Mecklenburg-Vorpommern</src>
	</wpt>
	<wpt lat="53.508025595252931" lon="10.851732915005819">
		<name>LUP45-010</name>
		<cmt>Imbißparkplatz am Eingang des Gewerbegebiet 19258 Gallin Ost</cmt>
		<desc>Imbißparkplatz am Eingang des Gewerbegebiet 19258 Gallin Ost</desc>
		<src>Landesforst Mecklenburg-Vorpommern</src>
	</wpt>
	<wpt lat="53.512222782970973" lon="12.713120806818193">
		<name>MSE51-034</name>
		<cmt>Einfahrt Godower Landweg, Straße Kiebitzberg in 17192 Waren (Müritz)</cmt>
		<desc>Einfahrt Godower Landweg, Straße Kiebitzberg in 17192 Waren (Müritz)</desc>
		<src>Landesforst Mecklenburg-Vorpommern</src>
	</wpt>
	<wpt lat="53.513559059148015" lon="12.442865040532489">
		<name>MSE50-023</name>
		<cmt>17214 Silz, am Kreisverkehr ca. 700 Meter Richtung Campingplatz Silz am Waldeingang</cmt>
		<desc>17214 Silz, am Kreisverkehr ca. 700 Meter Richtung Campingplatz Silz am Waldeingang</desc>
		<src>Landesforst Mecklenburg-Vorpommern</src>
	</wpt>
	<wpt lat="53.51499839859413" lon="11.603715184923466">
		<name>LUP47-020</name>
		<cmt>gegenüber Försterei 19089 Bahlenhüschen</cmt>
		<desc>gegenüber Försterei 19089 Bahlenhüschen</desc>
		<src>Landesforst Mecklenburg-Vorpommern</src>
	</wpt>
	<wpt lat="53.515362753484588" lon="11.584624101823401">
		<name>LUP47-021</name>
		<cmt>von 19089 Bahlenhüschen,von Kreuzung im Ort südl.  Waldeingang über Sodweg</cmt>
		<desc>von 19089 Bahlenhüschen,von Kreuzung im Ort südl.  Waldeingang über Sodweg</desc>
		<src>Landesforst Mecklenburg-Vorpommern</src>
	</wpt>
	<wpt lat="53.514261830326355" lon="11.29368123753696">
		<name>LUP46-016</name>
		<cmt>zw. Warsow und Bandenitz ( B 321) an Ampelkreuzung Radelübbe / Besendorf abbiegen Ri. Radelübbe - Straße "Sandkrug" 120 m folgen, rechts Betriebsgelände "Sude-Hof GmbH"</cmt>
		<desc>zw. Warsow und Bandenitz ( B 321) an Ampelkreuzung Radelübbe / Besendorf abbiegen Ri. Radelübbe - Straße "Sandkrug" 120 m folgen, rechts Betriebsgelände "Sude-Hof GmbH"</desc>
		<src>Landesforst Mecklenburg-Vorpommern</src>
	</wpt>
	<wpt lat="53.51513871149649" lon="12.657621522960413">
		<name>MSE50-042</name>
		<cmt>Parkplatz Kletterwald Waren, in 17192 Waren (Müritz) ca 400m südlich der B192</cmt>
		<desc>Parkplatz Kletterwald Waren, in 17192 Waren (Müritz) ca 400m südlich der B192</desc>
		<src>Landesforst Mecklenburg-Vorpommern</src>
	</wpt>
	<wpt lat="53.513272499124803" lon="13.035886027053314">
		<name>MSE52-040</name>
		<cmt>RP direkt an B192 nördl. Seite; Einfahrt "Schmorter Wald"; von 17217 Penzlin in Richtung Waren rechts</cmt>
		<desc>RP direkt an B192 nördl. Seite; Einfahrt "Schmorter Wald"; von 17217 Penzlin in Richtung Waren rechts</desc>
		<src>Landesforst Mecklenburg-Vorpommern</src>
	</wpt>
	<wpt lat="53.516409453963306" lon="12.619759043344533">
		<name>MSE50-041</name>
		<cmt>Parkplatz Einfahrt Badestelle Kölpinsee ca. 500m westlich Europäische Akademie Eidenholz 23,17192 Waren Müritz, links</cmt>
		<desc>Parkplatz Einfahrt Badestelle Kölpinsee ca. 500m westlich Europäische Akademie Eidenholz 23,17192 Waren Müritz, links</desc>
		<src>Landesforst Mecklenburg-Vorpommern</src>
	</wpt>
	<wpt lat="53.516139553624392" lon="11.289222799316896">
		<name>LUP46-051</name>
		<cmt>zw. Warsow und Bandenitz ( B 321) an Ampelkreuzung Radelübbe / Besendorf abbiegen Ri. Radelübbe - Straße "Sandkrug" 500 m folgen, rechts in "Gartenweg" einbiegen und folgen</cmt>
		<desc>zw. Warsow und Bandenitz ( B 321) an Ampelkreuzung Radelübbe / Besendorf abbiegen Ri. Radelübbe - Straße "Sandkrug" 500 m folgen, rechts in "Gartenweg" einbiegen und folgen</desc>
		<src>Landesforst Mecklenburg-Vorpommern</src>
	</wpt>
	<wpt lat="53.517962205836831" lon="12.374357454482704">
		<name>MSE50-022</name>
		<cmt>ca. 400 m nordwestlich Ortsausgang 17214 Sparow  Richtung Drewitzsee:Parkplatz Sparower Badestelle</cmt>
		<desc>ca. 400 m nordwestlich Ortsausgang 17214 Sparow  Richtung Drewitzsee:Parkplatz Sparower Badestelle</desc>
		<src>Landesforst Mecklenburg-Vorpommern</src>
	</wpt>
	<wpt lat="53.497788440318793" lon="14.23924375389697">
		<name>VG55-008</name>
		<cmt>17322;Boock;Strasse Boock - Rothenklempenow, Waldeing. Li-Wiese</cmt>
		<desc>17322;Boock;Strasse Boock - Rothenklempenow, Waldeing. Li-Wiese</desc>
		<src>Landesforst Mecklenburg-Vorpommern</src>
	</wpt>
	<wpt lat="53.513716524925051" lon="13.232206819370818">
		<name>MSE52-014</name>
		<cmt>Punkt direkt an den Wendeschleife</cmt>
		<desc>Punkt direkt an den Wendeschleife</desc>
		<src>Landesforst Mecklenburg-Vorpommern</src>
	</wpt>
	<wpt lat="53.518943049064291" lon="11.459471870302119">
		<name>LUP47-051</name>
		<cmt>19077 Hasenhäge-Waldeingang an Buswendeschleife</cmt>
		<desc>19077 Hasenhäge-Waldeingang an Buswendeschleife</desc>
		<src>Landesforst Mecklenburg-Vorpommern</src>
	</wpt>
	<wpt lat="53.519173084637721" lon="11.442203040912753">
		<name>LUP47-019</name>
		<cmt>19077 Hasenhäge-Sülte, Beginn/Abzweig  Straße Hamburger Frachtweg</cmt>
		<desc>19077 Hasenhäge-Sülte, Beginn/Abzweig  Straße Hamburger Frachtweg</desc>
		<src>Landesforst Mecklenburg-Vorpommern</src>
	</wpt>
	<wpt lat="53.517298991543655" lon="10.897204439083096">
		<name>LUP45-009</name>
		<cmt>B 195, 700m von BAB 24 Abfahrt Zarrentin nach 19246 Lüttow, Waldende rechts</cmt>
		<desc>B 195, 700m von BAB 24 Abfahrt Zarrentin nach 19246 Lüttow, Waldende rechts</desc>
		<src>Landesforst Mecklenburg-Vorpommern</src>
	</wpt>
	<wpt lat="53.522511537490708" lon="11.36911347748867">
		<name>LUP47-017</name>
		<cmt>19077 Sülstorf- 19075 Holthusen,  Eingang Hothuser Tannen - Abzweig Hundepension; Straße Alter Frachtweg</cmt>
		<desc>19077 Sülstorf- 19075 Holthusen,  Eingang Hothuser Tannen - Abzweig Hundepension; Straße Alter Frachtweg</desc>
		<src>Landesforst Mecklenburg-Vorpommern</src>
	</wpt>
	<wpt lat="53.522157438649266" lon="11.22448928983343">
		<name>LUP46-015</name>
		<cmt>zw. Wittenburg und Radelübbe (K 27) im Gammelin auf Brennerweg oder Schulstr. Ri. Siedlung abbiegen und Str. bis zum Wald folgen</cmt>
		<desc>zw. Wittenburg und Radelübbe (K 27) im Gammelin auf Brennerweg oder Schulstr. Ri. Siedlung abbiegen und Str. bis zum Wald folgen</desc>
		<src>Landesforst Mecklenburg-Vorpommern</src>
	</wpt>
	<wpt lat="53.517977528646753" lon="13.396845020470822">
		<name>MSE53-034</name>
		<cmt>K40 MSTvon OA 17249 Dewitz in Richtung 17094 Cölpin ca. 300 m bis Silo, dann links Chaussee in Richtung 17094 Pragsdorf ca.2,2km bis Kreuzung Waldwege,rechts abfahren, dann 700 m bis RP</cmt>
		<desc>K40 MSTvon OA 17249 Dewitz in Richtung 17094 Cölpin ca. 300 m bis Silo, dann links Chaussee in Richtung 17094 Pragsdorf ca.2,2km bis Kreuzung Waldwege,rechts abfahren, dann 700 m bis RP</desc>
		<src>Landesforst Mecklenburg-Vorpommern</src>
	</wpt>
	<wpt lat="53.522284652257873" lon="10.96156977339964">
		<name>LUP45-008</name>
		<cmt>Landweg von 19246 Kölzin in Richtung 19246 Bantin Ausbau, nach ca. 1km rechts am Abzweig zum Waldgebiet Lämmbrache</cmt>
		<desc>Landweg von 19246 Kölzin in Richtung 19246 Bantin Ausbau, nach ca. 1km rechts am Abzweig zum Waldgebiet Lämmbrache</desc>
		<src>Landesforst Mecklenburg-Vorpommern</src>
	</wpt>
	<wpt lat="53.527230922828643" lon="12.547904721061455">
		<name>MSE50-020</name>
		<cmt>Wisenthaus</cmt>
		<desc>Wisenthaus</desc>
		<src>Landesforst Mecklenburg-Vorpommern</src>
	</wpt>
	<wpt lat="53.52809246094268" lon="11.603394951156327">
		<name>LUP47-016</name>
		<cmt>von 19089 Göhren, Waldeingang nach Försterei Bahlenhüschen</cmt>
		<desc>von 19089 Göhren, Waldeingang nach Försterei Bahlenhüschen</desc>
		<src>Landesforst Mecklenburg-Vorpommern</src>
	</wpt>
	<wpt lat="53.529518268134396" lon="12.469999810887495">
		<name>MSE50-019</name>
		<cmt>Ortsausgang 17214 Nossentin Richtung 17194 Jabel, ca. 1km an der Kreuzung L20-"Ablageweg" auf dem Waldparkplatz auf der rechten Seite</cmt>
		<desc>Ortsausgang 17214 Nossentin Richtung 17194 Jabel, ca. 1km an der Kreuzung L20-"Ablageweg" auf dem Waldparkplatz auf der rechten Seite</desc>
		<src>Landesforst Mecklenburg-Vorpommern</src>
	</wpt>
	<wpt lat="53.529573305448515" lon="11.398464850192793">
		<name>LUP47-014</name>
		<cmt>19077 Boldela, Mitte Am Kriegerdenkmal</cmt>
		<desc>19077 Boldela, Mitte Am Kriegerdenkmal</desc>
		<src>Landesforst Mecklenburg-Vorpommern</src>
	</wpt>
	<wpt lat="53.531143479672401" lon="11.713404293338085">
		<name>LUP48-044</name>
		<cmt>19089 Ruthenbeck- Am Hellberg</cmt>
		<desc>19089 Ruthenbeck- Am Hellberg</desc>
		<src>Landesforst Mecklenburg-Vorpommern</src>
	</wpt>
	<wpt lat="53.531359899008713" lon="11.778555267531965">
		<name>LUP48-011</name>
		<cmt>K 17, 19374 Goldenbow-Frauenmark, Waldausgang bei Frauenmark,Abzweig Teiche</cmt>
		<desc>K 17, 19374 Goldenbow-Frauenmark, Waldausgang bei Frauenmark,Abzweig Teiche</desc>
		<src>Landesforst Mecklenburg-Vorpommern</src>
	</wpt>
	<wpt lat="53.528576725829083" lon="10.985500222563834">
		<name>LUP45-041</name>
		<cmt>von Wittenburg kommend Ri. Zarrentin (L 04) - Kreuzung Bantin-Ausbau rechts abbiegen, Str."Waldweg" folgen bis rechts abbiegend auf Abfuhrweg</cmt>
		<desc>von Wittenburg kommend Ri. Zarrentin (L 04) - Kreuzung Bantin-Ausbau rechts abbiegen, Str."Waldweg" folgen bis rechts abbiegend auf Abfuhrweg</desc>
		<src>Landesforst Mecklenburg-Vorpommern</src>
	</wpt>
	<wpt lat="53.53191967224096" lon="12.527468042287232">
		<name>MSE50-018</name>
		<cmt>L205 Bahnübergang Abzweig Jugendwaldheim Loppin, ca. 600m südwestlich von 17194 Jabel, am Waldeingang rechts</cmt>
		<desc>L205 Bahnübergang Abzweig Jugendwaldheim Loppin, ca. 600m südwestlich von 17194 Jabel, am Waldeingang rechts</desc>
		<src>Landesforst Mecklenburg-Vorpommern</src>
	</wpt>
	<wpt lat="53.511238535551541" lon="14.305110889068999">
		<name>VG55-007</name>
		<cmt>17322 Blankensee ,Blankensee vom Sportplatz ca. 150m Richtung Plöwen re Seite</cmt>
		<desc>17322 Blankensee ,Blankensee vom Sportplatz ca. 150m Richtung Plöwen re Seite</desc>
		<src>Landesforst Mecklenburg-Vorpommern</src>
	</wpt>
	<wpt lat="53.532984005592716" lon="12.499819696061991">
		<name>MSE50-017</name>
		<cmt>Ortsausgang 17214 Nossentin ca.3,1 km in Richtung Jabel auf der linken Seite der L205 auf dem Waldparkplatz</cmt>
		<desc>Ortsausgang 17214 Nossentin ca.3,1 km in Richtung Jabel auf der linken Seite der L205 auf dem Waldparkplatz</desc>
		<src>Landesforst Mecklenburg-Vorpommern</src>
	</wpt>
	<wpt lat="53.532642674301016" lon="12.705445410408903">
		<name>MSE51-041</name>
		<cmt>Forsthaus Warener Werder,Am Werder 3,17192 Waren (Müritz), Waldeingang</cmt>
		<desc>Forsthaus Warener Werder,Am Werder 3,17192 Waren (Müritz), Waldeingang</desc>
		<src>Landesforst Mecklenburg-Vorpommern</src>
	</wpt>
	<wpt lat="53.529129087941342" lon="13.320244209109198">
		<name>MSE52-009</name>
		<cmt>MSE 85 vor den Kleingartenanlagen</cmt>
		<desc>MSE 85 vor den Kleingartenanlagen</desc>
		<src>Landesforst Mecklenburg-Vorpommern</src>
	</wpt>
	<wpt lat="53.535941823869237" lon="11.647420171489218">
		<name>LUP47-013</name>
		<cmt>L09,19089 Tramm Richtung-Crivitz, Waldanfang/Abzweig  zur 19089 Trammer Siedlung</cmt>
		<desc>L09,19089 Tramm Richtung-Crivitz, Waldanfang/Abzweig  zur 19089 Trammer Siedlung</desc>
		<src>Landesforst Mecklenburg-Vorpommern</src>
	</wpt>
	<wpt lat="53.531078572041189" lon="13.245150201871516">
		<name>MSE52-008</name>
		<cmt>Stadtwald / großer Parkplatz / Ende Einfahrt Augustabad</cmt>
		<desc>Stadtwald / großer Parkplatz / Ende Einfahrt Augustabad</desc>
		<src>Landesforst Mecklenburg-Vorpommern</src>
	</wpt>
	<wpt lat="53.534643096399272" lon="11.003280101073969">
		<name>LUP46-058</name>
		<cmt>von Wittenburg kommend Ri. Karft (K 24) - in Karft "Schilde"-Brücke überqueren, nach ca. 120 m Kreuzung links abbiegen, Betonweg ca. 1,85 km folgen, an der Linkskurve weitere ca. 650 m auf Betonweg Ri. Wald, dann am Waldrand entlang ca. 700 m</cmt>
		<desc>von Wittenburg kommend Ri. Karft (K 24) - in Karft "Schilde"-Brücke überqueren, nach ca. 120 m Kreuzung links abbiegen, Betonweg ca. 1,85 km folgen, an der Linkskurve weitere ca. 650 m auf Betonweg Ri. Wald, dann am Waldrand entlang ca. 700 m</desc>
		<src>Landesforst Mecklenburg-Vorpommern</src>
	</wpt>
	<wpt lat="53.538480292035771" lon="11.694588493360204">
		<name>LUP48-009</name>
		<cmt>Waldeingang von 19089 Ruthenbeck nach Zapel</cmt>
		<desc>Waldeingang von 19089 Ruthenbeck nach Zapel</desc>
		<src>Landesforst Mecklenburg-Vorpommern</src>
	</wpt>
	<wpt lat="53.538042631342165" lon="11.548321469248894">
		<name>LUP47-012</name>
		<cmt>Waldeingang von 19079 Sukow nach Banzkow Neddelrad</cmt>
		<desc>Waldeingang von 19079 Sukow nach Banzkow Neddelrad</desc>
		<src>Landesforst Mecklenburg-Vorpommern</src>
	</wpt>
	<wpt lat="53.539061830470928" lon="13.296773266495176">
		<name>MSE52-043</name>
		<cmt>Abt.6258, Waldeingang Mühlenholz von Neubrandenburg "SJZ"Wohngebiet Oststadt  kommend Richtung Burgstargard; Zusatz:  Hinter Kieskuhle</cmt>
		<desc>Abt.6258, Waldeingang Mühlenholz von Neubrandenburg "SJZ"Wohngebiet Oststadt  kommend Richtung Burgstargard; Zusatz:  Hinter Kieskuhle</desc>
		<src>Landesforst Mecklenburg-Vorpommern</src>
	</wpt>
	<wpt lat="53.536810366563053" lon="10.953502209422984">
		<name>LUP45-007</name>
		<cmt>von Zarrentin kommend Ri. Wittenburg (L 04) - am Ortseingang Schaalmühle links abbiegen, Weg ca. 800 m folgen, an der Gabelung hinter "Schaalebrücke" links halten bis Waldbeginn</cmt>
		<desc>von Zarrentin kommend Ri. Wittenburg (L 04) - am Ortseingang Schaalmühle links abbiegen, Weg ca. 800 m folgen, an der Gabelung hinter "Schaalebrücke" links halten bis Waldbeginn</desc>
		<src>Landesforst Mecklenburg-Vorpommern</src>
	</wpt>
	<wpt lat="53.543344688284286" lon="12.273467372759566">
		<name>LUP49-025</name>
		<cmt>Ort Karow, Ortkruger Weg-Waldeingang</cmt>
		<desc>Ort Karow, Ortkruger Weg-Waldeingang</desc>
		<src>Landesforst Mecklenburg-Vorpommern</src>
	</wpt>
	<wpt lat="53.523440446346967" lon="14.241778266656558">
		<name>VG55-006</name>
		<cmt>17321;Mewegen;Nördlich Ortschaft Mewegen,; hinter Haus Heuweg Nr. 21 am  Waldeingang</cmt>
		<desc>17321;Mewegen;Nördlich Ortschaft Mewegen,; hinter Haus Heuweg Nr. 21 am  Waldeingang</desc>
		<src>Landesforst Mecklenburg-Vorpommern</src>
	</wpt>
	<wpt lat="53.544091576275925" lon="11.680190768634144">
		<name>LUP48-007</name>
		<cmt>Waldeingang von 19089 Zapel nach Ruthenbeck</cmt>
		<desc>Waldeingang von 19089 Zapel nach Ruthenbeck</desc>
		<src>Landesforst Mecklenburg-Vorpommern</src>
	</wpt>
	<wpt lat="53.541400027856639" lon="11.015853177084612">
		<name>LUP46-054</name>
		<cmt>von Wittenburg kommend Ri. Karft (K 24) - in Karft "Schilde"-Brücke überqueren, nach ca. 120 m Kreuzung links abbiegen, Betonweg ca. 1,85 km folgen</cmt>
		<desc>von Wittenburg kommend Ri. Karft (K 24) - in Karft "Schilde"-Brücke überqueren, nach ca. 120 m Kreuzung links abbiegen, Betonweg ca. 1,85 km folgen</desc>
		<src>Landesforst Mecklenburg-Vorpommern</src>
	</wpt>
	<wpt lat="53.543428417704149" lon="11.160288007865208">
		<name>LUP46-013</name>
		<cmt>von Wittenburg kommend Ri. Dümmer (L 042) - nach Abzweig Pogreß ca. 170 m weiter, dann rechts abbiegen auf Waldweg, diesem im Wald ca. 280 m folgen</cmt>
		<desc>von Wittenburg kommend Ri. Dümmer (L 042) - nach Abzweig Pogreß ca. 170 m weiter, dann rechts abbiegen auf Waldweg, diesem im Wald ca. 280 m folgen</desc>
		<src>Landesforst Mecklenburg-Vorpommern</src>
	</wpt>
	<wpt lat="53.54235227356719" lon="10.994889684648374">
		<name>LUP45-006</name>
		<cmt>von Zarrentin kommend Ri. Wittenburg (L 04) - Abzw. Ri. Bantin - in Bantin Ri. Karft ( ca. 250 m Teerstr., dann Betonspurweg "Hosenträgerweg"), ca. 1,75 km bis Wald</cmt>
		<desc>von Zarrentin kommend Ri. Wittenburg (L 04) - Abzw. Ri. Bantin - in Bantin Ri. Karft ( ca. 250 m Teerstr., dann Betonspurweg "Hosenträgerweg"), ca. 1,75 km bis Wald</desc>
		<src>Landesforst Mecklenburg-Vorpommern</src>
	</wpt>
	<wpt lat="53.544346596584766" lon="11.074645645487236">
		<name>LUP46-014</name>
		<cmt>von Wittenburg kommend Ri. Lützow (L 05) - in Püttelkow ca. 500 m nach Ortseingang Kreuzung links abbiegen, Betonspur folgen, nach ca. 800 m scharf links abbiegen, nach ca. 100 m in den Wald</cmt>
		<desc>von Wittenburg kommend Ri. Lützow (L 05) - in Püttelkow ca. 500 m nach Ortseingang Kreuzung links abbiegen, Betonspur folgen, nach ca. 800 m scharf links abbiegen, nach ca. 100 m in den Wald</desc>
		<src>Landesforst Mecklenburg-Vorpommern</src>
	</wpt>
	<wpt lat="53.544219958513494" lon="10.94122343314581">
		<name>LUP45-040</name>
		<cmt>von Zarrentin kommend Ri. Boissow (L 041) - auf Lassahner Chaussee links abbiegen am Abzw. Ri. Schaliß</cmt>
		<desc>von Zarrentin kommend Ri. Boissow (L 041) - auf Lassahner Chaussee links abbiegen am Abzw. Ri. Schaliß</desc>
		<src>Landesforst Mecklenburg-Vorpommern</src>
	</wpt>
	<wpt lat="53.547174717499374" lon="12.664259543682734">
		<name>MSE50-043</name>
		<cmt>Waldeingang Schwarzer Weg, ca. 1,5km südlich von Vielist, zwischen 17194 Vielist und 17192 Waren (Müritz) und dann ca. 600m östlich der B108 an der Waldkante, rechts</cmt>
		<desc>Waldeingang Schwarzer Weg, ca. 1,5km südlich von Vielist, zwischen 17194 Vielist und 17192 Waren (Müritz) und dann ca. 600m östlich der B108 an der Waldkante, rechts</desc>
		<src>Landesforst Mecklenburg-Vorpommern</src>
	</wpt>
	<wpt lat="53.54310859954802" lon="13.206115953375962">
		<name>MSE52-006</name>
		<cmt>Punkt an die Waldkante bzw. große Wegeeinfahrt, Ortschaft 17039 Neuendorf</cmt>
		<desc>Punkt an die Waldkante bzw. große Wegeeinfahrt, Ortschaft 17039 Neuendorf</desc>
		<src>Landesforst Mecklenburg-Vorpommern</src>
	</wpt>
	<wpt lat="53.549241034768642" lon="12.224629517613586">
		<name>LUP49-013</name>
		<cmt>An der Kaserne Neu Damerow</cmt>
		<desc>An der Kaserne Neu Damerow</desc>
		<src>Landesforst Mecklenburg-Vorpommern</src>
	</wpt>
	<wpt lat="53.546862807357734" lon="11.103809472005191">
		<name>LUP46-012</name>
		<cmt>von Wittenburg kommend Ri. Püttelkow (L 05) - in Püttelkow ca. 1,1 km nach Ortseingang rechts auf Betonweg abbiegen, diesem ca. 1 km folgen</cmt>
		<desc>von Wittenburg kommend Ri. Püttelkow (L 05) - in Püttelkow ca. 1,1 km nach Ortseingang rechts auf Betonweg abbiegen, diesem ca. 1 km folgen</desc>
		<src>Landesforst Mecklenburg-Vorpommern</src>
	</wpt>
	<wpt lat="53.549056170154579" lon="11.322919767180068">
		<name>LUP46-011</name>
		<cmt>B 321 (19075 Pampow-Warsow) Im Schlingen, Kreuzung Holthuser Wiesenweg</cmt>
		<desc>B 321 (19075 Pampow-Warsow) Im Schlingen, Kreuzung Holthuser Wiesenweg</desc>
		<src>Landesforst Mecklenburg-Vorpommern</src>
	</wpt>
	<wpt lat="53.549548413422784" lon="11.3841833173623">
		<name>LUP47-011</name>
		<cmt>19075 Holthusen, Waldeingang  zum Alten Forstamt</cmt>
		<desc>19075 Holthusen, Waldeingang  zum Alten Forstamt</desc>
		<src>Landesforst Mecklenburg-Vorpommern</src>
	</wpt>
	<wpt lat="53.547962375048101" lon="11.051467436564586">
		<name>LUP46-055</name>
		<cmt>von Wittenburg kommend Ri. Karft / Tessin (K 24) - in Karft ca. 120 m nach der "Schildebrücke" rechts ab Ri. Raguth bis ca. 1,2 km zum Wald</cmt>
		<desc>von Wittenburg kommend Ri. Karft / Tessin (K 24) - in Karft ca. 120 m nach der "Schildebrücke" rechts ab Ri. Raguth bis ca. 1,2 km zum Wald</desc>
		<src>Landesforst Mecklenburg-Vorpommern</src>
	</wpt>
	<wpt lat="53.55135138537878" lon="12.311896568885182">
		<name>MSE49-031</name>
		<cmt>Hauptabfuhrweg Waldgut Glashütte ca. 2,3km nördlich von 17214 Glashütte, rechts (Rot-Weißer Betonpfahl)</cmt>
		<desc>Hauptabfuhrweg Waldgut Glashütte ca. 2,3km nördlich von 17214 Glashütte, rechts (Rot-Weißer Betonpfahl)</desc>
		<src>Landesforst Mecklenburg-Vorpommern</src>
	</wpt>
	<wpt lat="53.551435692590381" lon="11.709541655002809">
		<name>LUP48-040</name>
		<cmt>B 321 Richtung Parchim 500 m hinter 19089Zapel-Ausbau Waldeingang links, Abt. 306</cmt>
		<desc>B 321 Richtung Parchim 500 m hinter 19089Zapel-Ausbau Waldeingang links, Abt. 306</desc>
		<src>Landesforst Mecklenburg-Vorpommern</src>
	</wpt>
	<wpt lat="53.542353224618552" lon="13.53248615621324">
		<name>MSE53-035</name>
		<cmt>nördlichöstlich von 17349 Neetzka Bahnübergang ca. 2,5 km Gemeindestraße Richtung 17349 Ulrichshof, dann kurz vor Waldausgang Waldeinfahrt rechts - gegenüber Kuckuckssee</cmt>
		<desc>nördlichöstlich von 17349 Neetzka Bahnübergang ca. 2,5 km Gemeindestraße Richtung 17349 Ulrichshof, dann kurz vor Waldausgang Waldeinfahrt rechts - gegenüber Kuckuckssee</desc>
		<src>Landesforst Mecklenburg-Vorpommern</src>
	</wpt>
	<wpt lat="53.54954154034899" lon="11.16843032301932">
		<name>LUP46-010</name>
		<cmt>Landstraße L 042 Wittenburg - Schwerin ( Abschnitt Dreilützow - Parum ) ; Von Wittenburg kommend, ab Abzweig Pogreß ca. 900 m die L 042 weiterfahren in Richtung Parum. In der leichten Rechtskurve hier den Waldweg links reinfahren, nach ca. 130 m</cmt>
		<desc>Landstraße L 042 Wittenburg - Schwerin ( Abschnitt Dreilützow - Parum ) ; Von Wittenburg kommend, ab Abzweig Pogreß ca. 900 m die L 042 weiterfahren in Richtung Parum. In der leichten Rechtskurve hier den Waldweg links reinfahren, nach ca. 130 m</desc>
		<src>Landesforst Mecklenburg-Vorpommern</src>
	</wpt>
	<wpt lat="53.550296941680152" lon="11.082278041752796">
		<name>LUP46-009</name>
		<cmt>von Wittenburg kommend Ri. Püttelkow (L 05) - in Püttelkow ca. 600 m nach Ortseingang links abbiegen, diesem ca. 950 m folgen bis zum Wald</cmt>
		<desc>von Wittenburg kommend Ri. Püttelkow (L 05) - in Püttelkow ca. 600 m nach Ortseingang links abbiegen, diesem ca. 950 m folgen bis zum Wald</desc>
		<src>Landesforst Mecklenburg-Vorpommern</src>
	</wpt>
	<wpt lat="53.556633247730296" lon="11.646043459566547">
		<name>LUP47-010</name>
		<cmt>L 09, 19089 Tramm-Crivitz, Abzweig 19089 Militzhof, bei Försterei Zapel</cmt>
		<desc>L 09, 19089 Tramm-Crivitz, Abzweig 19089 Militzhof, bei Försterei Zapel</desc>
		<src>Landesforst Mecklenburg-Vorpommern</src>
	</wpt>
	<wpt lat="53.550882239843418" lon="13.237786986786594">
		<name>MSE52-004</name>
		<cmt>öffentliche Strasse verschieben K73</cmt>
		<desc>öffentliche Strasse verschieben K73</desc>
		<src>Landesforst Mecklenburg-Vorpommern</src>
	</wpt>
	<wpt lat="53.555226689423854" lon="12.741100531795054">
		<name>MSE51-039</name>
		<cmt>Einfahrt Waldrand Seeblänken, ca. 1,2km nördlich von 17192 Rügeband an der Warener Straße in Richtung 17192 Groß Gievitz</cmt>
		<desc>Einfahrt Waldrand Seeblänken, ca. 1,2km nördlich von 17192 Rügeband an der Warener Straße in Richtung 17192 Groß Gievitz</desc>
		<src>Landesforst Mecklenburg-Vorpommern</src>
	</wpt>
	<wpt lat="53.558101559497658" lon="12.111608368059244">
		<name>LUP49-011</name>
		<cmt>Woosten in Richtung Kressin an der Abfahrt Neu Woosten große Kurve</cmt>
		<desc>Woosten in Richtung Kressin an der Abfahrt Neu Woosten große Kurve</desc>
		<src>Landesforst Mecklenburg-Vorpommern</src>
	</wpt>
	<wpt lat="53.555756252543731" lon="12.921668155419095">
		<name>MSE51-030</name>
		<cmt>17192 Lehsten Richtung Möllenhagen, Abzweig Bauernberg</cmt>
		<desc>17192 Lehsten Richtung Möllenhagen, Abzweig Bauernberg</desc>
		<src>Landesforst Mecklenburg-Vorpommern</src>
	</wpt>
	<wpt lat="53.560987563532194" lon="11.902550986930056">
		<name>LUP48-006</name>
		<cmt>Südwestlich der Ortslage 19374 Mestlin,  von B 392 Richtung Forsthof, Abzweig Schlackestraße Abt. 4309</cmt>
		<desc>Südwestlich der Ortslage 19374 Mestlin,  von B 392 Richtung Forsthof, Abzweig Schlackestraße Abt. 4309</desc>
		<src>Landesforst Mecklenburg-Vorpommern</src>
	</wpt>
	<wpt lat="53.560467332418163" lon="12.557736007782784">
		<name>MSE50-010</name>
		<cmt>KAP-Straße 1. Kreuzung ca. 3km nördlich von Jabel,zwischen 17194 Jabel und 17194 Grabowhöfe, links</cmt>
		<desc>KAP-Straße 1. Kreuzung ca. 3km nördlich von Jabel,zwischen 17194 Jabel und 17194 Grabowhöfe, links</desc>
		<src>Landesforst Mecklenburg-Vorpommern</src>
	</wpt>
	<wpt lat="53.560614533550343" lon="11.440577827610426">
		<name>SN47-008</name>
		<cmt>westlich Kreuzung   Stern Buchholz</cmt>
		<desc>westlich Kreuzung   Stern Buchholz</desc>
		<src>Landesforst Mecklenburg-Vorpommern</src>
	</wpt>
	<wpt lat="53.55929303553058" lon="11.139813505207176">
		<name>LUP46-008</name>
		<cmt>von Wittenburg kommend Ri. Dümmer (L 042) - am Abzweig Pogreß links einbiegen, Straße durch den Ort folgen bis ca. 2 km zum Waldeingang</cmt>
		<desc>von Wittenburg kommend Ri. Dümmer (L 042) - am Abzweig Pogreß links einbiegen, Straße durch den Ort folgen bis ca. 2 km zum Waldeingang</desc>
		<src>Landesforst Mecklenburg-Vorpommern</src>
	</wpt>
	<wpt lat="53.556456260336326" lon="13.189832929536886">
		<name>MSE52-003</name>
		<cmt>Punkt an die Waldkante bzw. große Wegeeinfahrt, Forstamtsintern</cmt>
		<desc>Punkt an die Waldkante bzw. große Wegeeinfahrt, Forstamtsintern</desc>
		<src>Landesforst Mecklenburg-Vorpommern</src>
	</wpt>
	<wpt lat="53.562367949256924" lon="12.386506638146946">
		<name>MSE50-009</name>
		<cmt>17214 Nossentiner Hütte ca. 2,3 km  in der Trautweinkurve vor Ortseingang Drewitz</cmt>
		<desc>17214 Nossentiner Hütte ca. 2,3 km  in der Trautweinkurve vor Ortseingang Drewitz</desc>
		<src>Landesforst Mecklenburg-Vorpommern</src>
	</wpt>
	<wpt lat="53.555565472023517" lon="13.412135881533322">
		<name>MSE53-005</name>
		<cmt>von B 104 in 17094 Pragsdorf nach Norden in Richtung 17094 Georgendorf 2,5 km, im Ort links ausgebauter Waldweg</cmt>
		<desc>von B 104 in 17094 Pragsdorf nach Norden in Richtung 17094 Georgendorf 2,5 km, im Ort links ausgebauter Waldweg</desc>
		<src>Landesforst Mecklenburg-Vorpommern</src>
	</wpt>
	<wpt lat="53.561074618847101" lon="11.163195348507484">
		<name>LUP46-057</name>
		<cmt>von Wittenburg kommend Ri. Dümmer (L 042) - am Abzweig Pogreß links einbiegen, Straße bis Ortsmitte ca. 1,1 km folgen, dann rechts abbiegen ("Dümmer Weg") und weiter ca. 1,4 km dem Betonweg folgen</cmt>
		<desc>von Wittenburg kommend Ri. Dümmer (L 042) - am Abzweig Pogreß links einbiegen, Straße bis Ortsmitte ca. 1,1 km folgen, dann rechts abbiegen ("Dümmer Weg") und weiter ca. 1,4 km dem Betonweg folgen</desc>
		<src>Landesforst Mecklenburg-Vorpommern</src>
	</wpt>
	<wpt lat="53.564706353668164" lon="11.554292961652273">
		<name>LUP47-053</name>
		<cmt>K9, 19079 Sukow Richtung Zietlitz Waldeingang rechts</cmt>
		<desc>K9, 19079 Sukow Richtung Zietlitz Waldeingang rechts</desc>
		<src>Landesforst Mecklenburg-Vorpommern</src>
	</wpt>
	<wpt lat="53.560696910271908" lon="10.872699737408992">
		<name>LUP45-005</name>
		<cmt>von Zarrentin kommend Ri. Testorf (L 04) - in Testorf Kreuzung rechts abbiegen, Waldstr. ca. 1 km folgen, nach Waldeingang weitere ca. 200 m folgen</cmt>
		<desc>von Zarrentin kommend Ri. Testorf (L 04) - in Testorf Kreuzung rechts abbiegen, Waldstr. ca. 1 km folgen, nach Waldeingang weitere ca. 200 m folgen</desc>
		<src>Landesforst Mecklenburg-Vorpommern</src>
	</wpt>
	<wpt lat="53.562378937409058" lon="12.931152358744034">
		<name>MSE51-060</name>
		<cmt>17192 Lehsten Richtung Klein Flotow, Waldbeginn auf der rechten Seite</cmt>
		<desc>17192 Lehsten Richtung Klein Flotow, Waldbeginn auf der rechten Seite</desc>
		<src>Landesforst Mecklenburg-Vorpommern</src>
	</wpt>
	<wpt lat="53.561214589847992" lon="10.891003077793258">
		<name>LUP45-004</name>
		<cmt>aus Zarrentin kommend Ri. Marienstedt (B 195) - an Straßengabelung "Zecher Str." / "Lübsche Str." in Zecher Str. einfahren, dieser ca. 1,4 km folgen bis zum Waldeingang</cmt>
		<desc>aus Zarrentin kommend Ri. Marienstedt (B 195) - an Straßengabelung "Zecher Str." / "Lübsche Str." in Zecher Str. einfahren, dieser ca. 1,4 km folgen bis zum Waldeingang</desc>
		<src>Landesforst Mecklenburg-Vorpommern</src>
	</wpt>
	<wpt lat="53.563929645155987" lon="11.204571421452838">
		<name>LUP46-007</name>
		<cmt>von Wittenburg kommend Ri. Dümmer (L 042) - vor Ortslage Dümmer rechts beginnender Waldkomplex, hier rechts auf das Gelände der Schulungsstätte / Jugendwaldheim Dümmer der Landesforst MV</cmt>
		<desc>von Wittenburg kommend Ri. Dümmer (L 042) - vor Ortslage Dümmer rechts beginnender Waldkomplex, hier rechts auf das Gelände der Schulungsstätte / Jugendwaldheim Dümmer der Landesforst MV</desc>
		<src>Landesforst Mecklenburg-Vorpommern</src>
	</wpt>
	<wpt lat="53.565594530217695" lon="12.482526970316568">
		<name>MSE50-008</name>
		<cmt>Kreuzung L20, gegenüber Abfahrt 17194 Malkwitz ca. 2km Richtung Loppin ;Dreiländereck (Krebsbrücke)</cmt>
		<desc>Kreuzung L20, gegenüber Abfahrt 17194 Malkwitz ca. 2km Richtung Loppin ;Dreiländereck (Krebsbrücke)</desc>
		<src>Landesforst Mecklenburg-Vorpommern</src>
	</wpt>
	<wpt lat="53.545321814909421" lon="14.287397039910157">
		<name>VG55-005</name>
		<cmt>17322;Pampow;Pampow Richtung Thursee, Waldeingang</cmt>
		<desc>17322;Pampow;Pampow Richtung Thursee, Waldeingang</desc>
		<src>Landesforst Mecklenburg-Vorpommern</src>
	</wpt>
	<wpt lat="53.564499593159525" lon="11.189400657846322">
		<name>LUP46-006</name>
		<cmt>von Wittenburg kommend Ri. Dümmer (L 042) - zw. Parum und Dümmer in der Rechtskurve nach links abbiegen Ri. Perlin - ca. 800 m bis Waldeingang folgen</cmt>
		<desc>von Wittenburg kommend Ri. Dümmer (L 042) - zw. Parum und Dümmer in der Rechtskurve nach links abbiegen Ri. Perlin - ca. 800 m bis Waldeingang folgen</desc>
		<src>Landesforst Mecklenburg-Vorpommern</src>
	</wpt>
	<wpt lat="53.568660091010898" lon="11.835335200084726">
		<name>LUP48-005</name>
		<cmt>PCH 15, von 19374 Zölkow nach 19374 Groß Niendorf, ca. 900 m, Waldeingang links, Abt. 4354 Ziegenhals</cmt>
		<desc>PCH 15, von 19374 Zölkow nach 19374 Groß Niendorf, ca. 900 m, Waldeingang links, Abt. 4354 Ziegenhals</desc>
		<src>Landesforst Mecklenburg-Vorpommern</src>
	</wpt>
	<wpt lat="53.568863504806629" lon="11.86855451213898">
		<name>LUP48-004</name>
		<cmt>An der B392 von 19374 Zölkow in Richtung 19374 Mestlin, 3 km Waldeinfahrt links Dieckmannschneise Abt. 4348</cmt>
		<desc>An der B392 von 19374 Zölkow in Richtung 19374 Mestlin, 3 km Waldeinfahrt links Dieckmannschneise Abt. 4348</desc>
		<src>Landesforst Mecklenburg-Vorpommern</src>
	</wpt>
	<wpt lat="53.56874584573977" lon="12.27232408018034">
		<name>LUP49-007</name>
		<cmt>an der Hauptstraße Krakow a.See nach Karow; ca. 800m von der alten Förterei Karow in Richtung Krakow a.See</cmt>
		<desc>an der Hauptstraße Krakow a.See nach Karow; ca. 800m von der alten Förterei Karow in Richtung Krakow a.See</desc>
		<src>Landesforst Mecklenburg-Vorpommern</src>
	</wpt>
	<wpt lat="53.568612780694181" lon="12.366806162931379">
		<name>MSE50-007</name>
		<cmt>Eingang Forstamt Nossentiner Heide; Drewitz 4;17214 Nossentiner Hütte</cmt>
		<desc>Eingang Forstamt Nossentiner Heide; Drewitz 4;17214 Nossentiner Hütte</desc>
		<src>Landesforst Mecklenburg-Vorpommern</src>
	</wpt>
	<wpt lat="53.551711001487284" lon="14.075841749922207">
		<name>VG55-004</name>
		<cmt>17309;Uhlenkrug;Ortsende Richtung Süden</cmt>
		<desc>17309;Uhlenkrug;Ortsende Richtung Süden</desc>
		<src>Landesforst Mecklenburg-Vorpommern</src>
	</wpt>
	<wpt lat="53.56791439947397" lon="11.234274203286526">
		<name>LUP46-005</name>
		<cmt>von Wittenburg kommend Ri. Dümmer (L 042) - weiter Ri. Walmühlen - zum Ortsausgang rechtsseitig beginnender Waldkomplex, dort rechts einbiegen und bis zur Waldkante</cmt>
		<desc>von Wittenburg kommend Ri. Dümmer (L 042) - weiter Ri. Walmühlen - zum Ortsausgang rechtsseitig beginnender Waldkomplex, dort rechts einbiegen und bis zur Waldkante</desc>
		<src>Landesforst Mecklenburg-Vorpommern</src>
	</wpt>
	<wpt lat="53.569755810128449" lon="12.719022295723274">
		<name>MSE51-038</name>
		<cmt>Einfahrt Waldrand Seeblänken, 17192 Jägerhof</cmt>
		<desc>Einfahrt Waldrand Seeblänken, 17192 Jägerhof</desc>
		<src>Landesforst Mecklenburg-Vorpommern</src>
	</wpt>
	<wpt lat="53.571971585860759" lon="12.044695110098218">
		<name>LUP49-006</name>
		<cmt>Hofhagen in Richtung Hauptstr nach Schwerin-Abzweig zum Wald</cmt>
		<desc>Hofhagen in Richtung Hauptstr nach Schwerin-Abzweig zum Wald</desc>
		<src>Landesforst Mecklenburg-Vorpommern</src>
	</wpt>
	<wpt lat="53.551302109127697" lon="14.238997390309116">
		<name>VG55-003</name>
		<cmt>17321;Rothenklempenow;Strasse Grünhof - Pampow, Waldeingang</cmt>
		<desc>17321;Rothenklempenow;Strasse Grünhof - Pampow, Waldeingang</desc>
		<src>Landesforst Mecklenburg-Vorpommern</src>
	</wpt>
	<wpt lat="53.573257514607171" lon="12.457050237899466">
		<name>MSE50-006</name>
		<cmt>Kreuzung an der L20, Abfahrt 17194 Malkwitz (Malkwitzer Seite)</cmt>
		<desc>Kreuzung an der L20, Abfahrt 17194 Malkwitz (Malkwitzer Seite)</desc>
		<src>Landesforst Mecklenburg-Vorpommern</src>
	</wpt>
	<wpt lat="53.572742533265775" lon="11.089774815232687">
		<name>LUP46-004</name>
		<cmt>von Wittenburg kommend Ri. Lützow (L 05) - ca. 200 m vor Ortslage Boddin links abbiegen Ri. Drönnewitz / Döbbersen, ca. 800 m bis in den Wald - Kreuzung Straße / Seeweg</cmt>
		<desc>von Wittenburg kommend Ri. Lützow (L 05) - ca. 200 m vor Ortslage Boddin links abbiegen Ri. Drönnewitz / Döbbersen, ca. 800 m bis in den Wald - Kreuzung Straße / Seeweg</desc>
		<src>Landesforst Mecklenburg-Vorpommern</src>
	</wpt>
	<wpt lat="53.56204808845132" lon="13.84197427962974">
		<name>VG54-009</name>
		<cmt>17309;Klein Luckow, M.-Schmelingstraße Richtung N, bis  Milchviehanlage/ Abzweig Straße Spiegelberg; östl. an der Milchviehanlage nach N- dem Feldweg folgend;Treff 100m vor Wald an Weggabelung</cmt>
		<desc>17309;Klein Luckow, M.-Schmelingstraße Richtung N, bis  Milchviehanlage/ Abzweig Straße Spiegelberg; östl. an der Milchviehanlage nach N- dem Feldweg folgend;Treff 100m vor Wald an Weggabelung</desc>
		<src>Landesforst Mecklenburg-Vorpommern</src>
	</wpt>
	<wpt lat="53.571639729022991" lon="10.899260205032405">
		<name>LUP45-003</name>
		<cmt>aus Zarrentin kommend Ri. Marienstedt (B 195) - Lübsche Str (B 195) folgen, linksseitig  Waldkomplex, nach ca. 900 m in diesen links in Waldweg einbiegen</cmt>
		<desc>aus Zarrentin kommend Ri. Marienstedt (B 195) - Lübsche Str (B 195) folgen, linksseitig  Waldkomplex, nach ca. 900 m in diesen links in Waldweg einbiegen</desc>
		<src>Landesforst Mecklenburg-Vorpommern</src>
	</wpt>
	<wpt lat="53.576731818631373" lon="12.198081415211835">
		<name>LUP49-005</name>
		<cmt>Ausgang Dorf Sandhof-Wooster Teerofen</cmt>
		<desc>Ausgang Dorf Sandhof-Wooster Teerofen</desc>
		<src>Landesforst Mecklenburg-Vorpommern</src>
	</wpt>
	<wpt lat="53.57500677648374" lon="11.226880739636963">
		<name>LUP46-003</name>
		<cmt>von Wittenburg kommend Ri. Dümmer (L 042) - weiter Ri. Walmühlen - Höhe (Dümmerhütte) links abbiegen auf "Överkiek" , gerade aus bis zum Wald folgen</cmt>
		<desc>von Wittenburg kommend Ri. Dümmer (L 042) - weiter Ri. Walmühlen - Höhe (Dümmerhütte) links abbiegen auf "Överkiek" , gerade aus bis zum Wald folgen</desc>
		<src>Landesforst Mecklenburg-Vorpommern</src>
	</wpt>
	<wpt lat="53.577150817277158" lon="11.669005643683413">
		<name>LUP48-003</name>
		<cmt>B 392, von 19089 Crivitz nach 19089 Wessin, ca. 400 m Waldeingang Generalschneise Eichholz Abt. 503</cmt>
		<desc>B 392, von 19089 Crivitz nach 19089 Wessin, ca. 400 m Waldeingang Generalschneise Eichholz Abt. 503</desc>
		<src>Landesforst Mecklenburg-Vorpommern</src>
	</wpt>
	<wpt lat="53.564765814590814" lon="13.755450402750837">
		<name>VG54-008</name>
		<cmt>17335;Klepelshagen;Ortsmitte Haus Nr.6</cmt>
		<desc>17335;Klepelshagen;Ortsmitte Haus Nr.6</desc>
		<src>Landesforst Mecklenburg-Vorpommern</src>
	</wpt>
	<wpt lat="53.577464817382854" lon="11.465511275007122">
		<name>LUP47-050</name>
		<cmt>PCH 12 19061 Schwerin in Richtung Consrade, Abt. 240</cmt>
		<desc>PCH 12 19061 Schwerin in Richtung Consrade, Abt. 240</desc>
		<src>Landesforst Mecklenburg-Vorpommern</src>
	</wpt>
	<wpt lat="53.567099713425264" lon="13.802961235768885">
		<name>VG54-007</name>
		<cmt>17335;Rosenthal;L 32 Waldparkplatz Burgwall</cmt>
		<desc>17335;Rosenthal;L 32 Waldparkplatz Burgwall</desc>
		<src>Landesforst Mecklenburg-Vorpommern</src>
	</wpt>
	<wpt lat="53.576866952945899" lon="10.989442899331626">
		<name>LUP45-002</name>
		<cmt>Gemeindestraße Neuhof - Neuenkirchen ; Ab Ortsausgang Neuhof in Richtung Neuenkirchen fahren, nach ca. 300 m beginnt der Wald, nach weiteren ca. 180 m kreuzt ein Waldweg ( Abfuhrweg die Straße, hier ist der RP</cmt>
		<desc>Gemeindestraße Neuhof - Neuenkirchen ; Ab Ortsausgang Neuhof in Richtung Neuenkirchen fahren, nach ca. 300 m beginnt der Wald, nach weiteren ca. 180 m kreuzt ein Waldweg ( Abfuhrweg die Straße, hier ist der RP</desc>
		<src>Landesforst Mecklenburg-Vorpommern</src>
	</wpt>
	<wpt lat="53.581804288786763" lon="11.232596770677032">
		<name>LUP46-002</name>
		<cmt>Kreisstraße K 28 Dümmer - Grambow ( Abschnitt Dümmer - Dümmerstück Hof ) ; Aus Dümmer kommend, in Dümmerstück Hof rechts abbiegen in Richtung Walsmühlen / Dümmerhütte und ca. 500 m fahren bis zum Waldeingang, hier ist der RP !</cmt>
		<desc>Kreisstraße K 28 Dümmer - Grambow ( Abschnitt Dümmer - Dümmerstück Hof ) ; Aus Dümmer kommend, in Dümmerstück Hof rechts abbiegen in Richtung Walsmühlen / Dümmerhütte und ca. 500 m fahren bis zum Waldeingang, hier ist der RP !</desc>
		<src>Landesforst Mecklenburg-Vorpommern</src>
	</wpt>
	<wpt lat="53.583123791901222" lon="11.422499420569922">
		<name>SN47-006</name>
		<cmt>19061 Schwerin Krebsförden, Ludwigsluster Straße, 1000 m Richtung Ludwigslust rechts, Stadtwaldgrenze Haselholz Abt 119-204</cmt>
		<desc>19061 Schwerin Krebsförden, Ludwigsluster Straße, 1000 m Richtung Ludwigslust rechts, Stadtwaldgrenze Haselholz Abt 119-204</desc>
		<src>Landesforst Mecklenburg-Vorpommern</src>
	</wpt>
	<wpt lat="53.579720719409281" lon="13.30876102885753">
		<name>MSE52-002</name>
		<cmt>Firma " Sveros " und Wasserwerck an die Ihlenfelder Straße legen, Abt. 6349</cmt>
		<desc>Firma " Sveros " und Wasserwerck an die Ihlenfelder Straße legen, Abt. 6349</desc>
		<src>Landesforst Mecklenburg-Vorpommern</src>
	</wpt>
	<wpt lat="53.586655462200206" lon="11.590784178061394">
		<name>LUP47-005</name>
		<cmt>B 321,19089 Crivitz- Schwerin,Waldeingang  am Waldschlößchen</cmt>
		<desc>B 321,19089 Crivitz- Schwerin,Waldeingang  am Waldschlößchen</desc>
		<src>Landesforst Mecklenburg-Vorpommern</src>
	</wpt>
	<wpt lat="53.587567304111417" lon="12.356226188632149">
		<name>LRO50-003</name>
		<cmt>Ortsausgang 17214 Drewitz Richtung Ortkrug, ca. 350 Meter vor Autobahntunnel der A19 auf der rechten Seite ca. 1km auf dem Waldweg "am Waldhaus"</cmt>
		<desc>Ortsausgang 17214 Drewitz Richtung Ortkrug, ca. 350 Meter vor Autobahntunnel der A19 auf der rechten Seite ca. 1km auf dem Waldweg "am Waldhaus"</desc>
		<src>Landesforst Mecklenburg-Vorpommern</src>
	</wpt>
	<wpt lat="53.573528711342114" lon="13.899404417814257">
		<name>VG54-006</name>
		<cmt>17309;Waldeshöhe;Ortschaft Waldeshöhe, Richtung N zum Wald</cmt>
		<desc>17309;Waldeshöhe;Ortschaft Waldeshöhe, Richtung N zum Wald</desc>
		<src>Landesforst Mecklenburg-Vorpommern</src>
	</wpt>
	<wpt lat="53.585028941934794" lon="11.07101647627309">
		<name>LUP46-056</name>
		<cmt>von Wittenburg kommend Ri. Lützow (L 05) - ca. 200 m vor Ortslage Boddin links abbiegen Ri. Drönnewitz / Döbbersen, weiter bis Döbbersen Ortsausgang Ri. Drönnewitz, dort rechts abbiegen ca. 450 m bis zum Wald</cmt>
		<desc>von Wittenburg kommend Ri. Lützow (L 05) - ca. 200 m vor Ortslage Boddin links abbiegen Ri. Drönnewitz / Döbbersen, weiter bis Döbbersen Ortsausgang Ri. Drönnewitz, dort rechts abbiegen ca. 450 m bis zum Wald</desc>
		<src>Landesforst Mecklenburg-Vorpommern</src>
	</wpt>
	<wpt lat="53.585944899870789" lon="12.823122440933229">
		<name>MSE51-059</name>
		<cmt>17192 Sorgenlos Richtung Hungerstorf, Waldeingang 150m rechts, Gemarkungsstein</cmt>
		<desc>17192 Sorgenlos Richtung Hungerstorf, Waldeingang 150m rechts, Gemarkungsstein</desc>
		<src>Landesforst Mecklenburg-Vorpommern</src>
	</wpt>
	<wpt lat="53.584002257957998" lon="12.422754275155675">
		<name>MSE50-001</name>
		<cmt>Ortsausgang 17194 Malkwitz ca. 1,4 km Richtung Bornkrug</cmt>
		<desc>Ortsausgang 17194 Malkwitz ca. 1,4 km Richtung Bornkrug</desc>
		<src>Landesforst Mecklenburg-Vorpommern</src>
	</wpt>
	<wpt lat="53.588935860288991" lon="12.286082066219253">
		<name>LRO49-002</name>
		<cmt>in Glave zur B103;;</cmt>
		<desc>in Glave zur B103;;</desc>
		<src>Landesforst Mecklenburg-Vorpommern</src>
	</wpt>
	<wpt lat="53.588684340200757" lon="11.571126954241825">
		<name>LUP47-004</name>
		<cmt>B 321 , 19089 Crivitz- Schwerin, ca.1400m vor Kreuzung Abzweig Sukow (Parkplatz zwischen Kiestagebau und Waldschlößchen südlich)</cmt>
		<desc>B 321 , 19089 Crivitz- Schwerin, ca.1400m vor Kreuzung Abzweig Sukow (Parkplatz zwischen Kiestagebau und Waldschlößchen südlich)</desc>
		<src>Landesforst Mecklenburg-Vorpommern</src>
	</wpt>
	<wpt lat="53.590137813370831" lon="12.261940522985062">
		<name>LRO49-001</name>
		<cmt>Abzweig Glave an der B103;;</cmt>
		<desc>Abzweig Glave an der B103;;</desc>
		<src>Landesforst Mecklenburg-Vorpommern</src>
	</wpt>
	<wpt lat="53.578218199325825" lon="13.720483060101364">
		<name>VG54-005</name>
		<cmt>17335;Gehren;Georgenthal-einzelnes Gehöft; Straße Georgenthal Nr.67</cmt>
		<desc>17335;Gehren;Georgenthal-einzelnes Gehöft; Straße Georgenthal Nr.67</desc>
		<src>Landesforst Mecklenburg-Vorpommern</src>
	</wpt>
	<wpt lat="53.588067010465181" lon="11.102205853745717">
		<name>LUP46-001</name>
		<cmt>von Wittenburg kommend Ri. Lützow (L 05) - in Ortslage Boddin links abbiegen Ri. Woez, weiter ca. 750 m "Forstkaten"</cmt>
		<desc>von Wittenburg kommend Ri. Lützow (L 05) - in Ortslage Boddin links abbiegen Ri. Woez, weiter ca. 750 m "Forstkaten"</desc>
		<src>Landesforst Mecklenburg-Vorpommern</src>
	</wpt>
	<wpt lat="53.591276258659164" lon="11.750334069635683">
		<name>LUP48-001</name>
		<cmt>Kreisstraße von 19089 Bülow nach 19089 Barnin nach 1200 m, Kreuzung Bülower Straße - Wessiner Weg</cmt>
		<desc>Kreisstraße von 19089 Bülow nach 19089 Barnin nach 1200 m, Kreuzung Bülower Straße - Wessiner Weg</desc>
		<src>Landesforst Mecklenburg-Vorpommern</src>
	</wpt>
	<wpt lat="53.590711281453927" lon="11.435368714324927">
		<name>SN47-003</name>
		<cmt>Ortslage 19061 Schwerin, Graf-York-Str. von Ludwigslsuter Chaussee zur B321, Waldeinfahrt zur Abt 103</cmt>
		<desc>Ortslage 19061 Schwerin, Graf-York-Str. von Ludwigslsuter Chaussee zur B321, Waldeinfahrt zur Abt 103</desc>
		<src>Landesforst Mecklenburg-Vorpommern</src>
	</wpt>
	<wpt lat="53.575942211273613" lon="13.975633413437567">
		<name>VG54-004</name>
		<cmt>von 17309 Sandförde über die Sandförder Dorfstraße in Richtung Nordwesten bis Waldeingang, weiter gerade Richtung Nordwesten, nach 450m rechts abbiegen, dann 550m dem Weg folgen bis zur Kreuzung vor der Wiese</cmt>
		<desc>von 17309 Sandförde über die Sandförder Dorfstraße in Richtung Nordwesten bis Waldeingang, weiter gerade Richtung Nordwesten, nach 450m rechts abbiegen, dann 550m dem Weg folgen bis zur Kreuzung vor der Wiese</desc>
		<src>Landesforst Mecklenburg-Vorpommern</src>
	</wpt>
	<wpt lat="53.592903426942215" lon="11.512069928595055">
		<name>LUP47-002</name>
		<cmt>B321 von 19065 Raben Steinfeld nach 19065 Pinnow, ca. 1500 links,  Parkplatz Pinnower See  Abt N 22</cmt>
		<desc>B321 von 19065 Raben Steinfeld nach 19065 Pinnow, ca. 1500 links,  Parkplatz Pinnower See  Abt N 22</desc>
		<src>Landesforst Mecklenburg-Vorpommern</src>
	</wpt>
	<wpt lat="53.5919277370961" lon="11.042233853141315">
		<name>LUP46-052</name>
		<cmt>von Zarrentin kommend Ri. Boissow / Drönnewitz (L 41) - Ortslage Drönnewitz weiter Ri. Rögnitz (L 041), nach ca. 550 m rechts abzweigender Landweg Ri. Wald</cmt>
		<desc>von Zarrentin kommend Ri. Boissow / Drönnewitz (L 41) - Ortslage Drönnewitz weiter Ri. Rögnitz (L 041), nach ca. 550 m rechts abzweigender Landweg Ri. Wald</desc>
		<src>Landesforst Mecklenburg-Vorpommern</src>
	</wpt>
	<wpt lat="53.586240566282562" lon="13.546054146845318">
		<name>MSE53-003</name>
		<cmt>von 17034 Schönbeck nach 17099 Eichhorst am Streckenplatz; Abt. 7111</cmt>
		<desc>von 17034 Schönbeck nach 17099 Eichhorst am Streckenplatz; Abt. 7111</desc>
		<src>Landesforst Mecklenburg-Vorpommern</src>
	</wpt>
	<wpt lat="53.592514984334152" lon="10.934716413470907">
		<name>LUP45-001</name>
		<cmt>von Zarrentin kommend Ri. Lassahn (l 041 / K 10) - in Ortslage Lassahn links abbiegen Ri. "Brückenhaus 2 / Stintenburg", Pflasterdamm folgen ca. 1,8 km bis Kampenwerder,</cmt>
		<desc>von Zarrentin kommend Ri. Lassahn (l 041 / K 10) - in Ortslage Lassahn links abbiegen Ri. "Brückenhaus 2 / Stintenburg", Pflasterdamm folgen ca. 1,8 km bis Kampenwerder,</desc>
		<src>Landesforst Mecklenburg-Vorpommern</src>
	</wpt>
	<wpt lat="53.598233103653598" lon="12.470625205514287">
		<name>MSE50-049</name>
		<cmt>RP 1,1km südlich Cramoner Kreisel am Waldeingang in richtung Nossentiner Hütte fahren</cmt>
		<desc>RP 1,1km südlich Cramoner Kreisel am Waldeingang in richtung Nossentiner Hütte fahren</desc>
		<src>Landesforst Mecklenburg-Vorpommern</src>
	</wpt>
	<wpt lat="53.577314617452032" lon="14.247754652812391">
		<name>VG55-001</name>
		<cmt>von 17321;Glashütte; auf der L283 in Richtung PLZ Rothenklempenow ;  150m nach Straße Glashütte Nr.26/Ortsende, Treff links/östlich am Waldende/Waldweg</cmt>
		<desc>von 17321;Glashütte; auf der L283 in Richtung PLZ Rothenklempenow ;  150m nach Straße Glashütte Nr.26/Ortsende, Treff links/östlich am Waldende/Waldweg</desc>
		<src>Landesforst Mecklenburg-Vorpommern</src>
	</wpt>
	<wpt lat="53.596059293432155" lon="11.120649439789799">
		<name>NWM46-053</name>
		<cmt>von Lützow kommend Ri. Wittenburg (L 05) - Ortslage Söhring weiter Ri. Wittenburg, nach Kreuzung (Abzw.) Badow weiter ca. 800 m, dann rechts abbiegen Ri. Wald, ca. 400 m bis Waldeingang</cmt>
		<desc>von Lützow kommend Ri. Wittenburg (L 05) - Ortslage Söhring weiter Ri. Wittenburg, nach Kreuzung (Abzw.) Badow weiter ca. 800 m, dann rechts abbiegen Ri. Wald, ca. 400 m bis Waldeingang</desc>
		<src>Landesforst Mecklenburg-Vorpommern</src>
	</wpt>
	<wpt lat="53.585665394862339" lon="13.838109402321598">
		<name>VG54-003</name>
		<cmt>17379;Rothemühl;von L 32 Richtung Märchenwaldhaus (Holzhexe an Strasse) abbiegen, Parkplatz Märchenwaldhaus</cmt>
		<desc>17379;Rothemühl;von L 32 Richtung Märchenwaldhaus (Holzhexe an Strasse) abbiegen, Parkplatz Märchenwaldhaus</desc>
		<src>Landesforst Mecklenburg-Vorpommern</src>
	</wpt>
	<wpt lat="53.600151721046643" lon="12.681246970489445">
		<name>MSE39-039</name>
		<cmt>17192 Peenehagen/ Levenstorf, Bahnübergang</cmt>
		<desc>17192 Peenehagen/ Levenstorf, Bahnübergang</desc>
		<src>Landesforst Mecklenburg-Vorpommern</src>
	</wpt>
	<wpt lat="53.58791326787523" lon="13.930048090779907">
		<name>VG54-002</name>
		<cmt>17309 Jatznick, Jatznick ehemaliges Dachziegelwerk  Richtung Wald-am Waldeingang</cmt>
		<desc>17309 Jatznick, Jatznick ehemaliges Dachziegelwerk  Richtung Wald-am Waldeingang</desc>
		<src>Landesforst Mecklenburg-Vorpommern</src>
	</wpt>
	<wpt lat="53.603081346590486" lon="11.618672914042486">
		<name>LUP35-023</name>
		<cmt>PCH 14, 19089 Crivitz nach 19089 Gädebehn, 3500m, Abt. 92,   1. Feuerbahn Gädebehn</cmt>
		<desc>PCH 14, 19089 Crivitz nach 19089 Gädebehn, 3500m, Abt. 92,   1. Feuerbahn Gädebehn</desc>
		<src>Landesforst Mecklenburg-Vorpommern</src>
	</wpt>
	<wpt lat="53.605325047827016" lon="11.673183167051004">
		<name>LUP36-043</name>
		<cmt>ab L09  19089 Crivitz nach 19412 Brüel nach ca. 3000 m rechts Abz. Rönkenhof bis Waldeingang, Abt. S 545</cmt>
		<desc>ab L09  19089 Crivitz nach 19412 Brüel nach ca. 3000 m rechts Abz. Rönkenhof bis Waldeingang, Abt. S 545</desc>
		<src>Landesforst Mecklenburg-Vorpommern</src>
	</wpt>
	<wpt lat="53.606082076722323" lon="11.727439329969382">
		<name>LUP36-042</name>
		<cmt>PCH 10, 19089 Barnin nach 119089 Kobande, 2500 m, Abzweig Kobander Straße Abt. 16 / 17</cmt>
		<desc>PCH 10, 19089 Barnin nach 119089 Kobande, 2500 m, Abzweig Kobander Straße Abt. 16 / 17</desc>
		<src>Landesforst Mecklenburg-Vorpommern</src>
	</wpt>
	<wpt lat="53.606233263146478" lon="11.279715528373709">
		<name>NWM34-020</name>
		<cmt>Ortslage Grambow - "Dorfstr." in Ri. "Grambower Moor" fahren, ca. 1 km nach Ortsausgang Hühnerfarm, daran vorbei auf teerstr. bis Wald</cmt>
		<desc>Ortslage Grambow - "Dorfstr." in Ri. "Grambower Moor" fahren, ca. 1 km nach Ortsausgang Hühnerfarm, daran vorbei auf teerstr. bis Wald</desc>
		<src>Landesforst Mecklenburg-Vorpommern</src>
	</wpt>
	<wpt lat="53.599305581876798" lon="13.666097415845654">
		<name>MSE42-029</name>
		<cmt>17099;Wittenborn;Strasse Wittenborn - Matzdorf, Siedlung ca. 1,5 km hinter Wittenborn an Wendestelle</cmt>
		<desc>17099;Wittenborn;Strasse Wittenborn - Matzdorf, Siedlung ca. 1,5 km hinter Wittenborn an Wendestelle</desc>
		<src>Landesforst Mecklenburg-Vorpommern</src>
	</wpt>
	<wpt lat="53.611420438848654" lon="12.218970812412067">
		<name>LRO37-034</name>
		<cmt>Grüner Jäger Weg an der K 35 Bossow-Dobbertin;;</cmt>
		<desc>Grüner Jäger Weg an der K 35 Bossow-Dobbertin;;</desc>
		<src>Landesforst Mecklenburg-Vorpommern</src>
	</wpt>
	<wpt lat="53.608940158073487" lon="11.164218882261091">
		<name>NWM34-038</name>
		<cmt>Ortslage Rentzow - abbiegen Ri. Perlin (K 47), nach ca. 1,5 km links beginnendes Waldstück , nach ca. 170 m links Waldweg</cmt>
		<desc>Ortslage Rentzow - abbiegen Ri. Perlin (K 47), nach ca. 1,5 km links beginnendes Waldstück , nach ca. 170 m links Waldweg</desc>
		<src>Landesforst Mecklenburg-Vorpommern</src>
	</wpt>
	<wpt lat="53.597090976079592" lon="13.964007977301142">
		<name>VG54-001</name>
		<cmt>17358 Hammer a. d. Uecker, L32 zwischen Hammer a. d. Uecker und B109; von Osten: 500m ab Ortsausgang Hammer; von Westen: hinter der Koppel des Gehöfts mit der Adresse „Ausbau 1, 17358 Hammer“ an der Waldeinfahrt Richtung Norden</cmt>
		<desc>17358 Hammer a. d. Uecker, L32 zwischen Hammer a. d. Uecker und B109; von Osten: 500m ab Ortsausgang Hammer; von Westen: hinter der Koppel des Gehöfts mit der Adresse „Ausbau 1, 17358 Hammer“ an der Waldeinfahrt Richtung Norden</desc>
		<src>Landesforst Mecklenburg-Vorpommern</src>
	</wpt>
	<wpt lat="53.613691928413083" lon="12.335198351430536">
		<name>LRO38-041</name>
		<cmt>zur Nebelbrücke Dobbin</cmt>
		<desc>zur Nebelbrücke Dobbin</desc>
		<src>Landesforst Mecklenburg-Vorpommern</src>
	</wpt>
	<wpt lat="53.614189816338978" lon="12.127303074340109">
		<name>LUP37-033</name>
		<cmt>Dorf Alt Schwinz</cmt>
		<desc>Dorf Alt Schwinz</desc>
		<src>Landesforst Mecklenburg-Vorpommern</src>
	</wpt>
	<wpt lat="53.613494961401109" lon="11.314576938439441">
		<name>LUP34-019</name>
		<cmt>aus Wittenförden kommend Ri. Klein Rogahn (Gemeindestr.) - nach ca. 600 m rechts auf Kiesweg abbiegen und bis Waldeingang rechter Hand ca. 1,4 km</cmt>
		<desc>aus Wittenförden kommend Ri. Klein Rogahn (Gemeindestr.) - nach ca. 600 m rechts auf Kiesweg abbiegen und bis Waldeingang rechter Hand ca. 1,4 km</desc>
		<src>Landesforst Mecklenburg-Vorpommern</src>
	</wpt>
	<wpt lat="53.614994909994266" lon="11.645942867236982">
		<name>LUP35-032</name>
		<cmt>19089 Gädebehn, Rönkenhofer Weg 3, Kreuzung vor Forsthaus Veit, Abt. 466</cmt>
		<desc>19089 Gädebehn, Rönkenhofer Weg 3, Kreuzung vor Forsthaus Veit, Abt. 466</desc>
		<src>Landesforst Mecklenburg-Vorpommern</src>
	</wpt>
	<wpt lat="53.615563251609338" lon="12.251431449355804">
		<name>LRO37-032</name>
		<cmt>Bossow Abzweig B103 /K35;;</cmt>
		<desc>Bossow Abzweig B103 /K35;;</desc>
		<src>Landesforst Mecklenburg-Vorpommern</src>
	</wpt>
	<wpt lat="53.617856426799158" lon="12.184402609921639">
		<name>LUP37-031</name>
		<cmt>am Schießplatz</cmt>
		<desc>am Schießplatz</desc>
		<src>Landesforst Mecklenburg-Vorpommern</src>
	</wpt>
	<wpt lat="53.604119826541016" lon="13.86833846558376">
		<name>VG42-026</name>
		<cmt>17379 Rothemühl,  L32Jatznick-Rothemühl Waldparkplatz re Seite</cmt>
		<desc>17379 Rothemühl,  L32Jatznick-Rothemühl Waldparkplatz re Seite</desc>
		<src>Landesforst Mecklenburg-Vorpommern</src>
	</wpt>
	<wpt lat="53.618641036820186" lon="12.147737038804681">
		<name>LUP37-029</name>
		<cmt>Abzweig Jellen</cmt>
		<desc>Abzweig Jellen</desc>
		<src>Landesforst Mecklenburg-Vorpommern</src>
	</wpt>
	<wpt lat="53.604368789127712" lon="13.899356286487587">
		<name>VG42-027</name>
		<cmt>17309;Jatznick;L 32 Jatznick - Rothemühl, ca. 3 km nach Bhf Jatznick, Dankelmannstein , südl. Heuweg</cmt>
		<desc>17309;Jatznick;L 32 Jatznick - Rothemühl, ca. 3 km nach Bhf Jatznick, Dankelmannstein , südl. Heuweg</desc>
		<src>Landesforst Mecklenburg-Vorpommern</src>
	</wpt>
	<wpt lat="53.606115674816557" lon="13.793812429546437">
		<name>VG42-028</name>
		<cmt>17379;Heinrichswalde;Ortseingang Heinrichswalde von Rothemühl kommend</cmt>
		<desc>17379;Heinrichswalde;Ortseingang Heinrichswalde von Rothemühl kommend</desc>
		<src>Landesforst Mecklenburg-Vorpommern</src>
	</wpt>
	<wpt lat="53.620733416301817" lon="12.46726830121403">
		<name>MSE38-017</name>
		<cmt>Agrargesellschaft Hohen Wangelin Parkplatz an L20, 17194 Hohen Wangelin</cmt>
		<desc>Agrargesellschaft Hohen Wangelin Parkplatz an L20, 17194 Hohen Wangelin</desc>
		<src>Landesforst Mecklenburg-Vorpommern</src>
	</wpt>
	<wpt lat="53.620352861416031" lon="11.316551493960771">
		<name>LUP34-018</name>
		<cmt>Ortslage Wittenförden in die "Rabenhornstr." fahren (Nähe Kirche) - weiter "Rabenhornstr." unter Hochspannungsleitungen unter durch Ri. Wald, dort an der Waldkante weitere ca. 100 m auf der Teerstr.</cmt>
		<desc>Ortslage Wittenförden in die "Rabenhornstr." fahren (Nähe Kirche) - weiter "Rabenhornstr." unter Hochspannungsleitungen unter durch Ri. Wald, dort an der Waldkante weitere ca. 100 m auf der Teerstr.</desc>
		<src>Landesforst Mecklenburg-Vorpommern</src>
	</wpt>
	<wpt lat="53.623755871794245" lon="12.225057073523498">
		<name>LRO37-027</name>
		<cmt>Neu Sammit, Wendeplatz</cmt>
		<desc>Neu Sammit, Wendeplatz</desc>
		<src>Landesforst Mecklenburg-Vorpommern</src>
	</wpt>
	<wpt lat="53.624745835194418" lon="11.767835193812655">
		<name>LUP36-057</name>
		<cmt>L091 19089 Demen OA Richtung 19089 Buerbeck Abzweig Bülower Weg Abt. N 123</cmt>
		<desc>L091 19089 Demen OA Richtung 19089 Buerbeck Abzweig Bülower Weg Abt. N 123</desc>
		<src>Landesforst Mecklenburg-Vorpommern</src>
	</wpt>
	<wpt lat="53.62677675069019" lon="11.544266059109836">
		<name>LUP35-021</name>
		<cmt>Nördlich 19065 Godern, über PCH 5, Landweg Waldeingang Hohes Holz, Abt.N 25</cmt>
		<desc>Nördlich 19065 Godern, über PCH 5, Landweg Waldeingang Hohes Holz, Abt.N 25</desc>
		<src>Landesforst Mecklenburg-Vorpommern</src>
	</wpt>
	<wpt lat="53.627500250863115" lon="12.390252881084459">
		<name>LRO38-030</name>
		<cmt>Abt. 3610 Alter Ortsverbindungsweg Klein Bäbelin- Linstow</cmt>
		<desc>Abt. 3610 Alter Ortsverbindungsweg Klein Bäbelin- Linstow</desc>
		<src>Landesforst Mecklenburg-Vorpommern</src>
	</wpt>
	<wpt lat="53.626347019129021" lon="11.027195857695826">
		<name>NWM34-037</name>
		<cmt>von Gadebusch kommend Ri. Krembz / Zarrentin (L 041) bis Ortslage Rögnitz, links in den Ort einbiegen und Hauptstr. (in Betonbahn übergehend) bis Wald folgen</cmt>
		<desc>von Gadebusch kommend Ri. Krembz / Zarrentin (L 041) bis Ortslage Rögnitz, links in den Ort einbiegen und Hauptstr. (in Betonbahn übergehend) bis Wald folgen</desc>
		<src>Landesforst Mecklenburg-Vorpommern</src>
	</wpt>
	<wpt lat="53.632548847592197" lon="11.955830993359356">
		<name>LUP36-041</name>
		<cmt>Zwischen Dinnis und KleinPritz an der Straße auf halber Strecke</cmt>
		<desc>Zwischen Dinnis und KleinPritz an der Straße auf halber Strecke</desc>
		<src>Landesforst Mecklenburg-Vorpommern</src>
	</wpt>
	<wpt lat="53.628357155590102" lon="10.989781770004679">
		<name>LUP33-018</name>
		<cmt>von Zarrentin kommend Ri. Lassahn (l 041 / K 10) - in Ortslage Lassahn rechts abbiegen Ri. Stintenburger Hütte, dort dann Weg Ri. Wald folgen (ca. 1 km)</cmt>
		<desc>von Zarrentin kommend Ri. Lassahn (l 041 / K 10) - in Ortslage Lassahn rechts abbiegen Ri. Stintenburger Hütte, dort dann Weg Ri. Wald folgen (ca. 1 km)</desc>
		<src>Landesforst Mecklenburg-Vorpommern</src>
	</wpt>
	<wpt lat="53.633401866811354" lon="11.990869972877828">
		<name>LUP36-040</name>
		<cmt>Nähe Sandsee Kreuzung</cmt>
		<desc>Nähe Sandsee Kreuzung</desc>
		<src>Landesforst Mecklenburg-Vorpommern</src>
	</wpt>
	<wpt lat="53.631472130767023" lon="11.304883351816326">
		<name>NWM34-017</name>
		<cmt>Kreisstraße K 66 Wittenförden - Grambow ; nach ca. 850 m ab Ortsausgang Wittenförden beginnt ein Waldstück, dort gleich den nächsten Waldweg rechts reinfahren</cmt>
		<desc>Kreisstraße K 66 Wittenförden - Grambow ; nach ca. 850 m ab Ortsausgang Wittenförden beginnt ein Waldstück, dort gleich den nächsten Waldweg rechts reinfahren</desc>
		<src>Landesforst Mecklenburg-Vorpommern</src>
	</wpt>
	<wpt lat="53.633278997920428" lon="12.255203989402936">
		<name>LRO37-025</name>
		<cmt>Abzweig B103 Richtung Neu- Sammit;;</cmt>
		<desc>Abzweig B103 Richtung Neu- Sammit;;</desc>
		<src>Landesforst Mecklenburg-Vorpommern</src>
	</wpt>
	<wpt lat="53.633366546915241" lon="11.619872223247675">
		<name>LUP35-031</name>
		<cmt>19089 Basthorst, Ortslage, Buswendeschleife Basthorst, Abt. 245</cmt>
		<desc>19089 Basthorst, Ortslage, Buswendeschleife Basthorst, Abt. 245</desc>
		<src>Landesforst Mecklenburg-Vorpommern</src>
	</wpt>
	<wpt lat="53.632507550113303" lon="11.160150241375291">
		<name>NWM34-036</name>
		<cmt>Landstraße L 05 Lützow - Wittenburg ; Von Lützow auf der L 05 ab Abzweig Pokrent ca. 2500 m in Richtung Renzow / Wittenburg fahren, dann dort nach links auf einen Weg einbiegen, An der Streuobstwiese ist der RP</cmt>
		<desc>Landstraße L 05 Lützow - Wittenburg ; Von Lützow auf der L 05 ab Abzweig Pokrent ca. 2500 m in Richtung Renzow / Wittenburg fahren, dann dort nach links auf einen Weg einbiegen, An der Streuobstwiese ist der RP</desc>
		<src>Landesforst Mecklenburg-Vorpommern</src>
	</wpt>
	<wpt lat="53.618898401209208" lon="13.991655809041323">
		<name>VG42-025</name>
		<cmt>17358;Torgelow;Ortsausgang Torgelow Richtung Hammer;  . Am Ukranenland</cmt>
		<desc>17358;Torgelow;Ortsausgang Torgelow Richtung Hammer;  . Am Ukranenland</desc>
		<src>Landesforst Mecklenburg-Vorpommern</src>
	</wpt>
	<wpt lat="53.635953826327373" lon="11.695649451293182">
		<name>LUP36-039</name>
		<cmt>südlich 19089 Venzkow Landweg nach 19089 Kobande ca. 1000 m Wegekreuzung "Spinne" Abt 1111</cmt>
		<desc>südlich 19089 Venzkow Landweg nach 19089 Kobande ca. 1000 m Wegekreuzung "Spinne" Abt 1111</desc>
		<src>Landesforst Mecklenburg-Vorpommern</src>
	</wpt>
	<wpt lat="53.635533131348261" lon="12.452802895708851">
		<name>MSE38-014</name>
		<cmt>L204 Einfahrt Hallaliter Straße; ca. 2,3 km  in Richtung 17194 Hallalit auf der rechten Seite am Waldeingang am "Bullenferch"</cmt>
		<desc>L204 Einfahrt Hallaliter Straße; ca. 2,3 km  in Richtung 17194 Hallalit auf der rechten Seite am Waldeingang am "Bullenferch"</desc>
		<src>Landesforst Mecklenburg-Vorpommern</src>
	</wpt>
	<wpt lat="53.636777448936783" lon="11.828536572964985">
		<name>LUP36-038</name>
		<cmt>PCH 7, 19406 Wamckow nach 19406 Stieten, 2000 m links, Einfahrt Alte Parchimer Landstraße Süd</cmt>
		<desc>PCH 7, 19406 Wamckow nach 19406 Stieten, 2000 m links, Einfahrt Alte Parchimer Landstraße Süd</desc>
		<src>Landesforst Mecklenburg-Vorpommern</src>
	</wpt>
	<wpt lat="53.639077305677063" lon="12.199821955279562">
		<name>LRO37-024</name>
		<cmt>Krakower Landstr. Aus Alt Sammit</cmt>
		<desc>Krakower Landstr. Aus Alt Sammit</desc>
		<src>Landesforst Mecklenburg-Vorpommern</src>
	</wpt>
	<wpt lat="53.63887521433093" lon="12.399240042699642">
		<name>LRO38-037</name>
		<cmt>18292 Groß Bäbelin in Richtung Wald südlich vom Bäbeliner See</cmt>
		<desc>18292 Groß Bäbelin in Richtung Wald südlich vom Bäbeliner See</desc>
		<src>Landesforst Mecklenburg-Vorpommern</src>
	</wpt>
	<wpt lat="53.640092575958789" lon="11.870483080033646">
		<name>LUP36-037</name>
		<cmt>19406 Turloff, 900 m südöstlich, Forstweg nach Hohen Pritz Abt. 42-43</cmt>
		<desc>19406 Turloff, 900 m südöstlich, Forstweg nach Hohen Pritz Abt. 42-43</desc>
		<src>Landesforst Mecklenburg-Vorpommern</src>
	</wpt>
	<wpt lat="53.640012303510638" lon="12.29316704922711">
		<name>LRO37-023</name>
		<cmt>Wadehäng an der Strecke Krakow-Linstow</cmt>
		<desc>Wadehäng an der Strecke Krakow-Linstow</desc>
		<src>Landesforst Mecklenburg-Vorpommern</src>
	</wpt>
	<wpt lat="53.637255500639938" lon="11.081762064808505">
		<name>NWM34-015</name>
		<cmt>Kreisstraße 25 Krembz - Stöllnitz - Badow - Söhring ; In den Ort Alt Steibeck fahren ( aus Richtung Krembz links einbiegen, aus Richtung Stöllnitz / Badow rechts einbiegen ) gegenüber dem Dorfteich.</cmt>
		<desc>Kreisstraße 25 Krembz - Stöllnitz - Badow - Söhring ; In den Ort Alt Steibeck fahren ( aus Richtung Krembz links einbiegen, aus Richtung Stöllnitz / Badow rechts einbiegen ) gegenüber dem Dorfteich.</desc>
		<src>Landesforst Mecklenburg-Vorpommern</src>
	</wpt>
	<wpt lat="53.64082035751489" lon="12.124841288857695">
		<name>LUP37-022</name>
		<cmt>Stern zum Dorf  Kleesten</cmt>
		<desc>Stern zum Dorf  Kleesten</desc>
		<src>Landesforst Mecklenburg-Vorpommern</src>
	</wpt>
	<wpt lat="53.63071648227168" lon="13.63328717076228">
		<name>MSE41-012</name>
		<cmt>an Waldkante und Strasse setzen Lübbersdorf Richtung Wittenborn an Ortschaft 17099 Alte Mühle</cmt>
		<desc>an Waldkante und Strasse setzen Lübbersdorf Richtung Wittenborn an Ortschaft 17099 Alte Mühle</desc>
		<src>Landesforst Mecklenburg-Vorpommern</src>
	</wpt>
	<wpt lat="53.628348841087089" lon="13.799971003417777">
		<name>VG42-023</name>
		<cmt>17379;Heinrichswalde;K 9 Heinrichswalde - Wilhelmsburg, ca. 2 km hinter Heinrichswalde</cmt>
		<desc>17379;Heinrichswalde;K 9 Heinrichswalde - Wilhelmsburg, ca. 2 km hinter Heinrichswalde</desc>
		<src>Landesforst Mecklenburg-Vorpommern</src>
	</wpt>
	<wpt lat="53.627275832896615" lon="13.928422374573065">
		<name>VG42-022</name>
		<cmt>Ortslage Müggenburg, 700 m westliche Richtung</cmt>
		<desc>Ortslage Müggenburg, 700 m westliche Richtung</desc>
		<src>Landesforst Mecklenburg-Vorpommern</src>
	</wpt>
	<wpt lat="53.628662088574828" lon="13.865524468391545">
		<name>VG42-021</name>
		<cmt>17379;Eichhof;Ecke Eichhof - Friedrichshagen am Waldeingang</cmt>
		<desc>17379;Eichhof;Ecke Eichhof - Friedrichshagen am Waldeingang</desc>
		<src>Landesforst Mecklenburg-Vorpommern</src>
	</wpt>
	<wpt lat="53.63969332601441" lon="11.012172102405581">
		<name>NWM34-035</name>
		<cmt>Landstraße 041  Gadebusch - Krembz - Drönnewitz - Wittenburg ; Ortslage Schönwolde, An Kreuzung Schönwolde in Richtung Lützow Horst abbiegen, Den Pflasterdamm etwa 1100 m folgen bis zum Ende das Waldes, dort ist rechts der RP</cmt>
		<desc>Landstraße 041  Gadebusch - Krembz - Drönnewitz - Wittenburg ; Ortslage Schönwolde, An Kreuzung Schönwolde in Richtung Lützow Horst abbiegen, Den Pflasterdamm etwa 1100 m folgen bis zum Ende das Waldes, dort ist rechts der RP</desc>
		<src>Landesforst Mecklenburg-Vorpommern</src>
	</wpt>
	<wpt lat="53.644968092192293" lon="12.033987823336544">
		<name>LUP37-021</name>
		<cmt>an  der Alten Mühle</cmt>
		<desc>an  der Alten Mühle</desc>
		<src>Landesforst Mecklenburg-Vorpommern</src>
	</wpt>
	<wpt lat="53.628598690564644" lon="13.986699856389276">
		<name>VG42-020</name>
		<cmt>In 17358 Torgelow auf Straße “Waldsiedlung” 800m in Richtung Westen oder auf der Verlängerung der Straße „Teerofenrain“ 400m in Richtung Norden bis zur Kreuzung Straße „Waldsiedlung“</cmt>
		<desc>In 17358 Torgelow auf Straße “Waldsiedlung” 800m in Richtung Westen oder auf der Verlängerung der Straße „Teerofenrain“ 400m in Richtung Norden bis zur Kreuzung Straße „Waldsiedlung“</desc>
		<src>Landesforst Mecklenburg-Vorpommern</src>
	</wpt>
	<wpt lat="53.646464726316125" lon="11.514997628747176">
		<name>LUP35-016</name>
		<cmt>19067 Leezen über PCH 4 in Richtung OT Blumberg, 2500 m Wirtschaftsweg parallel zur A 14, Waldausgang Abt 46</cmt>
		<desc>19067 Leezen über PCH 4 in Richtung OT Blumberg, 2500 m Wirtschaftsweg parallel zur A 14, Waldausgang Abt 46</desc>
		<src>Landesforst Mecklenburg-Vorpommern</src>
	</wpt>
	<wpt lat="53.648152012617736" lon="12.043625157130334">
		<name>LUP37-020</name>
		<cmt>an der B192, Abzweig Neuhof</cmt>
		<desc>an der B192, Abzweig Neuhof</desc>
		<src>Landesforst Mecklenburg-Vorpommern</src>
	</wpt>
	<wpt lat="53.637728410768297" lon="13.619730867231985">
		<name>MSE41-011</name>
		<cmt>L282  / Försterei 17099 Lübbersdorf Hauptstrasse Nr.19</cmt>
		<desc>L282  / Försterei 17099 Lübbersdorf Hauptstrasse Nr.19</desc>
		<src>Landesforst Mecklenburg-Vorpommern</src>
	</wpt>
	<wpt lat="53.649912585755359" lon="11.917486862324891">
		<name>LUP36-035</name>
		<cmt>Ortsverbindungsstraße 19406 Dabel nach 19406 Kukuk, 1500 m links, Zufahrt zum Dabelschen Werder</cmt>
		<desc>Ortsverbindungsstraße 19406 Dabel nach 19406 Kukuk, 1500 m links, Zufahrt zum Dabelschen Werder</desc>
		<src>Landesforst Mecklenburg-Vorpommern</src>
	</wpt>
	<wpt lat="53.646252540716731" lon="10.967702496736196">
		<name>NWM33-017</name>
		<cmt>von Roggendorf (B 208) kommend Ri. Kneese (K 48) bis Abzw. Kneese Dorf (K 10), hier weiter Ri. Lassahn, nach ca. 1,5 km in einer Doppelkurve rechts in den Waldweg Ri. Holzplatz (ca. 100 m)</cmt>
		<desc>von Roggendorf (B 208) kommend Ri. Kneese (K 48) bis Abzw. Kneese Dorf (K 10), hier weiter Ri. Lassahn, nach ca. 1,5 km in einer Doppelkurve rechts in den Waldweg Ri. Holzplatz (ca. 100 m)</desc>
		<src>Landesforst Mecklenburg-Vorpommern</src>
	</wpt>
	<wpt lat="53.646795898511989" lon="10.99121617414117">
		<name>NWM33-016</name>
		<cmt>von Roggendorf (B 208) kommend Ri. Kneese (K 48) bis Abzw. Kneese Dorf (K 10), hier weiter Ri. Lassahn, nach ca. 800m links abbiegen auf Weg Ri. Wald, diesem ca. 1,4 km bis Waldeingang und weitere ca. 200 m folgen bis Wegekreuzung</cmt>
		<desc>von Roggendorf (B 208) kommend Ri. Kneese (K 48) bis Abzw. Kneese Dorf (K 10), hier weiter Ri. Lassahn, nach ca. 800m links abbiegen auf Weg Ri. Wald, diesem ca. 1,4 km bis Waldeingang und weitere ca. 200 m folgen bis Wegekreuzung</desc>
		<src>Landesforst Mecklenburg-Vorpommern</src>
	</wpt>
	<wpt lat="53.650990686461085" lon="12.208614334030869">
		<name>LRO37-019</name>
		<cmt>Dorf Alt Sammit 2. Abfahrt in Richtung RumKogel zum Wald- Waldeingang</cmt>
		<desc>Dorf Alt Sammit 2. Abfahrt in Richtung RumKogel zum Wald- Waldeingang</desc>
		<src>Landesforst Mecklenburg-Vorpommern</src>
	</wpt>
	<wpt lat="53.650393308379599" lon="11.447003924509595">
		<name>SN35-014</name>
		<cmt>Forstweg südlich B104, 19055 Schwerin 1200 m in Richtung 19067 Rampe, Wegekreuz  Abt 3 und 5</cmt>
		<desc>Forstweg südlich B104, 19055 Schwerin 1200 m in Richtung 19067 Rampe, Wegekreuz  Abt 3 und 5</desc>
		<src>Landesforst Mecklenburg-Vorpommern</src>
	</wpt>
	<wpt lat="53.652675184017085" lon="11.987661489840782">
		<name>LUP36-033</name>
		<cmt>Abfahrt von B192 Neu Woserin in Richtung Dinnis ca. 500 m im Wald</cmt>
		<desc>Abfahrt von B192 Neu Woserin in Richtung Dinnis ca. 500 m im Wald</desc>
		<src>Landesforst Mecklenburg-Vorpommern</src>
	</wpt>
	<wpt lat="53.653394435792556" lon="11.677110462323748">
		<name>LUP36-044</name>
		<cmt>südlich Ortslage 19412 Wendorf, 1900 m, Kölpiner Weg  Abt. 133</cmt>
		<desc>südlich Ortslage 19412 Wendorf, 1900 m, Kölpiner Weg  Abt. 133</desc>
		<src>Landesforst Mecklenburg-Vorpommern</src>
	</wpt>
	<wpt lat="53.652215779206543" lon="13.094704101271089">
		<name>MSE40-010</name>
		<cmt>17091 Wildberg, 1500 m westlich der Ortschaft , Waldparplatz Badestelle Wildberg</cmt>
		<desc>17091 Wildberg, 1500 m westlich der Ortschaft , Waldparplatz Badestelle Wildberg</desc>
		<src>Landesforst Mecklenburg-Vorpommern</src>
	</wpt>
	<wpt lat="53.65567044432953" lon="11.110176976905082">
		<name>NWM34-013</name>
		<cmt>Straße Gadebusch - Wakenstädt - Neuendorf, fahren bis zum Ortseingang Neuendorf, dort den Weg links ( in Richtung Alt Pokrent ) einbiegen, diesen Weg ca. 700 m folgen, dann dort rechts abbiegen und ( ca. 100 m )  bis zum Waldeingang fahren</cmt>
		<desc>Straße Gadebusch - Wakenstädt - Neuendorf, fahren bis zum Ortseingang Neuendorf, dort den Weg links ( in Richtung Alt Pokrent ) einbiegen, diesen Weg ca. 700 m folgen, dann dort rechts abbiegen und ( ca. 100 m )  bis zum Waldeingang fahren</desc>
		<src>Landesforst Mecklenburg-Vorpommern</src>
	</wpt>
	<wpt lat="53.657138305626319" lon="11.316675665580002">
		<name>SN34-012</name>
		<cmt>B 104 aus Schwerin in Richtung Gadebusch / Lübeck fahren, ab Ortsausgang Schwerin ( Beginn Wald beidseitig ) ca. 450 m fahren und dann nach links auf den Waldweg einbiegen</cmt>
		<desc>B 104 aus Schwerin in Richtung Gadebusch / Lübeck fahren, ab Ortsausgang Schwerin ( Beginn Wald beidseitig ) ca. 450 m fahren und dann nach links auf den Waldweg einbiegen</desc>
		<src>Landesforst Mecklenburg-Vorpommern</src>
	</wpt>
	<wpt lat="53.642640185061502" lon="14.000982344585791">
		<name>VG42-019</name>
		<cmt>Ortsrandlage 17358 Torgelow, Blumenthaler Straße Ausbau, an der Biegung der Straße südlich des Gästeeingangs zum Torgelower Stadion, zwischen den Hausnummern 10a und 11 nordwestlich der Kleingartenanlage auf dem Parkplatz vor der Waldeinfahrt</cmt>
		<desc>Ortsrandlage 17358 Torgelow, Blumenthaler Straße Ausbau, an der Biegung der Straße südlich des Gästeeingangs zum Torgelower Stadion, zwischen den Hausnummern 10a und 11 nordwestlich der Kleingartenanlage auf dem Parkplatz vor der Waldeinfahrt</desc>
		<src>Landesforst Mecklenburg-Vorpommern</src>
	</wpt>
	<wpt lat="53.659705730678503" lon="11.944020513832086">
		<name>LUP36-031</name>
		<cmt>Borkow  Dorfausgang in Richtung Schlowe</cmt>
		<desc>Borkow  Dorfausgang in Richtung Schlowe</desc>
		<src>Landesforst Mecklenburg-Vorpommern</src>
	</wpt>
	<wpt lat="53.657457302055619" lon="12.983072591524452">
		<name>MSE39-019</name>
		<cmt>B104, 17153 Ritzerow Richtung Galenbeck. Abzweig im Wald rechts, Revierförsterei</cmt>
		<desc>B104, 17153 Ritzerow Richtung Galenbeck. Abzweig im Wald rechts, Revierförsterei</desc>
		<src>Landesforst Mecklenburg-Vorpommern</src>
	</wpt>
	<wpt lat="53.661459473706159" lon="11.70005724445196">
		<name>LUP36-030</name>
		<cmt>PCH 6, 19089 Venzkow nach 19412 Jülchendorf, 1500 m, Abzweig links, Betonstraße, Abt 138</cmt>
		<desc>PCH 6, 19089 Venzkow nach 19412 Jülchendorf, 1500 m, Abzweig links, Betonstraße, Abt 138</desc>
		<src>Landesforst Mecklenburg-Vorpommern</src>
	</wpt>
	<wpt lat="53.662127695555732" lon="11.885431515689989">
		<name>LUP36-029</name>
		<cmt>L 16 Ortlage Dabel Waldeinfahrt Knaaksche Drift , Abt. 94</cmt>
		<desc>L 16 Ortlage Dabel Waldeinfahrt Knaaksche Drift , Abt. 94</desc>
		<src>Landesforst Mecklenburg-Vorpommern</src>
	</wpt>
	<wpt lat="53.661115274921954" lon="11.295208338335799">
		<name>NWM34-011</name>
		<cmt>von Schwerin-Friedrichsthal kommend Ri. Gadebusch (B 104), ca. 700 m hinter Bahnübergang Friedrichsthal Parkbucht linke Straßenseite</cmt>
		<desc>von Schwerin-Friedrichsthal kommend Ri. Gadebusch (B 104), ca. 700 m hinter Bahnübergang Friedrichsthal Parkbucht linke Straßenseite</desc>
		<src>Landesforst Mecklenburg-Vorpommern</src>
	</wpt>
	<wpt lat="53.662852236005293" lon="11.435873332652225">
		<name>SN35-011</name>
		<cmt>B 104 von 19055 Schwerin in Richtung 19067 Rampe, Waldeinfahrt Nord, 1300 m,  scharfe Kurve Abt. 13</cmt>
		<desc>B 104 von 19055 Schwerin in Richtung 19067 Rampe, Waldeinfahrt Nord, 1300 m,  scharfe Kurve Abt. 13</desc>
		<src>Landesforst Mecklenburg-Vorpommern</src>
	</wpt>
	<wpt lat="53.664276773168247" lon="12.207957560006191">
		<name>LRO37-018</name>
		<cmt>Eingang Cossenheide Alt-Sammit- Reimershagen;;</cmt>
		<desc>Eingang Cossenheide Alt-Sammit- Reimershagen;;</desc>
		<src>Landesforst Mecklenburg-Vorpommern</src>
	</wpt>
	<wpt lat="53.663956711371668" lon="11.213329652296046">
		<name>NWM34-010</name>
		<cmt>von Schwerin-Friedrichsthal kommend Ri. Gadebusch (B 104), ca. 1,2 km ab Kreuzung Brüsewitz weiter Ri. Lützow, ca. 50 m vor Waldbeginn rechts in Einfahrt "Theodor-Körner-Denkmal" abbiegen, ca. 100 m weiter kl. Waldparkplatz</cmt>
		<desc>von Schwerin-Friedrichsthal kommend Ri. Gadebusch (B 104), ca. 1,2 km ab Kreuzung Brüsewitz weiter Ri. Lützow, ca. 50 m vor Waldbeginn rechts in Einfahrt "Theodor-Körner-Denkmal" abbiegen, ca. 100 m weiter kl. Waldparkplatz</desc>
		<src>Landesforst Mecklenburg-Vorpommern</src>
	</wpt>
	<wpt lat="53.669655823857653" lon="12.34053144056278">
		<name>LRO38-035</name>
		<cmt>Von 18292 Serrahn in Richtung 18292 Krakow am See fahren, an der Nebelbrücke etwa 400 m westlich von 18292 Serrahn</cmt>
		<desc>Von 18292 Serrahn in Richtung 18292 Krakow am See fahren, an der Nebelbrücke etwa 400 m westlich von 18292 Serrahn</desc>
		<src>Landesforst Mecklenburg-Vorpommern</src>
	</wpt>
	<wpt lat="53.654367886281968" lon="13.948686884562587">
		<name>VG42-018</name>
		<cmt>17379;Aschersleben;Ortsausgang Aschersleben, Waldeinfahrt</cmt>
		<desc>17379;Aschersleben;Ortsausgang Aschersleben, Waldeinfahrt</desc>
		<src>Landesforst Mecklenburg-Vorpommern</src>
	</wpt>
	<wpt lat="53.671421197361951" lon="11.847827452428499">
		<name>LUP36-027</name>
		<cmt>19406 Holzendorf, von B192 westlich Landweg in das Waldgebiet Peeschen, Kreuzung Abt. 206</cmt>
		<desc>19406 Holzendorf, von B192 westlich Landweg in das Waldgebiet Peeschen, Kreuzung Abt. 206</desc>
		<src>Landesforst Mecklenburg-Vorpommern</src>
	</wpt>
	<wpt lat="53.671682593937021" lon="12.30333601550816">
		<name>LRO37-017</name>
		<cmt>Von 18292 Krakow am See in Richtung 18292 Serrahn fahren, etwa 300 m nach dem Restaurant "ich Weiß ein Haus am See nördlich inbiegen, dann noch etwa 250 m bis zum beidseitigen Waldeingang</cmt>
		<desc>Von 18292 Krakow am See in Richtung 18292 Serrahn fahren, etwa 300 m nach dem Restaurant "ich Weiß ein Haus am See nördlich inbiegen, dann noch etwa 250 m bis zum beidseitigen Waldeingang</desc>
		<src>Landesforst Mecklenburg-Vorpommern</src>
	</wpt>
	<wpt lat="53.672628090962412" lon="12.258074992328128">
		<name>LRO37-041</name>
		<cmt>18292 Krakow am See L11 in Richtung 18292 Groß Tessin fahren, bis etwa 800 m nach Abzweig Groß Tessin von der L37</cmt>
		<desc>18292 Krakow am See L11 in Richtung 18292 Groß Tessin fahren, bis etwa 800 m nach Abzweig Groß Tessin von der L37</desc>
		<src>Landesforst Mecklenburg-Vorpommern</src>
	</wpt>
	<wpt lat="53.671218542413612" lon="11.19445346127314">
		<name>NWM34-009</name>
		<cmt>Straße Lützow - Rosenow, ab Abzweig Rosenow von der B 104 ca. 2200 m in Richtung Rosenow fahren, auf der 1. Kreuzung in Rosenow rechts abbiegen, ca. 800 m fahren bis zum Waldeingang und dort links auf den Waldparkplatz fahren</cmt>
		<desc>Straße Lützow - Rosenow, ab Abzweig Rosenow von der B 104 ca. 2200 m in Richtung Rosenow fahren, auf der 1. Kreuzung in Rosenow rechts abbiegen, ca. 800 m fahren bis zum Waldeingang und dort links auf den Waldparkplatz fahren</desc>
		<src>Landesforst Mecklenburg-Vorpommern</src>
	</wpt>
	<wpt lat="53.674192991522403" lon="12.245869355499401">
		<name>LRO37-016</name>
		<cmt>18292 Krakow am See in Richtung 18276 Groß Tessin fahren, am Waldausgang</cmt>
		<desc>18292 Krakow am See in Richtung 18276 Groß Tessin fahren, am Waldausgang</desc>
		<src>Landesforst Mecklenburg-Vorpommern</src>
	</wpt>
	<wpt lat="53.677248181255351" lon="12.39137518177759">
		<name>LRO38-036</name>
		<cmt>in der 90-Gradkurve zwischen 18292 Wilsen und 18292 Wilser Hütte am Abzweig 18292 Serrahn</cmt>
		<desc>in der 90-Gradkurve zwischen 18292 Wilsen und 18292 Wilser Hütte am Abzweig 18292 Serrahn</desc>
		<src>Landesforst Mecklenburg-Vorpommern</src>
	</wpt>
	<wpt lat="53.680152060111013" lon="12.193708126797748">
		<name>LRO37-014</name>
		<cmt>18276 Reimershagen in Richtung 18276 Groß Tessin  fahren, am Waldeingang etwa 1,3 km nach 18276 Reimershagen</cmt>
		<desc>18276 Reimershagen in Richtung 18276 Groß Tessin  fahren, am Waldeingang etwa 1,3 km nach 18276 Reimershagen</desc>
		<src>Landesforst Mecklenburg-Vorpommern</src>
	</wpt>
	<wpt lat="53.678088257895723" lon="12.847767623907743">
		<name>MSE39-017</name>
		<cmt>Verbindungsweg zwischen 17153 Gülzow und 17153 Rottmannshagen, Richtung Rottmannshagen, Waldeingang linke Seite gegenüber Alter Försterei</cmt>
		<desc>Verbindungsweg zwischen 17153 Gülzow und 17153 Rottmannshagen, Richtung Rottmannshagen, Waldeingang linke Seite gegenüber Alter Försterei</desc>
		<src>Landesforst Mecklenburg-Vorpommern</src>
	</wpt>
	<wpt lat="53.679005014496397" lon="12.775732237887233">
		<name>MSE39-016</name>
		<cmt>L20, 17139 Gielow Richtung Demzin, Waldparkplatz Benz linke Seite</cmt>
		<desc>L20, 17139 Gielow Richtung Demzin, Waldparkplatz Benz linke Seite</desc>
		<src>Landesforst Mecklenburg-Vorpommern</src>
	</wpt>
	<wpt lat="53.680493161314637" lon="11.336693560167189">
		<name>NWM35-009</name>
		<cmt>von Schwerin kommend Ri. Mühlen-Eichsen (L 03) bis Ortslage Pingelshagen, hier nach der Bushaltestelle links abbiegen auf Waldweg</cmt>
		<desc>von Schwerin kommend Ri. Mühlen-Eichsen (L 03) bis Ortslage Pingelshagen, hier nach der Bushaltestelle links abbiegen auf Waldweg</desc>
		<src>Landesforst Mecklenburg-Vorpommern</src>
	</wpt>
	<wpt lat="53.666490628742629" lon="13.989781931639858">
		<name>VG42-017</name>
		<cmt>17358 Torgelow, Blumenthaler Straße Ausbau, südlich des Stadions in den Wald fahren und direkt hinter der Waldeinfahrt nach rechts nordwärts abbiegen; auf diesem Weg 2,8 km Richtung Norden bis Kreuzung mit Schutzhütten</cmt>
		<desc>17358 Torgelow, Blumenthaler Straße Ausbau, südlich des Stadions in den Wald fahren und direkt hinter der Waldeinfahrt nach rechts nordwärts abbiegen; auf diesem Weg 2,8 km Richtung Norden bis Kreuzung mit Schutzhütten</desc>
		<src>Landesforst Mecklenburg-Vorpommern</src>
	</wpt>
	<wpt lat="53.683927539967456" lon="12.349177533776462">
		<name>LRO38-034</name>
		<cmt>18292 Kuchelmiß, Mühlenweg am Schlossplatz</cmt>
		<desc>18292 Kuchelmiß, Mühlenweg am Schlossplatz</desc>
		<src>Landesforst Mecklenburg-Vorpommern</src>
	</wpt>
	<wpt lat="53.684371308409943" lon="11.838974218682749">
		<name>LUP36-026</name>
		<cmt>Verbindungsstraße 19406 Kobrow II nach 19406 Holzendorf, rechts, Waldeingang Hungerswald, Abt. 78/79</cmt>
		<desc>Verbindungsstraße 19406 Kobrow II nach 19406 Holzendorf, rechts, Waldeingang Hungerswald, Abt. 78/79</desc>
		<src>Landesforst Mecklenburg-Vorpommern</src>
	</wpt>
	<wpt lat="53.685698044801043" lon="11.693008915836112">
		<name>LUP36-025</name>
		<cmt>Ortslage 19412 Schönlage, Gustäveler Weg, Abzweig Wendorfer Weg</cmt>
		<desc>Ortslage 19412 Schönlage, Gustäveler Weg, Abzweig Wendorfer Weg</desc>
		<src>Landesforst Mecklenburg-Vorpommern</src>
	</wpt>
	<wpt lat="53.673798360641555" lon="13.943149854322236">
		<name>VG42-016</name>
		<cmt>Ortsrandlage 17375 Meiersberg, der Dorfstraße ab der Kirche (Ortsmitte) ca. 1km Richtung Süden folgen, Richtung Osten abbiegen und weitere 750m der Straße folgen; bis zum Waldrand (ab der Adresse Dorfstraße 169 sind es 200m bis zur Waldeinfahrt)</cmt>
		<desc>Ortsrandlage 17375 Meiersberg, der Dorfstraße ab der Kirche (Ortsmitte) ca. 1km Richtung Süden folgen, Richtung Osten abbiegen und weitere 750m der Straße folgen; bis zum Waldrand (ab der Adresse Dorfstraße 169 sind es 200m bis zur Waldeinfahrt)</desc>
		<src>Landesforst Mecklenburg-Vorpommern</src>
	</wpt>
	<wpt lat="53.691181374849734" lon="12.22049331057972">
		<name>LRO37-056</name>
		<cmt>18292 Bellin in Richtung 18276 Groß Tessin, ca 600 m südlich vom Abzweig 18292 Marienhof</cmt>
		<desc>18292 Bellin in Richtung 18276 Groß Tessin, ca 600 m südlich vom Abzweig 18292 Marienhof</desc>
		<src>Landesforst Mecklenburg-Vorpommern</src>
	</wpt>
	<wpt lat="53.692080792134526" lon="12.060877728009862">
		<name>LRO37-013</name>
		<cmt>Parkplatz Zeltplatz 18276 Garden</cmt>
		<desc>Parkplatz Zeltplatz 18276 Garden</desc>
		<src>Landesforst Mecklenburg-Vorpommern</src>
	</wpt>
	<wpt lat="53.693537422152822" lon="12.152270996652122">
		<name>LRO37-012</name>
		<cmt>Zwischen 18276 Klein Breesen und 18276 Groß Breesen in der 90-Grad Kurve</cmt>
		<desc>Zwischen 18276 Klein Breesen und 18276 Groß Breesen in der 90-Grad Kurve</desc>
		<src>Landesforst Mecklenburg-Vorpommern</src>
	</wpt>
	<wpt lat="53.694140532889961" lon="11.9302069900475">
		<name>LUP36-024</name>
		<cmt>RP 36-24</cmt>
		<desc>RP 36-24</desc>
		<src>Landesforst Mecklenburg-Vorpommern</src>
	</wpt>
	<wpt lat="53.697625999712457" lon="11.731270999399593">
		<name>LUP36-023</name>
		<cmt>Einfahrt Dorfmitte Kaarz (Bushaltestelle)</cmt>
		<desc>Einfahrt Dorfmitte Kaarz (Bushaltestelle)</desc>
		<src>Landesforst Mecklenburg-Vorpommern</src>
	</wpt>
	<wpt lat="53.681624247370287" lon="14.013395784356081">
		<name>VG43-014</name>
		<cmt>Landstraße Liepgarten - Torgelow, Einfahrt Meiersberger Verbindungsdamm</cmt>
		<desc>Landstraße Liepgarten - Torgelow, Einfahrt Meiersberger Verbindungsdamm</desc>
		<src>Landesforst Mecklenburg-Vorpommern</src>
	</wpt>
	<wpt lat="53.694792753623815" lon="11.034673263844851">
		<name>NWM34-008</name>
		<cmt>Straße Roggendorf - Gadebusch ( B 208 ), ab Ortsmitte Roggendorf ( Abzweig Breesen / Demern ) ca. 1170 m ( auf der B 208 ) in Richtung Gadebusch, wo der Wald an linker Straßenseite aufhört, dort den Weg einbiegen</cmt>
		<desc>Straße Roggendorf - Gadebusch ( B 208 ), ab Ortsmitte Roggendorf ( Abzweig Breesen / Demern ) ca. 1170 m ( auf der B 208 ) in Richtung Gadebusch, wo der Wald an linker Straßenseite aufhört, dort den Weg einbiegen</desc>
		<src>Landesforst Mecklenburg-Vorpommern</src>
	</wpt>
	<wpt lat="53.698755912178626" lon="12.132603162092424">
		<name>LRO37-044</name>
		<cmt/>
		<desc/>
		<src>Landesforst Mecklenburg-Vorpommern</src>
	</wpt>
	<wpt lat="53.696652668878841" lon="12.737397511411007">
		<name>MSE39-035</name>
		<cmt>Forstamtssitz Stavenhagen, An den Tannen 1, 17139 Gielow</cmt>
		<desc>Forstamtssitz Stavenhagen, An den Tannen 1, 17139 Gielow</desc>
		<src>Landesforst Mecklenburg-Vorpommern</src>
	</wpt>
	<wpt lat="53.698530403475885" lon="11.599309355566593">
		<name>LUP35-030</name>
		<cmt>19412 Zaschendorf Ortsausgang, Landweg Richtung 19066 Kleefeld</cmt>
		<desc>19412 Zaschendorf Ortsausgang, Landweg Richtung 19066 Kleefeld</desc>
		<src>Landesforst Mecklenburg-Vorpommern</src>
	</wpt>
	<wpt lat="53.699465295768874" lon="12.078128312061109">
		<name>LRO37-011</name>
		<cmt>Zwischen Lohmen und Klein Upahl, 150 m Südlich vom Abzweig Gerdshagen, etwa 2,3 km südlich von Klein Upahl</cmt>
		<desc>Zwischen Lohmen und Klein Upahl, 150 m Südlich vom Abzweig Gerdshagen, etwa 2,3 km südlich von Klein Upahl</desc>
		<src>Landesforst Mecklenburg-Vorpommern</src>
	</wpt>
	<wpt lat="53.686097353967419" lon="13.980595988159662">
		<name>VG42-015</name>
		<cmt>500 m südlich der Brücke am Kühlschen Graben (am Meiersberger Verbindungsdamm) auf dem Rosengartengestell</cmt>
		<desc>500 m südlich der Brücke am Kühlschen Graben (am Meiersberger Verbindungsdamm) auf dem Rosengartengestell</desc>
		<src>Landesforst Mecklenburg-Vorpommern</src>
	</wpt>
	<wpt lat="53.701595180386022" lon="10.980264071332661">
		<name>NWM33-014</name>
		<cmt>B 208 Roggendorf - Ratzeburg, ca. 2 km ab Ortsausgang Roggendorf, an Abzweig Breesen ( rechts ) vorbei, dann nach ca. 180 m am beginn des waldes rechts abbiegen und ca. 130 m bis zum Waldparkplatz fahren</cmt>
		<desc>B 208 Roggendorf - Ratzeburg, ca. 2 km ab Ortsausgang Roggendorf, an Abzweig Breesen ( rechts ) vorbei, dann nach ca. 180 m am beginn des waldes rechts abbiegen und ca. 130 m bis zum Waldparkplatz fahren</desc>
		<src>Landesforst Mecklenburg-Vorpommern</src>
	</wpt>
	<wpt lat="53.701995051365905" lon="13.015621666890665">
		<name>MSE40-021</name>
		<cmt>17153 Klockow Richtung Zwiedorf, Kreuzung L273 und K37  im Tüzener Holt</cmt>
		<desc>17153 Klockow Richtung Zwiedorf, Kreuzung L273 und K37  im Tüzener Holt</desc>
		<src>Landesforst Mecklenburg-Vorpommern</src>
	</wpt>
	<wpt lat="53.705943912016487" lon="12.390473241159397">
		<name>LRO38-033</name>
		<cmt>18279 Dersentin in Richtung 18292 Hinzenhagen fahren, am Waldeingang</cmt>
		<desc>18279 Dersentin in Richtung 18292 Hinzenhagen fahren, am Waldeingang</desc>
		<src>Landesforst Mecklenburg-Vorpommern</src>
	</wpt>
	<wpt lat="53.690528096890546" lon="13.979488431884889">
		<name>VG42-014</name>
		<cmt>Meiersberger Verbindungsdamm zwischen der L28 (nördl von Meiersberg) und der K12 (nördl von Torgelow) an der Brücke über den Kühlschen Graben</cmt>
		<desc>Meiersberger Verbindungsdamm zwischen der L28 (nördl von Meiersberg) und der K12 (nördl von Torgelow) an der Brücke über den Kühlschen Graben</desc>
		<src>Landesforst Mecklenburg-Vorpommern</src>
	</wpt>
	<wpt lat="53.707023915330652" lon="12.013154207789992">
		<name>LUP37-043</name>
		<cmt>19406 Lenzen, südlich in Richtung Wald fahren, Feldweg zum "Drögen Kraug"; nach 18276 Garden Lähnwitz</cmt>
		<desc>19406 Lenzen, südlich in Richtung Wald fahren, Feldweg zum "Drögen Kraug"; nach 18276 Garden Lähnwitz</desc>
		<src>Landesforst Mecklenburg-Vorpommern</src>
	</wpt>
	<wpt lat="53.689032767491192" lon="14.08821278733749">
		<name>VG43-010</name>
		<cmt>Ortsrandlage 17367 Eggesin, Luckower Straße aus Eggesin kommend direkt hinter dem letzten Gehöft befindliche Waldeinfahrt am Ortsausgang (Adresse des Gehöfts: Luckower Straße 11a)</cmt>
		<desc>Ortsrandlage 17367 Eggesin, Luckower Straße aus Eggesin kommend direkt hinter dem letzten Gehöft befindliche Waldeinfahrt am Ortsausgang (Adresse des Gehöfts: Luckower Straße 11a)</desc>
		<src>Landesforst Mecklenburg-Vorpommern</src>
	</wpt>
	<wpt lat="53.707544984712072" lon="11.786935400971242">
		<name>LUP36-050</name>
		<cmt>Parkplatz Aussichtspunkt 19406 "Obere Seen"</cmt>
		<desc>Parkplatz Aussichtspunkt 19406 "Obere Seen"</desc>
		<src>Landesforst Mecklenburg-Vorpommern</src>
	</wpt>
	<wpt lat="53.707954985415604" lon="11.949091255575819">
		<name>LUP36-022</name>
		<cmt>Bodderkamp</cmt>
		<desc>Bodderkamp</desc>
		<src>Landesforst Mecklenburg-Vorpommern</src>
	</wpt>
	<wpt lat="53.705552903578607" lon="11.216473246594393">
		<name>NWM34-007</name>
		<cmt>Am Walde 1-10; 19205 Dragun</cmt>
		<desc>Am Walde 1-10; 19205 Dragun</desc>
		<src>Landesforst Mecklenburg-Vorpommern</src>
	</wpt>
	<wpt lat="53.708931886802809" lon="11.58440060357108">
		<name>LUP35-008</name>
		<cmt>B104,  19067 Brahlstorf nach 19412 Brüel, 2800 m, Parkplatz an B 104</cmt>
		<desc>B104,  19067 Brahlstorf nach 19412 Brüel, 2800 m, Parkplatz an B 104</desc>
		<src>Landesforst Mecklenburg-Vorpommern</src>
	</wpt>
	<wpt lat="53.692557631099923" lon="14.03697110066687">
		<name>VG43-009</name>
		<cmt>von Waldeinfahrt Dorfstraße in Torgelow-Holländerei 600 m nördl. Richtung</cmt>
		<desc>von Waldeinfahrt Dorfstraße in Torgelow-Holländerei 600 m nördl. Richtung</desc>
		<src>Landesforst Mecklenburg-Vorpommern</src>
	</wpt>
	<wpt lat="53.689157026279247" lon="14.255702118138798">
		<name>VG43-011</name>
		<cmt>Ortslage 17375 Rieth, nördlich des Wohnhauses Dorfstraße 2, am südöstlichen Rand der Mittelinsel an der Straßenkreuzung Ahlbecker Weg/ Dorfstraße</cmt>
		<desc>Ortslage 17375 Rieth, nördlich des Wohnhauses Dorfstraße 2, am südöstlichen Rand der Mittelinsel an der Straßenkreuzung Ahlbecker Weg/ Dorfstraße</desc>
		<src>Landesforst Mecklenburg-Vorpommern</src>
	</wpt>
	<wpt lat="53.713315091497925" lon="11.544950423862787">
		<name>LUP35-006</name>
		<cmt>19067 Ahrensboek, Ortslage, 600 m, Waldeinfahrt Abt 1120 (Privatwald)</cmt>
		<desc>19067 Ahrensboek, Ortslage, 600 m, Waldeinfahrt Abt 1120 (Privatwald)</desc>
		<src>Landesforst Mecklenburg-Vorpommern</src>
	</wpt>
	<wpt lat="53.714848260857245" lon="11.887567480378616">
		<name>LUP36-021</name>
		<cmt>B104,Stegenholz</cmt>
		<desc>B104,Stegenholz</desc>
		<src>Landesforst Mecklenburg-Vorpommern</src>
	</wpt>
	<wpt lat="53.712129981501093" lon="12.852218716582133">
		<name>MSE39-036</name>
		<cmt>B104, 17153 Stavenhagen Richtung 17139 Malchin, Waldeingang rechts am  Abzweig Kölpin</cmt>
		<desc>B104, 17153 Stavenhagen Richtung 17139 Malchin, Waldeingang rechts am  Abzweig Kölpin</desc>
		<src>Landesforst Mecklenburg-Vorpommern</src>
	</wpt>
	<wpt lat="53.715548588231606" lon="12.197871405015782">
		<name>LRO37-053</name>
		<cmt>von 18292 Bellin den Belliner Landweg in Richtung 18276 Kirch Rosin fahren etwa 500 m nördlich der Kirche Bellin, am Waldrastplatz</cmt>
		<desc>von 18292 Bellin den Belliner Landweg in Richtung 18276 Kirch Rosin fahren etwa 500 m nördlich der Kirche Bellin, am Waldrastplatz</desc>
		<src>Landesforst Mecklenburg-Vorpommern</src>
	</wpt>
	<wpt lat="53.717544650554188" lon="12.227312098415529">
		<name>LRO37-055</name>
		<cmt>18292 Steinbeck, Abzweig Bellin</cmt>
		<desc>18292 Steinbeck, Abzweig Bellin</desc>
		<src>Landesforst Mecklenburg-Vorpommern</src>
	</wpt>
	<wpt lat="53.713075671090728" lon="10.888246624470076">
		<name>NWM33-013</name>
		<cmt>Von der B 208 Abfahrt Schönberg in Richtung Groß Molzahn  ( ab Abfahrt Schönberg 2000 m, bzw ab Beginn Wald rechts 400m bis Einfahrt Waldweg rechts, dort reinfahren !</cmt>
		<desc>Von der B 208 Abfahrt Schönberg in Richtung Groß Molzahn  ( ab Abfahrt Schönberg 2000 m, bzw ab Beginn Wald rechts 400m bis Einfahrt Waldweg rechts, dort reinfahren !</desc>
		<src>Landesforst Mecklenburg-Vorpommern</src>
	</wpt>
	<wpt lat="53.716667611805718" lon="11.256176055157379">
		<name>NWM34-034</name>
		<cmt>Weg Schönfeld - Dragun, ab Ortsausgang Schönfeld ca. 700 m, dort den Abfuhrweg in den Wald rechts  einbiegen</cmt>
		<desc>Weg Schönfeld - Dragun, ab Ortsausgang Schönfeld ca. 700 m, dort den Abfuhrweg in den Wald rechts  einbiegen</desc>
		<src>Landesforst Mecklenburg-Vorpommern</src>
	</wpt>
	<wpt lat="53.703120892814198" lon="13.954070916233949">
		<name>VG42-040</name>
		<cmt>Ortsrandlage 17375 Meiersberg, der Dorfstraße ab der Kirche (Ortsmitte) Richtung Osten folgen bis zum Waldeingang; (50 m östlich der Adresse Dorfstraße 93 a)</cmt>
		<desc>Ortsrandlage 17375 Meiersberg, der Dorfstraße ab der Kirche (Ortsmitte) Richtung Osten folgen bis zum Waldeingang; (50 m östlich der Adresse Dorfstraße 93 a)</desc>
		<src>Landesforst Mecklenburg-Vorpommern</src>
	</wpt>
	<wpt lat="53.718543905826294" lon="12.417300583954635">
		<name>LRO38-032</name>
		<cmt>18279 Mamerow in Richtung 18279 Dersentin fahren, im Wald in der 1. 90-Gradkurve</cmt>
		<desc>18279 Mamerow in Richtung 18279 Dersentin fahren, im Wald in der 1. 90-Gradkurve</desc>
		<src>Landesforst Mecklenburg-Vorpommern</src>
	</wpt>
	<wpt lat="53.716302783359815" lon="12.952047606679733">
		<name>MSE39-014</name>
		<cmt>17153 Ivenack, Parkplatz gegenüber Haupteingang Tiergarten Ivenack</cmt>
		<desc>17153 Ivenack, Parkplatz gegenüber Haupteingang Tiergarten Ivenack</desc>
		<src>Landesforst Mecklenburg-Vorpommern</src>
	</wpt>
	<wpt lat="53.721446871243785" lon="12.252200581308498">
		<name>LRO37-054</name>
		<cmt>18292 Lüdershagen in Richtung 18276 Kirch Rosin fahren ( Lüdershägerweg), bis zum beidseitigen Waldeingang</cmt>
		<desc>18292 Lüdershagen in Richtung 18276 Kirch Rosin fahren ( Lüdershägerweg), bis zum beidseitigen Waldeingang</desc>
		<src>Landesforst Mecklenburg-Vorpommern</src>
	</wpt>
	<wpt lat="53.721612110623248" lon="12.344426337064231">
		<name>LRO38-031</name>
		<cmt>18279 Bansow in Richtung 18292 Schwiggerow fahren, am Abzweig 18292 Striggow</cmt>
		<desc>18279 Bansow in Richtung 18292 Schwiggerow fahren, am Abzweig 18292 Striggow</desc>
		<src>Landesforst Mecklenburg-Vorpommern</src>
	</wpt>
	<wpt lat="53.717870575862044" lon="10.969104536768485">
		<name>NWM33-012</name>
		<cmt>B 208 Roggendorf - Ratzeburg, ca. 2 km ab Ortsausgand Roggendorf, am Abzweig Breesen ( rechts ) vorbei , dann nach ca. 180 m am Beginn des Waldes rechts abbiegen und ca. 2150 m den Steindamm fahren bis zu einem Holzlagerplatz</cmt>
		<desc>B 208 Roggendorf - Ratzeburg, ca. 2 km ab Ortsausgand Roggendorf, am Abzweig Breesen ( rechts ) vorbei , dann nach ca. 180 m am Beginn des Waldes rechts abbiegen und ca. 2150 m den Steindamm fahren bis zu einem Holzlagerplatz</desc>
		<src>Landesforst Mecklenburg-Vorpommern</src>
	</wpt>
	<wpt lat="53.719259795108812" lon="10.957467548641581">
		<name>NWM33-011</name>
		<cmt>Straße Röggelin - Klocksdorf, ab Beginn Wald nach ca. 350 m den Waldweg rechts einbiegen, ca. 800 m fahren bis zur Wegegabelung, dort links abbiegen und ca. 700 m fahren bis zum Holzlagerplatz</cmt>
		<desc>Straße Röggelin - Klocksdorf, ab Beginn Wald nach ca. 350 m den Waldweg rechts einbiegen, ca. 800 m fahren bis zur Wegegabelung, dort links abbiegen und ca. 700 m fahren bis zum Holzlagerplatz</desc>
		<src>Landesforst Mecklenburg-Vorpommern</src>
	</wpt>
	<wpt lat="53.706512428285365" lon="14.16751571762468">
		<name>VG43-008</name>
		<cmt>Ortslage 17375 Luckow, nördlich der Kirche Christiansberger Straße 1; wenige Meter östlich der Kreuzung  Christiansberger Straße/ Dorfstraße</cmt>
		<desc>Ortslage 17375 Luckow, nördlich der Kirche Christiansberger Straße 1; wenige Meter östlich der Kreuzung  Christiansberger Straße/ Dorfstraße</desc>
		<src>Landesforst Mecklenburg-Vorpommern</src>
	</wpt>
	<wpt lat="53.728910870416257" lon="11.79060957118943">
		<name>LUP36-020</name>
		<cmt>Ortseingang 19412 Sagstorf aus Sülten kommend</cmt>
		<desc>Ortseingang 19412 Sagstorf aus Sülten kommend</desc>
		<src>Landesforst Mecklenburg-Vorpommern</src>
	</wpt>
	<wpt lat="53.723799761589561" lon="10.838879363135831">
		<name>NWM33-009</name>
		<cmt>Ortsdurchfahrt Schlagbrügge in Richtung Schlagsdorf ( 450 m ab Abzweig Schlagsdorf, wo an linker Seite der Wald beginnt, dort links reinfahren )</cmt>
		<desc>Ortsdurchfahrt Schlagbrügge in Richtung Schlagsdorf ( 450 m ab Abzweig Schlagsdorf, wo an linker Seite der Wald beginnt, dort links reinfahren )</desc>
		<src>Landesforst Mecklenburg-Vorpommern</src>
	</wpt>
	<wpt lat="53.730652050887898" lon="11.968735854539457">
		<name>LUP36-055</name>
		<cmt>Einfahrt zwischen Abt. 3123 u. 3124 zum Streckenplatz, an der B104</cmt>
		<desc>Einfahrt zwischen Abt. 3123 u. 3124 zum Streckenplatz, an der B104</desc>
		<src>Landesforst Mecklenburg-Vorpommern</src>
	</wpt>
	<wpt lat="53.726314760750036" lon="10.951041145925924">
		<name>NWM33-010</name>
		<cmt>Straße Röggelin - Klocksdorf , ab Beginn Wald nach ca. 350 m den Waldweg rechts abbiegen, dann ca. 500 m fahren ( bis zu einem Holzlagerplatz )</cmt>
		<desc>Straße Röggelin - Klocksdorf , ab Beginn Wald nach ca. 350 m den Waldweg rechts abbiegen, dann ca. 500 m fahren ( bis zu einem Holzlagerplatz )</desc>
		<src>Landesforst Mecklenburg-Vorpommern</src>
	</wpt>
	<wpt lat="53.733349299651053" lon="11.900432400691788">
		<name>LUP36-018</name>
		<cmt>Verbindungsweg Witzin - Groß Raden; Schneisenkreuz Abt. 1605/1606/1615/1616</cmt>
		<desc>Verbindungsweg Witzin - Groß Raden; Schneisenkreuz Abt. 1605/1606/1615/1616</desc>
		<src>Landesforst Mecklenburg-Vorpommern</src>
	</wpt>
	<wpt lat="53.732900488403068" lon="12.36521421170403">
		<name>LRO38-040</name>
		<cmt>Waldeingang südwestlich von 18279 Lübsee, am Abzweig zum Landwirtschaftsbetrieb unter der Hochspannungsleitung</cmt>
		<desc>Waldeingang südwestlich von 18279 Lübsee, am Abzweig zum Landwirtschaftsbetrieb unter der Hochspannungsleitung</desc>
		<src>Landesforst Mecklenburg-Vorpommern</src>
	</wpt>
	<wpt lat="53.733565504523213" lon="12.232162068622785">
		<name>LRO37-008</name>
		<cmt>18276 Kirch Rosin in Richtung 18292 Steinbeck fahren (Steinbeckerweg), etwa 1,8 km nach 18276 Kirch Rosin</cmt>
		<desc>18276 Kirch Rosin in Richtung 18292 Steinbeck fahren (Steinbeckerweg), etwa 1,8 km nach 18276 Kirch Rosin</desc>
		<src>Landesforst Mecklenburg-Vorpommern</src>
	</wpt>
	<wpt lat="53.733886900784647" lon="12.025841190619067">
		<name>LRO37-061</name>
		<cmt>an der Straße Tieplitz - Groß Upahl, Waldmitte</cmt>
		<desc>an der Straße Tieplitz - Groß Upahl, Waldmitte</desc>
		<src>Landesforst Mecklenburg-Vorpommern</src>
	</wpt>
	<wpt lat="53.729486906418948" lon="10.967581245726993">
		<name>NWM33-007</name>
		<cmt>Straße Demern - Röggelin / Klocksdorf , im Ort Woitendorf links abbiegen Richtung Woitendorf Siedlung, nach ca. 450 m RP an der Försterei</cmt>
		<desc>Straße Demern - Röggelin / Klocksdorf , im Ort Woitendorf links abbiegen Richtung Woitendorf Siedlung, nach ca. 450 m RP an der Försterei</desc>
		<src>Landesforst Mecklenburg-Vorpommern</src>
	</wpt>
	<wpt lat="53.729847144247707" lon="10.946815846046341">
		<name>NWM33-008</name>
		<cmt>Sraße Dechow - Carlow, zwischen Röggelin und Klocksdorf  nach ca.  350 m ab Beginn Wald links auf den Platz zum See fahren</cmt>
		<desc>Sraße Dechow - Carlow, zwischen Röggelin und Klocksdorf  nach ca.  350 m ab Beginn Wald links auf den Platz zum See fahren</desc>
		<src>Landesforst Mecklenburg-Vorpommern</src>
	</wpt>
	<wpt lat="53.734557284915425" lon="12.32185096956832">
		<name>LRO37-040</name>
		<cmt>Waldeingang am östlichen Ortsausgang von 18292 Schwiggerow</cmt>
		<desc>Waldeingang am östlichen Ortsausgang von 18292 Schwiggerow</desc>
		<src>Landesforst Mecklenburg-Vorpommern</src>
	</wpt>
	<wpt lat="53.732729178485599" lon="11.2587715980947">
		<name>NWM34-033</name>
		<cmt>Straße Groß Eichsen - Schönfeld, ab Groß Eichsen ( Abzweig Neu Frauenmark / Frauenmark ) ca. 1180 m in Richtung Schönfeld, dort den Weg links einbiegen</cmt>
		<desc>Straße Groß Eichsen - Schönfeld, ab Groß Eichsen ( Abzweig Neu Frauenmark / Frauenmark ) ca. 1180 m in Richtung Schönfeld, dort den Weg links einbiegen</desc>
		<src>Landesforst Mecklenburg-Vorpommern</src>
	</wpt>
	<wpt lat="53.734234195316226" lon="12.483750066121903">
		<name>LRO38-007</name>
		<cmt>17166 Groß Wokern, L11 Richtung Krakow am See, Waldausgang in Kurve rechts;</cmt>
		<desc>17166 Groß Wokern, L11 Richtung Krakow am See, Waldausgang in Kurve rechts;</desc>
		<src>Landesforst Mecklenburg-Vorpommern</src>
	</wpt>
	<wpt lat="53.735173217090271" lon="11.870719470399015">
		<name>LUP36-016</name>
		<cmt>Parkplatz Museum 19406 Groß Raden</cmt>
		<desc>Parkplatz Museum 19406 Groß Raden</desc>
		<src>Landesforst Mecklenburg-Vorpommern</src>
	</wpt>
	<wpt lat="53.735557635008163" lon="12.286947076081359">
		<name>LRO37-051</name>
		<cmt>18292 Hopperade in Richtung 18292 Schwiggerow, am Waldeingang in der Kurve etwa 1,0 km östlich von 18292 Hoppenrade</cmt>
		<desc>18292 Hopperade in Richtung 18292 Schwiggerow, am Waldeingang in der Kurve etwa 1,0 km östlich von 18292 Hoppenrade</desc>
		<src>Landesforst Mecklenburg-Vorpommern</src>
	</wpt>
	<wpt lat="53.734948156523302" lon="12.484444134544907">
		<name>LRO38-029</name>
		<cmt>17166 Groß Wokern, L11 Richtung Krakow am See, linke Waldkreuzung;Bezeichnung: Waldparkplatz Scheefgrund</cmt>
		<desc>17166 Groß Wokern, L11 Richtung Krakow am See, linke Waldkreuzung;Bezeichnung: Waldparkplatz Scheefgrund</desc>
		<src>Landesforst Mecklenburg-Vorpommern</src>
	</wpt>
	<wpt lat="53.736710303156016" lon="12.218975306576624">
		<name>LRO37-007</name>
		<cmt>auf dem Belliner Landweg von 18276 Kirch Rosin nach 18292 Bellin, etwa 1,9 km nach dem Spielplatz 18276 Kirch Rosin</cmt>
		<desc>auf dem Belliner Landweg von 18276 Kirch Rosin nach 18292 Bellin, etwa 1,9 km nach dem Spielplatz 18276 Kirch Rosin</desc>
		<src>Landesforst Mecklenburg-Vorpommern</src>
	</wpt>
	<wpt lat="53.736925035246649" lon="11.941374054937553">
		<name>LUP36-015</name>
		<cmt>Waldeingang aus 18249 Lübzin kommend in Richtung B 104</cmt>
		<desc>Waldeingang aus 18249 Lübzin kommend in Richtung B 104</desc>
		<src>Landesforst Mecklenburg-Vorpommern</src>
	</wpt>
	<wpt lat="53.740341694742241" lon="12.005627475795722">
		<name>LRO37-005</name>
		<cmt>an der B 104, Waldeingang zwischen Gaststätte und Zufahrt zum Ort 18276 Tieplitz auf halber Strecke</cmt>
		<desc>an der B 104, Waldeingang zwischen Gaststätte und Zufahrt zum Ort 18276 Tieplitz auf halber Strecke</desc>
		<src>Landesforst Mecklenburg-Vorpommern</src>
	</wpt>
	<wpt lat="53.738681601721602" lon="12.643954624218246">
		<name>MSE38-006</name>
		<cmt>17139  Remplin, Alter Forsthof Panstorf</cmt>
		<desc>17139  Remplin, Alter Forsthof Panstorf</desc>
		<src>Landesforst Mecklenburg-Vorpommern</src>
	</wpt>
	<wpt lat="53.740564677763992" lon="12.070776788308072">
		<name>LRO37-060</name>
		<cmt>200 m vor Waldeingang "Sävertsberg" aus Richtung 18276 Hägerfelde kommend</cmt>
		<desc>200 m vor Waldeingang "Sävertsberg" aus Richtung 18276 Hägerfelde kommend</desc>
		<src>Landesforst Mecklenburg-Vorpommern</src>
	</wpt>
	<wpt lat="53.740605812824356" lon="11.785904230627981">
		<name>LUP36-014</name>
		<cmt>Wegkreuzung zw. Abt. 131/132/133/136/137</cmt>
		<desc>Wegkreuzung zw. Abt. 131/132/133/136/137</desc>
		<src>Landesforst Mecklenburg-Vorpommern</src>
	</wpt>
	<wpt lat="53.742291377985993" lon="11.903462891335259">
		<name>LRO36-013</name>
		<cmt>Försterei 18249 Rosenow;;</cmt>
		<desc>Försterei 18249 Rosenow;;</desc>
		<src>Landesforst Mecklenburg-Vorpommern</src>
	</wpt>
	<wpt lat="53.74111516546138" lon="11.14481392442749">
		<name>NWM34-005</name>
		<cmt>Waldeingang vor der Schranke;19205 Botelsdorf N</cmt>
		<desc>Waldeingang vor der Schranke;19205 Botelsdorf N</desc>
		<src>Landesforst Mecklenburg-Vorpommern</src>
	</wpt>
	<wpt lat="53.742216553212742" lon="11.192384340095614">
		<name>NWM34-032</name>
		<cmt>Am Waldeingang; hinter Goddin aus MühlenEichsen kommend</cmt>
		<desc>Am Waldeingang; hinter Goddin aus MühlenEichsen kommend</desc>
		<src>Landesforst Mecklenburg-Vorpommern</src>
	</wpt>
	<wpt lat="53.729164867562268" lon="13.98075898466767">
		<name>VG42-012</name>
		<cmt>17373 L28 von Ueckermünde Richtung Meiersberg, 50m vor dem Abzweig Richtung Meiersberg auf dem Parkplatz in nördlicher Richtung</cmt>
		<desc>17373 L28 von Ueckermünde Richtung Meiersberg, 50m vor dem Abzweig Richtung Meiersberg auf dem Parkplatz in nördlicher Richtung</desc>
		<src>Landesforst Mecklenburg-Vorpommern</src>
	</wpt>
	<wpt lat="53.747557202846117" lon="12.361359074970354">
		<name>LRO38-038</name>
		<cmt>18279 Bungalowsiedlung Tiefer Ziest</cmt>
		<desc>18279 Bungalowsiedlung Tiefer Ziest</desc>
		<src>Landesforst Mecklenburg-Vorpommern</src>
	</wpt>
	<wpt lat="53.748213071916545" lon="12.233116798581655">
		<name>LRO37-003</name>
		<cmt>18276 Kirch Rosin, Abzweig an der Dorfstraße 250 m südlich der Kirche in Richtung 18292 Steinbeck</cmt>
		<desc>18276 Kirch Rosin, Abzweig an der Dorfstraße 250 m südlich der Kirche in Richtung 18292 Steinbeck</desc>
		<src>Landesforst Mecklenburg-Vorpommern</src>
	</wpt>
	<wpt lat="53.74673864387632" lon="12.664320043132744">
		<name>MSE38-025</name>
		<cmt>17140 Neu Panstorf Richtung Altpanstorf, Waldparkplatz</cmt>
		<desc>17140 Neu Panstorf Richtung Altpanstorf, Waldparkplatz</desc>
		<src>Landesforst Mecklenburg-Vorpommern</src>
	</wpt>
	<wpt lat="53.728587156889517" lon="14.188641678992672">
		<name>VG43-006</name>
		<cmt>Warsin-Südstraße, 200 m hinter dem Ort</cmt>
		<desc>Warsin-Südstraße, 200 m hinter dem Ort</desc>
		<src>Landesforst Mecklenburg-Vorpommern</src>
	</wpt>
	<wpt lat="53.748969482264528" lon="11.787824879088785">
		<name>LUP36-012</name>
		<cmt>1500 m hinter 19406 Groß Görnow, Landweg in Richtung 19412 Penzin</cmt>
		<desc>1500 m hinter 19406 Groß Görnow, Landweg in Richtung 19412 Penzin</desc>
		<src>Landesforst Mecklenburg-Vorpommern</src>
	</wpt>
	<wpt lat="53.744858559657324" lon="10.953445418027938">
		<name>NWM33-006</name>
		<cmt>Straße Demern - Klocksdorf / Röggelin, ca. 750 m hinter  Abzweig Woitendorf, ca 180 m ab Beginn Wald, Waldeinfahrt rechts reinfahren und auf Waldweg ca. 620 m bis Wegegabelung fahren, die linke Wegegabel noch mal ca. 1330 m fahren</cmt>
		<desc>Straße Demern - Klocksdorf / Röggelin, ca. 750 m hinter  Abzweig Woitendorf, ca 180 m ab Beginn Wald, Waldeinfahrt rechts reinfahren und auf Waldweg ca. 620 m bis Wegegabelung fahren, die linke Wegegabel noch mal ca. 1330 m fahren</desc>
		<src>Landesforst Mecklenburg-Vorpommern</src>
	</wpt>
	<wpt lat="53.747833418675107" lon="12.652564149611427">
		<name>MSE38-024</name>
		<cmt>17139 Neu Panstorf Richtung Alter Forsthof Panstorf, Waldeingang</cmt>
		<desc>17139 Neu Panstorf Richtung Alter Forsthof Panstorf, Waldeingang</desc>
		<src>Landesforst Mecklenburg-Vorpommern</src>
	</wpt>
	<wpt lat="53.734950071114341" lon="13.927175813399401">
		<name>VG42-011</name>
		<cmt>B109 Richtung Ueckermünde, 2,5 km hinter Abzweig Annenhof, Waldeinfahrt links, 1,7 km in nördliche Richtung</cmt>
		<desc>B109 Richtung Ueckermünde, 2,5 km hinter Abzweig Annenhof, Waldeinfahrt links, 1,7 km in nördliche Richtung</desc>
		<src>Landesforst Mecklenburg-Vorpommern</src>
	</wpt>
	<wpt lat="53.750696156755261" lon="12.010707319258859">
		<name>LRO37-002</name>
		<cmt>"Herrenholz" 1. Schneise von 18276 Prüzen kommend, rechts, 1. Schneisenkreuz;;</cmt>
		<desc>"Herrenholz" 1. Schneise von 18276 Prüzen kommend, rechts, 1. Schneisenkreuz;;</desc>
		<src>Landesforst Mecklenburg-Vorpommern</src>
	</wpt>
	<wpt lat="53.748119536199368" lon="12.929509563162421">
		<name>MSE39-008</name>
		<cmt>B194, 17153 Basepohl Richtung Borrentin, nach Waldeingang ca. 1000 m nördlich linker Abzweig (Pflasterdamm)l</cmt>
		<desc>B194, 17153 Basepohl Richtung Borrentin, nach Waldeingang ca. 1000 m nördlich linker Abzweig (Pflasterdamm)l</desc>
		<src>Landesforst Mecklenburg-Vorpommern</src>
	</wpt>
	<wpt lat="53.750855257398406" lon="11.227732250754835">
		<name>NWM34-031</name>
		<cmt>Privatwlad Waldeingang ; zw 19205 Goddin und 19205 MühlenEichsen</cmt>
		<desc>Privatwlad Waldeingang ; zw 19205 Goddin und 19205 MühlenEichsen</desc>
		<src>Landesforst Mecklenburg-Vorpommern</src>
	</wpt>
	<wpt lat="53.753468744662655" lon="12.62948756538537">
		<name>MSE38-023</name>
		<cmt>17166 Niendorf, Forsthof 1, Verbindungsweg Niendorf Richtung Wendischagen, Waldeingang</cmt>
		<desc>17166 Niendorf, Forsthof 1, Verbindungsweg Niendorf Richtung Wendischagen, Waldeingang</desc>
		<src>Landesforst Mecklenburg-Vorpommern</src>
	</wpt>
	<wpt lat="53.752590028971817" lon="11.15709149231613">
		<name>NWM34-004</name>
		<cmt>19205 Botelsdorf Revierförsterei Botelsdorf</cmt>
		<desc>19205 Botelsdorf Revierförsterei Botelsdorf</desc>
		<src>Landesforst Mecklenburg-Vorpommern</src>
	</wpt>
	<wpt lat="53.756255346022193" lon="12.243465772546619">
		<name>LRO37-048</name>
		<cmt>18273 Klueß in Richtung Krakow am See rausfahren, am Abzweig 18276 Kirch Rosin westlich einbiegen,</cmt>
		<desc>18273 Klueß in Richtung Krakow am See rausfahren, am Abzweig 18276 Kirch Rosin westlich einbiegen,</desc>
		<src>Landesforst Mecklenburg-Vorpommern</src>
	</wpt>
	<wpt lat="53.756346511975856" lon="12.249117229254217">
		<name>LRO37-047</name>
		<cmt>18273 Klueß in Richtung 18292 Krakow am See  rausfahren, Gegenüber dem Abzweig 18276 Kirch Rosin</cmt>
		<desc>18273 Klueß in Richtung 18292 Krakow am See  rausfahren, Gegenüber dem Abzweig 18276 Kirch Rosin</desc>
		<src>Landesforst Mecklenburg-Vorpommern</src>
	</wpt>
	<wpt lat="53.756455745360071" lon="12.303658537545058">
		<name>LRO37-049</name>
		<cmt>18279 Nienhagen in Richtung 18279 Teerofen fahren, ca 300 m vor Teerofen</cmt>
		<desc>18279 Nienhagen in Richtung 18279 Teerofen fahren, ca 300 m vor Teerofen</desc>
		<src>Landesforst Mecklenburg-Vorpommern</src>
	</wpt>
	<wpt lat="53.758062124179936" lon="12.339324315544966">
		<name>LRO38-039</name>
		<cmt>18279 Vietgest in Richtung 18279 Nienhäger Hütte fahren bis etwa 350 m südlich der Bahnschienen</cmt>
		<desc>18279 Vietgest in Richtung 18279 Nienhäger Hütte fahren bis etwa 350 m südlich der Bahnschienen</desc>
		<src>Landesforst Mecklenburg-Vorpommern</src>
	</wpt>
	<wpt lat="53.753303084111742" lon="10.825687919238225">
		<name>NWM33-005</name>
		<cmt>von Thandorf kommend Ri. Schlagsdorf (K 5), am Ortsausgang Thandorf (Abzw. nach Heiligeland) weiter auf K 5, nach ca. 400 m rechts auf Weg Ri. Wald abbiegen</cmt>
		<desc>von Thandorf kommend Ri. Schlagsdorf (K 5), am Ortsausgang Thandorf (Abzw. nach Heiligeland) weiter auf K 5, nach ca. 400 m rechts auf Weg Ri. Wald abbiegen</desc>
		<src>Landesforst Mecklenburg-Vorpommern</src>
	</wpt>
	<wpt lat="53.758812308226908" lon="11.272205204676252">
		<name>NWM34-003</name>
		<cmt>T-Kreuzung 19205 Seefeld, Waldecke</cmt>
		<desc>T-Kreuzung 19205 Seefeld, Waldecke</desc>
		<src>Landesforst Mecklenburg-Vorpommern</src>
	</wpt>
	<wpt lat="53.75822064710043" lon="12.987821384344823">
		<name>MSE39-034</name>
		<cmt>L272, 17111 Kentzlin Richtung Lindenberg, rechte Seite gegenüber Abzweig Neu Kentzlin</cmt>
		<desc>L272, 17111 Kentzlin Richtung Lindenberg, rechte Seite gegenüber Abzweig Neu Kentzlin</desc>
		<src>Landesforst Mecklenburg-Vorpommern</src>
	</wpt>
	<wpt lat="53.745755528817291" lon="13.993040144243679">
		<name>VG42-010</name>
		<cmt>17375 westlich von Zarowmühl; ca. 250m ab der Brücke über die Zarow Richtung Westen am Waldrand</cmt>
		<desc>17375 westlich von Zarowmühl; ca. 250m ab der Brücke über die Zarow Richtung Westen am Waldrand</desc>
		<src>Landesforst Mecklenburg-Vorpommern</src>
	</wpt>
	<wpt lat="53.762295723050173" lon="12.535763537362778">
		<name>LRO38-004</name>
		<cmt>17166 Teterow, L11 Richtung Krakow am See, rechts ab Gaststätte Hohes Holz</cmt>
		<desc>17166 Teterow, L11 Richtung Krakow am See, rechts ab Gaststätte Hohes Holz</desc>
		<src>Landesforst Mecklenburg-Vorpommern</src>
	</wpt>
	<wpt lat="53.758292004286403" lon="10.867927130488763">
		<name>NWM33-004</name>
		<cmt>Straße Schlagsdorf - Raddingsdorf, ca. 1450 m hinter Abbiegung Schlagrestorf, Einfahrt Waldweg rechts</cmt>
		<desc>Straße Schlagsdorf - Raddingsdorf, ca. 1450 m hinter Abbiegung Schlagrestorf, Einfahrt Waldweg rechts</desc>
		<src>Landesforst Mecklenburg-Vorpommern</src>
	</wpt>
	<wpt lat="53.763504430963671" lon="12.748489981392206">
		<name>MSE39-005</name>
		<cmt>17139 Malchin OT Jettchenshof, 900m Richtung 17139 Malchin OT Pisede, dann rechts 300m bis Waldeingang</cmt>
		<desc>17139 Malchin OT Jettchenshof, 900m Richtung 17139 Malchin OT Pisede, dann rechts 300m bis Waldeingang</desc>
		<src>Landesforst Mecklenburg-Vorpommern</src>
	</wpt>
	<wpt lat="53.768332653149805" lon="12.265025011523509">
		<name>LRO37-046</name>
		<cmt>Zwischen 18273 Klueß und Bahnübergang 18273 Devwinkel in der 90-Gradkurve südlich in den Nienhäg</cmt>
		<desc>Zwischen 18273 Klueß und Bahnübergang 18273 Devwinkel in der 90-Gradkurve südlich in den Nienhäg</desc>
		<src>Landesforst Mecklenburg-Vorpommern</src>
	</wpt>
	<wpt lat="53.754082617071816" lon="13.890974055902065">
		<name>VG42-008</name>
		<cmt>17375;Leopoldshagen;Einfahrt an der Kirche in Leopoldshagen in südliche Richtung zum Wald ca 1500m südlich von Rettungspunkt S 42 3</cmt>
		<desc>17375;Leopoldshagen;Einfahrt an der Kirche in Leopoldshagen in südliche Richtung zum Wald ca 1500m südlich von Rettungspunkt S 42 3</desc>
		<src>Landesforst Mecklenburg-Vorpommern</src>
	</wpt>
	<wpt lat="53.76946150105843" lon="11.934700247905717">
		<name>LRO36-011</name>
		<cmt>Kreuzung Langschneise - Gastrasse, Weg 18249 Lübzin - Zernin;;</cmt>
		<desc>Kreuzung Langschneise - Gastrasse, Weg 18249 Lübzin - Zernin;;</desc>
		<src>Landesforst Mecklenburg-Vorpommern</src>
	</wpt>
	<wpt lat="53.769973914196108" lon="12.281659467017631">
		<name>LRO37-045</name>
		<cmt>Bahnübergang 18273 Devwinkel/ Einfahrt zur Baumschule</cmt>
		<desc>Bahnübergang 18273 Devwinkel/ Einfahrt zur Baumschule</desc>
		<src>Landesforst Mecklenburg-Vorpommern</src>
	</wpt>
	<wpt lat="53.771390457846202" lon="12.464835324208856">
		<name>LRO38-003</name>
		<cmt>18279 Raden, B104 Richtung 17166 Teterow, gegenüber Abzweig Klein Wokern links, 1000m bis Waldwegekreuzung</cmt>
		<desc>18279 Raden, B104 Richtung 17166 Teterow, gegenüber Abzweig Klein Wokern links, 1000m bis Waldwegekreuzung</desc>
		<src>Landesforst Mecklenburg-Vorpommern</src>
	</wpt>
	<wpt lat="53.772683170324548" lon="11.960956339725128">
		<name>LRO36-010</name>
		<cmt>Schneisenkreuz Langschneise - 18249 Dreetz, "Priestersee";;</cmt>
		<desc>Schneisenkreuz Langschneise - 18249 Dreetz, "Priestersee";;</desc>
		<src>Landesforst Mecklenburg-Vorpommern</src>
	</wpt>
	<wpt lat="53.773499418366335" lon="11.717247381725601">
		<name>LUP36-009</name>
		<cmt>Parkplatz 200 m hinter 19412 Blankenberg nach Weiße Krug, an der B 192</cmt>
		<desc>Parkplatz 200 m hinter 19412 Blankenberg nach Weiße Krug, an der B 192</desc>
		<src>Landesforst Mecklenburg-Vorpommern</src>
	</wpt>
	<wpt lat="53.773405444264434" lon="12.24361640827105">
		<name>LRO37-042</name>
		<cmt>18273 Klueß in Richtung 18292 Krakow am See rausfahren, etwa  150 m nach der Einfahrt zum Straßenb</cmt>
		<desc>18273 Klueß in Richtung 18292 Krakow am See rausfahren, etwa  150 m nach der Einfahrt zum Straßenb</desc>
		<src>Landesforst Mecklenburg-Vorpommern</src>
	</wpt>
	<wpt lat="53.774973971679302" lon="11.979791482053576">
		<name>LRO36-008</name>
		<cmt>Langschneise - Abzweig Siedlerholz (18249);;</cmt>
		<desc>Langschneise - Abzweig Siedlerholz (18249);;</desc>
		<src>Landesforst Mecklenburg-Vorpommern</src>
	</wpt>
	<wpt lat="53.775994290512422" lon="11.905473611720746">
		<name>LRO36-007</name>
		<cmt>Kreuzung Langschneise - Schlockower Weg (18249);;</cmt>
		<desc>Kreuzung Langschneise - Schlockower Weg (18249);;</desc>
		<src>Landesforst Mecklenburg-Vorpommern</src>
	</wpt>
	<wpt lat="53.776158755185584" lon="12.211655974152235">
		<name>LRO37-059</name>
		<cmt>18273 Güstrow, Parkplatz Inselseebadestelle</cmt>
		<desc>18273 Güstrow, Parkplatz Inselseebadestelle</desc>
		<src>Landesforst Mecklenburg-Vorpommern</src>
	</wpt>
	<wpt lat="53.776151048606145" lon="11.745338507135155">
		<name>LUP36-005</name>
		<cmt>Waldparkplatz 19417 Weiße Krug</cmt>
		<desc>Waldparkplatz 19417 Weiße Krug</desc>
		<src>Landesforst Mecklenburg-Vorpommern</src>
	</wpt>
	<wpt lat="53.774357347976206" lon="12.764946848049735">
		<name>MSE39-004</name>
		<cmt>K20, 17139 Malchin OT Jettchenshof, 1km Richtung 17139 Malchin OT Gorschendorf, Waldeingang links, 900m bis Rastplatz</cmt>
		<desc>K20, 17139 Malchin OT Jettchenshof, 1km Richtung 17139 Malchin OT Gorschendorf, Waldeingang links, 900m bis Rastplatz</desc>
		<src>Landesforst Mecklenburg-Vorpommern</src>
	</wpt>
	<wpt lat="53.772049081702619" lon="10.805635802785167">
		<name>NWM33-003</name>
		<cmt>Am Ortsausgang Thandorf in Richtung Utecht den Weg rechrs abbiegen und bis zum Waldeingang fahren ( ca. 1,4 km )</cmt>
		<desc>Am Ortsausgang Thandorf in Richtung Utecht den Weg rechrs abbiegen und bis zum Waldeingang fahren ( ca. 1,4 km )</desc>
		<src>Landesforst Mecklenburg-Vorpommern</src>
	</wpt>
	<wpt lat="53.762150718476541" lon="13.98032907721805">
		<name>VG42-006</name>
		<cmt>17375;Mönkebude;Dorfausgang Richtung Grambin, Gaststätte Kregelin an erster Wegekreuzung 300 m im Wald</cmt>
		<desc>17375;Mönkebude;Dorfausgang Richtung Grambin, Gaststätte Kregelin an erster Wegekreuzung 300 m im Wald</desc>
		<src>Landesforst Mecklenburg-Vorpommern</src>
	</wpt>
	<wpt lat="53.77899534063107" lon="11.779024612684186">
		<name>NWM36-054</name>
		<cmt>Ortsende 19417 Groß Labenz, unmittelbar am Waldeingang in Richtung 18249 Eickelberg</cmt>
		<desc>Ortsende 19417 Groß Labenz, unmittelbar am Waldeingang in Richtung 18249 Eickelberg</desc>
		<src>Landesforst Mecklenburg-Vorpommern</src>
	</wpt>
	<wpt lat="53.768148859924331" lon="11.33293129341477">
		<name>NWM35-004</name>
		<cmt>Waldeingang Dalliendorfer Wald, 23996 Dalliendorf</cmt>
		<desc>Waldeingang Dalliendorfer Wald, 23996 Dalliendorf</desc>
		<src>Landesforst Mecklenburg-Vorpommern</src>
	</wpt>
	<wpt lat="53.779433453479321" lon="11.95645288724819">
		<name>LRO36-052</name>
		<cmt>Wegkreuzung/Sitzgruppe Weg Dreetz 18249 - Zepelin - zum Priestersee</cmt>
		<desc>Wegkreuzung/Sitzgruppe Weg Dreetz 18249 - Zepelin - zum Priestersee</desc>
		<src>Landesforst Mecklenburg-Vorpommern</src>
	</wpt>
	<wpt lat="53.766627249546687" lon="13.853500435257029">
		<name>VG42-005</name>
		<cmt>17375;Leopoldshagen;L31-Ducherow-Üeckermünde, 1360 m südlich vom Fahrradrastplatz der westlich von Leopoldshagen gelegen ist.</cmt>
		<desc>17375;Leopoldshagen;L31-Ducherow-Üeckermünde, 1360 m südlich vom Fahrradrastplatz der westlich von Leopoldshagen gelegen ist.</desc>
		<src>Landesforst Mecklenburg-Vorpommern</src>
	</wpt>
	<wpt lat="53.78119218467657" lon="12.233305523355304">
		<name>LRO37-058</name>
		<cmt>18273 Güstrow in Richtung 18273 Klueß fahren,  etwa 400 m vor der Nebelbrücke gegenüber der Behe</cmt>
		<desc>18273 Güstrow in Richtung 18273 Klueß fahren,  etwa 400 m vor der Nebelbrücke gegenüber der Behe</desc>
		<src>Landesforst Mecklenburg-Vorpommern</src>
	</wpt>
	<wpt lat="53.766810647780552" lon="13.895125576867503">
		<name>VG42-003</name>
		<cmt>17375;Leopoldshagen;Einfahrt an der Kirche in Leopoldshagen in südliche Richtung zum Wald ca 850m</cmt>
		<desc>17375;Leopoldshagen;Einfahrt an der Kirche in Leopoldshagen in südliche Richtung zum Wald ca 850m</desc>
		<src>Landesforst Mecklenburg-Vorpommern</src>
	</wpt>
	<wpt lat="53.776431282167529" lon="10.862220017672517">
		<name>NWM33-002</name>
		<cmt>Am Ortsausgang Rieps in Richtung Wendorf den Weg rechts abbiegen und ca, 100 m fahren !</cmt>
		<desc>Am Ortsausgang Rieps in Richtung Wendorf den Weg rechts abbiegen und ca, 100 m fahren !</desc>
		<src>Landesforst Mecklenburg-Vorpommern</src>
	</wpt>
	<wpt lat="53.766483938170701" lon="13.961929647263727">
		<name>VG42-004</name>
		<cmt>Ortslage 17375 Mönkebude: an der Kreuzung Hauptstraße und Lübser Landstraße südlich der Kirche</cmt>
		<desc>Ortslage 17375 Mönkebude: an der Kreuzung Hauptstraße und Lübser Landstraße südlich der Kirche</desc>
		<src>Landesforst Mecklenburg-Vorpommern</src>
	</wpt>
	<wpt lat="53.781909067697114" lon="12.552327811625165">
		<name>LRO38-002</name>
		<cmt>17166 Teterow, K30 Richtung 17166 Appelhagen links in den Miekower Weg</cmt>
		<desc>17166 Teterow, K30 Richtung 17166 Appelhagen links in den Miekower Weg</desc>
		<src>Landesforst Mecklenburg-Vorpommern</src>
	</wpt>
	<wpt lat="53.768439791738849" lon="13.920176039373942">
		<name>VG42-002</name>
		<cmt>17375;Leopoldshagen;L 31- Leopoldshagen-Mönkebude östlich von Leopoldshagen an der Brücke am Waldeingang</cmt>
		<desc>17375;Leopoldshagen;L 31- Leopoldshagen-Mönkebude östlich von Leopoldshagen an der Brücke am Waldeingang</desc>
		<src>Landesforst Mecklenburg-Vorpommern</src>
	</wpt>
	<wpt lat="53.784101897150151" lon="11.496585534473033">
		<name>NWM35-002</name>
		<cmt>Zwischen  23996Hohen Viecheln und  23996 Bad Kleinen;</cmt>
		<desc>Zwischen  23996Hohen Viecheln und  23996 Bad Kleinen;</desc>
		<src>Landesforst Mecklenburg-Vorpommern</src>
	</wpt>
	<wpt lat="53.770926640154279" lon="13.857278424902736">
		<name>VG42-001</name>
		<cmt>17375;Leopoldshagen;L31-Ducherow-Üeckermünde, 825m südlich vom Fahrradrastplatz der westlich von Leopoldshagen gelegen ist.</cmt>
		<desc>17375;Leopoldshagen;L31-Ducherow-Üeckermünde, 825m südlich vom Fahrradrastplatz der westlich von Leopoldshagen gelegen ist.</desc>
		<src>Landesforst Mecklenburg-Vorpommern</src>
	</wpt>
	<wpt lat="53.782375598399234" lon="11.112302094392385">
		<name>NWM34-002</name>
		<cmt>Am Hof; 19217 Wedendorf-- Richtung Waldeingang</cmt>
		<desc>Am Hof; 19217 Wedendorf-- Richtung Waldeingang</desc>
		<src>Landesforst Mecklenburg-Vorpommern</src>
	</wpt>
	<wpt lat="53.785170400189017" lon="11.263544601887673">
		<name>NWM34-030</name>
		<cmt>Waldecke in 23936 Testorf Abzweig Richtung Rüting</cmt>
		<desc>Waldecke in 23936 Testorf Abzweig Richtung Rüting</desc>
		<src>Landesforst Mecklenburg-Vorpommern</src>
	</wpt>
	<wpt lat="53.788641773136384" lon="11.737050720766989">
		<name>NWM36-004</name>
		<cmt>Ortsausgang Graupenmühle nach 19417 Weiße Krug am alten Schießplatz</cmt>
		<desc>Ortsausgang Graupenmühle nach 19417 Weiße Krug am alten Schießplatz</desc>
		<src>Landesforst Mecklenburg-Vorpommern</src>
	</wpt>
	<wpt lat="53.790701638087583" lon="12.320006174313447">
		<name>LRO37-050</name>
		<cmt>18279 Gremmelin in Richtung 18276 Mierendorf fahren, 100 m nach dem Ortsausgang am Abzweig nach 18279 Schliefenberg</cmt>
		<desc>18279 Gremmelin in Richtung 18276 Mierendorf fahren, 100 m nach dem Ortsausgang am Abzweig nach 18279 Schliefenberg</desc>
		<src>Landesforst Mecklenburg-Vorpommern</src>
	</wpt>
	<wpt lat="53.790871121999324" lon="12.499767190082359">
		<name>LRO38-020</name>
		<cmt>17166 Klein Roge, Richtung 17166 Dalkendorf, Abzweig Waldweg links</cmt>
		<desc>17166 Klein Roge, Richtung 17166 Dalkendorf, Abzweig Waldweg links</desc>
		<src>Landesforst Mecklenburg-Vorpommern</src>
	</wpt>
	<wpt lat="53.791733013391429" lon="12.245316118409001">
		<name>LRO37-057</name>
		<cmt>18273 Güstrow/Priemerburg am östlichen endes des Weges zum Steinsitz/ Waldparkplatz</cmt>
		<desc>18273 Güstrow/Priemerburg am östlichen endes des Weges zum Steinsitz/ Waldparkplatz</desc>
		<src>Landesforst Mecklenburg-Vorpommern</src>
	</wpt>
	<wpt lat="53.792919502590401" lon="11.480636076720002">
		<name>NWM35-001</name>
		<cmt>Losten an der Feuerwehr;Kreuzung Eck Losten;23996 Losten</cmt>
		<desc>Losten an der Feuerwehr;Kreuzung Eck Losten;23996 Losten</desc>
		<src>Landesforst Mecklenburg-Vorpommern</src>
	</wpt>
	<wpt lat="53.789319130148094" lon="10.928969501303252">
		<name>NWM33-001</name>
		<cmt>Straße Samkow - Lindow, ca. 1500 m ab Ortsausgang Samkow, ca. 390 m ab Beginn Wald rechts in Einfahrt Waldweg rechts einbiegen</cmt>
		<desc>Straße Samkow - Lindow, ca. 1500 m ab Ortsausgang Samkow, ca. 390 m ab Beginn Wald rechts in Einfahrt Waldweg rechts einbiegen</desc>
		<src>Landesforst Mecklenburg-Vorpommern</src>
	</wpt>
	<wpt lat="53.794200437354299" lon="11.908916892071105">
		<name>LRO36-053</name>
		<cmt>Waldeingang "Warnower Tannen" von 18249 Zernin aus</cmt>
		<desc>Waldeingang "Warnower Tannen" von 18249 Zernin aus</desc>
		<src>Landesforst Mecklenburg-Vorpommern</src>
	</wpt>
	<wpt lat="53.792268429470667" lon="12.708747014218169">
		<name>MSE39-002</name>
		<cmt>17139 Malchin OT Hagensruhm</cmt>
		<desc>17139 Malchin OT Hagensruhm</desc>
		<src>Landesforst Mecklenburg-Vorpommern</src>
	</wpt>
	<wpt lat="53.795592779553992" lon="12.351105364324235">
		<name>LRO38-001</name>
		<cmt>Wald/Feldweg von Gremmelin nach Schliefenberg fahren, Die Bahnlinie überqueren und dann noch 500 m nördlich</cmt>
		<desc>Wald/Feldweg von Gremmelin nach Schliefenberg fahren, Die Bahnlinie überqueren und dann noch 500 m nördlich</desc>
		<src>Landesforst Mecklenburg-Vorpommern</src>
	</wpt>
	<wpt lat="53.797725546577368" lon="11.68332126666939">
		<name>NWM36-002</name>
		<cmt>Zufahrt zum GTZ  19417 Warin, an der Straße nach 19417 Ventschow</cmt>
		<desc>Zufahrt zum GTZ  19417 Warin, an der Straße nach 19417 Ventschow</desc>
		<src>Landesforst Mecklenburg-Vorpommern</src>
	</wpt>
	<wpt lat="53.795828740782937" lon="12.782761665846323">
		<name>MSE39-001</name>
		<cmt>L20, 17154 Neukalen, 2km Richtung 17139 Malchin, Links im Wald nach 700m</cmt>
		<desc>L20, 17154 Neukalen, 2km Richtung 17139 Malchin, Links im Wald nach 700m</desc>
		<src>Landesforst Mecklenburg-Vorpommern</src>
	</wpt>
	<wpt lat="53.798421227901883" lon="11.714122303836726">
		<name>NWM36-001</name>
		<cmt>am Kriegerdenkmal in  19417 Warin</cmt>
		<desc>am Kriegerdenkmal in  19417 Warin</desc>
		<src>Landesforst Mecklenburg-Vorpommern</src>
	</wpt>
	<wpt lat="53.79984436778642" lon="12.061615942891121">
		<name>LRO26-051</name>
		<cmt>Waldeingang Gülzower Bruch</cmt>
		<desc>Waldeingang Gülzower Bruch</desc>
		<src>Landesforst Mecklenburg-Vorpommern</src>
	</wpt>
	<wpt lat="53.79911844665515" lon="12.552516275241205">
		<name>LRO27-017</name>
		<cmt>B108, 17166 Teterow, Richtung Laage, links in den Bocksbergweg</cmt>
		<desc>B108, 17166 Teterow, Richtung Laage, links in den Bocksbergweg</desc>
		<src>Landesforst Mecklenburg-Vorpommern</src>
	</wpt>
	<wpt lat="53.803115121398463" lon="11.90932262854338">
		<name>LRO25-026</name>
		<cmt>Kreuzung Kronsberg - Müggenhorst (18246);;</cmt>
		<desc>Kreuzung Kronsberg - Müggenhorst (18246);;</desc>
		<src>Landesforst Mecklenburg-Vorpommern</src>
	</wpt>
	<wpt lat="53.804661675940892" lon="12.264347311089205">
		<name>LRO26-042</name>
		<cmt>18273 Güstrow in Richtung 18276 Glasewitz fahren, ca 300 m nach der Linkskurve bzw. nach dem Augrab</cmt>
		<desc>18273 Güstrow in Richtung 18276 Glasewitz fahren, ca 300 m nach der Linkskurve bzw. nach dem Augrab</desc>
		<src>Landesforst Mecklenburg-Vorpommern</src>
	</wpt>
	<wpt lat="53.802721585065612" lon="11.097221013945539">
		<name>NWM23-020</name>
		<cmt>Waldeingang Brümmersaal von 23936 Jese kommend</cmt>
		<desc>Waldeingang Brümmersaal von 23936 Jese kommend</desc>
		<src>Landesforst Mecklenburg-Vorpommern</src>
	</wpt>
	<wpt lat="53.808309519120911" lon="12.341959615302732">
		<name>LRO27-022</name>
		<cmt>etwa 100 m südlich der Ortschaft 18276 Mierendorf</cmt>
		<desc>etwa 100 m südlich der Ortschaft 18276 Mierendorf</desc>
		<src>Landesforst Mecklenburg-Vorpommern</src>
	</wpt>
	<wpt lat="53.80946832082909" lon="12.017053476053727">
		<name>LRO26-020</name>
		<cmt>"Mäker" Hauptschneise nach Langensee, Waldausgang (18246);;</cmt>
		<desc>"Mäker" Hauptschneise nach Langensee, Waldausgang (18246);;</desc>
		<src>Landesforst Mecklenburg-Vorpommern</src>
	</wpt>
	<wpt lat="53.809350916428329" lon="11.496311286207137">
		<name>NWM24-009</name>
		<cmt>Waldeingang aus Moidentin kommend;23996 Moidentin N</cmt>
		<desc>Waldeingang aus Moidentin kommend;23996 Moidentin N</desc>
		<src>Landesforst Mecklenburg-Vorpommern</src>
	</wpt>
	<wpt lat="53.806472745981758" lon="11.004020828022984">
		<name>NWM23-019</name>
		<cmt>23923 Cordshägener Wald</cmt>
		<desc>23923 Cordshägener Wald</desc>
		<src>Landesforst Mecklenburg-Vorpommern</src>
	</wpt>
	<wpt lat="53.81073617284752" lon="12.490514324046638">
		<name>LRO27-016</name>
		<cmt>K30, 17166 Dalkendorf, Richtung 17166 Bartelshagen, im Wald Abzweig links</cmt>
		<desc>K30, 17166 Dalkendorf, Richtung 17166 Bartelshagen, im Wald Abzweig links</desc>
		<src>Landesforst Mecklenburg-Vorpommern</src>
	</wpt>
	<wpt lat="53.813560724534355" lon="11.904959258033857">
		<name>LRO25-025</name>
		<cmt>Stromleitung "Müggenhorst" von der Rühner Strasse (18246) kommend;;</cmt>
		<desc>Stromleitung "Müggenhorst" von der Rühner Strasse (18246) kommend;;</desc>
		<src>Landesforst Mecklenburg-Vorpommern</src>
	</wpt>
	<wpt lat="53.814533443307838" lon="11.931642721535722">
		<name>LRO25-024</name>
		<cmt>Waldeingang "Kronsberg" von 18246 Rühn kommend;;</cmt>
		<desc>Waldeingang "Kronsberg" von 18246 Rühn kommend;;</desc>
		<src>Landesforst Mecklenburg-Vorpommern</src>
	</wpt>
	<wpt lat="53.816506708935336" lon="12.274829870035983">
		<name>LRO26-043</name>
		<cmt>östliche Waldeinfahrt ca 150 m südlich von 18276 Glasewitz</cmt>
		<desc>östliche Waldeinfahrt ca 150 m südlich von 18276 Glasewitz</desc>
		<src>Landesforst Mecklenburg-Vorpommern</src>
	</wpt>
	<wpt lat="53.816769886860961" lon="11.791075579694141">
		<name>NWM25-023</name>
		<cmt>Waldparkplatz an der Strasse von 18249 Qualitz nach 19417 Mankmoos, Zufahrt "Stubbenbrook"</cmt>
		<desc>Waldparkplatz an der Strasse von 18249 Qualitz nach 19417 Mankmoos, Zufahrt "Stubbenbrook"</desc>
		<src>Landesforst Mecklenburg-Vorpommern</src>
	</wpt>
	<wpt lat="53.816882531458297" lon="11.70849247645552">
		<name>NWM25-037</name>
		<cmt>Waldeingang Landweg 19417 Warin nach Neumühle</cmt>
		<desc>Waldeingang Landweg 19417 Warin nach Neumühle</desc>
		<src>Landesforst Mecklenburg-Vorpommern</src>
	</wpt>
	<wpt lat="53.813722473520279" lon="10.994985121936294">
		<name>NWM22-013</name>
		<cmt>23923 Papenhorst an der B 104</cmt>
		<desc>23923 Papenhorst an der B 104</desc>
		<src>Landesforst Mecklenburg-Vorpommern</src>
	</wpt>
	<wpt lat="53.819330984511119" lon="12.131781778304681">
		<name>LRO26-050</name>
		<cmt>Straße Parum Richtg. Lüssow; 50m hinter Bahnübergang</cmt>
		<desc>Straße Parum Richtg. Lüssow; 50m hinter Bahnübergang</desc>
		<src>Landesforst Mecklenburg-Vorpommern</src>
	</wpt>
	<wpt lat="53.818235089949923" lon="12.596200815907137">
		<name>LRO27-015</name>
		<cmt>L23, Richtung 17168 Levitzow, In 17168 Thürkow rechts, in den Weg "am Bahnhof" bis Waldeingang</cmt>
		<desc>L23, Richtung 17168 Levitzow, In 17168 Thürkow rechts, in den Weg "am Bahnhof" bis Waldeingang</desc>
		<src>Landesforst Mecklenburg-Vorpommern</src>
	</wpt>
	<wpt lat="53.820104397111621" lon="11.90292795653439">
		<name>LRO25-022</name>
		<cmt>"Baracke" an der Strasse Baumgarten - 18246 Rühn, Försterei;;</cmt>
		<desc>"Baracke" an der Strasse Baumgarten - 18246 Rühn, Försterei;;</desc>
		<src>Landesforst Mecklenburg-Vorpommern</src>
	</wpt>
	<wpt lat="53.821961919296506" lon="11.977876113575959">
		<name>LRO25-021</name>
		<cmt>Bahntrasse, Brandschutzstreifen, 500 m hinter Gewerbegebiet 18246 BÜZ in Richtung Rühner Kreuzung</cmt>
		<desc>Bahntrasse, Brandschutzstreifen, 500 m hinter Gewerbegebiet 18246 BÜZ in Richtung Rühner Kreuzung</desc>
		<src>Landesforst Mecklenburg-Vorpommern</src>
	</wpt>
	<wpt lat="53.822407254642762" lon="11.475522484919477">
		<name>NWM24-008</name>
		<cmt>Vor den Schienen aus Petersdorf kommend,(Infoschild Wallensteingraben);23996 Moidentin SO</cmt>
		<desc>Vor den Schienen aus Petersdorf kommend,(Infoschild Wallensteingraben);23996 Moidentin SO</desc>
		<src>Landesforst Mecklenburg-Vorpommern</src>
	</wpt>
	<wpt lat="53.818685992077164" lon="10.902359992632142">
		<name>NWM22-012</name>
		<cmt>Waldeingang vor Schranke;zwischen 23996Niendorf und 23923 Klein Siemz</cmt>
		<desc>Waldeingang vor Schranke;zwischen 23996Niendorf und 23923 Klein Siemz</desc>
		<src>Landesforst Mecklenburg-Vorpommern</src>
	</wpt>
	<wpt lat="53.824122917596966" lon="12.222556962924191">
		<name>LRO26-040</name>
		<cmt>In der Ortschaft 18273 Suckow,  Dorfstraße nördlich fahren am Abzweig Heuweg einbiegen und bis Wal</cmt>
		<desc>In der Ortschaft 18273 Suckow,  Dorfstraße nördlich fahren am Abzweig Heuweg einbiegen und bis Wal</desc>
		<src>Landesforst Mecklenburg-Vorpommern</src>
	</wpt>
	<wpt lat="53.824647665090133" lon="12.015621249163381">
		<name>LRO26-019</name>
		<cmt>"Zepeliner Holz" Waldmitte Strasse Zepelin - 18246 Bützow über neue Nebelbrücke;;</cmt>
		<desc>"Zepeliner Holz" Waldmitte Strasse Zepelin - 18246 Bützow über neue Nebelbrücke;;</desc>
		<src>Landesforst Mecklenburg-Vorpommern</src>
	</wpt>
	<wpt lat="53.825798745397897" lon="12.277777370704023">
		<name>LRO26-044</name>
		<cmt>150 mnördlich von 18276 Glasewitz, Abzweig 18276 Spoitgendorf fahren und etwa 450 m bis Waldeinfahr</cmt>
		<desc>150 mnördlich von 18276 Glasewitz, Abzweig 18276 Spoitgendorf fahren und etwa 450 m bis Waldeinfahr</desc>
		<src>Landesforst Mecklenburg-Vorpommern</src>
	</wpt>
	<wpt lat="53.828330416639538" lon="11.868106438051759">
		<name>LRO25-020</name>
		<cmt>Waldmitte, Schneisenkreuz an der Strasse 18249 Katelbogen nach 18246 Baumgarten, Streckenplatz Quali</cmt>
		<desc>Waldmitte, Schneisenkreuz an der Strasse 18249 Katelbogen nach 18246 Baumgarten, Streckenplatz Quali</desc>
		<src>Landesforst Mecklenburg-Vorpommern</src>
	</wpt>
	<wpt lat="53.829195755929298" lon="11.793021885048695">
		<name>LRO25-035</name>
		<cmt>Waldmitte zwischen 18249 Qualitz in Richtung 18246 Glambeck, am Streckenplatz</cmt>
		<desc>Waldmitte zwischen 18249 Qualitz in Richtung 18246 Glambeck, am Streckenplatz</desc>
		<src>Landesforst Mecklenburg-Vorpommern</src>
	</wpt>
	<wpt lat="53.825480723146484" lon="11.114842845494685">
		<name>NWM23-018</name>
		<cmt>Waldeingang Bernstorfer Wald;23936 Bernstorf</cmt>
		<desc>Waldeingang Bernstorfer Wald;23936 Bernstorf</desc>
		<src>Landesforst Mecklenburg-Vorpommern</src>
	</wpt>
	<wpt lat="53.826876964445248" lon="10.82502448563198">
		<name>NWM22-011</name>
		<cmt>23923 Wahrsow (Bushaltestelle)</cmt>
		<desc>23923 Wahrsow (Bushaltestelle)</desc>
		<src>Landesforst Mecklenburg-Vorpommern</src>
	</wpt>
	<wpt lat="53.831317772011047" lon="11.384278039671646">
		<name>NWM24-007</name>
		<cmt>Revierförsterei in 23996 Bobitz OT Beidendorf</cmt>
		<desc>Revierförsterei in 23996 Bobitz OT Beidendorf</desc>
		<src>Landesforst Mecklenburg-Vorpommern</src>
	</wpt>
	<wpt lat="53.833399996696457" lon="12.080990754990298">
		<name>LRO26-052</name>
		<cmt>Schneisenkreuz in der "Paar" Abt. 1556/1557/1558/1559, Zufahrt vom Bahnwärterhaus</cmt>
		<desc>Schneisenkreuz in der "Paar" Abt. 1556/1557/1558/1559, Zufahrt vom Bahnwärterhaus</desc>
		<src>Landesforst Mecklenburg-Vorpommern</src>
	</wpt>
	<wpt lat="53.827337103585748" lon="10.771525226623243">
		<name>NWM22-010</name>
		<cmt>23923 Herrnburg;Parkplatz, Schattiner Straße bei Hausnr. 16</cmt>
		<desc>23923 Herrnburg;Parkplatz, Schattiner Straße bei Hausnr. 16</desc>
		<src>Landesforst Mecklenburg-Vorpommern</src>
	</wpt>
	<wpt lat="53.83426137025269" lon="12.011682463077472">
		<name>LRO26-018</name>
		<cmt>Waldeingang "Zepeliner Holz" von 18246 Wolken kommend;;</cmt>
		<desc>Waldeingang "Zepeliner Holz" von 18246 Wolken kommend;;</desc>
		<src>Landesforst Mecklenburg-Vorpommern</src>
	</wpt>
	<wpt lat="53.834092154337604" lon="12.371484110466355">
		<name>LRO27-029</name>
		<cmt>18276 Plaaz in Richtung 18279 Tolzin fahren, etwa 250 m vor Abzweig 18279 Niegleve</cmt>
		<desc>18276 Plaaz in Richtung 18279 Tolzin fahren, etwa 250 m vor Abzweig 18279 Niegleve</desc>
		<src>Landesforst Mecklenburg-Vorpommern</src>
	</wpt>
	<wpt lat="53.834673741010469" lon="11.67734625007583">
		<name>NWM25-018</name>
		<cmt>Waldeingang von Klein Warin nach 23992 Neumühle</cmt>
		<desc>Waldeingang von Klein Warin nach 23992 Neumühle</desc>
		<src>Landesforst Mecklenburg-Vorpommern</src>
	</wpt>
	<wpt lat="53.834164800810264" lon="12.681343937118625">
		<name>LRO28-024</name>
		<cmt>17168 Groß Markow, Richtung 17168 Klein Markow, nach 1,3km Waldanfang links</cmt>
		<desc>17168 Groß Markow, Richtung 17168 Klein Markow, nach 1,3km Waldanfang links</desc>
		<src>Landesforst Mecklenburg-Vorpommern</src>
	</wpt>
	<wpt lat="53.836275242297681" lon="12.231098419717807">
		<name>LRO26-017</name>
		<cmt>In Sarmstorf Weg "Zu den Wiesen" Fahren bis zur 1. T -Kreuzung südlich vom Landwirtschaftsbetrieb a</cmt>
		<desc>In Sarmstorf Weg "Zu den Wiesen" Fahren bis zur 1. T -Kreuzung südlich vom Landwirtschaftsbetrieb a</desc>
		<src>Landesforst Mecklenburg-Vorpommern</src>
	</wpt>
	<wpt lat="53.8343045951544" lon="11.075122524817411">
		<name>NWM23-017</name>
		<cmt>Waldeingang Törberwald von 23936 Volkenshagen kommend</cmt>
		<desc>Waldeingang Törberwald von 23936 Volkenshagen kommend</desc>
		<src>Landesforst Mecklenburg-Vorpommern</src>
	</wpt>
	<wpt lat="53.836176597763213" lon="12.720650998455104">
		<name>LRO28-023</name>
		<cmt>17168 Lelkendorf, Richtung 17168 Groß Markow, 700m Waldwegekreuzung</cmt>
		<desc>17168 Lelkendorf, Richtung 17168 Groß Markow, 700m Waldwegekreuzung</desc>
		<src>Landesforst Mecklenburg-Vorpommern</src>
	</wpt>
	<wpt lat="53.841723986026871" lon="11.833305862042586">
		<name>LRO25-017</name>
		<cmt>"Eichholz" Schneisenkreuz hinter dem "Rugenseemoor" Richtung 18249 Qualitz;;</cmt>
		<desc>"Eichholz" Schneisenkreuz hinter dem "Rugenseemoor" Richtung 18249 Qualitz;;</desc>
		<src>Landesforst Mecklenburg-Vorpommern</src>
	</wpt>
	<wpt lat="53.843399192179056" lon="11.893575156078775">
		<name>LRO25-016</name>
		<cmt>Waldmitte zwischen 18249 Katelbogen und Steinhagen an der L 14 , Einfahrt zum "Klotzdamm"</cmt>
		<desc>Waldmitte zwischen 18249 Katelbogen und Steinhagen an der L 14 , Einfahrt zum "Klotzdamm"</desc>
		<src>Landesforst Mecklenburg-Vorpommern</src>
	</wpt>
	<wpt lat="53.844031353940046" lon="11.686004500399358">
		<name>NWM25-015</name>
		<cmt>Waldeingang von 23992 Neukloster über Nakenstorf nach Neumühle</cmt>
		<desc>Waldeingang von 23992 Neukloster über Nakenstorf nach Neumühle</desc>
		<src>Landesforst Mecklenburg-Vorpommern</src>
	</wpt>
	<wpt lat="53.844543215028054" lon="11.718017206241258">
		<name>NWM25-014</name>
		<cmt/>
		<desc/>
		<src>Landesforst Mecklenburg-Vorpommern</src>
	</wpt>
	<wpt lat="53.845284581390203" lon="12.295453714991373">
		<name>LRO26-031</name>
		<cmt>18276 Spoitgendorf in Richtung Zapkendorf fahren, bis etwa 200 m nach dem Landwirtschaftsbetrieb</cmt>
		<desc>18276 Spoitgendorf in Richtung Zapkendorf fahren, bis etwa 200 m nach dem Landwirtschaftsbetrieb</desc>
		<src>Landesforst Mecklenburg-Vorpommern</src>
	</wpt>
	<wpt lat="53.847072610919682" lon="11.814813345242623">
		<name>LRO25-013</name>
		<cmt>Polterplatz bei 18246 Jabelitz am km 10, Bützower Strasse;;</cmt>
		<desc>Polterplatz bei 18246 Jabelitz am km 10, Bützower Strasse;;</desc>
		<src>Landesforst Mecklenburg-Vorpommern</src>
	</wpt>
	<wpt lat="53.847493190374202" lon="12.069943100585776">
		<name>LRO26-016</name>
		<cmt>18246 Oettelin, Waldeingang "Dobbin" von der Schwiesower Strasse;;</cmt>
		<desc>18246 Oettelin, Waldeingang "Dobbin" von der Schwiesower Strasse;;</desc>
		<src>Landesforst Mecklenburg-Vorpommern</src>
	</wpt>
	<wpt lat="53.842179588563788" lon="13.152590309993842">
		<name>MSE29-011</name>
		<cmt>auf L271 von 17109 Demmin in Richtung 17111 Hohenmockern links abfahren in Richtung 17111 Roidin nach 150 m auf der rechten Seite wo der Weg zum Wald abgeht</cmt>
		<desc>auf L271 von 17109 Demmin in Richtung 17111 Hohenmockern links abfahren in Richtung 17111 Roidin nach 150 m auf der rechten Seite wo der Weg zum Wald abgeht</desc>
		<src>Landesforst Mecklenburg-Vorpommern</src>
	</wpt>
	<wpt lat="53.84731584923307" lon="11.559571256354104">
		<name>NWM24-026</name>
		<cmt>23972 Lübow;  zwischen Lübow und Maßlow; aus Lübow kommend der…</cmt>
		<desc>23972 Lübow;  zwischen Lübow und Maßlow; aus Lübow kommend der…</desc>
		<src>Landesforst Mecklenburg-Vorpommern</src>
	</wpt>
	<wpt lat="53.847573309769302" lon="12.500279108109137">
		<name>LRO27-013</name>
		<cmt>17168 Matgendorf, Richtung 17168 Gottin, 1,5km Waldeingang</cmt>
		<desc>17168 Matgendorf, Richtung 17168 Gottin, 1,5km Waldeingang</desc>
		<src>Landesforst Mecklenburg-Vorpommern</src>
	</wpt>
	<wpt lat="53.849712333651631" lon="12.00922978668812">
		<name>LRO26-015</name>
		<cmt>"Darnow" hinter der Rufschranke, erste Wegkreuzung (18246 BÜZ);;</cmt>
		<desc>"Darnow" hinter der Rufschranke, erste Wegkreuzung (18246 BÜZ);;</desc>
		<src>Landesforst Mecklenburg-Vorpommern</src>
	</wpt>
	<wpt lat="53.849486209109635" lon="12.31031492281444">
		<name>LRO26-030</name>
		<cmt>Ortsausgang 18276 Spoitgendorf hinter dem Reitplatz östlich Abbiegen; Betonspurbahn in Richtung 182</cmt>
		<desc>Ortsausgang 18276 Spoitgendorf hinter dem Reitplatz östlich Abbiegen; Betonspurbahn in Richtung 182</desc>
		<src>Landesforst Mecklenburg-Vorpommern</src>
	</wpt>
	<wpt lat="53.854496805765585" lon="11.161514093187119">
		<name>NWM23-016</name>
		<cmt>Dammwildgehege 23936 Grevesmühlen</cmt>
		<desc>Dammwildgehege 23936 Grevesmühlen</desc>
		<src>Landesforst Mecklenburg-Vorpommern</src>
	</wpt>
	<wpt lat="53.854761818990994" lon="12.362321944615003">
		<name>LRO27-028</name>
		<cmt>18299 Diekhof in Richtung 18276 Plaaz fahren, 250 m nach Ortsausgang Diekhof südlich einbiegen</cmt>
		<desc>18299 Diekhof in Richtung 18276 Plaaz fahren, 250 m nach Ortsausgang Diekhof südlich einbiegen</desc>
		<src>Landesforst Mecklenburg-Vorpommern</src>
	</wpt>
	<wpt lat="53.852913229281988" lon="12.81685695738013">
		<name>MSE28-022</name>
		<cmt>L20, Von 17159 Dargun kommend, Richtung 17154 Neukalen, zweiter Wald nach 4,8km rechts auf Waldparkplatz</cmt>
		<desc>L20, Von 17159 Dargun kommend, Richtung 17154 Neukalen, zweiter Wald nach 4,8km rechts auf Waldparkplatz</desc>
		<src>Landesforst Mecklenburg-Vorpommern</src>
	</wpt>
	<wpt lat="53.857729300180061" lon="11.74701825189296">
		<name>NWM25-012</name>
		<cmt>von 23992 Lübbersdorf die L14 Bützower Straße östlich Richtung Bützow. Am Waldanfang in Abt.2268 b8 Parkplatz am Waldrand ist RP.</cmt>
		<desc>von 23992 Lübbersdorf die L14 Bützower Straße östlich Richtung Bützow. Am Waldanfang in Abt.2268 b8 Parkplatz am Waldrand ist RP.</desc>
		<src>Landesforst Mecklenburg-Vorpommern</src>
	</wpt>
	<wpt lat="53.859268365075152" lon="11.838126330146832">
		<name>LRO25-011</name>
		<cmt>18249 Parkplatz Fernsehturm;;</cmt>
		<desc>18249 Parkplatz Fernsehturm;;</desc>
		<src>Landesforst Mecklenburg-Vorpommern</src>
	</wpt>
	<wpt lat="53.856398268710294" lon="11.142119345611643">
		<name>NWM23-015</name>
		<cmt>An Rufschranke aus Richtung Gostorf kommend; 23936 Grevesmühlen O</cmt>
		<desc>An Rufschranke aus Richtung Gostorf kommend; 23936 Grevesmühlen O</desc>
		<src>Landesforst Mecklenburg-Vorpommern</src>
	</wpt>
	<wpt lat="53.855364384279007" lon="10.903094315643072">
		<name>NWM22-009</name>
		<cmt>Waldeingang;23923  Schönberg</cmt>
		<desc>Waldeingang;23923  Schönberg</desc>
		<src>Landesforst Mecklenburg-Vorpommern</src>
	</wpt>
	<wpt lat="53.860869383458557" lon="11.686063619063455">
		<name>NWM25-030</name>
		<cmt>Von 23992 Neukloster die Hauptstraße in Richtung Süden Kirchstraße verlassen und bis  zum Hochseilgarten</cmt>
		<desc>Von 23992 Neukloster die Hauptstraße in Richtung Süden Kirchstraße verlassen und bis  zum Hochseilgarten</desc>
		<src>Landesforst Mecklenburg-Vorpommern</src>
	</wpt>
	<wpt lat="53.857390602075604" lon="10.886531346936449">
		<name>NWM22-008</name>
		<cmt>Waldkreuzung 23923 Rubensdorfer Wald</cmt>
		<desc>Waldkreuzung 23923 Rubensdorfer Wald</desc>
		<src>Landesforst Mecklenburg-Vorpommern</src>
	</wpt>
	<wpt lat="53.861315154568807" lon="11.296767492319738">
		<name>NWM23-014</name>
		<cmt>Waldkreuzung an der B105 hinterm 23968Sternkrug aus Wismar kommend (ca. 300m nach Waldanfang)</cmt>
		<desc>Waldkreuzung an der B105 hinterm 23968Sternkrug aus Wismar kommend (ca. 300m nach Waldanfang)</desc>
		<src>Landesforst Mecklenburg-Vorpommern</src>
	</wpt>
	<wpt lat="53.864066417465942" lon="11.707937931634508">
		<name>NWM25-010</name>
		<cmt>Von 23992 Neukloster die L14 in Richtung 17392 Neukloster. Ab Ausgang Neukloster 400 m, dann südlich am Neumühler Weg</cmt>
		<desc>Von 23992 Neukloster die L14 in Richtung 17392 Neukloster. Ab Ausgang Neukloster 400 m, dann südlich am Neumühler Weg</desc>
		<src>Landesforst Mecklenburg-Vorpommern</src>
	</wpt>
	<wpt lat="53.864560043377296" lon="11.246775546891834">
		<name>NWM23-012</name>
		<cmt>Waldkreuzung an der B 105 hinter der Deponie aus Grevesmühlen kommend (ca. 300m hinter der Deponie 23936 Neu Degtow</cmt>
		<desc>Waldkreuzung an der B 105 hinter der Deponie aus Grevesmühlen kommend (ca. 300m hinter der Deponie 23936 Neu Degtow</desc>
		<src>Landesforst Mecklenburg-Vorpommern</src>
	</wpt>
	<wpt lat="53.867063607480375" lon="12.045911727542311">
		<name>LRO26-053</name>
		<cmt>K 14 BÜZ - Schwaan am Abzweig nach Oettelin</cmt>
		<desc>K 14 BÜZ - Schwaan am Abzweig nach Oettelin</desc>
		<src>Landesforst Mecklenburg-Vorpommern</src>
	</wpt>
	<wpt lat="53.86181523464505" lon="13.201993353811647">
		<name>VG29-010</name>
		<cmt>Verbindungsstraße 17126 Schmarsow in Richtung 17111 Roidin am Waldeingang auf der rechten Seite</cmt>
		<desc>Verbindungsstraße 17126 Schmarsow in Richtung 17111 Roidin am Waldeingang auf der rechten Seite</desc>
		<src>Landesforst Mecklenburg-Vorpommern</src>
	</wpt>
	<wpt lat="53.86639148814151" lon="12.700792506021802">
		<name>LRO28-033</name>
		<cmt>17168 Küsserow, Richtung 17168 Rey am Waldeingang</cmt>
		<desc>17168 Küsserow, Richtung 17168 Rey am Waldeingang</desc>
		<src>Landesforst Mecklenburg-Vorpommern</src>
	</wpt>
	<wpt lat="53.872089147598452" lon="11.621435622025283">
		<name>NWM24-020</name>
		<cmt>An der Abfahrt der A 20  23992 Zurow in Richtung Ravensruh- Sellin; 90m nördl. der A20 ist RP</cmt>
		<desc>An der Abfahrt der A 20  23992 Zurow in Richtung Ravensruh- Sellin; 90m nördl. der A20 ist RP</desc>
		<src>Landesforst Mecklenburg-Vorpommern</src>
	</wpt>
	<wpt lat="53.872658452205918" lon="11.879378374768628">
		<name>LRO25-009</name>
		<cmt>Kreuzung K3  18249 Schlemmin - Kurzen Trechow, Abt. 1103/1104/1105/1106</cmt>
		<desc>Kreuzung K3  18249 Schlemmin - Kurzen Trechow, Abt. 1103/1104/1105/1106</desc>
		<src>Landesforst Mecklenburg-Vorpommern</src>
	</wpt>
	<wpt lat="53.867333503663403" lon="10.850864831925408">
		<name>NWM22-007</name>
		<cmt>Kreuzung bei Dorfstraße 5 ;23923 Selmsdorf</cmt>
		<desc>Kreuzung bei Dorfstraße 5 ;23923 Selmsdorf</desc>
		<src>Landesforst Mecklenburg-Vorpommern</src>
	</wpt>
	<wpt lat="53.868223518752629" lon="10.92304331618474">
		<name>NWM22-006</name>
		<cmt>23923 Schönberg Richtung Kleinfelder Wald</cmt>
		<desc>23923 Schönberg Richtung Kleinfelder Wald</desc>
		<src>Landesforst Mecklenburg-Vorpommern</src>
	</wpt>
	<wpt lat="53.870736280925655" lon="12.83623227333986">
		<name>MSE28-021</name>
		<cmt>L20, Von 17195 Dargun nach 2,5km , Richtung 17195 Wagun, links Waldkreuzung</cmt>
		<desc>L20, Von 17195 Dargun nach 2,5km , Richtung 17195 Wagun, links Waldkreuzung</desc>
		<src>Landesforst Mecklenburg-Vorpommern</src>
	</wpt>
	<wpt lat="53.87808317880296" lon="11.291860072138856">
		<name>NWM23-011</name>
		<cmt>23936  Barendorf  Waldeingang Barendorfer Wald</cmt>
		<desc>23936  Barendorf  Waldeingang Barendorfer Wald</desc>
		<src>Landesforst Mecklenburg-Vorpommern</src>
	</wpt>
	<wpt lat="53.87638505345101" lon="12.371466108053301">
		<name>LRO27-027</name>
		<cmt>Feldweg von 18299 Diekhof Hof nach 18299 Korleput fahren, bis Waldeingang</cmt>
		<desc>Feldweg von 18299 Diekhof Hof nach 18299 Korleput fahren, bis Waldeingang</desc>
		<src>Landesforst Mecklenburg-Vorpommern</src>
	</wpt>
	<wpt lat="53.876917962212339" lon="12.350014613457143">
		<name>LRO27-025</name>
		<cmt>K 31 am Abzweig 18299 Korleput, vor der Bahnbrücke</cmt>
		<desc>K 31 am Abzweig 18299 Korleput, vor der Bahnbrücke</desc>
		<src>Landesforst Mecklenburg-Vorpommern</src>
	</wpt>
	<wpt lat="53.877503788925466" lon="11.870342796701962">
		<name>LRO25-008</name>
		<cmt>18249 "Bernitter Holz, Waldeingang an der Bernitter Strasse hinter Schlemminer Kreuz;;</cmt>
		<desc>18249 "Bernitter Holz, Waldeingang an der Bernitter Strasse hinter Schlemminer Kreuz;;</desc>
		<src>Landesforst Mecklenburg-Vorpommern</src>
	</wpt>
	<wpt lat="53.877586591772001" lon="12.511935173665929">
		<name>LRO27-020</name>
		<cmt>17168 Rabenhorst, Richtung 17168 Matgendorf,  nach 400m in Kurve rechts, Richtung 17168 Groß Bützin, Waldabzweig</cmt>
		<desc>17168 Rabenhorst, Richtung 17168 Matgendorf,  nach 400m in Kurve rechts, Richtung 17168 Groß Bützin, Waldabzweig</desc>
		<src>Landesforst Mecklenburg-Vorpommern</src>
	</wpt>
	<wpt lat="53.87673082482911" lon="11.257109706567816">
		<name>NWM23-030</name>
		<cmt>23936 Grevesmühlen; OT Everstorf; an der Bushaltestelle Kreuzung Everstorf; Abt. 3132  Landeswald Revier Everstorf</cmt>
		<desc>23936 Grevesmühlen; OT Everstorf; an der Bushaltestelle Kreuzung Everstorf; Abt. 3132  Landeswald Revier Everstorf</desc>
		<src>Landesforst Mecklenburg-Vorpommern</src>
	</wpt>
	<wpt lat="53.8796334193649" lon="12.592836565220914">
		<name>LRO27-021</name>
		<cmt>17168 Jördenstorf, Richtung 17168 Groß Wüstenfelde, 1,2km Waldanfang am Abzweig Jägerhof</cmt>
		<desc>17168 Jördenstorf, Richtung 17168 Groß Wüstenfelde, 1,2km Waldanfang am Abzweig Jägerhof</desc>
		<src>Landesforst Mecklenburg-Vorpommern</src>
	</wpt>
	<wpt lat="53.88074652594392" lon="12.395020359265271">
		<name>LRO27-011</name>
		<cmt>Diekhof in Richtung Neu Heinde Fahren, Am Abzweig Striesenow nördlich einbiegen und bis zum Friedho</cmt>
		<desc>Diekhof in Richtung Neu Heinde Fahren, Am Abzweig Striesenow nördlich einbiegen und bis zum Friedho</desc>
		<src>Landesforst Mecklenburg-Vorpommern</src>
	</wpt>
	<wpt lat="53.883052547995639" lon="12.329320326012093">
		<name>LRO26-054</name>
		<cmt>18299 Liessow in Richtung 18299 Rossewitz bis Waldeingang fahren</cmt>
		<desc>18299 Liessow in Richtung 18299 Rossewitz bis Waldeingang fahren</desc>
		<src>Landesforst Mecklenburg-Vorpommern</src>
	</wpt>
	<wpt lat="53.8682120535262" lon="13.956608532283942">
		<name>VG31-014</name>
		<cmt>17406;Stolpe;K 44 -K 45 Welzin drei Eichen</cmt>
		<desc>17406;Stolpe;K 44 -K 45 Welzin drei Eichen</desc>
		<src>Landesforst Mecklenburg-Vorpommern</src>
	</wpt>
	<wpt lat="53.88461849564986" lon="12.087854126559675">
		<name>LRO26-013</name>
		<cmt>Von. 18246 Bützow die     K 14 in Richtung 18258 Schwaan. Ab Ortsausgang 18258 Kassow noch 820 m bis zum Waldweg rechts ab, dann 90 m bis Waldanfang dort RP.</cmt>
		<desc>Von. 18246 Bützow die     K 14 in Richtung 18258 Schwaan. Ab Ortsausgang 18258 Kassow noch 820 m bis zum Waldweg rechts ab, dann 90 m bis Waldanfang dort RP.</desc>
		<src>Landesforst Mecklenburg-Vorpommern</src>
	</wpt>
	<wpt lat="53.879327898010125" lon="10.816538065031525">
		<name>NWM22-005</name>
		<cmt>23923 Selmsdorf Dorfstraße 21</cmt>
		<desc>23923 Selmsdorf Dorfstraße 21</desc>
		<src>Landesforst Mecklenburg-Vorpommern</src>
	</wpt>
	<wpt lat="53.886015329333674" lon="12.063084917884455">
		<name>LRO26-049</name>
		<cmt>Von. 18246 Bützow die     K 14 in Richtung 18258 Kassow. In Kassow in der 90grad Kurve links ab in Richtung 18258 Kambs.  Ab Kurve in Kassow 300 m bis zu den Bahnschienen, dann noch 750 m bis Waldanfang, Dort RP</cmt>
		<desc>Von. 18246 Bützow die     K 14 in Richtung 18258 Kassow. In Kassow in der 90grad Kurve links ab in Richtung 18258 Kambs.  Ab Kurve in Kassow 300 m bis zu den Bahnschienen, dann noch 750 m bis Waldanfang, Dort RP</desc>
		<src>Landesforst Mecklenburg-Vorpommern</src>
	</wpt>
	<wpt lat="53.883615274012875" lon="13.055671188614481">
		<name>MSE29-008</name>
		<cmt>von 17109 Demmin auf L271 in Richtung 17089 Burow ca 1 km hinter Ortsausgangschild auf der rechten Seite kurz vor dem Solarfeld</cmt>
		<desc>von 17109 Demmin auf L271 in Richtung 17089 Burow ca 1 km hinter Ortsausgangschild auf der rechten Seite kurz vor dem Solarfeld</desc>
		<src>Landesforst Mecklenburg-Vorpommern</src>
	</wpt>
	<wpt lat="53.89074629665496" lon="12.286215716599692">
		<name>LRO26-011</name>
		<cmt>Kritzkow B108 in Richtung Laage, am Abzweig Weitendorf südlich einbiegen und bis Waldeingang fahren</cmt>
		<desc>Kritzkow B108 in Richtung Laage, am Abzweig Weitendorf südlich einbiegen und bis Waldeingang fahren</desc>
		<src>Landesforst Mecklenburg-Vorpommern</src>
	</wpt>
	<wpt lat="53.891236661294329" lon="11.721046470144021">
		<name>NWM25-007</name>
		<cmt>von 23992 Perniek die L 101 Richtung 23992 Babst. Auf der Hälfte der Strecke am Waldrand beim Pumpenhaus ist RP.</cmt>
		<desc>von 23992 Perniek die L 101 Richtung 23992 Babst. Auf der Hälfte der Strecke am Waldrand beim Pumpenhaus ist RP.</desc>
		<src>Landesforst Mecklenburg-Vorpommern</src>
	</wpt>
	<wpt lat="53.891437438402711" lon="11.640990495898377">
		<name>NWM24-021</name>
		<cmt>Von 23974 Goldebee in Richtung 23992 Nevern, ab Waldanfang noch 330 m bis rechts die Hauptschneise beginnt, dort RP</cmt>
		<desc>Von 23974 Goldebee in Richtung 23992 Nevern, ab Waldanfang noch 330 m bis rechts die Hauptschneise beginnt, dort RP</desc>
		<src>Landesforst Mecklenburg-Vorpommern</src>
	</wpt>
	<wpt lat="53.888380871016913" lon="12.973971210695824">
		<name>MSE28-019</name>
		<cmt>17111 Wolkow, 700m Richtung Wald /Peene</cmt>
		<desc>17111 Wolkow, 700m Richtung Wald /Peene</desc>
		<src>Landesforst Mecklenburg-Vorpommern</src>
	</wpt>
	<wpt lat="53.891607649543708" lon="11.16747878760504">
		<name>NWM23-008</name>
		<cmt>Friedwald Grevesmühlen;23936 Grevesmühlen S</cmt>
		<desc>Friedwald Grevesmühlen;23936 Grevesmühlen S</desc>
		<src>Landesforst Mecklenburg-Vorpommern</src>
	</wpt>
	<wpt lat="53.89447849704576" lon="12.222031855805287">
		<name>LRO26-037</name>
		<cmt>18299 Kritzkow westlich in Richtung 18276 Siemitz fahren, am Ortsausgang 18299 Kritzkow nördlich ab</cmt>
		<desc>18299 Kritzkow westlich in Richtung 18276 Siemitz fahren, am Ortsausgang 18299 Kritzkow nördlich ab</desc>
		<src>Landesforst Mecklenburg-Vorpommern</src>
	</wpt>
	<wpt lat="53.891052610282657" lon="11.028930806787342">
		<name>NWM23-007</name>
		<cmt>23942 Flechtkrug Postschneiße</cmt>
		<desc>23942 Flechtkrug Postschneiße</desc>
		<src>Landesforst Mecklenburg-Vorpommern</src>
	</wpt>
	<wpt lat="53.892961982251791" lon="12.715072718108344">
		<name>LRO28-018</name>
		<cmt>17179 Altkalen, L231 Richtung Jördenstorf, nach Abzweig Plattenweg rechts Richtung Wald;;</cmt>
		<desc>17179 Altkalen, L231 Richtung Jördenstorf, nach Abzweig Plattenweg rechts Richtung Wald;;</desc>
		<src>Landesforst Mecklenburg-Vorpommern</src>
	</wpt>
	<wpt lat="53.895418407576372" lon="12.104572848163755">
		<name>LRO26-010</name>
		<cmt>Von 18246 Bützow  die K 14 in Richtung 18258 Schwaan. Ab 18258 Kassow bis zum beschrankten Bahnübergang, Vor den Schranken die Abfahrt  390 m in Richtung Elisbthheim. Am linken Waldanfang ist RP</cmt>
		<desc>Von 18246 Bützow  die K 14 in Richtung 18258 Schwaan. Ab 18258 Kassow bis zum beschrankten Bahnübergang, Vor den Schranken die Abfahrt  390 m in Richtung Elisbthheim. Am linken Waldanfang ist RP</desc>
		<src>Landesforst Mecklenburg-Vorpommern</src>
	</wpt>
	<wpt lat="53.88342981750764" lon="13.792910791444589">
		<name>VG31-012</name>
		<cmt>B110 von 17390 Pinnow in Richtung Insel Usedom, OT Johannishof, Waldausgang rechte Seite zum Waldeingang</cmt>
		<desc>B110 von 17390 Pinnow in Richtung Insel Usedom, OT Johannishof, Waldausgang rechte Seite zum Waldeingang</desc>
		<src>Landesforst Mecklenburg-Vorpommern</src>
	</wpt>
	<wpt lat="53.896866824465604" lon="12.378898306344658">
		<name>LRO27-026</name>
		<cmt>Von der B108 zwischen 18299 Schweez und 18299 Breesen in der Kurve südlich einbiegen und etwa 250 bis in den Wald zum 1. Wegekreuz fahren</cmt>
		<desc>Von der B108 zwischen 18299 Schweez und 18299 Breesen in der Kurve südlich einbiegen und etwa 250 bis in den Wald zum 1. Wegekreuz fahren</desc>
		<src>Landesforst Mecklenburg-Vorpommern</src>
	</wpt>
	<wpt lat="53.897317418480164" lon="11.599483494984234">
		<name>NWM24-022</name>
		<cmt>Von 23974 Warkstorf in Richtung 23970 Goldebee. Am Waldanfang rechts ist RP.</cmt>
		<desc>Von 23974 Warkstorf in Richtung 23970 Goldebee. Am Waldanfang rechts ist RP.</desc>
		<src>Landesforst Mecklenburg-Vorpommern</src>
	</wpt>
	<wpt lat="53.881423239720704" lon="14.025988259504928">
		<name>VG32-016</name>
		<cmt>17406;Gumlin;K 44 Gumlin - Prätenow</cmt>
		<desc>17406;Gumlin;K 44 Gumlin - Prätenow</desc>
		<src>Landesforst Mecklenburg-Vorpommern</src>
	</wpt>
	<wpt lat="53.89403724393388" lon="10.923471028074115">
		<name>NWM22-001</name>
		<cmt>23923 Zanrewenz Richtung Dassow links;Fledweg großer Eiche</cmt>
		<desc>23923 Zanrewenz Richtung Dassow links;Fledweg großer Eiche</desc>
		<src>Landesforst Mecklenburg-Vorpommern</src>
	</wpt>
	<wpt lat="53.896996807675805" lon="12.694308432496467">
		<name>LRO28-034</name>
		<cmt>17168 Rey, Richtung 17179 Lüchow, Waldeingang</cmt>
		<desc>17168 Rey, Richtung 17179 Lüchow, Waldeingang</desc>
		<src>Landesforst Mecklenburg-Vorpommern</src>
	</wpt>
	<wpt lat="53.895163730521141" lon="13.007965532421727">
		<name>MSE29-007</name>
		<cmt>in 17109 Demmin auf der Waldstraße vom Waldeingang aus ca. 900 m bis zur Gaststätte Völschower Berg</cmt>
		<desc>in 17109 Demmin auf der Waldstraße vom Waldeingang aus ca. 900 m bis zur Gaststätte Völschower Berg</desc>
		<src>Landesforst Mecklenburg-Vorpommern</src>
	</wpt>
	<wpt lat="53.897902908708112" lon="12.945569702443125">
		<name>MSE28-017</name>
		<cmt>17159 Zarnekow, 3km Richtung 17111 Warrenzin, 200m hinter Waldanfang rechts</cmt>
		<desc>17159 Zarnekow, 3km Richtung 17111 Warrenzin, 200m hinter Waldanfang rechts</desc>
		<src>Landesforst Mecklenburg-Vorpommern</src>
	</wpt>
	<wpt lat="53.890310631777908" lon="13.729607014374155">
		<name>VG31-010</name>
		<cmt>B110 17390 Relzow in Richtung 17390 Murchin, nach ca. 600 m Einfahrt MEWAKO (ehem. Armeeobjekt) Waldeingang</cmt>
		<desc>B110 17390 Relzow in Richtung 17390 Murchin, nach ca. 600 m Einfahrt MEWAKO (ehem. Armeeobjekt) Waldeingang</desc>
		<src>Landesforst Mecklenburg-Vorpommern</src>
	</wpt>
	<wpt lat="53.900255203306706" lon="12.824978826642129">
		<name>MSE28-016</name>
		<cmt>Von 17195 Dargun, 1,1km Richtung 17195 Dörgelin, Waldwegekreuzung</cmt>
		<desc>Von 17195 Dargun, 1,1km Richtung 17195 Dörgelin, Waldwegekreuzung</desc>
		<src>Landesforst Mecklenburg-Vorpommern</src>
	</wpt>
	<wpt lat="53.903953983368453" lon="12.245554146255042">
		<name>LRO26-039</name>
		<cmt>In 18299 Wohland etwa 500 m westlich der Autobahn südlich einbiegen, Feldweg  parallel zur Straße</cmt>
		<desc>In 18299 Wohland etwa 500 m westlich der Autobahn südlich einbiegen, Feldweg  parallel zur Straße</desc>
		<src>Landesforst Mecklenburg-Vorpommern</src>
	</wpt>
	<wpt lat="53.904564334860041" lon="12.205352839024943">
		<name>LRO26-009</name>
		<cmt>Hohen Sprenz in Richtung Dudinghausenfahren, etwa 700 m nach Hohensprenz in der Linkskurve rechts ab</cmt>
		<desc>Hohen Sprenz in Richtung Dudinghausenfahren, etwa 700 m nach Hohensprenz in der Linkskurve rechts ab</desc>
		<src>Landesforst Mecklenburg-Vorpommern</src>
	</wpt>
	<wpt lat="53.906338915732498" lon="12.312716829171659">
		<name>LRO26-038</name>
		<cmt>B103 18299 Kritzkow in Richtung 18299 Laage fahren, etwa 2,3 km nach dem Abzweig 18299 Weitendorf s</cmt>
		<desc>B103 18299 Kritzkow in Richtung 18299 Laage fahren, etwa 2,3 km nach dem Abzweig 18299 Weitendorf s</desc>
		<src>Landesforst Mecklenburg-Vorpommern</src>
	</wpt>
	<wpt lat="53.901943423516919" lon="10.879955307908915">
		<name>NWM22-002</name>
		<cmt>Selmsdorf Lindenstraße Ausbau, am Waldeingang</cmt>
		<desc>Selmsdorf Lindenstraße Ausbau, am Waldeingang</desc>
		<src>Landesforst Mecklenburg-Vorpommern</src>
	</wpt>
	<wpt lat="53.897566641252865" lon="13.569428138760948">
		<name>VG30-008</name>
		<cmt>17390 Quilow Wasserschloß, in Richtung Wald, Waldeingang</cmt>
		<desc>17390 Quilow Wasserschloß, in Richtung Wald, Waldeingang</desc>
		<src>Landesforst Mecklenburg-Vorpommern</src>
	</wpt>
	<wpt lat="53.907800717443344" lon="11.679572400281787">
		<name>NWM25-006</name>
		<cmt>Von 23992 Züsow die K 38 in Richtung 23992 Neuhof fahren. Vom Waldanfang bis Waldkreuzung noch 550 m. Dort RP</cmt>
		<desc>Von 23992 Züsow die K 38 in Richtung 23992 Neuhof fahren. Vom Waldanfang bis Waldkreuzung noch 550 m. Dort RP</desc>
		<src>Landesforst Mecklenburg-Vorpommern</src>
	</wpt>
	<wpt lat="53.90867241105736" lon="12.115463145620451">
		<name>LRO26-047</name>
		<cmt>Von 18246 Bützow die K14 Richtung 18258 Schwaan. Nach Ortschaft 18258 Werle noch 2000 m, dann von der K14 rechts in die Schwaaner Chaussee 300 m unter der Bahnbrügge fahren, am Waldanfang ist RP.</cmt>
		<desc>Von 18246 Bützow die K14 Richtung 18258 Schwaan. Nach Ortschaft 18258 Werle noch 2000 m, dann von der K14 rechts in die Schwaaner Chaussee 300 m unter der Bahnbrügge fahren, am Waldanfang ist RP.</desc>
		<src>Landesforst Mecklenburg-Vorpommern</src>
	</wpt>
	<wpt lat="53.900133537240016" lon="13.485455733548248">
		<name>VG30-007</name>
		<cmt>L 263 Richtung 17506 Gützkow von 17390 Quilow kommend in 17506 Lüssow gegenüber Kirche , links in Richtung Wald, waldeingang</cmt>
		<desc>L 263 Richtung 17506 Gützkow von 17390 Quilow kommend in 17506 Lüssow gegenüber Kirche , links in Richtung Wald, waldeingang</desc>
		<src>Landesforst Mecklenburg-Vorpommern</src>
	</wpt>
	<wpt lat="53.909336240903478" lon="12.034541468602223">
		<name>LRO26-007</name>
		<cmt>Von Kreuzung Dorfmitte 18258 Letschow  zum Waldanfang in Richtung 18258 Kambs. Am Waldende ist der RP</cmt>
		<desc>Von Kreuzung Dorfmitte 18258 Letschow  zum Waldanfang in Richtung 18258 Kambs. Am Waldende ist der RP</desc>
		<src>Landesforst Mecklenburg-Vorpommern</src>
	</wpt>
	<wpt lat="53.889754097574389" lon="14.179178608920356">
		<name>VG32-014</name>
		<cmt>ca2500mvonZirchowRichtungSwinemünde</cmt>
		<desc>ca2500mvonZirchowRichtungSwinemünde</desc>
		<src>Landesforst Mecklenburg-Vorpommern</src>
	</wpt>
	<wpt lat="53.907791344876777" lon="11.210038443156">
		<name>NWM23-006</name>
		<cmt>Waldeingang Kreuzung Thorstorf Bushaltstelle;23936 Thorstorf O</cmt>
		<desc>Waldeingang Kreuzung Thorstorf Bushaltstelle;23936 Thorstorf O</desc>
		<src>Landesforst Mecklenburg-Vorpommern</src>
	</wpt>
	<wpt lat="53.913303998776492" lon="11.707867304724049">
		<name>NWM25-034</name>
		<cmt>Anfahrt wie RP 4279 dann den Waldweg bis zu Ende des Walde in Richtung 23992 Pnnowhof. Am Waldende ist RP.</cmt>
		<desc>Anfahrt wie RP 4279 dann den Waldweg bis zu Ende des Walde in Richtung 23992 Pnnowhof. Am Waldende ist RP.</desc>
		<src>Landesforst Mecklenburg-Vorpommern</src>
	</wpt>
	<wpt lat="53.917047233130234" lon="12.345683543771322">
		<name>LRO27-024</name>
		<cmt>von 18299 Laage die B108 in Richtung Teterow fahren, östlich hinter dem Friedhof südlich Einbiegen</cmt>
		<desc>von 18299 Laage die B108 in Richtung Teterow fahren, östlich hinter dem Friedhof südlich Einbiegen</desc>
		<src>Landesforst Mecklenburg-Vorpommern</src>
	</wpt>
	<wpt lat="53.917404995603945" lon="11.656111631429591">
		<name>NWM24-006</name>
		<cmt>Von 23992 Züsow die L 10 in Richtung 23992 Alt Tollow abbiegen. Ab Waldanfang noch 550 m bis zur Waldkreuzung, dort RP</cmt>
		<desc>Von 23992 Züsow die L 10 in Richtung 23992 Alt Tollow abbiegen. Ab Waldanfang noch 550 m bis zur Waldkreuzung, dort RP</desc>
		<src>Landesforst Mecklenburg-Vorpommern</src>
	</wpt>
	<wpt lat="53.915008889233043" lon="12.971263955460211">
		<name>MSE28-015</name>
		<cmt>von 17109 Demmin in Richtung 17111Beestland im Verlauf der K 36  am Waldeingang hinter der Ortslage Drönnewitz</cmt>
		<desc>von 17109 Demmin in Richtung 17111Beestland im Verlauf der K 36  am Waldeingang hinter der Ortslage Drönnewitz</desc>
		<src>Landesforst Mecklenburg-Vorpommern</src>
	</wpt>
	<wpt lat="53.91807973635084" lon="12.818456527371472">
		<name>MSE28-014</name>
		<cmt>17159 Dargun, B110 Richtung 17179 Finkenthal, 900m hinter Brücke links</cmt>
		<desc>17159 Dargun, B110 Richtung 17179 Finkenthal, 900m hinter Brücke links</desc>
		<src>Landesforst Mecklenburg-Vorpommern</src>
	</wpt>
	<wpt lat="53.920836661564358" lon="11.517601673794095">
		<name>NWM24-005</name>
		<cmt>Von 23970 Müggenburg durch den Wald in Richtung 23974 Rohlstorf fahren.An der Gabelung Rohlstorf-Müggenburg ist RP.</cmt>
		<desc>Von 23970 Müggenburg durch den Wald in Richtung 23974 Rohlstorf fahren.An der Gabelung Rohlstorf-Müggenburg ist RP.</desc>
		<src>Landesforst Mecklenburg-Vorpommern</src>
	</wpt>
	<wpt lat="53.921617312592588" lon="11.781466053170393">
		<name>NWM25-004</name>
		<cmt>Ortsmitte 23992 Warnkenhagen:Am Abzweig südlich zum Wald in Abt. 2147</cmt>
		<desc>Ortsmitte 23992 Warnkenhagen:Am Abzweig südlich zum Wald in Abt. 2147</desc>
		<src>Landesforst Mecklenburg-Vorpommern</src>
	</wpt>
	<wpt lat="53.920806448183548" lon="12.672148563899471">
		<name>LRO28-013</name>
		<cmt>17168 Remlin, L23 Richtung Gnoien, Waldeingang links;;</cmt>
		<desc>17168 Remlin, L23 Richtung Gnoien, Waldeingang links;;</desc>
		<src>Landesforst Mecklenburg-Vorpommern</src>
	</wpt>
	<wpt lat="53.92441919137611" lon="12.128800623907035">
		<name>LRO26-048</name>
		<cmt>Von 18258 Schwaan die L14 in Richtung 18258 Rukieten. Vom Kreisverkehr noch 1100 m in  Richtung Rukieten. Rechts an der Hauptschneise ist RP</cmt>
		<desc>Von 18258 Schwaan die L14 in Richtung 18258 Rukieten. Vom Kreisverkehr noch 1100 m in  Richtung Rukieten. Rechts an der Hauptschneise ist RP</desc>
		<src>Landesforst Mecklenburg-Vorpommern</src>
	</wpt>
	<wpt lat="53.908167457280754" lon="14.018058107073289">
		<name>VG32-012</name>
		<cmt>17429 Mellenthin; Ecke B111/B110; Einfahrt Radweg Mellenthin - Gummlin</cmt>
		<desc>17429 Mellenthin; Ecke B111/B110; Einfahrt Radweg Mellenthin - Gummlin</desc>
		<src>Landesforst Mecklenburg-Vorpommern</src>
	</wpt>
	<wpt lat="53.925494096903265" lon="11.702410823897409">
		<name>NWM25-003</name>
		<cmt>Von 23992 Züsow die L 10 (Satower Straße ) bis zur Kreuzung 23992 Bäbelin, dort an der Waldkreuzung ist RP.</cmt>
		<desc>Von 23992 Züsow die L 10 (Satower Straße ) bis zur Kreuzung 23992 Bäbelin, dort an der Waldkreuzung ist RP.</desc>
		<src>Landesforst Mecklenburg-Vorpommern</src>
	</wpt>
	<wpt lat="53.924768860351477" lon="12.748652359450372">
		<name>LRO28-012</name>
		<cmt>17179 Fürstenhof, Landweg Richtung Damm, Waldeingang;</cmt>
		<desc>17179 Fürstenhof, Landweg Richtung Damm, Waldeingang;</desc>
		<src>Landesforst Mecklenburg-Vorpommern</src>
	</wpt>
	<wpt lat="53.928417353577075" lon="11.522582803052305">
		<name>NWM24-004</name>
		<cmt/>
		<desc/>
		<src>Landesforst Mecklenburg-Vorpommern</src>
	</wpt>
	<wpt lat="53.93171017170252" lon="12.029397914167918">
		<name>LRO26-005</name>
		<cmt>Von 18258 Schwaan die K 15 in Richtung 18258 Letschow, ab Kreuzung in der Dorfmitte noch 1500 m die K 15 in Richtung 18258 Bandow. 50m vor Waldende Links am Waldweg ist RP</cmt>
		<desc>Von 18258 Schwaan die K 15 in Richtung 18258 Letschow, ab Kreuzung in der Dorfmitte noch 1500 m die K 15 in Richtung 18258 Bandow. 50m vor Waldende Links am Waldweg ist RP</desc>
		<src>Landesforst Mecklenburg-Vorpommern</src>
	</wpt>
	<wpt lat="53.931392649489787" lon="12.294480197316748">
		<name>LRO26-036</name>
		<cmt>18299 Kronskamp Daimler-Benz-Allee in Richtung 18299 Striesdorf fahren, ca. 300 m nach Ortsausgang r</cmt>
		<desc>18299 Kronskamp Daimler-Benz-Allee in Richtung 18299 Striesdorf fahren, ca. 300 m nach Ortsausgang r</desc>
		<src>Landesforst Mecklenburg-Vorpommern</src>
	</wpt>
	<wpt lat="53.929596045363837" lon="12.87334652652101">
		<name>MSE28-010</name>
		<cmt>17159 Brudersdorf, 2,5km Richtung 17159 Dargun, 150m vor Waldende linke Seite</cmt>
		<desc>17159 Brudersdorf, 2,5km Richtung 17159 Dargun, 150m vor Waldende linke Seite</desc>
		<src>Landesforst Mecklenburg-Vorpommern</src>
	</wpt>
	<wpt lat="53.932947619496076" lon="11.871550503593795">
		<name>LRO25-036</name>
		<cmt>Ortseingang Groß Gischow von 18249 Jürgenshagen kommend</cmt>
		<desc>Ortseingang Groß Gischow von 18249 Jürgenshagen kommend</desc>
		<src>Landesforst Mecklenburg-Vorpommern</src>
	</wpt>
	<wpt lat="53.931503835134677" lon="12.792991350268109">
		<name>LRO28-009</name>
		<cmt>17179 Finkenthal, B110 Richtung Dargun, Waldeingang;</cmt>
		<desc>17179 Finkenthal, B110 Richtung Dargun, Waldeingang;</desc>
		<src>Landesforst Mecklenburg-Vorpommern</src>
	</wpt>
	<wpt lat="53.930552199629304" lon="12.929519541604511">
		<name>MSE28-011</name>
		<cmt>auf K36 von 17109 Demmin kommend an der Kreuzung nach Beestland</cmt>
		<desc>auf K36 von 17109 Demmin kommend an der Kreuzung nach Beestland</desc>
		<src>Landesforst Mecklenburg-Vorpommern</src>
	</wpt>
	<wpt lat="53.933562067795258" lon="12.456371604649387">
		<name>LRO27-009</name>
		<cmt>Viepernitz Abzweig Polchower Heide</cmt>
		<desc>Viepernitz Abzweig Polchower Heide</desc>
		<src>Landesforst Mecklenburg-Vorpommern</src>
	</wpt>
	<wpt lat="53.934959971090542" lon="12.049372885970962">
		<name>LRO26-004</name>
		<cmt>Von Ortsmitte 18258 Letschow ( Kreuzung ) 160 m Richtung Süden bis zum Waldanfang.</cmt>
		<desc>Von Ortsmitte 18258 Letschow ( Kreuzung ) 160 m Richtung Süden bis zum Waldanfang.</desc>
		<src>Landesforst Mecklenburg-Vorpommern</src>
	</wpt>
	<wpt lat="53.935626947230169" lon="12.180308081354191">
		<name>LRO26-033</name>
		<cmt>in 18299 Klein Sprenz, vor dem landwirtschaftsbetrieb in Richtung Norden/ 18258 Wiendorf einbiegen,</cmt>
		<desc>in 18299 Klein Sprenz, vor dem landwirtschaftsbetrieb in Richtung Norden/ 18258 Wiendorf einbiegen,</desc>
		<src>Landesforst Mecklenburg-Vorpommern</src>
	</wpt>
	<wpt lat="53.936336436911944" lon="12.239236309193565">
		<name>LRO26-034</name>
		<cmt>von 18299 Striesdorf in Richtung 18299 Friedrichshof ca. 1,5 km fahren, am Waldanfang rechterhand ei</cmt>
		<desc>von 18299 Striesdorf in Richtung 18299 Friedrichshof ca. 1,5 km fahren, am Waldanfang rechterhand ei</desc>
		<src>Landesforst Mecklenburg-Vorpommern</src>
	</wpt>
	<wpt lat="53.917967307801206" lon="14.164387174561437">
		<name>VG32-020</name>
		<cmt>17419 Korswandt; Parkplatz am Wolgastsee</cmt>
		<desc>17419 Korswandt; Parkplatz am Wolgastsee</desc>
		<src>Landesforst Mecklenburg-Vorpommern</src>
	</wpt>
	<wpt lat="53.938039750275848" lon="12.063665015274692">
		<name>LRO26-003</name>
		<cmt>Von 18258 Schwaan die  K 15 bis zum Waldanfang in Richtung 18258 Letschow fahren, dann noch 80 m bis links die Schneise beginnt ist RP</cmt>
		<desc>Von 18258 Schwaan die  K 15 bis zum Waldanfang in Richtung 18258 Letschow fahren, dann noch 80 m bis links die Schneise beginnt ist RP</desc>
		<src>Landesforst Mecklenburg-Vorpommern</src>
	</wpt>
	<wpt lat="53.939368227362237" lon="12.258499305417452">
		<name>LRO26-035</name>
		<cmt>18299 Striesdorf in Richtung 18299 Dolgen fahren, bis Einfahrt Bundeswehrliegenschaft</cmt>
		<desc>18299 Striesdorf in Richtung 18299 Dolgen fahren, bis Einfahrt Bundeswehrliegenschaft</desc>
		<src>Landesforst Mecklenburg-Vorpommern</src>
	</wpt>
	<wpt lat="53.936413506849512" lon="11.031501020382308">
		<name>NWM23-005</name>
		<cmt>23942  Klein Voigtshagen;bei Rankendorfer Str. 7;  23942 Dassow</cmt>
		<desc>23942  Klein Voigtshagen;bei Rankendorfer Str. 7;  23942 Dassow</desc>
		<src>Landesforst Mecklenburg-Vorpommern</src>
	</wpt>
	<wpt lat="53.93987206084757" lon="11.636051115303419">
		<name>NWM24-023</name>
		<cmt>Die B 105 in der Ortschaft 23974 Steinhausen verlassen und in Richtung 23974 Tatow fahren. Am Anfang des Waldes an der Tatower Straße ist RP.</cmt>
		<desc>Die B 105 in der Ortschaft 23974 Steinhausen verlassen und in Richtung 23974 Tatow fahren. Am Anfang des Waldes an der Tatower Straße ist RP.</desc>
		<src>Landesforst Mecklenburg-Vorpommern</src>
	</wpt>
	<wpt lat="53.926046488003493" lon="13.873170312608604">
		<name>VG31-009</name>
		<cmt>17440 Buggenhagen Schulstraße in Richtung Wald, Waldeingang</cmt>
		<desc>17440 Buggenhagen Schulstraße in Richtung Wald, Waldeingang</desc>
		<src>Landesforst Mecklenburg-Vorpommern</src>
	</wpt>
	<wpt lat="53.921645277647471" lon="14.165212516161935">
		<name>VG32-009</name>
		<cmt>17419 Korswandt; Revierförsterei Koswandt; Parkplatz Gothenweg 1</cmt>
		<desc>17419 Korswandt; Revierförsterei Koswandt; Parkplatz Gothenweg 1</desc>
		<src>Landesforst Mecklenburg-Vorpommern</src>
	</wpt>
	<wpt lat="53.92818685233263" lon="13.791311273770095">
		<name>VG31-007</name>
		<cmt>an B110, von 17390 Murchin nach 17440 Lassan, nach ca. 4000 m Abzweig 17390 Lentschow, Wendeschleife</cmt>
		<desc>an B110, von 17390 Murchin nach 17440 Lassan, nach ca. 4000 m Abzweig 17390 Lentschow, Wendeschleife</desc>
		<src>Landesforst Mecklenburg-Vorpommern</src>
	</wpt>
	<wpt lat="53.9413347355406" lon="12.511360786901763">
		<name>LRO27-008</name>
		<cmt>17179 Dalwitz, K37 Richtung Polchow, Griever Holz rechts</cmt>
		<desc>17179 Dalwitz, K37 Richtung Polchow, Griever Holz rechts</desc>
		<src>Landesforst Mecklenburg-Vorpommern</src>
	</wpt>
	<wpt lat="53.94186991069791" lon="12.781777184690579">
		<name>LRO28-008</name>
		<cmt>17179 Finkenthal, Dorfstr. 69, Forstamt Dargun</cmt>
		<desc>17179 Finkenthal, Dorfstr. 69, Forstamt Dargun</desc>
		<src>Landesforst Mecklenburg-Vorpommern</src>
	</wpt>
	<wpt lat="53.924075357113438" lon="14.212628713624479">
		<name>VG32-008</name>
		<cmt>17419 Ahlbeck; Swinemünder Chausee 1 in 17419 Korswandt</cmt>
		<desc>17419 Ahlbeck; Swinemünder Chausee 1 in 17419 Korswandt</desc>
		<src>Landesforst Mecklenburg-Vorpommern</src>
	</wpt>
	<wpt lat="53.94683672313613" lon="12.334403816935795">
		<name>LRO27-023</name>
		<cmt>von 18299 Laage die B108 in Richtung Rostock fahren, nach überquerung der Recknitz nach etwa 1,0 km</cmt>
		<desc>von 18299 Laage die B108 in Richtung Rostock fahren, nach überquerung der Recknitz nach etwa 1,0 km</desc>
		<src>Landesforst Mecklenburg-Vorpommern</src>
	</wpt>
	<wpt lat="53.945325917517373" lon="12.759810233003666">
		<name>LRO28-007</name>
		<cmt>17179 Finkenthal, B110 Richtung Gnoien, Waldeingang rechts</cmt>
		<desc>17179 Finkenthal, B110 Richtung Gnoien, Waldeingang rechts</desc>
		<src>Landesforst Mecklenburg-Vorpommern</src>
	</wpt>
	<wpt lat="53.944613085530051" lon="12.895046338301073">
		<name>MSE28-006</name>
		<cmt>17159 Brudersdorf, 1,2km Richtung 17111 Beestland, Waldeingang</cmt>
		<desc>17159 Brudersdorf, 1,2km Richtung 17111 Beestland, Waldeingang</desc>
		<src>Landesforst Mecklenburg-Vorpommern</src>
	</wpt>
	<wpt lat="53.94715547555883" lon="11.539323900934006">
		<name>NWM24-003</name>
		<cmt>Von der B 105 an der Kreuzung 23974 Stenhausen in die K 33 in Richtung 23974 Alt Farpen fahren.Dann weiter in Richtung 23974 Krusenhagen fahren.Vom Waldanfang noch 260 m bis rechts die Hauptschneise anfängt, dort RP</cmt>
		<desc>Von der B 105 an der Kreuzung 23974 Stenhausen in die K 33 in Richtung 23974 Alt Farpen fahren.Dann weiter in Richtung 23974 Krusenhagen fahren.Vom Waldanfang noch 260 m bis rechts die Hauptschneise anfängt, dort RP</desc>
		<src>Landesforst Mecklenburg-Vorpommern</src>
	</wpt>
	<wpt lat="53.944003396389157" lon="13.035015758737147">
		<name>MSE29-020</name>
		<cmt>Von 17109 Demmin kommend im  Kreisel Meyenkrebs in Richtung Seedorf nach ca 2 km am Waldeingang</cmt>
		<desc>Von 17109 Demmin kommend im  Kreisel Meyenkrebs in Richtung Seedorf nach ca 2 km am Waldeingang</desc>
		<src>Landesforst Mecklenburg-Vorpommern</src>
	</wpt>
	<wpt lat="53.928674167130303" lon="14.184058825003156">
		<name>VG32-007</name>
		<cmt>17419;Ahlbeck;L266 Peilstelle zwischen Ahlbeck und Korswandt</cmt>
		<desc>17419;Ahlbeck;L266 Peilstelle zwischen Ahlbeck und Korswandt</desc>
		<src>Landesforst Mecklenburg-Vorpommern</src>
	</wpt>
	<wpt lat="53.949471255766007" lon="11.771582443319508">
		<name>NWM25-002</name>
		<cmt>Von Goldberg die L104 Richtung 23992 Passe; am Ortseingang Passsee genüber Gemeindezentrum; RP an Buswendeschleife vor Abzweig Tüzen</cmt>
		<desc>Von Goldberg die L104 Richtung 23992 Passe; am Ortseingang Passsee genüber Gemeindezentrum; RP an Buswendeschleife vor Abzweig Tüzen</desc>
		<src>Landesforst Mecklenburg-Vorpommern</src>
	</wpt>
	<wpt lat="53.93282425621468" lon="13.761400478924799">
		<name>VG31-023</name>
		<cmt>von 17390 Krenzow östlich in Richtung Wald, Waldeingang</cmt>
		<desc>von 17390 Krenzow östlich in Richtung Wald, Waldeingang</desc>
		<src>Landesforst Mecklenburg-Vorpommern</src>
	</wpt>
	<wpt lat="53.951755542816173" lon="11.57713228517609">
		<name>NWM24-002</name>
		<cmt>Von der B105 an der Ampelkreuzung  23974 Steinhausen die  K33 Richtung Neuburg fahren.Hinter Neuburg am Abzweig 23974 Kartlow ist RP am Waldrand.</cmt>
		<desc>Von der B105 an der Ampelkreuzung  23974 Steinhausen die  K33 Richtung Neuburg fahren.Hinter Neuburg am Abzweig 23974 Kartlow ist RP am Waldrand.</desc>
		<src>Landesforst Mecklenburg-Vorpommern</src>
	</wpt>
	<wpt lat="53.954461512887463" lon="12.169557828732701">
		<name>LRO26-045</name>
		<cmt>Von 18258 Wiendorf nördlich die Hauptstraße entlang bis Abzweig rechts Sabeler Straße, dann 1250 m in Richtung 18299 Sabel b.z.w. A 19, nach 1250 m an der Kreuzung 150 m links/ nördlich bis Anfang Wald, dort RP</cmt>
		<desc>Von 18258 Wiendorf nördlich die Hauptstraße entlang bis Abzweig rechts Sabeler Straße, dann 1250 m in Richtung 18299 Sabel b.z.w. A 19, nach 1250 m an der Kreuzung 150 m links/ nördlich bis Anfang Wald, dort RP</desc>
		<src>Landesforst Mecklenburg-Vorpommern</src>
	</wpt>
	<wpt lat="53.946006966070485" lon="13.540443034519519">
		<name>VG30-022</name>
		<cmt>17495 Ranzin in Richtung Gut zum Schloßwald, Waldeingang</cmt>
		<desc>17495 Ranzin in Richtung Gut zum Schloßwald, Waldeingang</desc>
		<src>Landesforst Mecklenburg-Vorpommern</src>
	</wpt>
	<wpt lat="53.941812877986798" lon="13.869135184586767">
		<name>VG31-005</name>
		<cmt>von 17440 Lassan in Richrung Stadtwald "Heidberg", Waldeingang</cmt>
		<desc>von 17440 Lassan in Richrung Stadtwald "Heidberg", Waldeingang</desc>
		<src>Landesforst Mecklenburg-Vorpommern</src>
	</wpt>
	<wpt lat="53.956867681747994" lon="11.523209643674596">
		<name>NWM24-001</name>
		<cmt>Von der B 105 an der Kreuzung 23974 Stenhausen in die K 33 in Richtung 23974 Alt Farpen fahren.Dann weiter in Richtung 23974 Krusenhagen fahren.Vom Waldanfang noch 260 m bis rechts die Hauptschneise anfängt, dort RP 4147, dann 1800 m der Hauptschnei</cmt>
		<desc>Von der B 105 an der Kreuzung 23974 Stenhausen in die K 33 in Richtung 23974 Alt Farpen fahren.Dann weiter in Richtung 23974 Krusenhagen fahren.Vom Waldanfang noch 260 m bis rechts die Hauptschneise anfängt, dort RP 4147, dann 1800 m der Hauptschnei</desc>
		<src>Landesforst Mecklenburg-Vorpommern</src>
	</wpt>
	<wpt lat="53.947267064066679" lon="13.627776694228251">
		<name>VG30-021</name>
		<cmt>B109 von 17495 Karlsburg in Richtung 17390 Klein Bünzow, am Waldende links in Richung 17495 Pamitz, am Waldeingang</cmt>
		<desc>B109 von 17495 Karlsburg in Richtung 17390 Klein Bünzow, am Waldende links in Richung 17495 Pamitz, am Waldeingang</desc>
		<src>Landesforst Mecklenburg-Vorpommern</src>
	</wpt>
	<wpt lat="53.95599133326661" lon="12.857392551013948">
		<name>MSE28-005</name>
		<cmt>17159 Brudersdorf, Richtung 17159 Groß Methling, nach 1,2km amWaldanfang</cmt>
		<desc>17159 Brudersdorf, Richtung 17159 Groß Methling, nach 1,2km amWaldanfang</desc>
		<src>Landesforst Mecklenburg-Vorpommern</src>
	</wpt>
	<wpt lat="53.957408495441825" lon="12.805868372571441">
		<name>MSE28-004</name>
		<cmt>17159 Stubbendorf, 900m Richtung 17159 Klein Methling, 150m hinter Waldbeginn rechts</cmt>
		<desc>17159 Stubbendorf, 900m Richtung 17159 Klein Methling, 150m hinter Waldbeginn rechts</desc>
		<src>Landesforst Mecklenburg-Vorpommern</src>
	</wpt>
	<wpt lat="53.960421562497601" lon="12.547093050064916">
		<name>LRO27-006</name>
		<cmt>17179 Walkendorf, L232 Richtung Woltow, ehemaliger Sportplatz;;</cmt>
		<desc>17179 Walkendorf, L232 Richtung Woltow, ehemaliger Sportplatz;;</desc>
		<src>Landesforst Mecklenburg-Vorpommern</src>
	</wpt>
	<wpt lat="53.945917253637035" lon="14.099533482820805">
		<name>VG32-005</name>
		<cmt>17429;Benz;K 35 Benz-Bansin / Abzweig Sellin Bushaltestelle - Spukkreuzung</cmt>
		<desc>17429;Benz;K 35 Benz-Bansin / Abzweig Sellin Bushaltestelle - Spukkreuzung</desc>
		<src>Landesforst Mecklenburg-Vorpommern</src>
	</wpt>
	<wpt lat="53.954754601325241" lon="13.565164406507911">
		<name>VG30-006</name>
		<cmt>17495 Oldenburg in Richtung Wald, Waldeingang</cmt>
		<desc>17495 Oldenburg in Richtung Wald, Waldeingang</desc>
		<src>Landesforst Mecklenburg-Vorpommern</src>
	</wpt>
	<wpt lat="53.965643619056785" lon="11.845549005851584">
		<name>LRO25-033</name>
		<cmt>Im Ort 18239 Radegast von der L10 in den Lindenweg abbiegen, dann bis Abzweig Fadengrund, dort RP</cmt>
		<desc>Im Ort 18239 Radegast von der L10 in den Lindenweg abbiegen, dann bis Abzweig Fadengrund, dort RP</desc>
		<src>Landesforst Mecklenburg-Vorpommern</src>
	</wpt>
	<wpt lat="53.961773254771209" lon="13.03225263668619">
		<name>MSE29-004</name>
		<cmt>Von 17109 Demmin kommend im  Kreisel Meyenkrebs in Richtung Seedorf nach ca 2 km am Waldeingang</cmt>
		<desc>Von 17109 Demmin kommend im  Kreisel Meyenkrebs in Richtung Seedorf nach ca 2 km am Waldeingang</desc>
		<src>Landesforst Mecklenburg-Vorpommern</src>
	</wpt>
	<wpt lat="53.947493026601009" lon="14.154381340672337">
		<name>VG32-004</name>
		<cmt>17424;Heringsdorf;Bahnübergang Gothen - Heringsdorf</cmt>
		<desc>17424;Heringsdorf;Bahnübergang Gothen - Heringsdorf</desc>
		<src>Landesforst Mecklenburg-Vorpommern</src>
	</wpt>
	<wpt lat="53.966794447245746" lon="12.158355305450304">
		<name>LRO26-046</name>
		<cmt>Von,18258 Wiendorf Hauptstraße Richtung Norden in Richtung  18258 Zeez, vom Abzweig Zeez ( nicht nach Zeez ) 920 m weiter Norden in den Schulweg, am Waldeingang ist RP</cmt>
		<desc>Von,18258 Wiendorf Hauptstraße Richtung Norden in Richtung  18258 Zeez, vom Abzweig Zeez ( nicht nach Zeez ) 920 m weiter Norden in den Schulweg, am Waldeingang ist RP</desc>
		<src>Landesforst Mecklenburg-Vorpommern</src>
	</wpt>
	<wpt lat="53.963542914333338" lon="11.094557040352541">
		<name>NWM23-002</name>
		<cmt>Waldkreuzung mit Wanderhütte;liegt zwischen  23948 Hohen Schönberg NW (2,5 km) und Kalkstein S (2,3 km)</cmt>
		<desc>Waldkreuzung mit Wanderhütte;liegt zwischen  23948 Hohen Schönberg NW (2,5 km) und Kalkstein S (2,3 km)</desc>
		<src>Landesforst Mecklenburg-Vorpommern</src>
	</wpt>
	<wpt lat="53.966898488364308" lon="12.197157738187983">
		<name>LRO26-001</name>
		<cmt>18299 Sabel in Richtung 18258 Wiendorf fahren, 200 hinter der Autobahnbrücke nördlich abbiegen und</cmt>
		<desc>18299 Sabel in Richtung 18258 Wiendorf fahren, 200 hinter der Autobahnbrücke nördlich abbiegen und</desc>
		<src>Landesforst Mecklenburg-Vorpommern</src>
	</wpt>
	<wpt lat="53.966632592818897" lon="12.358030129478839">
		<name>LRO27-005</name>
		<cmt>In 18195 Cammin den "Am Holzweg" einfahren, in den Wald und dann noch etwa 1100 m bis  Wegekreuz (LKW-Weg)</cmt>
		<desc>In 18195 Cammin den "Am Holzweg" einfahren, in den Wald und dann noch etwa 1100 m bis  Wegekreuz (LKW-Weg)</desc>
		<src>Landesforst Mecklenburg-Vorpommern</src>
	</wpt>
	<wpt lat="53.96635823343945" lon="11.550271929340793">
		<name>NWM24-024</name>
		<cmt>Im Ort 23974 Robertsdorf am Forsthaus Nr. 22 a, dort ist auf der Forstwiese an der K33 RP.</cmt>
		<desc>Im Ort 23974 Robertsdorf am Forsthaus Nr. 22 a, dort ist auf der Forstwiese an der K33 RP.</desc>
		<src>Landesforst Mecklenburg-Vorpommern</src>
	</wpt>
	<wpt lat="53.96746528234177" lon="12.204718274680662">
		<name>LRO26-032</name>
		<cmt>18299 Kankel in Richtung 18299 Sabel Ausbau fahren bis 300 m vor dem Wald, Abzweig einzelnes Wohnhau</cmt>
		<desc>18299 Kankel in Richtung 18299 Sabel Ausbau fahren bis 300 m vor dem Wald, Abzweig einzelnes Wohnhau</desc>
		<src>Landesforst Mecklenburg-Vorpommern</src>
	</wpt>
	<wpt lat="53.967586947756431" lon="11.76581614273776">
		<name>NWM25-032</name>
		<cmt>Von 23992 Passee die L104 nördlich bis Waldschneise Abzweig westlich zum Ort Höltingsdorf. Ab dieser Schneise noch 30 m rechts östlich bis zum alten Pappeldamm, dort RP</cmt>
		<desc>Von 23992 Passee die L104 nördlich bis Waldschneise Abzweig westlich zum Ort Höltingsdorf. Ab dieser Schneise noch 30 m rechts östlich bis zum alten Pappeldamm, dort RP</desc>
		<src>Landesforst Mecklenburg-Vorpommern</src>
	</wpt>
	<wpt lat="53.966015780191185" lon="11.21724043106305">
		<name>NWM23-001</name>
		<cmt>Waldeingang ;23948 Christinenfeld (Klütz) SW , Abfahrt von der L01</cmt>
		<desc>Waldeingang ;23948 Christinenfeld (Klütz) SW , Abfahrt von der L01</desc>
		<src>Landesforst Mecklenburg-Vorpommern</src>
	</wpt>
	<wpt lat="53.96424165485066" lon="13.601054271653743">
		<name>VG30-004</name>
		<cmt>B 109, 17495 Karlsburg in Richtung 17495 Nepzin, am Ortsausgang Karlsburg, Kirschenweg in Richtung Wald, WAldeingengKirschenweg, Waldeingang</cmt>
		<desc>B 109, 17495 Karlsburg in Richtung 17495 Nepzin, am Ortsausgang Karlsburg, Kirschenweg in Richtung Wald, WAldeingengKirschenweg, Waldeingang</desc>
		<src>Landesforst Mecklenburg-Vorpommern</src>
	</wpt>
	<wpt lat="53.969168778587736" lon="13.225814213394838">
		<name>VG29-003</name>
		<cmt>Von 17121 Vierow Ortsausgang in Richtung 17121 Passow; Feldweg auf rechten Seite ca 2km bis zum Waldeingang</cmt>
		<desc>Von 17121 Vierow Ortsausgang in Richtung 17121 Passow; Feldweg auf rechten Seite ca 2km bis zum Waldeingang</desc>
		<src>Landesforst Mecklenburg-Vorpommern</src>
	</wpt>
	<wpt lat="53.964028838133942" lon="13.757217487347983">
		<name>VG31-004</name>
		<cmt>L26 von 17440 Zemitz in Richtung 17390 Buggow im Ort Zemitz an der alten schule in Richtung Wald, Waldeingang</cmt>
		<desc>L26 von 17440 Zemitz in Richtung 17390 Buggow im Ort Zemitz an der alten schule in Richtung Wald, Waldeingang</desc>
		<src>Landesforst Mecklenburg-Vorpommern</src>
	</wpt>
	<wpt lat="53.966058397555102" lon="13.638205468557651">
		<name>VG30-003</name>
		<cmt>öffentlicher Weg von 17495 Steinfurth zur B109 in Richtung, Waldeingang</cmt>
		<desc>öffentlicher Weg von 17495 Steinfurth zur B109 in Richtung, Waldeingang</desc>
		<src>Landesforst Mecklenburg-Vorpommern</src>
	</wpt>
	<wpt lat="53.972808787567068" lon="13.062816585500647">
		<name>VG29-002</name>
		<cmt>In Ortslage 17121 Rustow auf der Kronwaldstraße bis zum Waldeingang fahren, dann rechts abbiegen und dem Weg für ca. 150 m folgen, bis zur Revierförsterei</cmt>
		<desc>In Ortslage 17121 Rustow auf der Kronwaldstraße bis zum Waldeingang fahren, dann rechts abbiegen und dem Weg für ca. 150 m folgen, bis zur Revierförsterei</desc>
		<src>Landesforst Mecklenburg-Vorpommern</src>
	</wpt>
	<wpt lat="53.977941790157089" lon="12.370820884014302">
		<name>LRO27-003</name>
		<cmt>In Cammin den "Am Holzweg" einfahren, in den Wald und dann noch etwa 1100 m bis  Wegekreuz (LKW-Weg)</cmt>
		<desc>In Cammin den "Am Holzweg" einfahren, in den Wald und dann noch etwa 1100 m bis  Wegekreuz (LKW-Weg)</desc>
		<src>Landesforst Mecklenburg-Vorpommern</src>
	</wpt>
	<wpt lat="53.976775253965968" lon="12.667114881296094">
		<name>LRO28-003</name>
		<cmt>B110, 1,8km von 17179 Gnoien , Richtung 17179 Klein Nieköhr, Waldeingang rechts</cmt>
		<desc>B110, 1,8km von 17179 Gnoien , Richtung 17179 Klein Nieköhr, Waldeingang rechts</desc>
		<src>Landesforst Mecklenburg-Vorpommern</src>
	</wpt>
	<wpt lat="53.966793999644686" lon="13.728912172062666">
		<name>VG31-003</name>
		<cmt>L26 zwischen 17440 Zemitz, ca. 900 m in Richtung 17390 Buggow am Heidberg rechts in Richtung Wald, Waldeingang</cmt>
		<desc>L26 zwischen 17440 Zemitz, ca. 900 m in Richtung 17390 Buggow am Heidberg rechts in Richtung Wald, Waldeingang</desc>
		<src>Landesforst Mecklenburg-Vorpommern</src>
	</wpt>
	<wpt lat="53.979220298846187" lon="12.327261342471086">
		<name>LRO26-041</name>
		<cmt>18299 Teschow in Richtung 18195 Cammin fahren, vor dem Silo rechts einbiegen, bis vor das Silo</cmt>
		<desc>18299 Teschow in Richtung 18195 Cammin fahren, vor dem Silo rechts einbiegen, bis vor das Silo</desc>
		<src>Landesforst Mecklenburg-Vorpommern</src>
	</wpt>
	<wpt lat="53.971105587787932" lon="13.675457692023912">
		<name>VG31-024</name>
		<cmt>Landeswald, Südl. Grenze Abt 2261, Waldeingang, von Pamitz kommend Richtung Norden</cmt>
		<desc>Landeswald, Südl. Grenze Abt 2261, Waldeingang, von Pamitz kommend Richtung Norden</desc>
		<src>Landesforst Mecklenburg-Vorpommern</src>
	</wpt>
	<wpt lat="53.983447955627618" lon="12.394751760169719">
		<name>LRO27-030</name>
		<cmt>18195 Eickhof 800 m südlich in Richtung 18299 Goritz fahren, 2. Waldeinfahrt Westl.</cmt>
		<desc>18195 Eickhof 800 m südlich in Richtung 18299 Goritz fahren, 2. Waldeinfahrt Westl.</desc>
		<src>Landesforst Mecklenburg-Vorpommern</src>
	</wpt>
	<wpt lat="53.983584856574723" lon="12.439906069689542">
		<name>LRO27-002</name>
		<cmt>18299 Goritz, L18 Richtung Vilz, 2 km  hinter Ortsausgang Goritz;;</cmt>
		<desc>18299 Goritz, L18 Richtung Vilz, 2 km  hinter Ortsausgang Goritz;;</desc>
		<src>Landesforst Mecklenburg-Vorpommern</src>
	</wpt>
	<wpt lat="53.981643374592338" lon="12.814625848589849">
		<name>MSE28-002</name>
		<cmt>17159 Klein Methling, 1,2km Richtung Nehringen an Waldwendeschleife</cmt>
		<desc>17159 Klein Methling, 1,2km Richtung Nehringen an Waldwendeschleife</desc>
		<src>Landesforst Mecklenburg-Vorpommern</src>
	</wpt>
	<wpt lat="53.983295152035296" lon="13.021397813571655">
		<name>VG29-001</name>
		<cmt>von 17121 Rustow nach 17121 Toitz in der 90°-Kurve 1,1km hinter dem Bahnhof</cmt>
		<desc>von 17121 Rustow nach 17121 Toitz in der 90°-Kurve 1,1km hinter dem Bahnhof</desc>
		<src>Landesforst Mecklenburg-Vorpommern</src>
	</wpt>
	<wpt lat="53.971992675636727" lon="14.117296263006471">
		<name>VG32-003</name>
		<cmt>17429;Bansin;L 266 Parkplatz Dreiaugen von Ückeritz kurz vor Bansin</cmt>
		<desc>17429;Bansin;L 266 Parkplatz Dreiaugen von Ückeritz kurz vor Bansin</desc>
		<src>Landesforst Mecklenburg-Vorpommern</src>
	</wpt>
	<wpt lat="53.97905059612102" lon="13.691704454797048">
		<name>VG31-021</name>
		<cmt>K 19, von 17438 Buddenhagen nach 17390 Wahlendow im Wald, Kreuzung Kettenweg linke Seite</cmt>
		<desc>K 19, von 17438 Buddenhagen nach 17390 Wahlendow im Wald, Kreuzung Kettenweg linke Seite</desc>
		<src>Landesforst Mecklenburg-Vorpommern</src>
	</wpt>
	<wpt lat="53.990871966542507" lon="12.561244845673093">
		<name>LRO27-001</name>
		<cmt>17179 Basse, Richtung 17168 Woltow, am Waldeingang</cmt>
		<desc>17179 Basse, Richtung 17168 Woltow, am Waldeingang</desc>
		<src>Landesforst Mecklenburg-Vorpommern</src>
	</wpt>
	<wpt lat="53.991480732281133" lon="12.349904486710786">
		<name>LRO27-031</name>
		<cmt>18195 Cammin, südlich der Kirche in Weg " An`n Pauhl" einbiegen und gerade durchfahren bis Sportpla</cmt>
		<desc>18195 Cammin, südlich der Kirche in Weg " An`n Pauhl" einbiegen und gerade durchfahren bis Sportpla</desc>
		<src>Landesforst Mecklenburg-Vorpommern</src>
	</wpt>
	<wpt lat="53.991317056003645" lon="11.377707468572476">
		<name>NWM24-025</name>
		<cmt>Auf Insel Poel die L121  Richtung 2399 Timmendorf fahren.nach Anfang der Bebauung noch 230m bis Straße "Fischerstieg"; bis zum Hafen noch 100m</cmt>
		<desc>Auf Insel Poel die L121  Richtung 2399 Timmendorf fahren.nach Anfang der Bebauung noch 230m bis Straße "Fischerstieg"; bis zum Hafen noch 100m</desc>
		<src>Landesforst Mecklenburg-Vorpommern</src>
	</wpt>
	<wpt lat="53.981022566424649" lon="14.094504987094478">
		<name>VG32-002</name>
		<cmt>17429;Bansin;L 266 Parktasche Dachsberg am Schmollensee</cmt>
		<desc>17429;Bansin;L 266 Parktasche Dachsberg am Schmollensee</desc>
		<src>Landesforst Mecklenburg-Vorpommern</src>
	</wpt>
	<wpt lat="53.9853850099732" lon="13.828702262271246">
		<name>VG31-022</name>
		<cmt>von 17440 Wehrland in Richtung Bauerberg, Waldeingang an der Kleingartenanlage</cmt>
		<desc>von 17440 Wehrland in Richtung Bauerberg, Waldeingang an der Kleingartenanlage</desc>
		<src>Landesforst Mecklenburg-Vorpommern</src>
	</wpt>
	<wpt lat="54.000263225067442" lon="12.507188872494678">
		<name>LRO16-038</name>
		<cmt>18195 Reddershof, Landweg Richtung Woltow, Waldeingang;;</cmt>
		<desc>18195 Reddershof, Landweg Richtung Woltow, Waldeingang;;</desc>
		<src>Landesforst Mecklenburg-Vorpommern</src>
	</wpt>
	<wpt lat="54.003280883865415" lon="11.775686929967966">
		<name>LRO14-019</name>
		<cmt>Von 18236 Alt Karin die K1 in Richtung 18236 Danneborth , vom Waldanfang noch 100 m an der Einfahrt der Schneise ist RP.</cmt>
		<desc>Von 18236 Alt Karin die K1 in Richtung 18236 Danneborth , vom Waldanfang noch 100 m an der Einfahrt der Schneise ist RP.</desc>
		<src>Landesforst Mecklenburg-Vorpommern</src>
	</wpt>
	<wpt lat="54.003823116424222" lon="11.918731338983267">
		<name>LRO14-018</name>
		<cmt>Von 18239 Satow in Richtung 18239 Püschow. Am Waldanfang rechts in die Hauptschneise abbiegen. Vom Anfang Schneise an der ²Alten Försterei² vorbei  670 m m bis an die Abfuhrschneise, dann rechts südlich noch 260 m bis R.P.</cmt>
		<desc>Von 18239 Satow in Richtung 18239 Püschow. Am Waldanfang rechts in die Hauptschneise abbiegen. Vom Anfang Schneise an der ²Alten Försterei² vorbei  670 m m bis an die Abfuhrschneise, dann rechts südlich noch 260 m bis R.P.</desc>
		<src>Landesforst Mecklenburg-Vorpommern</src>
	</wpt>
	<wpt lat="54.005248844308362" lon="12.37055780884357">
		<name>LRO16-043</name>
		<cmt>18195 Cammin, Kokendorfer Weg einfahren i.Ri. Norden, vorbei an der Försterei und rechtshalten, etw</cmt>
		<desc>18195 Cammin, Kokendorfer Weg einfahren i.Ri. Norden, vorbei an der Försterei und rechtshalten, etw</desc>
		<src>Landesforst Mecklenburg-Vorpommern</src>
	</wpt>
	<wpt lat="54.005782280128273" lon="11.662237888824771">
		<name>LRO13-001</name>
		<cmt>Von 18233 Neubukow die B105 in den Panzower Landweg fahren.Am Ortsausgang Panzow am Waldende ist RP.</cmt>
		<desc>Von 18233 Neubukow die B105 in den Panzower Landweg fahren.Am Ortsausgang Panzow am Waldende ist RP.</desc>
		<src>Landesforst Mecklenburg-Vorpommern</src>
	</wpt>
	<wpt lat="54.006831833464879" lon="12.466203176639464">
		<name>LRO16-037</name>
		<cmt>18195 Vogelsang,  von L18 kommend;Abfahrt zum Schießstand;</cmt>
		<desc>18195 Vogelsang,  von L18 kommend;Abfahrt zum Schießstand;</desc>
		<src>Landesforst Mecklenburg-Vorpommern</src>
	</wpt>
	<wpt lat="53.996638158978719" lon="13.718188671557485">
		<name>VG31-001</name>
		<cmt>L26 in Richtung 17440 Hohensee, Buddenhagener Weg rechts hoch in Richtung Wald, Waldeingang</cmt>
		<desc>L26 in Richtung 17440 Hohensee, Buddenhagener Weg rechts hoch in Richtung Wald, Waldeingang</desc>
		<src>Landesforst Mecklenburg-Vorpommern</src>
	</wpt>
	<wpt lat="53.998267489737522" lon="13.646634441545348">
		<name>VG30-001</name>
		<cmt>17495 Lühmannsdorf, OT Giesekenhagen, in Richtung Waldweg nach Hohendorf, Waldeingang</cmt>
		<desc>17495 Lühmannsdorf, OT Giesekenhagen, in Richtung Waldweg nach Hohendorf, Waldeingang</desc>
		<src>Landesforst Mecklenburg-Vorpommern</src>
	</wpt>
	<wpt lat="54.011131281917187" lon="12.117752296879743">
		<name>LRO15-032</name>
		<cmt>Von Gemeinde 18059 Pölchow  auf der Rostocker Straße L132a in die Bahnhofsstraße östlich abbbiegen, ab Waldanfang 450 m bis RP</cmt>
		<desc>Von Gemeinde 18059 Pölchow  auf der Rostocker Straße L132a in die Bahnhofsstraße östlich abbbiegen, ab Waldanfang 450 m bis RP</desc>
		<src>Landesforst Mecklenburg-Vorpommern</src>
	</wpt>
	<wpt lat="54.012789761939842" lon="11.966690559428633">
		<name>LRO14-045</name>
		<cmt>Vom Kreisel Clausdorf die L10 (Wismarsche Str.) in Richtung 18239 Anna Luiesenhof, in Anna L. links ,südlich den ²Waldweg² entlang bis zum Waldende, dort RP.</cmt>
		<desc>Vom Kreisel Clausdorf die L10 (Wismarsche Str.) in Richtung 18239 Anna Luiesenhof, in Anna L. links ,südlich den ²Waldweg² entlang bis zum Waldende, dort RP.</desc>
		<src>Landesforst Mecklenburg-Vorpommern</src>
	</wpt>
	<wpt lat="54.013588121246521" lon="11.619220543559525">
		<name>LRO13-011</name>
		<cmt>Im Ort 18233 Questin, Abzweig Waldstraße am Waldrand ist RP</cmt>
		<desc>Im Ort 18233 Questin, Abzweig Waldstraße am Waldrand ist RP</desc>
		<src>Landesforst Mecklenburg-Vorpommern</src>
	</wpt>
	<wpt lat="54.002507200175366" lon="13.683361877784318">
		<name>VG20-020</name>
		<cmt>17438 Buddenhagen, von B111 kommend, vor dem  Bahnübergang  links, Sitzecke "An der Linde" Waldeingang</cmt>
		<desc>17438 Buddenhagen, von B111 kommend, vor dem  Bahnübergang  links, Sitzecke "An der Linde" Waldeingang</desc>
		<src>Landesforst Mecklenburg-Vorpommern</src>
	</wpt>
	<wpt lat="54.014028725544662" lon="11.429773485437131">
		<name>NWM13-012</name>
		<cmt>Auf Insel Poel die L121 in Richtung Schwarzen Busch fahren, im Ort am Kreisverkehr, Nähe Rehaklinik ist RP</cmt>
		<desc>Auf Insel Poel die L121 in Richtung Schwarzen Busch fahren, im Ort am Kreisverkehr, Nähe Rehaklinik ist RP</desc>
		<src>Landesforst Mecklenburg-Vorpommern</src>
	</wpt>
	<wpt lat="54.000724016613859" lon="14.066854255978205">
		<name>VG21-002</name>
		<cmt>17459;Ückeritz;B 111 Parktasche K - Gestell</cmt>
		<desc>17459;Ückeritz;B 111 Parktasche K - Gestell</desc>
		<src>Landesforst Mecklenburg-Vorpommern</src>
	</wpt>
	<wpt lat="54.018526288480807" lon="12.119326952452553">
		<name>LRO15-033</name>
		<cmt>Von 18059 Pölchow nördlich die Rostocker Straße 230 m entlang, dann ostlich abbiegen auch die Rostocker Straße in den Weg An der alten Ziegelei abbiegen, von dort noch 430 m bis Schneise Waldanfang, Schneise noch 50m dann RP</cmt>
		<desc>Von 18059 Pölchow nördlich die Rostocker Straße 230 m entlang, dann ostlich abbiegen auch die Rostocker Straße in den Weg An der alten Ziegelei abbiegen, von dort noch 430 m bis Schneise Waldanfang, Schneise noch 50m dann RP</desc>
		<src>Landesforst Mecklenburg-Vorpommern</src>
	</wpt>
	<wpt lat="54.023280593765591" lon="12.412658605003456">
		<name>LRO16-042</name>
		<cmt>18195 Weitendorf, Feldweg  in Richtung Nordwesten fahren, 200 m vor Waldeingang an Wegekreuz</cmt>
		<desc>18195 Weitendorf, Feldweg  in Richtung Nordwesten fahren, 200 m vor Waldeingang an Wegekreuz</desc>
		<src>Landesforst Mecklenburg-Vorpommern</src>
	</wpt>
	<wpt lat="54.014564056208009" lon="13.65432028549413">
		<name>VG19-032</name>
		<cmt>17495 Lühmannsdorf, an B111 hinter Ortsschild Lühmannsdorf in Richtung Wolgast auf Parkplatz gegenüber Gaststätte Jagdkrug</cmt>
		<desc>17495 Lühmannsdorf, an B111 hinter Ortsschild Lühmannsdorf in Richtung Wolgast auf Parkplatz gegenüber Gaststätte Jagdkrug</desc>
		<src>Landesforst Mecklenburg-Vorpommern</src>
	</wpt>
	<wpt lat="54.028343246828406" lon="12.052963915451405">
		<name>LRO15-035</name>
		<cmt>Von Ortsausgang südlich 18198 Klein Stove den Heideweg in Richtung 18059 Buchholz-Heide in den Fahrenholzer Weg, an der Kreuzung westlich zum Fahrenholzer Wald über der Brücke der B 103, ab Waldanfang noch 150 m bis zum RP</cmt>
		<desc>Von Ortsausgang südlich 18198 Klein Stove den Heideweg in Richtung 18059 Buchholz-Heide in den Fahrenholzer Weg, an der Kreuzung westlich zum Fahrenholzer Wald über der Brücke der B 103, ab Waldanfang noch 150 m bis zum RP</desc>
		<src>Landesforst Mecklenburg-Vorpommern</src>
	</wpt>
	<wpt lat="54.019835307551439" lon="13.442238273865334">
		<name>VG19-029</name>
		<cmt>von 17498 Groß Kiesow über Sanz Hof V und Försterei zum Waldeingang</cmt>
		<desc>von 17498 Groß Kiesow über Sanz Hof V und Försterei zum Waldeingang</desc>
		<src>Landesforst Mecklenburg-Vorpommern</src>
	</wpt>
	<wpt lat="54.02895780331265" lon="12.021787252972276">
		<name>LRO15-036</name>
		<cmt>Von 18198 Stäbelow den Stäbelower Weg in Richtung 18059 Fahrenholz fahren, ab Waldanfang 230 m an Wegkreuzung ist RP</cmt>
		<desc>Von 18198 Stäbelow den Stäbelower Weg in Richtung 18059 Fahrenholz fahren, ab Waldanfang 230 m an Wegkreuzung ist RP</desc>
		<src>Landesforst Mecklenburg-Vorpommern</src>
	</wpt>
	<wpt lat="54.029301564283209" lon="12.003988722866891">
		<name>LRO15-037</name>
		<cmt>Von 18198 Stäbelow den Stäbelower Weg in Richtung 18059 Fahrenholz fahren, ab Waldanfang 230 m bis  Wegkreuzung  (RP2230333)  dann westlich , rechts in die Waldschneise  ca.1140 m fahren. Ende Schneise ist RP</cmt>
		<desc>Von 18198 Stäbelow den Stäbelower Weg in Richtung 18059 Fahrenholz fahren, ab Waldanfang 230 m bis  Wegkreuzung  (RP2230333)  dann westlich , rechts in die Waldschneise  ca.1140 m fahren. Ende Schneise ist RP</desc>
		<src>Landesforst Mecklenburg-Vorpommern</src>
	</wpt>
	<wpt lat="54.032359046440412" lon="12.043050861538758">
		<name>LRO15-015</name>
		<cmt>Anfaht über die B 103 oder A 20 Abfahrt Kritzmow zuerst in das Gewerbegebiet 18198 Stäbelow. Dann zum Plattenweg 1 an der Forstfeierscheune vorbei über die Brücke der A 20 Richtung wald. Vom Waldanfang noch 560 m bis zur ersten großen Kreuzung i</cmt>
		<desc>Anfaht über die B 103 oder A 20 Abfahrt Kritzmow zuerst in das Gewerbegebiet 18198 Stäbelow. Dann zum Plattenweg 1 an der Forstfeierscheune vorbei über die Brücke der A 20 Richtung wald. Vom Waldanfang noch 560 m bis zur ersten großen Kreuzung i</desc>
		<src>Landesforst Mecklenburg-Vorpommern</src>
	</wpt>
	<wpt lat="54.035223234099874" lon="12.069936545883603">
		<name>LRO15-034</name>
		<cmt>Von 18198 Klein Stove Ortsausgang 160 m Südlich den Heideweg entlang Richtung 18059 Buchholz , dann östlich in die Alte Wariner Landstraße abbiegen, von dort noch 360 m bis Waldanfang dort RP</cmt>
		<desc>Von 18198 Klein Stove Ortsausgang 160 m Südlich den Heideweg entlang Richtung 18059 Buchholz , dann östlich in die Alte Wariner Landstraße abbiegen, von dort noch 360 m bis Waldanfang dort RP</desc>
		<src>Landesforst Mecklenburg-Vorpommern</src>
	</wpt>
	<wpt lat="54.027963055259562" lon="13.401494498118742">
		<name>VG19-028</name>
		<cmt>von 17498 Weitenhagen nach 17498 Behrenhoff den Behrenhofer Weg durch den Wald, Waldausgang Rechts</cmt>
		<desc>von 17498 Weitenhagen nach 17498 Behrenhoff den Behrenhofer Weg durch den Wald, Waldausgang Rechts</desc>
		<src>Landesforst Mecklenburg-Vorpommern</src>
	</wpt>
	<wpt lat="54.028841063266782" lon="13.325712469789291">
		<name>VG18-030</name>
		<cmt>17498 Sestelin in nördl. Richtung zum Wald_Punkt am Waldeingang</cmt>
		<desc>17498 Sestelin in nördl. Richtung zum Wald_Punkt am Waldeingang</desc>
		<src>Landesforst Mecklenburg-Vorpommern</src>
	</wpt>
	<wpt lat="54.036825041807596" lon="11.889461028157319">
		<name>LRO14-017</name>
		<cmt>Von 18211 Retschow die K5 in Richtung 18236 Reinshagen.Ab Waldanfang 360 m bis zur einzigen Waldkreuzung, dann rechts SW abbiegen am Ende der Schneise an der Wendeschleife ist RP.</cmt>
		<desc>Von 18211 Retschow die K5 in Richtung 18236 Reinshagen.Ab Waldanfang 360 m bis zur einzigen Waldkreuzung, dann rechts SW abbiegen am Ende der Schneise an der Wendeschleife ist RP.</desc>
		<src>Landesforst Mecklenburg-Vorpommern</src>
	</wpt>
	<wpt lat="54.024702513633166" lon="13.715879414163528">
		<name>VG20-018</name>
		<cmt>17438 Hohendorf, Buddenhagener Weg in Richtung Wald, Waldeingang</cmt>
		<desc>17438 Hohendorf, Buddenhagener Weg in Richtung Wald, Waldeingang</desc>
		<src>Landesforst Mecklenburg-Vorpommern</src>
	</wpt>
	<wpt lat="54.031783270558066" lon="13.212052388288114">
		<name>VG18-022</name>
		<cmt>von 17121 Sassen in Richtung 17121 Klein Zedenitz Waldanfang auf der rechten Straßenseite</cmt>
		<desc>von 17121 Sassen in Richtung 17121 Klein Zedenitz Waldanfang auf der rechten Straßenseite</desc>
		<src>Landesforst Mecklenburg-Vorpommern</src>
	</wpt>
	<wpt lat="54.028732802312739" lon="13.554634211249128">
		<name>VG19-010</name>
		<cmt>B109 von Gladrow in Richtung 17509 Hanshagen, Waldeingang an der Bushaltestelle</cmt>
		<desc>B109 von Gladrow in Richtung 17509 Hanshagen, Waldeingang an der Bushaltestelle</desc>
		<src>Landesforst Mecklenburg-Vorpommern</src>
	</wpt>
	<wpt lat="54.040375346737797" lon="12.170457257149611">
		<name>LRO15-020</name>
		<cmt>18196 Niex in Richtung 18196 Kessin Landweg fahren etwa, Waldeingang etwa 500 m nach Landschulheim</cmt>
		<desc>18196 Niex in Richtung 18196 Kessin Landweg fahren etwa, Waldeingang etwa 500 m nach Landschulheim</desc>
		<src>Landesforst Mecklenburg-Vorpommern</src>
	</wpt>
	<wpt lat="54.042514478846506" lon="11.903599018249878">
		<name>LRO14-047</name>
		<cmt>Von 18211 Retschow die K5 in Richtung 18236 Reinshagen.Ab Waldanfang 360 m bis zur einzigen Waldkreuzung rechts RP</cmt>
		<desc>Von 18211 Retschow die K5 in Richtung 18236 Reinshagen.Ab Waldanfang 360 m bis zur einzigen Waldkreuzung rechts RP</desc>
		<src>Landesforst Mecklenburg-Vorpommern</src>
	</wpt>
	<wpt lat="54.032787582871258" lon="13.547866857375851">
		<name>VG19-022</name>
		<cmt>B 109 gegenüber Abfahrt K20 in Richtung Lubmin, Waldeingang am Weg nach 17495 Kessin</cmt>
		<desc>B 109 gegenüber Abfahrt K20 in Richtung Lubmin, Waldeingang am Weg nach 17495 Kessin</desc>
		<src>Landesforst Mecklenburg-Vorpommern</src>
	</wpt>
	<wpt lat="54.043500332375828" lon="11.738439663967934">
		<name>LRO14-016</name>
		<cmt>Von Kröpelin in  Richtung Neunukokw, dann nach 18233 Westenbrügge abbiegen, an der Dorfkreuzung ist RP</cmt>
		<desc>Von Kröpelin in  Richtung Neunukokw, dann nach 18233 Westenbrügge abbiegen, an der Dorfkreuzung ist RP</desc>
		<src>Landesforst Mecklenburg-Vorpommern</src>
	</wpt>
	<wpt lat="54.039636687397056" lon="13.125068494243333">
		<name>VR18-021</name>
		<cmt>auf der B194 von 18516 Poggendorf kommend in Richtung 17121 Loitz ca. 400 m hinter Waldeingang wo der Waldweg die Straße kreuzt auf der rechten Seite</cmt>
		<desc>auf der B194 von 18516 Poggendorf kommend in Richtung 17121 Loitz ca. 400 m hinter Waldeingang wo der Waldweg die Straße kreuzt auf der rechten Seite</desc>
		<src>Landesforst Mecklenburg-Vorpommern</src>
	</wpt>
	<wpt lat="54.044377502935745" lon="12.404198831085521">
		<name>LRO16-034</name>
		<cmt>B110 Sanitz - Tessin; Abzeig/ Bhf Horst</cmt>
		<desc>B110 Sanitz - Tessin; Abzeig/ Bhf Horst</desc>
		<src>Landesforst Mecklenburg-Vorpommern</src>
	</wpt>
	<wpt lat="54.046333352382156" lon="12.710561118960147">
		<name>VR17-019</name>
		<cmt>von 18334 Breesen Richtung 18334 Carlsthal ca 1 km hinter Breesen am Waldeingang</cmt>
		<desc>von 18334 Breesen Richtung 18334 Carlsthal ca 1 km hinter Breesen am Waldeingang</desc>
		<src>Landesforst Mecklenburg-Vorpommern</src>
	</wpt>
	<wpt lat="54.049996694047721" lon="11.905191679642487">
		<name>LRO14-048</name>
		<cmt>Von 18209 Fulgenkoppel die Straße ²Grüner Winkel² vor dem Forsthaus in die einzige Schneise links südlich abbiegen, dann 830 m bis zur ersten Wegkreuzung an der Wiese ist RP</cmt>
		<desc>Von 18209 Fulgenkoppel die Straße ²Grüner Winkel² vor dem Forsthaus in die einzige Schneise links südlich abbiegen, dann 830 m bis zur ersten Wegkreuzung an der Wiese ist RP</desc>
		<src>Landesforst Mecklenburg-Vorpommern</src>
	</wpt>
	<wpt lat="54.04937279717619" lon="12.559187006159181">
		<name>LRO16-041</name>
		<cmt>Von 18195 Thelkow, 1km in Richtung 18195 Liepen,nach links großer Teufelssee am Waldeingang</cmt>
		<desc>Von 18195 Thelkow, 1km in Richtung 18195 Liepen,nach links großer Teufelssee am Waldeingang</desc>
		<src>Landesforst Mecklenburg-Vorpommern</src>
	</wpt>
	<wpt lat="54.039031842684864" lon="13.682943487983801">
		<name>VG20-015</name>
		<cmt>L26, 17509 Katzow, Oberreiheweg in 17438 Hohenfelde, Waldeingang</cmt>
		<desc>L26, 17509 Katzow, Oberreiheweg in 17438 Hohenfelde, Waldeingang</desc>
		<src>Landesforst Mecklenburg-Vorpommern</src>
	</wpt>
	<wpt lat="54.051265254781782" lon="11.79877817109837">
		<name>LRO14-043</name>
		<cmt>Von Kröpelin die L11 in Richtung Satow fahren, ab Waldanfang Stadtholz noch 260 bis zum Parkplatz der Gaststätte Stadtholz, dort RP</cmt>
		<desc>Von Kröpelin die L11 in Richtung Satow fahren, ab Waldanfang Stadtholz noch 260 bis zum Parkplatz der Gaststätte Stadtholz, dort RP</desc>
		<src>Landesforst Mecklenburg-Vorpommern</src>
	</wpt>
	<wpt lat="54.042014049311987" lon="13.504338650879335">
		<name>VG19-020</name>
		<cmt>von B 109 auf K 11 in Richtung 17495 Groß Kiesow, nach ca. 400 m links, Parktasche</cmt>
		<desc>von B 109 auf K 11 in Richtung 17495 Groß Kiesow, nach ca. 400 m links, Parktasche</desc>
		<src>Landesforst Mecklenburg-Vorpommern</src>
	</wpt>
	<wpt lat="54.043856244534055" lon="13.40638291838955">
		<name>VG19-006</name>
		<cmt>17509 Hanshagen am Sportplatz Waldeingang</cmt>
		<desc>17509 Hanshagen am Sportplatz Waldeingang</desc>
		<src>Landesforst Mecklenburg-Vorpommern</src>
	</wpt>
	<wpt lat="54.049979459470613" lon="12.78302717879083">
		<name>VR17-020</name>
		<cmt>von 18465 Tribsees nach 18513 Fäsekow 500 m vor Fäsekow in der Kurve nach rechts dann noch ca 450 m (ausgeschildert Revierförsterei)</cmt>
		<desc>von 18465 Tribsees nach 18513 Fäsekow 500 m vor Fäsekow in der Kurve nach rechts dann noch ca 450 m (ausgeschildert Revierförsterei)</desc>
		<src>Landesforst Mecklenburg-Vorpommern</src>
	</wpt>
	<wpt lat="54.052814865718759" lon="11.932507958344758">
		<name>LRO14-049</name>
		<cmt>Von 18209 Bad Doberan die L13 in Richtung 18211 Ivendorf, am Dorfanfang rechts in die Brinkmannschneise abbiegen, dann 400 m bis Waldanfang, dort RP</cmt>
		<desc>Von 18209 Bad Doberan die L13 in Richtung 18211 Ivendorf, am Dorfanfang rechts in die Brinkmannschneise abbiegen, dann 400 m bis Waldanfang, dort RP</desc>
		<src>Landesforst Mecklenburg-Vorpommern</src>
	</wpt>
	<wpt lat="54.043708334074026" lon="13.512036904148257">
		<name>VG19-005</name>
		<cmt>B109 von Anklam in Richtung Greifswald, hinter 17509 Parktasche auf der rechten Seite</cmt>
		<desc>B109 von Anklam in Richtung Greifswald, hinter 17509 Parktasche auf der rechten Seite</desc>
		<src>Landesforst Mecklenburg-Vorpommern</src>
	</wpt>
	<wpt lat="54.045269439113198" lon="13.549732792164981">
		<name>VG19-023</name>
		<cmt>K 20 gegenüber Einfahrt von 17509 Hanshagen, Waldeingang</cmt>
		<desc>K 20 gegenüber Einfahrt von 17509 Hanshagen, Waldeingang</desc>
		<src>Landesforst Mecklenburg-Vorpommern</src>
	</wpt>
	<wpt lat="54.056154907820563" lon="11.764758321837503">
		<name>LRO14-014</name>
		<cmt>Von Kröpelin B105 in-Richtung Neubukow, dann nach 18236 Detershagen abbiegen, an der Hauptschneise ( Detershäger Landweg ) ist RP</cmt>
		<desc>Von Kröpelin B105 in-Richtung Neubukow, dann nach 18236 Detershagen abbiegen, an der Hauptschneise ( Detershäger Landweg ) ist RP</desc>
		<src>Landesforst Mecklenburg-Vorpommern</src>
	</wpt>
	<wpt lat="54.047169293200618" lon="13.538584518659821">
		<name>VG19-021</name>
		<cmt>17509 Hanshagen am Sportplatz Waldeingang</cmt>
		<desc>17509 Hanshagen am Sportplatz Waldeingang</desc>
		<src>Landesforst Mecklenburg-Vorpommern</src>
	</wpt>
	<wpt lat="54.057269554945023" lon="11.875294419856662">
		<name>LRO14-015</name>
		<cmt>Von 18209 Bad Doberan die K6 in Richtung 18211 Retschow an der ersten Waldkreuzung vor den großen Betonsiedling links östlich an der Straße ist RP. Schild dann am Waldrand.</cmt>
		<desc>Von 18209 Bad Doberan die K6 in Richtung 18211 Retschow an der ersten Waldkreuzung vor den großen Betonsiedling links östlich an der Straße ist RP. Schild dann am Waldrand.</desc>
		<src>Landesforst Mecklenburg-Vorpommern</src>
	</wpt>
	<wpt lat="54.055679486826271" lon="12.710848812862857">
		<name>VR17-017</name>
		<cmt>von 18334 Langsdorf kommend in Richtung 18334 Breesen 500m hinter der Abfahrt Nütschow nach links auf dem Schotterweg Richtung Wald</cmt>
		<desc>von 18334 Langsdorf kommend in Richtung 18334 Breesen 500m hinter der Abfahrt Nütschow nach links auf dem Schotterweg Richtung Wald</desc>
		<src>Landesforst Mecklenburg-Vorpommern</src>
	</wpt>
	<wpt lat="54.059927044904178" lon="11.946461476228897">
		<name>LRO14-036</name>
		<cmt>Von 18209 Bad Doberan die L 13 ( Schwaaner Chaussee ) in Richtung 18239 Hanstorf. Am Abzweig rechts geht es nach Ivendorf,  links östlich abbiegen nach 18239 Hastorf 620 m bis Anfang des Waldes, dann noch 390 m bis links nördlich die Schneise abgeh</cmt>
		<desc>Von 18209 Bad Doberan die L 13 ( Schwaaner Chaussee ) in Richtung 18239 Hanstorf. Am Abzweig rechts geht es nach Ivendorf,  links östlich abbiegen nach 18239 Hastorf 620 m bis Anfang des Waldes, dann noch 390 m bis links nördlich die Schneise abgeh</desc>
		<src>Landesforst Mecklenburg-Vorpommern</src>
	</wpt>
	<wpt lat="54.057125477251546" lon="12.9534713151058">
		<name>VR17-016</name>
		<cmt>auf L27 von 18513 Wendisch-Baggendorf in Richtung 18513 Voigtsdorf 400 Meter hinter Abzweig 18513 Brönkow  am weißen Haus nach links auf Betonspurbahn, dann 1,3 km bis zum Ende der Betonspurbahn</cmt>
		<desc>auf L27 von 18513 Wendisch-Baggendorf in Richtung 18513 Voigtsdorf 400 Meter hinter Abzweig 18513 Brönkow  am weißen Haus nach links auf Betonspurbahn, dann 1,3 km bis zum Ende der Betonspurbahn</desc>
		<src>Landesforst Mecklenburg-Vorpommern</src>
	</wpt>
	<wpt lat="54.050354775647747" lon="13.599006102093533">
		<name>VG19-003</name>
		<cmt>L 26, 17509 Neu Boltenhagen i. Richtung Wald, waldeingang</cmt>
		<desc>L 26, 17509 Neu Boltenhagen i. Richtung Wald, waldeingang</desc>
		<src>Landesforst Mecklenburg-Vorpommern</src>
	</wpt>
	<wpt lat="54.06100147624889" lon="11.60338481994618">
		<name>LRO13-010</name>
		<cmt>Im Ort 18233 Teßmannsdorf ( Salzhaff ) Straße ²Zum Haff² bis zum Waldanfang fahren, dann noch 200 m, dann RP.</cmt>
		<desc>Im Ort 18233 Teßmannsdorf ( Salzhaff ) Straße ²Zum Haff² bis zum Waldanfang fahren, dann noch 200 m, dann RP.</desc>
		<src>Landesforst Mecklenburg-Vorpommern</src>
	</wpt>
	<wpt lat="54.052646976152005" lon="13.480532660773086">
		<name>VG19-002</name>
		<cmt>B109, von 17498 Diedrichshagen in Richtung Anklam über gaststätte "Lärchengrund" zum Waldeingang</cmt>
		<desc>B109, von 17498 Diedrichshagen in Richtung Anklam über gaststätte "Lärchengrund" zum Waldeingang</desc>
		<src>Landesforst Mecklenburg-Vorpommern</src>
	</wpt>
	<wpt lat="54.064261649315334" lon="12.227349230807967">
		<name>LRO15-014</name>
		<cmt>18184 Kösterbeck Richtung Wald; Treff = Parkplatz vor Wald;;</cmt>
		<desc>18184 Kösterbeck Richtung Wald; Treff = Parkplatz vor Wald;;</desc>
		<src>Landesforst Mecklenburg-Vorpommern</src>
	</wpt>
	<wpt lat="54.065541760046784" lon="11.937933292478665">
		<name>LRO14-037</name>
		<cmt>Von 18209 Hohenfelde Ortsausgang 1600 m die L 13 Schwaaner Chausse in Richtung 18211 Ivendorf, in der Senke am Busshaus links östlich abbiegen, dann 260 m bis rechts ein Landweg abbiegt, diesen 730 m bis zum Wald fahren, dann RP</cmt>
		<desc>Von 18209 Hohenfelde Ortsausgang 1600 m die L 13 Schwaaner Chausse in Richtung 18211 Ivendorf, in der Senke am Busshaus links östlich abbiegen, dann 260 m bis rechts ein Landweg abbiegt, diesen 730 m bis zum Wald fahren, dann RP</desc>
		<src>Landesforst Mecklenburg-Vorpommern</src>
	</wpt>
	<wpt lat="54.066965925479145" lon="12.504851358641414">
		<name>LRO16-030</name>
		<cmt>L18 in Ortslage Zarnewanz;Zarnewanz Richtung Gnewitz, ca. 100 m südlich Friedhof Zarnewanz; Abzweig zum Wald nach Westen;;</cmt>
		<desc>L18 in Ortslage Zarnewanz;Zarnewanz Richtung Gnewitz, ca. 100 m südlich Friedhof Zarnewanz; Abzweig zum Wald nach Westen;;</desc>
		<src>Landesforst Mecklenburg-Vorpommern</src>
	</wpt>
	<wpt lat="54.068047059015441" lon="11.965022615187255">
		<name>LRO14-013</name>
		<cmt>Von der L13 Doberaner Straße in 18239 Hanstorf  in die K 8 Richtung 18209 Parkentin abbiegen. Dann in 18209 Neuhof den Waldweg bis zum Waldanfang fahren. Von dort noch 300 m, dann RP</cmt>
		<desc>Von der L13 Doberaner Straße in 18239 Hanstorf  in die K 8 Richtung 18209 Parkentin abbiegen. Dann in 18209 Neuhof den Waldweg bis zum Waldanfang fahren. Von dort noch 300 m, dann RP</desc>
		<src>Landesforst Mecklenburg-Vorpommern</src>
	</wpt>
	<wpt lat="54.053234066613548" lon="13.891013868445022">
		<name>VG20-014</name>
		<cmt>17454;Zinnowitz;Waldkreuzung Eichholz, K 29 zwischen Zinnowitz und Neuendorf</cmt>
		<desc>17454;Zinnowitz;Waldkreuzung Eichholz, K 29 zwischen Zinnowitz und Neuendorf</desc>
		<src>Landesforst Mecklenburg-Vorpommern</src>
	</wpt>
	<wpt lat="54.063319782892926" lon="13.117753734054114">
		<name>VR18-020</name>
		<cmt>von 18507 Grimmen nach 17121 Loitz ca. 1,5 Km nach Waldeingang auf der linken Seite (Beschilderung Forstamt)</cmt>
		<desc>von 18507 Grimmen nach 17121 Loitz ca. 1,5 Km nach Waldeingang auf der linken Seite (Beschilderung Forstamt)</desc>
		<src>Landesforst Mecklenburg-Vorpommern</src>
	</wpt>
	<wpt lat="54.070205181720183" lon="11.950747057762468">
		<name>LRO14-040</name>
		<cmt>Anfahrt wie RP 320 dann an der Waldkante noch 300 m östlich weiter dann links in Hauptschneise ( Forstmeisterschneise ) und 1000 m nördlich bis zum Streckenplatz, dann RP</cmt>
		<desc>Anfahrt wie RP 320 dann an der Waldkante noch 300 m östlich weiter dann links in Hauptschneise ( Forstmeisterschneise ) und 1000 m nördlich bis zum Streckenplatz, dann RP</desc>
		<src>Landesforst Mecklenburg-Vorpommern</src>
	</wpt>
	<wpt lat="54.060190177773457" lon="13.579016405526589">
		<name>VG19-027</name>
		<cmt>von 17509 Rappenhagen in Richtung Wald an der Kieskuhle, Waldeingang</cmt>
		<desc>von 17509 Rappenhagen in Richtung Wald an der Kieskuhle, Waldeingang</desc>
		<src>Landesforst Mecklenburg-Vorpommern</src>
	</wpt>
	<wpt lat="54.06536110084599" lon="13.449940830380426">
		<name>VG19-001</name>
		<cmt>B109 von 17498 Diedrichshagen nach 17491 Groß schönwalde, OT Koitenhagen am KiTa "Weidenbaum in Richtung Wald, Waldeingang</cmt>
		<desc>B109 von 17498 Diedrichshagen nach 17491 Groß schönwalde, OT Koitenhagen am KiTa "Weidenbaum in Richtung Wald, Waldeingang</desc>
		<src>Landesforst Mecklenburg-Vorpommern</src>
	</wpt>
	<wpt lat="54.059040753450006" lon="13.984970898545555">
		<name>VG20-032</name>
		<cmt>17459; Koserow; B111 Strandzugang Koserow</cmt>
		<desc>17459; Koserow; B111 Strandzugang Koserow</desc>
		<src>Landesforst Mecklenburg-Vorpommern</src>
	</wpt>
	<wpt lat="54.075441118768737" lon="11.861366859816357">
		<name>LRO14-041</name>
		<cmt>Von 18209 Bad Doberan die B 105 in Richtung 18209 Reddelich an der Ampelkreuzung links südlich nach 18211 Glashagen abbiegen von Beginn der Waldkante noch 160 m bis zur 90 grad Kurve, dort an der Waldschneise ist RP</cmt>
		<desc>Von 18209 Bad Doberan die B 105 in Richtung 18209 Reddelich an der Ampelkreuzung links südlich nach 18211 Glashagen abbiegen von Beginn der Waldkante noch 160 m bis zur 90 grad Kurve, dort an der Waldschneise ist RP</desc>
		<src>Landesforst Mecklenburg-Vorpommern</src>
	</wpt>
	<wpt lat="54.075590504836384" lon="11.946595649457015">
		<name>LRO14-038</name>
		<cmt>Von 18209 Parkentin westlich in Richtung 18209 Bollbrücke, von Dorfausgang Bollbrücke 140 m bis Waldanfang, dann 570 m bis RP.</cmt>
		<desc>Von 18209 Parkentin westlich in Richtung 18209 Bollbrücke, von Dorfausgang Bollbrücke 140 m bis Waldanfang, dann 570 m bis RP.</desc>
		<src>Landesforst Mecklenburg-Vorpommern</src>
	</wpt>
	<wpt lat="54.072034674371181" lon="12.987556395521564">
		<name>VR17-015</name>
		<cmt>An der Ortsverbindung zwischen 18513 Leyerhof 100 Meter vor Ortseingang 18513 Borgstedt in der scharfen Linkskurve auf der rechten Seite</cmt>
		<desc>An der Ortsverbindung zwischen 18513 Leyerhof 100 Meter vor Ortseingang 18513 Borgstedt in der scharfen Linkskurve auf der rechten Seite</desc>
		<src>Landesforst Mecklenburg-Vorpommern</src>
	</wpt>
	<wpt lat="54.077813607482867" lon="12.355480146207681">
		<name>LRO16-028</name>
		<cmt>B110 18190Sanitz Tankstelle-ca. 700m in Richtung Groß Lüsewitz; Treff an der B110  im Wald am  Abzweig einziger Betonweg im Wald - Hexe genannt</cmt>
		<desc>B110 18190Sanitz Tankstelle-ca. 700m in Richtung Groß Lüsewitz; Treff an der B110  im Wald am  Abzweig einziger Betonweg im Wald - Hexe genannt</desc>
		<src>Landesforst Mecklenburg-Vorpommern</src>
	</wpt>
	<wpt lat="54.078366139460115" lon="11.712888489514627">
		<name>LRO14-011</name>
		<cmt>Von 1823 Gersdorf die K2 in Richtung 18230 Biendorf fahren. Ab Waldanfang noch 650 bis links die Freifläche anfängt. Dort RP</cmt>
		<desc>Von 1823 Gersdorf die K2 in Richtung 18230 Biendorf fahren. Ab Waldanfang noch 650 bis links die Freifläche anfängt. Dort RP</desc>
		<src>Landesforst Mecklenburg-Vorpommern</src>
	</wpt>
	<wpt lat="54.079647335520932" lon="11.932234618854045">
		<name>LRO14-039</name>
		<cmt>Anfahrt wie RP 322 ab dort auf den Betonspuren noch 1400 m bis zur Wendeschleife fahren, dann RP</cmt>
		<desc>Anfahrt wie RP 322 ab dort auf den Betonspuren noch 1400 m bis zur Wendeschleife fahren, dann RP</desc>
		<src>Landesforst Mecklenburg-Vorpommern</src>
	</wpt>
	<wpt lat="54.084173518905288" lon="12.463527086263081">
		<name>LRO16-027</name>
		<cmt>Reppelin-&amp;gt; Barkvieren ; Feldweg gegenüber 1.Haus am Ortseingangsschild Barkvieren;;</cmt>
		<desc>Reppelin-&amp;gt; Barkvieren ; Feldweg gegenüber 1.Haus am Ortseingangsschild Barkvieren;;</desc>
		<src>Landesforst Mecklenburg-Vorpommern</src>
	</wpt>
	<wpt lat="54.075982911056656" lon="13.480418291183186">
		<name>VG19-025</name>
		<cmt>von 17493Friedrichshagen Hof III, bei Greifswald, in Richtung Wald, Waldeingang</cmt>
		<desc>von 17493Friedrichshagen Hof III, bei Greifswald, in Richtung Wald, Waldeingang</desc>
		<src>Landesforst Mecklenburg-Vorpommern</src>
	</wpt>
	<wpt lat="54.083762301239041" lon="12.79379343294455">
		<name>VR17-013</name>
		<cmt>von 18465 Tribsees kommend auf der L19 Richtung Grimmen vor der Autobahnbrücke Abfahrt am Stadtwald vor dem Gehöft "Am Stadtwald 1"</cmt>
		<desc>von 18465 Tribsees kommend auf der L19 Richtung Grimmen vor der Autobahnbrücke Abfahrt am Stadtwald vor dem Gehöft "Am Stadtwald 1"</desc>
		<src>Landesforst Mecklenburg-Vorpommern</src>
	</wpt>
	<wpt lat="54.088089786307179" lon="11.803620256889532">
		<name>LRO14-044</name>
		<cmt>Von 18236 Kröpelin in Richtung 18230 Hundehagen, vom hundehegner Weg in die ²Forstsiedlung² abbiegen. Hinter dem letzten Haus 300 m nach Waldanfang beginnt die Hauptschneise, dort RP</cmt>
		<desc>Von 18236 Kröpelin in Richtung 18230 Hundehagen, vom hundehegner Weg in die ²Forstsiedlung² abbiegen. Hinter dem letzten Haus 300 m nach Waldanfang beginnt die Hauptschneise, dort RP</desc>
		<src>Landesforst Mecklenburg-Vorpommern</src>
	</wpt>
	<wpt lat="54.078122208544364" lon="13.715657527535747">
		<name>VG20-031</name>
		<cmt>von 17509 in Richtung Netzebander Heide, Waldeingang</cmt>
		<desc>von 17509 in Richtung Netzebander Heide, Waldeingang</desc>
		<src>Landesforst Mecklenburg-Vorpommern</src>
	</wpt>
	<wpt lat="54.083484314682678" lon="13.444084383292838">
		<name>VG19-024</name>
		<cmt>in 17493 Greifswald- Eldena am Elisenhain, Waldeingang Sportplatz Hainstraße</cmt>
		<desc>in 17493 Greifswald- Eldena am Elisenhain, Waldeingang Sportplatz Hainstraße</desc>
		<src>Landesforst Mecklenburg-Vorpommern</src>
	</wpt>
	<wpt lat="54.084166858622012" lon="13.546600033733545">
		<name>VG19-026</name>
		<cmt>von 17509 Kemnitz OT Neuendorf in Richtung Gartensparte, Waldeingang</cmt>
		<desc>von 17509 Kemnitz OT Neuendorf in Richtung Gartensparte, Waldeingang</desc>
		<src>Landesforst Mecklenburg-Vorpommern</src>
	</wpt>
	<wpt lat="54.097168626526745" lon="12.035264333884873">
		<name>LRO15-031</name>
		<cmt>Auf der B105 Abzweig Reutershagen die 103 in Richtung 18069 Vorweden-Mönkweden, ab Waldeingang 400 m auf einziger Schneise bis zum Haus im Wald</cmt>
		<desc>Auf der B105 Abzweig Reutershagen die 103 in Richtung 18069 Vorweden-Mönkweden, ab Waldeingang 400 m auf einziger Schneise bis zum Haus im Wald</desc>
		<src>Landesforst Mecklenburg-Vorpommern</src>
	</wpt>
	<wpt lat="54.099495194727631" lon="11.786335760491861">
		<name>LRO14-042</name>
		<cmt>Von 18225 Kröpelin die L11 in Richtung 18225 Kühlungsborn, am Waldanfang der Parkplatz ist RP</cmt>
		<desc>Von 18225 Kröpelin die L11 in Richtung 18225 Kühlungsborn, am Waldanfang der Parkplatz ist RP</desc>
		<src>Landesforst Mecklenburg-Vorpommern</src>
	</wpt>
	<wpt lat="54.099857146043227" lon="11.884147187055182">
		<name>LRO14-009</name>
		<cmt>Von Ortsausgangsschild 18209 DBR die B105  820 m  in Richtung 18236 Kröpelin. Waldparkplatz an der B 105 rechts.</cmt>
		<desc>Von Ortsausgangsschild 18209 DBR die B105  820 m  in Richtung 18236 Kröpelin. Waldparkplatz an der B 105 rechts.</desc>
		<src>Landesforst Mecklenburg-Vorpommern</src>
	</wpt>
	<wpt lat="54.10476791965889" lon="12.378990758647765">
		<name>LRO16-024</name>
		<cmt>L191 - Sanitz -&amp;gt; Dänschenburg, Abzeig nach Groß Freienholz;;</cmt>
		<desc>L191 - Sanitz -&amp;gt; Dänschenburg, Abzeig nach Groß Freienholz;;</desc>
		<src>Landesforst Mecklenburg-Vorpommern</src>
	</wpt>
	<wpt lat="54.106086480449761" lon="11.947159842634321">
		<name>LRO14-051</name>
		<cmt>Von Ortsausgang 18209 DBR die B 105 ab Waldanfang 1020 m Richtung 18211 Bargeshagen, Waldschneise am Bach links an der B 105  10 m</cmt>
		<desc>Von Ortsausgang 18209 DBR die B 105 ab Waldanfang 1020 m Richtung 18211 Bargeshagen, Waldschneise am Bach links an der B 105  10 m</desc>
		<src>Landesforst Mecklenburg-Vorpommern</src>
	</wpt>
	<wpt lat="54.108559635577436" lon="11.764639943659148">
		<name>LRO14-007</name>
		<cmt>Von 18230 Diedrichshagen den Plattenweg zum Wald am Sendeturm vorbei.Ab Waldanfang noch 100 m Hauptschneise, dann RP</cmt>
		<desc>Von 18230 Diedrichshagen den Plattenweg zum Wald am Sendeturm vorbei.Ab Waldanfang noch 100 m Hauptschneise, dann RP</desc>
		<src>Landesforst Mecklenburg-Vorpommern</src>
	</wpt>
	<wpt lat="54.110742183401008" lon="11.884420550819263">
		<name>LRO14-033</name>
		<cmt>Von 18209 DBR in die Neue Reihe am Forstamt vorbei in Richtung 18209 Vorderbollhagen. Vom Waldanfang an der Schranke Richtung Vorderbollhagen 510 m bis zur Wegkreuzung. ( Bollheger Landweg ) Rechts zum Wasserwerk, links Kellerswald.</cmt>
		<desc>Von 18209 DBR in die Neue Reihe am Forstamt vorbei in Richtung 18209 Vorderbollhagen. Vom Waldanfang an der Schranke Richtung Vorderbollhagen 510 m bis zur Wegkreuzung. ( Bollheger Landweg ) Rechts zum Wasserwerk, links Kellerswald.</desc>
		<src>Landesforst Mecklenburg-Vorpommern</src>
	</wpt>
	<wpt lat="54.100922559934965" lon="13.753914353376109">
		<name>VG20-008</name>
		<cmt>L262, von 17509 i.Richtung 17440 Kröslin, Waldanfang</cmt>
		<desc>L262, von 17509 i.Richtung 17440 Kröslin, Waldanfang</desc>
		<src>Landesforst Mecklenburg-Vorpommern</src>
	</wpt>
	<wpt lat="54.110251048055488" lon="13.071463023160057">
		<name>VR18-018</name>
		<cmt>von 18507 Grimmen kommend in Richtung 18516 Bartmannshagenvon der Kreuzung B 194/ L30 nach ca. 850 Metern am  Waldweg in der Linkskurve auf der rechten Seite</cmt>
		<desc>von 18507 Grimmen kommend in Richtung 18516 Bartmannshagenvon der Kreuzung B 194/ L30 nach ca. 850 Metern am  Waldweg in der Linkskurve auf der rechten Seite</desc>
		<src>Landesforst Mecklenburg-Vorpommern</src>
	</wpt>
	<wpt lat="54.113048901674297" lon="13.242000288410145">
		<name>VG18-017</name>
		<cmt>von 17498 Groß Petershagen in Richtung 17498 Jarmshagen Hof III an der Kreuzung zwischen Jarmshagen und Jarmshagen Hof III</cmt>
		<desc>von 17498 Groß Petershagen in Richtung 17498 Jarmshagen Hof III an der Kreuzung zwischen Jarmshagen und Jarmshagen Hof III</desc>
		<src>Landesforst Mecklenburg-Vorpommern</src>
	</wpt>
	<wpt lat="54.119635758306224" lon="11.705435362290181">
		<name>LRO14-006</name>
		<cmt>Von .18225 Bastorf SW den Bastorfer Landweg 420 m bis zum Wald, dort RP</cmt>
		<desc>Von .18225 Bastorf SW den Bastorfer Landweg 420 m bis zum Wald, dort RP</desc>
		<src>Landesforst Mecklenburg-Vorpommern</src>
	</wpt>
	<wpt lat="54.115986355104205" lon="13.108895576272767">
		<name>VR18-016</name>
		<cmt>von 18507 Grimmen kommend in Richtung 18516 Bartmannshagen in der Linkskurve vor Ortseingang Bartmannshagen nach rechts Richtung Waldeingang</cmt>
		<desc>von 18507 Grimmen kommend in Richtung 18516 Bartmannshagen in der Linkskurve vor Ortseingang Bartmannshagen nach rechts Richtung Waldeingang</desc>
		<src>Landesforst Mecklenburg-Vorpommern</src>
	</wpt>
	<wpt lat="54.122384746998769" lon="11.889498566649721">
		<name>LRO14-031</name>
		<cmt>Von 18209 DBR die L 12 Richtung Kreisverkehr 18209 Heiligendamm L 12. Vom Kreisverkehr bis an die erste Waldschneise 1,8 Km. Ab Waldbeginn 150 m. Rechts</cmt>
		<desc>Von 18209 DBR die L 12 Richtung Kreisverkehr 18209 Heiligendamm L 12. Vom Kreisverkehr bis an die erste Waldschneise 1,8 Km. Ab Waldbeginn 150 m. Rechts</desc>
		<src>Landesforst Mecklenburg-Vorpommern</src>
	</wpt>
	<wpt lat="54.119015496448029" lon="12.978151739615654">
		<name>VR17-011</name>
		<cmt>Von 18513 Quitzin kommend Richtung 18513 Müggenwalde 300 Meter hinter Ortsausgang Quitzin auf der rechten Seite am Weg / Waldkante</cmt>
		<desc>Von 18513 Quitzin kommend Richtung 18513 Müggenwalde 300 Meter hinter Ortsausgang Quitzin auf der rechten Seite am Weg / Waldkante</desc>
		<src>Landesforst Mecklenburg-Vorpommern</src>
	</wpt>
	<wpt lat="54.122780209712836" lon="12.35695156324639">
		<name>LRO16-022</name>
		<cmt>Ortslage 18184Billenhagen Einfahrt  am Forstamt - Billenhagen</cmt>
		<desc>Ortslage 18184Billenhagen Einfahrt  am Forstamt - Billenhagen</desc>
		<src>Landesforst Mecklenburg-Vorpommern</src>
	</wpt>
	<wpt lat="54.124222268579196" lon="11.744143168063129">
		<name>LRO14-005</name>
		<cmt>Von 18225 Kühlungsborn die L11 südlich in Hauptrichtung Kröpelin fahren.Kurz vor Ortsausgang Kühlungsborn recht in den Weg ²Am Holm²abbiegen und dann 950 m bis Waldanfang, dort RP. Weg geht nach Wichmannsdorf weiter.</cmt>
		<desc>Von 18225 Kühlungsborn die L11 südlich in Hauptrichtung Kröpelin fahren.Kurz vor Ortsausgang Kühlungsborn recht in den Weg ²Am Holm²abbiegen und dann 950 m bis Waldanfang, dort RP. Weg geht nach Wichmannsdorf weiter.</desc>
		<src>Landesforst Mecklenburg-Vorpommern</src>
	</wpt>
	<wpt lat="54.118108684915512" lon="13.304477787365988">
		<name>VG18-015</name>
		<cmt>200 m hinter 17498 Steffenshagen in Richtung 17498 Klein Kieshof wenn auf der linken Seite der Wald anfängt</cmt>
		<desc>200 m hinter 17498 Steffenshagen in Richtung 17498 Klein Kieshof wenn auf der linken Seite der Wald anfängt</desc>
		<src>Landesforst Mecklenburg-Vorpommern</src>
	</wpt>
	<wpt lat="54.11650552258947" lon="13.47857951822299">
		<name>VG19-030</name>
		<cmt>von 17509 Ludwigsburg in Richtung NSG "Lanken", an der Gastatätte "Alte Schanze", Waldeingang</cmt>
		<desc>von 17509 Ludwigsburg in Richtung NSG "Lanken", an der Gastatätte "Alte Schanze", Waldeingang</desc>
		<src>Landesforst Mecklenburg-Vorpommern</src>
	</wpt>
	<wpt lat="54.126551813457837" lon="11.808372275502167">
		<name>LRO14-030</name>
		<cmt>Von 18209 Hinter Bollhagen L 12 in Richtung 18209 Niedersteffenshagen am Waldanfang 50 m entlang der K3 bis zur Hauptschneise</cmt>
		<desc>Von 18209 Hinter Bollhagen L 12 in Richtung 18209 Niedersteffenshagen am Waldanfang 50 m entlang der K3 bis zur Hauptschneise</desc>
		<src>Landesforst Mecklenburg-Vorpommern</src>
	</wpt>
	<wpt lat="54.127680339629755" lon="11.871684932568362">
		<name>LRO14-004</name>
		<cmt>Von 18209 DBR die L 12 bis zur Hauptschneise gegenüber der Traditionsrennbahn am Beginn der Schneise</cmt>
		<desc>Von 18209 DBR die L 12 bis zur Hauptschneise gegenüber der Traditionsrennbahn am Beginn der Schneise</desc>
		<src>Landesforst Mecklenburg-Vorpommern</src>
	</wpt>
	<wpt lat="54.128209404265569" lon="11.832125921408338">
		<name>LRO14-003</name>
		<cmt>Von 18209 Heiligendamm  Ortsausgang 1 Km Richtung  18209 Hinterbollhagen. Am Kreisverkehr 50 m ostlich zum Wald.</cmt>
		<desc>Von 18209 Heiligendamm  Ortsausgang 1 Km Richtung  18209 Hinterbollhagen. Am Kreisverkehr 50 m ostlich zum Wald.</desc>
		<src>Landesforst Mecklenburg-Vorpommern</src>
	</wpt>
	<wpt lat="54.119485094660675" lon="13.658965547792603">
		<name>VG19-033</name>
		<cmt>öffentlicher Weg von 17509 Wusterhusen in Richtung 17509 Latzow , Waldanfang links, unter der ersten Leitungstrasse</cmt>
		<desc>öffentlicher Weg von 17509 Wusterhusen in Richtung 17509 Latzow , Waldanfang links, unter der ersten Leitungstrasse</desc>
		<src>Landesforst Mecklenburg-Vorpommern</src>
	</wpt>
	<wpt lat="54.131921415511705" lon="12.208228415549236">
		<name>LRO15-011</name>
		<cmt>B105 -&amp;gt;650 m Richtung Häschendorf, an der Weggabel nach links zum Wald ca.300m; Waldrand</cmt>
		<desc>B105 -&amp;gt;650 m Richtung Häschendorf, an der Weggabel nach links zum Wald ca.300m; Waldrand</desc>
		<src>Landesforst Mecklenburg-Vorpommern</src>
	</wpt>
	<wpt lat="54.13277326013597" lon="12.516956835346829">
		<name>VR16-020</name>
		<cmt>Feldweg von 18337 Wöpkendorf in Richtung 18337 Brunstorf  am Waldeingang Abt.  324</cmt>
		<desc>Feldweg von 18337 Wöpkendorf in Richtung 18337 Brunstorf  am Waldeingang Abt.  324</desc>
		<src>Landesforst Mecklenburg-Vorpommern</src>
	</wpt>
	<wpt lat="54.131029131226072" lon="13.172021055627884">
		<name>VR18-014</name>
		<cmt>L30 von 18516 Willerswalde in Richtung 18519 Bremerhagen ca. 800 m hinter Willerswalde an der Hecke nach rechts abbiegen,  ca. 1 km hinter Rügenzubringer auf der Wegekreuzung im Wald</cmt>
		<desc>L30 von 18516 Willerswalde in Richtung 18519 Bremerhagen ca. 800 m hinter Willerswalde an der Hecke nach rechts abbiegen,  ca. 1 km hinter Rügenzubringer auf der Wegekreuzung im Wald</desc>
		<src>Landesforst Mecklenburg-Vorpommern</src>
	</wpt>
	<wpt lat="54.126215287770535" lon="13.682254704586006">
		<name>VG20-005</name>
		<cmt>öffentl. Weg von 17509 latzow i. Richtung Umspannwerk/EWN Waldkannte</cmt>
		<desc>öffentl. Weg von 17509 latzow i. Richtung Umspannwerk/EWN Waldkannte</desc>
		<src>Landesforst Mecklenburg-Vorpommern</src>
	</wpt>
	<wpt lat="54.131696559081995" lon="13.266189395137962">
		<name>VR18-013</name>
		<cmt>von 17498 Groß Petershagen nach 18519 Jager am Waldeingang</cmt>
		<desc>von 17498 Groß Petershagen nach 18519 Jager am Waldeingang</desc>
		<src>Landesforst Mecklenburg-Vorpommern</src>
	</wpt>
	<wpt lat="54.137633917678905" lon="12.47301643413611">
		<name>VR16-019</name>
		<cmt>direkt an der K 7 von Alt-Steinhorst kommend links gegenüber dem Ortseingangsschild 18337 Neu-Steinhorst</cmt>
		<desc>direkt an der K 7 von Alt-Steinhorst kommend links gegenüber dem Ortseingangsschild 18337 Neu-Steinhorst</desc>
		<src>Landesforst Mecklenburg-Vorpommern</src>
	</wpt>
	<wpt lat="54.126791415666574" lon="13.700594870550511">
		<name>VG20-004</name>
		<cmt>von 17509 Nonnendorf Amtmannschneise i. Richtung 17440 Spandowerhagen am Waldrand</cmt>
		<desc>von 17509 Nonnendorf Amtmannschneise i. Richtung 17440 Spandowerhagen am Waldrand</desc>
		<src>Landesforst Mecklenburg-Vorpommern</src>
	</wpt>
	<wpt lat="54.139194048542343" lon="11.852582646227864">
		<name>LRO14-032</name>
		<cmt>Von Bad Doberan die L12 Richtung 18209 Heiligendamm Weg zum Jagdhaus 100 m von der L 12 Richtung Norden</cmt>
		<desc>Von Bad Doberan die L12 Richtung 18209 Heiligendamm Weg zum Jagdhaus 100 m von der L 12 Richtung Norden</desc>
		<src>Landesforst Mecklenburg-Vorpommern</src>
	</wpt>
	<wpt lat="54.13873611701797" lon="12.590349708856031">
		<name>VR16-016</name>
		<cmt>18337 Marlow, Marlow Ausbau bis zum Abzweig am letzen Gehöft, in Richtung Wald</cmt>
		<desc>18337 Marlow, Marlow Ausbau bis zum Abzweig am letzen Gehöft, in Richtung Wald</desc>
		<src>Landesforst Mecklenburg-Vorpommern</src>
	</wpt>
	<wpt lat="54.141292115139855" lon="12.002612618495954">
		<name>LRO15-010</name>
		<cmt>Von 18211 Admannshagen Ausbau in die Lindenstraße, Richtung 18109 Lichtenhagen. Vom Waldanfang der "Lichtenhäger Tannen" 940 m bis zur Schneise links.</cmt>
		<desc>Von 18211 Admannshagen Ausbau in die Lindenstraße, Richtung 18109 Lichtenhagen. Vom Waldanfang der "Lichtenhäger Tannen" 940 m bis zur Schneise links.</desc>
		<src>Landesforst Mecklenburg-Vorpommern</src>
	</wpt>
	<wpt lat="54.142101713528419" lon="12.540809141713209">
		<name>VR16-015</name>
		<cmt>von K18 abbiegen ca. 800 m  in Richtung 18337 Brunstorf fahren, RP links am Waldweg  der Abt. 312/349</cmt>
		<desc>von K18 abbiegen ca. 800 m  in Richtung 18337 Brunstorf fahren, RP links am Waldweg  der Abt. 312/349</desc>
		<src>Landesforst Mecklenburg-Vorpommern</src>
	</wpt>
	<wpt lat="54.130965916420529" lon="13.725176551420212">
		<name>VG20-003</name>
		<cmt>L262, öffentlicher Weg von 17440 Frest i. Richtung  17509 Nonnendorf von Gaststätte "Leuchtfeuer" zum Waldrand</cmt>
		<desc>L262, öffentlicher Weg von 17440 Frest i. Richtung  17509 Nonnendorf von Gaststätte "Leuchtfeuer" zum Waldrand</desc>
		<src>Landesforst Mecklenburg-Vorpommern</src>
	</wpt>
	<wpt lat="54.143518293282902" lon="12.414603081823186">
		<name>VR16-044</name>
		<cmt>Waldeingang Tessinschneise gegenüber der Revierförsterei Dänschenburg Nr. 2130090</cmt>
		<desc>Waldeingang Tessinschneise gegenüber der Revierförsterei Dänschenburg Nr. 2130090</desc>
		<src>Landesforst Mecklenburg-Vorpommern</src>
	</wpt>
	<wpt lat="54.144240275699978" lon="11.826057711296455">
		<name>LRO14-052</name>
		<cmt>Von 18209 DBR die L12 in Richtung 18209 Heiligendamm. Vor dem beschrankten Bahübergang rechts die Kinderstrandstraße 980 m bis Ende fahren.</cmt>
		<desc>Von 18209 DBR die L12 in Richtung 18209 Heiligendamm. Vor dem beschrankten Bahübergang rechts die Kinderstrandstraße 980 m bis Ende fahren.</desc>
		<src>Landesforst Mecklenburg-Vorpommern</src>
	</wpt>
	<wpt lat="54.144951645442411" lon="12.343644320336779">
		<name>LRO16-013</name>
		<cmt>L182 18182 Cordshagen-&amp;gt;OT Baumkate(Mandelshagen) ca. 80m nach Waldbeginn(südlich) an der Straße; abzweigender Waldweg nach Süd;;</cmt>
		<desc>L182 18182 Cordshagen-&amp;gt;OT Baumkate(Mandelshagen) ca. 80m nach Waldbeginn(südlich) an der Straße; abzweigender Waldweg nach Süd;;</desc>
		<src>Landesforst Mecklenburg-Vorpommern</src>
	</wpt>
	<wpt lat="54.145916958000782" lon="11.75622632709088">
		<name>LRO14-050</name>
		<cmt>In 18225 Kühlungsborn die Srandstraße entlang bis Abzweig Ulmenstraße. Gegenüber ist das Denkmal ²Friedensstein² an der Wiesenschneise am Wald, dort RP</cmt>
		<desc>In 18225 Kühlungsborn die Srandstraße entlang bis Abzweig Ulmenstraße. Gegenüber ist das Denkmal ²Friedensstein² an der Wiesenschneise am Wald, dort RP</desc>
		<src>Landesforst Mecklenburg-Vorpommern</src>
	</wpt>
	<wpt lat="54.144282000736659" lon="12.682619390007485">
		<name>VR17-030</name>
		<cmt>18334 Kavelsdorf, a.d. Straße v. Kavelsdorf i.R. Stormsdorf, rechts Waldeingang</cmt>
		<desc>18334 Kavelsdorf, a.d. Straße v. Kavelsdorf i.R. Stormsdorf, rechts Waldeingang</desc>
		<src>Landesforst Mecklenburg-Vorpommern</src>
	</wpt>
	<wpt lat="54.141903217734665" lon="13.065635214169705">
		<name>VR18-012</name>
		<cmt>von  18507 Klein Lehmhagen kommend nach 18507 Stoltenhagen   am Waldeingang links  auf Plattenweg  am  Waldrand</cmt>
		<desc>von  18507 Klein Lehmhagen kommend nach 18507 Stoltenhagen   am Waldeingang links  auf Plattenweg  am  Waldrand</desc>
		<src>Landesforst Mecklenburg-Vorpommern</src>
	</wpt>
	<wpt lat="54.136553674171303" lon="13.675233430630417">
		<name>VG20-002</name>
		<cmt>L262 ; 17509 lubmin i. R. 17440 Spandowerhagen, Ende Betriebsgelände EWN, gegenüber der Buswendeschleife</cmt>
		<desc>L262 ; 17509 lubmin i. R. 17440 Spandowerhagen, Ende Betriebsgelände EWN, gegenüber der Buswendeschleife</desc>
		<src>Landesforst Mecklenburg-Vorpommern</src>
	</wpt>
	<wpt lat="54.145690704389871" lon="13.067955861661053">
		<name>VR18-011</name>
		<cmt>von 18507 Stoltenhagen in Richtung 18507 Klein Lehmhagen ca. 300 Meter hinter Waldanfang auf der linken Seite der Wegekreuzung</cmt>
		<desc>von 18507 Stoltenhagen in Richtung 18507 Klein Lehmhagen ca. 300 Meter hinter Waldanfang auf der linken Seite der Wegekreuzung</desc>
		<src>Landesforst Mecklenburg-Vorpommern</src>
	</wpt>
	<wpt lat="54.151337202468532" lon="11.966475503187553">
		<name>LRO14-035</name>
		<cmt>Von 18211 Nienhagen von der  Doberaner Straße Richtung 18211 Rethwisch in den Neurethwischer Weg abbiegen. Dann 940 m bis zum Waldanfang des "Ehbruches " fahren. Rechts am Waldrand an der Schneise ist RP.</cmt>
		<desc>Von 18211 Nienhagen von der  Doberaner Straße Richtung 18211 Rethwisch in den Neurethwischer Weg abbiegen. Dann 940 m bis zum Waldanfang des "Ehbruches " fahren. Rechts am Waldrand an der Schneise ist RP.</desc>
		<src>Landesforst Mecklenburg-Vorpommern</src>
	</wpt>
	<wpt lat="54.149181958364906" lon="12.892950787402109">
		<name>VR17-010</name>
		<cmt>von 18461 Wolfsdorf nach 18461 Hohenbarnekow nach ca. 1,3 km gegenüber der Einfahrt zur Kieskuhle nach rechts in den Wald, nach 200 m in der Rechtskurve auf der Waldparkplatz</cmt>
		<desc>von 18461 Wolfsdorf nach 18461 Hohenbarnekow nach ca. 1,3 km gegenüber der Einfahrt zur Kieskuhle nach rechts in den Wald, nach 200 m in der Rechtskurve auf der Waldparkplatz</desc>
		<src>Landesforst Mecklenburg-Vorpommern</src>
	</wpt>
	<wpt lat="54.155830499312238" lon="12.448622518566262">
		<name>VR16-011</name>
		<cmt>Waldeingang Abt. 209 direkt an der Gemeindestraße zwischen 18337 Gresenhorst und 18337 Kloster-Wulfshagen</cmt>
		<desc>Waldeingang Abt. 209 direkt an der Gemeindestraße zwischen 18337 Gresenhorst und 18337 Kloster-Wulfshagen</desc>
		<src>Landesforst Mecklenburg-Vorpommern</src>
	</wpt>
	<wpt lat="54.15799524002621" lon="11.942422105379837">
		<name>LRO14-034</name>
		<cmt>Von 18209 DBR die L12 in Richtung 18211 Nienhagen, die Doberaner Straße entlang hinter dem großen Parkplatz vor der 90 grad Kurve links in die Waldstraße abbiegen, dann 400 m dem Sraßenverlauf folgen bis zum letzten Haus Waldstr.1.</cmt>
		<desc>Von 18209 DBR die L12 in Richtung 18211 Nienhagen, die Doberaner Straße entlang hinter dem großen Parkplatz vor der 90 grad Kurve links in die Waldstraße abbiegen, dann 400 m dem Sraßenverlauf folgen bis zum letzten Haus Waldstr.1.</desc>
		<src>Landesforst Mecklenburg-Vorpommern</src>
	</wpt>
	<wpt lat="54.155828112082666" lon="13.132027927121175">
		<name>VR18-010</name>
		<cmt>von der Kreuzung L 30  ca 1800 mdurch den Ort 18519 Bremerhagen rechts abbiegen Richtung Lehrpfad am Holztor</cmt>
		<desc>von der Kreuzung L 30  ca 1800 mdurch den Ort 18519 Bremerhagen rechts abbiegen Richtung Lehrpfad am Holztor</desc>
		<src>Landesforst Mecklenburg-Vorpommern</src>
	</wpt>
	<wpt lat="54.160319141566653" lon="13.117935667638733">
		<name>VR18-031</name>
		<cmt>18519 Sundhagen OT Bremerhagen Richtung 18507 Grimmen OT Stoltenhagen nach ca 2 Km im 90 ° Wegeknick nach Westen (Links)</cmt>
		<desc>18519 Sundhagen OT Bremerhagen Richtung 18507 Grimmen OT Stoltenhagen nach ca 2 Km im 90 ° Wegeknick nach Westen (Links)</desc>
		<src>Landesforst Mecklenburg-Vorpommern</src>
	</wpt>
	<wpt lat="54.162129143183748" lon="12.911599843232773">
		<name>VR17-008</name>
		<cmt>von 18461 Franzburg auf L 22 in Richtung 18461 Hohenbarnekow, nach ca. 2,5 km an Kreuzung in Wolfsdorf nach links abbiegen in Richtung 18461 Buchholz bis zum Wendeplatz 100 m rechts nach Waldeingang</cmt>
		<desc>von 18461 Franzburg auf L 22 in Richtung 18461 Hohenbarnekow, nach ca. 2,5 km an Kreuzung in Wolfsdorf nach links abbiegen in Richtung 18461 Buchholz bis zum Wendeplatz 100 m rechts nach Waldeingang</desc>
		<src>Landesforst Mecklenburg-Vorpommern</src>
	</wpt>
	<wpt lat="54.159491163945617" lon="13.240285496368937">
		<name>VR18-009</name>
		<cmt>von 18519 Kirchdorf in Richtung 18519 Horst 50 m vor Bahnübergang 18519 Jeeser</cmt>
		<desc>von 18519 Kirchdorf in Richtung 18519 Horst 50 m vor Bahnübergang 18519 Jeeser</desc>
		<src>Landesforst Mecklenburg-Vorpommern</src>
	</wpt>
	<wpt lat="54.169525646705914" lon="12.435364572483516">
		<name>VR16-006</name>
		<cmt>direkt an der L191 von 18337 Gresenhorst in Richtung 18311 Bartelshagen, Waldweg Abt. 1309</cmt>
		<desc>direkt an der L191 von 18337 Gresenhorst in Richtung 18311 Bartelshagen, Waldweg Abt. 1309</desc>
		<src>Landesforst Mecklenburg-Vorpommern</src>
	</wpt>
	<wpt lat="54.169344341717078" lon="12.596506530109714">
		<name>VR16-007</name>
		<cmt>18337 Marlow, an der Straße v. Marlow i.R. Semlow, an der Revierförsterei Camitz links</cmt>
		<desc>18337 Marlow, an der Straße v. Marlow i.R. Semlow, an der Revierförsterei Camitz links</desc>
		<src>Landesforst Mecklenburg-Vorpommern</src>
	</wpt>
	<wpt lat="54.173234281894061" lon="12.147033685325425">
		<name>HRO15-024</name>
		<cmt>Parkplatz an der Gaststätte Schnatermann</cmt>
		<desc>Parkplatz an der Gaststätte Schnatermann</desc>
		<src>Landesforst Mecklenburg-Vorpommern</src>
	</wpt>
	<wpt lat="54.173417238346147" lon="12.044802411406309">
		<name>HRO15-029</name>
		<cmt>RP: Parkplatz Kreuzung Doberaner Landstraße und Habichtshöhe, PLZ 18119</cmt>
		<desc>RP: Parkplatz Kreuzung Doberaner Landstraße und Habichtshöhe, PLZ 18119</desc>
		<src>Landesforst Mecklenburg-Vorpommern</src>
	</wpt>
	<wpt lat="54.169171403291813" lon="13.143286113698176">
		<name>VR18-032</name>
		<cmt>18519 Sundhagen OT Hildebrandshagen K16 aus Hildebrandshagen kommend hinter Linkskurve rechts abbiegen auf Plattenweg, ca. 1,5 km nach Süden zum Waldeingang</cmt>
		<desc>18519 Sundhagen OT Hildebrandshagen K16 aus Hildebrandshagen kommend hinter Linkskurve rechts abbiegen auf Plattenweg, ca. 1,5 km nach Süden zum Waldeingang</desc>
		<src>Landesforst Mecklenburg-Vorpommern</src>
	</wpt>
	<wpt lat="54.174503859715983" lon="12.201250712572994">
		<name>HRO15-023</name>
		<cmt>RP: Parkplatz Hundeauslaufzone, Eingang Klärwerk, PLZ 18146</cmt>
		<desc>RP: Parkplatz Hundeauslaufzone, Eingang Klärwerk, PLZ 18146</desc>
		<src>Landesforst Mecklenburg-Vorpommern</src>
	</wpt>
	<wpt lat="54.174698079051694" lon="12.027054739411978">
		<name>HRO15-028</name>
		<cmt>RP: Parkplatz Wilhelmshöhe in Diedrichshagen, PLZ 18119</cmt>
		<desc>RP: Parkplatz Wilhelmshöhe in Diedrichshagen, PLZ 18119</desc>
		<src>Landesforst Mecklenburg-Vorpommern</src>
	</wpt>
	<wpt lat="54.171492125432458" lon="13.125885185245185">
		<name>VR18-005</name>
		<cmt>nach ca. 2 km von L 30 über 18519 Bremerhagen und weiter in Richtung 18507 Stoltenhagen an der Waldkante rechts abbiegen und ca. 1,8 km in Richtung Norden bis zum Wegweiserstein fahren</cmt>
		<desc>nach ca. 2 km von L 30 über 18519 Bremerhagen und weiter in Richtung 18507 Stoltenhagen an der Waldkante rechts abbiegen und ca. 1,8 km in Richtung Norden bis zum Wegweiserstein fahren</desc>
		<src>Landesforst Mecklenburg-Vorpommern</src>
	</wpt>
	<wpt lat="54.174167896913929" lon="12.832234287373961">
		<name>VR17-006</name>
		<cmt>von 18461 Dolgen nach 18461 Müggenhall an der L192 Abzweigung Öbelitz</cmt>
		<desc>von 18461 Dolgen nach 18461 Müggenhall an der L192 Abzweigung Öbelitz</desc>
		<src>Landesforst Mecklenburg-Vorpommern</src>
	</wpt>
	<wpt lat="54.178119494547715" lon="12.175307133837514">
		<name>HRO15-022</name>
		<cmt>RP: Fesselbrandsweg, Ecke Bauernwiesenschneise, PLZ 18146</cmt>
		<desc>RP: Fesselbrandsweg, Ecke Bauernwiesenschneise, PLZ 18146</desc>
		<src>Landesforst Mecklenburg-Vorpommern</src>
	</wpt>
	<wpt lat="54.174402657384242" lon="13.024843201166764">
		<name>VR18-003</name>
		<cmt>18510 Abtshagen, B 194, v. Abtshagen i.R. Grimmen, 1. Waldwegekreuzung im Waldbereich links</cmt>
		<desc>18510 Abtshagen, B 194, v. Abtshagen i.R. Grimmen, 1. Waldwegekreuzung im Waldbereich links</desc>
		<src>Landesforst Mecklenburg-Vorpommern</src>
	</wpt>
	<wpt lat="54.177010644793036" lon="12.911741756133955">
		<name>VR17-005</name>
		<cmt>von 18461 Franzburg in Richtung 18510 Abtshagen in Neubauhof nach rechts abbiegen in Richtung Eichholz, nach einem km am Waldrand 90° nach links abbiegen. Nach 750 m an der Kreuzung, Waldeingang</cmt>
		<desc>von 18461 Franzburg in Richtung 18510 Abtshagen in Neubauhof nach rechts abbiegen in Richtung Eichholz, nach einem km am Waldrand 90° nach links abbiegen. Nach 750 m an der Kreuzung, Waldeingang</desc>
		<src>Landesforst Mecklenburg-Vorpommern</src>
	</wpt>
	<wpt lat="54.177418846364183" lon="12.964802259458869">
		<name>VR17-004</name>
		<cmt>von der L222 kommend in Richtung 18510 Sievertshagen, erstes Gebäude auf der rechten Seite</cmt>
		<desc>von der L222 kommend in Richtung 18510 Sievertshagen, erstes Gebäude auf der rechten Seite</desc>
		<src>Landesforst Mecklenburg-Vorpommern</src>
	</wpt>
	<wpt lat="54.177517250927643" lon="13.063507720489973">
		<name>VR18-034</name>
		<cmt>18510 Wittenhagen, K 16, v. Abtshagen nach Wittenhagen, Bahnübergang,hinter Agrar GmbH rechts Plattenweg, in Richtung Wald, Waldeingang</cmt>
		<desc>18510 Wittenhagen, K 16, v. Abtshagen nach Wittenhagen, Bahnübergang,hinter Agrar GmbH rechts Plattenweg, in Richtung Wald, Waldeingang</desc>
		<src>Landesforst Mecklenburg-Vorpommern</src>
	</wpt>
	<wpt lat="54.182060823818418" lon="12.297928916770692">
		<name>LRO15-025</name>
		<cmt>RP: Schwarzenpfost Krummer Damm, Ecke Schwarzenpföster Schneise, PLZ 18182; Straße Weg Schwarzenpfost Haus3</cmt>
		<desc>RP: Schwarzenpfost Krummer Damm, Ecke Schwarzenpföster Schneise, PLZ 18182; Straße Weg Schwarzenpfost Haus3</desc>
		<src>Landesforst Mecklenburg-Vorpommern</src>
	</wpt>
	<wpt lat="54.184944962754123" lon="12.236866311128189">
		<name>HRO15-007</name>
		<cmt>RP: Wiethagen 9b, Stadtforstamt Rostock, PLZ 18182</cmt>
		<desc>RP: Wiethagen 9b, Stadtforstamt Rostock, PLZ 18182</desc>
		<src>Landesforst Mecklenburg-Vorpommern</src>
	</wpt>
	<wpt lat="54.182452187618388" lon="13.009495350897744">
		<name>VR18-002</name>
		<cmt>in 18510 Abtshagen in Richtung Grimmen ca 100 m vor Ortsausgang nach rechts auf Teerstraße abbiegen und bis Waldeingang fahren</cmt>
		<desc>in 18510 Abtshagen in Richtung Grimmen ca 100 m vor Ortsausgang nach rechts auf Teerstraße abbiegen und bis Waldeingang fahren</desc>
		<src>Landesforst Mecklenburg-Vorpommern</src>
	</wpt>
	<wpt lat="54.186401698096866" lon="12.339570081483366">
		<name>LRO16-003</name>
		<cmt>K20; zwischen 18182 Blankenhagen und 18182 Willershagen im Wald; Treffpunkt = einziger Waldweg Richtung OST;;</cmt>
		<desc>K20; zwischen 18182 Blankenhagen und 18182 Willershagen im Wald; Treffpunkt = einziger Waldweg Richtung OST;;</desc>
		<src>Landesforst Mecklenburg-Vorpommern</src>
	</wpt>
	<wpt lat="54.189786939689149" lon="12.190801229354047">
		<name>HRO15-005</name>
		<cmt>Abt. 246, HamannshauschneiseKreuzung zur Markgrafenheider Str., PLZ 18146</cmt>
		<desc>Abt. 246, HamannshauschneiseKreuzung zur Markgrafenheider Str., PLZ 18146</desc>
		<src>Landesforst Mecklenburg-Vorpommern</src>
	</wpt>
	<wpt lat="54.187267149047507" lon="12.934488317899808">
		<name>VR17-003</name>
		<cmt>auf 222 von 18510 Abtshagen in Richtung 18461 Franzburg ca 1,5 km nach Waldeingang Ruheforstparkplatz auf der linken Seite (Ruheforst ist ausgeschildert)</cmt>
		<desc>auf 222 von 18510 Abtshagen in Richtung 18461 Franzburg ca 1,5 km nach Waldeingang Ruheforstparkplatz auf der linken Seite (Ruheforst ist ausgeschildert)</desc>
		<src>Landesforst Mecklenburg-Vorpommern</src>
	</wpt>
	<wpt lat="54.191231823206024" lon="12.178433542886934">
		<name>HRO15-021</name>
		<cmt>RP: Waldparkplatz am Fesselbrandsweg zur Kreuzung auf die Warnemünder Str./ Markgrafenheider Str., PLZ 18146</cmt>
		<desc>RP: Waldparkplatz am Fesselbrandsweg zur Kreuzung auf die Warnemünder Str./ Markgrafenheider Str., PLZ 18146</desc>
		<src>Landesforst Mecklenburg-Vorpommern</src>
	</wpt>
	<wpt lat="54.191148610650728" lon="12.284823882519337">
		<name>LRO15-004</name>
		<cmt>RP: Ecke Steinheidenschneise und B105, PLZ 18182</cmt>
		<desc>RP: Ecke Steinheidenschneise und B105, PLZ 18182</desc>
		<src>Landesforst Mecklenburg-Vorpommern</src>
	</wpt>
	<wpt lat="54.187637423984135" lon="12.975289981844162">
		<name>VR17-002</name>
		<cmt>auf 222 von 18510 Abtshagen in Richtung 18461 Franzburg   ca. 1,3 km nach Waldeingang auf der linken Seite auf dem großen Holzlagerplatz</cmt>
		<desc>auf 222 von 18510 Abtshagen in Richtung 18461 Franzburg   ca. 1,3 km nach Waldeingang auf der linken Seite auf dem großen Holzlagerplatz</desc>
		<src>Landesforst Mecklenburg-Vorpommern</src>
	</wpt>
	<wpt lat="54.190949500588971" lon="12.454070385643986">
		<name>VR16-001</name>
		<cmt>Waldeingang Kirchweg von 18334 Bartelshagen kommend</cmt>
		<desc>Waldeingang Kirchweg von 18334 Bartelshagen kommend</desc>
		<src>Landesforst Mecklenburg-Vorpommern</src>
	</wpt>
	<wpt lat="54.187493591252782" lon="13.085256886164101">
		<name>VR18-033</name>
		<cmt>18510 Wittenhagen, K 16, v. Wittenhagen nach Kakernehl, Ortsausgang, zw. Häuser links bis Waldeingang</cmt>
		<desc>18510 Wittenhagen, K 16, v. Wittenhagen nach Kakernehl, Ortsausgang, zw. Häuser links bis Waldeingang</desc>
		<src>Landesforst Mecklenburg-Vorpommern</src>
	</wpt>
	<wpt lat="54.192945619546833" lon="12.209797443823986">
		<name>HRO15-002</name>
		<cmt>RP: Kuhschneise, nahe Auffahrt L22, PLZ 18146</cmt>
		<desc>RP: Kuhschneise, nahe Auffahrt L22, PLZ 18146</desc>
		<src>Landesforst Mecklenburg-Vorpommern</src>
	</wpt>
	<wpt lat="54.193299211348247" lon="12.168186281968991">
		<name>HRO15-026</name>
		<cmt>RP: Ahrensschneise, Ecke Warnemünder Str., PLZ 18146</cmt>
		<desc>RP: Ahrensschneise, Ecke Warnemünder Str., PLZ 18146</desc>
		<src>Landesforst Mecklenburg-Vorpommern</src>
	</wpt>
	<wpt lat="54.19419498038507" lon="12.260276034557952">
		<name>HRO15-027</name>
		<cmt>RP: Kreuzung Pöstenschneise und Meyershausstellenschneise, PLZ 18182</cmt>
		<desc>RP: Kreuzung Pöstenschneise und Meyershausstellenschneise, PLZ 18182</desc>
		<src>Landesforst Mecklenburg-Vorpommern</src>
	</wpt>
	<wpt lat="54.191832332564431" lon="13.050380203504078">
		<name>VR18-035</name>
		<cmt>18510 Wittenhagen, K 16, von Abtshagen nach Wittenhagen, links Abzweig Gehöft Kunkel, bis Waldeingang rechts</cmt>
		<desc>18510 Wittenhagen, K 16, von Abtshagen nach Wittenhagen, links Abzweig Gehöft Kunkel, bis Waldeingang rechts</desc>
		<src>Landesforst Mecklenburg-Vorpommern</src>
	</wpt>
	<wpt lat="54.197091829596282" lon="12.248588215259808">
		<name>HRO15-030</name>
		<cmt>RP: Entdeckerpfad am Wasserteich, Priesterpfortenschneise, bei Beckersweg und Rodomsheidenschneise, PLZ 18146</cmt>
		<desc>RP: Entdeckerpfad am Wasserteich, Priesterpfortenschneise, bei Beckersweg und Rodomsheidenschneise, PLZ 18146</desc>
		<src>Landesforst Mecklenburg-Vorpommern</src>
	</wpt>
	<wpt lat="54.199514363948225" lon="12.211858708726863">
		<name>HRO07-011</name>
		<cmt>RP: Ecke Wiethäger Schneise und L22, PLZ 18146</cmt>
		<desc>RP: Ecke Wiethäger Schneise und L22, PLZ 18146</desc>
		<src>Landesforst Mecklenburg-Vorpommern</src>
	</wpt>
	<wpt lat="54.200181713655198" lon="12.185935481410629">
		<name>HRO07-020</name>
		<cmt>RP: Kellerheidenweg, Ecke Kuhschneise, PLZ 18146</cmt>
		<desc>RP: Kellerheidenweg, Ecke Kuhschneise, PLZ 18146</desc>
		<src>Landesforst Mecklenburg-Vorpommern</src>
	</wpt>
	<wpt lat="54.20413047789598" lon="12.285261710724406">
		<name>LRO07-009</name>
		<cmt>18182 Gelbensande, Wegekreuzung Meyers Hausstelle</cmt>
		<desc>18182 Gelbensande, Wegekreuzung Meyers Hausstelle</desc>
		<src>Landesforst Mecklenburg-Vorpommern</src>
	</wpt>
	<wpt lat="54.204240937434015" lon="12.313132091213355">
		<name>LRO07-010</name>
		<cmt>Revierförsterei Willershagen in 18182 Gelbensande</cmt>
		<desc>Revierförsterei Willershagen in 18182 Gelbensande</desc>
		<src>Landesforst Mecklenburg-Vorpommern</src>
	</wpt>
	<wpt lat="54.201572577299196" lon="13.010796785311516">
		<name>VR10-011</name>
		<cmt>an B 194, Höhe "Barthebrücke"</cmt>
		<desc>an B 194, Höhe "Barthebrücke"</desc>
		<src>Landesforst Mecklenburg-Vorpommern</src>
	</wpt>
	<wpt lat="54.208811470631893" lon="12.212619099939783">
		<name>HRO07-008</name>
		<cmt>RP: Ecke Georgschneise und L22 am Wallensteinslager, PLZ 18146</cmt>
		<desc>RP: Ecke Georgschneise und L22 am Wallensteinslager, PLZ 18146</desc>
		<src>Landesforst Mecklenburg-Vorpommern</src>
	</wpt>
	<wpt lat="54.20542772028297" lon="13.044508308304804">
		<name>VR10-023</name>
		<cmt>18510 Elmenhorst, L 222, v. Abtshagen nach Elmenhorst, Waldmitte, rechts</cmt>
		<desc>18510 Elmenhorst, L 222, v. Abtshagen nach Elmenhorst, Waldmitte, rechts</desc>
		<src>Landesforst Mecklenburg-Vorpommern</src>
	</wpt>
	<wpt lat="54.210024228958147" lon="12.256375516642711">
		<name>HRO07-021</name>
		<cmt>RP: Kreuzung Pöstenschneise und Langehorstschneise, PLZ 18146</cmt>
		<desc>RP: Kreuzung Pöstenschneise und Langehorstschneise, PLZ 18146</desc>
		<src>Landesforst Mecklenburg-Vorpommern</src>
	</wpt>
	<wpt lat="54.208779492825869" lon="12.654884479946018">
		<name>VR08-019</name>
		<cmt>18320;Ahrenshagen;a.d. L 22 ca. 2 km v. Kreuz Semlow i. Richtg. Ahrenshagen</cmt>
		<desc>18320;Ahrenshagen;a.d. L 22 ca. 2 km v. Kreuz Semlow i. Richtg. Ahrenshagen</desc>
		<src>Landesforst Mecklenburg-Vorpommern</src>
	</wpt>
	<wpt lat="54.209969835681484" lon="12.628673070559561">
		<name>VR08-024</name>
		<cmt>18320 Ahrenshagen, L 22, v. Semlower Kreuz nach Ahrenshagen, letzter Waldweg vor Waldende links, ca, 1, 2 km Waldweg südlich folgen</cmt>
		<desc>18320 Ahrenshagen, L 22, v. Semlower Kreuz nach Ahrenshagen, letzter Waldweg vor Waldende links, ca, 1, 2 km Waldweg südlich folgen</desc>
		<src>Landesforst Mecklenburg-Vorpommern</src>
	</wpt>
	<wpt lat="54.212148682442567" lon="13.006464558724414">
		<name>VR10-022</name>
		<cmt>18510 Abtshagen, B 194, v. Absthagen i.R. Steinhagen, Waldausgang rechts</cmt>
		<desc>18510 Abtshagen, B 194, v. Absthagen i.R. Steinhagen, Waldausgang rechts</desc>
		<src>Landesforst Mecklenburg-Vorpommern</src>
	</wpt>
	<wpt lat="54.215370456751259" lon="12.700921441829506">
		<name>VR09-022</name>
		<cmt>18320;Schlemmin;a.d. L 22 ca. 2,5 km v. Kreuz Ravenhorst i. Richtg. Rib.-Damg. Im Wald</cmt>
		<desc>18320;Schlemmin;a.d. L 22 ca. 2,5 km v. Kreuz Ravenhorst i. Richtg. Rib.-Damg. Im Wald</desc>
		<src>Landesforst Mecklenburg-Vorpommern</src>
	</wpt>
	<wpt lat="54.216850473305115" lon="12.626820372380303">
		<name>VR08-022</name>
		<cmt>18320 Ahrenshagen, L 22 v. Semlower Kreuz i.R. Ahrenshagen, Ortseingang, 1. Abzweig rechts zw. den Häusern bis Waldeingang</cmt>
		<desc>18320 Ahrenshagen, L 22 v. Semlower Kreuz i.R. Ahrenshagen, Ortseingang, 1. Abzweig rechts zw. den Häusern bis Waldeingang</desc>
		<src>Landesforst Mecklenburg-Vorpommern</src>
	</wpt>
	<wpt lat="54.217974319199598" lon="12.358576076366885">
		<name>VR08-027</name>
		<cmt>Altheide, Straße  Langer Damm , 70m hinter Bahnübergang</cmt>
		<desc>Altheide, Straße  Langer Damm , 70m hinter Bahnübergang</desc>
		<src>Landesforst Mecklenburg-Vorpommern</src>
	</wpt>
	<wpt lat="54.216845598557001" lon="12.641858642867183">
		<name>VR08-020</name>
		<cmt>18320 Schlemmin, L 22, v. Semlower Kreuz i.R. Ahrenshagen, Waldmitte rechts a.d. Straße, ca. 2,0 km hinter RP 8-19, dann Waldweg rechts 1,0 km bis  Wendeplatz</cmt>
		<desc>18320 Schlemmin, L 22, v. Semlower Kreuz i.R. Ahrenshagen, Waldmitte rechts a.d. Straße, ca. 2,0 km hinter RP 8-19, dann Waldweg rechts 1,0 km bis  Wendeplatz</desc>
		<src>Landesforst Mecklenburg-Vorpommern</src>
	</wpt>
	<wpt lat="54.222019356369749" lon="12.221479131573405">
		<name>HRO07-006</name>
		<cmt>RP: L22 Ecke Scheidenschneise, PLZ 18146</cmt>
		<desc>RP: L22 Ecke Scheidenschneise, PLZ 18146</desc>
		<src>Landesforst Mecklenburg-Vorpommern</src>
	</wpt>
	<wpt lat="54.220354785298539" lon="12.886613129902655">
		<name>VR09-021</name>
		<cmt>18461 Richtenberg, OT Papenhagen, rechter Abzweig i.R. Wald, ca. 3 km, links Jagdhütte Papenhagen</cmt>
		<desc>18461 Richtenberg, OT Papenhagen, rechter Abzweig i.R. Wald, ca. 3 km, links Jagdhütte Papenhagen</desc>
		<src>Landesforst Mecklenburg-Vorpommern</src>
	</wpt>
	<wpt lat="54.226105139884268" lon="12.252343246023552">
		<name>HRO07-023</name>
		<cmt>RP: Kreuzung Scheidenschneise und Pöstenschneise, PLZ 18146</cmt>
		<desc>RP: Kreuzung Scheidenschneise und Pöstenschneise, PLZ 18146</desc>
		<src>Landesforst Mecklenburg-Vorpommern</src>
	</wpt>
	<wpt lat="54.224775516497232" lon="12.646637229951022">
		<name>VR08-021</name>
		<cmt>18320 Ahrenshagen, L 22 v. Semlower Kreuz i.R. Ahrenshagen, letzter Waldweg Waldende rechts, ca. 3,0 km Waldweg nördlich folgen</cmt>
		<desc>18320 Ahrenshagen, L 22 v. Semlower Kreuz i.R. Ahrenshagen, letzter Waldweg Waldende rechts, ca. 3,0 km Waldweg nördlich folgen</desc>
		<src>Landesforst Mecklenburg-Vorpommern</src>
	</wpt>
	<wpt lat="54.225261261182666" lon="12.70847134457131">
		<name>VR09-038</name>
		<cmt>18320 Schlemmin, L 23, v. Ravenhorster Kreuz i.R. Löbnitz, wie RP 04-005, ca. 1,5 km südwestlich weiter</cmt>
		<desc>18320 Schlemmin, L 23, v. Ravenhorster Kreuz i.R. Löbnitz, wie RP 04-005, ca. 1,5 km südwestlich weiter</desc>
		<src>Landesforst Mecklenburg-Vorpommern</src>
	</wpt>
	<wpt lat="54.22592789726442" lon="12.638487399078855">
		<name>VR08-023</name>
		<cmt>18320 Ahrenshagen, Ortseingang v. Semlower Kreuz kommend, zw. den Häusern hinter RP 04-012, ca. 2,2 km Waldweg</cmt>
		<desc>18320 Ahrenshagen, Ortseingang v. Semlower Kreuz kommend, zw. den Häusern hinter RP 04-012, ca. 2,2 km Waldweg</desc>
		<src>Landesforst Mecklenburg-Vorpommern</src>
	</wpt>
	<wpt lat="54.228300982373561" lon="12.200284088704644">
		<name>HRO07-024</name>
		<cmt>RP: Ecke Vierbirkenschneise und Blocksbrückenweg, PLZ 18146</cmt>
		<desc>RP: Ecke Vierbirkenschneise und Blocksbrückenweg, PLZ 18146</desc>
		<src>Landesforst Mecklenburg-Vorpommern</src>
	</wpt>
	<wpt lat="54.226661836318627" lon="12.67771368376482">
		<name>VR09-018</name>
		<cmt>18320 Schlemmin, v. Schlemin nach Neuenlübke, rechts Waldeingang</cmt>
		<desc>18320 Schlemmin, v. Schlemin nach Neuenlübke, rechts Waldeingang</desc>
		<src>Landesforst Mecklenburg-Vorpommern</src>
	</wpt>
	<wpt lat="54.230039463027566" lon="12.720874311699566">
		<name>VR09-037</name>
		<cmt>18320 Schlemmin, L 23, v. Ravenhorster Kreuz i.R. Löbnitz, ca. 600 m, 1. Waldweg links, ca. 600 m in den Wald</cmt>
		<desc>18320 Schlemmin, L 23, v. Ravenhorster Kreuz i.R. Löbnitz, ca. 600 m, 1. Waldweg links, ca. 600 m in den Wald</desc>
		<src>Landesforst Mecklenburg-Vorpommern</src>
	</wpt>
	<wpt lat="54.231686746589723" lon="13.037449912180991">
		<name>VR10-007</name>
		<cmt>18442 Krummenhagen, i.R. Zarrendorf, Waldeingang</cmt>
		<desc>18442 Krummenhagen, i.R. Zarrendorf, Waldeingang</desc>
		<src>Landesforst Mecklenburg-Vorpommern</src>
	</wpt>
	<wpt lat="54.23576257612887" lon="12.684184347560134">
		<name>VR09-041</name>
		<cmt>18320 Schlemmin, v. Schlemmin i.R. Neuenlübke, Ortsausgang RP 9-18, hier Waldweg nördlich ca. 1200m folgen</cmt>
		<desc>18320 Schlemmin, v. Schlemmin i.R. Neuenlübke, Ortsausgang RP 9-18, hier Waldweg nördlich ca. 1200m folgen</desc>
		<src>Landesforst Mecklenburg-Vorpommern</src>
	</wpt>
	<wpt lat="54.233197241672606" lon="13.060214082241627">
		<name>VR10-006</name>
		<cmt>18510;Zarrendorf;Waldeingang von Zarrendorf nach Krummenhagen</cmt>
		<desc>18510;Zarrendorf;Waldeingang von Zarrendorf nach Krummenhagen</desc>
		<src>Landesforst Mecklenburg-Vorpommern</src>
	</wpt>
	<wpt lat="54.238434433500103" lon="12.735394982299649">
		<name>VR09-036</name>
		<cmt>18320 Schlemmin, L 23, Ravenhorster Kreuz i.R. Löbnitz, ca. 600 m, 1. Waldweg rechst, dann ca. 600 m in den Wald</cmt>
		<desc>18320 Schlemmin, L 23, Ravenhorster Kreuz i.R. Löbnitz, ca. 600 m, 1. Waldweg rechst, dann ca. 600 m in den Wald</desc>
		<src>Landesforst Mecklenburg-Vorpommern</src>
	</wpt>
	<wpt lat="54.238638459615551" lon="12.992477127420026">
		<name>VR09-013</name>
		<cmt>18442 Steinhagen, v.d. Kreuzung B 194/L212 i.R. Richtenberg, gegenüber Feuerwehr rechts ab, Radweg queren bis Waldeingang</cmt>
		<desc>18442 Steinhagen, v.d. Kreuzung B 194/L212 i.R. Richtenberg, gegenüber Feuerwehr rechts ab, Radweg queren bis Waldeingang</desc>
		<src>Landesforst Mecklenburg-Vorpommern</src>
	</wpt>
	<wpt lat="54.241144907590503" lon="12.674937400273672">
		<name>VR09-040</name>
		<cmt>18320 Schlemmin, vom RP 04-007, dem Waldwege-Verlauf  i. nordwestlich Richtung ca. 1,7 km folgen</cmt>
		<desc>18320 Schlemmin, vom RP 04-007, dem Waldwege-Verlauf  i. nordwestlich Richtung ca. 1,7 km folgen</desc>
		<src>Landesforst Mecklenburg-Vorpommern</src>
	</wpt>
	<wpt lat="54.241770863216615" lon="12.692095396687167">
		<name>VR09-039</name>
		<cmt>18320 Schlemmin, v. Ravenhorster Kreuz i.R. Löbnitz, links Abzweig Schlemmin, rechts RP 9-15, hier rechts ca. 2, 2 km in den Wald</cmt>
		<desc>18320 Schlemmin, v. Ravenhorster Kreuz i.R. Löbnitz, links Abzweig Schlemmin, rechts RP 9-15, hier rechts ca. 2, 2 km in den Wald</desc>
		<src>Landesforst Mecklenburg-Vorpommern</src>
	</wpt>
	<wpt lat="54.241510575039889" lon="13.009750998892558">
		<name>VR10-005</name>
		<cmt>18442 Negast, B 194 i.R. Steinhagen, Ortsausgang rechts zum Wald</cmt>
		<desc>18442 Negast, B 194 i.R. Steinhagen, Ortsausgang rechts zum Wald</desc>
		<src>Landesforst Mecklenburg-Vorpommern</src>
	</wpt>
	<wpt lat="54.246049831229371" lon="12.721788828370869">
		<name>VR09-011</name>
		<cmt>18320 Schlemmin, L 23, v. Ravenshorster Kreuz i.R. Löbnitz, hinter Abzweig Schlemmin, Holzplatz an der Straße rechts</cmt>
		<desc>18320 Schlemmin, L 23, v. Ravenshorster Kreuz i.R. Löbnitz, hinter Abzweig Schlemmin, Holzplatz an der Straße rechts</desc>
		<src>Landesforst Mecklenburg-Vorpommern</src>
	</wpt>
	<wpt lat="54.247321953009852" lon="12.733115831355944">
		<name>VR09-035</name>
		<cmt>18320 Schlemmin, L 23, v. Ravenhorster Kreuz i.R. Löbnitz, von RP 09-11, ca. 2,0 km i.d. Wald</cmt>
		<desc>18320 Schlemmin, L 23, v. Ravenhorster Kreuz i.R. Löbnitz, von RP 09-11, ca. 2,0 km i.d. Wald</desc>
		<src>Landesforst Mecklenburg-Vorpommern</src>
	</wpt>
	<wpt lat="54.246189618496345" lon="13.062820821670757">
		<name>VR10-021</name>
		<cmt>18442 Wendorf, v. Zarrendorf i.R. Wendorf, Abzweig Negast, Waldmitte an der Straße links</cmt>
		<desc>18442 Wendorf, v. Zarrendorf i.R. Wendorf, Abzweig Negast, Waldmitte an der Straße links</desc>
		<src>Landesforst Mecklenburg-Vorpommern</src>
	</wpt>
	<wpt lat="54.249728308094703" lon="12.799204055246834">
		<name>VR09-032</name>
		<cmt>18469 Velast, v. Velgast nach Hövet, Waldausgang rechts</cmt>
		<desc>18469 Velast, v. Velgast nach Hövet, Waldausgang rechts</desc>
		<src>Landesforst Mecklenburg-Vorpommern</src>
	</wpt>
	<wpt lat="54.253194193391174" lon="12.329476776592381">
		<name>VR07-002</name>
		<cmt>18311 Neuheide, Ribnitzer Landweg 3; Försterei</cmt>
		<desc>18311 Neuheide, Ribnitzer Landweg 3; Försterei</desc>
		<src>Landesforst Mecklenburg-Vorpommern</src>
	</wpt>
	<wpt lat="54.251900285271461" lon="12.824636967050795">
		<name>VR09-009</name>
		<cmt>18469 Schuenhagen, Am Kronenwald 1, Forstamt Schuenhagen</cmt>
		<desc>18469 Schuenhagen, Am Kronenwald 1, Forstamt Schuenhagen</desc>
		<src>Landesforst Mecklenburg-Vorpommern</src>
	</wpt>
	<wpt lat="54.250943056160629" lon="12.957733007929347">
		<name>VR09-007</name>
		<cmt>18442 Nienhagen Ausgang Nienhagen  östlich i.R. Wald bis Waldeingang</cmt>
		<desc>18442 Nienhagen Ausgang Nienhagen  östlich i.R. Wald bis Waldeingang</desc>
		<src>Landesforst Mecklenburg-Vorpommern</src>
	</wpt>
	<wpt lat="54.255370449713872" lon="12.269841342246032">
		<name>LRO07-001</name>
		<cmt>von Ortslage 18181 Graal- Müritz Bhf_ in nordöstlicher Richtung - Graaler Landweg; ca. 900m ab Waldeingang, große Wegekreuzung im Wald; ehem. Mülldeponie, gepl. Photovoltaikanlage</cmt>
		<desc>von Ortslage 18181 Graal- Müritz Bhf_ in nordöstlicher Richtung - Graaler Landweg; ca. 900m ab Waldeingang, große Wegekreuzung im Wald; ehem. Mülldeponie, gepl. Photovoltaikanlage</desc>
		<src>Landesforst Mecklenburg-Vorpommern</src>
	</wpt>
	<wpt lat="54.252600857496979" lon="13.020188696503741">
		<name>VR10-004</name>
		<cmt>18442 Negast, Ortsmitte, an der Ampel v. Stralsund kommend rechts, bis Waldeingang, letztes Gehöft</cmt>
		<desc>18442 Negast, Ortsmitte, an der Ampel v. Stralsund kommend rechts, bis Waldeingang, letztes Gehöft</desc>
		<src>Landesforst Mecklenburg-Vorpommern</src>
	</wpt>
	<wpt lat="54.270177224579221" lon="12.342742603333571">
		<name>VR08-013</name>
		<cmt>an Kreistraße 1 in Richtung 18347 Neuhaus</cmt>
		<desc>an Kreistraße 1 in Richtung 18347 Neuhaus</desc>
		<src>Landesforst Mecklenburg-Vorpommern</src>
	</wpt>
	<wpt lat="54.273919107923803" lon="12.522613643650939">
		<name>VR08-012</name>
		<cmt>18311 Tempel, durch Ort bis zum Wald, Waldeingang rechts</cmt>
		<desc>18311 Tempel, durch Ort bis zum Wald, Waldeingang rechts</desc>
		<src>Landesforst Mecklenburg-Vorpommern</src>
	</wpt>
	<wpt lat="54.279404063675877" lon="12.86450186924373">
		<name>VR09-043</name>
		<cmt>18469 Velgast, OT Bussin, durch Bussin durch i.R. Kummerow, Waldeingang</cmt>
		<desc>18469 Velgast, OT Bussin, durch Bussin durch i.R. Kummerow, Waldeingang</desc>
		<src>Landesforst Mecklenburg-Vorpommern</src>
	</wpt>
	<wpt lat="54.285818197385211" lon="12.480137351761352">
		<name>VR08-010</name>
		<cmt>18317 Dechowshof i.R. Kückenshagen, direkt an Straße K 2 rechts, Waldeingang</cmt>
		<desc>18317 Dechowshof i.R. Kückenshagen, direkt an Straße K 2 rechts, Waldeingang</desc>
		<src>Landesforst Mecklenburg-Vorpommern</src>
	</wpt>
	<wpt lat="54.286249933969557" lon="12.504643114382088">
		<name>VR08-009</name>
		<cmt>18315 Saal i.R. Kolonie Kückenshagen, Waldeingang</cmt>
		<desc>18315 Saal i.R. Kolonie Kückenshagen, Waldeingang</desc>
		<src>Landesforst Mecklenburg-Vorpommern</src>
	</wpt>
	<wpt lat="54.287263938505056" lon="12.877064832358132">
		<name>VR09-004</name>
		<cmt>18442 Kummerow, durch Kummerow ganz durch i.R. Wald, Waldeingang rechts</cmt>
		<desc>18442 Kummerow, durch Kummerow ganz durch i.R. Wald, Waldeingang rechts</desc>
		<src>Landesforst Mecklenburg-Vorpommern</src>
	</wpt>
	<wpt lat="54.29976220157436" lon="12.857526282923159">
		<name>VR09-003</name>
		<cmt>18442 Kummerow, B 105, 1. Waldparkplatz v. Stralsund kommend i.R. Rostock, rechts</cmt>
		<desc>18442 Kummerow, B 105, 1. Waldparkplatz v. Stralsund kommend i.R. Rostock, rechts</desc>
		<src>Landesforst Mecklenburg-Vorpommern</src>
	</wpt>
	<wpt lat="54.300956765187436" lon="12.8272626053237">
		<name>VR09-002</name>
		<cmt>18469 Karnin, an B 105, 1. Waldparkplatz, v. Karnin kommend i.R. Stralsund rechts</cmt>
		<desc>18469 Karnin, an B 105, 1. Waldparkplatz, v. Karnin kommend i.R. Stralsund rechts</desc>
		<src>Landesforst Mecklenburg-Vorpommern</src>
	</wpt>
	<wpt lat="54.300699570738473" lon="13.161201057808531">
		<name>VR10-003</name>
		<cmt>18574;Gustow;Drigge Baggerloch</cmt>
		<desc>18574;Gustow;Drigge Baggerloch</desc>
		<src>Landesforst Mecklenburg-Vorpommern</src>
	</wpt>
	<wpt lat="54.338348550378463" lon="12.55345849011878">
		<name>VR08-007</name>
		<cmt>18317 Neuendorf-Heide, Waldeingang, rechts auf Waldparkplatz</cmt>
		<desc>18317 Neuendorf-Heide, Waldeingang, rechts auf Waldparkplatz</desc>
		<src>Landesforst Mecklenburg-Vorpommern</src>
	</wpt>
	<wpt lat="54.34519162245418" lon="12.588844117523628">
		<name>VR08-006</name>
		<cmt>18356;Fuhlendorf;an d. L 211 v. Hermannshof nach Fuhlendorf im Wald</cmt>
		<desc>18356;Fuhlendorf;an d. L 211 v. Hermannshof nach Fuhlendorf im Wald</desc>
		<src>Landesforst Mecklenburg-Vorpommern</src>
	</wpt>
	<wpt lat="54.341862062238029" lon="13.723046408772079">
		<name>VR12-002</name>
		<cmt>18586;Göhren;Kreuzung vor Göhren Richtung Lobbe Thiesow</cmt>
		<desc>18586;Göhren;Kreuzung vor Göhren Richtung Lobbe Thiesow</desc>
		<src>Landesforst Mecklenburg-Vorpommern</src>
	</wpt>
	<wpt lat="54.348262323362228" lon="13.381234469688499">
		<name>VR11-010</name>
		<cmt>18574;Karnitz;Golfplatz</cmt>
		<desc>18574;Karnitz;Golfplatz</desc>
		<src>Landesforst Mecklenburg-Vorpommern</src>
	</wpt>
	<wpt lat="54.348025831753667" lon="13.706708257156935">
		<name>VR12-001</name>
		<cmt>18586;Sellin;Haltestelle Kleinbahn; Philippshagen</cmt>
		<desc>18586;Sellin;Haltestelle Kleinbahn; Philippshagen</desc>
		<src>Landesforst Mecklenburg-Vorpommern</src>
	</wpt>
	<wpt lat="54.360446421145042" lon="12.606624159686346">
		<name>VR08-005</name>
		<cmt>18356 Fuhlendorf, v. Bodstedt kommend Ortsmitte Fuhlendorf - in der Kurve rechts in Richtung Wald - Waldeingang Zuwegung i.R. Wald - Gmdeweg</cmt>
		<desc>18356 Fuhlendorf, v. Bodstedt kommend Ortsmitte Fuhlendorf - in der Kurve rechts in Richtung Wald - Waldeingang Zuwegung i.R. Wald - Gmdeweg</desc>
		<src>Landesforst Mecklenburg-Vorpommern</src>
	</wpt>
	<wpt lat="54.391216128336829" lon="12.523242167602216">
		<name>VR08-026</name>
		<cmt>18375 Born, v. Born i.R. Ahrenshoop, ca. 600 m, an der Straße links i.d. Kurve</cmt>
		<desc>18375 Born, v. Born i.R. Ahrenshoop, ca. 600 m, an der Straße links i.d. Kurve</desc>
		<src>Landesforst Mecklenburg-Vorpommern</src>
	</wpt>
	<wpt lat="54.391743694822594" lon="12.531794212050924">
		<name>VR08-002</name>
		<cmt>18375;Born;Einfahrt NPA: Schranke Nordweg/ Wiecker Postweg</cmt>
		<desc>18375;Born;Einfahrt NPA: Schranke Nordweg/ Wiecker Postweg</desc>
		<src>Landesforst Mecklenburg-Vorpommern</src>
	</wpt>
	<wpt lat="54.391852737048964" lon="12.579295868249503">
		<name>VR08-003</name>
		<cmt>18375;Born;Kreuzung Bliensenrader Plattenstraße/ Radweg Born</cmt>
		<desc>18375;Born;Kreuzung Bliensenrader Plattenstraße/ Radweg Born</desc>
		<src>Landesforst Mecklenburg-Vorpommern</src>
	</wpt>
	<wpt lat="54.383470287384938" lon="13.662536506987335">
		<name>VR11-004</name>
		<cmt>18586;Sellin;Wittbüß; Richtung Kreuzeiche</cmt>
		<desc>18586;Sellin;Wittbüß; Richtung Kreuzeiche</desc>
		<src>Landesforst Mecklenburg-Vorpommern</src>
	</wpt>
	<wpt lat="54.387561563691513" lon="13.621226684732289">
		<name>VR11-003</name>
		<cmt>18609;Binz;Torhaus Granitz; Richtung Jagdschloß</cmt>
		<desc>18609;Binz;Torhaus Granitz; Richtung Jagdschloß</desc>
		<src>Landesforst Mecklenburg-Vorpommern</src>
	</wpt>
	<wpt lat="54.402726693013513" lon="12.527647978775388">
		<name>VR03-011</name>
		<cmt>18375;Born;g- Gestell/ Großmutter</cmt>
		<desc>18375;Born;g- Gestell/ Großmutter</desc>
		<src>Landesforst Mecklenburg-Vorpommern</src>
	</wpt>
	<wpt lat="54.40362282752195" lon="12.468373237160346">
		<name>VR03-010</name>
		<cmt>18375;Born;Parkplatz 3- Eichen</cmt>
		<desc>18375;Born;Parkplatz 3- Eichen</desc>
		<src>Landesforst Mecklenburg-Vorpommern</src>
	</wpt>
	<wpt lat="54.396717286776237" lon="13.616014434877274">
		<name>VR11-001</name>
		<cmt>18609;Binz;Tennisplätze</cmt>
		<desc>18609;Binz;Tennisplätze</desc>
		<src>Landesforst Mecklenburg-Vorpommern</src>
	</wpt>
	<wpt lat="54.412119788613857" lon="12.561361093703123">
		<name>VR03-009</name>
		<cmt>18375 Wieck Straße Nordseite Haus 20</cmt>
		<desc>18375 Wieck Straße Nordseite Haus 20</desc>
		<src>Landesforst Mecklenburg-Vorpommern</src>
	</wpt>
	<wpt lat="54.415968617757152" lon="12.532809105949777">
		<name>VR03-008</name>
		<cmt>18375;Wieck;Peters Kreuz</cmt>
		<desc>18375;Wieck;Peters Kreuz</desc>
		<src>Landesforst Mecklenburg-Vorpommern</src>
	</wpt>
	<wpt lat="54.419540269289648" lon="12.581596865129606">
		<name>VR03-006</name>
		<cmt>18375;Wieck;Straße Am Eichberg Wieck Kreuzung alter Schafstall</cmt>
		<desc>18375;Wieck;Straße Am Eichberg Wieck Kreuzung alter Schafstall</desc>
		<src>Landesforst Mecklenburg-Vorpommern</src>
	</wpt>
	<wpt lat="54.418507895230697" lon="12.772388951607988">
		<name>VR04-005</name>
		<cmt>18374;Zingst;Parkplatz Waldeingang Wiecker Weg</cmt>
		<desc>18374;Zingst;Parkplatz Waldeingang Wiecker Weg</desc>
		<src>Landesforst Mecklenburg-Vorpommern</src>
	</wpt>
	<wpt lat="54.420527336579184" lon="12.498881292393813">
		<name>VR03-007</name>
		<cmt>18375;Wieck;Großer Stern</cmt>
		<desc>18375;Wieck;Großer Stern</desc>
		<src>Landesforst Mecklenburg-Vorpommern</src>
	</wpt>
	<wpt lat="54.428916241157857" lon="12.65139726192742">
		<name>VR03-012</name>
		<cmt>18374 Zingst, von Barth  i.R. Prerow, an der Straße, Waldmitte rechts</cmt>
		<desc>18374 Zingst, von Barth  i.R. Prerow, an der Straße, Waldmitte rechts</desc>
		<src>Landesforst Mecklenburg-Vorpommern</src>
	</wpt>
	<wpt lat="54.437664899848912" lon="12.744024599277729">
		<name>VR04-006</name>
		<cmt>westlich von Zingst kommend erste Kreuzung nach ca. 400 m, Zingst vom Seedeich kommend erster Waldweg Richtung Süden erste Kreuzung nach ca. 300 m; oder von Müggenburg in Richtung Osterwald, dem Plattenweg folgend bis zur zweiten Kreuzung nach 660</cmt>
		<desc>westlich von Zingst kommend erste Kreuzung nach ca. 400 m, Zingst vom Seedeich kommend erster Waldweg Richtung Süden erste Kreuzung nach ca. 300 m; oder von Müggenburg in Richtung Osterwald, dem Plattenweg folgend bis zur zweiten Kreuzung nach 660</desc>
		<src>Landesforst Mecklenburg-Vorpommern</src>
	</wpt>
	<wpt lat="54.432909184394603" lon="12.807040133313816">
		<name>VR04-003</name>
		<cmt>18374;Zingst;Zingst Müggenburg im Osterwald am östlichen Waldrand</cmt>
		<desc>18374;Zingst;Zingst Müggenburg im Osterwald am östlichen Waldrand</desc>
		<src>Landesforst Mecklenburg-Vorpommern</src>
	</wpt>
	<wpt lat="54.430969831651602" lon="13.301713782231623">
		<name>VR05-004</name>
		<cmt>18569;Pansevitz;Kreuzung am Hauptweg von Pansevitz nach Dreschvitz an der Jagdhütte</cmt>
		<desc>18569;Pansevitz;Kreuzung am Hauptweg von Pansevitz nach Dreschvitz an der Jagdhütte</desc>
		<src>Landesforst Mecklenburg-Vorpommern</src>
	</wpt>
	<wpt lat="54.470178495151885" lon="13.161826150540071">
		<name>VR05-003</name>
		<cmt>18569;Haide-Ummanz;Kreuzung am Hauptweg nach Haide aus Richtung Waase</cmt>
		<desc>18569;Haide-Ummanz;Kreuzung am Hauptweg nach Haide aus Richtung Waase</desc>
		<src>Landesforst Mecklenburg-Vorpommern</src>
	</wpt>
	<wpt lat="54.495150307283772" lon="13.254986298484614">
		<name>VR05-006</name>
		<cmt>L30,18569 Trent Abfahrt Freesen, in Freesen</cmt>
		<desc>L30,18569 Trent Abfahrt Freesen, in Freesen</desc>
		<src>Landesforst Mecklenburg-Vorpommern</src>
	</wpt>
	<wpt lat="54.517601654326747" lon="13.407171874513448">
		<name>VR06-008</name>
		<cmt>18528;Rappin-Banzelvitz;Auffahrt zum Zeltplatz Banzelvitzer Berge</cmt>
		<desc>18528;Rappin-Banzelvitz;Auffahrt zum Zeltplatz Banzelvitzer Berge</desc>
		<src>Landesforst Mecklenburg-Vorpommern</src>
	</wpt>
	<wpt lat="54.52010506922845" lon="13.64867977833145">
		<name>VR06-007</name>
		<cmt>18546;Sassnitz;L 303 von Sassnitz Eingang Nationalpark</cmt>
		<desc>18546;Sassnitz;L 303 von Sassnitz Eingang Nationalpark</desc>
		<src>Landesforst Mecklenburg-Vorpommern</src>
	</wpt>
	<wpt lat="54.556925944436323" lon="13.638936488256693">
		<name>VR06-005</name>
		<cmt>18551;Hagen;L 303 von Sassnitz kommend vor Abzweig Stubbenkammer</cmt>
		<desc>18551;Hagen;L 303 von Sassnitz kommend vor Abzweig Stubbenkammer</desc>
		<src>Landesforst Mecklenburg-Vorpommern</src>
	</wpt>
	<wpt lat="54.559118897531313" lon="13.637281983331105">
		<name>VR06-004</name>
		<cmt>18551;Hagen;L 303 Abzweig Stubbenkammer</cmt>
		<desc>18551;Hagen;L 303 Abzweig Stubbenkammer</desc>
		<src>Landesforst Mecklenburg-Vorpommern</src>
	</wpt>
	<wpt lat="54.561996883570735" lon="13.62578377788877">
		<name>VR06-003</name>
		<cmt>18551;Hagen;Königstuhl-Parkplatz</cmt>
		<desc>18551;Hagen;Königstuhl-Parkplatz</desc>
		<src>Landesforst Mecklenburg-Vorpommern</src>
	</wpt>
	<wpt lat="54.571728842332782" lon="13.432353829505253">
		<name>VR06-002</name>
		<cmt>L30, 1. Parkplatz hinter 18551 Glowe Richtung Breege</cmt>
		<desc>L30, 1. Parkplatz hinter 18551 Glowe Richtung Breege</desc>
		<src>Landesforst Mecklenburg-Vorpommern</src>
	</wpt>
	<wpt lat="54.585428527258124" lon="13.402681235900733">
		<name>VR06-001</name>
		<cmt>von 18556 Breege die L30 Richtung Glowe am 3. Parkplatz auf der rechten / östl. Seite</cmt>
		<desc>von 18556 Breege die L30 Richtung Glowe am 3. Parkplatz auf der rechten / östl. Seite</desc>
		<src>Landesforst Mecklenburg-Vorpommern</src>
	</wpt>
	<wpt lat="54.610163014836978" lon="13.380893188958726">
		<name>VR02-001</name>
		<cmt>18556;Breege;Parkplatz Schaabe gegenüber Einfahrt Campingplatz Plambeck</cmt>
		<desc>18556;Breege;Parkplatz Schaabe gegenüber Einfahrt Campingplatz Plambeck</desc>
		<src>Landesforst Mecklenburg-Vorpommern</src>
	</wpt>
	<wpt lat="54.666942811741237" lon="13.295924192987513">
		<name>VR01-001</name>
		<cmt>18556;Nonnevitz;Parkplatz Campingplatz /Regenbogen Camp</cmt>
		<desc>18556;Nonnevitz;Parkplatz Campingplatz /Regenbogen Camp</desc>
		<src>Landesforst Mecklenburg-Vorpommern</src>
	</wpt>
	<wpt lat="53.424062173329723" lon="11.669655102350712">
		<name>LUP48-049</name>
		<cmt>K 65 von 19372 Spornitz 1,3 km Richtung 19306 Friedrichsmoor, links Waldkante</cmt>
		<desc>K 65 von 19372 Spornitz 1,3 km Richtung 19306 Friedrichsmoor, links Waldkante</desc>
		<src>Landesforst Mecklenburg-Vorpommern</src>
	</wpt>
	<wpt lat="53.360607290751048" lon="11.701828348218834">
		<name>LUP61-034</name>
		<cmt>K 58 von 19306 Blievenstorf Richtung 19372 Stolpe 2,3 km im Wald rechts</cmt>
		<desc>K 58 von 19306 Blievenstorf Richtung 19372 Stolpe 2,3 km im Wald rechts</desc>
		<src>Landesforst Mecklenburg-Vorpommern</src>
	</wpt>
	<wpt lat="53.366659721517586" lon="11.753607321072947">
		<name>LUP61-035</name>
		<cmt>K 58 von 19372 Stolpe Richtung 19370 Parchim, 450 m hinter der Autobahnbrücke, links</cmt>
		<desc>K 58 von 19372 Stolpe Richtung 19370 Parchim, 450 m hinter der Autobahnbrücke, links</desc>
		<src>Landesforst Mecklenburg-Vorpommern</src>
	</wpt>
	<wpt lat="53.366001693794971" lon="11.983334784578442">
		<name>LUP61-037</name>
		<cmt>von 19376 Groß Pankow Richtung Marnitz, 1,2 km am Waldrand</cmt>
		<desc>von 19376 Groß Pankow Richtung Marnitz, 1,2 km am Waldrand</desc>
		<src>Landesforst Mecklenburg-Vorpommern</src>
	</wpt>
	<wpt lat="53.355682217170049" lon="12.126405586552584">
		<name>LUP62-007</name>
		<cmt>Weg von 19386 Quasslin Richtung Retzow, 0,5 km Waldeingang rechts&amp;#xD;
</cmt>
		<desc>Weg von 19386 Quasslin Richtung Retzow, 0,5 km Waldeingang rechts&amp;#xD;
</desc>
		<src>Landesforst Mecklenburg-Vorpommern</src>
	</wpt>
	<wpt lat="53.371329837065709" lon="12.137921529350082">
		<name>LUP62-008</name>
		<cmt>K 132 von 19395 Klein Dammerow Richtung 19386 Wahlsdorf, 0,7 km Waldeingang links</cmt>
		<desc>K 132 von 19395 Klein Dammerow Richtung 19386 Wahlsdorf, 0,7 km Waldeingang links</desc>
		<src>Landesforst Mecklenburg-Vorpommern</src>
	</wpt>
	<wpt lat="53.977339146082471" lon="11.096016163683895">
		<name>NWM23-031</name>
		<cmt>Hof Hoher Schönberg Waldeingang</cmt>
		<desc>Hof Hoher Schönberg Waldeingang</desc>
		<src>Landesforst Mecklenburg-Vorpommern</src>
	</wpt>
	<wpt lat="53.955534093546824" lon="11.06394923754431">
		<name>NWM23-032</name>
		<cmt>Borkenhagen: von Kalkhorst Richtung Rankendorf Waldeingang</cmt>
		<desc>Borkenhagen: von Kalkhorst Richtung Rankendorf Waldeingang</desc>
		<src>Landesforst Mecklenburg-Vorpommern</src>
	</wpt>
	<wpt lat="53.949294446094896" lon="11.099174159154931">
		<name>NWM23-033</name>
		<cmt>Kühlenstein Waldeingang</cmt>
		<desc>Kühlenstein Waldeingang</desc>
		<src>Landesforst Mecklenburg-Vorpommern</src>
	</wpt>
	<wpt lat="53.861923328144172" lon="11.28278025283638">
		<name>NWM23-034</name>
		<cmt>Parkplatz Barendorfer Wald Grosssteingrab Süd</cmt>
		<desc>Parkplatz Barendorfer Wald Grosssteingrab Süd</desc>
		<src>Landesforst Mecklenburg-Vorpommern</src>
	</wpt>
	<wpt lat="53.873502701987078" lon="11.304573645159255">
		<name>NWM23-035</name>
		<cmt>Ortseingang Jamel aus Gressow kommend</cmt>
		<desc>Ortseingang Jamel aus Gressow kommend</desc>
		<src>Landesforst Mecklenburg-Vorpommern</src>
	</wpt>
	<wpt lat="53.879460470591852" lon="11.317242271153546">
		<name>NWM23-036</name>
		<cmt>Feldweg von Jamel nach rechts ca. 2km Richtung Alt Jassewitz</cmt>
		<desc>Feldweg von Jamel nach rechts ca. 2km Richtung Alt Jassewitz</desc>
		<src>Landesforst Mecklenburg-Vorpommern</src>
	</wpt>
	<wpt lat="53.59702" lon="12.22675">
		<name>LUP49-031</name>
		<cmt>Grüner Jäger</cmt>
		<desc>Grüner Jäger</desc>
		<src>Landesforst Mecklenburg-Vorpommern</src>
	</wpt>
	<wpt lat="53.58029032434343" lon="12.136078413020499">
		<name>LUP49-032</name>
		<cmt>Mildenitzbrücke Wendisch Waren</cmt>
		<desc>Mildenitzbrücke Wendisch Waren</desc>
		<src>Landesforst Mecklenburg-Vorpommern</src>
	</wpt>
	<wpt lat="53.653863532236308" lon="11.873234448250333">
		<name>LUP36-058</name>
		<cmt>gegenüber Einfahrt ehem. Blücher-Kaserne</cmt>
		<desc>gegenüber Einfahrt ehem. Blücher-Kaserne</desc>
		<src>Landesforst Mecklenburg-Vorpommern</src>
	</wpt>
	<wpt lat="53.71401" lon="11.75733">
		<name>LUP36-059</name>
		<cmt>Gabelung Demen-Weitendorfer-Weg / Kobrow-Weitendorfer-Weg</cmt>
		<desc>Gabelung Demen-Weitendorfer-Weg / Kobrow-Weitendorfer-Weg</desc>
		<src>Landesforst Mecklenburg-Vorpommern</src>
	</wpt>
	<wpt lat="53.68268" lon="11.79407">
		<name>LUP36-060</name>
		<cmt>Waldeinfahrt Kobrow/Seehof (ehem. Feuerwachturm)</cmt>
		<desc>Waldeinfahrt Kobrow/Seehof (ehem. Feuerwachturm)</desc>
		<src>Landesforst Mecklenburg-Vorpommern</src>
	</wpt>
	<wpt lat="53.64154" lon="11.76331">
		<name>LUP36-061</name>
		<cmt>Zufahrt Schießplatz Demen</cmt>
		<desc>Zufahrt Schießplatz Demen</desc>
		<src>Landesforst Mecklenburg-Vorpommern</src>
	</wpt>
	<wpt lat="53.641397100297418" lon="11.738365200669213">
		<name>LUP36-062</name>
		<cmt>Verbindugsstraße Demen - Venzkow</cmt>
		<desc>Verbindugsstraße Demen - Venzkow</desc>
		<src>Landesforst Mecklenburg-Vorpommern</src>
	</wpt>
	<wpt lat="53.6725" lon="11.71499">
		<name>LUP36-063</name>
		<cmt>Waldeingang Betonstraße von Jülchendorf</cmt>
		<desc>Waldeingang Betonstraße von Jülchendorf</desc>
		<src>Landesforst Mecklenburg-Vorpommern</src>
	</wpt>
	<wpt lat="53.63889" lon="11.6777">
		<name>LUP36-064</name>
		<cmt>Hauptzufahrt Kölpin</cmt>
		<desc>Hauptzufahrt Kölpin</desc>
		<src>Landesforst Mecklenburg-Vorpommern</src>
	</wpt>
	<wpt lat="53.65261" lon="11.72359">
		<name>LUP36-065</name>
		<cmt>Waldeinfahrt von Venzkow</cmt>
		<desc>Waldeinfahrt von Venzkow</desc>
		<src>Landesforst Mecklenburg-Vorpommern</src>
	</wpt>
	<wpt lat="53.35301" lon="12.08389">
		<name>LUP62-009</name>
		<cmt>Von Wahlstorf aus Landweg Richtung Südwesten, Waldkante ( An den Roteichen )</cmt>
		<desc>Von Wahlstorf aus Landweg Richtung Südwesten, Waldkante ( An den Roteichen )</desc>
		<src>Landesforst Mecklenburg-Vorpommern</src>
	</wpt>
	<wpt lat="53.35937" lon="12.17531">
		<name>LUP62-010</name>
		<cmt>Von Retzow aus Landweg Richtung West-Südwesten, Kreuzung im Wald ( neben Infotafel )</cmt>
		<desc>Von Retzow aus Landweg Richtung West-Südwesten, Kreuzung im Wald ( neben Infotafel )</desc>
		<src>Landesforst Mecklenburg-Vorpommern</src>
	</wpt>
	<wpt lat="53.975480167519819" lon="13.647632839171667">
		<name>VG30-002</name>
		<cmt>B 109, in Richtung 17495 Steinfurth bis Buswendeschleife, am alten Kulturhaus in Richtung Wald, Waldeingang</cmt>
		<desc>B 109, in Richtung 17495 Steinfurth bis Buswendeschleife, am alten Kulturhaus in Richtung Wald, Waldeingang</desc>
		<src>Landesforst Mecklenburg-Vorpommern</src>
	</wpt>
	<wpt lat="53.567708412564706" lon="13.379943464641544">
		<name>MSE53-036</name>
		<cmt/>
		<desc/>
		<src>Landesforst Mecklenburg-Vorpommern</src>
	</wpt>
	<wpt lat="54.430882982494886" lon="12.922174906428149">
		<name>VR04-007</name>
		<cmt>östlichstes Ende des Rad- und Wanderweges nach Pramort, unmittelbar in der Mitte der vorhandenen Wendeschleife</cmt>
		<desc>östlichstes Ende des Rad- und Wanderweges nach Pramort, unmittelbar in der Mitte der vorhandenen Wendeschleife</desc>
		<src>Landesforst Mecklenburg-Vorpommern</src>
	</wpt>
	<wpt lat="53.597348531965949" lon="13.414315792092763">
		<name>MSE53-001</name>
		<cmt>17099 Glienke in Richtung 17039 Luisenhof an Waldaußenkante; Abt. 6411</cmt>
		<desc>17099 Glienke in Richtung 17039 Luisenhof an Waldaußenkante; Abt. 6411</desc>
		<src>Landesforst Mecklenburg-Vorpommern</src>
	</wpt>
	<wpt lat="53.255536760257819" lon="11.16842779786433">
		<name>LUP59-054</name>
		<cmt/>
		<desc/>
		<src>Landesforst Mecklenburg-Vorpommern</src>
	</wpt>
	<wpt lat="53.250422055072583" lon="11.191896453943077">
		<name>LUP59-055</name>
		<cmt/>
		<desc/>
		<src>Landesforst Mecklenburg-Vorpommern</src>
	</wpt>
	<wpt lat="53.277278300612892" lon="11.187266497221135">
		<name>LUP59-056</name>
		<cmt/>
		<desc/>
		<src>Landesforst Mecklenburg-Vorpommern</src>
	</wpt>
</gpx>