<?xml version="1.0" encoding="UTF-8"?>
<gpx xmlns="http://www.topografix.com/GPX/1/1" version="1.1" creator="FME(R) 2021.1.0.1">
	<metadata>
		<time>2025-10-20T13:46:19+02:00</time>
		<bounds minlat="51.310100073370236" minlon="6.8874653047778489" maxlat="53.865777484042738" maxlon="11.529711700585333"/>
	</metadata>
	<wpt lat="51.401836" lon="9.648326">
		<name>GÖ-45</name>
		<cmt>Beginn Siechenbergweg</cmt>
		<desc>Beginn Siechenbergweg</desc>
		<src>Stadt Hann. Münden Betrieb Stadtwald</src>
	</wpt>
	<wpt lat="53.033258077405641" lon="10.888170970479482">
		<name>DAN-005</name>
		<cmt>K 21; Middefeitz - Ortsmitte</cmt>
		<desc>K 21; Middefeitz - Ortsmitte</desc>
		<src>Niedersächsische Landesforsten</src>
	</wpt>
	<wpt lat="53.185394893028111" lon="9.8396299478089357">
		<name>HK-H7</name>
		<cmt/>
		<desc/>
		<src>Niedersächsische Landesforsten</src>
	</wpt>
	<wpt lat="53.148990573317029" lon="9.9850920732923765">
		<name>HK-H1</name>
		<cmt/>
		<desc/>
		<src>Niedersächsische Landesforsten</src>
	</wpt>
	<wpt lat="52.449129267954483" lon="9.9556854673856563">
		<name>H-2257</name>
		<cmt>HE15/HE16</cmt>
		<desc>HE15/HE16</desc>
		<src>Stadt Burgdorf</src>
	</wpt>
	<wpt lat="52.189441984742373" lon="9.5722039260700811">
		<name>H-109</name>
		<cmt>II Jagdschloß Springe</cmt>
		<desc>II Jagdschloß Springe</desc>
		<src>Niedersächsische Landesforsten</src>
	</wpt>
	<wpt lat="52.85117" lon="10.188551">
		<name>CE-201</name>
		<cmt>Heidefläche Haußelberg, Zisterne</cmt>
		<desc>Heidefläche Haußelberg, Zisterne</desc>
		<src>FBG Celler Land</src>
	</wpt>
	<wpt lat="52.823238" lon="10.136178">
		<name>CE-202</name>
		<cmt>Parkplatz Misselhorner Heide</cmt>
		<desc>Parkplatz Misselhorner Heide</desc>
		<src>FBG Celler Land</src>
	</wpt>
	<wpt lat="52.805149" lon="10.145341">
		<name>CE-203</name>
		<cmt>Parkplatz Eicksberg</cmt>
		<desc>Parkplatz Eicksberg</desc>
		<src>FBG Celler Land</src>
	</wpt>
	<wpt lat="52.788989" lon="10.125112">
		<name>CE-204</name>
		<cmt>Parkplatz Angelsbecksteich</cmt>
		<desc>Parkplatz Angelsbecksteich</desc>
		<src>FBG Celler Land</src>
	</wpt>
	<wpt lat="52.881199" lon="10.064202">
		<name>CE-205</name>
		<cmt>Siebenarm am Wietzer Berg</cmt>
		<desc>Siebenarm am Wietzer Berg</desc>
		<src>FBG Celler Land</src>
	</wpt>
	<wpt lat="51.427273" lon="9.685646">
		<name>GÖ-61</name>
		<cmt>am Ende der Hermanshägerstraße</cmt>
		<desc>am Ende der Hermanshägerstraße</desc>
		<src>Stadt Hann. Münden Betrieb Stadtwald</src>
	</wpt>
	<wpt lat="51.413004" lon="9.68399">
		<name>GÖ-148</name>
		<cmt>B 80, Schranke am Kunthsweg</cmt>
		<desc>B 80, Schranke am Kunthsweg</desc>
		<src>Stadt Hann. Münden Betrieb Stadtwald</src>
	</wpt>
	<wpt lat="51.431186" lon="9.679867">
		<name>GÖ-62</name>
		<cmt>Trinkwasserbrunnen Kellersberg</cmt>
		<desc>Trinkwasserbrunnen Kellersberg</desc>
		<src>Stadt Hann. Münden Betrieb Stadtwald</src>
	</wpt>
	<wpt lat="51.437946" lon="9.66411">
		<name>GÖ-63</name>
		<cmt>gegenüber Industriestraße 14 im Gewerbegebiet Volkmarshausen</cmt>
		<desc>gegenüber Industriestraße 14 im Gewerbegebiet Volkmarshausen</desc>
		<src>Stadt Hann. Münden Betrieb Stadtwald</src>
	</wpt>
	<wpt lat="51.42896" lon="9.65083">
		<name>GÖ-64</name>
		<cmt>Ende Straße Heidewinkel am Parkplatz hinter Bahntunnel</cmt>
		<desc>Ende Straße Heidewinkel am Parkplatz hinter Bahntunnel</desc>
		<src>Stadt Hann. Münden Betrieb Stadtwald</src>
	</wpt>
	<wpt lat="51.391215" lon="9.78749">
		<name>GÖ-31</name>
		<cmt>B 80 Hedemünden - Witzenhausen,  am Steintor</cmt>
		<desc>B 80 Hedemünden - Witzenhausen,  am Steintor</desc>
		<src>Stadt Hann. Münden Betrieb Stadtwald</src>
	</wpt>
	<wpt lat="51.399347" lon="9.765564">
		<name>GÖ-38</name>
		<cmt>K 206 Hedemünden - Meensen, 1. Weg rechts oberhalb BAB A7</cmt>
		<desc>K 206 Hedemünden - Meensen, 1. Weg rechts oberhalb BAB A7</desc>
		<src>Stadt Hann. Münden Betrieb Stadtwald</src>
	</wpt>
	<wpt lat="51.399957" lon="9.785272">
		<name>GÖ-151</name>
		<cmt>L 3468 Elleröder Straße,  Waldeingang Festentalsgrundweg</cmt>
		<desc>L 3468 Elleröder Straße,  Waldeingang Festentalsgrundweg</desc>
		<src>Stadt Hann. Münden Betrieb Stadtwald</src>
	</wpt>
	<wpt lat="51.398852" lon="9.727524">
		<name>GÖ-39</name>
		<cmt>B 80 Hedemünden - Hann. Münden an Bahnbrücke/ Rastplatz</cmt>
		<desc>B 80 Hedemünden - Hann. Münden an Bahnbrücke/ Rastplatz</desc>
		<src>Stadt Hann. Münden Betrieb Stadtwald</src>
	</wpt>
	<wpt lat="51.478462" lon="9.671862">
		<name>GÖ-152</name>
		<cmt>Teichanlage oberhalb Wohnmobilstellplatz</cmt>
		<desc>Teichanlage oberhalb Wohnmobilstellplatz</desc>
		<src>Realgemeinde Bühren</src>
	</wpt>
	<wpt lat="51.485052" lon="9.689193">
		<name>GÖ-153</name>
		<cmt>K 225 Ortsausgang Bühren - Varlosen</cmt>
		<desc>K 225 Ortsausgang Bühren - Varlosen</desc>
		<src>Realgemeinde Bühren</src>
	</wpt>
	<wpt lat="51.445263" lon="9.728163">
		<name>GÖ-72</name>
		<cmt>alte Verbindungsstraße Scheden - Wiershausen</cmt>
		<desc>alte Verbindungsstraße Scheden - Wiershausen</desc>
		<src>Forstgenossenschaft Oberscheden</src>
	</wpt>
	<wpt lat="51.462039" lon="9.756755">
		<name>GÖ-154</name>
		<cmt>alte Jühnder Straße am Wetenborn</cmt>
		<desc>alte Jühnder Straße am Wetenborn</desc>
		<src>Forstgenossenschaft Oberscheden</src>
	</wpt>
	<wpt lat="51.462192" lon="9.738541">
		<name>GÖ-155</name>
		<cmt>Abzweig am Bahndamm beim Stanzwerk Oberscheden</cmt>
		<desc>Abzweig am Bahndamm beim Stanzwerk Oberscheden</desc>
		<src>Forstgenossenschaft Oberscheden</src>
	</wpt>
	<wpt lat="52.845475" lon="9.972643">
		<name>CE-206</name>
		<cmt>Ortseingang Nindorf, Kreuzung K11/ K12</cmt>
		<desc>Ortseingang Nindorf, Kreuzung K11/ K12</desc>
		<src>FBG Celler Land</src>
	</wpt>
	<wpt lat="52.779904" lon="9.95454">
		<name>CE-208</name>
		<cmt>K 67 Offener Straße, Waldeingang</cmt>
		<desc>K 67 Offener Straße, Waldeingang</desc>
		<src>FBG Celler Land</src>
	</wpt>
	<wpt lat="51.40869" lon="9.634348">
		<name>GÖ-51</name>
		<cmt>Parkplatz Haus der Nationen, Ende Pionierstraße am Waldrand</cmt>
		<desc>Parkplatz Haus der Nationen, Ende Pionierstraße am Waldrand</desc>
		<src>Stadt Hann. Münden Betrieb Stadtwald</src>
	</wpt>
	<wpt lat="51.365675" lon="9.643933">
		<name>GÖ-20</name>
		<cmt>Lutterberger Lehmweg</cmt>
		<desc>Lutterberger Lehmweg</desc>
		<src>Stadt Hann. Münden Betrieb Stadtwald</src>
	</wpt>
	<wpt lat="51.374083" lon="9.655643">
		<name>GÖ-23</name>
		<cmt>Gasthaus Rinderstall Alm</cmt>
		<desc>Gasthaus Rinderstall Alm</desc>
		<src>Stadt Hann. Münden Betrieb Stadtwald</src>
	</wpt>
	<wpt lat="51.378189" lon="9.664633">
		<name>GÖ-27</name>
		<cmt>Fuhrmannstein</cmt>
		<desc>Fuhrmannstein</desc>
		<src>Stadt Hann. Münden Betrieb Stadtwald</src>
	</wpt>
	<wpt lat="51.380055" lon="9.635519">
		<name>GÖ-28</name>
		<cmt>B 496/ Kehre Gierstein</cmt>
		<desc>B 496/ Kehre Gierstein</desc>
		<src>Stadt Hann. Münden Betrieb Stadtwald</src>
	</wpt>
	<wpt lat="51.38119" lon="9.576813">
		<name>GÖ-29</name>
		<cmt>Einmündung Wemmbergweg/ K 215</cmt>
		<desc>Einmündung Wemmbergweg/ K 215</desc>
		<src>Stadt Hann. Münden Betrieb Stadtwald</src>
	</wpt>
	<wpt lat="51.381855" lon="9.566945">
		<name>GÖ-30</name>
		<cmt>Einmündung Hakenbornweg/ K 215</cmt>
		<desc>Einmündung Hakenbornweg/ K 215</desc>
		<src>Stadt Hann. Münden Betrieb Stadtwald</src>
	</wpt>
	<wpt lat="51.388528" lon="9.630336">
		<name>GÖ-34</name>
		<cmt>B 496/ Franzosenbrücke</cmt>
		<desc>B 496/ Franzosenbrücke</desc>
		<src>Stadt Hann. Münden Betrieb Stadtwald</src>
	</wpt>
	<wpt lat="51.392773" lon="9.619371">
		<name>GÖ-35</name>
		<cmt>B 496/ Kehre Bohlweg</cmt>
		<desc>B 496/ Kehre Bohlweg</desc>
		<src>Stadt Hann. Münden Betrieb Stadtwald</src>
	</wpt>
	<wpt lat="51.400284" lon="9.656247">
		<name>GÖ-44</name>
		<cmt>Kreuzung Vogelsang/ Berliner Ring</cmt>
		<desc>Kreuzung Vogelsang/ Berliner Ring</desc>
		<src>Stadt Hann. Münden Betrieb Stadtwald</src>
	</wpt>
	<wpt lat="51.399078" lon="9.626418">
		<name>GÖ-47</name>
		<cmt>Dorfgemeinschaftshaus Bonaforth</cmt>
		<desc>Dorfgemeinschaftshaus Bonaforth</desc>
		<src>Stadt Hann. Münden Betrieb Stadtwald</src>
	</wpt>
	<wpt lat="51.402172" lon="9.584891">
		<name>GÖ-48</name>
		<cmt>Wehr Wilhelmshausen</cmt>
		<desc>Wehr Wilhelmshausen</desc>
		<src>Stadt Hann. Münden Betrieb Stadtwald</src>
	</wpt>
	<wpt lat="51.395526" lon="9.633047">
		<name>GÖ-46</name>
		<cmt>B 496/ Hoher Spieß</cmt>
		<desc>B 496/ Hoher Spieß</desc>
		<src>Stadt Hann. Münden Betrieb Stadtwald</src>
	</wpt>
	<wpt lat="51.373609" lon="9.576336">
		<name>GÖ-150</name>
		<cmt>Sportplatz Speele/Haus Waldfried</cmt>
		<desc>Sportplatz Speele/Haus Waldfried</desc>
		<src>Forstgenossenschaft und Realgemeinde Speele</src>
	</wpt>
	<wpt lat="51.484763" lon="9.679776">
		<name>GÖ-84</name>
		<cmt>Bühren an der Kirche</cmt>
		<desc>Bühren an der Kirche</desc>
		<src>Realgemeinde Bühren</src>
	</wpt>
	<wpt lat="52.802564" lon="10.017194">
		<name>CE-207</name>
		<cmt>Kreuzung  Hühnenburg, Hühnenburger Weg</cmt>
		<desc>Kreuzung  Hühnenburg, Hühnenburger Weg</desc>
		<src>FBG Celler Land</src>
	</wpt>
	<wpt lat="52.757253" lon="9.91234">
		<name>CE-209</name>
		<cmt>Parkplatz Gedenkstätte Bergen-Belsen</cmt>
		<desc>Parkplatz Gedenkstätte Bergen-Belsen</desc>
		<src>FBG Celler Land</src>
	</wpt>
	<wpt lat="52.747104" lon="9.977572">
		<name>CE-210</name>
		<cmt>B 3 Grünewald, Parkplatz Waffenalms</cmt>
		<desc>B 3 Grünewald, Parkplatz Waffenalms</desc>
		<src>FBG Celler Land</src>
	</wpt>
	<wpt lat="52.75023" lon="10.007232">
		<name>CE-211</name>
		<cmt>K 24 Hasseler Straße, KM 2,6</cmt>
		<desc>K 24 Hasseler Straße, KM 2,6</desc>
		<src>FBG Celler Land</src>
	</wpt>
	<wpt lat="52.753814" lon="10.051646">
		<name>CE-212</name>
		<cmt>Eversen Dorfstraße, Kanuanleger</cmt>
		<desc>Eversen Dorfstraße, Kanuanleger</desc>
		<src>FBG Celler Land</src>
	</wpt>
	<wpt lat="52.732344" lon="10.028137">
		<name>CE-213</name>
		<cmt>Feuerschützenbostel, Ruheforst</cmt>
		<desc>Feuerschützenbostel, Ruheforst</desc>
		<src>FBG Celler Land</src>
	</wpt>
	<wpt lat="52.743854" lon="9.880875">
		<name>CE-214</name>
		<cmt>Gudehausen</cmt>
		<desc>Gudehausen</desc>
		<src>FBG Celler Land</src>
	</wpt>
	<wpt lat="52.711816" lon="9.881119">
		<name>CE-215</name>
		<cmt>K 63 nördlich Brunsiek, KM 27,55</cmt>
		<desc>K 63 nördlich Brunsiek, KM 27,55</desc>
		<src>FBG Celler Land</src>
	</wpt>
	<wpt lat="52.691599" lon="9.842057">
		<name>CE-216</name>
		<cmt>L  180 Bostelberg, Abzweig Meißendorf</cmt>
		<desc>L  180 Bostelberg, Abzweig Meißendorf</desc>
		<src>FBG Celler Land</src>
	</wpt>
	<wpt lat="52.690934" lon="9.801662">
		<name>CE-217</name>
		<cmt>Bannetze, Ochsentrift</cmt>
		<desc>Bannetze, Ochsentrift</desc>
		<src>FBG Celler Land</src>
	</wpt>
	<wpt lat="52.701679" lon="9.740871">
		<name>CE-218</name>
		<cmt>Thören, Bruchweg</cmt>
		<desc>Thören, Bruchweg</desc>
		<src>FBG Celler Land</src>
	</wpt>
	<wpt lat="52.670251" lon="9.843987">
		<name>CE-219</name>
		<cmt>Hornbostel, Trift</cmt>
		<desc>Hornbostel, Trift</desc>
		<src>FBG Celler Land</src>
	</wpt>
	<wpt lat="52.455087218452825" lon="10.046055712221216">
		<name>H-2213</name>
		<cmt>DA02</cmt>
		<desc>DA02</desc>
		<src>Stadt Burgdorf</src>
	</wpt>
	<wpt lat="52.896005" lon="7.48377">
		<name>031</name>
		<cmt>31 Werpeloh Schafmoorweg</cmt>
		<desc>31 Werpeloh Schafmoorweg</desc>
		<src>Samtgemeinde Sögel</src>
	</wpt>
	<wpt lat="53.811615608606168" lon="8.6253404645649336">
		<name>Cux-912</name>
		<cmt>DBU GmbH</cmt>
		<desc>DBU GmbH</desc>
		<src>Stadt Cuxhaven</src>
	</wpt>
	<wpt lat="53.801274607065707" lon="8.624628318171828">
		<name>Cux-913</name>
		<cmt>Bundesforst</cmt>
		<desc>Bundesforst</desc>
		<src>Stadt Cuxhaven</src>
	</wpt>
	<wpt lat="53.38514876173268" lon="9.839932781387235">
		<name>WL-H3</name>
		<cmt/>
		<desc/>
		<src>Niedersächsische Landesforsten</src>
	</wpt>
	<wpt lat="52.095733528286466" lon="9.1672581112489322">
		<name>HM-76</name>
		<cmt>Schevelstein Nr. 1</cmt>
		<desc>Schevelstein Nr. 1</desc>
		<src>Niedersächsische Landesforsten</src>
	</wpt>
	<wpt lat="52.480037573923298" lon="9.9711076029185008">
		<name>H-2252</name>
		<cmt>SC54/SC56</cmt>
		<desc>SC54/SC56</desc>
		<src>Stadt Burgdorf</src>
	</wpt>
	<wpt lat="52.485157282985945" lon="9.9671658748306378">
		<name>H-2253</name>
		<cmt>SC54/SC55</cmt>
		<desc>SC54/SC55</desc>
		<src>Stadt Burgdorf</src>
	</wpt>
	<wpt lat="52.486345325638545" lon="9.9706168394953334">
		<name>H-2254</name>
		<cmt>SC51/SC52</cmt>
		<desc>SC51/SC52</desc>
		<src>Stadt Burgdorf</src>
	</wpt>
	<wpt lat="52.483690518175607" lon="9.976913770744062">
		<name>H-2255</name>
		<cmt>SC49</cmt>
		<desc>SC49</desc>
		<src>Stadt Burgdorf</src>
	</wpt>
	<wpt lat="52.464961526993875" lon="9.9559522369501341">
		<name>H-2256</name>
		<cmt>SC16</cmt>
		<desc>SC16</desc>
		<src>Stadt Burgdorf</src>
	</wpt>
	<wpt lat="52.563327" lon="8.8942889993330621">
		<name>UW-OHLS</name>
		<cmt>Ohlensehlen UW</cmt>
		<desc>Ohlensehlen UW</desc>
		<src>TenneT TSO GmbH</src>
	</wpt>
	<wpt lat="52.16567899966654" lon="10.369861999787933">
		<name>UW-HALL</name>
		<cmt>Hallendorf UW</cmt>
		<desc>Hallendorf UW</desc>
		<src>TenneT TSO GmbH</src>
	</wpt>
	<wpt lat="52.367973000236184" lon="10.762848000540266">
		<name>UW-HATT</name>
		<cmt>Hattorf UW</cmt>
		<desc>Hattorf UW</desc>
		<src>TenneT TSO GmbH</src>
	</wpt>
	<wpt lat="52.027001000269557" lon="9.387438999778686">
		<name>UW-GROH</name>
		<cmt>Grohnde UW</cmt>
		<desc>Grohnde UW</desc>
		<src>TenneT TSO GmbH</src>
	</wpt>
	<wpt lat="53.219572999908578" lon="10.380615000651106">
		<name>UW-LUEN</name>
		<cmt>Lüneburg UW</cmt>
		<desc>Lüneburg UW</desc>
		<src>TenneT TSO GmbH</src>
	</wpt>
	<wpt lat="52.993" lon="10.383615">
		<name>UW-STAD</name>
		<cmt>Stadorf UW</cmt>
		<desc>Stadorf UW</desc>
		<src>TenneT TSO GmbH</src>
	</wpt>
	<wpt lat="52.301011999811323" lon="10.505425999494745">
		<name>UW-BRAN</name>
		<cmt>Braunschweig/N UW</cmt>
		<desc>Braunschweig/N UW</desc>
		<src>TenneT TSO GmbH</src>
	</wpt>
	<wpt lat="52.23725800011885" lon="10.418211">
		<name>UW-GLEI</name>
		<cmt>Gleidingen UW</cmt>
		<desc>Gleidingen UW</desc>
		<src>TenneT TSO GmbH</src>
	</wpt>
	<wpt lat="52.293385999708207" lon="10.234160000638887">
		<name>UW-KILS</name>
		<cmt>Klein Ilsede UW</cmt>
		<desc>Klein Ilsede UW</desc>
		<src>TenneT TSO GmbH</src>
	</wpt>
	<wpt lat="52.31415400019835" lon="10.086490999831602">
		<name>UW-MEHR</name>
		<cmt>Mehrum UW</cmt>
		<desc>Mehrum UW</desc>
		<src>TenneT TSO GmbH</src>
	</wpt>
	<wpt lat="52.282678000083664" lon="10.365642000304117">
		<name>UW-WAHL</name>
		<cmt>Wahle UW</cmt>
		<desc>Wahle UW</desc>
		<src>TenneT TSO GmbH</src>
	</wpt>
	<wpt lat="52.980281999585387" lon="7.2555109995859945">
		<name>UW-DOEW</name>
		<cmt>Dörpen/W UW</cmt>
		<desc>Dörpen/W UW</desc>
		<src>TenneT TSO GmbH</src>
	</wpt>
	<wpt lat="52.87025" lon="7.1951059994057118">
		<name>UW-NLAN</name>
		<cmt>Niederlangen UW</cmt>
		<desc>Niederlangen UW</desc>
		<src>TenneT TSO GmbH</src>
	</wpt>
	<wpt lat="52.359812" lon="9.5198019999183856">
		<name>UW-HANW</name>
		<cmt>Hannover/W UW</cmt>
		<desc>Hannover/W UW</desc>
		<src>TenneT TSO GmbH</src>
	</wpt>
	<wpt lat="52.37901699972268" lon="9.9207859992911942">
		<name>UW-LEHR</name>
		<cmt>Lehrte UW</cmt>
		<desc>Lehrte UW</desc>
		<src>TenneT TSO GmbH</src>
	</wpt>
	<wpt lat="52.277768999815457" lon="9.9174330000752029">
		<name>UW-ALGE</name>
		<cmt>Algermissen UW</cmt>
		<desc>Algermissen UW</desc>
		<src>TenneT TSO GmbH</src>
	</wpt>
	<wpt lat="52.00239" lon="9.795912">
		<name>UW-GODE</name>
		<cmt>Godenau UW</cmt>
		<desc>Godenau UW</desc>
		<src>TenneT TSO GmbH</src>
	</wpt>
	<wpt lat="51.897506000302513" lon="9.92441">
		<name>UW-ERZH</name>
		<cmt>Erzhausen UW</cmt>
		<desc>Erzhausen UW</desc>
		<src>TenneT TSO GmbH</src>
	</wpt>
	<wpt lat="51.64782199992478" lon="9.851023999423667">
		<name>UW-HARD</name>
		<cmt>Hardegsen UW</cmt>
		<desc>Hardegsen UW</desc>
		<src>TenneT TSO GmbH</src>
	</wpt>
	<wpt lat="52.857174000358917" lon="8.0827949996853459">
		<name>UW-CLPO</name>
		<cmt>Cloppenburg/O UW</cmt>
		<desc>Cloppenburg/O UW</desc>
		<src>TenneT TSO GmbH</src>
	</wpt>
	<wpt lat="53.335331999872722" lon="8.054604">
		<name>UW-CONN</name>
		<cmt>Conneforde  UW</cmt>
		<desc>Conneforde  UW</desc>
		<src>TenneT TSO GmbH</src>
	</wpt>
	<wpt lat="53.332955999699614" lon="8.05627">
		<name>UW-CONO</name>
		<cmt>Conneforde/O UW</cmt>
		<desc>Conneforde/O UW</desc>
		<src>TenneT TSO GmbH</src>
	</wpt>
	<wpt lat="53.1154" lon="9.2479820005131277">
		<name>UW-SOTT</name>
		<cmt>Sottrum UW</cmt>
		<desc>Sottrum UW</desc>
		<src>TenneT TSO GmbH</src>
	</wpt>
	<wpt lat="52.540515999608616" lon="9.1249149996569141">
		<name>UW-LAND</name>
		<cmt>Landesbergen UW</cmt>
		<desc>Landesbergen UW</desc>
		<src>TenneT TSO GmbH</src>
	</wpt>
	<wpt lat="52.853182999929381" lon="9.14621">
		<name>UW-WECH</name>
		<cmt>Wechold UW</cmt>
		<desc>Wechold UW</desc>
		<src>TenneT TSO GmbH</src>
	</wpt>
	<wpt lat="52.57739" lon="9.10851">
		<name>UW-WKLA</name>
		<cmt>LANDESBERGEN/WK UW</cmt>
		<desc>LANDESBERGEN/WK UW</desc>
		<src>TenneT TSO GmbH</src>
	</wpt>
	<wpt lat="53.349228999782007" lon="7.225324">
		<name>UW-EMDB</name>
		<cmt>Emden/Borssum UW</cmt>
		<desc>Emden/Borssum UW</desc>
		<src>TenneT TSO GmbH</src>
	</wpt>
	<wpt lat="53.544492999846788" lon="9.5025629999111647">
		<name>UW-DOLL</name>
		<cmt>Dollern UW</cmt>
		<desc>Dollern UW</desc>
		<src>TenneT TSO GmbH</src>
	</wpt>
	<wpt lat="53.62125" lon="9.5275689993059203">
		<name>UW-STDN</name>
		<cmt>Stade/Neu UW</cmt>
		<desc>Stade/Neu UW</desc>
		<src>TenneT TSO GmbH</src>
	</wpt>
	<wpt lat="53.620837999906371" lon="8.0593789996124485">
		<name>UW-INHA</name>
		<cmt>Inhausen UW</cmt>
		<desc>Inhausen UW</desc>
		<src>TenneT TSO GmbH</src>
	</wpt>
	<wpt lat="53.606224" lon="8.0872230001021741">
		<name>UW-VOSL</name>
		<cmt>Voslapp UW</cmt>
		<desc>Voslapp UW</desc>
		<src>TenneT TSO GmbH</src>
	</wpt>
	<wpt lat="51.514159999358142" lon="9.883259999318005">
		<name>UW-GOET</name>
		<cmt>Göttingen UW</cmt>
		<desc>Göttingen UW</desc>
		<src>TenneT TSO GmbH</src>
	</wpt>
	<wpt lat="52.199730999939632" lon="10.997295000256649">
		<name>UW-HELM</name>
		<cmt>Helmstedt UW</cmt>
		<desc>Helmstedt UW</desc>
		<src>TenneT TSO GmbH</src>
	</wpt>
	<wpt lat="53.125332999897232" lon="7.3154169997176295">
		<name>UW-DIEL</name>
		<cmt>Diele UW</cmt>
		<desc>Diele UW</desc>
		<src>TenneT TSO GmbH</src>
	</wpt>
	<wpt lat="53.636980999937656" lon="7.2983859998190477">
		<name>UW-HAMA</name>
		<cmt>Hagermarsch UW</cmt>
		<desc>Hagermarsch UW</desc>
		<src>TenneT TSO GmbH</src>
	</wpt>
	<wpt lat="51.953944000252733" lon="9.9905830004068594">
		<name>UW-LAMS</name>
		<cmt>Lamspringe UW</cmt>
		<desc>Lamspringe UW</desc>
		<src>TenneT TSO GmbH</src>
	</wpt>
	<wpt lat="52.079513999843257" lon="10.192852">
		<name>KA-HOLE</name>
		<cmt>Holle KA</cmt>
		<desc>Holle KA</desc>
		<src>TenneT TSO GmbH</src>
	</wpt>
	<wpt lat="51.53804700014355" lon="9.8685299994081159">
		<name>KA-HETH</name>
		<cmt>Hetjershausen KA</cmt>
		<desc>Hetjershausen KA</desc>
		<src>TenneT TSO GmbH</src>
	</wpt>
	<wpt lat="51.497610999650959" lon="9.856111000682251">
		<name>KA-OLEN</name>
		<cmt>Olenhausen KA</cmt>
		<desc>Olenhausen KA</desc>
		<src>TenneT TSO GmbH</src>
	</wpt>
	<wpt lat="53.566827999835304" lon="9.06982">
		<name>UW-ALFS-110</name>
		<cmt>Alfstedt 110KV UW</cmt>
		<desc>Alfstedt 110KV UW</desc>
		<src>TenneT TSO GmbH</src>
	</wpt>
	<wpt lat="52.830725269430872" lon="9.156814662419551">
		<name>UW-MGEN</name>
		<cmt>Mehringen UW</cmt>
		<desc>Mehringen UW</desc>
		<src>TenneT TSO GmbH</src>
	</wpt>
	<wpt lat="53.633216212505637" lon="9.4914451926964762">
		<name>UW-STAW</name>
		<cmt>Stade West UW</cmt>
		<desc>Stade West UW</desc>
		<src>TenneT TSO GmbH</src>
	</wpt>
	<wpt lat="52.799496641635173" lon="8.0133494562191245">
		<name>UW-CAPW</name>
		<cmt>Cappeln-West UW</cmt>
		<desc>Cappeln-West UW</desc>
		<src>TenneT TSO GmbH</src>
	</wpt>
	<wpt lat="53.427860999805183" lon="8.476421999910837">
		<name>UW-UWES</name>
		<cmt>Unterweser UW</cmt>
		<desc>Unterweser UW</desc>
		<src>TenneT TSO GmbH</src>
	</wpt>
	<wpt lat="53.343176000185053" lon="7.9344010001898235">
		<name>KA-BRHW</name>
		<cmt>Bredehorn-West KA</cmt>
		<desc>Bredehorn-West KA</desc>
		<src>TenneT TSO GmbH</src>
	</wpt>
	<wpt lat="53.23785" lon="8.404">
		<name>UW-ELWE</name>
		<cmt>Elsfleth-West UW</cmt>
		<desc>Elsfleth-West UW</desc>
		<src>TenneT TSO GmbH</src>
	</wpt>
	<wpt lat="53.400664000103795" lon="8.00417900054277">
		<name>KA-BOHO</name>
		<cmt>Bockhorn-Ost KA</cmt>
		<desc>Bockhorn-Ost KA</desc>
		<src>TenneT TSO GmbH</src>
	</wpt>
	<wpt lat="53.34383" lon="7.97209">
		<name>KA-BRHO</name>
		<cmt>Bredehorn-Ost KA</cmt>
		<desc>Bredehorn-Ost KA</desc>
		<src>TenneT TSO GmbH</src>
	</wpt>
	<wpt lat="52.80261" lon="7.1762839998776249">
		<name>KA-DANK</name>
		<cmt>Dankern KA</cmt>
		<desc>Dankern KA</desc>
		<src>TenneT TSO GmbH</src>
	</wpt>
	<wpt lat="53.375064999888245" lon="8.0056449994426853">
		<name>KA-OSTF</name>
		<cmt>Osterforde KA</cmt>
		<desc>Osterforde KA</desc>
		<src>TenneT TSO GmbH</src>
	</wpt>
	<wpt lat="53.485416999860576" lon="7.9988032999162888">
		<name>KA-SANM</name>
		<cmt>Sanderahm KA</cmt>
		<desc>Sanderahm KA</desc>
		<src>TenneT TSO GmbH</src>
	</wpt>
	<wpt lat="52.78236" lon="7.1637">
		<name>KA-SEGB</name>
		<cmt>Segeberg KA</cmt>
		<desc>Segeberg KA</desc>
		<src>TenneT TSO GmbH</src>
	</wpt>
	<wpt lat="53.35666" lon="7.687779999299865">
		<name>KA-STRO</name>
		<cmt>Strackholt-Ost KA</cmt>
		<desc>Strackholt-Ost KA</desc>
		<src>TenneT TSO GmbH</src>
	</wpt>
	<wpt lat="53.3563" lon="7.6518699994069461">
		<name>KA-STRW</name>
		<cmt>Strackholt-West KA</cmt>
		<desc>Strackholt-West KA</desc>
		<src>TenneT TSO GmbH</src>
	</wpt>
	<wpt lat="53.471132999877831" lon="7.9964249998750043">
		<name>KA-VORW</name>
		<cmt>Vorwerk KA</cmt>
		<desc>Vorwerk KA</desc>
		<src>TenneT TSO GmbH</src>
	</wpt>
	<wpt lat="53.564523999828943" lon="9.070325000589504">
		<name>UW-ALFS-380</name>
		<cmt>Alfstedt 380KV UW</cmt>
		<desc>Alfstedt 380KV UW</desc>
		<src>TenneT TSO GmbH</src>
	</wpt>
	<wpt lat="53.355552" lon="7.2431400005085278">
		<name>UW-EMOS</name>
		<cmt>Emden-Ost UW</cmt>
		<desc>Emden-Ost UW</desc>
		<src>TenneT TSO GmbH</src>
	</wpt>
	<wpt lat="53.555433000237699" lon="8.0605">
		<name>UW-FEDD</name>
		<cmt>Fedderwarden UW</cmt>
		<desc>Fedderwarden UW</desc>
		<src>TenneT TSO GmbH</src>
	</wpt>
	<wpt lat="53.560286" lon="8.121346999262439">
		<name>UW-MAAD</name>
		<cmt>Maade UW</cmt>
		<desc>Maade UW</desc>
		<src>TenneT TSO GmbH</src>
	</wpt>
	<wpt lat="52.319635999833707" lon="10.095647899316209">
		<name>UW-MEHN</name>
		<cmt>Mehrum Nord UW</cmt>
		<desc>Mehrum Nord UW</desc>
		<src>TenneT TSO GmbH</src>
	</wpt>
	<wpt lat="52.170126000421078" lon="10.395641999715982">
		<name>UW-BLES</name>
		<cmt>Bleckenstedt_Süd UW</cmt>
		<desc>Bleckenstedt_Süd UW</desc>
		<src>TenneT TSO GmbH</src>
	</wpt>
	<wpt lat="52.646953000257717" lon="8.4550690001366196">
		<name>KA-DIKW</name>
		<cmt>Dickel_West KA</cmt>
		<desc>Dickel_West KA</desc>
		<src>TenneT TSO GmbH</src>
	</wpt>
	<wpt lat="53.003231999858585" lon="8.5531509998205966">
		<name>KA-GANS</name>
		<cmt>Ganderkesee_Süd KA</cmt>
		<desc>Ganderkesee_Süd KA</desc>
		<src>TenneT TSO GmbH</src>
	</wpt>
	<wpt lat="52.991555000187468" lon="8.5456389998905031">
		<name>KA-HAVE</name>
		<cmt>Havekost KA</cmt>
		<desc>Havekost KA</desc>
		<src>TenneT TSO GmbH</src>
	</wpt>
	<wpt lat="52.966214000074039" lon="8.5291810005671351">
		<name>KA-KLHE</name>
		<cmt>Klein_Henstedter_Heide KA</cmt>
		<desc>Klein_Henstedter_Heide KA</desc>
		<src>TenneT TSO GmbH</src>
	</wpt>
	<wpt lat="53.033416999640131" lon="8.5678890001477654">
		<name>UW-GANK</name>
		<cmt>Ganderkesee UW</cmt>
		<desc>Ganderkesee UW</desc>
		<src>TenneT TSO GmbH</src>
	</wpt>
	<wpt lat="52.199347000282863" lon="10.997635999760959">
		<name>UW-HELO</name>
		<cmt>Helmstedt_Ost UW</cmt>
		<desc>Helmstedt_Ost UW</desc>
		<src>TenneT TSO GmbH</src>
	</wpt>
	<wpt lat="52.16951" lon="10.252498000356766">
		<name>KA-LESE</name>
		<cmt>Lesse KA</cmt>
		<desc>Lesse KA</desc>
		<src>TenneT TSO GmbH</src>
	</wpt>
	<wpt lat="51.80714545094235" lon="10.381929494947014">
		<name>GS-021</name>
		<cmt>Einfahrt Roter Handschuh (K 38)</cmt>
		<desc>Einfahrt Roter Handschuh (K 38)</desc>
		<src>Niedersächsische Landesforsten</src>
	</wpt>
	<wpt lat="53.599803467778578" lon="9.3226876850324754">
		<name>STD-213</name>
		<cmt>Parkplatz an der B 73</cmt>
		<desc>Parkplatz an der B 73</desc>
		<src>Niedersächsische Landesforsten</src>
	</wpt>
	<wpt lat="53.524151923247331" lon="7.4973761727710224">
		<name>AUR-002</name>
		<cmt>"Sanatoriumsstraße" bei Westwache am Depotzaun</cmt>
		<desc>"Sanatoriumsstraße" bei Westwache am Depotzaun</desc>
		<src>Niedersächsische Landesforsten</src>
	</wpt>
	<wpt lat="51.781636754534581" lon="10.412186908299407">
		<name>GS-015</name>
		<cmt>Einfahrt Abt. 85 (B 242)</cmt>
		<desc>Einfahrt Abt. 85 (B 242)</desc>
		<src>Niedersächsische Landesforsten</src>
	</wpt>
	<wpt lat="52.369098301188103" lon="8.0837602797194421">
		<name>OS-42</name>
		<cmt>Parkplatz Steinberg Ruller Str. (Uptrup)</cmt>
		<desc>Parkplatz Steinberg Ruller Str. (Uptrup)</desc>
		<src>Niedersächsische Landesforsten</src>
	</wpt>
	<wpt lat="52.47806040210439" lon="7.3265070636224809">
		<name>EL-24</name>
		<cmt>Poller Sand</cmt>
		<desc>Poller Sand</desc>
		<src>Niedersächsische Landesforsten</src>
	</wpt>
	<wpt lat="51.764535469915437" lon="9.5085546240422154">
		<name>HOL-083</name>
		<cmt>Fohlenplacken Bushaltestelle</cmt>
		<desc>Fohlenplacken Bushaltestelle</desc>
		<src>Niedersächsische Landesforsten</src>
	</wpt>
	<wpt lat="51.721844043889767" lon="9.3962019668812378">
		<name>HOL-091</name>
		<cmt>L550 zwischen Fürstenberg und Meinbrexen gegenüber Waldparkplatz Kastanienallee</cmt>
		<desc>L550 zwischen Fürstenberg und Meinbrexen gegenüber Waldparkplatz Kastanienallee</desc>
		<src>Niedersächsische Landesforsten</src>
	</wpt>
	<wpt lat="52.372794694549363" lon="7.4067460543787318">
		<name>EL-2</name>
		<cmt>Schleuse Venhaus</cmt>
		<desc>Schleuse Venhaus</desc>
		<src>Niedersächsische Landesforsten</src>
	</wpt>
	<wpt lat="52.485463663326485" lon="9.6362686228939012">
		<name>H-155</name>
		<cmt>Parkplatz Einmündung L380 in K 318</cmt>
		<desc>Parkplatz Einmündung L380 in K 318</desc>
		<src>Niedersächsische Landesforsten</src>
	</wpt>
	<wpt lat="52.502271089341782" lon="9.6119661222175328">
		<name>H-157</name>
		<cmt>Osterbergstr. Resse Parkplatz am Sportplatz</cmt>
		<desc>Osterbergstr. Resse Parkplatz am Sportplatz</desc>
		<src>Niedersächsische Landesforsten</src>
	</wpt>
	<wpt lat="51.971833693810744" lon="9.7605791472234458">
		<name>HOL-016</name>
		<cmt>Zeltplatz Hohenbüchen-Helleberg</cmt>
		<desc>Zeltplatz Hohenbüchen-Helleberg</desc>
		<src>Niedersächsische Landesforsten</src>
	</wpt>
	<wpt lat="52.53175286330054" lon="9.7018324817947867">
		<name>H-159</name>
		<cmt>Waldparkplatz Hermann-Löns-Str.</cmt>
		<desc>Waldparkplatz Hermann-Löns-Str.</desc>
		<src>Niedersächsische Landesforsten</src>
	</wpt>
	<wpt lat="51.971603441695713" lon="9.7000122866671514">
		<name>HI-149</name>
		<cmt>alte Köthe</cmt>
		<desc>alte Köthe</desc>
		<src>Niedersächsische Landesforsten</src>
	</wpt>
	<wpt lat="51.948451352837168" lon="9.7316872538670189">
		<name>HOL-014</name>
		<cmt>Ortsausgang Grünenplan; gegenüber Friedhof</cmt>
		<desc>Ortsausgang Grünenplan; gegenüber Friedhof</desc>
		<src>Niedersächsische Landesforsten</src>
	</wpt>
	<wpt lat="51.95886730992305" lon="9.7578959959298786">
		<name>HOL-015</name>
		<cmt>Von Langen Parkplatz</cmt>
		<desc>Von Langen Parkplatz</desc>
		<src>Niedersächsische Landesforsten</src>
	</wpt>
	<wpt lat="51.931682302037167" lon="9.8085798549651422">
		<name>HOL-017</name>
		<cmt>Feldweg am Kuhstall; Schnittpunkt Röhnbergstr./Hasselhorst</cmt>
		<desc>Feldweg am Kuhstall; Schnittpunkt Röhnbergstr./Hasselhorst</desc>
		<src>Niedersächsische Landesforsten</src>
	</wpt>
	<wpt lat="51.913425589094651" lon="9.7794894426769279">
		<name>HOL-020</name>
		<cmt>K 62 Kaierde Richtung Wenzen Parkplatz Eingang Hagental</cmt>
		<desc>K 62 Kaierde Richtung Wenzen Parkplatz Eingang Hagental</desc>
		<src>Niedersächsische Landesforsten</src>
	</wpt>
	<wpt lat="51.908350681842599" lon="9.7755759357409087">
		<name>HOL-021</name>
		<cmt>Bornemannshausen, K 62</cmt>
		<desc>Bornemannshausen, K 62</desc>
		<src>Niedersächsische Landesforsten</src>
	</wpt>
	<wpt lat="51.911368855256576" lon="9.7370625655227343">
		<name>HOL-031</name>
		<cmt>Vierpass Hilskamm über B 64 Abzweig Bohlweg (ehem.Rfö.Schwarze Land)Steigung folgend bis Passhöhe</cmt>
		<desc>Vierpass Hilskamm über B 64 Abzweig Bohlweg (ehem.Rfö.Schwarze Land)Steigung folgend bis Passhöhe</desc>
		<src>Niedersächsische Landesforsten</src>
	</wpt>
	<wpt lat="51.901225423805137" lon="9.6902862025101033">
		<name>HOL-032</name>
		<cmt>B 64 Abzweig Bohlweg (ehem.Rfö.Schwarze Land)</cmt>
		<desc>B 64 Abzweig Bohlweg (ehem.Rfö.Schwarze Land)</desc>
		<src>Niedersächsische Landesforsten</src>
	</wpt>
	<wpt lat="51.888324441732806" lon="9.7297099134534264">
		<name>HOL-030</name>
		<cmt>Vorwohle  Kreuzung B64/Zum Stieg; Feldweg Vorwohler Stieg</cmt>
		<desc>Vorwohle  Kreuzung B64/Zum Stieg; Feldweg Vorwohler Stieg</desc>
		<src>Niedersächsische Landesforsten</src>
	</wpt>
	<wpt lat="51.335492930877045" lon="9.6826603276472021">
		<name>GÖ-12H</name>
		<cmt>Wildwiese Abt. 1060</cmt>
		<desc>Wildwiese Abt. 1060</desc>
		<src>Niedersächsische Landesforsten</src>
	</wpt>
	<wpt lat="51.61031136627799" lon="9.8901872681024194">
		<name>NOM-8H</name>
		<cmt>Waldeingang "Rauschenberg"</cmt>
		<desc>Waldeingang "Rauschenberg"</desc>
		<src>Niedersächsische Landesforsten</src>
	</wpt>
	<wpt lat="52.762441888687533" lon="9.0441748818911023">
		<name>DH-810</name>
		<cmt>Schierenhoperstraße Ecke Straße "Ehrenbruch"</cmt>
		<desc>Schierenhoperstraße Ecke Straße "Ehrenbruch"</desc>
		<src>Niedersächsische Landesforsten</src>
	</wpt>
	<wpt lat="52.717021677914552" lon="8.9543815161044105">
		<name>DH-811</name>
		<cmt>K15; Waldwegeinfahrt in Kurve zwischen Päpsen und Uepsen</cmt>
		<desc>K15; Waldwegeinfahrt in Kurve zwischen Päpsen und Uepsen</desc>
		<src>Niedersächsische Landesforsten</src>
	</wpt>
	<wpt lat="52.558308313634328" lon="9.0057801481486415">
		<name>NI-111</name>
		<cmt>K38   ( km Stein 7,2 )</cmt>
		<desc>K38   ( km Stein 7,2 )</desc>
		<src>Niedersächsische Landesforsten</src>
	</wpt>
	<wpt lat="52.503623903394292" lon="8.9656830723192336">
		<name>NI-114</name>
		<cmt>Nendorfer Moorstraße</cmt>
		<desc>Nendorfer Moorstraße</desc>
		<src>Niedersächsische Landesforsten</src>
	</wpt>
	<wpt lat="51.310159676324993" lon="9.6876723647648806">
		<name>GÖ-3H</name>
		<cmt>Wanderparkplatz Nieste</cmt>
		<desc>Wanderparkplatz Nieste</desc>
		<src>Niedersächsische Landesforsten</src>
	</wpt>
	<wpt lat="51.357522086507124" lon="9.6349376355713545">
		<name>GÖ-16</name>
		<cmt>Staufenbergparkplatz</cmt>
		<desc>Staufenbergparkplatz</desc>
		<src>Niedersächsische Landesforsten</src>
	</wpt>
	<wpt lat="51.38445699231869" lon="9.726526909687589">
		<name>GÖ-25H</name>
		<cmt>Wiese Ravensberg</cmt>
		<desc>Wiese Ravensberg</desc>
		<src>Niedersächsische Landesforsten</src>
	</wpt>
	<wpt lat="51.445423901434658" lon="9.8936786316943515">
		<name>GÖ-66H</name>
		<cmt>Schneen</cmt>
		<desc>Schneen</desc>
		<src>Niedersächsische Landesforsten</src>
	</wpt>
	<wpt lat="51.445243020180982" lon="9.8679099188215265">
		<name>GÖ-67H</name>
		<cmt>Klostergut Mariengarten</cmt>
		<desc>Klostergut Mariengarten</desc>
		<src>Niedersächsische Landesforsten</src>
	</wpt>
	<wpt lat="51.463709210508668" lon="9.6414688839274447">
		<name>GÖ-77H</name>
		<cmt>nördlich der Ballerttasche</cmt>
		<desc>nördlich der Ballerttasche</desc>
		<src>Niedersächsische Landesforsten</src>
	</wpt>
	<wpt lat="51.54065201139732" lon="9.8189341122789955">
		<name>GÖ-112H</name>
		<cmt>Knutbühren</cmt>
		<desc>Knutbühren</desc>
		<src>Niedersächsische Landesforsten</src>
	</wpt>
	<wpt lat="51.533545504900985" lon="9.8046216938353563">
		<name>GÖ-113H</name>
		<cmt>Groner Holz West</cmt>
		<desc>Groner Holz West</desc>
		<src>Niedersächsische Landesforsten</src>
	</wpt>
	<wpt lat="51.542968580096193" lon="9.7933464149441569">
		<name>GÖ-114H</name>
		<cmt>Ossenberg Ost</cmt>
		<desc>Ossenberg Ost</desc>
		<src>Niedersächsische Landesforsten</src>
	</wpt>
	<wpt lat="51.543477198877447" lon="9.7849264910701645">
		<name>GÖ-115H</name>
		<cmt>Ossenberg</cmt>
		<desc>Ossenberg</desc>
		<src>Niedersächsische Landesforsten</src>
	</wpt>
	<wpt lat="51.522642822420643" lon="9.6408489675600304">
		<name>GÖ-105</name>
		<cmt>Walzenschuppen</cmt>
		<desc>Walzenschuppen</desc>
		<src>Niedersächsische Landesforsten</src>
	</wpt>
	<wpt lat="51.531295361881533" lon="9.6712067782613591">
		<name>GÖ-104H</name>
		<cmt>Niemetal</cmt>
		<desc>Niemetal</desc>
		<src>Niedersächsische Landesforsten</src>
	</wpt>
	<wpt lat="51.543165292360541" lon="9.6452947035161039">
		<name>GÖ-117H</name>
		<cmt>Niemebrücke</cmt>
		<desc>Niemebrücke</desc>
		<src>Niedersächsische Landesforsten</src>
	</wpt>
	<wpt lat="51.546068243111151" lon="9.8265453418214506">
		<name>GÖ-119H</name>
		<cmt>Breites Holz Süd</cmt>
		<desc>Breites Holz Süd</desc>
		<src>Niedersächsische Landesforsten</src>
	</wpt>
	<wpt lat="51.556911777944087" lon="9.7396458731167801">
		<name>GÖ-127H</name>
		<cmt>Grefenburg West</cmt>
		<desc>Grefenburg West</desc>
		<src>Niedersächsische Landesforsten</src>
	</wpt>
	<wpt lat="51.558650556000742" lon="9.7219950309115202">
		<name>GÖ-128H</name>
		<cmt>Papiermühle</cmt>
		<desc>Papiermühle</desc>
		<src>Niedersächsische Landesforsten</src>
	</wpt>
	<wpt lat="51.556381499361002" lon="9.7158550677877447">
		<name>GÖ-129H</name>
		<cmt>Friedhof</cmt>
		<desc>Friedhof</desc>
		<src>Niedersächsische Landesforsten</src>
	</wpt>
	<wpt lat="53.082496760917664" lon="9.3910305902817015">
		<name>ROW-107</name>
		<cmt>Forstort "Kleine Hamerloh"  Rechtskurve 1 km südlich von Rotenburg</cmt>
		<desc>Forstort "Kleine Hamerloh"  Rechtskurve 1 km südlich von Rotenburg</desc>
		<src>Niedersächsische Landesforsten</src>
	</wpt>
	<wpt lat="51.87982056652492" lon="10.576811948167865">
		<name>GS-348</name>
		<cmt>Burgstraße / Waldweg zum ''Aussichtsreich''</cmt>
		<desc>Burgstraße / Waldweg zum ''Aussichtsreich''</desc>
		<src>Niedersächsische Landesforsten</src>
	</wpt>
	<wpt lat="51.397291242169359" lon="9.6864555758420003">
		<name>GÖ-42</name>
		<cmt>Autobahnbrücke Kohlenstraße</cmt>
		<desc>Autobahnbrücke Kohlenstraße</desc>
		<src>Niedersächsische Landesforsten</src>
	</wpt>
	<wpt lat="51.607993543113416" lon="9.8401084173022912">
		<name>GÖ-142H</name>
		<cmt>Einfahrt "Westberg"</cmt>
		<desc>Einfahrt "Westberg"</desc>
		<src>Niedersächsische Landesforsten</src>
	</wpt>
	<wpt lat="52.781016746050476" lon="10.188118268223215">
		<name>CE-008</name>
		<cmt>L 281; Parkplatz Queloh</cmt>
		<desc>L 281; Parkplatz Queloh</desc>
		<src>Niedersächsische Landesforsten</src>
	</wpt>
	<wpt lat="52.540867814231156" lon="8.8675994864693966">
		<name>NI-312</name>
		<cmt>B 61;  Motel Imbiss Parkstreifen</cmt>
		<desc>B 61;  Motel Imbiss Parkstreifen</desc>
		<src>Niedersächsische Landesforsten</src>
	</wpt>
	<wpt lat="52.603857408460271" lon="9.1874565200134235">
		<name>NI-410</name>
		<cmt>Leeseringen Straße Nienburger Bruch in Waldmitte</cmt>
		<desc>Leeseringen Straße Nienburger Bruch in Waldmitte</desc>
		<src>Niedersächsische Landesforsten</src>
	</wpt>
	<wpt lat="52.697514410055383" lon="8.7391442475087526">
		<name>DH-906</name>
		<cmt>Sportplatz an K2 zwischen Stadt und Rathlosen</cmt>
		<desc>Sportplatz an K2 zwischen Stadt und Rathlosen</desc>
		<src>Niedersächsische Landesforsten</src>
	</wpt>
	<wpt lat="52.533413578403341" lon="8.8378740937647322">
		<name>NI-313</name>
		<cmt>Parkplatz Grüner Jäger - Großes Holz Darlaten</cmt>
		<desc>Parkplatz Grüner Jäger - Großes Holz Darlaten</desc>
		<src>Niedersächsische Landesforsten</src>
	</wpt>
	<wpt lat="52.524852563129578" lon="8.7823306204078424">
		<name>NI-314</name>
		<cmt>K39 ; Kreuzung Eichloh</cmt>
		<desc>K39 ; Kreuzung Eichloh</desc>
		<src>Niedersächsische Landesforsten</src>
	</wpt>
	<wpt lat="52.410210503111379" lon="9.1399027034475377">
		<name>NI-105</name>
		<cmt>Gebäude Deponie (K11)</cmt>
		<desc>Gebäude Deponie (K11)</desc>
		<src>Niedersächsische Landesforsten</src>
	</wpt>
	<wpt lat="52.439316436898935" lon="9.2261720020263898">
		<name>NI-108</name>
		<cmt>B 441, Einfahrt Kläranlage</cmt>
		<desc>B 441, Einfahrt Kläranlage</desc>
		<src>Niedersächsische Landesforsten</src>
	</wpt>
	<wpt lat="51.628350271746818" lon="9.6362887418808167">
		<name>NOM-24H</name>
		<cmt>Allenberg West</cmt>
		<desc>Allenberg West</desc>
		<src>Niedersächsische Landesforsten</src>
	</wpt>
	<wpt lat="51.630456365533263" lon="9.6425468021222116">
		<name>NOM-23H</name>
		<cmt>Allenberg Ost</cmt>
		<desc>Allenberg Ost</desc>
		<src>Niedersächsische Landesforsten</src>
	</wpt>
	<wpt lat="51.698247933329696" lon="10.16359463194669">
		<name>OHA-551</name>
		<cmt>Ortsausgang Dorste Richtung Schwiegershausen, K 19</cmt>
		<desc>Ortsausgang Dorste Richtung Schwiegershausen, K 19</desc>
		<src>Niedersächsische Landesforsten</src>
	</wpt>
	<wpt lat="51.631127505565061" lon="9.6587202029587864">
		<name>NOM-22</name>
		<cmt>Schoningen, Grundschule</cmt>
		<desc>Schoningen, Grundschule</desc>
		<src>Niedersächsische Landesforsten</src>
	</wpt>
	<wpt lat="51.613585748401178" lon="9.6698105973463893">
		<name>NOM-16</name>
		<cmt>Verliehausen Ortsmitte</cmt>
		<desc>Verliehausen Ortsmitte</desc>
		<src>Niedersächsische Landesforsten</src>
	</wpt>
	<wpt lat="51.772015036936367" lon="9.5800513080597565">
		<name>NOM-320</name>
		<cmt>L 549  zwischen Torfhaus-Dassel Wegekreuz mit ganz kl.Parkplatz</cmt>
		<desc>L 549  zwischen Torfhaus-Dassel Wegekreuz mit ganz kl.Parkplatz</desc>
		<src>Niedersächsische Landesforsten</src>
	</wpt>
	<wpt lat="51.8899186768924" lon="9.641503538852179">
		<name>HOL-053</name>
		<cmt>Parkplatz Schützenhaus Stadtoldendorf</cmt>
		<desc>Parkplatz Schützenhaus Stadtoldendorf</desc>
		<src>Niedersächsische Landesforsten</src>
	</wpt>
	<wpt lat="51.797037723998628" lon="9.635866244949975">
		<name>NOM-311</name>
		<cmt>L 549 CVJM Heim Dassel</cmt>
		<desc>L 549 CVJM Heim Dassel</desc>
		<src>Niedersächsische Landesforsten</src>
	</wpt>
	<wpt lat="52.686786629231207" lon="9.0042432698194421">
		<name>NI-704</name>
		<cmt>Ortsverbindungsweg Borstel - Harbergen;  Staffhorster Weg Handyempfang ok</cmt>
		<desc>Ortsverbindungsweg Borstel - Harbergen;  Staffhorster Weg Handyempfang ok</desc>
		<src>Niedersächsische Landesforsten</src>
	</wpt>
	<wpt lat="52.130413103428062" lon="9.6288328926003821">
		<name>HM-045</name>
		<cmt>Gasthaus Sennhuette</cmt>
		<desc>Gasthaus Sennhuette</desc>
		<src>Niedersächsische Landesforsten</src>
	</wpt>
	<wpt lat="51.673899150387818" lon="10.556381805865236">
		<name>OHA-446</name>
		<cmt>Erikabrücke; B 27 Bad Lauterberg - Braunlage, Erikabrücke, Schranke Waldeingang</cmt>
		<desc>Erikabrücke; B 27 Bad Lauterberg - Braunlage, Erikabrücke, Schranke Waldeingang</desc>
		<src>Niedersächsische Landesforsten</src>
	</wpt>
	<wpt lat="51.804369052648624" lon="10.448889994220496">
		<name>GS-004</name>
		<cmt>Busparkplatz Ortsmitte/Altenau</cmt>
		<desc>Busparkplatz Ortsmitte/Altenau</desc>
		<src>Niedersächsische Landesforsten</src>
	</wpt>
	<wpt lat="52.091609517749255" lon="9.3041500673445761">
		<name>HM-84</name>
		<cmt>Riepenstrasse Abzweig Butterweg</cmt>
		<desc>Riepenstrasse Abzweig Butterweg</desc>
		<src>Niedersächsische Landesforsten</src>
	</wpt>
	<wpt lat="52.639324748991235" lon="9.1364591713031462">
		<name>NI-609</name>
		<cmt>L 351; Oyler Berg direkt an  der ehemaligen Försterei</cmt>
		<desc>L 351; Oyler Berg direkt an  der ehemaligen Försterei</desc>
		<src>Niedersächsische Landesforsten</src>
	</wpt>
	<wpt lat="51.370261908637687" lon="9.7145235884440542">
		<name>GÖ-21</name>
		<cmt>Wegeanbindung Abt. 11/13</cmt>
		<desc>Wegeanbindung Abt. 11/13</desc>
		<src>Niedersächsische Landesforsten</src>
	</wpt>
	<wpt lat="53.313308936014352" lon="9.3328672137843505">
		<name>ROW-068</name>
		<cmt>Kirchenforst Heeslingen L124 /K 110 Apotheke</cmt>
		<desc>Kirchenforst Heeslingen L124 /K 110 Apotheke</desc>
		<src>Niedersächsische Landesforsten</src>
	</wpt>
	<wpt lat="51.337206411897732" lon="9.7681915400933015">
		<name>GÖ-10H</name>
		<cmt>Waldeingang Hubenrode</cmt>
		<desc>Waldeingang Hubenrode</desc>
		<src>Niedersächsische Landesforsten</src>
	</wpt>
	<wpt lat="51.379837571867469" lon="9.7426050694166335">
		<name>GÖ-24H</name>
		<cmt>Försterei Oberode</cmt>
		<desc>Försterei Oberode</desc>
		<src>Niedersächsische Landesforsten</src>
	</wpt>
	<wpt lat="51.485870629169519" lon="9.7645855820524563">
		<name>GÖ-82H</name>
		<cmt>Waldeingang Hoher Hagen Straße</cmt>
		<desc>Waldeingang Hoher Hagen Straße</desc>
		<src>Niedersächsische Landesforsten</src>
	</wpt>
	<wpt lat="51.45131039849386" lon="9.7049349014332389">
		<name>GÖ-73H</name>
		<cmt>Abzweig Mielenhausen</cmt>
		<desc>Abzweig Mielenhausen</desc>
		<src>Niedersächsische Landesforsten</src>
	</wpt>
	<wpt lat="51.4466080745973" lon="9.6959186988015844">
		<name>GÖ-74</name>
		<cmt>Klusbrücke im Schedetal</cmt>
		<desc>Klusbrücke im Schedetal</desc>
		<src>Niedersächsische Landesforsten</src>
	</wpt>
	<wpt lat="51.449187696373379" lon="9.6736925656842203">
		<name>GÖ-75</name>
		<cmt>Möbellager "Schedetal"</cmt>
		<desc>Möbellager "Schedetal"</desc>
		<src>Niedersächsische Landesforsten</src>
	</wpt>
	<wpt lat="51.483482784836738" lon="9.7514048631652628">
		<name>GÖ-83H</name>
		<cmt>Lange Trift</cmt>
		<desc>Lange Trift</desc>
		<src>Niedersächsische Landesforsten</src>
	</wpt>
	<wpt lat="51.499429014822006" lon="9.7821111291810521">
		<name>GÖ-88H</name>
		<cmt>Sesebühl</cmt>
		<desc>Sesebühl</desc>
		<src>Niedersächsische Landesforsten</src>
	</wpt>
	<wpt lat="51.510805355540946" lon="9.7914149162847561">
		<name>GÖ-93H</name>
		<cmt>Arensbusch</cmt>
		<desc>Arensbusch</desc>
		<src>Niedersächsische Landesforsten</src>
	</wpt>
	<wpt lat="51.518294427476498" lon="9.7703511444291333">
		<name>GÖ-95H</name>
		<cmt>Fehrensbusch</cmt>
		<desc>Fehrensbusch</desc>
		<src>Niedersächsische Landesforsten</src>
	</wpt>
	<wpt lat="51.530844391658341" lon="9.8270699894404743">
		<name>GÖ-111H</name>
		<cmt>Groner Holz</cmt>
		<desc>Groner Holz</desc>
		<src>Niedersächsische Landesforsten</src>
	</wpt>
	<wpt lat="51.536547177133485" lon="9.8311012283832468">
		<name>GÖ-110H</name>
		<cmt>Groner Holz Nord</cmt>
		<desc>Groner Holz Nord</desc>
		<src>Niedersächsische Landesforsten</src>
	</wpt>
	<wpt lat="51.535324032902217" lon="9.8458362516342959">
		<name>GÖ-109H</name>
		<cmt>Hasenwinkel</cmt>
		<desc>Hasenwinkel</desc>
		<src>Niedersächsische Landesforsten</src>
	</wpt>
	<wpt lat="51.527876513507344" lon="9.729832441316276">
		<name>GÖ-103H</name>
		<cmt>Ortsausgang Imbsen</cmt>
		<desc>Ortsausgang Imbsen</desc>
		<src>Niedersächsische Landesforsten</src>
	</wpt>
	<wpt lat="51.541942544757752" lon="9.73562584189877">
		<name>GÖ-116</name>
		<cmt>Ende Wohngebiet Eberhäuserstraße, Güntersen</cmt>
		<desc>Ende Wohngebiet Eberhäuserstraße, Güntersen</desc>
		<src>Niedersächsische Landesforsten</src>
	</wpt>
	<wpt lat="51.505870121145428" lon="9.6289905370008864">
		<name>GÖ-97</name>
		<cmt>Waldeinfahrt unterhalb Michaelisbrunnen in der 180░-Kurve</cmt>
		<desc>Waldeinfahrt unterhalb Michaelisbrunnen in der 180░-Kurve</desc>
		<src>Niedersächsische Landesforsten</src>
	</wpt>
	<wpt lat="51.511014406056397" lon="9.6745670584058754">
		<name>GÖ-96</name>
		<cmt>Dorfgemeinschaftshaus Ellershausen</cmt>
		<desc>Dorfgemeinschaftshaus Ellershausen</desc>
		<src>Niedersächsische Landesforsten</src>
	</wpt>
	<wpt lat="51.516357017645113" lon="9.5926959982381454">
		<name>GÖ-98H</name>
		<cmt>Parkplatz Bramburg</cmt>
		<desc>Parkplatz Bramburg</desc>
		<src>Niedersächsische Landesforsten</src>
	</wpt>
	<wpt lat="51.583832140264661" lon="9.7414428734266387">
		<name>GÖ-138H</name>
		<cmt>Sportplatz Adelebsen</cmt>
		<desc>Sportplatz Adelebsen</desc>
		<src>Niedersächsische Landesforsten</src>
	</wpt>
	<wpt lat="51.57475070740238" lon="9.7219450872905444">
		<name>GÖ-139H</name>
		<cmt>Ortsausgang Adelebsen</cmt>
		<desc>Ortsausgang Adelebsen</desc>
		<src>Niedersächsische Landesforsten</src>
	</wpt>
	<wpt lat="51.583198823240316" lon="9.7014278592899839">
		<name>GÖ-140</name>
		<cmt>Einfahrt Fingers Wiese</cmt>
		<desc>Einfahrt Fingers Wiese</desc>
		<src>Niedersächsische Landesforsten</src>
	</wpt>
	<wpt lat="52.418782972864477" lon="10.056437265583904">
		<name>H-138</name>
		<cmt>L 412 Immenser Landstr. Ecke Peiner Weg am Waldrand</cmt>
		<desc>L 412 Immenser Landstr. Ecke Peiner Weg am Waldrand</desc>
		<src>Niedersächsische Landesforsten</src>
	</wpt>
	<wpt lat="52.753166285933141" lon="9.2268184275315104">
		<name>NI-006</name>
		<cmt>Int. Forst Gandesbergen B215 südlich Gandesbergen</cmt>
		<desc>Int. Forst Gandesbergen B215 südlich Gandesbergen</desc>
		<src>Niedersächsische Landesforsten</src>
	</wpt>
	<wpt lat="52.728762164175144" lon="9.2439231863301821">
		<name>NI-007</name>
		<cmt>Int./ Gen.  Forst Haßbergen u. a.;  Nähe Eisenbahnbrücke Haßbergen</cmt>
		<desc>Int./ Gen.  Forst Haßbergen u. a.;  Nähe Eisenbahnbrücke Haßbergen</desc>
		<src>Niedersächsische Landesforsten</src>
	</wpt>
	<wpt lat="52.740494111396188" lon="9.2612256016453607">
		<name>NI-008</name>
		<cmt>Kraienkamp K1  etwa 1,5 km östlich Haßbergen</cmt>
		<desc>Kraienkamp K1  etwa 1,5 km östlich Haßbergen</desc>
		<src>Niedersächsische Landesforsten</src>
	</wpt>
	<wpt lat="52.655591612480521" lon="9.1227053812925156">
		<name>NI-610</name>
		<cmt>B6; Abzweigung zu Schlamann  "Am Kalksandsteinwerk"</cmt>
		<desc>B6; Abzweigung zu Schlamann  "Am Kalksandsteinwerk"</desc>
		<src>Niedersächsische Landesforsten</src>
	</wpt>
	<wpt lat="53.251743541753243" lon="10.509347902707921">
		<name>LG-002</name>
		<cmt>Lüneburg- Billmerstrauch Richtg. Neetze L221 km 6,1</cmt>
		<desc>Lüneburg- Billmerstrauch Richtg. Neetze L221 km 6,1</desc>
		<src>Niedersächsische Landesforsten</src>
	</wpt>
	<wpt lat="52.585773797909205" lon="8.9528315486377394">
		<name>NI-109</name>
		<cmt>Brücke Rüsselbach  am Ortsausgang Tangen</cmt>
		<desc>Brücke Rüsselbach  am Ortsausgang Tangen</desc>
		<src>Niedersächsische Landesforsten</src>
	</wpt>
	<wpt lat="52.584344162279137" lon="8.9930194533041785">
		<name>NI-110</name>
		<cmt>L 349  (zwischen KM Stein 11,2 und 11,3 Waldwegeinfahrt)</cmt>
		<desc>L 349  (zwischen KM Stein 11,2 und 11,3 Waldwegeinfahrt)</desc>
		<src>Niedersächsische Landesforsten</src>
	</wpt>
	<wpt lat="52.557520381071711" lon="9.0276658005387258">
		<name>NI-112</name>
		<cmt>Heemsche  K27  Sehnser Straße zwischen (kmStein 0,5 und 0,6)</cmt>
		<desc>Heemsche  K27  Sehnser Straße zwischen (kmStein 0,5 und 0,6)</desc>
		<src>Niedersächsische Landesforsten</src>
	</wpt>
	<wpt lat="52.52597787295975" lon="8.9622397224644672">
		<name>NI-113</name>
		<cmt>Wöstinge  (am Sarninghäuser Meerbach)</cmt>
		<desc>Wöstinge  (am Sarninghäuser Meerbach)</desc>
		<src>Niedersächsische Landesforsten</src>
	</wpt>
	<wpt lat="53.279800678422298" lon="10.550705202800966">
		<name>LG-007</name>
		<cmt>Scharnebeck Richtg. Boltersen Neetze K39, km 2,0</cmt>
		<desc>Scharnebeck Richtg. Boltersen Neetze K39, km 2,0</desc>
		<src>Niedersächsische Landesforsten</src>
	</wpt>
	<wpt lat="53.26604388797071" lon="10.555359822687205">
		<name>LG-008</name>
		<cmt>Lüneburg Billmerstrauch Richtg. Neetze L221 km 9,8 Str."Am Walde", Straßenende</cmt>
		<desc>Lüneburg Billmerstrauch Richtg. Neetze L221 km 9,8 Str."Am Walde", Straßenende</desc>
		<src>Niedersächsische Landesforsten</src>
	</wpt>
	<wpt lat="52.623386283436012" lon="9.080469534267019">
		<name>NI-706</name>
		<cmt>Gasstation an der Waldkante  Handyempfang ok</cmt>
		<desc>Gasstation an der Waldkante  Handyempfang ok</desc>
		<src>Niedersächsische Landesforsten</src>
	</wpt>
	<wpt lat="51.423326476033978" lon="9.8911362141246357">
		<name>GÖ-52</name>
		<cmt>Kirche Elkershausen</cmt>
		<desc>Kirche Elkershausen</desc>
		<src>Niedersächsische Landesforsten</src>
	</wpt>
	<wpt lat="51.314615145119632" lon="9.7495981953365991">
		<name>GÖ-1H</name>
		<cmt>Umschwang</cmt>
		<desc>Umschwang</desc>
		<src>Niedersächsische Landesforsten</src>
	</wpt>
	<wpt lat="51.316629357701878" lon="9.7230255240277152">
		<name>GÖ-2H</name>
		<cmt>Wildwiese "Michelhütte"</cmt>
		<desc>Wildwiese "Michelhütte"</desc>
		<src>Niedersächsische Landesforsten</src>
	</wpt>
	<wpt lat="51.422467807620578" lon="9.8628755319578119">
		<name>GÖ-53</name>
		<cmt>Kirche Deiderode</cmt>
		<desc>Kirche Deiderode</desc>
		<src>Niedersächsische Landesforsten</src>
	</wpt>
	<wpt lat="51.408219569897341" lon="9.7314907211252208">
		<name>GÖ-49H</name>
		<cmt>Verbindungsstraße Lippoldshausen-Hedemünden, an der Autobahnbrücke</cmt>
		<desc>Verbindungsstraße Lippoldshausen-Hedemünden, an der Autobahnbrücke</desc>
		<src>Niedersächsische Landesforsten</src>
	</wpt>
	<wpt lat="51.413306960621597" lon="9.676465393500445">
		<name>GÖ-50</name>
		<cmt>Fa. Pethran</cmt>
		<desc>Fa. Pethran</desc>
		<src>Niedersächsische Landesforsten</src>
	</wpt>
	<wpt lat="51.419521116583475" lon="9.8066783625025842">
		<name>GÖ-55H</name>
		<cmt>Ortsausgang Atzenhausen, Meenser Weg 9</cmt>
		<desc>Ortsausgang Atzenhausen, Meenser Weg 9</desc>
		<src>Niedersächsische Landesforsten</src>
	</wpt>
	<wpt lat="51.422280362259428" lon="9.7891532344939538">
		<name>GÖ-56H</name>
		<cmt>Grillplatz Atzenhausen</cmt>
		<desc>Grillplatz Atzenhausen</desc>
		<src>Niedersächsische Landesforsten</src>
	</wpt>
	<wpt lat="51.422409839068564" lon="9.7016291226792983">
		<name>GÖ-57H</name>
		<cmt>Abzweig zur Staufenberghütte</cmt>
		<desc>Abzweig zur Staufenberghütte</desc>
		<src>Niedersächsische Landesforsten</src>
	</wpt>
	<wpt lat="51.419043123325032" lon="9.67974514207204">
		<name>GÖ-58</name>
		<cmt>Altenheim Hermannshagen</cmt>
		<desc>Altenheim Hermannshagen</desc>
		<src>Niedersächsische Landesforsten</src>
	</wpt>
	<wpt lat="51.431139452677037" lon="9.7208998879487645">
		<name>GÖ-59H</name>
		<cmt>Waldeingang Wiershausen</cmt>
		<desc>Waldeingang Wiershausen</desc>
		<src>Niedersächsische Landesforsten</src>
	</wpt>
	<wpt lat="51.428344816991626" lon="9.699399474814701">
		<name>GÖ-60H</name>
		<cmt>Grillplatz Staufenberghütte</cmt>
		<desc>Grillplatz Staufenberghütte</desc>
		<src>Niedersächsische Landesforsten</src>
	</wpt>
	<wpt lat="51.524293932505408" lon="9.7657252240949521">
		<name>GÖ-102H</name>
		<cmt>Waldparkplatz Ossenberg</cmt>
		<desc>Waldparkplatz Ossenberg</desc>
		<src>Niedersächsische Landesforsten</src>
	</wpt>
	<wpt lat="52.608330174112922" lon="9.1983640287755328">
		<name>NI-409</name>
		<cmt>Ecke Forstweg / Damaschkestraße</cmt>
		<desc>Ecke Forstweg / Damaschkestraße</desc>
		<src>Niedersächsische Landesforsten</src>
	</wpt>
	<wpt lat="52.626744826170295" lon="9.2251007962712883">
		<name>NI-412</name>
		<cmt>Nienburg Hannoversche Straße Ecke Nienburger Bruchweg</cmt>
		<desc>Nienburg Hannoversche Straße Ecke Nienburger Bruchweg</desc>
		<src>Niedersächsische Landesforsten</src>
	</wpt>
	<wpt lat="52.636095459574044" lon="9.3229631490829963">
		<name>NI-604</name>
		<cmt>Kreuzungsbereich K3 ; Ortsausgang Stöckse Richtung Nienburg</cmt>
		<desc>Kreuzungsbereich K3 ; Ortsausgang Stöckse Richtung Nienburg</desc>
		<src>Niedersächsische Landesforsten</src>
	</wpt>
	<wpt lat="52.658895427847213" lon="9.3363158594389564">
		<name>NI-606</name>
		<cmt>B214  Abzweigung Stöckse - Sonnenborstel</cmt>
		<desc>B214  Abzweigung Stöckse - Sonnenborstel</desc>
		<src>Niedersächsische Landesforsten</src>
	</wpt>
	<wpt lat="52.660102182502911" lon="9.3154783260394751">
		<name>NI-607</name>
		<cmt>B214 , Km 7,7</cmt>
		<desc>B214 , Km 7,7</desc>
		<src>Niedersächsische Landesforsten</src>
	</wpt>
	<wpt lat="52.60974665259738" lon="9.2595975205712264">
		<name>NI-406</name>
		<cmt>Langendamm Führser Mühlweg / Linsburger Weg</cmt>
		<desc>Langendamm Führser Mühlweg / Linsburger Weg</desc>
		<src>Niedersächsische Landesforsten</src>
	</wpt>
	<wpt lat="51.976903324648163" lon="10.433449054743694">
		<name>GS-805</name>
		<cmt>K 3 Km 4,2 Dörnten Gr.Döhren (Abdeckerei)</cmt>
		<desc>K 3 Km 4,2 Dörnten Gr.Döhren (Abdeckerei)</desc>
		<src>Niedersächsische Landesforsten</src>
	</wpt>
	<wpt lat="51.979480427884617" lon="10.464609656169147">
		<name>GS-804</name>
		<cmt>L 510 Km 9,6  Weddingen-Gr. Döhren</cmt>
		<desc>L 510 Km 9,6  Weddingen-Gr. Döhren</desc>
		<src>Niedersächsische Landesforsten</src>
	</wpt>
	<wpt lat="51.941246757711724" lon="10.227638318694781">
		<name>GS-112</name>
		<cmt>B 248, Gut Oppermann, Neuekrug-Hahausen</cmt>
		<desc>B 248, Gut Oppermann, Neuekrug-Hahausen</desc>
		<src>Niedersächsische Landesforsten</src>
	</wpt>
	<wpt lat="51.857582456147156" lon="10.34006018299935">
		<name>GS-079</name>
		<cmt>Stabkirche Hahnenklee</cmt>
		<desc>Stabkirche Hahnenklee</desc>
		<src>Niedersächsische Landesforsten</src>
	</wpt>
	<wpt lat="51.944434154925816" lon="10.51283969235015">
		<name>GS-083</name>
		<cmt>Eingang Krähenholz Südspitze B 241</cmt>
		<desc>Eingang Krähenholz Südspitze B 241</desc>
		<src>Niedersächsische Landesforsten</src>
	</wpt>
	<wpt lat="51.82279847121157" lon="10.272264978944616">
		<name>GS-203</name>
		<cmt>Ca. 300m nach Ortseingang Wildemann aus Richtung Clausthal, links hinter Innerstebrücke</cmt>
		<desc>Ca. 300m nach Ortseingang Wildemann aus Richtung Clausthal, links hinter Innerstebrücke</desc>
		<src>Niedersächsische Landesforsten</src>
	</wpt>
	<wpt lat="52.62942018708754" lon="8.4272882241454941">
		<name>DH-301</name>
		<cmt>Am Wasserwerk Sprekel - Orteingang Sprekel aus Richtung St. Hülfe</cmt>
		<desc>Am Wasserwerk Sprekel - Orteingang Sprekel aus Richtung St. Hülfe</desc>
		<src>Niedersächsische Landesforsten</src>
	</wpt>
	<wpt lat="51.329614710747109" lon="9.6710326700138438">
		<name>GÖ-9H</name>
		<cmt>Forstamtstr.11, 34355 Staufenberg Escherode</cmt>
		<desc>Forstamtstr.11, 34355 Staufenberg Escherode</desc>
		<src>Niedersächsische Landesforsten</src>
	</wpt>
	<wpt lat="52.8648428172216" lon="9.012113044765945">
		<name>DH-804</name>
		<cmt>Wohnhaus Lindemann in Kleinenborstel</cmt>
		<desc>Wohnhaus Lindemann in Kleinenborstel</desc>
		<src>Niedersächsische Landesforsten</src>
	</wpt>
	<wpt lat="52.816672045669876" lon="9.0668521558117661">
		<name>NI-805</name>
		<cmt>Waldparkplatz an der L330 zwischen Sellingsloh und Gehlbergen</cmt>
		<desc>Waldparkplatz an der L330 zwischen Sellingsloh und Gehlbergen</desc>
		<src>Niedersächsische Landesforsten</src>
	</wpt>
	<wpt lat="52.829549714232094" lon="9.1209504444389751">
		<name>NI-806</name>
		<cmt>Wohnhaus an Landstraße 331</cmt>
		<desc>Wohnhaus an Landstraße 331</desc>
		<src>Niedersächsische Landesforsten</src>
	</wpt>
	<wpt lat="52.79085681107739" lon="9.0631891423412512">
		<name>NI-807</name>
		<cmt>Waldeinfahrt hinter Kurve an der K136 zwischen Essener Heide und Duddenhausen</cmt>
		<desc>Waldeinfahrt hinter Kurve an der K136 zwischen Essener Heide und Duddenhausen</desc>
		<src>Niedersächsische Landesforsten</src>
	</wpt>
	<wpt lat="51.324190227794375" lon="9.6998387969617532">
		<name>GÖ-8H</name>
		<cmt>Endschlagwiese</cmt>
		<desc>Endschlagwiese</desc>
		<src>Niedersächsische Landesforsten</src>
	</wpt>
	<wpt lat="51.340376779963584" lon="9.7208932468187328">
		<name>GÖ-11H</name>
		<cmt>Wildwiese Abt. 1050</cmt>
		<desc>Wildwiese Abt. 1050</desc>
		<src>Niedersächsische Landesforsten</src>
	</wpt>
	<wpt lat="51.365577322205013" lon="9.702673334923924">
		<name>GÖ-17H</name>
		<cmt>am Steinberg</cmt>
		<desc>am Steinberg</desc>
		<src>Niedersächsische Landesforsten</src>
	</wpt>
	<wpt lat="51.362200514017687" lon="9.690655256623959">
		<name>GÖ-18H</name>
		<cmt>Jugendwaldheim Steinberg</cmt>
		<desc>Jugendwaldheim Steinberg</desc>
		<src>Niedersächsische Landesforsten</src>
	</wpt>
	<wpt lat="51.368696529113457" lon="9.6778351333542982">
		<name>GÖ-19H</name>
		<cmt>Hühnerfeld</cmt>
		<desc>Hühnerfeld</desc>
		<src>Niedersächsische Landesforsten</src>
	</wpt>
	<wpt lat="52.049215476518043" lon="9.2856744542268874">
		<name>HM-99</name>
		<cmt>Waldeingang Selxen</cmt>
		<desc>Waldeingang Selxen</desc>
		<src>Niedersächsische Landesforsten</src>
	</wpt>
	<wpt lat="53.301340389322306" lon="10.658236838640651">
		<name>LG-049</name>
		<cmt>K 5 Bushaltestelle Bleckeder Moor</cmt>
		<desc>K 5 Bushaltestelle Bleckeder Moor</desc>
		<src>Niedersächsische Landesforsten</src>
	</wpt>
	<wpt lat="53.182667398130789" lon="9.2209758612091388">
		<name>ROW-088</name>
		<cmt>Horstedter Wald K201 nordwestl. Horstedt</cmt>
		<desc>Horstedter Wald K201 nordwestl. Horstedt</desc>
		<src>Niedersächsische Landesforsten</src>
	</wpt>
	<wpt lat="52.880942078046225" lon="8.2146641859516123">
		<name>OL-052</name>
		<cmt>Gegenüber Haupteingang zum Fliegerhorst (L870, km 30,2)</cmt>
		<desc>Gegenüber Haupteingang zum Fliegerhorst (L870, km 30,2)</desc>
		<src>Niedersächsische Landesforsten</src>
	</wpt>
	<wpt lat="52.014986796472819" lon="9.2137723891167802">
		<name>HM-121</name>
		<cmt>Griessem KFZ-Werkstatt</cmt>
		<desc>Griessem KFZ-Werkstatt</desc>
		<src>Niedersächsische Landesforsten</src>
	</wpt>
	<wpt lat="52.031855698248229" lon="9.1975263819251811">
		<name>HM-124</name>
		<cmt>Reinerbeck Waldeingang Süd</cmt>
		<desc>Reinerbeck Waldeingang Süd</desc>
		<src>Niedersächsische Landesforsten</src>
	</wpt>
	<wpt lat="52.063416798512677" lon="9.1801691680896784">
		<name>HM-94</name>
		<cmt>Grenzweg Norden Waldeingang</cmt>
		<desc>Grenzweg Norden Waldeingang</desc>
		<src>Niedersächsische Landesforsten</src>
	</wpt>
	<wpt lat="52.003267450892722" lon="9.2107526312644357">
		<name>HM-122</name>
		<cmt>Landstraße L426 Griessem Pyrmont</cmt>
		<desc>Landstraße L426 Griessem Pyrmont</desc>
		<src>Niedersächsische Landesforsten</src>
	</wpt>
	<wpt lat="52.047871285857291" lon="9.194366849837909">
		<name>HM-91</name>
		<cmt>Reinerbeck Siedlung Waldeingang</cmt>
		<desc>Reinerbeck Siedlung Waldeingang</desc>
		<src>Niedersächsische Landesforsten</src>
	</wpt>
	<wpt lat="52.737066177756297" lon="7.9640382104659331">
		<name>CLP-024</name>
		<cmt>Parkplatz "Trimmpfad"</cmt>
		<desc>Parkplatz "Trimmpfad"</desc>
		<src>Niedersächsische Landesforsten</src>
	</wpt>
	<wpt lat="52.994973203349005" lon="8.3890088499896827">
		<name>OL-016</name>
		<cmt>L 872 bei km 20,5 "Kirchhatter Str." Abzweigung "Neue Dorfstraße" (Hinter dem Wehe)</cmt>
		<desc>L 872 bei km 20,5 "Kirchhatter Str." Abzweigung "Neue Dorfstraße" (Hinter dem Wehe)</desc>
		<src>Niedersächsische Landesforsten</src>
	</wpt>
	<wpt lat="51.878173693964449" lon="10.534630388924212">
		<name>GS-053</name>
		<cmt>Waldeingang Elfenstein-Weg</cmt>
		<desc>Waldeingang Elfenstein-Weg</desc>
		<src>Niedersächsische Landesforsten</src>
	</wpt>
	<wpt lat="52.78485275832918" lon="10.409829642907782">
		<name>GF-038</name>
		<cmt>L 280; Km 34,5, Kreisgrenze</cmt>
		<desc>L 280; Km 34,5, Kreisgrenze</desc>
		<src>Niedersächsische Landesforsten</src>
	</wpt>
	<wpt lat="53.27444818192285" lon="7.9040351872765022">
		<name>WST-002</name>
		<cmt>K347 in Hollwege Gaststätte Heinemann, Liebfrauenstraße 13, 26655 Westerstede</cmt>
		<desc>K347 in Hollwege Gaststätte Heinemann, Liebfrauenstraße 13, 26655 Westerstede</desc>
		<src>Niedersächsische Landesforsten</src>
	</wpt>
	<wpt lat="53.338141639614442" lon="7.6480647792589957">
		<name>LER-002</name>
		<cmt>Oldehave Süd, Waldweg Waldbeginn</cmt>
		<desc>Oldehave Süd, Waldweg Waldbeginn</desc>
		<src>Niedersächsische Landesforsten</src>
	</wpt>
	<wpt lat="51.847412559693922" lon="10.540072397190761">
		<name>GS-059</name>
		<cmt>Einfahrt Luchsweg</cmt>
		<desc>Einfahrt Luchsweg</desc>
		<src>Niedersächsische Landesforsten</src>
	</wpt>
	<wpt lat="51.752537318203181" lon="10.37448876374453">
		<name>OHA-224</name>
		<cmt>Forstamtsgebäude, Ortseingang Riefensbeek an der B 498</cmt>
		<desc>Forstamtsgebäude, Ortseingang Riefensbeek an der B 498</desc>
		<src>Niedersächsische Landesforsten</src>
	</wpt>
	<wpt lat="51.699271252690288" lon="10.426377308475713">
		<name>OHA-235</name>
		<cmt>L521 in Sieber, Parkplatz gegenüber Abzweigung Goldenke</cmt>
		<desc>L521 in Sieber, Parkplatz gegenüber Abzweigung Goldenke</desc>
		<src>Niedersächsische Landesforsten</src>
	</wpt>
	<wpt lat="53.092942285811226" lon="10.401947978379766">
		<name>UE-038</name>
		<cmt>L 233/K44; Velgen - Einmd. Bornsen</cmt>
		<desc>L 233/K44; Velgen - Einmd. Bornsen</desc>
		<src>Niedersächsische Landesforsten</src>
	</wpt>
	<wpt lat="52.357138807096256" lon="10.628917268411049">
		<name>HE-017</name>
		<cmt>ostwärtiger Feldweg ins Liebfrauenholz</cmt>
		<desc>ostwärtiger Feldweg ins Liebfrauenholz</desc>
		<src>Niedersächsische Landesforsten</src>
	</wpt>
	<wpt lat="51.568338538512108" lon="10.521178153351229">
		<name>OHA-427</name>
		<cmt>B 243 Landesgrenze/Nüxei (Einmündung NÜxeitrift)</cmt>
		<desc>B 243 Landesgrenze/Nüxei (Einmündung NÜxeitrift)</desc>
		<src>Niedersächsische Landesforsten</src>
	</wpt>
	<wpt lat="52.956659001439164" lon="8.6957655204576341">
		<name>DH-009</name>
		<cmt>Kreuzung Kätinger Mühlenweg / Kirchseelter Str.</cmt>
		<desc>Kreuzung Kätinger Mühlenweg / Kirchseelter Str.</desc>
		<src>Niedersächsische Landesforsten</src>
	</wpt>
	<wpt lat="52.297099801908168" lon="10.339237979086205">
		<name>PE-003</name>
		<cmt>Doppelparkplatz Fürstenau, K21</cmt>
		<desc>Doppelparkplatz Fürstenau, K21</desc>
		<src>Niedersächsische Landesforsten</src>
	</wpt>
	<wpt lat="52.133889001225903" lon="10.645587995281913">
		<name>WF-017</name>
		<cmt>Bürgerschänke Assewirtschaft</cmt>
		<desc>Bürgerschänke Assewirtschaft</desc>
		<src>Niedersächsische Landesforsten</src>
	</wpt>
	<wpt lat="52.216348223636409" lon="11.044682246801761">
		<name>HE-031</name>
		<cmt>Magdeburger Warte</cmt>
		<desc>Magdeburger Warte</desc>
		<src>Niedersächsische Landesforsten</src>
	</wpt>
	<wpt lat="52.569817333163932" lon="7.265787802547619">
		<name>EL-28</name>
		<cmt>Zum Biener Busch / Im Lägermarsch</cmt>
		<desc>Zum Biener Busch / Im Lägermarsch</desc>
		<src>Niedersächsische Landesforsten</src>
	</wpt>
	<wpt lat="52.878773857479196" lon="7.2234621306877029">
		<name>EL-33</name>
		<cmt>Niederlangen Dorfstr. (K156) / Forststraße</cmt>
		<desc>Niederlangen Dorfstr. (K156) / Forststraße</desc>
		<src>Niedersächsische Landesforsten</src>
	</wpt>
	<wpt lat="52.695527619714163" lon="7.1494302466002795">
		<name>EL-32</name>
		<cmt>Fullener Moor Jägerstraße</cmt>
		<desc>Fullener Moor Jägerstraße</desc>
		<src>Niedersächsische Landesforsten</src>
	</wpt>
	<wpt lat="52.742616110970921" lon="7.8414887200026522">
		<name>CLP-021</name>
		<cmt>Hof Poppe</cmt>
		<desc>Hof Poppe</desc>
		<src>Niedersächsische Landesforsten</src>
	</wpt>
	<wpt lat="52.738641961466634" lon="7.8004597851257005">
		<name>CLP-022</name>
		<cmt>Parkplatz "Linderner Str."</cmt>
		<desc>Parkplatz "Linderner Str."</desc>
		<src>Niedersächsische Landesforsten</src>
	</wpt>
	<wpt lat="52.012578702701376" lon="9.7895970171914488">
		<name>HI-130</name>
		<cmt>in Godenau auf dem Gaststättenparkplatz an der B3</cmt>
		<desc>in Godenau auf dem Gaststättenparkplatz an der B3</desc>
		<src>Niedersächsische Landesforsten</src>
	</wpt>
	<wpt lat="52.234411999201633" lon="11.057166995214546">
		<name>HE-032</name>
		<cmt>Gaststätte Brunnental</cmt>
		<desc>Gaststätte Brunnental</desc>
		<src>Niedersächsische Landesforsten</src>
	</wpt>
	<wpt lat="52.395935241601372" lon="10.961414250711515">
		<name>HE-024</name>
		<cmt>Friedhof Meinkot</cmt>
		<desc>Friedhof Meinkot</desc>
		<src>Niedersächsische Landesforsten</src>
	</wpt>
	<wpt lat="52.216481174208155" lon="10.900510543611633">
		<name>HE-008</name>
		<cmt>K13, nordostwärtiger Waldrand</cmt>
		<desc>K13, nordostwärtiger Waldrand</desc>
		<src>Niedersächsische Landesforsten</src>
	</wpt>
	<wpt lat="52.023839687034084" lon="9.5934999463752355">
		<name>HM-066</name>
		<cmt>Ockensen; Ortsende Parkplatz "Wasserbaum"</cmt>
		<desc>Ockensen; Ortsende Parkplatz "Wasserbaum"</desc>
		<src>Niedersächsische Landesforsten</src>
	</wpt>
	<wpt lat="52.0089964861901" lon="9.6152673287417656">
		<name>HM-068</name>
		<cmt>Domäne Hakenrode, Hakenroder Str.</cmt>
		<desc>Domäne Hakenrode, Hakenroder Str.</desc>
		<src>Niedersächsische Landesforsten</src>
	</wpt>
	<wpt lat="52.055103806812831" lon="9.7123541305498584">
		<name>HI-131</name>
		<cmt>Deinsen; Am Rosentor Ecke Unter dem Külf</cmt>
		<desc>Deinsen; Am Rosentor Ecke Unter dem Külf</desc>
		<src>Niedersächsische Landesforsten</src>
	</wpt>
	<wpt lat="52.049370499553817" lon="9.7166789110167482">
		<name>HI-132</name>
		<cmt>Deinsen; Ortseingang von Lübrechtsen kommend, erster Weg zum Wald</cmt>
		<desc>Deinsen; Ortseingang von Lübrechtsen kommend, erster Weg zum Wald</desc>
		<src>Niedersächsische Landesforsten</src>
	</wpt>
	<wpt lat="52.031148440705877" lon="9.6777379896091897">
		<name>HI-135</name>
		<cmt>Ortsausgang Marienhagen; 150 m Richtung Weenzen</cmt>
		<desc>Ortsausgang Marienhagen; 150 m Richtung Weenzen</desc>
		<src>Niedersächsische Landesforsten</src>
	</wpt>
	<wpt lat="52.04598980113866" lon="9.6833812729385222">
		<name>HI-136</name>
		<cmt>Sportplatz Marienhagen</cmt>
		<desc>Sportplatz Marienhagen</desc>
		<src>Niedersächsische Landesforsten</src>
	</wpt>
	<wpt lat="52.062822184675042" lon="9.663191160151813">
		<name>HI-137</name>
		<cmt>Gut Heinsen</cmt>
		<desc>Gut Heinsen</desc>
		<src>Niedersächsische Landesforsten</src>
	</wpt>
	<wpt lat="52.067879397499453" lon="9.6453437920065159">
		<name>HM-069</name>
		<cmt>Ortsmitte Ahrenfeld</cmt>
		<desc>Ortsmitte Ahrenfeld</desc>
		<src>Niedersächsische Landesforsten</src>
	</wpt>
	<wpt lat="52.011491890269554" lon="9.6625849620872746">
		<name>HI-139</name>
		<cmt>Parkplatz Waldeingang B 240 Südlich von Weenzen</cmt>
		<desc>Parkplatz Waldeingang B 240 Südlich von Weenzen</desc>
		<src>Niedersächsische Landesforsten</src>
	</wpt>
	<wpt lat="52.009459346972513" lon="9.6934206786195816">
		<name>HI-140</name>
		<cmt>Ortsausgang Duingen; Richtung Weenzen, L 462; Linderweg</cmt>
		<desc>Ortsausgang Duingen; Richtung Weenzen, L 462; Linderweg</desc>
		<src>Niedersächsische Landesforsten</src>
	</wpt>
	<wpt lat="52.476845664400251" lon="9.6714303412145668">
		<name>H-154</name>
		<cmt>Waldparkplatz an der K 310</cmt>
		<desc>Waldparkplatz an der K 310</desc>
		<src>Niedersächsische Landesforsten</src>
	</wpt>
	<wpt lat="51.622590792785253" lon="9.8506174249682754">
		<name>NOM-9H</name>
		<cmt>Friedhof Gladebeck</cmt>
		<desc>Friedhof Gladebeck</desc>
		<src>Niedersächsische Landesforsten</src>
	</wpt>
	<wpt lat="51.612668250001825" lon="9.8248012867783086">
		<name>NOM-10</name>
		<cmt>Waldeinfahrt Asche</cmt>
		<desc>Waldeinfahrt Asche</desc>
		<src>Niedersächsische Landesforsten</src>
	</wpt>
	<wpt lat="51.615979323815303" lon="9.8103835363471532">
		<name>NOM-11</name>
		<cmt>Asche Ortsmitte, rechts Richtung Friedenslinde</cmt>
		<desc>Asche Ortsmitte, rechts Richtung Friedenslinde</desc>
		<src>Niedersächsische Landesforsten</src>
	</wpt>
	<wpt lat="51.614386017784973" lon="9.7859461283746398">
		<name>NOM-12</name>
		<cmt>Hettensen Friedhof</cmt>
		<desc>Hettensen Friedhof</desc>
		<src>Niedersächsische Landesforsten</src>
	</wpt>
	<wpt lat="51.616315184974056" lon="9.7639379174770831">
		<name>NOM-13H</name>
		<cmt>Hettenser Feldkante</cmt>
		<desc>Hettenser Feldkante</desc>
		<src>Niedersächsische Landesforsten</src>
	</wpt>
	<wpt lat="51.652894805490583" lon="9.6863330244790795">
		<name>NOM-27</name>
		<cmt>"Güldenbergweg", 200 m Ortsausgang Bollensen</cmt>
		<desc>"Güldenbergweg", 200 m Ortsausgang Bollensen</desc>
		<src>Niedersächsische Landesforsten</src>
	</wpt>
	<wpt lat="53.37781301144117" lon="8.8305894039501354">
		<name>OHZ-412</name>
		<cmt>L128 Oldendorf nach Wellen (schild "Melkhus") 1,1km nördlich Gaststätte "Zum Altdeutschen Haus"</cmt>
		<desc>L128 Oldendorf nach Wellen (schild "Melkhus") 1,1km nördlich Gaststätte "Zum Altdeutschen Haus"</desc>
		<src>Niedersächsische Landesforsten</src>
	</wpt>
	<wpt lat="51.573343514553386" lon="9.6452892767960172">
		<name>NOM-3</name>
		<cmt>Fürstenhagen Kirche</cmt>
		<desc>Fürstenhagen Kirche</desc>
		<src>Niedersächsische Landesforsten</src>
	</wpt>
	<wpt lat="52.311765978128911" lon="9.4299904095595064">
		<name>H-177</name>
		<cmt>Walhalla</cmt>
		<desc>Walhalla</desc>
		<src>Niedersächsische Landesforsten</src>
	</wpt>
	<wpt lat="52.829879695777009" lon="8.8398733008348653">
		<name>DH-813</name>
		<cmt>Ausflugs-/Waldparkplatz an der L356 zwischen Neubruchhausen und Menninghausen</cmt>
		<desc>Ausflugs-/Waldparkplatz an der L356 zwischen Neubruchhausen und Menninghausen</desc>
		<src>Niedersächsische Landesforsten</src>
	</wpt>
	<wpt lat="51.571437883391326" lon="9.6544212470300348">
		<name>NOM-2H</name>
		<cmt>Waldkante Fürstenhagen</cmt>
		<desc>Waldkante Fürstenhagen</desc>
		<src>Niedersächsische Landesforsten</src>
	</wpt>
	<wpt lat="52.151126438974622" lon="9.5471173993953862">
		<name>HM-058</name>
		<cmt>Tivoli</cmt>
		<desc>Tivoli</desc>
		<src>Niedersächsische Landesforsten</src>
	</wpt>
	<wpt lat="51.603185884013079" lon="9.6585824911473228">
		<name>NOM-6H</name>
		<cmt>Lichtenberg</cmt>
		<desc>Lichtenberg</desc>
		<src>Niedersächsische Landesforsten</src>
	</wpt>
	<wpt lat="51.593428670762108" lon="9.6765007411992539">
		<name>NOM-5</name>
		<cmt>Offensen Ortsmitte</cmt>
		<desc>Offensen Ortsmitte</desc>
		<src>Niedersächsische Landesforsten</src>
	</wpt>
	<wpt lat="51.561832856910648" lon="9.658213088639549">
		<name>NOM-1</name>
		<cmt>Jagdhütte</cmt>
		<desc>Jagdhütte</desc>
		<src>Niedersächsische Landesforsten</src>
	</wpt>
	<wpt lat="51.577754419273184" lon="9.6432144314237416">
		<name>NOM-4H</name>
		<cmt>Fürstenhagen Sportplatz</cmt>
		<desc>Fürstenhagen Sportplatz</desc>
		<src>Niedersächsische Landesforsten</src>
	</wpt>
	<wpt lat="52.327154833601227" lon="10.634003980269005">
		<name>HE-018</name>
		<cmt>Südspitze Hoheholz</cmt>
		<desc>Südspitze Hoheholz</desc>
		<src>Niedersächsische Landesforsten</src>
	</wpt>
	<wpt lat="51.976613018849825" lon="9.3467455094221581">
		<name>HM-147</name>
		<cmt>südlicher Ortsrand der Ortschaft Deitlefsen</cmt>
		<desc>südlicher Ortsrand der Ortschaft Deitlefsen</desc>
		<src>Niedersächsische Landesforsten</src>
	</wpt>
	<wpt lat="52.205924303790816" lon="9.2049744414562422">
		<name>SHG-007</name>
		<cmt>K72 Abzweig zur Paschenburg</cmt>
		<desc>K72 Abzweig zur Paschenburg</desc>
		<src>Niedersächsische Landesforsten</src>
	</wpt>
	<wpt lat="51.326431679466985" lon="9.7106912401006333">
		<name>GÖ-7</name>
		<cmt>Kreuzung Endschlagwiese</cmt>
		<desc>Kreuzung Endschlagwiese</desc>
		<src>Niedersächsische Landesforsten</src>
	</wpt>
	<wpt lat="52.177574735706898" lon="10.450080797968333">
		<name>SZ-001</name>
		<cmt>Schacht Konrad II, Abzweigung Bleckenstedt</cmt>
		<desc>Schacht Konrad II, Abzweigung Bleckenstedt</desc>
		<src>Niedersächsische Landesforsten</src>
	</wpt>
	<wpt lat="51.829917191517524" lon="10.204407106796991">
		<name>GS-119</name>
		<cmt>B 242, Parkplatz "Eichenkamp" zwischen Münchehof u. Bad Grund</cmt>
		<desc>B 242, Parkplatz "Eichenkamp" zwischen Münchehof u. Bad Grund</desc>
		<src>Niedersächsische Landesforsten</src>
	</wpt>
	<wpt lat="51.617771179054664" lon="10.489636597917247">
		<name>OHA-431</name>
		<cmt>Nasser Weg, Parkplatz Campingplatz/Schwimmbad Wiesenbeker Teich (Abt. 345)</cmt>
		<desc>Nasser Weg, Parkplatz Campingplatz/Schwimmbad Wiesenbeker Teich (Abt. 345)</desc>
		<src>Niedersächsische Landesforsten</src>
	</wpt>
	<wpt lat="53.058036332768367" lon="10.975888481872287">
		<name>DAN-001</name>
		<cmt>K 8; Abzweigung Mützingen</cmt>
		<desc>K 8; Abzweigung Mützingen</desc>
		<src>Niedersächsische Landesforsten</src>
	</wpt>
	<wpt lat="52.154558437538419" lon="10.852348886596468">
		<name>WF-009</name>
		<cmt>Parkplatz Waldrand</cmt>
		<desc>Parkplatz Waldrand</desc>
		<src>Niedersächsische Landesforsten</src>
	</wpt>
	<wpt lat="51.651813943230103" lon="10.544602880023666">
		<name>OHA-421</name>
		<cmt>Lärchenplatz (Zufahrt Stöberhai); Abt. 487/2264/2235/101/102</cmt>
		<desc>Lärchenplatz (Zufahrt Stöberhai); Abt. 487/2264/2235/101/102</desc>
		<src>Niedersächsische Landesforsten</src>
	</wpt>
	<wpt lat="52.473010499251984" lon="8.0578224657327429">
		<name>OS-77</name>
		<cmt>Riester Damm (Auf der Autobahnbrücke)</cmt>
		<desc>Riester Damm (Auf der Autobahnbrücke)</desc>
		<src>Niedersächsische Landesforsten</src>
	</wpt>
	<wpt lat="52.802806727457934" lon="8.3024396915508749">
		<name>VEC-007</name>
		<cmt>Ortsmitte Astrup, Abzweigung Richtung Visbek</cmt>
		<desc>Ortsmitte Astrup, Abzweigung Richtung Visbek</desc>
		<src>Niedersächsische Landesforsten</src>
	</wpt>
	<wpt lat="52.261916085219667" lon="10.890795774090813">
		<name>HE-015</name>
		<cmt>Südlicher Waldrand Dorm</cmt>
		<desc>Südlicher Waldrand Dorm</desc>
		<src>Niedersächsische Landesforsten</src>
	</wpt>
	<wpt lat="52.348458831535225" lon="10.717333847015228">
		<name>HE-019</name>
		<cmt>Ortsausgang Felchtorf-Ost</cmt>
		<desc>Ortsausgang Felchtorf-Ost</desc>
		<src>Niedersächsische Landesforsten</src>
	</wpt>
	<wpt lat="52.366586347927289" lon="10.7175062817678">
		<name>WOB-009</name>
		<cmt>Waldeinfahrt L 295 Flechtorf</cmt>
		<desc>Waldeinfahrt L 295 Flechtorf</desc>
		<src>Niedersächsische Landesforsten</src>
	</wpt>
	<wpt lat="53.041542243726518" lon="9.6273400271964711">
		<name>ROW-123</name>
		<cmt>Gräflingshorst nördlich vom Wald am Gehöft von Hartböhn</cmt>
		<desc>Gräflingshorst nördlich vom Wald am Gehöft von Hartböhn</desc>
		<src>Niedersächsische Landesforsten</src>
	</wpt>
	<wpt lat="53.165940110193453" lon="8.1220949004112502">
		<name>WST-012</name>
		<cmt>"Woldweg", Kreuzung "Försterweg" an der Brücke BAB 28</cmt>
		<desc>"Woldweg", Kreuzung "Försterweg" an der Brücke BAB 28</desc>
		<src>Niedersächsische Landesforsten</src>
	</wpt>
	<wpt lat="52.767751675778094" lon="9.2451219254899684">
		<name>NI-003</name>
		<cmt>Int. Forst Doenhausen K1 östlich Doenhausen am Waldrand</cmt>
		<desc>Int. Forst Doenhausen K1 östlich Doenhausen am Waldrand</desc>
		<src>Niedersächsische Landesforsten</src>
	</wpt>
	<wpt lat="52.756799786208319" lon="9.2523101057059272">
		<name>NI-004</name>
		<cmt>Sechsacker zwischen Gandesbergen und B209 (Heidestr. Abzweig Sechsackerweg)</cmt>
		<desc>Sechsacker zwischen Gandesbergen und B209 (Heidestr. Abzweig Sechsackerweg)</desc>
		<src>Niedersächsische Landesforsten</src>
	</wpt>
	<wpt lat="51.797532185931559" lon="10.492108002586798">
		<name>GS-001</name>
		<cmt>Eingang Wellner Weg/Steile-Wand-Straße</cmt>
		<desc>Eingang Wellner Weg/Steile-Wand-Straße</desc>
		<src>Niedersächsische Landesforsten</src>
	</wpt>
	<wpt lat="53.480976317396909" lon="7.5155989449927141">
		<name>AUR-010</name>
		<cmt>"Hoheberger Weg" bei Gasthaus "Mutter Janssen"</cmt>
		<desc>"Hoheberger Weg" bei Gasthaus "Mutter Janssen"</desc>
		<src>Niedersächsische Landesforsten</src>
	</wpt>
	<wpt lat="53.400105359300028" lon="7.4368444789887675">
		<name>AUR-014</name>
		<cmt>K111, Parkplatz Tankstelle</cmt>
		<desc>K111, Parkplatz Tankstelle</desc>
		<src>Niedersächsische Landesforsten</src>
	</wpt>
	<wpt lat="53.408764062344716" lon="7.4773295951170979">
		<name>AUR-015</name>
		<cmt>Waldbeginn Ostseite Ihlower Forst, Verlängerung "Ihlower Weg"</cmt>
		<desc>Waldbeginn Ostseite Ihlower Forst, Verlängerung "Ihlower Weg"</desc>
		<src>Niedersächsische Landesforsten</src>
	</wpt>
	<wpt lat="53.393917557964144" lon="7.7752246019673343">
		<name>AUR-016</name>
		<cmt>K 150 mit Kreuzung Birkhahnweg</cmt>
		<desc>K 150 mit Kreuzung Birkhahnweg</desc>
		<src>Niedersächsische Landesforsten</src>
	</wpt>
	<wpt lat="53.506947218139778" lon="8.4900074920081376">
		<name>BRA-001</name>
		<cmt>Haupteingang der Grundschule "Friedrich-August-Hütte", "Margaretenstr. 30"</cmt>
		<desc>Haupteingang der Grundschule "Friedrich-August-Hütte", "Margaretenstr. 30"</desc>
		<src>Niedersächsische Landesforsten</src>
	</wpt>
	<wpt lat="53.500317538975587" lon="7.819222529415673">
		<name>FRI-007</name>
		<cmt>L 11, Einmündung "Doser Buschweg"</cmt>
		<desc>L 11, Einmündung "Doser Buschweg"</desc>
		<src>Niedersächsische Landesforsten</src>
	</wpt>
	<wpt lat="53.642704619565123" lon="8.0806343415627406">
		<name>FRI-001</name>
		<cmt>Parkplatz Seeschleuse am Außenhafen Hooksiel</cmt>
		<desc>Parkplatz Seeschleuse am Außenhafen Hooksiel</desc>
		<src>Niedersächsische Landesforsten</src>
	</wpt>
	<wpt lat="53.543864709458241" lon="7.8853895452088301">
		<name>FRI-003</name>
		<cmt>Einmündung Waldweg auf Upjeversche Straße</cmt>
		<desc>Einmündung Waldweg auf Upjeversche Straße</desc>
		<src>Niedersächsische Landesforsten</src>
	</wpt>
	<wpt lat="53.546507969597592" lon="7.8959887222358818">
		<name>FRI-002</name>
		<cmt>Gaststätte Waldschlösschen</cmt>
		<desc>Gaststätte Waldschlösschen</desc>
		<src>Niedersächsische Landesforsten</src>
	</wpt>
	<wpt lat="53.542638711484834" lon="7.91437594254087">
		<name>FRI-004</name>
		<cmt>Gaststätte "Grüner Wald"</cmt>
		<desc>Gaststätte "Grüner Wald"</desc>
		<src>Niedersächsische Landesforsten</src>
	</wpt>
	<wpt lat="53.512479314763659" lon="7.8614817754493878">
		<name>FRI-008</name>
		<cmt>Gaststätte "Brauner Hirsch"</cmt>
		<desc>Gaststätte "Brauner Hirsch"</desc>
		<src>Niedersächsische Landesforsten</src>
	</wpt>
	<wpt lat="52.379504986096698" lon="9.3835585038134095">
		<name>SHG-037</name>
		<cmt>Waldstr. L 449 Höhe Bolzplatz Haster Wald</cmt>
		<desc>Waldstr. L 449 Höhe Bolzplatz Haster Wald</desc>
		<src>Niedersächsische Landesforsten</src>
	</wpt>
	<wpt lat="52.392134327502639" lon="9.3992041690532613">
		<name>SHG-035</name>
		<cmt>Parkplatz MLK an der B 442</cmt>
		<desc>Parkplatz MLK an der B 442</desc>
		<src>Niedersächsische Landesforsten</src>
	</wpt>
	<wpt lat="53.377614372191587" lon="8.0569653360939348">
		<name>FRI-018</name>
		<cmt>K104 Einmündung der Waldeinfahrt auf die Strasse bei km 4.2</cmt>
		<desc>K104 Einmündung der Waldeinfahrt auf die Strasse bei km 4.2</desc>
		<src>Niedersächsische Landesforsten</src>
	</wpt>
	<wpt lat="53.102077377930783" lon="10.43345502598023">
		<name>UE-037</name>
		<cmt>K 44; Velgen - Bornsen, Forsthof Wichmannsdorf</cmt>
		<desc>K 44; Velgen - Bornsen, Forsthof Wichmannsdorf</desc>
		<src>Niedersächsische Landesforsten</src>
	</wpt>
	<wpt lat="53.154756295286369" lon="10.451942186091904">
		<name>UE-036</name>
		<cmt>K 36; Grünhagen -Dorfgemeinschaftshaus</cmt>
		<desc>K 36; Grünhagen -Dorfgemeinschaftshaus</desc>
		<src>Niedersächsische Landesforsten</src>
	</wpt>
	<wpt lat="53.168215966529182" lon="10.617709420276508">
		<name>UE-024</name>
		<cmt>K 2; Aljarn Campingplatz</cmt>
		<desc>K 2; Aljarn Campingplatz</desc>
		<src>Niedersächsische Landesforsten</src>
	</wpt>
	<wpt lat="53.163917770515781" lon="10.663877093476252">
		<name>LG-030</name>
		<cmt>Gienau - Feuerwehrgerätehaus</cmt>
		<desc>Gienau - Feuerwehrgerätehaus</desc>
		<src>Niedersächsische Landesforsten</src>
	</wpt>
	<wpt lat="53.127344544579394" lon="10.699463577315024">
		<name>UE-021</name>
		<cmt>K 4; Groß Thondorf - Ortsmitte</cmt>
		<desc>K 4; Groß Thondorf - Ortsmitte</desc>
		<src>Niedersächsische Landesforsten</src>
	</wpt>
	<wpt lat="53.148167457004348" lon="10.666273479964753">
		<name>UE-022</name>
		<cmt>L 232; Bostelwiebeck - Ortsmitte</cmt>
		<desc>L 232; Bostelwiebeck - Ortsmitte</desc>
		<src>Niedersächsische Landesforsten</src>
	</wpt>
	<wpt lat="53.024640247529184" lon="10.444883894539307">
		<name>UE-041</name>
		<cmt>Ebstorf - Helmsstraße/Ecke Waldstraße</cmt>
		<desc>Ebstorf - Helmsstraße/Ecke Waldstraße</desc>
		<src>Niedersächsische Landesforsten</src>
	</wpt>
	<wpt lat="53.032149448299165" lon="10.417604466000885">
		<name>UE-043</name>
		<cmt>L 233; Ebstorf -  Rfö.-Gehöft Lüneburger Str. 34</cmt>
		<desc>L 233; Ebstorf -  Rfö.-Gehöft Lüneburger Str. 34</desc>
		<src>Niedersächsische Landesforsten</src>
	</wpt>
	<wpt lat="53.070814302613115" lon="10.339367809170017">
		<name>UE-044</name>
		<cmt>Oechtringen, Rfö.-Gehöft Oechtringen Nr. 1</cmt>
		<desc>Oechtringen, Rfö.-Gehöft Oechtringen Nr. 1</desc>
		<src>Niedersächsische Landesforsten</src>
	</wpt>
	<wpt lat="53.174231068516463" lon="10.344528375408952">
		<name>LG-035</name>
		<cmt>K 17; Embsen - Ortsmitte</cmt>
		<desc>K 17; Embsen - Ortsmitte</desc>
		<src>Niedersächsische Landesforsten</src>
	</wpt>
	<wpt lat="53.062433055052871" lon="10.235066846347939">
		<name>UE-047</name>
		<cmt>K 21; Wulfsode - Ortsmitte Treppenspeicher</cmt>
		<desc>K 21; Wulfsode - Ortsmitte Treppenspeicher</desc>
		<src>Niedersächsische Landesforsten</src>
	</wpt>
	<wpt lat="53.092504268057944" lon="10.205516273457398">
		<name>LG-036</name>
		<cmt>K 19; Wulfsode - Rehlingen, Einm. SOS Kinderdorf Bockum</cmt>
		<desc>K 19; Wulfsode - Rehlingen, Einm. SOS Kinderdorf Bockum</desc>
		<src>Niedersächsische Landesforsten</src>
	</wpt>
	<wpt lat="52.012054575274696" lon="9.3262070726234612">
		<name>HM-028</name>
		<cmt>200 m westlich von Amelgatzen auf der K 37 von Gellersen nach Amelgatzen</cmt>
		<desc>200 m westlich von Amelgatzen auf der K 37 von Gellersen nach Amelgatzen</desc>
		<src>Niedersächsische Landesforsten</src>
	</wpt>
	<wpt lat="53.001885596393912" lon="9.2698620791337998">
		<name>VER-005</name>
		<cmt>Am Steinberge B  215 etwa 1 km südlich der Abzweigung  K 31</cmt>
		<desc>Am Steinberge B  215 etwa 1 km südlich der Abzweigung  K 31</desc>
		<src>Niedersächsische Landesforsten</src>
	</wpt>
	<wpt lat="52.192822743803028" lon="9.2896367663456747">
		<name>HM-009</name>
		<cmt>Parkplatz Försterlaube, von Barksen auf der Hohensteinstr. nach Langenfeld Hubschrauberlandeplatz</cmt>
		<desc>Parkplatz Försterlaube, von Barksen auf der Hohensteinstr. nach Langenfeld Hubschrauberlandeplatz</desc>
		<src>Niedersächsische Landesforsten</src>
	</wpt>
	<wpt lat="53.006804020519752" lon="9.3443870671786673">
		<name>VER-007</name>
		<cmt>Wedehof K 11/ K206 östlich v Süderwalsede</cmt>
		<desc>Wedehof K 11/ K206 östlich v Süderwalsede</desc>
		<src>Niedersächsische Landesforsten</src>
	</wpt>
	<wpt lat="53.066070676159647" lon="10.556117120786421">
		<name>UE-028</name>
		<cmt>Wasserwerk Bad Bevensen</cmt>
		<desc>Wasserwerk Bad Bevensen</desc>
		<src>Niedersächsische Landesforsten</src>
	</wpt>
	<wpt lat="52.156962329347145" lon="9.0303771688096113">
		<name>SHG-013</name>
		<cmt>alte Försterei Möllenbeck in Möllenbeck an der Hildburgstr. Hubschrauberlandeplatz</cmt>
		<desc>alte Försterei Möllenbeck in Möllenbeck an der Hildburgstr. Hubschrauberlandeplatz</desc>
		<src>Niedersächsische Landesforsten</src>
	</wpt>
	<wpt lat="52.142027102371735" lon="9.0382507751296597">
		<name>SHG-014</name>
		<cmt>Parkplatz Noltemeiers Wiese an der L 435 zwischen Kran- kenhagen und Möllenbeck Hubschrauberlandeplatz</cmt>
		<desc>Parkplatz Noltemeiers Wiese an der L 435 zwischen Kran- kenhagen und Möllenbeck Hubschrauberlandeplatz</desc>
		<src>Niedersächsische Landesforsten</src>
	</wpt>
	<wpt lat="52.156433560554561" lon="9.0470779592929258">
		<name>SHG-015</name>
		<cmt>Kiesgrube Reese in Hessen- dorf an der Forststr. Hubschrauberlandeplatz</cmt>
		<desc>Kiesgrube Reese in Hessen- dorf an der Forststr. Hubschrauberlandeplatz</desc>
		<src>Niedersächsische Landesforsten</src>
	</wpt>
	<wpt lat="52.143671834313047" lon="9.1681130625723473">
		<name>HM-022</name>
		<cmt>Schullandheim Friedrichsburg in Friedrichsburg an der Hengstbergstr. Hubschrauberlandeplatz</cmt>
		<desc>Schullandheim Friedrichsburg in Friedrichsburg an der Hengstbergstr. Hubschrauberlandeplatz</desc>
		<src>Niedersächsische Landesforsten</src>
	</wpt>
	<wpt lat="52.163550517617928" lon="9.1681884142239056">
		<name>SHG-020</name>
		<cmt>Försterei Dobbelstein in Hohenrode am Dobbelsteiner Weg     Hubschrauberlandeplatz</cmt>
		<desc>Försterei Dobbelstein in Hohenrode am Dobbelsteiner Weg     Hubschrauberlandeplatz</desc>
		<src>Niedersächsische Landesforsten</src>
	</wpt>
	<wpt lat="53.378749815849616" lon="8.1127666268679839">
		<name>FRI-020</name>
		<cmt>L819 Ortseingeng Obenstrohe NordOst bei Einmündung "Alte Wiefelsteder Str."</cmt>
		<desc>L819 Ortseingeng Obenstrohe NordOst bei Einmündung "Alte Wiefelsteder Str."</desc>
		<src>Niedersächsische Landesforsten</src>
	</wpt>
	<wpt lat="53.360369274128914" lon="8.1265743056554935">
		<name>FRI-021</name>
		<cmt>K340 Bushaltestelle bei km 27,9</cmt>
		<desc>K340 Bushaltestelle bei km 27,9</desc>
		<src>Niedersächsische Landesforsten</src>
	</wpt>
	<wpt lat="53.143385683981421" lon="8.2681665683734487">
		<name>OL_S-001</name>
		<cmt>"Blankenburger Weg", Parkplatz am Blankenburger Holz</cmt>
		<desc>"Blankenburger Weg", Parkplatz am Blankenburger Holz</desc>
		<src>Niedersächsische Landesforsten</src>
	</wpt>
	<wpt lat="53.108176691421193" lon="8.1297457067904357">
		<name>OL_S-002</name>
		<cmt>B 401, Einmündung "Kavallerieweg"</cmt>
		<desc>B 401, Einmündung "Kavallerieweg"</desc>
		<src>Niedersächsische Landesforsten</src>
	</wpt>
	<wpt lat="53.120515081263811" lon="8.4208950813226124">
		<name>OL-001</name>
		<cmt>K 222, Wanderparkplatz am Reiherholz</cmt>
		<desc>K 222, Wanderparkplatz am Reiherholz</desc>
		<src>Niedersächsische Landesforsten</src>
	</wpt>
	<wpt lat="52.387617637911802" lon="9.5128337511171157">
		<name>H-132</name>
		<cmt>Waldparkplatz an der K 253 zwischen Dedensen u. Ostermunzel WW Essloh</cmt>
		<desc>Waldparkplatz an der K 253 zwischen Dedensen u. Ostermunzel WW Essloh</desc>
		<src>Niedersächsische Landesforsten</src>
	</wpt>
	<wpt lat="53.101953983873088" lon="8.4282179257341436">
		<name>OL-004</name>
		<cmt>"Am Postweg 4" (Huder Pferdehof)</cmt>
		<desc>"Am Postweg 4" (Huder Pferdehof)</desc>
		<src>Niedersächsische Landesforsten</src>
	</wpt>
	<wpt lat="53.088290325812586" lon="8.4046221215849268">
		<name>OL-005</name>
		<cmt>L 868, Bushaltestelle "Heiligenloh" (Einmündung "Oldenburger Weg")</cmt>
		<desc>L 868, Bushaltestelle "Heiligenloh" (Einmündung "Oldenburger Weg")</desc>
		<src>Niedersächsische Landesforsten</src>
	</wpt>
	<wpt lat="53.022300471023009" lon="8.4711368631138129">
		<name>OL-013</name>
		<cmt>Denkmal an der Einmündung der Straße "Ohe" in "Alte Dorfstraße"</cmt>
		<desc>Denkmal an der Einmündung der Straße "Ohe" in "Alte Dorfstraße"</desc>
		<src>Niedersächsische Landesforsten</src>
	</wpt>
	<wpt lat="53.017606934752834" lon="8.5690967541400198">
		<name>OL-020</name>
		<cmt>B 213 bei km 4,2: Gasthof äHof Hoyerswegeô Menkens, Wildeshauser Landstr. 66</cmt>
		<desc>B 213 bei km 4,2: Gasthof äHof Hoyerswegeô Menkens, Wildeshauser Landstr. 66</desc>
		<src>Niedersächsische Landesforsten</src>
	</wpt>
	<wpt lat="52.428154378087541" lon="10.115473736438442">
		<name>H-137</name>
		<cmt>K 125 Waldparkplatz</cmt>
		<desc>K 125 Waldparkplatz</desc>
		<src>Niedersächsische Landesforsten</src>
	</wpt>
	<wpt lat="52.448822093334073" lon="9.9749567713980021">
		<name>H-2258</name>
		<cmt>HE07</cmt>
		<desc>HE07</desc>
		<src>Stadt Burgdorf</src>
	</wpt>
	<wpt lat="52.456165742363147" lon="10.096676165736175">
		<name>H-140</name>
		<cmt>B 188 Parkplatz Nähe Gärtnerei am Beerbusch</cmt>
		<desc>B 188 Parkplatz Nähe Gärtnerei am Beerbusch</desc>
		<src>Niedersächsische Landesforsten</src>
	</wpt>
	<wpt lat="51.795694189845037" lon="10.482948165692093">
		<name>GS-002</name>
		<cmt>Unterer Bruchbergweg/Steile-Wand-Straße</cmt>
		<desc>Unterer Bruchbergweg/Steile-Wand-Straße</desc>
		<src>Niedersächsische Landesforsten</src>
	</wpt>
	<wpt lat="51.827837728826509" lon="10.44840588979222">
		<name>GS-018</name>
		<cmt>B 498 zwischen Gemkental und Vorsperrmauer</cmt>
		<desc>B 498 zwischen Gemkental und Vorsperrmauer</desc>
		<src>Niedersächsische Landesforsten</src>
	</wpt>
	<wpt lat="51.854056988958888" lon="10.365045591436596">
		<name>GS-032</name>
		<cmt>Parkplatz Auerhahn</cmt>
		<desc>Parkplatz Auerhahn</desc>
		<src>Niedersächsische Landesforsten</src>
	</wpt>
	<wpt lat="51.839390755335096" lon="10.35417859593916">
		<name>GS-031</name>
		<cmt>Einfahrt Alte Harzstraße (B241)</cmt>
		<desc>Einfahrt Alte Harzstraße (B241)</desc>
		<src>Niedersächsische Landesforsten</src>
	</wpt>
	<wpt lat="51.831637572122361" lon="10.371660001853902">
		<name>GS-034</name>
		<cmt>Parkplatz Kiefhölzer Teich</cmt>
		<desc>Parkplatz Kiefhölzer Teich</desc>
		<src>Niedersächsische Landesforsten</src>
	</wpt>
	<wpt lat="51.826289326276907" lon="10.370422779505171">
		<name>GS-033</name>
		<cmt>Schulenberger Landstraße, Einfahrt Festenburg (L 517)</cmt>
		<desc>Schulenberger Landstraße, Einfahrt Festenburg (L 517)</desc>
		<src>Niedersächsische Landesforsten</src>
	</wpt>
	<wpt lat="51.827649718347224" lon="10.425022175638125">
		<name>GS-038</name>
		<cmt>Einfahrt Mittelschulenberg, Kaiser-Heinrich-Weg</cmt>
		<desc>Einfahrt Mittelschulenberg, Kaiser-Heinrich-Weg</desc>
		<src>Niedersächsische Landesforsten</src>
	</wpt>
	<wpt lat="51.831034276046921" lon="10.429293710741844">
		<name>GS-039</name>
		<cmt>Einfahrt Riesenbachtal</cmt>
		<desc>Einfahrt Riesenbachtal</desc>
		<src>Niedersächsische Landesforsten</src>
	</wpt>
	<wpt lat="51.831028603402352" lon="10.432690485757531">
		<name>GS-040</name>
		<cmt>Südliche Auffahrt Schulenberg</cmt>
		<desc>Südliche Auffahrt Schulenberg</desc>
		<src>Niedersächsische Landesforsten</src>
	</wpt>
	<wpt lat="51.885012918826021" lon="10.472107252631622">
		<name>GS-050</name>
		<cmt>Parkplatz Waldhaus</cmt>
		<desc>Parkplatz Waldhaus</desc>
		<src>Niedersächsische Landesforsten</src>
	</wpt>
	<wpt lat="51.893043065168655" lon="10.512113518675156">
		<name>GS-051</name>
		<cmt>Ampelanlage Campingplatz Göttingerode</cmt>
		<desc>Ampelanlage Campingplatz Göttingerode</desc>
		<src>Niedersächsische Landesforsten</src>
	</wpt>
	<wpt lat="51.889673020933145" lon="10.597132281435123">
		<name>GS-054</name>
		<cmt>Abzweig K 43 / Westeröder Allee</cmt>
		<desc>Abzweig K 43 / Westeröder Allee</desc>
		<src>Niedersächsische Landesforsten</src>
	</wpt>
	<wpt lat="51.87133831090334" lon="10.561617115224548">
		<name>GS-056</name>
		<cmt>Einfahrt Kalte Tal (Märchenwald)</cmt>
		<desc>Einfahrt Kalte Tal (Märchenwald)</desc>
		<src>Niedersächsische Landesforsten</src>
	</wpt>
	<wpt lat="51.851278791105024" lon="10.547193561187763">
		<name>GS-058</name>
		<cmt>Taternbruch</cmt>
		<desc>Taternbruch</desc>
		<src>Niedersächsische Landesforsten</src>
	</wpt>
	<wpt lat="51.954521725159779" lon="10.441435181608764">
		<name>GS-082</name>
		<cmt>K 33 Rettungspunkt Hahndorf</cmt>
		<desc>K 33 Rettungspunkt Hahndorf</desc>
		<src>Niedersächsische Landesforsten</src>
	</wpt>
	<wpt lat="51.871860359799477" lon="10.555264699542553">
		<name>GS-078</name>
		<cmt>Kurhausstraße Abzweig Kästestraße (APART-Hotel)</cmt>
		<desc>Kurhausstraße Abzweig Kästestraße (APART-Hotel)</desc>
		<src>Niedersächsische Landesforsten</src>
	</wpt>
	<wpt lat="51.942679497013209" lon="10.436100537856662">
		<name>GS-080</name>
		<cmt>Grauhof Brunnen</cmt>
		<desc>Grauhof Brunnen</desc>
		<src>Niedersächsische Landesforsten</src>
	</wpt>
	<wpt lat="51.941284374907013" lon="10.44847522475971">
		<name>GS-081</name>
		<cmt>Kastanienallee</cmt>
		<desc>Kastanienallee</desc>
		<src>Niedersächsische Landesforsten</src>
	</wpt>
	<wpt lat="51.822681860897362" lon="10.321613190919587">
		<name>GS-201</name>
		<cmt>Wildemann, Campingplatz Waldweben</cmt>
		<desc>Wildemann, Campingplatz Waldweben</desc>
		<src>Niedersächsische Landesforsten</src>
	</wpt>
	<wpt lat="53.245472856047542" lon="7.9775422624889059">
		<name>WST-005</name>
		<cmt>K 123 in Gießelhorst, Gaststätte Schwengels, Langebrügger Straße 97, 26655 Westerstede</cmt>
		<desc>K 123 in Gießelhorst, Gaststätte Schwengels, Langebrügger Straße 97, 26655 Westerstede</desc>
		<src>Niedersächsische Landesforsten</src>
	</wpt>
	<wpt lat="51.727831685007821" lon="10.280909924351569">
		<name>OHA-213</name>
		<cmt>B 498 Osterode-Riefensbeek, Waldeinfahrt hinter Villa "Lebensbaum"</cmt>
		<desc>B 498 Osterode-Riefensbeek, Waldeinfahrt hinter Villa "Lebensbaum"</desc>
		<src>Niedersächsische Landesforsten</src>
	</wpt>
	<wpt lat="51.790439310499849" lon="10.36787593108779">
		<name>GS-218</name>
		<cmt>Waldparkplatz "Entensumpf" an der B 242, 100 m  nach Waldanfang aus Richtung Clausthal</cmt>
		<desc>Waldparkplatz "Entensumpf" an der B 242, 100 m  nach Waldanfang aus Richtung Clausthal</desc>
		<src>Niedersächsische Landesforsten</src>
	</wpt>
	<wpt lat="51.756609522317966" lon="10.390189831290117">
		<name>OHA-223</name>
		<cmt>Sportplatz Kamschlacken, an der B 498</cmt>
		<desc>Sportplatz Kamschlacken, an der B 498</desc>
		<src>Niedersächsische Landesforsten</src>
	</wpt>
	<wpt lat="53.22114289348184" lon="7.9074352561957504">
		<name>WST-008</name>
		<cmt>K 349 Bahnübergang am Südholt</cmt>
		<desc>K 349 Bahnübergang am Südholt</desc>
		<src>Niedersächsische Landesforsten</src>
	</wpt>
	<wpt lat="51.747513451729333" lon="10.351425074078996">
		<name>OHA-225</name>
		<cmt>Parkplatz "Limpig", Vorbecken Sösestausee</cmt>
		<desc>Parkplatz "Limpig", Vorbecken Sösestausee</desc>
		<src>Niedersächsische Landesforsten</src>
	</wpt>
	<wpt lat="51.637860285968941" lon="10.364366277045773">
		<name>OHA-229</name>
		<cmt>Alte Scharzfelder Straße /Herzberger Straße, Eingang Eichelngraben</cmt>
		<desc>Alte Scharzfelder Straße /Herzberger Straße, Eingang Eichelngraben</desc>
		<src>Niedersächsische Landesforsten</src>
	</wpt>
	<wpt lat="52.436524413562246" lon="10.405926454391464">
		<name>GF-007</name>
		<cmt>K 45/1; Leiferde - Volkse: Waldeinfahrt</cmt>
		<desc>K 45/1; Leiferde - Volkse: Waldeinfahrt</desc>
		<src>Niedersächsische Landesforsten</src>
	</wpt>
	<wpt lat="51.63511590634851" lon="10.385475801332147">
		<name>OHA-230</name>
		<cmt>Parkplatz Campingplatz Bremketal</cmt>
		<desc>Parkplatz Campingplatz Bremketal</desc>
		<src>Niedersächsische Landesforsten</src>
	</wpt>
	<wpt lat="51.625549144723443" lon="10.41787299573619">
		<name>OHA-232</name>
		<cmt>B 27, Abfahrt Barbis, Eingang Andreasbachtal</cmt>
		<desc>B 27, Abfahrt Barbis, Eingang Andreasbachtal</desc>
		<src>Niedersächsische Landesforsten</src>
	</wpt>
	<wpt lat="51.689662729703301" lon="10.408703195897868">
		<name>OHA-234</name>
		<cmt>L 521 aus Herzberg vor Sieber am Friedhof, Friedhofsweg</cmt>
		<desc>L 521 aus Herzberg vor Sieber am Friedhof, Friedhofsweg</desc>
		<src>Niedersächsische Landesforsten</src>
	</wpt>
	<wpt lat="53.590503804869194" lon="7.5304920880707069">
		<name>WTM-002</name>
		<cmt>K 5, Einmündung Waldweg</cmt>
		<desc>K 5, Einmündung Waldweg</desc>
		<src>Niedersächsische Landesforsten</src>
	</wpt>
	<wpt lat="53.588244653833399" lon="7.5651943747281907">
		<name>WTM-003</name>
		<cmt>Einmündung K 56 in K 6, Tankstelle in Blomberg</cmt>
		<desc>Einmündung K 56 in K 6, Tankstelle in Blomberg</desc>
		<src>Niedersächsische Landesforsten</src>
	</wpt>
	<wpt lat="53.601803122462876" lon="7.5977729049328637">
		<name>WTM-004</name>
		<cmt>Wasserwerk Harlinger Land</cmt>
		<desc>Wasserwerk Harlinger Land</desc>
		<src>Niedersächsische Landesforsten</src>
	</wpt>
	<wpt lat="53.597826466061377" lon="7.6175944216218312">
		<name>WTM-005</name>
		<cmt>L 8, Einmündung K 54 (alte Gaststätte)</cmt>
		<desc>L 8, Einmündung K 54 (alte Gaststätte)</desc>
		<src>Niedersächsische Landesforsten</src>
	</wpt>
	<wpt lat="53.561277358874619" lon="7.6188046858187208">
		<name>WTM-006</name>
		<cmt>L 8, Einmündung "Auricher Straße"</cmt>
		<desc>L 8, Einmündung "Auricher Straße"</desc>
		<src>Niedersächsische Landesforsten</src>
	</wpt>
	<wpt lat="53.572931112861355" lon="7.714422039162911">
		<name>WTM-010</name>
		<cmt>"Fünfwegekreuz" im Wittmunder Wald</cmt>
		<desc>"Fünfwegekreuz" im Wittmunder Wald</desc>
		<src>Niedersächsische Landesforsten</src>
	</wpt>
	<wpt lat="53.511938348437283" lon="7.7039566607743408">
		<name>WTM-011</name>
		<cmt>Haupteingang Solarpark (ehemaliges Bundeswehrdepot)</cmt>
		<desc>Haupteingang Solarpark (ehemaliges Bundeswehrdepot)</desc>
		<src>Niedersächsische Landesforsten</src>
	</wpt>
	<wpt lat="51.702309493383815" lon="10.446299315676278">
		<name>OHA-236</name>
		<cmt>L 521 in Sieber / Andreasberg, Abzweig "Große Kulmke"</cmt>
		<desc>L 521 in Sieber / Andreasberg, Abzweig "Große Kulmke"</desc>
		<src>Niedersächsische Landesforsten</src>
	</wpt>
	<wpt lat="53.419021868241138" lon="7.7943706667357588">
		<name>WTM-012</name>
		<cmt>Parkplatz bei Gaststätte äForsthaus Bohnensô</cmt>
		<desc>Parkplatz bei Gaststätte äForsthaus Bohnensô</desc>
		<src>Niedersächsische Landesforsten</src>
	</wpt>
	<wpt lat="51.697565305670487" lon="10.468306821793449">
		<name>OHA-237</name>
		<cmt>L 521 in Sieber / Andreasberg, Parkplatz Siebertal</cmt>
		<desc>L 521 in Sieber / Andreasberg, Parkplatz Siebertal</desc>
		<src>Niedersächsische Landesforsten</src>
	</wpt>
	<wpt lat="52.554197663974733" lon="10.511962531693319">
		<name>GF-016</name>
		<cmt>B 4; Notrufsäule Wagenhoff - Abfahrt Zur Krümme</cmt>
		<desc>B 4; Notrufsäule Wagenhoff - Abfahrt Zur Krümme</desc>
		<src>Niedersächsische Landesforsten</src>
	</wpt>
	<wpt lat="52.833748796257019" lon="10.486873556845536">
		<name>UE-102</name>
		<cmt>B4, Breitenhees, Kreuzung / Parkplatz gegenüber Tankstelle</cmt>
		<desc>B4, Breitenhees, Kreuzung / Parkplatz gegenüber Tankstelle</desc>
		<src>Niedersächsische Landesforsten</src>
	</wpt>
	<wpt lat="52.81050161207591" lon="10.486314991206442">
		<name>GF-040</name>
		<cmt>B 4; Forsthaus Zittel</cmt>
		<desc>B 4; Forsthaus Zittel</desc>
		<src>Niedersächsische Landesforsten</src>
	</wpt>
	<wpt lat="52.815964083518359" lon="10.440584714962599">
		<name>UE-103</name>
		<cmt>B191, Breitenhees Richtung Celle; Kreisgrenze Uelzen-Celle</cmt>
		<desc>B191, Breitenhees Richtung Celle; Kreisgrenze Uelzen-Celle</desc>
		<src>Niedersächsische Landesforsten</src>
	</wpt>
	<wpt lat="52.811908627282399" lon="10.353153219472707">
		<name>CE-010</name>
		<cmt>L 280; km 28,7 - Abzweig Hösseringer Weg</cmt>
		<desc>L 280; km 28,7 - Abzweig Hösseringer Weg</desc>
		<src>Niedersächsische Landesforsten</src>
	</wpt>
	<wpt lat="52.820569852867351" lon="10.331637785851191">
		<name>CE-011</name>
		<cmt>L 280; km 27,0 - Kreuzung Lindenbahn</cmt>
		<desc>L 280; km 27,0 - Kreuzung Lindenbahn</desc>
		<src>Niedersächsische Landesforsten</src>
	</wpt>
	<wpt lat="52.828123035401987" lon="10.313201554192149">
		<name>CE-012</name>
		<cmt>L-280; km 25,5 - Wanderparkplatz an der Stromtrasse</cmt>
		<desc>L-280; km 25,5 - Wanderparkplatz an der Stromtrasse</desc>
		<src>Niedersächsische Landesforsten</src>
	</wpt>
	<wpt lat="52.67815290626848" lon="10.251791093224568">
		<name>CE-005</name>
		<cmt>K 34; Höfer, Abfahrt Schwimmbad</cmt>
		<desc>K 34; Höfer, Abfahrt Schwimmbad</desc>
		<src>Niedersächsische Landesforsten</src>
	</wpt>
	<wpt lat="52.68968534145111" lon="10.385246128276256">
		<name>GF-031</name>
		<cmt>L 282; Steinhorst - Eldingen, Kreisgrenze</cmt>
		<desc>L 282; Steinhorst - Eldingen, Kreisgrenze</desc>
		<src>Niedersächsische Landesforsten</src>
	</wpt>
	<wpt lat="52.697626098355101" lon="10.413521777786013">
		<name>GF-032</name>
		<cmt>Steinhorst Richtung Lüsche; Sportplatz</cmt>
		<desc>Steinhorst Richtung Lüsche; Sportplatz</desc>
		<src>Niedersächsische Landesforsten</src>
	</wpt>
	<wpt lat="53.202406178284868" lon="10.582407968349699">
		<name>LG-032</name>
		<cmt>Rohrstorf - Ortsmitte</cmt>
		<desc>Rohrstorf - Ortsmitte</desc>
		<src>Niedersächsische Landesforsten</src>
	</wpt>
	<wpt lat="53.197310444695773" lon="10.639196768551754">
		<name>LG-031</name>
		<cmt>B 216/K 14; Bavendorf - Abzwg. Aljarn</cmt>
		<desc>B 216/K 14; Bavendorf - Abzwg. Aljarn</desc>
		<src>Niedersächsische Landesforsten</src>
	</wpt>
	<wpt lat="52.863817530247907" lon="10.660299757750751">
		<name>UE-019</name>
		<cmt>L 270; Kuckstorf, Sperrtor Wieren am Elbe-Seitenkanal</cmt>
		<desc>L 270; Kuckstorf, Sperrtor Wieren am Elbe-Seitenkanal</desc>
		<src>Niedersächsische Landesforsten</src>
	</wpt>
	<wpt lat="52.874373967033542" lon="9.7072072653161854">
		<name>HK-064</name>
		<cmt>Lieth L163  Steilhangwald zur Böhme, Heidmarkhalle</cmt>
		<desc>Lieth L163  Steilhangwald zur Böhme, Heidmarkhalle</desc>
		<src>Niedersächsische Landesforsten</src>
	</wpt>
	<wpt lat="53.588090663410142" lon="8.8616143176497228">
		<name>CUX-604</name>
		<cmt>Ecke L 128 - Forsthaus Falle</cmt>
		<desc>Ecke L 128 - Forsthaus Falle</desc>
		<src>Niedersächsische Landesforsten</src>
	</wpt>
	<wpt lat="53.577148434898689" lon="8.8777956179666884">
		<name>CUX-605</name>
		<cmt>L 128 - Abzweigung in Richtung Wüstewohlde</cmt>
		<desc>L 128 - Abzweigung in Richtung Wüstewohlde</desc>
		<src>Niedersächsische Landesforsten</src>
	</wpt>
	<wpt lat="52.845402700887419" lon="9.5905017206163716">
		<name>HK-067</name>
		<cmt>Benzer Sunder K118  zw. Benzen und Walsrode nördlich der Autobahn</cmt>
		<desc>Benzer Sunder K118  zw. Benzen und Walsrode nördlich der Autobahn</desc>
		<src>Niedersächsische Landesforsten</src>
	</wpt>
	<wpt lat="52.851410725202967" lon="9.6013838373370124">
		<name>HK-066</name>
		<cmt>Uhlenbusch K148 südöstl. Walsrode Richtung Düshorn Nähe Kreisel am Waldeingang</cmt>
		<desc>Uhlenbusch K148 südöstl. Walsrode Richtung Düshorn Nähe Kreisel am Waldeingang</desc>
		<src>Niedersächsische Landesforsten</src>
	</wpt>
	<wpt lat="53.349120458014283" lon="9.0761504788646281">
		<name>ROW-051</name>
		<cmt>Int. Forst Glinstedt östl. Glinstedt Am Friedhof</cmt>
		<desc>Int. Forst Glinstedt östl. Glinstedt Am Friedhof</desc>
		<src>Niedersächsische Landesforsten</src>
	</wpt>
	<wpt lat="52.211442974442107" lon="9.073236125497834">
		<name>SHG-002</name>
		<cmt>Waldspielplatz Todenmann an der Straße "Unter der Frankenburg" Hubschrauberlandeplatz</cmt>
		<desc>Waldspielplatz Todenmann an der Straße "Unter der Frankenburg" Hubschrauberlandeplatz</desc>
		<src>Niedersächsische Landesforsten</src>
	</wpt>
	<wpt lat="52.209487945002749" lon="9.0810998847932218">
		<name>SHG-003</name>
		<cmt>Gaststätte Waldkater an der Waldkaterallee Hubschrauberlandeplatz</cmt>
		<desc>Gaststätte Waldkater an der Waldkaterallee Hubschrauberlandeplatz</desc>
		<src>Niedersächsische Landesforsten</src>
	</wpt>
	<wpt lat="52.201651547040981" lon="9.2768461528043424">
		<name>HM-008</name>
		<cmt>Parkplatz Vorberg an der K 85 von Segelhorst nach Langenfeld</cmt>
		<desc>Parkplatz Vorberg an der K 85 von Segelhorst nach Langenfeld</desc>
		<src>Niedersächsische Landesforsten</src>
	</wpt>
	<wpt lat="53.470883074079751" lon="8.9399544969519482">
		<name>CUX-305</name>
		<cmt>Verbindungsweg zwischen Appeln und Hipstedt; Treffpunkt an der Abzweigung vom MalserWeg in Richtung Volkmarst</cmt>
		<desc>Verbindungsweg zwischen Appeln und Hipstedt; Treffpunkt an der Abzweigung vom MalserWeg in Richtung Volkmarst</desc>
		<src>Niedersächsische Landesforsten</src>
	</wpt>
	<wpt lat="53.495913855711585" lon="9.0173974231933904">
		<name>ROW-301</name>
		<cmt>K 116, von Oerel in Richtung Heinschenwalde, Parkplatz am Wasserwerk,  km 2,7</cmt>
		<desc>K 116, von Oerel in Richtung Heinschenwalde, Parkplatz am Wasserwerk,  km 2,7</desc>
		<src>Niedersächsische Landesforsten</src>
	</wpt>
	<wpt lat="53.543116640543872" lon="9.2981026512965546">
		<name>STD-210</name>
		<cmt>Einmündung zur B 74</cmt>
		<desc>Einmündung zur B 74</desc>
		<src>Niedersächsische Landesforsten</src>
	</wpt>
	<wpt lat="53.523030378916083" lon="9.2651545876332779">
		<name>ROW-209</name>
		<cmt>Hofstelle Waldausgang Schierel</cmt>
		<desc>Hofstelle Waldausgang Schierel</desc>
		<src>Niedersächsische Landesforsten</src>
	</wpt>
	<wpt lat="53.457318571012465" lon="9.2389982301990194">
		<name>ROW-204</name>
		<cmt>Einfahrt in den Borsteler Stüh von der K 127</cmt>
		<desc>Einfahrt in den Borsteler Stüh von der K 127</desc>
		<src>Niedersächsische Landesforsten</src>
	</wpt>
	<wpt lat="53.44867625631877" lon="9.3176794274651993">
		<name>ROW-205</name>
		<cmt>Hofstelle an der K 109</cmt>
		<desc>Hofstelle an der K 109</desc>
		<src>Niedersächsische Landesforsten</src>
	</wpt>
	<wpt lat="52.209321844747926" lon="8.1202225041854614">
		<name>OS-20</name>
		<cmt>Bielefelder Str. (B68) / Im Hainholz</cmt>
		<desc>Bielefelder Str. (B68) / Im Hainholz</desc>
		<src>Niedersächsische Landesforsten</src>
	</wpt>
	<wpt lat="53.389778646126501" lon="8.8344913116591943">
		<name>OHZ-404</name>
		<cmt>Kreuzung zw. den Ortschaften Oldendorf-Wellen und Brunshausen-Hellingst</cmt>
		<desc>Kreuzung zw. den Ortschaften Oldendorf-Wellen und Brunshausen-Hellingst</desc>
		<src>Niedersächsische Landesforsten</src>
	</wpt>
	<wpt lat="52.173926601808802" lon="8.0723087578483259">
		<name>OS-11</name>
		<cmt>Borgloher Str. (Altes Forsthaus)</cmt>
		<desc>Borgloher Str. (Altes Forsthaus)</desc>
		<src>Niedersächsische Landesforsten</src>
	</wpt>
	<wpt lat="53.405456154118149" lon="8.78859153321552">
		<name>CUX-411</name>
		<cmt>Eingang Stubben von Brunshausen an Kreuzung Brunshausener Straße/An der Ohe</cmt>
		<desc>Eingang Stubben von Brunshausen an Kreuzung Brunshausener Straße/An der Ohe</desc>
		<src>Niedersächsische Landesforsten</src>
	</wpt>
	<wpt lat="52.182530683971599" lon="7.9820681932656301">
		<name>OS-36</name>
		<cmt>Parkplatz Kollage / Forellental</cmt>
		<desc>Parkplatz Kollage / Forellental</desc>
		<src>Niedersächsische Landesforsten</src>
	</wpt>
	<wpt lat="52.181298674561361" lon="8.1412767510268527">
		<name>OS-22</name>
		<cmt>Bahnhof Wellendorf</cmt>
		<desc>Bahnhof Wellendorf</desc>
		<src>Niedersächsische Landesforsten</src>
	</wpt>
	<wpt lat="52.892398988836113" lon="11.262812663893392">
		<name>DAN-011</name>
		<cmt>Volzendorf Kapelle</cmt>
		<desc>Volzendorf Kapelle</desc>
		<src>Niedersächsische Landesforsten</src>
	</wpt>
	<wpt lat="52.906666826972653" lon="11.402009151742519">
		<name>DAN-012</name>
		<cmt>L260 Schmarsau-Arendsee Km-Stein 15,5</cmt>
		<desc>L260 Schmarsau-Arendsee Km-Stein 15,5</desc>
		<src>Niedersächsische Landesforsten</src>
	</wpt>
	<wpt lat="52.202023083602" lon="8.1300416725498099">
		<name>OS-21</name>
		<cmt>KFZ-Werkstatt Rölker Ebbendorfstr.</cmt>
		<desc>KFZ-Werkstatt Rölker Ebbendorfstr.</desc>
		<src>Niedersächsische Landesforsten</src>
	</wpt>
	<wpt lat="52.92028588570512" lon="11.35731825616905">
		<name>DAN-013</name>
		<cmt>Schletau Mitte Bushaltestelle</cmt>
		<desc>Schletau Mitte Bushaltestelle</desc>
		<src>Niedersächsische Landesforsten</src>
	</wpt>
	<wpt lat="52.945031438117347" lon="11.398228060962271">
		<name>DAN-014</name>
		<cmt>Lomitz Kirche</cmt>
		<desc>Lomitz Kirche</desc>
		<src>Niedersächsische Landesforsten</src>
	</wpt>
	<wpt lat="52.915442980457698" lon="11.049710182745651">
		<name>DAN-021</name>
		<cmt>Luckau-Seebenau Dummebrücke</cmt>
		<desc>Luckau-Seebenau Dummebrücke</desc>
		<src>Niedersächsische Landesforsten</src>
	</wpt>
	<wpt lat="52.978421145665948" lon="11.220517884422637">
		<name>DAN-016</name>
		<cmt>Kolborn - Krautze Luciekanalbrücke</cmt>
		<desc>Kolborn - Krautze Luciekanalbrücke</desc>
		<src>Niedersächsische Landesforsten</src>
	</wpt>
	<wpt lat="52.993418653723992" lon="11.206901603630815">
		<name>DAN-017</name>
		<cmt>Künsche Abzweig Seerau i. d. L.</cmt>
		<desc>Künsche Abzweig Seerau i. d. L.</desc>
		<src>Niedersächsische Landesforsten</src>
	</wpt>
	<wpt lat="52.911570212792626" lon="11.127903541484445">
		<name>DAN-018</name>
		<cmt>Blütlingen Osterfeuerplatz</cmt>
		<desc>Blütlingen Osterfeuerplatz</desc>
		<src>Niedersächsische Landesforsten</src>
	</wpt>
	<wpt lat="52.924332458366088" lon="11.071869335562164">
		<name>DAN-020</name>
		<cmt>Nauden Bushaltestelle</cmt>
		<desc>Nauden Bushaltestelle</desc>
		<src>Niedersächsische Landesforsten</src>
	</wpt>
	<wpt lat="52.921988943616689" lon="10.997002772251451">
		<name>DAN-022</name>
		<cmt>Kussebode west  Brauerei Edler</cmt>
		<desc>Kussebode west  Brauerei Edler</desc>
		<src>Niedersächsische Landesforsten</src>
	</wpt>
	<wpt lat="52.913298962667412" lon="10.969165143008151">
		<name>DAN-023</name>
		<cmt>K6 Gistenbeck - Jiggel Forsthaus Gain</cmt>
		<desc>K6 Gistenbeck - Jiggel Forsthaus Gain</desc>
		<src>Niedersächsische Landesforsten</src>
	</wpt>
	<wpt lat="53.040384588867219" lon="11.38536826963349">
		<name>DAN-024</name>
		<cmt>Meetschow Gärtnerei Kreuzung L 256 - K 38</cmt>
		<desc>Meetschow Gärtnerei Kreuzung L 256 - K 38</desc>
		<src>Niedersächsische Landesforsten</src>
	</wpt>
	<wpt lat="53.040174199663227" lon="11.074955634375392">
		<name>DAN-034</name>
		<cmt>B 248 Jameln Tankstelle</cmt>
		<desc>B 248 Jameln Tankstelle</desc>
		<src>Niedersächsische Landesforsten</src>
	</wpt>
	<wpt lat="53.002365288176449" lon="11.230812515614392">
		<name>DAN-026</name>
		<cmt>Ranzau Gasthaus "Hahlbohm"</cmt>
		<desc>Ranzau Gasthaus "Hahlbohm"</desc>
		<src>Niedersächsische Landesforsten</src>
	</wpt>
	<wpt lat="53.050044690510227" lon="11.172995991299359">
		<name>DAN-028</name>
		<cmt>K 1 Zadrau Keuzung Gr. Heide/Kl. Gusborn</cmt>
		<desc>K 1 Zadrau Keuzung Gr. Heide/Kl. Gusborn</desc>
		<src>Niedersächsische Landesforsten</src>
	</wpt>
	<wpt lat="53.079864213785548" lon="11.216160609347995">
		<name>DAN-030</name>
		<cmt>Groß Gusborn Keuzung L256 - K29(Quickborn-Siemen)</cmt>
		<desc>Groß Gusborn Keuzung L256 - K29(Quickborn-Siemen)</desc>
		<src>Niedersächsische Landesforsten</src>
	</wpt>
	<wpt lat="52.091374963846171" lon="8.1765160763197962">
		<name>OS-18</name>
		<cmt>Frankfurter Str. (K336) / Sundernweg</cmt>
		<desc>Frankfurter Str. (K336) / Sundernweg</desc>
		<src>Niedersächsische Landesforsten</src>
	</wpt>
	<wpt lat="53.090417640164986" lon="10.885119190045197">
		<name>DAN-048</name>
		<cmt>Riebrau Kirche</cmt>
		<desc>Riebrau Kirche</desc>
		<src>Niedersächsische Landesforsten</src>
	</wpt>
	<wpt lat="52.100193738365476" lon="8.1583020918913629">
		<name>OS-17</name>
		<cmt>Försterei Helfern Am Forsthaus 9</cmt>
		<desc>Försterei Helfern Am Forsthaus 9</desc>
		<src>Niedersächsische Landesforsten</src>
	</wpt>
	<wpt lat="53.119826730744684" lon="10.859727383512743">
		<name>DAN-049</name>
		<cmt>Kreuzung L 253 Abzweig Riebrau/Zernien</cmt>
		<desc>Kreuzung L 253 Abzweig Riebrau/Zernien</desc>
		<src>Niedersächsische Landesforsten</src>
	</wpt>
	<wpt lat="52.107270556094498" lon="8.1503487687660474">
		<name>OS-16</name>
		<cmt>Friedhof/Ehrenhain Am Friedhof/Obersundernweg</cmt>
		<desc>Friedhof/Ehrenhain Am Friedhof/Obersundernweg</desc>
		<src>Niedersächsische Landesforsten</src>
	</wpt>
	<wpt lat="53.138325486376957" lon="10.877925222048521">
		<name>DAN-054</name>
		<cmt>B216(Göhrde)  Abzweig L253 (Bad Bevensen)</cmt>
		<desc>B216(Göhrde)  Abzweig L253 (Bad Bevensen)</desc>
		<src>Niedersächsische Landesforsten</src>
	</wpt>
	<wpt lat="53.108413437945167" lon="10.821301027348882">
		<name>DAN-050</name>
		<cmt>L 253 Abschnitt 70 km 6,7</cmt>
		<desc>L 253 Abschnitt 70 km 6,7</desc>
		<src>Niedersächsische Landesforsten</src>
	</wpt>
	<wpt lat="52.325314087109675" lon="8.3740445364801648">
		<name>OS-45</name>
		<cmt>Kläranlage am Rott Forststraße</cmt>
		<desc>Kläranlage am Rott Forststraße</desc>
		<src>Niedersächsische Landesforsten</src>
	</wpt>
	<wpt lat="52.123514468906158" lon="8.121471419217329">
		<name>OS-15</name>
		<cmt>Remseder Weg (Ende der Straße Weggenrode)</cmt>
		<desc>Remseder Weg (Ende der Straße Weggenrode)</desc>
		<src>Niedersächsische Landesforsten</src>
	</wpt>
	<wpt lat="53.054917143950831" lon="10.821015760768447">
		<name>UE-060</name>
		<cmt>Hohenzethen B191 Abzweig L252 Bushaltestelle</cmt>
		<desc>Hohenzethen B191 Abzweig L252 Bushaltestelle</desc>
		<src>Niedersächsische Landesforsten</src>
	</wpt>
	<wpt lat="52.267078946332077" lon="8.4252479352129495">
		<name>OS-28</name>
		<cmt>Parkplatz Huntetalstraße (L83)</cmt>
		<desc>Parkplatz Huntetalstraße (L83)</desc>
		<src>Niedersächsische Landesforsten</src>
	</wpt>
	<wpt lat="52.298273853176902" lon="8.3298618415239947">
		<name>OS-48</name>
		<cmt>Essenerberg Meller Str. (L84) / Glockenbrinkstr.</cmt>
		<desc>Essenerberg Meller Str. (L84) / Glockenbrinkstr.</desc>
		<src>Niedersächsische Landesforsten</src>
	</wpt>
	<wpt lat="52.501291104582876" lon="8.4716437140079481">
		<name>DH-4</name>
		<cmt>Moordamm / Ringweg</cmt>
		<desc>Moordamm / Ringweg</desc>
		<src>Niedersächsische Landesforsten</src>
	</wpt>
	<wpt lat="52.30202917899075" lon="8.2888452842915026">
		<name>OS-47</name>
		<cmt>Parkplatz Oberheide Bad Essener Str. (L85) / In der Oberheide</cmt>
		<desc>Parkplatz Oberheide Bad Essener Str. (L85) / In der Oberheide</desc>
		<src>Niedersächsische Landesforsten</src>
	</wpt>
	<wpt lat="52.489161923526574" lon="8.0408255500668311">
		<name>OS-76</name>
		<cmt>Groß Wittefelder Ort Sticksteichstr. / Kreuzberg</cmt>
		<desc>Groß Wittefelder Ort Sticksteichstr. / Kreuzberg</desc>
		<src>Niedersächsische Landesforsten</src>
	</wpt>
	<wpt lat="52.507955580082438" lon="7.9781698873362084">
		<name>OS-69</name>
		<cmt>Bruchhausen Auf der Horst im Wellbrock</cmt>
		<desc>Bruchhausen Auf der Horst im Wellbrock</desc>
		<src>Niedersächsische Landesforsten</src>
	</wpt>
	<wpt lat="52.505368380763088" lon="8.0308288900409277">
		<name>OS-74</name>
		<cmt>Neuenkirchener Str. (L76) / Thiener Damm</cmt>
		<desc>Neuenkirchener Str. (L76) / Thiener Damm</desc>
		<src>Niedersächsische Landesforsten</src>
	</wpt>
	<wpt lat="53.264305129767308" lon="10.70895139275167">
		<name>LG-044</name>
		<cmt>K 35 Breetze Bushaltest. Abzweig Bockelstr.</cmt>
		<desc>K 35 Breetze Bushaltest. Abzweig Bockelstr.</desc>
		<src>Niedersächsische Landesforsten</src>
	</wpt>
	<wpt lat="53.283814098946266" lon="10.716375766675791">
		<name>LG-048</name>
		<cmt>L 221 Bleckede Ortseingang</cmt>
		<desc>L 221 Bleckede Ortseingang</desc>
		<src>Niedersächsische Landesforsten</src>
	</wpt>
	<wpt lat="52.490202558634806" lon="8.0226895954200845">
		<name>OS-75</name>
		<cmt>Bahnübergang Sunderstraße</cmt>
		<desc>Bahnübergang Sunderstraße</desc>
		<src>Niedersächsische Landesforsten</src>
	</wpt>
	<wpt lat="52.464506856931074" lon="8.0280272127008416">
		<name>OS-78</name>
		<cmt>Riester Allee (K149) / Maschortstr. / Quebbestr.</cmt>
		<desc>Riester Allee (K149) / Maschortstr. / Quebbestr.</desc>
		<src>Niedersächsische Landesforsten</src>
	</wpt>
	<wpt lat="53.312777910976365" lon="10.715255165023471">
		<name>LG-051</name>
		<cmt>K 27 von Bleckede bis Abzweig OT Heisterbusch</cmt>
		<desc>K 27 von Bleckede bis Abzweig OT Heisterbusch</desc>
		<src>Niedersächsische Landesforsten</src>
	</wpt>
	<wpt lat="52.449471567596611" lon="8.0285524800125163">
		<name>OS-79</name>
		<cmt>Malgarten Sögelner Str. (K147) / Riester Allee (K149)</cmt>
		<desc>Malgarten Sögelner Str. (K147) / Riester Allee (K149)</desc>
		<src>Niedersächsische Landesforsten</src>
	</wpt>
	<wpt lat="52.606278826500599" lon="8.0201803791598554">
		<name>OS-60</name>
		<cmt>Helle Breendstraße / Wehdeler Straße</cmt>
		<desc>Helle Breendstraße / Wehdeler Straße</desc>
		<src>Niedersächsische Landesforsten</src>
	</wpt>
	<wpt lat="52.593585622083538" lon="8.0308103611081325">
		<name>OS-61</name>
		<cmt>Helle Holdorfer Straße (B214) / Breendstraße</cmt>
		<desc>Helle Holdorfer Straße (B214) / Breendstraße</desc>
		<src>Niedersächsische Landesforsten</src>
	</wpt>
	<wpt lat="52.5523935423344" lon="7.8889434112338988">
		<name>OS-66</name>
		<cmt>Kunkheide / Sitter Weg</cmt>
		<desc>Kunkheide / Sitter Weg</desc>
		<src>Niedersächsische Landesforsten</src>
	</wpt>
	<wpt lat="52.554978665606136" lon="7.8606921304259378">
		<name>OS-67</name>
		<cmt>Ankumer Zuschlag Kettenkamper Weg (K162) / Forstweg</cmt>
		<desc>Ankumer Zuschlag Kettenkamper Weg (K162) / Forstweg</desc>
		<src>Niedersächsische Landesforsten</src>
	</wpt>
	<wpt lat="53.250116812299922" lon="9.1915963627992365">
		<name>ROW-081</name>
		<cmt>Schierk K111 südl. Ostertimke</cmt>
		<desc>Schierk K111 südl. Ostertimke</desc>
		<src>Niedersächsische Landesforsten</src>
	</wpt>
	<wpt lat="53.30984176047491" lon="9.5276714618743057">
		<name>ROW-074</name>
		<cmt>Thörenwald  Weg zum Wald in Freetz</cmt>
		<desc>Thörenwald  Weg zum Wald in Freetz</desc>
		<src>Niedersächsische Landesforsten</src>
	</wpt>
	<wpt lat="53.279359809912378" lon="9.5893716894470113">
		<name>ROW-078</name>
		<cmt>Ochsenhorn  L142 etwa 2 km östlich von Torfbahn</cmt>
		<desc>Ochsenhorn  L142 etwa 2 km östlich von Torfbahn</desc>
		<src>Niedersächsische Landesforsten</src>
	</wpt>
	<wpt lat="53.251394888334879" lon="9.545977613036543">
		<name>ROW-079</name>
		<cmt>Burgsittensen Südspitze aus Stemmen kommend direkt am Waldeingang</cmt>
		<desc>Burgsittensen Südspitze aus Stemmen kommend direkt am Waldeingang</desc>
		<src>Niedersächsische Landesforsten</src>
	</wpt>
	<wpt lat="53.241397392853479" lon="9.1360753982783738">
		<name>ROW-080</name>
		<cmt>Westertimker Höpen L133 nordöstl. Westertimke</cmt>
		<desc>Westertimker Höpen L133 nordöstl. Westertimke</desc>
		<src>Niedersächsische Landesforsten</src>
	</wpt>
	<wpt lat="53.218237598951518" lon="9.2051182663964788">
		<name>ROW-084</name>
		<cmt>Steinfelder Holz Südwestspitze des Waldes am Ort</cmt>
		<desc>Steinfelder Holz Südwestspitze des Waldes am Ort</desc>
		<src>Niedersächsische Landesforsten</src>
	</wpt>
	<wpt lat="53.185100496468984" lon="9.1887323749090477">
		<name>ROW-087</name>
		<cmt>Stapeler Holz nordöstl. Stapel</cmt>
		<desc>Stapeler Holz nordöstl. Stapel</desc>
		<src>Niedersächsische Landesforsten</src>
	</wpt>
	<wpt lat="53.130129419432748" lon="9.2197168283411894">
		<name>ROW-090</name>
		<cmt>Genossenschaftsforst Reeßum westl. A1 K201 Abzweig Schwarzer Weg von Bergstr.</cmt>
		<desc>Genossenschaftsforst Reeßum westl. A1 K201 Abzweig Schwarzer Weg von Bergstr.</desc>
		<src>Niedersächsische Landesforsten</src>
	</wpt>
	<wpt lat="53.197340676841435" lon="9.3479354248732864">
		<name>ROW-091</name>
		<cmt>Hesedorfer Holz K141 Hesedorf</cmt>
		<desc>Hesedorfer Holz K141 Hesedorf</desc>
		<src>Niedersächsische Landesforsten</src>
	</wpt>
	<wpt lat="52.557760472157177" lon="7.7514972015643924">
		<name>OS-83</name>
		<cmt>Maiburgstraße (L102) / Hofdienerweg</cmt>
		<desc>Maiburgstraße (L102) / Hofdienerweg</desc>
		<src>Niedersächsische Landesforsten</src>
	</wpt>
	<wpt lat="52.690977342852506" lon="7.9817172520326931">
		<name>OS-95</name>
		<cmt>Stadtwald Quakenbrück Bremer Str. (K134)</cmt>
		<desc>Stadtwald Quakenbrück Bremer Str. (K134)</desc>
		<src>Niedersächsische Landesforsten</src>
	</wpt>
	<wpt lat="53.287070428038106" lon="10.938111351691933">
		<name>LG-063</name>
		<cmt>L 232 Neuhaus Abzweig Industrieansiedlung</cmt>
		<desc>L 232 Neuhaus Abzweig Industrieansiedlung</desc>
		<src>Niedersächsische Landesforsten</src>
	</wpt>
	<wpt lat="53.302417554923551" lon="10.970065165659024">
		<name>LG-064</name>
		<cmt>L 232 Rosien Abzweig K19 Gudow/Garlitz</cmt>
		<desc>L 232 Rosien Abzweig K19 Gudow/Garlitz</desc>
		<src>Niedersächsische Landesforsten</src>
	</wpt>
	<wpt lat="53.313535044765828" lon="11.003829345384398">
		<name>LG-065</name>
		<cmt>K 19 Garlitz Ortausgang Richtung Rosien/Sückau</cmt>
		<desc>K 19 Garlitz Ortausgang Richtung Rosien/Sückau</desc>
		<src>Niedersächsische Landesforsten</src>
	</wpt>
	<wpt lat="53.280410726828343" lon="10.932751563386667">
		<name>LG-068</name>
		<cmt>B 195 Neuhaus Abzweig K 61 (Darchau/Fähre)</cmt>
		<desc>B 195 Neuhaus Abzweig K 61 (Darchau/Fähre)</desc>
		<src>Niedersächsische Landesforsten</src>
	</wpt>
	<wpt lat="52.374277160941062" lon="7.9950519135189504">
		<name>OS-58</name>
		<cmt>Fa. Wienerberger(ehem. Penter Klinker), B 68</cmt>
		<desc>Fa. Wienerberger(ehem. Penter Klinker), B 68</desc>
		<src>Niedersächsische Landesforsten</src>
	</wpt>
	<wpt lat="52.477445881443586" lon="7.3937108569773047">
		<name>EL-18</name>
		<cmt>Alt Mundersum (K306) / Flinkersweg (Wasserwerk)</cmt>
		<desc>Alt Mundersum (K306) / Flinkersweg (Wasserwerk)</desc>
		<src>Niedersächsische Landesforsten</src>
	</wpt>
	<wpt lat="52.501432388272612" lon="7.5285359498316264">
		<name>EL-12</name>
		<cmt>An den Tannen / Am Steinkamp</cmt>
		<desc>An den Tannen / Am Steinkamp</desc>
		<src>Niedersächsische Landesforsten</src>
	</wpt>
	<wpt lat="52.503865090244425" lon="7.4535389008640154">
		<name>EL-15</name>
		<cmt>Radberg Thuiner Str. (B 214)</cmt>
		<desc>Radberg Thuiner Str. (B 214)</desc>
		<src>Niedersächsische Landesforsten</src>
	</wpt>
	<wpt lat="52.506320548044862" lon="7.4323113576267295">
		<name>EL-16</name>
		<cmt>Parkplatz Thuiner Straße (B214)</cmt>
		<desc>Parkplatz Thuiner Straße (B214)</desc>
		<src>Niedersächsische Landesforsten</src>
	</wpt>
	<wpt lat="52.499773454768153" lon="7.4183220569956889">
		<name>EL-17</name>
		<cmt>Am Forstpfad</cmt>
		<desc>Am Forstpfad</desc>
		<src>Niedersächsische Landesforsten</src>
	</wpt>
	<wpt lat="52.448687971932479" lon="7.1505320651228041">
		<name>NOH-3</name>
		<cmt>Parkplatz Südstr. / Kohdiek</cmt>
		<desc>Parkplatz Südstr. / Kohdiek</desc>
		<src>Niedersächsische Landesforsten</src>
	</wpt>
	<wpt lat="52.511051119474068" lon="7.3774810797748431">
		<name>EL-19</name>
		<cmt>Thuiner Str. (B214) Am Berg</cmt>
		<desc>Thuiner Str. (B214) Am Berg</desc>
		<src>Niedersächsische Landesforsten</src>
	</wpt>
	<wpt lat="52.461426425978921" lon="7.1900011313347276">
		<name>NOH-1</name>
		<cmt>Lohner Flugplatz Flugplatzstraße</cmt>
		<desc>Lohner Flugplatz Flugplatzstraße</desc>
		<src>Niedersächsische Landesforsten</src>
	</wpt>
	<wpt lat="52.449480093257066" lon="7.2097568206207931">
		<name>NOH-2</name>
		<cmt>Engländerbrücke Flugplatzstraße</cmt>
		<desc>Engländerbrücke Flugplatzstraße</desc>
		<src>Niedersächsische Landesforsten</src>
	</wpt>
	<wpt lat="53.059130532925622" lon="8.2483986251988881">
		<name>OL-023</name>
		<cmt>Waldschule Sandkrug, an der "Schultredde"</cmt>
		<desc>Waldschule Sandkrug, an der "Schultredde"</desc>
		<src>Niedersächsische Landesforsten</src>
	</wpt>
	<wpt lat="52.147818354578632" lon="9.3249704673232952">
		<name>HM-027</name>
		<cmt>Waldparkplatz Finnenberg</cmt>
		<desc>Waldparkplatz Finnenberg</desc>
		<src>Niedersächsische Landesforsten</src>
	</wpt>
	<wpt lat="52.915459051445197" lon="8.2394107404462087">
		<name>OL-045</name>
		<cmt>Bookholt</cmt>
		<desc>Bookholt</desc>
		<src>Niedersächsische Landesforsten</src>
	</wpt>
	<wpt lat="52.91659917263874" lon="8.3094057244858313">
		<name>OL-046</name>
		<cmt>"Buchenallee"-"Hageler Höhe"</cmt>
		<desc>"Buchenallee"-"Hageler Höhe"</desc>
		<src>Niedersächsische Landesforsten</src>
	</wpt>
	<wpt lat="52.898734770066561" lon="8.3244335595154126">
		<name>OL-048</name>
		<cmt>Parkplatz Gaststätte "Visbeker Braut" (B213, Km 28,9)</cmt>
		<desc>Parkplatz Gaststätte "Visbeker Braut" (B213, Km 28,9)</desc>
		<src>Niedersächsische Landesforsten</src>
	</wpt>
	<wpt lat="52.899025313123076" lon="8.3777051492621819">
		<name>OL-049</name>
		<cmt>Parkplatz Spascher Sand (B213, km 25,5)</cmt>
		<desc>Parkplatz Spascher Sand (B213, km 25,5)</desc>
		<src>Niedersächsische Landesforsten</src>
	</wpt>
	<wpt lat="52.889981889415949" lon="8.3114005768077686">
		<name>OL-050</name>
		<cmt>"Varnhorner Weg" in Höhe Autobahnunterführung</cmt>
		<desc>"Varnhorner Weg" in Höhe Autobahnunterführung</desc>
		<src>Niedersächsische Landesforsten</src>
	</wpt>
	<wpt lat="53.091251160717064" lon="9.5514485601597237">
		<name>ROW-118</name>
		<cmt>Stelle B71 ca. 1,6 km östlich von Brockel Richtung Hemslingen</cmt>
		<desc>Stelle B71 ca. 1,6 km östlich von Brockel Richtung Hemslingen</desc>
		<src>Niedersächsische Landesforsten</src>
	</wpt>
	<wpt lat="52.868596859832095" lon="8.2174407616013383">
		<name>CLP-002</name>
		<cmt>Hinter Autobahnbrücke Richtung Emsteck</cmt>
		<desc>Hinter Autobahnbrücke Richtung Emsteck</desc>
		<src>Niedersächsische Landesforsten</src>
	</wpt>
	<wpt lat="52.865417117217298" lon="8.2220160299937319">
		<name>CLP-003</name>
		<cmt>Parkplatz nördlich der A1 (L870)</cmt>
		<desc>Parkplatz nördlich der A1 (L870)</desc>
		<src>Niedersächsische Landesforsten</src>
	</wpt>
	<wpt lat="52.556035881544126" lon="6.8874653047778489">
		<name>NOH-4</name>
		<cmt>Wilsumer Straße / Kiesstraße</cmt>
		<desc>Wilsumer Straße / Kiesstraße</desc>
		<src>Niedersächsische Landesforsten</src>
	</wpt>
	<wpt lat="52.857323682536247" lon="8.2577096070578673">
		<name>VEC-006</name>
		<cmt>"Stüvenmühle" (Strecke Meyerhöfen-Engelmannsbäke)</cmt>
		<desc>"Stüvenmühle" (Strecke Meyerhöfen-Engelmannsbäke)</desc>
		<src>Niedersächsische Landesforsten</src>
	</wpt>
	<wpt lat="52.546763039789262" lon="7.3202328973408326">
		<name>EL-26</name>
		<cmt>Altenlingener Sand Waldstr. / Forstweg</cmt>
		<desc>Altenlingener Sand Waldstr. / Forstweg</desc>
		<src>Niedersächsische Landesforsten</src>
	</wpt>
	<wpt lat="52.898053142925271" lon="8.5283034805023537">
		<name>OL-058</name>
		<cmt>Kreuzung L338 "Bitter Weg", Bushaltestelle</cmt>
		<desc>Kreuzung L338 "Bitter Weg", Bushaltestelle</desc>
		<src>Niedersächsische Landesforsten</src>
	</wpt>
	<wpt lat="52.543630250011077" lon="7.2396143984329004">
		<name>EL-27</name>
		<cmt>Mühlengraben</cmt>
		<desc>Mühlengraben</desc>
		<src>Niedersächsische Landesforsten</src>
	</wpt>
	<wpt lat="52.939915562512908" lon="8.1445879571044788">
		<name>OL-072</name>
		<cmt>Waldparkplatz Bissel, Munitionsdepot</cmt>
		<desc>Waldparkplatz Bissel, Munitionsdepot</desc>
		<src>Niedersächsische Landesforsten</src>
	</wpt>
	<wpt lat="53.495004115129788" lon="9.1509807585748693">
		<name>ROW-801</name>
		<cmt>Ecke Fresenburg/Kiebitzweg - Parkplatz der Wohnmobilstation</cmt>
		<desc>Ecke Fresenburg/Kiebitzweg - Parkplatz der Wohnmobilstation</desc>
		<src>Niedersächsische Landesforsten</src>
	</wpt>
	<wpt lat="51.974051223997179" lon="9.9525116012265347">
		<name>HI-112</name>
		<cmt>Ortseingang Woltershausen von Immenseul kommend</cmt>
		<desc>Ortseingang Woltershausen von Immenseul kommend</desc>
		<src>Niedersächsische Landesforsten</src>
	</wpt>
	<wpt lat="52.113684077580103" lon="9.5389797514969743">
		<name>HM-060</name>
		<cmt>Revierförsterei Coppenbrügge</cmt>
		<desc>Revierförsterei Coppenbrügge</desc>
		<src>Niedersächsische Landesforsten</src>
	</wpt>
	<wpt lat="51.990908696235984" lon="9.7018772986192054">
		<name>HI-146</name>
		<cmt>Holzlagerplatz Papenkamp</cmt>
		<desc>Holzlagerplatz Papenkamp</desc>
		<src>Niedersächsische Landesforsten</src>
	</wpt>
	<wpt lat="51.989600499105244" lon="9.7215775594331753">
		<name>HI-147</name>
		<cmt>Gaststätte "Göhmann" in Coppengrave, direkt an der L 462</cmt>
		<desc>Gaststätte "Göhmann" in Coppengrave, direkt an der L 462</desc>
		<src>Niedersächsische Landesforsten</src>
	</wpt>
	<wpt lat="52.471301024866705" lon="9.8674596240677346">
		<name>H-142</name>
		<cmt>K 115 Lohner Weg Abzweigung Am Wienkamp</cmt>
		<desc>K 115 Lohner Weg Abzweigung Am Wienkamp</desc>
		<src>Niedersächsische Landesforsten</src>
	</wpt>
	<wpt lat="51.980052765557765" lon="9.7463777197766799">
		<name>HI-148</name>
		<cmt>Hohe Warte, Kreuzung K 407 - L 462 an der Disco "Check Point"</cmt>
		<desc>Hohe Warte, Kreuzung K 407 - L 462 an der Disco "Check Point"</desc>
		<src>Niedersächsische Landesforsten</src>
	</wpt>
	<wpt lat="52.458901109453187" lon="9.5784308452784916">
		<name>H-152</name>
		<cmt>Kreuzung K 316 Auterweg in Osterwald OE</cmt>
		<desc>Kreuzung K 316 Auterweg in Osterwald OE</desc>
		<src>Niedersächsische Landesforsten</src>
	</wpt>
	<wpt lat="51.856127286559762" lon="10.573595179205942">
		<name>GS-345</name>
		<cmt>Waldgaststätte Molkenhaus</cmt>
		<desc>Waldgaststätte Molkenhaus</desc>
		<src>Niedersächsische Landesforsten</src>
	</wpt>
	<wpt lat="51.81946019380473" lon="10.524383770808614">
		<name>GS-340</name>
		<cmt>B4, Abzweig Wiesenweg</cmt>
		<desc>B4, Abzweig Wiesenweg</desc>
		<src>Niedersächsische Landesforsten</src>
	</wpt>
	<wpt lat="52.620420147081724" lon="10.228995406918727">
		<name>CE-020</name>
		<cmt>Rehrkampsweg Lachendorf Südseite Friedhof</cmt>
		<desc>Rehrkampsweg Lachendorf Südseite Friedhof</desc>
		<src>Niedersächsische Landesforsten</src>
	</wpt>
	<wpt lat="52.628013659940684" lon="10.185030374442444">
		<name>CE-021</name>
		<cmt>L 282 Blaue Brücke über die Lachte</cmt>
		<desc>L 282 Blaue Brücke über die Lachte</desc>
		<src>Niedersächsische Landesforsten</src>
	</wpt>
	<wpt lat="52.623463257791705" lon="10.138125076688658">
		<name>CE-022</name>
		<cmt>L 282 Lachtehausen Waldwegeingang</cmt>
		<desc>L 282 Lachtehausen Waldwegeingang</desc>
		<src>Niedersächsische Landesforsten</src>
	</wpt>
	<wpt lat="52.642430050456902" lon="10.022202707403041">
		<name>CE-030</name>
		<cmt>L 180 Winsener Str. Ortseingang Boye aus Westen kommend</cmt>
		<desc>L 180 Winsener Str. Ortseingang Boye aus Westen kommend</desc>
		<src>Niedersächsische Landesforsten</src>
	</wpt>
	<wpt lat="52.588968659182783" lon="10.077414252615341">
		<name>CE-025</name>
		<cmt>K 62 Abzweigung Hörstenweg</cmt>
		<desc>K 62 Abzweigung Hörstenweg</desc>
		<src>Niedersächsische Landesforsten</src>
	</wpt>
	<wpt lat="52.651150326127819" lon="10.119899968819549">
		<name>CE-026</name>
		<cmt>B 191 Waldparkplatz südlich von Garßen</cmt>
		<desc>B 191 Waldparkplatz südlich von Garßen</desc>
		<src>Niedersächsische Landesforsten</src>
	</wpt>
	<wpt lat="51.714072812348725" lon="10.590926969902629">
		<name>GS-314</name>
		<cmt>B27 Oderhaus-Braunlage, Waldmühle/Caritasheim</cmt>
		<desc>B27 Oderhaus-Braunlage, Waldmühle/Caritasheim</desc>
		<src>Niedersächsische Landesforsten</src>
	</wpt>
	<wpt lat="52.623029508412543" lon="10.027008647851089">
		<name>CE-029</name>
		<cmt>B 214 Waldparkplatz</cmt>
		<desc>B 214 Waldparkplatz</desc>
		<src>Niedersächsische Landesforsten</src>
	</wpt>
	<wpt lat="51.705467701131511" lon="10.427043946712857">
		<name>OHA-308</name>
		<cmt>Sieber, Wanderparkplatz Goldenke</cmt>
		<desc>Sieber, Wanderparkplatz Goldenke</desc>
		<src>Niedersächsische Landesforsten</src>
	</wpt>
	<wpt lat="51.784428238655416" lon="10.549735409164924">
		<name>GS-337</name>
		<cmt>B4 Torfhaus-Braunlage, Einfahrt Schierker Straße</cmt>
		<desc>B4 Torfhaus-Braunlage, Einfahrt Schierker Straße</desc>
		<src>Niedersächsische Landesforsten</src>
	</wpt>
	<wpt lat="51.84352221642223" lon="10.571506131794349">
		<name>GS-343</name>
		<cmt>Luisenbank, Zuwegung Eckertalsperre</cmt>
		<desc>Luisenbank, Zuwegung Eckertalsperre</desc>
		<src>Niedersächsische Landesforsten</src>
	</wpt>
	<wpt lat="51.768848946878407" lon="10.455618799315006">
		<name>OHA-304</name>
		<cmt>B242, Parkplatz Stieglitzecke, Sendemast</cmt>
		<desc>B242, Parkplatz Stieglitzecke, Sendemast</desc>
		<src>Niedersächsische Landesforsten</src>
	</wpt>
	<wpt lat="52.593176576775555" lon="9.9657518281345112">
		<name>CE-031</name>
		<cmt>L 310 Schönhop</cmt>
		<desc>L 310 Schönhop</desc>
		<src>Niedersächsische Landesforsten</src>
	</wpt>
	<wpt lat="53.045033316124822" lon="9.5463206712690312">
		<name>ROW-121</name>
		<cmt>Rotes Moor östlich Bretel am Wald</cmt>
		<desc>Rotes Moor östlich Bretel am Wald</desc>
		<src>Niedersächsische Landesforsten</src>
	</wpt>
	<wpt lat="51.805499075457909" lon="10.534450299947997">
		<name>GS-334</name>
		<cmt>Großparkplatz Torfhaus, Nordausfahrt zur B4</cmt>
		<desc>Großparkplatz Torfhaus, Nordausfahrt zur B4</desc>
		<src>Niedersächsische Landesforsten</src>
	</wpt>
	<wpt lat="51.743085203792006" lon="10.520007823222379">
		<name>GS-327</name>
		<cmt>L519 Sankt Andreasberg-Sonnenberg, Einfahrt Sonnenberger Planweg</cmt>
		<desc>L519 Sankt Andreasberg-Sonnenberg, Einfahrt Sonnenberger Planweg</desc>
		<src>Niedersächsische Landesforsten</src>
	</wpt>
	<wpt lat="51.733152855802111" lon="10.295206392550208">
		<name>OHA-540</name>
		<cmt>Stadtforst Osterode, Bürgermeister-Schimpf-Straße</cmt>
		<desc>Stadtforst Osterode, Bürgermeister-Schimpf-Straße</desc>
		<src>Niedersächsische Landesforsten</src>
	</wpt>
	<wpt lat="51.725134804169571" lon="10.274891994041806">
		<name>OHA-541</name>
		<cmt>Stadtforst Osterode, Schneiderteichweg 63</cmt>
		<desc>Stadtforst Osterode, Schneiderteichweg 63</desc>
		<src>Niedersächsische Landesforsten</src>
	</wpt>
	<wpt lat="52.75714488081929" lon="7.8636291192342789">
		<name>CLP-020</name>
		<cmt>Parkplatz "Herberger Fuhren"</cmt>
		<desc>Parkplatz "Herberger Fuhren"</desc>
		<src>Niedersächsische Landesforsten</src>
	</wpt>
	<wpt lat="51.718469376475312" lon="10.274398061679282">
		<name>OHA-544</name>
		<cmt>Stadtforst Osterode, An der Leege, hinter THW</cmt>
		<desc>Stadtforst Osterode, An der Leege, hinter THW</desc>
		<src>Niedersächsische Landesforsten</src>
	</wpt>
	<wpt lat="51.727729215696741" lon="10.274141684028386">
		<name>OHA-543</name>
		<cmt>Stadtforst Osterode, Scheerenberger Straße/ Parkplatz Tennisplatz</cmt>
		<desc>Stadtforst Osterode, Scheerenberger Straße/ Parkplatz Tennisplatz</desc>
		<src>Niedersächsische Landesforsten</src>
	</wpt>
	<wpt lat="53.143356474977445" lon="9.3538240818866534">
		<name>ROW-093</name>
		<cmt>K238 300m nördlich Lentkaserne (Nähe B 71)</cmt>
		<desc>K238 300m nördlich Lentkaserne (Nähe B 71)</desc>
		<src>Niedersächsische Landesforsten</src>
	</wpt>
	<wpt lat="52.81074161289979" lon="9.5932051099832929">
		<name>HK-069</name>
		<cmt>Ahrensheide L190/163 Ortslage Beetenbrück</cmt>
		<desc>Ahrensheide L190/163 Ortslage Beetenbrück</desc>
		<src>Niedersächsische Landesforsten</src>
	</wpt>
	<wpt lat="51.538416323342901" lon="9.8620629882832116">
		<name>GÖ-108H</name>
		<cmt>Schießstand</cmt>
		<desc>Schießstand</desc>
		<src>Niedersächsische Landesforsten</src>
	</wpt>
	<wpt lat="51.647441299069129" lon="10.495420956438622">
		<name>OHA-448</name>
		<cmt>Forsthaus Flößwehr (B27 Bad Lauterberg - Braunlage ca. 300 m hinter der EXIDE)</cmt>
		<desc>Forsthaus Flößwehr (B27 Bad Lauterberg - Braunlage ca. 300 m hinter der EXIDE)</desc>
		<src>Niedersächsische Landesforsten</src>
	</wpt>
	<wpt lat="51.941764011954632" lon="10.130730853604623">
		<name>GS-175</name>
		<cmt>Rhüden, B 243 Abzweig "Kirchstraße" Fußgängerampel</cmt>
		<desc>Rhüden, B 243 Abzweig "Kirchstraße" Fußgängerampel</desc>
		<src>Niedersächsische Landesforsten</src>
	</wpt>
	<wpt lat="53.114512997634641" lon="10.547882125432045">
		<name>UE-031</name>
		<cmt>K 56; Waldsiedlung Bruchtorf Abt. 1593/1594</cmt>
		<desc>K 56; Waldsiedlung Bruchtorf Abt. 1593/1594</desc>
		<src>Niedersächsische Landesforsten</src>
	</wpt>
	<wpt lat="53.110202325378665" lon="10.600517356653386">
		<name>UE-025</name>
		<cmt>L 232; Secklendorf - Feuerwehrgerätehaus</cmt>
		<desc>L 232; Secklendorf - Feuerwehrgerätehaus</desc>
		<src>Niedersächsische Landesforsten</src>
	</wpt>
	<wpt lat="51.634261339233362" lon="10.576416141089577">
		<name>OHA-419</name>
		<cmt>Schwimmbad Wieda</cmt>
		<desc>Schwimmbad Wieda</desc>
		<src>Niedersächsische Landesforsten</src>
	</wpt>
	<wpt lat="51.642107849240503" lon="10.58086259865674">
		<name>OHA-420</name>
		<cmt>L 601 Ortsausgang Wieda, Kriegerdenkmal; Abt. 1176, Zufahrt Rfö. Stöberhai</cmt>
		<desc>L 601 Ortsausgang Wieda, Kriegerdenkmal; Abt. 1176, Zufahrt Rfö. Stöberhai</desc>
		<src>Niedersächsische Landesforsten</src>
	</wpt>
	<wpt lat="51.654023015289717" lon="10.660566622125449">
		<name>GS-438</name>
		<cmt>L 602 Hohegeiß - Zorge Einmündung Verbindungsweg (Abt. 215)</cmt>
		<desc>L 602 Hohegeiß - Zorge Einmündung Verbindungsweg (Abt. 215)</desc>
		<src>Niedersächsische Landesforsten</src>
	</wpt>
	<wpt lat="51.657971055497605" lon="10.494228544138123">
		<name>OHA-450</name>
		<cmt>Sperrluttertal L 520 Bad Lauterbg. - St. Andreasbg.; Einmündung Gr. Langental (Abt. 244/246)</cmt>
		<desc>Sperrluttertal L 520 Bad Lauterbg. - St. Andreasbg.; Einmündung Gr. Langental (Abt. 244/246)</desc>
		<src>Niedersächsische Landesforsten</src>
	</wpt>
	<wpt lat="52.994476117166926" lon="8.4493391428202553">
		<name>OL-017</name>
		<cmt>Denkmal Ecke äStedinger Wegô / äHasen-Ahlers-Wegô</cmt>
		<desc>Denkmal Ecke äStedinger Wegô / äHasen-Ahlers-Wegô</desc>
		<src>Niedersächsische Landesforsten</src>
	</wpt>
	<wpt lat="53.163438791624948" lon="9.9596809658621464">
		<name>HK-003</name>
		<cmt>Bispingen- Wilsede, Str. Dreieck Haverbeck- Sellhorn- Undeloh (bei Försterei)</cmt>
		<desc>Bispingen- Wilsede, Str. Dreieck Haverbeck- Sellhorn- Undeloh (bei Försterei)</desc>
		<src>Niedersächsische Landesforsten</src>
	</wpt>
	<wpt lat="53.30053129215657" lon="10.268508062256895">
		<name>LG-H1</name>
		<cmt/>
		<desc/>
		<src>Niedersächsische Landesforsten</src>
	</wpt>
	<wpt lat="53.033604526581591" lon="8.398755933304157">
		<name>OL-011</name>
		<cmt>L 888 bei km 3,6: Einfahrt Golfplatz Hatten an der Hatter Str.</cmt>
		<desc>L 888 bei km 3,6: Einfahrt Golfplatz Hatten an der Hatter Str.</desc>
		<src>Niedersächsische Landesforsten</src>
	</wpt>
	<wpt lat="53.018012875136208" lon="8.3607090279998317">
		<name>OL-012</name>
		<cmt>L 888 bei km 0,3: Gaststätte "Schützenhof", Dingsteder Str. 27, Kirchhatten,</cmt>
		<desc>L 888 bei km 0,3: Gaststätte "Schützenhof", Dingsteder Str. 27, Kirchhatten,</desc>
		<src>Niedersächsische Landesforsten</src>
	</wpt>
	<wpt lat="52.999463350192343" lon="8.3856020544586372">
		<name>OL-015</name>
		<cmt>L 872 bei km 19,9 "Kirchhatter Str.": Einmündung der Straße " Am Braker Sand", Buswendeplatz</cmt>
		<desc>L 872 bei km 19,9 "Kirchhatter Str.": Einmündung der Straße " Am Braker Sand", Buswendeplatz</desc>
		<src>Niedersächsische Landesforsten</src>
	</wpt>
	<wpt lat="53.006149340114725" lon="8.492646134502019">
		<name>OL-018</name>
		<cmt>K 327, Stüher Straße: Wanderparkplatz an der Einfahrt zum Seniorenzentrum "Haus am Walde"</cmt>
		<desc>K 327, Stüher Straße: Wanderparkplatz an der Einfahrt zum Seniorenzentrum "Haus am Walde"</desc>
		<src>Niedersächsische Landesforsten</src>
	</wpt>
	<wpt lat="51.764156775087066" lon="10.392491512956775">
		<name>OHA-222</name>
		<cmt>Ortsausgang Kamschlacken, Parkplatz "Kohlungsplatz", östlich B 498</cmt>
		<desc>Ortsausgang Kamschlacken, Parkplatz "Kohlungsplatz", östlich B 498</desc>
		<src>Niedersächsische Landesforsten</src>
	</wpt>
	<wpt lat="53.279373933043537" lon="8.1446210731248492">
		<name>WST-004</name>
		<cmt>L825 Einmündung der "Kreyenstraße"</cmt>
		<desc>L825 Einmündung der "Kreyenstraße"</desc>
		<src>Niedersächsische Landesforsten</src>
	</wpt>
	<wpt lat="53.232186249695232" lon="8.1357439507358187">
		<name>WST-011</name>
		<cmt>Gaststätte äMartensô, Bokeler Landstraße 7, 26215 Wiefelstede</cmt>
		<desc>Gaststätte äMartensô, Bokeler Landstraße 7, 26215 Wiefelstede</desc>
		<src>Niedersächsische Landesforsten</src>
	</wpt>
	<wpt lat="52.644358401071393" lon="10.699024748324467">
		<name>GF-023</name>
		<cmt>K 29; Knesebeck - Transvaal, Notrufsäule</cmt>
		<desc>K 29; Knesebeck - Transvaal, Notrufsäule</desc>
		<src>Niedersächsische Landesforsten</src>
	</wpt>
	<wpt lat="52.591755816319832" lon="10.421032300229424">
		<name>GF-018</name>
		<cmt>L 284; Ummern - Friedhof</cmt>
		<desc>L 284; Ummern - Friedhof</desc>
		<src>Niedersächsische Landesforsten</src>
	</wpt>
	<wpt lat="52.571237538250983" lon="10.318645624000421">
		<name>CE-002</name>
		<cmt>K 48; Helmerkamp - Nienhof, Schwarzwasserbrücke</cmt>
		<desc>K 48; Helmerkamp - Nienhof, Schwarzwasserbrücke</desc>
		<src>Niedersächsische Landesforsten</src>
	</wpt>
	<wpt lat="52.609311305018892" lon="10.635480281015425">
		<name>GF-021</name>
		<cmt>K 31; Abfahrt Wahrenholz</cmt>
		<desc>K 31; Abfahrt Wahrenholz</desc>
		<src>Niedersächsische Landesforsten</src>
	</wpt>
	<wpt lat="52.702398579853948" lon="10.654814889227888">
		<name>GF-028</name>
		<cmt>K 123; Emmen - Wunderbüttel, Kanalbrücke - West</cmt>
		<desc>K 123; Emmen - Wunderbüttel, Kanalbrücke - West</desc>
		<src>Niedersächsische Landesforsten</src>
	</wpt>
	<wpt lat="52.731496899069498" lon="10.620898730790925">
		<name>GF-033</name>
		<cmt>Hankensbüttel, Parkplatz Otterzentrum</cmt>
		<desc>Hankensbüttel, Parkplatz Otterzentrum</desc>
		<src>Niedersächsische Landesforsten</src>
	</wpt>
	<wpt lat="52.754184562849716" lon="10.627620202091682">
		<name>GF-034</name>
		<cmt>Wierstorf; Ortseingang von Hankensbüttel</cmt>
		<desc>Wierstorf; Ortseingang von Hankensbüttel</desc>
		<src>Niedersächsische Landesforsten</src>
	</wpt>
	<wpt lat="52.686353154477494" lon="10.472243421951804">
		<name>GF-029</name>
		<cmt>B 4; Mahrenholz, Bahnhof Gr Oesingen</cmt>
		<desc>B 4; Mahrenholz, Bahnhof Gr Oesingen</desc>
		<src>Niedersächsische Landesforsten</src>
	</wpt>
	<wpt lat="53.050089526578965" lon="10.877897580135246">
		<name>DAN-006</name>
		<cmt>K 21; Gülden - Feuerwehrgerätehaus</cmt>
		<desc>K 21; Gülden - Feuerwehrgerätehaus</desc>
		<src>Niedersächsische Landesforsten</src>
	</wpt>
	<wpt lat="53.015829475094513" lon="10.923684834962547">
		<name>DAN-004</name>
		<cmt>Gohlau Ortseingang</cmt>
		<desc>Gohlau Ortseingang</desc>
		<src>Niedersächsische Landesforsten</src>
	</wpt>
	<wpt lat="53.044233147689773" lon="10.699818973997386">
		<name>UE-011</name>
		<cmt>K 48 Oetzen - Weste b. Km 3 Abzwg. Testorf</cmt>
		<desc>K 48 Oetzen - Weste b. Km 3 Abzwg. Testorf</desc>
		<src>Niedersächsische Landesforsten</src>
	</wpt>
	<wpt lat="51.833034901071201" lon="10.318117048798976">
		<name>GS-26</name>
		<cmt>Erzweg, Parkplatz Spiegeltaler Zechenhaus</cmt>
		<desc>Erzweg, Parkplatz Spiegeltaler Zechenhaus</desc>
		<src>Niedersächsische Landesforsten</src>
	</wpt>
	<wpt lat="51.841469564881834" lon="10.321972435039504">
		<name>GS-27</name>
		<cmt>Parkplatz Eselsberg</cmt>
		<desc>Parkplatz Eselsberg</desc>
		<src>Niedersächsische Landesforsten</src>
	</wpt>
	<wpt lat="51.83569058581125" lon="10.529863923730954">
		<name>GS-60</name>
		<cmt>Parkplatz Marienteichbaude gegenüber Einfahrt Baude</cmt>
		<desc>Parkplatz Marienteichbaude gegenüber Einfahrt Baude</desc>
		<src>Niedersächsische Landesforsten</src>
	</wpt>
	<wpt lat="51.82730030100209" lon="10.52217185731938">
		<name>GS-063</name>
		<cmt>Einfahrt gegenüber Baste-Siedlung</cmt>
		<desc>Einfahrt gegenüber Baste-Siedlung</desc>
		<src>Niedersächsische Landesforsten</src>
	</wpt>
	<wpt lat="51.829728166549344" lon="10.52292548243876">
		<name>GS-062</name>
		<cmt>Ampel (Einfahrt Diabas Steinbruch)</cmt>
		<desc>Ampel (Einfahrt Diabas Steinbruch)</desc>
		<src>Niedersächsische Landesforsten</src>
	</wpt>
	<wpt lat="51.741130011418676" lon="10.236122377755921">
		<name>OHA-211</name>
		<cmt>Osterode-Lasfelde Wäscherei "Kellner", Großes Bremketal</cmt>
		<desc>Osterode-Lasfelde Wäscherei "Kellner", Großes Bremketal</desc>
		<src>Niedersächsische Landesforsten</src>
	</wpt>
	<wpt lat="51.814955009297691" lon="10.524211217216205">
		<name>GS-064</name>
		<cmt>Einfahrt Lichtenborn</cmt>
		<desc>Einfahrt Lichtenborn</desc>
		<src>Niedersächsische Landesforsten</src>
	</wpt>
	<wpt lat="53.214659083078139" lon="8.020546121101086">
		<name>WST-010</name>
		<cmt>K 126 in Dreibergen, Parkplatz ev. Kirche</cmt>
		<desc>K 126 in Dreibergen, Parkplatz ev. Kirche</desc>
		<src>Niedersächsische Landesforsten</src>
	</wpt>
	<wpt lat="51.745265139776471" lon="10.231867961207513">
		<name>OHA-210</name>
		<cmt>Osterode-Lasfelde, Industriegebiet "In der Klapper", Wellbachtal</cmt>
		<desc>Osterode-Lasfelde, Industriegebiet "In der Klapper", Wellbachtal</desc>
		<src>Niedersächsische Landesforsten</src>
	</wpt>
	<wpt lat="53.212196348967623" lon="7.9318045022039545">
		<name>WST-009</name>
		<cmt>K349 in Torsholt, Bäckerei Schönhoff, Torsholter Hauptstr. 49, 26655 Westerstede</cmt>
		<desc>K349 in Torsholt, Bäckerei Schönhoff, Torsholter Hauptstr. 49, 26655 Westerstede</desc>
		<src>Niedersächsische Landesforsten</src>
	</wpt>
	<wpt lat="51.68926714825048" lon="10.297018772508554">
		<name>OHA-226</name>
		<cmt>K27 zwischen Aschenhütte und Osterode, Abzweig zur Rfö. Rehhagen</cmt>
		<desc>K27 zwischen Aschenhütte und Osterode, Abzweig zur Rfö. Rehhagen</desc>
		<src>Niedersächsische Landesforsten</src>
	</wpt>
	<wpt lat="51.664329784461486" lon="10.347876012114837">
		<name>OHA-228</name>
		<cmt>Abzweigung von Herzberg nach Lonau, K 10 "Bushäuschen"</cmt>
		<desc>Abzweigung von Herzberg nach Lonau, K 10 "Bushäuschen"</desc>
		<src>Niedersächsische Landesforsten</src>
	</wpt>
	<wpt lat="52.59653987828645" lon="10.640783638791071">
		<name>GF-020</name>
		<cmt>K 31; Abfahrt Weisses Moor</cmt>
		<desc>K 31; Abfahrt Weisses Moor</desc>
		<src>Niedersächsische Landesforsten</src>
	</wpt>
	<wpt lat="52.62320734089321" lon="10.596494946890116">
		<name>GF-024</name>
		<cmt>Betzhorn Ortsdurchfahrt; Abfahrt Schönewörde</cmt>
		<desc>Betzhorn Ortsdurchfahrt; Abfahrt Schönewörde</desc>
		<src>Niedersächsische Landesforsten</src>
	</wpt>
	<wpt lat="52.665853319478458" lon="10.679950870031051">
		<name>GF-026</name>
		<cmt>L 286; Knesebeck - Vorhop, Abfahrt Stephanshof</cmt>
		<desc>L 286; Knesebeck - Vorhop, Abfahrt Stephanshof</desc>
		<src>Niedersächsische Landesforsten</src>
	</wpt>
	<wpt lat="52.787532137343256" lon="10.493924409558838">
		<name>GF-039</name>
		<cmt>L 265; Behren - Parkplatz Scheerer</cmt>
		<desc>L 265; Behren - Parkplatz Scheerer</desc>
		<src>Niedersächsische Landesforsten</src>
	</wpt>
	<wpt lat="53.204258734722288" lon="10.359328751355838">
		<name>LG-034</name>
		<cmt>K 36; Betonwerk vor Rettmer</cmt>
		<desc>K 36; Betonwerk vor Rettmer</desc>
		<src>Niedersächsische Landesforsten</src>
	</wpt>
	<wpt lat="53.076030878367263" lon="10.282439270388631">
		<name>UE-045</name>
		<cmt>L 234; Wettenbostel - Ortsmitte, Bushaltestelle</cmt>
		<desc>L 234; Wettenbostel - Ortsmitte, Bushaltestelle</desc>
		<src>Niedersächsische Landesforsten</src>
	</wpt>
	<wpt lat="52.960303951061455" lon="10.186633303759493">
		<name>HK-031</name>
		<cmt>Oerrel - Feuerwehrgerätehaus</cmt>
		<desc>Oerrel - Feuerwehrgerätehaus</desc>
		<src>Niedersächsische Landesforsten</src>
	</wpt>
	<wpt lat="52.973539000481992" lon="10.146348162302635">
		<name>HK-032</name>
		<cmt>Oerrel - Kohlenbissen - Kreuzung "Schwarze Marie"</cmt>
		<desc>Oerrel - Kohlenbissen - Kreuzung "Schwarze Marie"</desc>
		<src>Niedersächsische Landesforsten</src>
	</wpt>
	<wpt lat="52.150824990174321" lon="9.0550848766647221">
		<name>SHG-016</name>
		<cmt>Parkplatz "Breiter Weg" an der L 435 zwischen Krankenhagen und Möllenbeck</cmt>
		<desc>Parkplatz "Breiter Weg" an der L 435 zwischen Krankenhagen und Möllenbeck</desc>
		<src>Niedersächsische Landesforsten</src>
	</wpt>
	<wpt lat="53.257174845478971" lon="7.8459239598568793">
		<name>WST-001</name>
		<cmt>K 117 am Denkmal Ihorst</cmt>
		<desc>K 117 am Denkmal Ihorst</desc>
		<src>Niedersächsische Landesforsten</src>
	</wpt>
	<wpt lat="51.785605677781845" lon="10.226335401998666">
		<name>OHA-260</name>
		<cmt>Parkplatz "Ritterheide", L 524 Ortsausgang Windhau</cmt>
		<desc>Parkplatz "Ritterheide", L 524 Ortsausgang Windhau</desc>
		<src>Niedersächsische Landesforsten</src>
	</wpt>
	<wpt lat="51.7364464568074" lon="10.261886505205794">
		<name>OHA-246</name>
		<cmt>Waldeingang Freiheit an der "Alten Harzstraße" gegenüber der Revierförsterei Freiheit</cmt>
		<desc>Waldeingang Freiheit an der "Alten Harzstraße" gegenüber der Revierförsterei Freiheit</desc>
		<src>Niedersächsische Landesforsten</src>
	</wpt>
	<wpt lat="53.270603158638018" lon="7.941279513286684">
		<name>WST-003</name>
		<cmt>K 123 in Westerstede, Waldhotel Wittenheim, Burgstraße 15, 26655 Westerstede</cmt>
		<desc>K 123 in Westerstede, Waldhotel Wittenheim, Burgstraße 15, 26655 Westerstede</desc>
		<src>Niedersächsische Landesforsten</src>
	</wpt>
	<wpt lat="51.779342949975067" lon="10.322893452642646">
		<name>GS-242</name>
		<cmt>B 241, gegenüber Einfahrt Buntenbock</cmt>
		<desc>B 241, gegenüber Einfahrt Buntenbock</desc>
		<src>Niedersächsische Landesforsten</src>
	</wpt>
	<wpt lat="51.678908458530749" lon="10.319579749505488">
		<name>OHA-248</name>
		<cmt>Einfahrt "Große Steinau" an der K 7 zwischen B 243 und Mühlenberg</cmt>
		<desc>Einfahrt "Große Steinau" an der K 7 zwischen B 243 und Mühlenberg</desc>
		<src>Niedersächsische Landesforsten</src>
	</wpt>
	<wpt lat="51.655253993321722" lon="10.354852125359121">
		<name>OHA-250</name>
		<cmt>Abzweig zum "Gestüt Altekruse im Beutersfeld" östlich von Herzberg</cmt>
		<desc>Abzweig zum "Gestüt Altekruse im Beutersfeld" östlich von Herzberg</desc>
		<src>Niedersächsische Landesforsten</src>
	</wpt>
	<wpt lat="51.609827677040535" lon="10.430732751432535">
		<name>OHA-252</name>
		<cmt>Landmaschinenhandel Deppe an der B 243 in Barbis</cmt>
		<desc>Landmaschinenhandel Deppe an der B 243 in Barbis</desc>
		<src>Niedersächsische Landesforsten</src>
	</wpt>
	<wpt lat="51.694300396867568" lon="10.418069851509005">
		<name>OHA-256</name>
		<cmt>Sieber, Parkplatz gegenüber Schwimmbad im Tiefenbeek</cmt>
		<desc>Sieber, Parkplatz gegenüber Schwimmbad im Tiefenbeek</desc>
		<src>Niedersächsische Landesforsten</src>
	</wpt>
	<wpt lat="52.297882819908168" lon="8.1133424857853988">
		<name>OS-34</name>
		<cmt>Strothmannsweg / Richtstättenweg</cmt>
		<desc>Strothmannsweg / Richtstättenweg</desc>
		<src>Niedersächsische Landesforsten</src>
	</wpt>
	<wpt lat="53.298181138927276" lon="9.2884393560806053">
		<name>ROW-061</name>
		<cmt>südliche Ahe L124 gegenüber Sportplatz</cmt>
		<desc>südliche Ahe L124 gegenüber Sportplatz</desc>
		<src>Niedersächsische Landesforsten</src>
	</wpt>
	<wpt lat="53.294243513316978" lon="9.2945629597495252">
		<name>ROW-062</name>
		<cmt>Herrenbruch L 142 Waldeingang an der Wiese</cmt>
		<desc>Herrenbruch L 142 Waldeingang an der Wiese</desc>
		<src>Niedersächsische Landesforsten</src>
	</wpt>
	<wpt lat="53.286578504057374" lon="9.3169246179240979">
		<name>ROW-063</name>
		<cmt>Aspe K132 Ausfahrt vom alten Bundeswehrdepot</cmt>
		<desc>Aspe K132 Ausfahrt vom alten Bundeswehrdepot</desc>
		<src>Niedersächsische Landesforsten</src>
	</wpt>
	<wpt lat="53.337662702234553" lon="9.3274328071145671">
		<name>ROW-064</name>
		<cmt>Bohnster Hoop Abzweigung nordöstlich Meinstedt</cmt>
		<desc>Bohnster Hoop Abzweigung nordöstlich Meinstedt</desc>
		<src>Niedersächsische Landesforsten</src>
	</wpt>
	<wpt lat="53.352211967095521" lon="9.3523775993539928">
		<name>ROW-065</name>
		<cmt>Bohnster Hoop K134 am Hof Bohnste</cmt>
		<desc>Bohnster Hoop K134 am Hof Bohnste</desc>
		<src>Niedersächsische Landesforsten</src>
	</wpt>
	<wpt lat="53.252907552237431" lon="10.958867922018364">
		<name>LG-060</name>
		<cmt>B 195 Stapel  Kirche</cmt>
		<desc>B 195 Stapel  Kirche</desc>
		<src>Niedersächsische Landesforsten</src>
	</wpt>
	<wpt lat="53.262544928213828" lon="10.997775609830873">
		<name>LG-061</name>
		<cmt>Revierförsterei Grünenjäger</cmt>
		<desc>Revierförsterei Grünenjäger</desc>
		<src>Niedersächsische Landesforsten</src>
	</wpt>
	<wpt lat="53.288391771414709" lon="10.889166081662557">
		<name>LG-062</name>
		<cmt>B 195 Abzweig L 244 Sumte</cmt>
		<desc>B 195 Abzweig L 244 Sumte</desc>
		<src>Niedersächsische Landesforsten</src>
	</wpt>
	<wpt lat="52.506052352256646" lon="7.4940883469063992">
		<name>EL-14</name>
		<cmt>Thuine Lengericher Weg / B 214</cmt>
		<desc>Thuine Lengericher Weg / B 214</desc>
		<src>Niedersächsische Landesforsten</src>
	</wpt>
	<wpt lat="52.898121138404569" lon="8.614583823488676">
		<name>OL-070</name>
		<cmt>Einfahrt Wasserwerk</cmt>
		<desc>Einfahrt Wasserwerk</desc>
		<src>Niedersächsische Landesforsten</src>
	</wpt>
	<wpt lat="52.777550124364232" lon="7.4944148052966568">
		<name>EL-39</name>
		<cmt>Groß Berßen Lange Str.(K159) / Hüvenstr. (K138)</cmt>
		<desc>Groß Berßen Lange Str.(K159) / Hüvenstr. (K138)</desc>
		<src>Niedersächsische Landesforsten</src>
	</wpt>
	<wpt lat="52.922810611891691" lon="8.5979687543191883">
		<name>OL-067</name>
		<cmt>Großer Parkplatz an der L 776 bei km 1,4</cmt>
		<desc>Großer Parkplatz an der L 776 bei km 1,4</desc>
		<src>Niedersächsische Landesforsten</src>
	</wpt>
	<wpt lat="52.913549006014158" lon="8.6065810915211305">
		<name>OL-068</name>
		<cmt>DHE Betriebsgelände (Delmenhorst-Harpstedter Eisenbahn)</cmt>
		<desc>DHE Betriebsgelände (Delmenhorst-Harpstedter Eisenbahn)</desc>
		<src>Niedersächsische Landesforsten</src>
	</wpt>
	<wpt lat="52.911956051650243" lon="8.5924368803096129">
		<name>OL-069</name>
		<cmt>Parkplatz Mooshütte</cmt>
		<desc>Parkplatz Mooshütte</desc>
		<src>Niedersächsische Landesforsten</src>
	</wpt>
	<wpt lat="52.872798654558764" lon="8.652726400219473">
		<name>DH-018</name>
		<cmt>L776, km 5,6</cmt>
		<desc>L776, km 5,6</desc>
		<src>Niedersächsische Landesforsten</src>
	</wpt>
	<wpt lat="53.014115828319248" lon="7.5845945765697085">
		<name>EL-34</name>
		<cmt>B 401 / Bockhorster Str. (L30)</cmt>
		<desc>B 401 / Bockhorster Str. (L30)</desc>
		<src>Niedersächsische Landesforsten</src>
	</wpt>
	<wpt lat="53.019940819901073" lon="7.6991491157146639">
		<name>EL-35</name>
		<cmt>B 401 / K 116</cmt>
		<desc>B 401 / K 116</desc>
		<src>Niedersächsische Landesforsten</src>
	</wpt>
	<wpt lat="52.799742774087967" lon="8.3940879348744719">
		<name>VEC-008</name>
		<cmt>Bahnhof Goldenstedt (L880)</cmt>
		<desc>Bahnhof Goldenstedt (L880)</desc>
		<src>Niedersächsische Landesforsten</src>
	</wpt>
	<wpt lat="52.023504399342627" lon="9.8873504760207123">
		<name>HI-120</name>
		<cmt>Wrisbergholzen, Abzweig "Kulturherberge" Bushaltestelle Wernershöhe, von Langeholzen Richtung Sibbesse höchster Punkt im Walde</cmt>
		<desc>Wrisbergholzen, Abzweig "Kulturherberge" Bushaltestelle Wernershöhe, von Langeholzen Richtung Sibbesse höchster Punkt im Walde</desc>
		<src>Niedersächsische Landesforsten</src>
	</wpt>
	<wpt lat="52.033936023904843" lon="9.9086085126720622">
		<name>HI-121</name>
		<cmt>Wrisbergholzen; von Sibbesse/Westfeld Abzweig Wrisbergholzen</cmt>
		<desc>Wrisbergholzen; von Sibbesse/Westfeld Abzweig Wrisbergholzen</desc>
		<src>Niedersächsische Landesforsten</src>
	</wpt>
	<wpt lat="53.475952214681847" lon="9.4966445211173145">
		<name>STD-103</name>
		<cmt>vom Kreisel Linah in Richtung Issendorf</cmt>
		<desc>vom Kreisel Linah in Richtung Issendorf</desc>
		<src>Niedersächsische Landesforsten</src>
	</wpt>
	<wpt lat="53.558788481428664" lon="7.6614874400474537">
		<name>WTM-007</name>
		<cmt>Straße "Jacksteder Weg", Einmündung Waldweg</cmt>
		<desc>Straße "Jacksteder Weg", Einmündung Waldweg</desc>
		<src>Niedersächsische Landesforsten</src>
	</wpt>
	<wpt lat="53.558930561140599" lon="7.6902860812929568">
		<name>WTM-008</name>
		<cmt>Ehemaliges Forsthaus Hohehahn</cmt>
		<desc>Ehemaliges Forsthaus Hohehahn</desc>
		<src>Niedersächsische Landesforsten</src>
	</wpt>
	<wpt lat="52.596192478617688" lon="10.386793461763059">
		<name>CE-003</name>
		<cmt>Spechtshorn - Ortseingang von Hohne</cmt>
		<desc>Spechtshorn - Ortseingang von Hohne</desc>
		<src>Niedersächsische Landesforsten</src>
	</wpt>
	<wpt lat="53.027962664070046" lon="10.680208222780173">
		<name>UE-012</name>
		<cmt>K 48;  Oetzen-Weste b. Km 0,7</cmt>
		<desc>K 48;  Oetzen-Weste b. Km 0,7</desc>
		<src>Niedersächsische Landesforsten</src>
	</wpt>
	<wpt lat="52.99239544190619" lon="10.575777394583564">
		<name>UE-018</name>
		<cmt>K 3; Uelzen - Molzen, Abzwg. Ripdorf</cmt>
		<desc>K 3; Uelzen - Molzen, Abzwg. Ripdorf</desc>
		<src>Niedersächsische Landesforsten</src>
	</wpt>
	<wpt lat="52.977977469207758" lon="10.599558165443785">
		<name>UE-017</name>
		<cmt>Oldenstadt - Waldparkplatz Woltersburger Mühlenweg</cmt>
		<desc>Oldenstadt - Waldparkplatz Woltersburger Mühlenweg</desc>
		<src>Niedersächsische Landesforsten</src>
	</wpt>
	<wpt lat="53.418688191870764" lon="9.4630366708896734">
		<name>STD-107</name>
		<cmt>Waldparkplatz</cmt>
		<desc>Waldparkplatz</desc>
		<src>Niedersächsische Landesforsten</src>
	</wpt>
	<wpt lat="53.478620297405946" lon="9.1555228382671423">
		<name>ROW-206</name>
		<cmt>Altes Forsthaus - Im Vorwerk 10</cmt>
		<desc>Altes Forsthaus - Im Vorwerk 10</desc>
		<src>Niedersächsische Landesforsten</src>
	</wpt>
	<wpt lat="52.858561209940888" lon="9.6657821391321921">
		<name>HK-065</name>
		<cmt>Badenhop B209  Parkplatz am Wald zw.  Fallingbostel u. Walsrode mit Notrufsäule</cmt>
		<desc>Badenhop B209  Parkplatz am Wald zw.  Fallingbostel u. Walsrode mit Notrufsäule</desc>
		<src>Niedersächsische Landesforsten</src>
	</wpt>
	<wpt lat="52.840820102616441" lon="9.5796416355632328">
		<name>HK-068</name>
		<cmt>Benzer Sunder K118 zw. Benzen und  A27 (südlich der Autobahn)</cmt>
		<desc>Benzer Sunder K118 zw. Benzen und  A27 (südlich der Autobahn)</desc>
		<src>Niedersächsische Landesforsten</src>
	</wpt>
	<wpt lat="52.165410473314893" lon="9.1262021266812035">
		<name>SHG-018</name>
		<cmt>Parkplatz am Steinkuhlenweg in Strücken an der Straße "Große Heide"   Hubschrauberlandeplatz</cmt>
		<desc>Parkplatz am Steinkuhlenweg in Strücken an der Straße "Große Heide"   Hubschrauberlandeplatz</desc>
		<src>Niedersächsische Landesforsten</src>
	</wpt>
	<wpt lat="53.513855764693034" lon="8.9789869116598364">
		<name>ROW-303</name>
		<cmt>K116 von Hipstedt in Richtung Heinschenwalde Parkplatz hinter Geflügelhof Vollmer - km 6,5</cmt>
		<desc>K116 von Hipstedt in Richtung Heinschenwalde Parkplatz hinter Geflügelhof Vollmer - km 6,5</desc>
		<src>Niedersächsische Landesforsten</src>
	</wpt>
	<wpt lat="53.516742136697253" lon="9.2149538245077416">
		<name>ROW-208</name>
		<cmt>"Am Hinterholz" Waldausgang</cmt>
		<desc>"Am Hinterholz" Waldausgang</desc>
		<src>Niedersächsische Landesforsten</src>
	</wpt>
	<wpt lat="53.574651416500636" lon="9.2489243919620669">
		<name>STD-212</name>
		<cmt>Kreuzung Siedlung Kaken</cmt>
		<desc>Kreuzung Siedlung Kaken</desc>
		<src>Niedersächsische Landesforsten</src>
	</wpt>
	<wpt lat="53.454472642374931" lon="9.2167674124297019">
		<name>ROW-203</name>
		<cmt>Parkplatz Ausgang Beverner Wald</cmt>
		<desc>Parkplatz Ausgang Beverner Wald</desc>
		<src>Niedersächsische Landesforsten</src>
	</wpt>
	<wpt lat="53.40830235132411" lon="9.1940658642299908">
		<name>ROW-201</name>
		<cmt>B71 KM 9,0 bei Haus in Fahrtrichtung Bremervörde rechts</cmt>
		<desc>B71 KM 9,0 bei Haus in Fahrtrichtung Bremervörde rechts</desc>
		<src>Niedersächsische Landesforsten</src>
	</wpt>
	<wpt lat="52.56698812560694" lon="8.3652086827011622">
		<name>DH-1</name>
		<cmt>B 51 Graftlage / Huntebruchsweg</cmt>
		<desc>B 51 Graftlage / Huntebruchsweg</desc>
		<src>Niedersächsische Landesforsten</src>
	</wpt>
	<wpt lat="52.926908569676016" lon="11.111243296375644">
		<name>DAN-019</name>
		<cmt>Wustrow Sportplatz am Fehl</cmt>
		<desc>Wustrow Sportplatz am Fehl</desc>
		<src>Niedersächsische Landesforsten</src>
	</wpt>
	<wpt lat="52.383399570798026" lon="7.9191194960827138">
		<name>OS-59</name>
		<cmt>Fa. Remondis Am Kanal / Fürstenauer Damm</cmt>
		<desc>Fa. Remondis Am Kanal / Fürstenauer Damm</desc>
		<src>Niedersächsische Landesforsten</src>
	</wpt>
	<wpt lat="52.394878660632706" lon="8.0742887580440179">
		<name>OS-80</name>
		<cmt>Venner Straße (B218) / Kalkrieser Weg</cmt>
		<desc>Venner Straße (B218) / Kalkrieser Weg</desc>
		<src>Niedersächsische Landesforsten</src>
	</wpt>
	<wpt lat="52.574370087884006" lon="7.9061466268973897">
		<name>OS-65</name>
		<cmt>Ahäuser Zuschlag Ahäuser Str. (K158) / Im Ohrte</cmt>
		<desc>Ahäuser Zuschlag Ahäuser Str. (K158) / Im Ohrte</desc>
		<src>Niedersächsische Landesforsten</src>
	</wpt>
	<wpt lat="52.041753030046316" lon="9.9032720846625786">
		<name>HI-122</name>
		<cmt>Westfeld: aus Richtung Sibbesse, Zweite Ortsausfahrt L 485</cmt>
		<desc>Westfeld: aus Richtung Sibbesse, Zweite Ortsausfahrt L 485</desc>
		<src>Niedersächsische Landesforsten</src>
	</wpt>
	<wpt lat="52.052896361945926" lon="9.8872969052983901">
		<name>HI-123</name>
		<cmt>Sibbesse Richtung Eberholzen, hinter dem Sportplatz Abzweig in die Feldmark</cmt>
		<desc>Sibbesse Richtung Eberholzen, hinter dem Sportplatz Abzweig in die Feldmark</desc>
		<src>Niedersächsische Landesforsten</src>
	</wpt>
	<wpt lat="52.016620343190162" lon="9.8037740296579994">
		<name>HI-128</name>
		<cmt>Wettensen, Ortsmitte</cmt>
		<desc>Wettensen, Ortsmitte</desc>
		<src>Niedersächsische Landesforsten</src>
	</wpt>
	<wpt lat="52.076746854450043" lon="9.5523304761564347">
		<name>HM-062</name>
		<cmt>Wigandhaus (Nähe Kirche) Abzweig Renneberg direkt in Lauenstein</cmt>
		<desc>Wigandhaus (Nähe Kirche) Abzweig Renneberg direkt in Lauenstein</desc>
		<src>Niedersächsische Landesforsten</src>
	</wpt>
	<wpt lat="52.000572249366542" lon="9.688274701195013">
		<name>HI-142</name>
		<cmt>Duingen, Triftstraße Ecke Bruchstraße</cmt>
		<desc>Duingen, Triftstraße Ecke Bruchstraße</desc>
		<src>Niedersächsische Landesforsten</src>
	</wpt>
	<wpt lat="52.47253171124941" lon="9.8534848701872093">
		<name>H-143</name>
		<cmt>Möllerstrift Isernhagen FB Lohner Holz</cmt>
		<desc>Möllerstrift Isernhagen FB Lohner Holz</desc>
		<src>Niedersächsische Landesforsten</src>
	</wpt>
	<wpt lat="52.519742291211671" lon="9.9203261532507252">
		<name>H-144</name>
		<cmt>Bruchstr. Wettmar</cmt>
		<desc>Bruchstr. Wettmar</desc>
		<src>Niedersächsische Landesforsten</src>
	</wpt>
	<wpt lat="52.536065237885666" lon="9.85476569659712">
		<name>H-147</name>
		<cmt>Waldparkplatz Kieskuhlenbahn an der L 381</cmt>
		<desc>Waldparkplatz Kieskuhlenbahn an der L 381</desc>
		<src>Niedersächsische Landesforsten</src>
	</wpt>
	<wpt lat="52.541427232263892" lon="9.831396766818834">
		<name>H-148</name>
		<cmt>Königsbahn Sprill</cmt>
		<desc>Königsbahn Sprill</desc>
		<src>Niedersächsische Landesforsten</src>
	</wpt>
	<wpt lat="51.972703510611822" lon="9.8456270232655232">
		<name>HI-154</name>
		<cmt>Röllinghausen, Parkplatz an der Firmengruppe Funke, (Röllinghäuser Str.)</cmt>
		<desc>Röllinghausen, Parkplatz an der Firmengruppe Funke, (Röllinghäuser Str.)</desc>
		<src>Niedersächsische Landesforsten</src>
	</wpt>
	<wpt lat="51.798052760848876" lon="10.532139403383454">
		<name>GS-330</name>
		<cmt>Parkplatz an der L504 (Körberlift) vor Torfhaus</cmt>
		<desc>Parkplatz an der L504 (Körberlift) vor Torfhaus</desc>
		<src>Niedersächsische Landesforsten</src>
	</wpt>
	<wpt lat="51.695963735271576" lon="10.565297581673606">
		<name>GS-324</name>
		<cmt>L519, Parkplatz Abzweig Odertal</cmt>
		<desc>L519, Parkplatz Abzweig Odertal</desc>
		<src>Niedersächsische Landesforsten</src>
	</wpt>
	<wpt lat="51.679083246087586" lon="10.324462966574215">
		<name>OHA-302</name>
		<cmt>Herzberg, Ortsteil Mühlenberg</cmt>
		<desc>Herzberg, Ortsteil Mühlenberg</desc>
		<src>Niedersächsische Landesforsten</src>
	</wpt>
	<wpt lat="51.838104931532037" lon="10.529110521587361">
		<name>GS-342</name>
		<cmt>B4, Parkplatz Marienteich</cmt>
		<desc>B4, Parkplatz Marienteich</desc>
		<src>Niedersächsische Landesforsten</src>
	</wpt>
	<wpt lat="51.754756471263192" lon="10.520069680679438">
		<name>GS-328</name>
		<cmt>L519 Sankt Andreasberg-Sonnenberg, Parkplatz gegenüber Rehberger Planweg</cmt>
		<desc>L519 Sankt Andreasberg-Sonnenberg, Parkplatz gegenüber Rehberger Planweg</desc>
		<src>Niedersächsische Landesforsten</src>
	</wpt>
	<wpt lat="51.728043980922429" lon="10.522197572068892">
		<name>GS-325</name>
		<cmt>L519 Sankt Andreasberg-Sonnenberg, Dreibrode-Parkplatz</cmt>
		<desc>L519 Sankt Andreasberg-Sonnenberg, Dreibrode-Parkplatz</desc>
		<src>Niedersächsische Landesforsten</src>
	</wpt>
	<wpt lat="51.746237166402203" lon="10.574648016366433">
		<name>GS-322</name>
		<cmt>B4 Gasthaus Königskrug</cmt>
		<desc>B4 Gasthaus Königskrug</desc>
		<src>Niedersächsische Landesforsten</src>
	</wpt>
	<wpt lat="51.707519987201962" lon="10.54912011176612">
		<name>GS-315</name>
		<cmt>L519 Oderhaus-Sankt Andreasberg, Abzweig Breitenbeek</cmt>
		<desc>L519 Oderhaus-Sankt Andreasberg, Abzweig Breitenbeek</desc>
		<src>Niedersächsische Landesforsten</src>
	</wpt>
	<wpt lat="51.731115831287731" lon="10.234846834050284">
		<name>OHA-548</name>
		<cmt>Stadtforst Osterode, Kreuzung Gipsmühlenweg / Schlachthofweg</cmt>
		<desc>Stadtforst Osterode, Kreuzung Gipsmühlenweg / Schlachthofweg</desc>
		<src>Niedersächsische Landesforsten</src>
	</wpt>
	<wpt lat="52.589253889331886" lon="9.9149626202761194">
		<name>H-174</name>
		<cmt>L 310 Parkplatz Abzweigung Schusterdamm</cmt>
		<desc>L 310 Parkplatz Abzweigung Schusterdamm</desc>
		<src>Niedersächsische Landesforsten</src>
	</wpt>
	<wpt lat="51.737218533245183" lon="10.249204872098932">
		<name>OHA-552</name>
		<cmt>Stadtforst Osterode, Steiler Ackerweg/ Abzweig Am Sonnenkopf</cmt>
		<desc>Stadtforst Osterode, Steiler Ackerweg/ Abzweig Am Sonnenkopf</desc>
		<src>Niedersächsische Landesforsten</src>
	</wpt>
	<wpt lat="52.943656796174778" lon="9.6798413188450194">
		<name>HK-053</name>
		<cmt>Gr. Löverschen Int.-forst A. Amtsvogtei B440 Abf. Bommelsen</cmt>
		<desc>Gr. Löverschen Int.-forst A. Amtsvogtei B440 Abf. Bommelsen</desc>
		<src>Niedersächsische Landesforsten</src>
	</wpt>
	<wpt lat="52.808054708353595" lon="9.1764923564930232">
		<name>NI-001</name>
		<cmt>Alhuser Ahe L330 nördlich Alhusen an der Bahnstrecke</cmt>
		<desc>Alhuser Ahe L330 nördlich Alhusen an der Bahnstrecke</desc>
		<src>Niedersächsische Landesforsten</src>
	</wpt>
	<wpt lat="52.781323445864075" lon="9.5555535912854985">
		<name>HK-070</name>
		<cmt>Ahrensheide L159 Hellberg Nähe Hodenhagen</cmt>
		<desc>Ahrensheide L159 Hellberg Nähe Hodenhagen</desc>
		<src>Niedersächsische Landesforsten</src>
	</wpt>
	<wpt lat="52.78380181581273" lon="9.5065684447607239">
		<name>HK-072</name>
		<cmt>Bierder Koppel L159 südlich Bierde etwa 5 km westlich Hodenhagen</cmt>
		<desc>Bierder Koppel L159 südlich Bierde etwa 5 km westlich Hodenhagen</desc>
		<src>Niedersächsische Landesforsten</src>
	</wpt>
	<wpt lat="52.760850685319205" lon="9.5353041984805813">
		<name>HK-073</name>
		<cmt>Ahe/Schlenke L 157 westlich Ahlden Richtung Eilte</cmt>
		<desc>Ahe/Schlenke L 157 westlich Ahlden Richtung Eilte</desc>
		<src>Niedersächsische Landesforsten</src>
	</wpt>
	<wpt lat="53.02334063981808" lon="9.5082098737294523">
		<name>ROW-124</name>
		<cmt>Int.Forst Wittorf B440 2km nördlich Wittorf</cmt>
		<desc>Int.Forst Wittorf B440 2km nördlich Wittorf</desc>
		<src>Niedersächsische Landesforsten</src>
	</wpt>
	<wpt lat="53.003897592305982" lon="9.5282097517960604">
		<name>ROW-125</name>
		<cmt>Int.Forst Wittorf B440 südöstl.Wittorf</cmt>
		<desc>Int.Forst Wittorf B440 südöstl.Wittorf</desc>
		<src>Niedersächsische Landesforsten</src>
	</wpt>
	<wpt lat="51.927293419848112" lon="10.20331488041592">
		<name>GS-113</name>
		<cmt>B 248, Parkplatz "Kiliansloch" zw. Seesen u. Hahausen, ca. 1 km nördl. v. Eisenbahnbrücke, bei km 48,0</cmt>
		<desc>B 248, Parkplatz "Kiliansloch" zw. Seesen u. Hahausen, ca. 1 km nördl. v. Eisenbahnbrücke, bei km 48,0</desc>
		<src>Niedersächsische Landesforsten</src>
	</wpt>
	<wpt lat="51.906920567676075" lon="10.314586263900612">
		<name>GS-105</name>
		<cmt>Wolfshagen, Ortsausgang Richtung Lautenthal</cmt>
		<desc>Wolfshagen, Ortsausgang Richtung Lautenthal</desc>
		<src>Niedersächsische Landesforsten</src>
	</wpt>
	<wpt lat="53.406473006421976" lon="9.8553721962227474">
		<name>WL-017</name>
		<cmt>Eversen Richtg. Sieversen K52 km 1,9, Gasthaus Waldschänke</cmt>
		<desc>Eversen Richtg. Sieversen K52 km 1,9, Gasthaus Waldschänke</desc>
		<src>Niedersächsische Landesforsten</src>
	</wpt>
	<wpt lat="53.299184881991408" lon="10.269652021080438">
		<name>LG-016</name>
		<cmt>Ortsausgang Radbruch Richtung Einemhof</cmt>
		<desc>Ortsausgang Radbruch Richtung Einemhof</desc>
		<src>Niedersächsische Landesforsten</src>
	</wpt>
	<wpt lat="53.36385558867304" lon="10.094094234377076">
		<name>WL-002</name>
		<cmt>Stelle Richtg. Holtorfsloh, ,Kieselshöh, L214 km 3,1</cmt>
		<desc>Stelle Richtg. Holtorfsloh, ,Kieselshöh, L214 km 3,1</desc>
		<src>Niedersächsische Landesforsten</src>
	</wpt>
	<wpt lat="53.312857117180755" lon="10.085570985716034">
		<name>WL-003</name>
		<cmt>Thieshope Richtg. Pattensen L215 km 8,5, Parkbucht Kurve</cmt>
		<desc>Thieshope Richtg. Pattensen L215 km 8,5, Parkbucht Kurve</desc>
		<src>Niedersächsische Landesforsten</src>
	</wpt>
	<wpt lat="53.385222872759599" lon="9.838857388956006">
		<name>WL-016</name>
		<cmt>Emsen, Rader Weg, Parkplatz am Waldeingang</cmt>
		<desc>Emsen, Rader Weg, Parkplatz am Waldeingang</desc>
		<src>Niedersächsische Landesforsten</src>
	</wpt>
	<wpt lat="53.438293438958894" lon="9.8054442081817434">
		<name>WL-018</name>
		<cmt>Daerstorf Dorfmitte, Ecke Elstorfer Str.- Holzweg</cmt>
		<desc>Daerstorf Dorfmitte, Ecke Elstorfer Str.- Holzweg</desc>
		<src>Niedersächsische Landesforsten</src>
	</wpt>
	<wpt lat="53.433409009644599" lon="9.8847626220763569">
		<name>WL-019</name>
		<cmt>Alvesen, Ecke "im Alvesener Dorfe"/"Am Rosengarten", Gasthof Kajüte,</cmt>
		<desc>Alvesen, Ecke "im Alvesener Dorfe"/"Am Rosengarten", Gasthof Kajüte,</desc>
		<src>Niedersächsische Landesforsten</src>
	</wpt>
	<wpt lat="52.109692337066491" lon="9.6316386413109338">
		<name>HM-038</name>
		<cmt>Am Anhalt</cmt>
		<desc>Am Anhalt</desc>
		<src>Niedersächsische Landesforsten</src>
	</wpt>
	<wpt lat="53.265467075941984" lon="9.782974148783941">
		<name>WL-H1</name>
		<cmt/>
		<desc/>
		<src>Niedersächsische Landesforsten</src>
	</wpt>
	<wpt lat="53.294633278101458" lon="9.7938901820899602">
		<name>WL-H2</name>
		<cmt/>
		<desc/>
		<src>Niedersächsische Landesforsten</src>
	</wpt>
	<wpt lat="51.418638127114718" lon="9.9296362081987173">
		<name>GÖ-317</name>
		<cmt>B27 &amp;gt; L566, Friedland &amp;gt; Reckershausen, 0,7 km nach Abzweig von B27</cmt>
		<desc>B27 &amp;gt; L566, Friedland &amp;gt; Reckershausen, 0,7 km nach Abzweig von B27</desc>
		<src>Niedersächsische Landesforsten</src>
	</wpt>
	<wpt lat="52.158822231904281" lon="9.603020575870616">
		<name>H-110</name>
		<cmt>III Rfö.Jägerhaus</cmt>
		<desc>III Rfö.Jägerhaus</desc>
		<src>Niedersächsische Landesforsten</src>
	</wpt>
	<wpt lat="51.649157272055483" lon="10.62862773016008">
		<name>OHA-418</name>
		<cmt>L 600 Zorge - Braunlage; Parkplatz Neuer Teich</cmt>
		<desc>L 600 Zorge - Braunlage; Parkplatz Neuer Teich</desc>
		<src>Niedersächsische Landesforsten</src>
	</wpt>
	<wpt lat="51.573461900117756" lon="10.630605344067691">
		<name>OHA-401</name>
		<cmt>Abt. 3135; K 24/Wiedabrücke; Abzweigung zum Steinbruch Kahlekopf</cmt>
		<desc>Abt. 3135; K 24/Wiedabrücke; Abzweigung zum Steinbruch Kahlekopf</desc>
		<src>Niedersächsische Landesforsten</src>
	</wpt>
	<wpt lat="53.170910417525448" lon="7.8169811114840195">
		<name>CLP-001</name>
		<cmt>K 299 "Loher Straße" Zufahrt zumm Loher Wald - gegenüber Einmündung "Rosenbohmsweg"</cmt>
		<desc>K 299 "Loher Straße" Zufahrt zumm Loher Wald - gegenüber Einmündung "Rosenbohmsweg"</desc>
		<src>Niedersächsische Landesforsten</src>
	</wpt>
	<wpt lat="51.639849469179246" lon="10.588700906053289">
		<name>OHA-444</name>
		<cmt>Wieda, Parkplatz Hotel "Krone am Park"</cmt>
		<desc>Wieda, Parkplatz Hotel "Krone am Park"</desc>
		<src>Niedersächsische Landesforsten</src>
	</wpt>
	<wpt lat="51.662225638748012" lon="10.575382385125728">
		<name>OHA-445</name>
		<cmt>Waldgaststätte "Bahnhof Stöberhai" (Weinglastal Abt. 1197)</cmt>
		<desc>Waldgaststätte "Bahnhof Stöberhai" (Weinglastal Abt. 1197)</desc>
		<src>Niedersächsische Landesforsten</src>
	</wpt>
	<wpt lat="53.049766386767168" lon="8.5988337180720151">
		<name>DEL-001</name>
		<cmt>Wanderparkplatz an der L887 (Oldenburger Landstraße)</cmt>
		<desc>Wanderparkplatz an der L887 (Oldenburger Landstraße)</desc>
		<src>Niedersächsische Landesforsten</src>
	</wpt>
	<wpt lat="51.774859628692049" lon="10.438599568698894">
		<name>GS-013</name>
		<cmt>Einfahrt Roseweg</cmt>
		<desc>Einfahrt Roseweg</desc>
		<src>Niedersächsische Landesforsten</src>
	</wpt>
	<wpt lat="52.322248120348128" lon="9.850395441425416">
		<name>H-124</name>
		<cmt>Bockmerholstr. 50 Parkplatz     L 388</cmt>
		<desc>Bockmerholstr. 50 Parkplatz     L 388</desc>
		<src>Niedersächsische Landesforsten</src>
	</wpt>
	<wpt lat="51.712703656054778" lon="10.276806965540304">
		<name>OHA-214</name>
		<cmt>Bahnübergang (Eingang Osterode), zum Gewerbegebiet Leege, an der K 27</cmt>
		<desc>Bahnübergang (Eingang Osterode), zum Gewerbegebiet Leege, an der K 27</desc>
		<src>Niedersächsische Landesforsten</src>
	</wpt>
	<wpt lat="53.123849814558518" lon="8.0966072148651911">
		<name>WST-014</name>
		<cmt>L 828, Gaststätte äLandhaus Friedrichsfehnô Friedrichsfehner Straße 33, 26188 Edewecht</cmt>
		<desc>L 828, Gaststätte äLandhaus Friedrichsfehnô Friedrichsfehner Straße 33, 26188 Edewecht</desc>
		<src>Niedersächsische Landesforsten</src>
	</wpt>
	<wpt lat="51.762728785164555" lon="10.303820294985846">
		<name>OHA-215</name>
		<cmt>Kreuzung Heiligenstock, B 241 / K 26</cmt>
		<desc>Kreuzung Heiligenstock, B 241 / K 26</desc>
		<src>Niedersächsische Landesforsten</src>
	</wpt>
	<wpt lat="51.76762319205428" lon="10.305839580777825">
		<name>OHA-216</name>
		<cmt>Obere Innerste, oberhalb Heiligenstock an der B 241, zwischen Osterode und Clausthal</cmt>
		<desc>Obere Innerste, oberhalb Heiligenstock an der B 241, zwischen Osterode und Clausthal</desc>
		<src>Niedersächsische Landesforsten</src>
	</wpt>
	<wpt lat="53.062368841884776" lon="10.665009513597983">
		<name>UE-013</name>
		<cmt>L 252; Höver - Kirche</cmt>
		<desc>L 252; Höver - Kirche</desc>
		<src>Niedersächsische Landesforsten</src>
	</wpt>
	<wpt lat="52.133861075057865" lon="9.2066392204316685">
		<name>HM-023</name>
		<cmt>alte Försterei Friedrichsburg in Klein Heßlingen in die Kahlebergstr.  Hubschrauberlandeplatz</cmt>
		<desc>alte Försterei Friedrichsburg in Klein Heßlingen in die Kahlebergstr.  Hubschrauberlandeplatz</desc>
		<src>Niedersächsische Landesforsten</src>
	</wpt>
	<wpt lat="52.123750231909426" lon="9.2223540255202661">
		<name>HM-024</name>
		<cmt>Waldspielplatz Friedrichshagen in Friedrichshagen an der Straße "An der Schnat" Hubschrauberlandeplatz</cmt>
		<desc>Waldspielplatz Friedrichshagen in Friedrichshagen an der Straße "An der Schnat" Hubschrauberlandeplatz</desc>
		<src>Niedersächsische Landesforsten</src>
	</wpt>
	<wpt lat="53.626480705155721" lon="8.8258949064351562">
		<name>CUX-602</name>
		<cmt>Ecke L 120 und Hauptmann-Böse-Straße</cmt>
		<desc>Ecke L 120 und Hauptmann-Böse-Straße</desc>
		<src>Niedersächsische Landesforsten</src>
	</wpt>
	<wpt lat="53.288201395595671" lon="9.2318375292426111">
		<name>ROW-053</name>
		<cmt>Großes Holz nordöstl. Badenstedt  L133 am Waldparkplatz</cmt>
		<desc>Großes Holz nordöstl. Badenstedt  L133 am Waldparkplatz</desc>
		<src>Niedersächsische Landesforsten</src>
	</wpt>
	<wpt lat="53.262202723623012" lon="9.1329699916325087">
		<name>ROW-056</name>
		<cmt>Breddorferstr. 600m nordwestl. Kirchtimke</cmt>
		<desc>Breddorferstr. 600m nordwestl. Kirchtimke</desc>
		<src>Niedersächsische Landesforsten</src>
	</wpt>
	<wpt lat="53.636949182509603" lon="8.8404433215021356">
		<name>CUX-601</name>
		<cmt>Forsthaus Holzurburg</cmt>
		<desc>Forsthaus Holzurburg</desc>
		<src>Niedersächsische Landesforsten</src>
	</wpt>
	<wpt lat="52.36354493543439" lon="8.1437773080472518">
		<name>OS-44</name>
		<cmt>Parkplatz Venner Egge Borgwedder Str.</cmt>
		<desc>Parkplatz Venner Egge Borgwedder Str.</desc>
		<src>Niedersächsische Landesforsten</src>
	</wpt>
	<wpt lat="52.832687832265577" lon="10.283655809136652">
		<name>CE-007</name>
		<cmt>K 17 Unterlüß - Hermannsburg, Abfahrt Siedenholzbahn</cmt>
		<desc>K 17 Unterlüß - Hermannsburg, Abfahrt Siedenholzbahn</desc>
		<src>Niedersächsische Landesforsten</src>
	</wpt>
	<wpt lat="53.164122901228559" lon="9.8961465106735851">
		<name>HK-006</name>
		<cmt>B3 Wintermoor Richtg. Bispingen L211 km 11,4</cmt>
		<desc>B3 Wintermoor Richtg. Bispingen L211 km 11,4</desc>
		<src>Niedersächsische Landesforsten</src>
	</wpt>
	<wpt lat="52.719582914539188" lon="9.017624328500224">
		<name>DH-701</name>
		<cmt>Landesstraße 352 Waldweg "zur Darloge" Handyempfang ok</cmt>
		<desc>Landesstraße 352 Waldweg "zur Darloge" Handyempfang ok</desc>
		<src>Niedersächsische Landesforsten</src>
	</wpt>
	<wpt lat="52.700952023734416" lon="9.0246244459012104">
		<name>NI-702</name>
		<cmt>An derRevierförsterei Harbergen;   kein ständiger Handyempfang</cmt>
		<desc>An derRevierförsterei Harbergen;   kein ständiger Handyempfang</desc>
		<src>Niedersächsische Landesforsten</src>
	</wpt>
	<wpt lat="52.436263495507021" lon="9.2073979475066263">
		<name>NI-106</name>
		<cmt>Parkplatz Gasthof Hannoversche Straße</cmt>
		<desc>Parkplatz Gasthof Hannoversche Straße</desc>
		<src>Niedersächsische Landesforsten</src>
	</wpt>
	<wpt lat="51.890913970104187" lon="10.203283720171441">
		<name>GS-114</name>
		<cmt>Seesen,Wilhelmshöhe, östliches Ende der Wilhelmshöher Straße,  Waldrand</cmt>
		<desc>Seesen,Wilhelmshöhe, östliches Ende der Wilhelmshöher Straße,  Waldrand</desc>
		<src>Niedersächsische Landesforsten</src>
	</wpt>
	<wpt lat="51.858278298100771" lon="10.316092526923384">
		<name>GS-070</name>
		<cmt>Einfahrt Sägemühlenweg (Hahnenkleer Bergstraße) von L 516</cmt>
		<desc>Einfahrt Sägemühlenweg (Hahnenkleer Bergstraße) von L 516</desc>
		<src>Niedersächsische Landesforsten</src>
	</wpt>
	<wpt lat="53.177886407074141" lon="9.8837699328177369">
		<name>HK-007</name>
		<cmt>B3 Wintermoor Richtg. Bispingen L211 km 13,2</cmt>
		<desc>B3 Wintermoor Richtg. Bispingen L211 km 13,2</desc>
		<src>Niedersächsische Landesforsten</src>
	</wpt>
	<wpt lat="53.341889330111343" lon="9.8109477911455887">
		<name>WL-011</name>
		<cmt>Rade Richtg. Trelder Berg, B3 km 13,4, abbiegen an rotweißer Schranke, gegenüber Trafohäuschen</cmt>
		<desc>Rade Richtg. Trelder Berg, B3 km 13,4, abbiegen an rotweißer Schranke, gegenüber Trafohäuschen</desc>
		<src>Niedersächsische Landesforsten</src>
	</wpt>
	<wpt lat="53.287226615117966" lon="9.8452646617374864">
		<name>WL-012</name>
		<cmt>Sprötze Richtg. Holm- Sppensen, K72 km 4,7</cmt>
		<desc>Sprötze Richtg. Holm- Sppensen, K72 km 4,7</desc>
		<src>Niedersächsische Landesforsten</src>
	</wpt>
	<wpt lat="53.143758190049141" lon="9.9555627369089361">
		<name>HK-H2</name>
		<cmt/>
		<desc/>
		<src>Niedersächsische Landesforsten</src>
	</wpt>
	<wpt lat="52.462693038081127" lon="10.558043473324425">
		<name>GF-009</name>
		<cmt>Gifhorn; Wolfsburger Str., gegenüber Hotel Morada</cmt>
		<desc>Gifhorn; Wolfsburger Str., gegenüber Hotel Morada</desc>
		<src>Niedersächsische Landesforsten</src>
	</wpt>
	<wpt lat="51.461110543829918" lon="10.16065625583567">
		<name>GÖ-301</name>
		<cmt>L569 &amp;gt; K16, Ortseingang Etzenborn</cmt>
		<desc>L569 &amp;gt; K16, Ortseingang Etzenborn</desc>
		<src>Niedersächsische Landesforsten</src>
	</wpt>
	<wpt lat="51.485826881788398" lon="10.173631870685435">
		<name>GÖ-304</name>
		<cmt>L569, Nesselröden &amp;gt; Etzenborn, nach 0,7 km &amp;gt; Nesselröder Warte, Campingplatz</cmt>
		<desc>L569, Nesselröden &amp;gt; Etzenborn, nach 0,7 km &amp;gt; Nesselröder Warte, Campingplatz</desc>
		<src>Niedersächsische Landesforsten</src>
	</wpt>
	<wpt lat="52.18833423955661" lon="9.6046822810122965">
		<name>H-108</name>
		<cmt>II Wisentgehege</cmt>
		<desc>II Wisentgehege</desc>
		<src>Niedersächsische Landesforsten</src>
	</wpt>
	<wpt lat="52.183428744143662" lon="9.6017904898781765">
		<name>H-107</name>
		<cmt>II Wisentgeh.Abt79/83</cmt>
		<desc>II Wisentgeh.Abt79/83</desc>
		<src>Niedersächsische Landesforsten</src>
	</wpt>
	<wpt lat="52.178575314793022" lon="9.5981310632280348">
		<name>H-106</name>
		<cmt>II L461/K213</cmt>
		<desc>II L461/K213</desc>
		<src>Niedersächsische Landesforsten</src>
	</wpt>
	<wpt lat="51.468151180660534" lon="9.9786286881601018">
		<name>GÖ-312</name>
		<cmt>K21 Reinhausen &amp;gt; Ballenhausen, 1. Feldweg links hinter d. Brücke</cmt>
		<desc>K21 Reinhausen &amp;gt; Ballenhausen, 1. Feldweg links hinter d. Brücke</desc>
		<src>Niedersächsische Landesforsten</src>
	</wpt>
	<wpt lat="51.490952667616796" lon="10.030811875514365">
		<name>GÖ-313</name>
		<cmt>L569 Kl. Lengden &amp;gt; Benniehausen, nach 2 km Parkplatz links</cmt>
		<desc>L569 Kl. Lengden &amp;gt; Benniehausen, nach 2 km Parkplatz links</desc>
		<src>Niedersächsische Landesforsten</src>
	</wpt>
	<wpt lat="51.580580542235033" lon="10.621469619326152">
		<name>OHA-402</name>
		<cmt>K 24, Abzweigung Parkplatz am Kloster</cmt>
		<desc>K 24, Abzweigung Parkplatz am Kloster</desc>
		<src>Niedersächsische Landesforsten</src>
	</wpt>
	<wpt lat="51.611684924780199" lon="10.6113783309731">
		<name>OHA-411</name>
		<cmt>Kreuzung K 23 / Kaiserweg; Abt. 3104/3105</cmt>
		<desc>Kreuzung K 23 / Kaiserweg; Abt. 3104/3105</desc>
		<src>Niedersächsische Landesforsten</src>
	</wpt>
	<wpt lat="51.641020561883884" lon="10.641670501848569">
		<name>OHA-416</name>
		<cmt>L 602 Abzweigung Schwimmbad/Campingplatz</cmt>
		<desc>L 602 Abzweigung Schwimmbad/Campingplatz</desc>
		<src>Niedersächsische Landesforsten</src>
	</wpt>
	<wpt lat="53.212314559938015" lon="10.878060135512923">
		<name>DAN-055</name>
		<cmt>L 231 Quarstedt Bushaltestelle</cmt>
		<desc>L 231 Quarstedt Bushaltestelle</desc>
		<src>Niedersächsische Landesforsten</src>
	</wpt>
	<wpt lat="52.613699272141929" lon="9.2123818230071759">
		<name>NI-408</name>
		<cmt>Nienburg Raiffeisenstraße unter der Hochspannungsleitung</cmt>
		<desc>Nienburg Raiffeisenstraße unter der Hochspannungsleitung</desc>
		<src>Niedersächsische Landesforsten</src>
	</wpt>
	<wpt lat="53.487222224001627" lon="9.1997772154103359">
		<name>ROW-207</name>
		<cmt>Mulsumer Weg - Hof Plate</cmt>
		<desc>Mulsumer Weg - Hof Plate</desc>
		<src>Niedersächsische Landesforsten</src>
	</wpt>
	<wpt lat="53.132085800777382" lon="9.9994449388407105">
		<name>HK-001</name>
		<cmt>Bispingen- Volkwardingen, P Gasthof Volkwardingen</cmt>
		<desc>Bispingen- Volkwardingen, P Gasthof Volkwardingen</desc>
		<src>Niedersächsische Landesforsten</src>
	</wpt>
	<wpt lat="52.66069847606196" lon="9.066145542380216">
		<name>NI-705</name>
		<cmt>B214;  Gehöft Weberkuhle  kein ständiger Handyempfang</cmt>
		<desc>B214;  Gehöft Weberkuhle  kein ständiger Handyempfang</desc>
		<src>Niedersächsische Landesforsten</src>
	</wpt>
	<wpt lat="52.602069494060558" lon="8.5169111686715357">
		<name>DH-306</name>
		<cmt>Hemsloh; WEGEKREUZUNG Dorfstraße - Schützenplatz</cmt>
		<desc>Hemsloh; WEGEKREUZUNG Dorfstraße - Schützenplatz</desc>
		<src>Niedersächsische Landesforsten</src>
	</wpt>
	<wpt lat="52.40418952470764" lon="8.7157004042541235">
		<name>NI-318</name>
		<cmt>K 22 ; Waldecke</cmt>
		<desc>K 22 ; Waldecke</desc>
		<src>Niedersächsische Landesforsten</src>
	</wpt>
	<wpt lat="51.310100073370236" lon="9.6775020874169986">
		<name>GÖ-4</name>
		<cmt>Nieste, Witzenhäuser Str.68</cmt>
		<desc>Nieste, Witzenhäuser Str.68</desc>
		<src>Niedersächsische Landesforsten</src>
	</wpt>
	<wpt lat="51.450668072851656" lon="9.7582115334704138">
		<name>GÖ-71H</name>
		<cmt>Waldkante nördlich von Meensen</cmt>
		<desc>Waldkante nördlich von Meensen</desc>
		<src>Niedersächsische Landesforsten</src>
	</wpt>
	<wpt lat="53.350718410908264" lon="10.458980878437686">
		<name>LG-013</name>
		<cmt>Lüneburg Richtg. Lauenburg B209 km 12,4 Kreuzung Lüdershausen, nicht Abfahrt</cmt>
		<desc>Lüneburg Richtg. Lauenburg B209 km 12,4 Kreuzung Lüdershausen, nicht Abfahrt</desc>
		<src>Niedersächsische Landesforsten</src>
	</wpt>
	<wpt lat="53.327565568478938" lon="10.297630553260294">
		<name>LG-014</name>
		<cmt>Radbruch Richtg. Rottorf K 43/3 km 1,2</cmt>
		<desc>Radbruch Richtg. Rottorf K 43/3 km 1,2</desc>
		<src>Niedersächsische Landesforsten</src>
	</wpt>
	<wpt lat="53.302680833152145" lon="10.216401778100096">
		<name>LG-017</name>
		<cmt>Ludorf, Vierhöfener Weg, vom Bahnübergang ca. 3,2 km bis Asphaltkreuzung, dann links bis Waldanfang</cmt>
		<desc>Ludorf, Vierhöfener Weg, vom Bahnübergang ca. 3,2 km bis Asphaltkreuzung, dann links bis Waldanfang</desc>
		<src>Niedersächsische Landesforsten</src>
	</wpt>
	<wpt lat="53.291994257027326" lon="9.79357256442586">
		<name>WL-013</name>
		<cmt>Sprötze Richtg. Welle gegenüber Einfahrt Neddernhof</cmt>
		<desc>Sprötze Richtg. Welle gegenüber Einfahrt Neddernhof</desc>
		<src>Niedersächsische Landesforsten</src>
	</wpt>
	<wpt lat="53.432929917578143" lon="9.8818592585375793">
		<name>WL-H5</name>
		<cmt/>
		<desc/>
		<src>Niedersächsische Landesforsten</src>
	</wpt>
	<wpt lat="52.49510532081252" lon="10.558615969306747">
		<name>GF-014</name>
		<cmt>B188 Gifhorn, Hotel Isetal (ehem. Jägerhof)</cmt>
		<desc>B188 Gifhorn, Hotel Isetal (ehem. Jägerhof)</desc>
		<src>Niedersächsische Landesforsten</src>
	</wpt>
	<wpt lat="53.410282203225542" lon="7.4518072961902062">
		<name>AUR-013</name>
		<cmt>K 111, Parkplatz Zum Forsthaus</cmt>
		<desc>K 111, Parkplatz Zum Forsthaus</desc>
		<src>Niedersächsische Landesforsten</src>
	</wpt>
	<wpt lat="53.509126856144384" lon="7.4041383371454259">
		<name>AUR-004</name>
		<cmt>Straße "ZUm Königskeil" bei Einfahrt Preussag</cmt>
		<desc>Straße "ZUm Königskeil" bei Einfahrt Preussag</desc>
		<src>Niedersächsische Landesforsten</src>
	</wpt>
	<wpt lat="51.429056759798911" lon="10.002907048647376">
		<name>GÖ-309</name>
		<cmt>L567, Lichtenhagen, Ortsausgang im W, gegenüber Ortsausgangsschild</cmt>
		<desc>L567, Lichtenhagen, Ortsausgang im W, gegenüber Ortsausgangsschild</desc>
		<src>Niedersächsische Landesforsten</src>
	</wpt>
	<wpt lat="51.465630620611265" lon="9.9990941035647456">
		<name>GÖ-310</name>
		<cmt>L568, Reinhausen &amp;gt; Bremke, Abfahrt Bettenrode links</cmt>
		<desc>L568, Reinhausen &amp;gt; Bremke, Abfahrt Bettenrode links</desc>
		<src>Niedersächsische Landesforsten</src>
	</wpt>
	<wpt lat="52.168408839147794" lon="9.5712661778400694">
		<name>H-111</name>
		<cmt>III Wolfsbuchen</cmt>
		<desc>III Wolfsbuchen</desc>
		<src>Niedersächsische Landesforsten</src>
	</wpt>
	<wpt lat="51.463939927999917" lon="9.9894579071436613">
		<name>GÖ-311</name>
		<cmt>Reinhausen, Reintalstraße, Schützenhaus</cmt>
		<desc>Reinhausen, Reintalstraße, Schützenhaus</desc>
		<src>Niedersächsische Landesforsten</src>
	</wpt>
	<wpt lat="51.404807183752304" lon="9.9324513333812874">
		<name>GÖ-315</name>
		<cmt>L566 &amp;gt; K24 Reckershausen, Ortsmitte rechts, bis Ortsausgang</cmt>
		<desc>L566 &amp;gt; K24 Reckershausen, Ortsmitte rechts, bis Ortsausgang</desc>
		<src>Niedersächsische Landesforsten</src>
	</wpt>
	<wpt lat="52.191097159841036" lon="9.3134587247682763">
		<name>HM-011</name>
		<cmt>Parkplatz Pappmühle an der Kneippstr. von Zersen Hubschrauberlandeplatz</cmt>
		<desc>Parkplatz Pappmühle an der Kneippstr. von Zersen Hubschrauberlandeplatz</desc>
		<src>Niedersächsische Landesforsten</src>
	</wpt>
	<wpt lat="53.162752209358175" lon="10.566313680867973">
		<name>UE-032</name>
		<cmt>Gut Solchstorf</cmt>
		<desc>Gut Solchstorf</desc>
		<src>Niedersächsische Landesforsten</src>
	</wpt>
	<wpt lat="51.894522195200743" lon="10.342281922503803">
		<name>GS-173</name>
		<cmt>Granetalsperre, Einlauf Varleybach (Hickory)</cmt>
		<desc>Granetalsperre, Einlauf Varleybach (Hickory)</desc>
		<src>Niedersächsische Landesforsten</src>
	</wpt>
	<wpt lat="53.021798424222474" lon="10.667113057576969">
		<name>UE-014</name>
		<cmt>K 3; Masendorf-Oetzen b. Km 10</cmt>
		<desc>K 3; Masendorf-Oetzen b. Km 10</desc>
		<src>Niedersächsische Landesforsten</src>
	</wpt>
	<wpt lat="52.973030348638154" lon="10.601423578563693">
		<name>UE-016</name>
		<cmt>B 191/B 493; Gabelung Oldenstadt</cmt>
		<desc>B 191/B 493; Gabelung Oldenstadt</desc>
		<src>Niedersächsische Landesforsten</src>
	</wpt>
	<wpt lat="52.119288962745649" lon="9.1629719240406651">
		<name>SHG-025</name>
		<cmt>auf der L 434 von Heßlingen nach Goldbeck, Abzweigung in die Kahlebergstr. (Natostr.)</cmt>
		<desc>auf der L 434 von Heßlingen nach Goldbeck, Abzweigung in die Kahlebergstr. (Natostr.)</desc>
		<src>Niedersächsische Landesforsten</src>
	</wpt>
	<wpt lat="52.028589558021487" lon="9.388580862966224">
		<name>HM-030</name>
		<cmt>Feldscheune ca. 1km südwestl. von Emmerthal am Umspannwerk</cmt>
		<desc>Feldscheune ca. 1km südwestl. von Emmerthal am Umspannwerk</desc>
		<src>Niedersächsische Landesforsten</src>
	</wpt>
	<wpt lat="52.008141889845191" lon="9.3949923062120817">
		<name>HM-033</name>
		<cmt>Parkplatz Waldspielplatz an der L 429 Grohnde Richtung Welsede</cmt>
		<desc>Parkplatz Waldspielplatz an der L 429 Grohnde Richtung Welsede</desc>
		<src>Niedersächsische Landesforsten</src>
	</wpt>
	<wpt lat="53.266437244204162" lon="10.505390149904223">
		<name>LG-001</name>
		<cmt>Nutzfelde Richtg. Neu Lentenau, an der Str. in Neu Lentenau, 1. Haus</cmt>
		<desc>Nutzfelde Richtg. Neu Lentenau, an der Str. in Neu Lentenau, 1. Haus</desc>
		<src>Niedersächsische Landesforsten</src>
	</wpt>
	<wpt lat="51.830905480855627" lon="10.15873401975619">
		<name>GS-120</name>
		<cmt>Straßenkreuzung K 59 an Domäne Fürstenhagen, südwestl v. MÜnchehof</cmt>
		<desc>Straßenkreuzung K 59 an Domäne Fürstenhagen, südwestl v. MÜnchehof</desc>
		<src>Niedersächsische Landesforsten</src>
	</wpt>
	<wpt lat="53.208539802607881" lon="10.530577446010614">
		<name>LG-005</name>
		<cmt>Zufahrt Fa. Paetzmann, Kreisverkehr</cmt>
		<desc>Zufahrt Fa. Paetzmann, Kreisverkehr</desc>
		<src>Niedersächsische Landesforsten</src>
	</wpt>
	<wpt lat="51.550362249696569" lon="9.7123789734191845">
		<name>GÖ-122H</name>
		<cmt>Feldscheune</cmt>
		<desc>Feldscheune</desc>
		<src>Niedersächsische Landesforsten</src>
	</wpt>
	<wpt lat="53.149830279680195" lon="9.9858204756488558">
		<name>HK-002</name>
		<cmt>Volkwardingen Richtg. Sellhorn, 1. Haus rechte Seite</cmt>
		<desc>Volkwardingen Richtg. Sellhorn, 1. Haus rechte Seite</desc>
		<src>Niedersächsische Landesforsten</src>
	</wpt>
	<wpt lat="53.127273115266014" lon="9.8471551502797698">
		<name>HK-009</name>
		<cmt>Heber Richtg. Wintermoor B3 km 62,3, Abzweig Alte Landstr.</cmt>
		<desc>Heber Richtg. Wintermoor B3 km 62,3, Abzweig Alte Landstr.</desc>
		<src>Niedersächsische Landesforsten</src>
	</wpt>
	<wpt lat="53.050683473063501" lon="9.8002746224351398">
		<name>HK-010</name>
		<cmt>Wolterdingen Richtg. Schülern K24 km4,5, Kreuzung Reimerdingen, abbiegen nach Westen, bis Ende Asphaltstr.</cmt>
		<desc>Wolterdingen Richtg. Schülern K24 km4,5, Kreuzung Reimerdingen, abbiegen nach Westen, bis Ende Asphaltstr.</desc>
		<src>Niedersächsische Landesforsten</src>
	</wpt>
	<wpt lat="53.132943663223799" lon="9.9385899616607869">
		<name>HK-004</name>
		<cmt>Behringen Richtg. Wintermoor L211 km 6,8 P</cmt>
		<desc>Behringen Richtg. Wintermoor L211 km 6,8 P</desc>
		<src>Niedersächsische Landesforsten</src>
	</wpt>
	<wpt lat="53.183119128532773" lon="9.914947164602026">
		<name>HK-011</name>
		<cmt>Heimbuch Försterei, Telefonempfang schlecht!</cmt>
		<desc>Heimbuch Försterei, Telefonempfang schlecht!</desc>
		<src>Niedersächsische Landesforsten</src>
	</wpt>
	<wpt lat="53.121334221650493" lon="9.9673403283506428">
		<name>HK-005</name>
		<cmt>Behringen Richtg. Sellhorn, Einfahrt Richtg. Parkplatz am Waldrand (Friedwald)</cmt>
		<desc>Behringen Richtg. Sellhorn, Einfahrt Richtg. Parkplatz am Waldrand (Friedwald)</desc>
		<src>Niedersächsische Landesforsten</src>
	</wpt>
	<wpt lat="53.153913498093139" lon="9.8455047551556518">
		<name>HK-008</name>
		<cmt>Heber Richtg. Wintermoor B3 km 65, Barrl Abzweigung Reinsehlen</cmt>
		<desc>Heber Richtg. Wintermoor B3 km 65, Barrl Abzweigung Reinsehlen</desc>
		<src>Niedersächsische Landesforsten</src>
	</wpt>
	<wpt lat="53.184978191794102" lon="9.8401792995953432">
		<name>HK-012</name>
		<cmt>Wintermoor an der Chausee, L211 km 16,3, Zufahrt Wehlener Weg</cmt>
		<desc>Wintermoor an der Chausee, L211 km 16,3, Zufahrt Wehlener Weg</desc>
		<src>Niedersächsische Landesforsten</src>
	</wpt>
	<wpt lat="53.26076507385892" lon="10.447152547726875">
		<name>LG-009</name>
		<cmt>Lüneburg, Erbstorfer Landstr.- Ecke Fuchsweg am Ortsschild</cmt>
		<desc>Lüneburg, Erbstorfer Landstr.- Ecke Fuchsweg am Ortsschild</desc>
		<src>Niedersächsische Landesforsten</src>
	</wpt>
	<wpt lat="53.260979053957939" lon="10.221487892322928">
		<name>LG-018</name>
		<cmt>Ortsmitte Vierhöfen Kreuzung Einfahrt Lohfeld</cmt>
		<desc>Ortsmitte Vierhöfen Kreuzung Einfahrt Lohfeld</desc>
		<src>Niedersächsische Landesforsten</src>
	</wpt>
	<wpt lat="53.245902720818549" lon="10.252803072083537">
		<name>LG-019</name>
		<cmt>Westergellersen, Einemhofer Weg bis Aspahltende</cmt>
		<desc>Westergellersen, Einemhofer Weg bis Aspahltende</desc>
		<src>Niedersächsische Landesforsten</src>
	</wpt>
	<wpt lat="53.344704693769749" lon="10.256458497225573">
		<name>WL-001</name>
		<cmt>Lüneburg Richtg. Winsen- Borstel K87 km 16,4, 50m vor Ortsschild Borstel</cmt>
		<desc>Lüneburg Richtg. Winsen- Borstel K87 km 16,4, 50m vor Ortsschild Borstel</desc>
		<src>Niedersächsische Landesforsten</src>
	</wpt>
	<wpt lat="51.874049771528639" lon="10.257321644382996">
		<name>GS-115</name>
		<cmt>Sternplatz, L 516 zwischen Seesen und Lautenthal</cmt>
		<desc>Sternplatz, L 516 zwischen Seesen und Lautenthal</desc>
		<src>Niedersächsische Landesforsten</src>
	</wpt>
	<wpt lat="51.578953159545925" lon="10.595736426866093">
		<name>OHA-404</name>
		<cmt>Kutzhütte, Parkplatz gegenüber Gipswerk; Waldeingang Abt. 3138</cmt>
		<desc>Kutzhütte, Parkplatz gegenüber Gipswerk; Waldeingang Abt. 3138</desc>
		<src>Niedersächsische Landesforsten</src>
	</wpt>
	<wpt lat="51.870335417819334" lon="10.287124769672314">
		<name>GS-177</name>
		<cmt>Lautenthal, Tourist-Info Kaspar-Bitter-Straße 7b</cmt>
		<desc>Lautenthal, Tourist-Info Kaspar-Bitter-Straße 7b</desc>
		<src>Niedersächsische Landesforsten</src>
	</wpt>
	<wpt lat="51.790541314646539" lon="10.375228118311686">
		<name>GS-017</name>
		<cmt>Einfahrt Roter Handschuh (B 242)</cmt>
		<desc>Einfahrt Roter Handschuh (B 242)</desc>
		<src>Niedersächsische Landesforsten</src>
	</wpt>
	<wpt lat="53.053475376509368" lon="10.549914459454154">
		<name>UE-029</name>
		<cmt>Friedhof Tätendorf-Eppensen</cmt>
		<desc>Friedhof Tätendorf-Eppensen</desc>
		<src>Niedersächsische Landesforsten</src>
	</wpt>
	<wpt lat="51.591947079631417" lon="10.576778107277731">
		<name>OHA-405</name>
		<cmt>L 604 Sachsa-Walkenried, Einmündung Friedwaldparkplatz; Waldeingang Abt. 3123</cmt>
		<desc>L 604 Sachsa-Walkenried, Einmündung Friedwaldparkplatz; Waldeingang Abt. 3123</desc>
		<src>Niedersächsische Landesforsten</src>
	</wpt>
	<wpt lat="51.597492928336635" lon="10.593132755961495">
		<name>OHA-406</name>
		<cmt>L 604 Sachsa-Walkenried, Einmündung Ostpreußenweg (in der Kurve);  Abt. 3120/21</cmt>
		<desc>L 604 Sachsa-Walkenried, Einmündung Ostpreußenweg (in der Kurve);  Abt. 3120/21</desc>
		<src>Niedersächsische Landesforsten</src>
	</wpt>
	<wpt lat="53.104268001116999" lon="9.5885518862999746">
		<name>ROW-119</name>
		<cmt>Hemslinger Moor Waldkante am nördlichen Ende des Weges "Moorweg"</cmt>
		<desc>Hemslinger Moor Waldkante am nördlichen Ende des Weges "Moorweg"</desc>
		<src>Niedersächsische Landesforsten</src>
	</wpt>
	<wpt lat="51.622412304712412" lon="10.529958391402401">
		<name>OHA-423</name>
		<cmt>Parkplatz Skizentrum Bad Sachsa (Ravensberg)</cmt>
		<desc>Parkplatz Skizentrum Bad Sachsa (Ravensberg)</desc>
		<src>Niedersächsische Landesforsten</src>
	</wpt>
	<wpt lat="51.606350845107031" lon="10.473149716330433">
		<name>OHA-430</name>
		<cmt>K32 Bad Lauterberg - Osterhagen; Einfahrt Winkeltal (Abt. 339/344)</cmt>
		<desc>K32 Bad Lauterberg - Osterhagen; Einfahrt Winkeltal (Abt. 339/344)</desc>
		<src>Niedersächsische Landesforsten</src>
	</wpt>
	<wpt lat="51.620189175549548" lon="10.488621935968107">
		<name>OHA-432</name>
		<cmt>Wiesenbeker Teichstraße, Abzweigung Elfkilometerweg  Ehem. Hotel (Abt. 374/373)</cmt>
		<desc>Wiesenbeker Teichstraße, Abzweigung Elfkilometerweg  Ehem. Hotel (Abt. 374/373)</desc>
		<src>Niedersächsische Landesforsten</src>
	</wpt>
	<wpt lat="51.624396377155634" lon="10.468750482456191">
		<name>OHA-433</name>
		<cmt>Wiesenbeker Teichstraße, Orthop. Klinik Muschinsky; Waldeingang  (Abt. 376)</cmt>
		<desc>Wiesenbeker Teichstraße, Orthop. Klinik Muschinsky; Waldeingang  (Abt. 376)</desc>
		<src>Niedersächsische Landesforsten</src>
	</wpt>
	<wpt lat="51.630904658031952" lon="10.459576673612633">
		<name>OHA-434</name>
		<cmt>Bad Lauterberg, Lutterstraße Abzweigung "Am Heibeek" (Abt. 1102/1103)</cmt>
		<desc>Bad Lauterberg, Lutterstraße Abzweigung "Am Heibeek" (Abt. 1102/1103)</desc>
		<src>Niedersächsische Landesforsten</src>
	</wpt>
	<wpt lat="51.640919015257417" lon="10.483564750332215">
		<name>OHA-435</name>
		<cmt>B 27 (Odertalstraße) Abzweigung Giebischer Weg (Einfahrt Dietrichstal)</cmt>
		<desc>B 27 (Odertalstraße) Abzweigung Giebischer Weg (Einfahrt Dietrichstal)</desc>
		<src>Niedersächsische Landesforsten</src>
	</wpt>
	<wpt lat="51.543342759238968" lon="10.159405765795276">
		<name>GÖ-333</name>
		<cmt>L 574 Seulingen , Ortsdurchfahrt, Kreuzung Göttinger Straße/ Warteberg</cmt>
		<desc>L 574 Seulingen , Ortsdurchfahrt, Kreuzung Göttinger Straße/ Warteberg</desc>
		<src>Niedersächsische Landesforsten</src>
	</wpt>
	<wpt lat="51.662808201381758" lon="10.50681612185619">
		<name>OHA-451</name>
		<cmt>Sperrluttertal L 520 Bad Lauterberg - St. Andreasberg; Parkplatz Breitenbeek (Abt. 431)</cmt>
		<desc>Sperrluttertal L 520 Bad Lauterberg - St. Andreasberg; Parkplatz Breitenbeek (Abt. 431)</desc>
		<src>Niedersächsische Landesforsten</src>
	</wpt>
	<wpt lat="51.592464267483962" lon="10.60460673214398">
		<name>OHA-475</name>
		<cmt>Walkenried, Am Eichkamp, Einmündung Hirseteichweg, Abt. 3124/3128</cmt>
		<desc>Walkenried, Am Eichkamp, Einmündung Hirseteichweg, Abt. 3124/3128</desc>
		<src>Niedersächsische Landesforsten</src>
	</wpt>
	<wpt lat="51.588066696522283" lon="10.602715888271286">
		<name>OHA-476</name>
		<cmt>Walkenried, Sachsaer Weg, Einmündung Judenweg, Abt. 3126x</cmt>
		<desc>Walkenried, Sachsaer Weg, Einmündung Judenweg, Abt. 3126x</desc>
		<src>Niedersächsische Landesforsten</src>
	</wpt>
	<wpt lat="51.701560905484307" lon="10.490626597689239">
		<name>GS-460</name>
		<cmt>L 521 Sieber - St. Andreasberg; Sieberbergparkplatz (Abt. 116/117)</cmt>
		<desc>L 521 Sieber - St. Andreasberg; Sieberbergparkplatz (Abt. 116/117)</desc>
		<src>Niedersächsische Landesforsten</src>
	</wpt>
	<wpt lat="51.700100568780847" lon="10.501548897513736">
		<name>GS-461</name>
		<cmt>L 521 Silberhütte - St. Andreasberg; Abt. 110</cmt>
		<desc>L 521 Silberhütte - St. Andreasberg; Abt. 110</desc>
		<src>Niedersächsische Landesforsten</src>
	</wpt>
	<wpt lat="51.642094357924726" lon="10.460204531000562">
		<name>OHA-449</name>
		<cmt>Forstamt Lauterberg (Lutterstraße gegenüber CafÚ Quellmalz)</cmt>
		<desc>Forstamt Lauterberg (Lutterstraße gegenüber CafÚ Quellmalz)</desc>
		<src>Niedersächsische Landesforsten</src>
	</wpt>
	<wpt lat="53.509576698661107" lon="7.4452575995575971">
		<name>AUR-005</name>
		<cmt>Straße "zur Goldsteinbrücke" bei der Goldsteinbrücke</cmt>
		<desc>Straße "zur Goldsteinbrücke" bei der Goldsteinbrücke</desc>
		<src>Niedersächsische Landesforsten</src>
	</wpt>
	<wpt lat="51.916746345869036" lon="10.32437074232427">
		<name>GS-130</name>
		<cmt>Wolfshagen, Waldeinfahrt Sülteberg</cmt>
		<desc>Wolfshagen, Waldeinfahrt Sülteberg</desc>
		<src>Niedersächsische Landesforsten</src>
	</wpt>
	<wpt lat="51.889519182668025" lon="10.372561323946911">
		<name>GS-102</name>
		<cmt>Schlackenplatz an der Graneuferstraße</cmt>
		<desc>Schlackenplatz an der Graneuferstraße</desc>
		<src>Niedersächsische Landesforsten</src>
	</wpt>
	<wpt lat="51.914358139526676" lon="10.30399662607577">
		<name>GS-131</name>
		<cmt>L 515, Waldeingang Fischbachtal</cmt>
		<desc>L 515, Waldeingang Fischbachtal</desc>
		<src>Niedersächsische Landesforsten</src>
	</wpt>
	<wpt lat="51.902739462799978" lon="10.330686168910846">
		<name>GS-129</name>
		<cmt>Wolfshagen, Parkplatz Schwimmbad</cmt>
		<desc>Wolfshagen, Parkplatz Schwimmbad</desc>
		<src>Niedersächsische Landesforsten</src>
	</wpt>
	<wpt lat="51.936756964062845" lon="10.306377772314033">
		<name>GS-132</name>
		<cmt>Langelsheim, Waldeinfahrt Papental</cmt>
		<desc>Langelsheim, Waldeinfahrt Papental</desc>
		<src>Niedersächsische Landesforsten</src>
	</wpt>
	<wpt lat="51.94930650571073" lon="10.252326453897684">
		<name>GS-133</name>
		<cmt>Waldeinfahrt Abt. 324, "Steimkerstraße", alte B 82, zwischen Hahausen-Neuekrug und Langelsheim</cmt>
		<desc>Waldeinfahrt Abt. 324, "Steimkerstraße", alte B 82, zwischen Hahausen-Neuekrug und Langelsheim</desc>
		<src>Niedersächsische Landesforsten</src>
	</wpt>
	<wpt lat="51.779450590635854" lon="10.163383444615636">
		<name>OHA-123</name>
		<cmt>Willensen, Ortsausgang, Sportplatz</cmt>
		<desc>Willensen, Ortsausgang, Sportplatz</desc>
		<src>Niedersächsische Landesforsten</src>
	</wpt>
	<wpt lat="51.875056843402788" lon="10.367654828123912">
		<name>GS-072</name>
		<cmt>Granetal- Blockhaus</cmt>
		<desc>Granetal- Blockhaus</desc>
		<src>Niedersächsische Landesforsten</src>
	</wpt>
	<wpt lat="53.391211513631688" lon="8.1317837766775902">
		<name>FRI-019</name>
		<cmt>Waldeingang  am Ende der Windallee bei den steinernen Pfeilern (Kiosk)</cmt>
		<desc>Waldeingang  am Ende der Windallee bei den steinernen Pfeilern (Kiosk)</desc>
		<src>Niedersächsische Landesforsten</src>
	</wpt>
	<wpt lat="53.307440430515555" lon="7.6509710082140163">
		<name>LER-005</name>
		<cmt>L 24, Parkplatz Gaststätte "Goldener Stern"</cmt>
		<desc>L 24, Parkplatz Gaststätte "Goldener Stern"</desc>
		<src>Niedersächsische Landesforsten</src>
	</wpt>
	<wpt lat="53.082844487970085" lon="9.5442336746400951">
		<name>ROW-120</name>
		<cmt>Trochel K 210  Forsthaus Trochel</cmt>
		<desc>Trochel K 210  Forsthaus Trochel</desc>
		<src>Niedersächsische Landesforsten</src>
	</wpt>
	<wpt lat="51.790502691637691" lon="10.39465081119523">
		<name>GS-016</name>
		<cmt>Einfahrt Polstertal (B 242)</cmt>
		<desc>Einfahrt Polstertal (B 242)</desc>
		<src>Niedersächsische Landesforsten</src>
	</wpt>
	<wpt lat="51.843903706773709" lon="10.344293221601136">
		<name>GS-029</name>
		<cmt>Abzweig Stangenberger Fastweg  (L 516)</cmt>
		<desc>Abzweig Stangenberger Fastweg  (L 516)</desc>
		<src>Niedersächsische Landesforsten</src>
	</wpt>
	<wpt lat="51.837807466078907" lon="10.353305688922875">
		<name>GS-030</name>
		<cmt>Parkplatz Alte Harzstraße (B241)</cmt>
		<desc>Parkplatz Alte Harzstraße (B241)</desc>
		<src>Niedersächsische Landesforsten</src>
	</wpt>
	<wpt lat="51.830286812016347" lon="10.398506102037873">
		<name>GS-036</name>
		<cmt>Parkplatz Oberschulenberg (L 517) Notrufsäule</cmt>
		<desc>Parkplatz Oberschulenberg (L 517) Notrufsäule</desc>
		<src>Niedersächsische Landesforsten</src>
	</wpt>
	<wpt lat="51.824750708259266" lon="10.420900898004586">
		<name>GS-037</name>
		<cmt>Parkplatz Einfahrt LangeTal</cmt>
		<desc>Parkplatz Einfahrt LangeTal</desc>
		<src>Niedersächsische Landesforsten</src>
	</wpt>
	<wpt lat="51.841199583705183" lon="10.482213464285296">
		<name>GS-047</name>
		<cmt>Waldpädagogikzentrum Ahrendsberg</cmt>
		<desc>Waldpädagogikzentrum Ahrendsberg</desc>
		<src>Niedersächsische Landesforsten</src>
	</wpt>
	<wpt lat="51.90088823472324" lon="10.615567906919328">
		<name>GS-066</name>
		<cmt>Einfahrt Hauptweg (K 46)</cmt>
		<desc>Einfahrt Hauptweg (K 46)</desc>
		<src>Niedersächsische Landesforsten</src>
	</wpt>
	<wpt lat="51.817190826977971" lon="10.253017228940983">
		<name>OHA-204</name>
		<cmt>Parkplatz Iburger Tropfsteinhöhle an B 242</cmt>
		<desc>Parkplatz Iburger Tropfsteinhöhle an B 242</desc>
		<src>Niedersächsische Landesforsten</src>
	</wpt>
	<wpt lat="51.900111508186434" lon="10.632224581151261">
		<name>GS-068</name>
		<cmt>L 501 / Altfelder Weg</cmt>
		<desc>L 501 / Altfelder Weg</desc>
		<src>Niedersächsische Landesforsten</src>
	</wpt>
	<wpt lat="51.820548716642897" lon="10.234595022770973">
		<name>OHA-258</name>
		<cmt>B 242 Bad Grund - Seesen, am Hübichenstein</cmt>
		<desc>B 242 Bad Grund - Seesen, am Hübichenstein</desc>
		<src>Niedersächsische Landesforsten</src>
	</wpt>
	<wpt lat="51.957673902529805" lon="10.567492261591315">
		<name>GS-076</name>
		<cmt>Okerbrücke Abt. 537</cmt>
		<desc>Okerbrücke Abt. 537</desc>
		<src>Niedersächsische Landesforsten</src>
	</wpt>
	<wpt lat="51.943023009360537" lon="10.556860864995899">
		<name>GS-077</name>
		<cmt>Lierestr., Fa. Rettig-Purmo</cmt>
		<desc>Lierestr., Fa. Rettig-Purmo</desc>
		<src>Niedersächsische Landesforsten</src>
	</wpt>
	<wpt lat="52.657748" lon="9.80961">
		<name>CE-220</name>
		<cmt>Wietze, Trannberg, Gegenüber Einfahrt Schlachthof</cmt>
		<desc>Wietze, Trannberg, Gegenüber Einfahrt Schlachthof</desc>
		<src>FBG Celler Land</src>
	</wpt>
	<wpt lat="52.295698251966179" lon="10.457304452645079">
		<name>BS BF 11</name>
		<cmt>PTB - Hauptwache: Bundesallee 100, 38116 Braunschweig</cmt>
		<desc>PTB - Hauptwache: Bundesallee 100, 38116 Braunschweig</desc>
		<src>Bundesforst</src>
	</wpt>
	<wpt lat="52.072844000095692" lon="10.684125999885026">
		<name>WF BF 13</name>
		<cmt>Abzweig Bahnhofstraße von B82 Hedeper Bahnhof in 38322 Hedeper</cmt>
		<desc>Abzweig Bahnhofstraße von B82 Hedeper Bahnhof in 38322 Hedeper</desc>
		<src>Bundesforst</src>
	</wpt>
	<wpt lat="52.942497222001094" lon="7.5088194441076705">
		<name>EL BF 10</name>
		<cmt>Börger Kolpingskreuz</cmt>
		<desc>Börger Kolpingskreuz</desc>
		<src>Bundesforst</src>
	</wpt>
	<wpt lat="52.602104119440099" lon="10.031528444316537">
		<name>CE BF 11</name>
		<cmt>Hauptwache Fliegerhorst</cmt>
		<desc>Hauptwache Fliegerhorst</desc>
		<src>Bundesforst</src>
	</wpt>
	<wpt lat="52.694270154087455" lon="10.072394293951794">
		<name>CE BF 12</name>
		<cmt>Einfahrt Waldkaterring</cmt>
		<desc>Einfahrt Waldkaterring</desc>
		<src>Bundesforst</src>
	</wpt>
	<wpt lat="52.588469357763813" lon="10.495467095575302">
		<name>GF BF  19</name>
		<cmt>Einfahrt Hammersteinsiedlung</cmt>
		<desc>Einfahrt Hammersteinsiedlung</desc>
		<src>Bundesforst</src>
	</wpt>
	<wpt lat="53.38116955658235" lon="8.0436423135306345">
		<name>BUND - 12</name>
		<cmt>Zugang Platz Friedrichsfeld</cmt>
		<desc>Zugang Platz Friedrichsfeld</desc>
		<src>Bundesforst</src>
	</wpt>
	<wpt lat="52.030327252299749" lon="9.2972272662345254">
		<name>HM BF 11</name>
		<cmt>ehem. Raketenstellung, Laatzen</cmt>
		<desc>ehem. Raketenstellung, Laatzen</desc>
		<src>Bundesforst</src>
	</wpt>
	<wpt lat="52.449738546821742" lon="9.1190839799808767">
		<name>NI BF 10</name>
		<cmt>Zufahrt Standortübungsplatz, Mindener Straße/ Heide</cmt>
		<desc>Zufahrt Standortübungsplatz, Mindener Straße/ Heide</desc>
		<src>Bundesforst</src>
	</wpt>
	<wpt lat="52.61487808660673" lon="9.2515731991571943">
		<name>NI BF 13</name>
		<cmt>Wache Clausewitz-Kaserne, Am Rehhagen</cmt>
		<desc>Wache Clausewitz-Kaserne, Am Rehhagen</desc>
		<src>Bundesforst</src>
	</wpt>
	<wpt lat="52.138085526807224" lon="10.315605266456178">
		<name>SZ BF 11</name>
		<cmt>38228 Salzgitter Bruchmachtersen, Feldwegzufahrt bei Söhlenkamp 51</cmt>
		<desc>38228 Salzgitter Bruchmachtersen, Feldwegzufahrt bei Söhlenkamp 51</desc>
		<src>Bundesforst</src>
	</wpt>
	<wpt lat="52.925306777088409" lon="10.161445023013044">
		<name>Trauen 1</name>
		<cmt>Wache Lager Trauen</cmt>
		<desc>Wache Lager Trauen</desc>
		<src>Bundesforst</src>
	</wpt>
	<wpt lat="52.335784999204137" lon="10.541662708512725">
		<name>GF BF 10</name>
		<cmt>38527 Bechtsbüttel Ortsausgang Waggumer Weg</cmt>
		<desc>38527 Bechtsbüttel Ortsausgang Waggumer Weg</desc>
		<src>Bundesforst</src>
	</wpt>
	<wpt lat="52.863436111100874" lon="7.4352472219948105">
		<name>EL BF 13</name>
		<cmt>Dorfstelle Wahn Kirche</cmt>
		<desc>Dorfstelle Wahn Kirche</desc>
		<src>Bundesforst</src>
	</wpt>
	<wpt lat="52.88928888954235" lon="7.3992972216790172">
		<name>EL BF 14</name>
		<cmt>Gut Renkenberge; Schrankenanlage K168(km9,6)</cmt>
		<desc>Gut Renkenberge; Schrankenanlage K168(km9,6)</desc>
		<src>Bundesforst</src>
	</wpt>
	<wpt lat="52.900541667385234" lon="7.619891666107991">
		<name>EL BF 16</name>
		<cmt>Hauptwache Mun.Lgr Lorup</cmt>
		<desc>Hauptwache Mun.Lgr Lorup</desc>
		<src>Bundesforst</src>
	</wpt>
	<wpt lat="52.797244895645932" lon="7.4337043695298464">
		<name>EL BF 32</name>
		<cmt>Kirche in Groß Stavern</cmt>
		<desc>Kirche in Groß Stavern</desc>
		<src>Bundesforst</src>
	</wpt>
	<wpt lat="53.551859904407387" lon="7.6678703082939528">
		<name>BUND - 05</name>
		<cmt>Haupttor Basis, Flugplatz</cmt>
		<desc>Haupttor Basis, Flugplatz</desc>
		<src>Bundesforst</src>
	</wpt>
	<wpt lat="53.050232351513223" lon="9.2425990976552015">
		<name>ROW BF 20</name>
		<cmt>Schranke Panzerwaschanlage, Verdener Straße</cmt>
		<desc>Schranke Panzerwaschanlage, Verdener Straße</desc>
		<src>Bundesforst</src>
	</wpt>
	<wpt lat="52.620122949691293" lon="9.2663452682931293">
		<name>NI BF 11</name>
		<cmt>Zufahrt Standortübungsplatz, Führser Mühlweg</cmt>
		<desc>Zufahrt Standortübungsplatz, Führser Mühlweg</desc>
		<src>Bundesforst</src>
	</wpt>
	<wpt lat="52.155884293190617" lon="9.3703459184411546">
		<name>HM BF 12</name>
		<cmt>ehem. britischer Übungsplatz, Pötzer Landwehr</cmt>
		<desc>ehem. britischer Übungsplatz, Pötzer Landwehr</desc>
		<src>Bundesforst</src>
	</wpt>
	<wpt lat="53.270140208502106" lon="8.7074702973200608">
		<name>OHZ BF 11</name>
		<cmt>Logistikschule der Bundeswehr in Garlstedt; Haupttor,Wache, Bremerhavener Heerstr. 10, 27711 Osterholz-Scharmbeck</cmt>
		<desc>Logistikschule der Bundeswehr in Garlstedt; Haupttor,Wache, Bremerhavener Heerstr. 10, 27711 Osterholz-Scharmbeck</desc>
		<src>Bundesforst</src>
	</wpt>
	<wpt lat="53.007055429739523" lon="8.7952142393400017">
		<name>DH BF 10</name>
		<cmt>Kreuzung: Auf dem Steinkamp / Alte Heerstraße, 28816 Stuhr-Brinkum</cmt>
		<desc>Kreuzung: Auf dem Steinkamp / Alte Heerstraße, 28816 Stuhr-Brinkum</desc>
		<src>Bundesforst</src>
	</wpt>
	<wpt lat="52.451486545150047" lon="8.0716482851939499">
		<name>Forst VEC-10</name>
		<cmt>östlich L78 Vörden-Engter, km 13,3</cmt>
		<desc>östlich L78 Vörden-Engter, km 13,3</desc>
		<src>Bundesforst</src>
	</wpt>
	<wpt lat="52.400747318764076" lon="7.2255073293800525">
		<name>NOH BF 11</name>
		<cmt>Schranke 10, Grenze zum LBSchPl Nordhorn</cmt>
		<desc>Schranke 10, Grenze zum LBSchPl Nordhorn</desc>
		<src>Bundesforst</src>
	</wpt>
	<wpt lat="52.903602603666371" lon="10.1780971447985">
		<name>Faßberg 1</name>
		<cmt>Hauptwache Fliegerhorst Faßberg</cmt>
		<desc>Hauptwache Fliegerhorst Faßberg</desc>
		<src>Bundesforst</src>
	</wpt>
	<wpt lat="52.290238695825607" lon="10.677562309255245">
		<name>WF BF 10</name>
		<cmt>K631 Essehof - Schandelah, Parkplatz Schäferberg</cmt>
		<desc>K631 Essehof - Schandelah, Parkplatz Schäferberg</desc>
		<src>Bundesforst</src>
	</wpt>
	<wpt lat="52.048825000823051" lon="10.760770157355122">
		<name>WF BF 12</name>
		<cmt>38170 Mattierzoll bei der rekonstruierten Grenzanlage an der B 79</cmt>
		<desc>38170 Mattierzoll bei der rekonstruierten Grenzanlage an der B 79</desc>
		<src>Bundesforst</src>
	</wpt>
	<wpt lat="51.510282968729967" lon="10.233219099678042">
		<name>GÖ BF 11</name>
		<cmt>Einfahrt zur Bundespolizeikaserne "Auf der Heerstätte" in 37115 Duderstadt</cmt>
		<desc>Einfahrt zur Bundespolizeikaserne "Auf der Heerstätte" in 37115 Duderstadt</desc>
		<src>Bundesforst</src>
	</wpt>
	<wpt lat="53.541376660725881" lon="7.8850884049759902">
		<name>BUND - 10</name>
		<cmt>Haupttor Fliegerhorst, Upjeversche Straße</cmt>
		<desc>Haupttor Fliegerhorst, Upjeversche Straße</desc>
		<src>Bundesforst</src>
	</wpt>
	<wpt lat="51.82664330056059" lon="9.4926053362927174">
		<name>HOL BF 11</name>
		<cmt>Zufahrt Pionierübungsplatz, Einbecker Straße</cmt>
		<desc>Zufahrt Pionierübungsplatz, Einbecker Straße</desc>
		<src>Bundesforst</src>
	</wpt>
	<wpt lat="52.135387369673275" lon="9.3781972053059643">
		<name>HM BF 10</name>
		<cmt>Holtenser Warte, Holtenser Landstraße</cmt>
		<desc>Holtenser Warte, Holtenser Landstraße</desc>
		<src>Bundesforst</src>
	</wpt>
	<wpt lat="53.224616261249317" lon="8.5650329918410524">
		<name>OHZ BF 12</name>
		<cmt>Einfahrt Schranke Übungsplatz Schwanewede aus Richtung Schwanewede kommend über Hospitalstraße und An der Kaserne (Entsorgungszentrum des BWDLZ ROW)</cmt>
		<desc>Einfahrt Schranke Übungsplatz Schwanewede aus Richtung Schwanewede kommend über Hospitalstraße und An der Kaserne (Entsorgungszentrum des BWDLZ ROW)</desc>
		<src>Bundesforst</src>
	</wpt>
	<wpt lat="52.681480528789422" lon="8.4938832481646109">
		<name>BUND-001</name>
		<cmt>Waldanfang Rechterner Straße; Landstr. Dreeke Richtung Rechtern</cmt>
		<desc>Waldanfang Rechterner Straße; Landstr. Dreeke Richtung Rechtern</desc>
		<src>Bundesforst</src>
	</wpt>
	<wpt lat="52.31466474355009" lon="10.559852352210102">
		<name>BS BF 12</name>
		<cmt>Hauptwache DLR:, 38108 Braunschweig, Lilienthalplatz 7</cmt>
		<desc>Hauptwache DLR:, 38108 Braunschweig, Lilienthalplatz 7</desc>
		<src>Bundesforst</src>
	</wpt>
	<wpt lat="51.627893999561266" lon="9.9250400009977291">
		<name>NOM BF 11</name>
		<cmt>Kreuzung L 555 und B 446 zw. 37176 Nörten-Hardenberg und Anschlußstelle A 2 im gegenüberliegenden Feldweg</cmt>
		<desc>Kreuzung L 555 und B 446 zw. 37176 Nörten-Hardenberg und Anschlußstelle A 2 im gegenüberliegenden Feldweg</desc>
		<src>Bundesforst</src>
	</wpt>
	<wpt lat="52.914791667390737" lon="7.5272722223971895">
		<name>EL BF 11</name>
		<cmt>Börger, Parkplatz Jugendgästehaus</cmt>
		<desc>Börger, Parkplatz Jugendgästehaus</desc>
		<src>Bundesforst</src>
	</wpt>
	<wpt lat="52.71434762440586" lon="7.3055648785296841">
		<name>EL BF 35</name>
		<cmt>Tor Hauptwache WTD 91</cmt>
		<desc>Tor Hauptwache WTD 91</desc>
		<src>Bundesforst</src>
	</wpt>
	<wpt lat="52.750848924354827" lon="7.3617680539490298">
		<name>EL BF 34</name>
		<cmt>Schlagbrücker Weg (Panzerstr.) Abzweig Gut Sandheim</cmt>
		<desc>Schlagbrücker Weg (Panzerstr.) Abzweig Gut Sandheim</desc>
		<src>Bundesforst</src>
	</wpt>
	<wpt lat="52.802168172166866" lon="7.3297267321812667">
		<name>EL BF 31</name>
		<cmt>Kirche in Tinnen</cmt>
		<desc>Kirche in Tinnen</desc>
		<src>Bundesforst</src>
	</wpt>
	<wpt lat="53.486889268359299" lon="7.6464501885442218">
		<name>BUND - 03</name>
		<cmt>Schranke Hauptzufahrt Übungsplatz</cmt>
		<desc>Schranke Hauptzufahrt Übungsplatz</desc>
		<src>Bundesforst</src>
	</wpt>
	<wpt lat="53.315093386845767" lon="7.6083447696046873">
		<name>BUND - 01</name>
		<cmt>Ericaweg Ecke Wacholderstraße</cmt>
		<desc>Ericaweg Ecke Wacholderstraße</desc>
		<src>Bundesforst</src>
	</wpt>
	<wpt lat="52.253435637569815" lon="9.0270574387088001">
		<name>SHG BF 12</name>
		<cmt>Schranke Tierheim, Hasengarten</cmt>
		<desc>Schranke Tierheim, Hasengarten</desc>
		<src>Bundesforst</src>
	</wpt>
	<wpt lat="52.506123291230089" lon="9.5008441097287761">
		<name>H BF 14</name>
		<cmt>Institut, Am Föhrkamp</cmt>
		<desc>Institut, Am Föhrkamp</desc>
		<src>Bundesforst</src>
	</wpt>
	<wpt lat="52.899323130001598" lon="8.0386542358799478">
		<name>CLP BF 11</name>
		<cmt>OT Staatsforsten, Lilienthalstraße 35</cmt>
		<desc>OT Staatsforsten, Lilienthalstraße 35</desc>
		<src>Bundesforst</src>
	</wpt>
	<wpt lat="52.456253905658961" lon="7.9626557034854946">
		<name>NP BUND11 OS-02</name>
		<cmt>B68 Bersenbrück-Hesepe, nördl. Ampelkreuzung Industriegebiet</cmt>
		<desc>B68 Bersenbrück-Hesepe, nördl. Ampelkreuzung Industriegebiet</desc>
		<src>Bundesforst</src>
	</wpt>
	<wpt lat="52.34121532448534" lon="10.39692224770714">
		<name>PE BF 11</name>
		<cmt>38176 Harvesse, Einfahrt Langer Kamp</cmt>
		<desc>38176 Harvesse, Einfahrt Langer Kamp</desc>
		<src>Bundesforst</src>
	</wpt>
	<wpt lat="52.213944791326" lon="10.634102961062727">
		<name>WF BF 11</name>
		<cmt>JKL-Versuchsgut, An der Wabe 7, 38173 Sickte</cmt>
		<desc>JKL-Versuchsgut, An der Wabe 7, 38173 Sickte</desc>
		<src>Bundesforst</src>
	</wpt>
	<wpt lat="52.311087030405922" lon="10.82536312942317">
		<name>HE BF 10</name>
		<cmt>Am Mühlenhop (Mc Donalds) ortsausgangs Richtung Feldmark in 38154 Königslutter am Elm</cmt>
		<desc>Am Mühlenhop (Mc Donalds) ortsausgangs Richtung Feldmark in 38154 Königslutter am Elm</desc>
		<src>Bundesforst</src>
	</wpt>
	<wpt lat="52.683221902563311" lon="10.101710605892354">
		<name>CE BF 10</name>
		<cmt>Aufstellungsraum Übtruppe</cmt>
		<desc>Aufstellungsraum Übtruppe</desc>
		<src>Bundesforst</src>
	</wpt>
	<wpt lat="51.873047621259545" lon="9.6400971846722108">
		<name>HOL BF 12</name>
		<cmt>Mammut-Park, Linnenkämper Straße</cmt>
		<desc>Mammut-Park, Linnenkämper Straße</desc>
		<src>Bundesforst</src>
	</wpt>
	<wpt lat="52.462793925029409" lon="9.4137903151049382">
		<name>H BF 13</name>
		<cmt>Hauptwache Fliegerhorst Wunstorf, Zur Luftbrücke</cmt>
		<desc>Hauptwache Fliegerhorst Wunstorf, Zur Luftbrücke</desc>
		<src>Bundesforst</src>
	</wpt>
	<wpt lat="52.54505205670165" lon="8.1750260610187322">
		<name>Forst VEC-9</name>
		<cmt>L851 Damme-Holdorf, Reichssiedlung 1, 49401 Damme, km 3,8</cmt>
		<desc>L851 Damme-Holdorf, Reichssiedlung 1, 49401 Damme, km 3,8</desc>
		<src>Bundesforst</src>
	</wpt>
	<wpt lat="52.311972640169927" lon="10.213555146066666">
		<name>PE BF 10</name>
		<cmt>Feuerwehr Peine, Werner-Nordmeyer-Straße</cmt>
		<desc>Feuerwehr Peine, Werner-Nordmeyer-Straße</desc>
		<src>Bundesforst</src>
	</wpt>
	<wpt lat="52.4301261264741" lon="7.1567894705496293">
		<name>NOH BF 10</name>
		<cmt>Boerschupper Diek, Schranke 1, Grenze zum LBSchPl Nordhorn</cmt>
		<desc>Boerschupper Diek, Schranke 1, Grenze zum LBSchPl Nordhorn</desc>
		<src>Bundesforst</src>
	</wpt>
	<wpt lat="52.827931183928889" lon="9.2709941459922742">
		<name>VER BF 10</name>
		<cmt>Tor ehem. Mun-Depot, Hoyaer Straße</cmt>
		<desc>Tor ehem. Mun-Depot, Hoyaer Straße</desc>
		<src>Bundesforst</src>
	</wpt>
	<wpt lat="53.340528200942039" lon="8.7806435046459228">
		<name>OHZ BF 10</name>
		<cmt>ehemalige Muna Lübberstedt, Haupttor; Unter den Eichen 28, 27729 Axstedt</cmt>
		<desc>ehemalige Muna Lübberstedt, Haupttor; Unter den Eichen 28, 27729 Axstedt</desc>
		<src>Bundesforst</src>
	</wpt>
	<wpt lat="52.424009979340177" lon="7.9541035554576176">
		<name>NP BUND11 OS-01</name>
		<cmt>von der B213 Waldstraße bis Haupttor FBG, Parkplatz</cmt>
		<desc>von der B213 Waldstraße bis Haupttor FBG, Parkplatz</desc>
		<src>Bundesforst</src>
	</wpt>
	<wpt lat="52.919229603642407" lon="8.3588027767856321">
		<name>NP Forst: OL-075</name>
		<cmt>Hauptschranke, südwestlich K242</cmt>
		<desc>Hauptschranke, südwestlich K242</desc>
		<src>Bundesforst</src>
	</wpt>
	<wpt lat="53.079871613881039" lon="8.2268670836467859">
		<name>NP Forst: OL-073</name>
		<cmt>Parkplatz K346, Kreuzung Waldschänke/Bümmersteder Str.</cmt>
		<desc>Parkplatz K346, Kreuzung Waldschänke/Bümmersteder Str.</desc>
		<src>Bundesforst</src>
	</wpt>
	<wpt lat="52.138940644300469" lon="10.285173428671563">
		<name>SZ BF 10</name>
		<cmt>Abzweig K6 Richtung 38228 SZ-Lesse von der Theodor-Heuss-Straße in 38228 SZ-Bruchmachtersen</cmt>
		<desc>Abzweig K6 Richtung 38228 SZ-Lesse von der Theodor-Heuss-Straße in 38228 SZ-Bruchmachtersen</desc>
		<src>Bundesforst</src>
	</wpt>
	<wpt lat="52.202189067636873" lon="10.474363536343263">
		<name>SZ BF 12</name>
		<cmt>Autobahnbrücke K17/K63 zwischen 38239 Thiede und 38122 Geitelde</cmt>
		<desc>Autobahnbrücke K17/K63 zwischen 38239 Thiede und 38122 Geitelde</desc>
		<src>Bundesforst</src>
	</wpt>
	<wpt lat="53.526134977124364" lon="7.5274816169525796">
		<name>BUND - 02</name>
		<cmt>Schranke Hauptzufahrt Depot</cmt>
		<desc>Schranke Hauptzufahrt Depot</desc>
		<src>Bundesforst</src>
	</wpt>
	<wpt lat="53.474963996478174" lon="7.6512104904188805">
		<name>BUND - 04</name>
		<cmt>Meerweg/Ringstraße</cmt>
		<desc>Meerweg/Ringstraße</desc>
		<src>Bundesforst</src>
	</wpt>
	<wpt lat="53.554320978873704" lon="7.7808620772759367">
		<name>BUND - 06</name>
		<cmt>Tor Tanklager Isums</cmt>
		<desc>Tor Tanklager Isums</desc>
		<src>Bundesforst</src>
	</wpt>
	<wpt lat="51.783145342097171" lon="9.430201573694875">
		<name>HOL BF 10</name>
		<cmt>Zufahrt Standortübungsplatz Lüchtringer Heide, L550</cmt>
		<desc>Zufahrt Standortübungsplatz Lüchtringer Heide, L550</desc>
		<src>Bundesforst</src>
	</wpt>
	<wpt lat="52.620105389596581" lon="9.1971996224918797">
		<name>NI BF 14</name>
		<cmt>Schranke Gärtnerei, Zu den Köhlerbergen</cmt>
		<desc>Schranke Gärtnerei, Zu den Köhlerbergen</desc>
		<src>Bundesforst</src>
	</wpt>
	<wpt lat="52.729595299429761" lon="9.8503109198900933">
		<name>Meißendorf 1</name>
		<cmt>Kreuzung K 63 zum Freidhof</cmt>
		<desc>Kreuzung K 63 zum Freidhof</desc>
		<src>Bundesforst</src>
	</wpt>
	<wpt lat="52.286113655603074" lon="10.450147505888603">
		<name>BS BF 10</name>
		<cmt>Thünen-BVL-Campus Haupteingang, Bundesallee 30 - 69, 38116 Braunschweig</cmt>
		<desc>Thünen-BVL-Campus Haupteingang, Bundesallee 30 - 69, 38116 Braunschweig</desc>
		<src>Bundesforst</src>
	</wpt>
	<wpt lat="52.104447000247227" lon="10.380168999479102">
		<name>SZ BF 13</name>
		<cmt>Waldparkplatz K21 "Heerter See" an der K 21 SZ-Gebhardshagen - SZ Lobmachtersen</cmt>
		<desc>Waldparkplatz K21 "Heerter See" an der K 21 SZ-Gebhardshagen - SZ Lobmachtersen</desc>
		<src>Bundesforst</src>
	</wpt>
	<wpt lat="51.583268000460244" lon="10.06315699993011">
		<name>GÖ BF 12</name>
		<cmt>"Ziegelei Hölle" an der B 446 zwischen 37136 Holzerode und 37136 Ebergötzen</cmt>
		<desc>"Ziegelei Hölle" an der B 446 zwischen 37136 Holzerode und 37136 Ebergötzen</desc>
		<src>Bundesforst</src>
	</wpt>
	<wpt lat="51.700697" lon="10.250506000819213">
		<name>GÖ BF 13</name>
		<cmt>L 523: Ortsmitte OHA - Beierfelde</cmt>
		<desc>L 523: Ortsmitte OHA - Beierfelde</desc>
		<src>Bundesforst</src>
	</wpt>
	<wpt lat="52.884668299344099" lon="7.4711968031162215">
		<name>EL BF 15</name>
		<cmt>K114Werpeloh-Wippingen; Schranke Wahn-Börger Weg (km5,6</cmt>
		<desc>K114Werpeloh-Wippingen; Schranke Wahn-Börger Weg (km5,6</desc>
		<src>Bundesforst</src>
	</wpt>
	<wpt lat="53.569386705143025" lon="9.4725934584332823">
		<name>BFHES 10</name>
		<cmt>Kreuzung L124 mit Bahnlinie südl. Riensförde</cmt>
		<desc>Kreuzung L124 mit Bahnlinie südl. Riensförde</desc>
		<src>Bundesforst</src>
	</wpt>
	<wpt lat="52.452687984340578" lon="9.462551159138135">
		<name>H BF 12</name>
		<cmt>Hörsten´s Hof, K333 Leinechaussee</cmt>
		<desc>Hörsten´s Hof, K333 Leinechaussee</desc>
		<src>Bundesforst</src>
	</wpt>
	<wpt lat="52.62971" lon="9.802651">
		<name>CE-221</name>
		<cmt>Jeversen Bruchweg, 4,1 km nach Süd Osten</cmt>
		<desc>Jeversen Bruchweg, 4,1 km nach Süd Osten</desc>
		<src>FBG Celler Land</src>
	</wpt>
	<wpt lat="52.675653" lon="9.955499">
		<name>CE-222</name>
		<cmt>Kreuzung K 3/ L 180</cmt>
		<desc>Kreuzung K 3/ L 180</desc>
		<src>FBG Celler Land</src>
	</wpt>
	<wpt lat="52.653639" lon="9.938222">
		<name>CE-223</name>
		<cmt>Oldau, Schwarzer Weg</cmt>
		<desc>Oldau, Schwarzer Weg</desc>
		<src>FBG Celler Land</src>
	</wpt>
	<wpt lat="52.66486" lon="9.978719">
		<name>CE-224</name>
		<cmt>Stedden,  Waldparkplatz gegenüber Dieksweg</cmt>
		<desc>Stedden,  Waldparkplatz gegenüber Dieksweg</desc>
		<src>FBG Celler Land</src>
	</wpt>
	<wpt lat="52.825228571607141" lon="9.5935525016010956">
		<name>HK BF 10</name>
		<cmt>Hauptwache Depot</cmt>
		<desc>Hauptwache Depot</desc>
		<src>Bundesforst</src>
	</wpt>
	<wpt lat="51.823813298720303" lon="9.8956802222056055">
		<name>NOM BF 10</name>
		<cmt>Ortsausgang Negenborner Weg am Funkmast in 37574 Einbeck</cmt>
		<desc>Ortsausgang Negenborner Weg am Funkmast in 37574 Einbeck</desc>
		<src>Bundesforst</src>
	</wpt>
	<wpt lat="52.893026728998755" lon="7.5187821733932951">
		<name>EL BF 12</name>
		<cmt>L51 (km6,4)Werpeloh-Börger; westl.Einmündung Wirtschaftsweg</cmt>
		<desc>L51 (km6,4)Werpeloh-Börger; westl.Einmündung Wirtschaftsweg</desc>
		<src>Bundesforst</src>
	</wpt>
	<wpt lat="52.782627649568354" lon="7.304126358075079">
		<name>EL BF 33</name>
		<cmt>Einfahrt Schießplatz B70 an Ampelkreuzung Haren-Emmeln</cmt>
		<desc>Einfahrt Schießplatz B70 an Ampelkreuzung Haren-Emmeln</desc>
		<src>Bundesforst</src>
	</wpt>
	<wpt lat="52.431499108460045" lon="9.766723469573737">
		<name>H BF 11</name>
		<cmt>Einfahrt Silberseeschranke</cmt>
		<desc>Einfahrt Silberseeschranke</desc>
		<src>Bundesforst</src>
	</wpt>
	<wpt lat="52.172389367887163" lon="9.9175588070979384">
		<name>HI BF 10</name>
		<cmt>Straße am Mastberg</cmt>
		<desc>Straße am Mastberg</desc>
		<src>Bundesforst</src>
	</wpt>
	<wpt lat="53.211800846754976" lon="7.9848834676443126">
		<name>BUND - 15</name>
		<cmt>Flugplatz / Hohenmoorweg</cmt>
		<desc>Flugplatz / Hohenmoorweg</desc>
		<src>Bundesforst</src>
	</wpt>
	<wpt lat="52.623741932508359" lon="9.2517274274983787">
		<name>NI BF 12</name>
		<cmt>Schranke Osterberg</cmt>
		<desc>Schranke Osterberg</desc>
		<src>Bundesforst</src>
	</wpt>
	<wpt lat="52.674436" lon="10.021877">
		<name>CE-225</name>
		<cmt>B 3 nördlich Groß Hehlen, KM 2,7</cmt>
		<desc>B 3 nördlich Groß Hehlen, KM 2,7</desc>
		<src>FBG Celler Land</src>
	</wpt>
	<wpt lat="52.675559" lon="10.055577">
		<name>CE-226</name>
		<cmt>Scheuen, Winsener Weg/ Hustedter Kirchweg</cmt>
		<desc>Scheuen, Winsener Weg/ Hustedter Kirchweg</desc>
		<src>FBG Celler Land</src>
	</wpt>
	<wpt lat="52.602598" lon="9.927944">
		<name>CE-227</name>
		<cmt>L 298 Abzweig  Rixförde</cmt>
		<desc>L 298 Abzweig  Rixförde</desc>
		<src>FBG Celler Land</src>
	</wpt>
	<wpt lat="52.608755" lon="9.982774">
		<name>CE-228</name>
		<cmt>Hambühren, Bruchweg Abzweig Schaperbergsweg</cmt>
		<desc>Hambühren, Bruchweg Abzweig Schaperbergsweg</desc>
		<src>FBG Celler Land</src>
	</wpt>
	<wpt lat="52.564449" lon="10.034197">
		<name>CE-229</name>
		<cmt>Grooßmoor, Finkenweg, 1,4 km nach Norden</cmt>
		<desc>Grooßmoor, Finkenweg, 1,4 km nach Norden</desc>
		<src>FBG Celler Land</src>
	</wpt>
	<wpt lat="52.593889" lon="10.157972">
		<name>CE-230</name>
		<cmt>Osterloh, Oppershäuser Str.</cmt>
		<desc>Osterloh, Oppershäuser Str.</desc>
		<src>FBG Celler Land</src>
	</wpt>
	<wpt lat="52.556181" lon="10.150528">
		<name>CE-231</name>
		<cmt>B 214 westlich Eicklingen, KM 9,1</cmt>
		<desc>B 214 westlich Eicklingen, KM 9,1</desc>
		<src>FBG Celler Land</src>
	</wpt>
	<wpt lat="52.523233" lon="10.140413">
		<name>CE-232</name>
		<cmt>Wathlingen, Riedelstraße, gegenüber Steigering</cmt>
		<desc>Wathlingen, Riedelstraße, gegenüber Steigering</desc>
		<src>FBG Celler Land</src>
	</wpt>
	<wpt lat="52.511461" lon="10.265168">
		<name>CE-233</name>
		<cmt>Wiedenrode, Ortsmitte</cmt>
		<desc>Wiedenrode, Ortsmitte</desc>
		<src>FBG Celler Land</src>
	</wpt>
	<wpt lat="52.536167" lon="10.283944">
		<name>CE-234</name>
		<cmt>Heese, Hirsekampsweg</cmt>
		<desc>Heese, Hirsekampsweg</desc>
		<src>FBG Celler Land</src>
	</wpt>
	<wpt lat="52.561844" lon="10.240391">
		<name>CE-235</name>
		<cmt>Langlingen, Alte Poststraße, (K50)</cmt>
		<desc>Langlingen, Alte Poststraße, (K50)</desc>
		<src>FBG Celler Land</src>
	</wpt>
	<wpt lat="52.661744" lon="10.328432">
		<name>CE-236</name>
		<cmt>L 283 nördlich Hohnhorst</cmt>
		<desc>L 283 nördlich Hohnhorst</desc>
		<src>FBG Celler Land</src>
	</wpt>
	<wpt lat="52.711965" lon="10.286509">
		<name>CE-237</name>
		<cmt>Kragen, Ortsmitte</cmt>
		<desc>Kragen, Ortsmitte</desc>
		<src>FBG Celler Land</src>
	</wpt>
	<wpt lat="52.707126" lon="10.186371">
		<name>CE-238</name>
		<cmt>B 191 Abzweig Burghorn</cmt>
		<desc>B 191 Abzweig Burghorn</desc>
		<src>FBG Celler Land</src>
	</wpt>
	<wpt lat="52.738177" lon="10.336953">
		<name>CE-239</name>
		<cmt>Marwede, Ortsmitte</cmt>
		<desc>Marwede, Ortsmitte</desc>
		<src>FBG Celler Land</src>
	</wpt>
	<wpt lat="52.778813" lon="10.337666">
		<name>CE-240</name>
		<cmt>B 191 Schelploh, Ortsausgang Richtung Celle</cmt>
		<desc>B 191 Schelploh, Ortsausgang Richtung Celle</desc>
		<src>FBG Celler Land</src>
	</wpt>
	<wpt lat="52.791935" lon="10.384776">
		<name>CE-241</name>
		<cmt>B 191 Kreuzung Weyhausen</cmt>
		<desc>B 191 Kreuzung Weyhausen</desc>
		<src>FBG Celler Land</src>
	</wpt>
	<wpt lat="51.832958181485012" lon="10.292492351924871">
		<name>GS-202</name>
		<cmt>Wildemann, Kurhaus</cmt>
		<desc>Wildemann, Kurhaus</desc>
		<src>Niedersächsische Landesforsten</src>
	</wpt>
	<wpt lat="51.796000799788899" lon="10.235151194174197">
		<name>OHA-207</name>
		<cmt>L 524 Ortsausgang Bad Grund "Laubhütte", an der Bushaltestelle</cmt>
		<desc>L 524 Ortsausgang Bad Grund "Laubhütte", an der Bushaltestelle</desc>
		<src>Niedersächsische Landesforsten</src>
	</wpt>
	<wpt lat="51.806780879524169" lon="10.253553089182667">
		<name>OHA-205</name>
		<cmt>Ortsausgang Bad Grund Richtung Clausthal, Einfahrt Hotel "Waldwinkel"</cmt>
		<desc>Ortsausgang Bad Grund Richtung Clausthal, Einfahrt Hotel "Waldwinkel"</desc>
		<src>Niedersächsische Landesforsten</src>
	</wpt>
	<wpt lat="51.808001800018452" lon="10.269411878496953">
		<name>GS-206</name>
		<cmt>Parkplatz "Taternplatz", an B 242 auf Bergkuppe zwischen Bad Grund und Wildemann</cmt>
		<desc>Parkplatz "Taternplatz", an B 242 auf Bergkuppe zwischen Bad Grund und Wildemann</desc>
		<src>Niedersächsische Landesforsten</src>
	</wpt>
	<wpt lat="51.824486938063842" lon="10.120208092960405">
		<name>NOM-850</name>
		<cmt>Abfahrt B248 Richtung Försterbrunnen (Düderode)</cmt>
		<desc>Abfahrt B248 Richtung Försterbrunnen (Düderode)</desc>
		<src>Oldershausen HOFOS GmbH</src>
	</wpt>
	<wpt lat="53.485868878680819" lon="7.5116280231272254">
		<name>AUR-008</name>
		<cmt>"Südeweg 42", Forstbüro Meerhusen (ehem. Forsthaus Sandhorst)</cmt>
		<desc>"Südeweg 42", Forstbüro Meerhusen (ehem. Forsthaus Sandhorst)</desc>
		<src>Niedersächsische Landesforsten</src>
	</wpt>
	<wpt lat="53.34166" lon="7.18871">
		<name>EMDEN WSA 13</name>
		<cmt>Randzelbrücke Anleger WSA</cmt>
		<desc>Randzelbrücke Anleger WSA</desc>
		<src>WSA Ems-Nordsee</src>
	</wpt>
	<wpt lat="53.33236" lon="7.25098">
		<name>EMDEN WSA 1</name>
		<cmt>Betriebsweg WSA Kirchweg</cmt>
		<desc>Betriebsweg WSA Kirchweg</desc>
		<src>WSA Ems-Nordsee</src>
	</wpt>
	<wpt lat="53.33154" lon="7.24404">
		<name>EMDEN WSA 2</name>
		<cmt>Betriebsweg wasserseitig Anfang erreichbar über Kirchweg</cmt>
		<desc>Betriebsweg wasserseitig Anfang erreichbar über Kirchweg</desc>
		<src>WSA Ems-Nordsee</src>
	</wpt>
	<wpt lat="53.33231" lon="7.24404">
		<name>EMDEN WSA 3</name>
		<cmt>Baucontainer Reusenweg (Absperrpfosten klappbar )</cmt>
		<desc>Baucontainer Reusenweg (Absperrpfosten klappbar )</desc>
		<src>WSA Ems-Nordsee</src>
	</wpt>
	<wpt lat="53.33276" lon="7.23985">
		<name>EMDEN WSA 4</name>
		<cmt>Am Vorwerk</cmt>
		<desc>Am Vorwerk</desc>
		<src>WSA Ems-Nordsee</src>
	</wpt>
	<wpt lat="53.33209" lon="7.23358">
		<name>EMDEN WSA 5</name>
		<cmt>Betriebsweg wasserseitig Mitte erreichbar über Kirchweg</cmt>
		<desc>Betriebsweg wasserseitig Mitte erreichbar über Kirchweg</desc>
		<src>WSA Ems-Nordsee</src>
	</wpt>
	<wpt lat="53.33298" lon="7.22694">
		<name>EMDEN WSA 6</name>
		<cmt>Betriebsweg WSA Schöpfwerkstraße (Absperrpfosten klappbar )</cmt>
		<desc>Betriebsweg WSA Schöpfwerkstraße (Absperrpfosten klappbar )</desc>
		<src>WSA Ems-Nordsee</src>
	</wpt>
	<wpt lat="53.3325" lon="7.22575">
		<name>EMDEN WSA 7</name>
		<cmt>Betriebsweg wasserseitig Ende erreichbar über Kirchweg</cmt>
		<desc>Betriebsweg wasserseitig Ende erreichbar über Kirchweg</desc>
		<src>WSA Ems-Nordsee</src>
	</wpt>
	<wpt lat="53.33456" lon="7.2234">
		<name>EMDEN WSA 9</name>
		<cmt>Oberfeuer Emden, Zum Südkai</cmt>
		<desc>Oberfeuer Emden, Zum Südkai</desc>
		<src>WSA Ems-Nordsee</src>
	</wpt>
	<wpt lat="53.3339" lon="7.20147">
		<name>EMDEN WSA 10</name>
		<cmt>Unterfeuer Emden, Zum Südkai</cmt>
		<desc>Unterfeuer Emden, Zum Südkai</desc>
		<src>WSA Ems-Nordsee</src>
	</wpt>
	<wpt lat="53.33526" lon="7.18821">
		<name>EMDEN WSA 11</name>
		<cmt>Emden Radar, Zum Südkai</cmt>
		<desc>Emden Radar, Zum Südkai</desc>
		<src>WSA Ems-Nordsee</src>
	</wpt>
	<wpt lat="53.34118" lon="7.18921">
		<name>EMDEN WSA 12</name>
		<cmt>Parkplatz</cmt>
		<desc>Parkplatz</desc>
		<src>WSA Ems-Nordsee</src>
	</wpt>
	<wpt lat="53.33602" lon="7.17326">
		<name>EMDEN WSA 14</name>
		<cmt>Bunker Westmole</cmt>
		<desc>Bunker Westmole</desc>
		<src>WSA Ems-Nordsee</src>
	</wpt>
	<wpt lat="53.33579" lon="7.12245">
		<name>EMDEN WSA 15</name>
		<cmt>Peterswolder Straße</cmt>
		<desc>Peterswolder Straße</desc>
		<src>WSA Ems-Nordsee</src>
	</wpt>
	<wpt lat="53.33589" lon="7.11633">
		<name>EMDEN WSA 16</name>
		<cmt>Baucontainer WSA. Am Neuen Seedeiche</cmt>
		<desc>Baucontainer WSA. Am Neuen Seedeiche</desc>
		<src>WSA Ems-Nordsee</src>
	</wpt>
	<wpt lat="53.33567" lon="7.10798">
		<name>EMDEN WSA 17</name>
		<cmt>Radarturm WSA Kloster-Langen Straße Am Neuen Seedeich</cmt>
		<desc>Radarturm WSA Kloster-Langen Straße Am Neuen Seedeich</desc>
		<src>WSA Ems-Nordsee</src>
	</wpt>
	<wpt lat="53.33555" lon="7.09355">
		<name>EMDEN WSA 18</name>
		<cmt>Folkertswehrstraße Am Neuen Seedeich</cmt>
		<desc>Folkertswehrstraße Am Neuen Seedeich</desc>
		<src>WSA Ems-Nordsee</src>
	</wpt>
	<wpt lat="53.33954" lon="7.04467">
		<name>EMDEN WSA 19</name>
		<cmt>Grenzpeilbake Knock</cmt>
		<desc>Grenzpeilbake Knock</desc>
		<src>WSA Ems-Nordsee</src>
	</wpt>
	<wpt lat="53.3651" lon="6.99892">
		<name>EMDEN WSA 20</name>
		<cmt>Leitdamm Rysumer Nacken</cmt>
		<desc>Leitdamm Rysumer Nacken</desc>
		<src>WSA Ems-Nordsee</src>
	</wpt>
	<wpt lat="53.466527063034945" lon="7.5312592986991875">
		<name>AUR-011</name>
		<cmt>L 34, Erster Parkplatz nach Ortsausgang Aurich</cmt>
		<desc>L 34, Erster Parkplatz nach Ortsausgang Aurich</desc>
		<src>Niedersächsische Landesforsten</src>
	</wpt>
	<wpt lat="53.402777583245211" lon="7.9888290533360919">
		<name>FRI-013</name>
		<cmt>K 102 Zetel Richtung Bockhorn Parkplatz bei km 8,5</cmt>
		<desc>K 102 Zetel Richtung Bockhorn Parkplatz bei km 8,5</desc>
		<src>Niedersächsische Landesforsten</src>
	</wpt>
	<wpt lat="51.599510721886404" lon="10.09515789298492">
		<name>GÖ-009</name>
		<cmt>Trinkwassergewinnung; Brunnen Bannerholz; Am Kirchberg Renshausen</cmt>
		<desc>Trinkwassergewinnung; Brunnen Bannerholz; Am Kirchberg Renshausen</desc>
		<src>Landkreis Göttingen</src>
	</wpt>
	<wpt lat="51.79424936818252" lon="10.125563507951222">
		<name>NOM-851</name>
		<cmt>Vogelsang Waldeingang</cmt>
		<desc>Vogelsang Waldeingang</desc>
		<src>Oldershausen HOFOS GmbH</src>
	</wpt>
	<wpt lat="51.778698375612855" lon="10.100403080066602">
		<name>NOM-852</name>
		<cmt>Bosch (Willershausen)</cmt>
		<desc>Bosch (Willershausen)</desc>
		<src>Oldershausen HOFOS GmbH</src>
	</wpt>
	<wpt lat="51.761136057689711" lon="10.048344001191994">
		<name>NOM-853</name>
		<cmt>Imbshausen Holzbergstraße</cmt>
		<desc>Imbshausen Holzbergstraße</desc>
		<src>Oldershausen HOFOS GmbH</src>
	</wpt>
	<wpt lat="51.539925010268" lon="9.986180003614237">
		<name>GÖ-203</name>
		<cmt>Feuerwehrhaus Herberhausen</cmt>
		<desc>Feuerwehrhaus Herberhausen</desc>
		<src>Stadt Göttingen</src>
	</wpt>
	<wpt lat="51.535139010259513" lon="10.051430003681087">
		<name>GÖ-201</name>
		<cmt>Mackenröder Spitze, Eingang Betriebsgelände</cmt>
		<desc>Mackenröder Spitze, Eingang Betriebsgelände</desc>
		<src>Stadt Göttingen</src>
	</wpt>
	<wpt lat="51.52540099923263" lon="9.9784729452057945">
		<name>GÖ-204</name>
		<cmt>Wildgehege am Kehr</cmt>
		<desc>Wildgehege am Kehr</desc>
		<src>Stadt Göttingen</src>
	</wpt>
	<wpt lat="51.523784037593181" lon="10.005175951825809">
		<name>GÖ-202 H</name>
		<cmt>Alte Gutsruine auf dem Kerstlingeröder Feld</cmt>
		<desc>Alte Gutsruine auf dem Kerstlingeröder Feld</desc>
		<src>Stadt Göttingen</src>
	</wpt>
	<wpt lat="52.28806152148649" lon="9.281886409830836">
		<name>SHG-201</name>
		<cmt>Kapellenweg</cmt>
		<desc>Kapellenweg</desc>
		<src>Klosterkammerforstbetrieb</src>
	</wpt>
	<wpt lat="53.146013172895131" lon="9.8862857667258393">
		<name>HK-H 206</name>
		<cmt/>
		<desc/>
		<src>LWK NDS FoA Nordheide-Heidmark</src>
	</wpt>
	<wpt lat="53.468614284159351" lon="7.5843532357338797">
		<name>AUR-012</name>
		<cmt>L 34 Brockzeteler Str., Einmündung Waldweg West, 400 m nach Waldbeginn</cmt>
		<desc>L 34 Brockzeteler Str., Einmündung Waldweg West, 400 m nach Waldbeginn</desc>
		<src>Niedersächsische Landesforsten</src>
	</wpt>
	<wpt lat="52.392104422558347" lon="9.3989085798944565">
		<name>SHG-038</name>
		<cmt>Parkplatz MLK an der B 442 Hubschrauberlandeplatz</cmt>
		<desc>Parkplatz MLK an der B 442 Hubschrauberlandeplatz</desc>
		<src>Niedersächsische Landesforsten</src>
	</wpt>
	<wpt lat="52.379723550072342" lon="9.4060546897047601">
		<name>SHG-036</name>
		<cmt>Kolenfelder Str. 13</cmt>
		<desc>Kolenfelder Str. 13</desc>
		<src>Niedersächsische Landesforsten</src>
	</wpt>
	<wpt lat="52.379511214981555" lon="9.3845968135098108">
		<name>SHG-039</name>
		<cmt>Bolzplatz Waldstr. in Haste Hubschrauberlandeplatz</cmt>
		<desc>Bolzplatz Waldstr. in Haste Hubschrauberlandeplatz</desc>
		<src>Niedersächsische Landesforsten</src>
	</wpt>
	<wpt lat="53.392725138712464" lon="7.9647624903017382">
		<name>FRI-014</name>
		<cmt>B 437 Ortsausgang Neuenburg, Wanderparkplatz am Urwald</cmt>
		<desc>B 437 Ortsausgang Neuenburg, Wanderparkplatz am Urwald</desc>
		<src>Niedersächsische Landesforsten</src>
	</wpt>
	<wpt lat="53.380445266735663" lon="7.9771747066707421">
		<name>FRI-015</name>
		<cmt>Straße Grabstede-Neuenburg an der Gemeindegrenze Bockhorn-Zetel (Übergang Teer-/Klinkerstraße)</cmt>
		<desc>Straße Grabstede-Neuenburg an der Gemeindegrenze Bockhorn-Zetel (Übergang Teer-/Klinkerstraße)</desc>
		<src>Niedersächsische Landesforsten</src>
	</wpt>
	<wpt lat="53.378965804436127" lon="8.0033547773321505">
		<name>FRI-016</name>
		<cmt>L 816 bei  Einmündung "Grabsteder Straße" (km16,2)</cmt>
		<desc>L 816 bei  Einmündung "Grabsteder Straße" (km16,2)</desc>
		<src>Niedersächsische Landesforsten</src>
	</wpt>
	<wpt lat="53.38558794753434" lon="8.0722718107989717">
		<name>FRI-017</name>
		<cmt>B437  gegenüber Einmündung Mühlenteichstrasse ( km 5,0)</cmt>
		<desc>B437  gegenüber Einmündung Mühlenteichstrasse ( km 5,0)</desc>
		<src>Niedersächsische Landesforsten</src>
	</wpt>
	<wpt lat="53.028415711054805" lon="8.5006517917804647">
		<name>OL-014</name>
		<cmt>K 232 bei km 3,3: Einmündung der Straße äAm Heidenwallô in "Delthuner Str."</cmt>
		<desc>K 232 bei km 3,3: Einmündung der Straße äAm Heidenwallô in "Delthuner Str."</desc>
		<src>Niedersächsische Landesforsten</src>
	</wpt>
	<wpt lat="52.400068997317284" lon="9.8586410559027957">
		<name>H-126</name>
		<cmt>Waldfriedhof Misburg Waldstr. Ecke Peiner Heerstr.</cmt>
		<desc>Waldfriedhof Misburg Waldstr. Ecke Peiner Heerstr.</desc>
		<src>Niedersächsische Landesforsten</src>
	</wpt>
	<wpt lat="52.398630222860781" lon="9.8338350956336384">
		<name>H-127</name>
		<cmt>Buchholzer Str. - Colshornweg DRK Depot</cmt>
		<desc>Buchholzer Str. - Colshornweg DRK Depot</desc>
		<src>Niedersächsische Landesforsten</src>
	</wpt>
	<wpt lat="52.363394734471754" lon="9.5788402156822645">
		<name>H-130</name>
		<cmt>Lenther Str. 3 Försterei Kirchwehren</cmt>
		<desc>Lenther Str. 3 Försterei Kirchwehren</desc>
		<src>Niedersächsische Landesforsten</src>
	</wpt>
	<wpt lat="52.384437271660701" lon="9.578032230945027">
		<name>H-131</name>
		<cmt>Waldparkplatz an der L 390 zwischen Almhorst und Seelze</cmt>
		<desc>Waldparkplatz an der L 390 zwischen Almhorst und Seelze</desc>
		<src>Niedersächsische Landesforsten</src>
	</wpt>
	<wpt lat="51.791588003270846" lon="10.441682540849973">
		<name>GS-009</name>
		<cmt>Einfahrt Gerlachsbach</cmt>
		<desc>Einfahrt Gerlachsbach</desc>
		<src>Niedersächsische Landesforsten</src>
	</wpt>
	<wpt lat="51.786568837261946" lon="10.434006553392493">
		<name>GS-010</name>
		<cmt>Einfahrt Treuer Friedrich</cmt>
		<desc>Einfahrt Treuer Friedrich</desc>
		<src>Niedersächsische Landesforsten</src>
	</wpt>
	<wpt lat="51.783126639625664" lon="10.435450206701688">
		<name>GS-011</name>
		<cmt>Einfahrt "Alter Schuttplatz"/Eisenquelle</cmt>
		<desc>Einfahrt "Alter Schuttplatz"/Eisenquelle</desc>
		<src>Niedersächsische Landesforsten</src>
	</wpt>
	<wpt lat="51.77067984502704" lon="10.454547086421">
		<name>GS-012</name>
		<cmt>Einfahrt Branderweg</cmt>
		<desc>Einfahrt Branderweg</desc>
		<src>Niedersächsische Landesforsten</src>
	</wpt>
	<wpt lat="51.824045664082526" lon="10.360894592070578">
		<name>GS-023</name>
		<cmt>Schulenberger Landstraße, Parkplatz Gasstation</cmt>
		<desc>Schulenberger Landstraße, Parkplatz Gasstation</desc>
		<src>Niedersächsische Landesforsten</src>
	</wpt>
	<wpt lat="51.833760552159369" lon="10.32443346616774">
		<name>GS-025</name>
		<cmt>Erzweg, Einfahrt Stangenberg Weg</cmt>
		<desc>Erzweg, Einfahrt Stangenberg Weg</desc>
		<src>Niedersächsische Landesforsten</src>
	</wpt>
	<wpt lat="52.767535249221901" lon="8.8134675775032782">
		<name>DH-904</name>
		<cmt/>
		<desc/>
		<src>Niedersächsische Landesforsten</src>
	</wpt>
	<wpt lat="52.954904247811662" lon="10.143256394886937">
		<name>HK-033</name>
		<cmt>B 71; Oerrel - Munster, Bahnh. Dehtlingen  b. Km 31,1</cmt>
		<desc>B 71; Oerrel - Munster, Bahnh. Dehtlingen  b. Km 31,1</desc>
		<src>Niedersächsische Landesforsten</src>
	</wpt>
	<wpt lat="53.036659769480799" lon="10.643189904094474">
		<name>UE-015</name>
		<cmt>K 45;  Oetzendorf - Masendorf b. Km 2,8</cmt>
		<desc>K 45;  Oetzendorf - Masendorf b. Km 2,8</desc>
		<src>Niedersächsische Landesforsten</src>
	</wpt>
	<wpt lat="53.023121563589505" lon="10.964865927315262">
		<name>DAN-002</name>
		<cmt>Waldeingang Abt. 2381 bei Sareitz</cmt>
		<desc>Waldeingang Abt. 2381 bei Sareitz</desc>
		<src>Niedersächsische Landesforsten</src>
	</wpt>
	<wpt lat="52.222956595486345" lon="9.0382157056626404">
		<name>SHG-001</name>
		<cmt>Wanderers Ruh; auf der L 441 von Todenmann nach Kleinenbremen</cmt>
		<desc>Wanderers Ruh; auf der L 441 von Todenmann nach Kleinenbremen</desc>
		<src>Niedersächsische Landesforsten</src>
	</wpt>
	<wpt lat="51.984012392973192" lon="9.3794730435384626">
		<name>HM-036</name>
		<cmt>Mehrzweckhalle in Lüntorf an der Buchhorststr.  Hubschrauberlandeplatz</cmt>
		<desc>Mehrzweckhalle in Lüntorf an der Buchhorststr.  Hubschrauberlandeplatz</desc>
		<src>Niedersächsische Landesforsten</src>
	</wpt>
	<wpt lat="52.213865543272121" lon="9.0937370756068336">
		<name>SHG-004</name>
		<cmt>Gaststätte "Klippenturm" an der Straße "Unter der Frankenburg"</cmt>
		<desc>Gaststätte "Klippenturm" an der Straße "Unter der Frankenburg"</desc>
		<src>Niedersächsische Landesforsten</src>
	</wpt>
	<wpt lat="52.213987144179136" lon="9.1743994130985307">
		<name>SHG-005</name>
		<cmt>Deckberger Pass, auf der Kuppe der K 71 von Deckbergen nach Borstel</cmt>
		<desc>Deckberger Pass, auf der Kuppe der K 71 von Deckbergen nach Borstel</desc>
		<src>Niedersächsische Landesforsten</src>
	</wpt>
	<wpt lat="53.359468127034994" lon="9.065916230596283">
		<name>ROW-050</name>
		<cmt>Int. Forst Glinstedt nördl. Glinstedt K 148 südl. Forstort  "Anfang"</cmt>
		<desc>Int. Forst Glinstedt nördl. Glinstedt K 148 südl. Forstort  "Anfang"</desc>
		<src>Niedersächsische Landesforsten</src>
	</wpt>
	<wpt lat="52.919400819133394" lon="8.4594218636395251">
		<name>OL-055</name>
		<cmt>Parkplatz am Landhaus Müller (B213, km 17,8)</cmt>
		<desc>Parkplatz am Landhaus Müller (B213, km 17,8)</desc>
		<src>Niedersächsische Landesforsten</src>
	</wpt>
	<wpt lat="53.521188600549387" lon="9.4943575365580841">
		<name>STD-101</name>
		<cmt>Ortseingang Helmste  - K 44 - km 1,8</cmt>
		<desc>Ortseingang Helmste  - K 44 - km 1,8</desc>
		<src>Niedersächsische Landesforsten</src>
	</wpt>
	<wpt lat="53.408412659307643" lon="9.5179801375761279">
		<name>STD-108</name>
		<cmt>L 127 zwischen Ahrensmoor-Nord und Kammerbusch km 13,3</cmt>
		<desc>L 127 zwischen Ahrensmoor-Nord und Kammerbusch km 13,3</desc>
		<src>Niedersächsische Landesforsten</src>
	</wpt>
	<wpt lat="53.321155962549796" lon="9.2167309318575352">
		<name>ROW-052</name>
		<cmt>450m südl. K 143  Godenstedt</cmt>
		<desc>450m südl. K 143  Godenstedt</desc>
		<src>Niedersächsische Landesforsten</src>
	</wpt>
	<wpt lat="52.000096159940071" lon="9.3644765270676817">
		<name>HM-034</name>
		<cmt>Mergelkuhle an der L 429 Grohnde Richtung Welsede bei Kilometer 5,1</cmt>
		<desc>Mergelkuhle an der L 429 Grohnde Richtung Welsede bei Kilometer 5,1</desc>
		<src>Niedersächsische Landesforsten</src>
	</wpt>
	<wpt lat="53.141937274926534" lon="10.96350077510886">
		<name>DAN-043</name>
		<cmt>Tollendorf Ortsmitte- Harlinger Bach</cmt>
		<desc>Tollendorf Ortsmitte- Harlinger Bach</desc>
		<src>Niedersächsische Landesforsten</src>
	</wpt>
	<wpt lat="52.908841017885798" lon="8.4689324345013475">
		<name>OL-056</name>
		<cmt>Heilstätten Str. , Am Ende Abt. 1393</cmt>
		<desc>Heilstätten Str. , Am Ende Abt. 1393</desc>
		<src>Niedersächsische Landesforsten</src>
	</wpt>
	<wpt lat="52.279333915515672" lon="8.417374918913362">
		<name>OS-29</name>
		<cmt>Parkplatz Saurierspuren Buersche Str. (L83)</cmt>
		<desc>Parkplatz Saurierspuren Buersche Str. (L83)</desc>
		<src>Niedersächsische Landesforsten</src>
	</wpt>
	<wpt lat="51.6015124744006" lon="10.627401431873423">
		<name>OHA-408</name>
		<cmt>L 603 Walkenried-Zorge, Einmündung Oberauestraße;  Abt. 3102</cmt>
		<desc>L 603 Walkenried-Zorge, Einmündung Oberauestraße;  Abt. 3102</desc>
		<src>Niedersächsische Landesforsten</src>
	</wpt>
	<wpt lat="51.613196618697899" lon="10.625857012610004">
		<name>OHA-410</name>
		<cmt>Zorge, Abzweigung K 23 von der L 602 (Richtung Wieda)</cmt>
		<desc>Zorge, Abzweigung K 23 von der L 602 (Richtung Wieda)</desc>
		<src>Niedersächsische Landesforsten</src>
	</wpt>
	<wpt lat="51.626173082690485" lon="10.627870652574828">
		<name>OHA-415</name>
		<cmt>L 602 Fa. Maximator, Kindergarten</cmt>
		<desc>L 602 Fa. Maximator, Kindergarten</desc>
		<src>Niedersächsische Landesforsten</src>
	</wpt>
	<wpt lat="51.641590654312459" lon="10.631246298494485">
		<name>OHA-417</name>
		<cmt>L 600 Zorge - Braunlage; Parkplatz alte Rfö. Staufenberg</cmt>
		<desc>L 600 Zorge - Braunlage; Parkplatz alte Rfö. Staufenberg</desc>
		<src>Niedersächsische Landesforsten</src>
	</wpt>
	<wpt lat="53.060583096455794" lon="10.578942020729274">
		<name>UE-027</name>
		<cmt>Klein Bünstorf - Waldeingang Abt. 2254</cmt>
		<desc>Klein Bünstorf - Waldeingang Abt. 2254</desc>
		<src>Niedersächsische Landesforsten</src>
	</wpt>
	<wpt lat="52.863618448196107" lon="8.5897494878970146">
		<name>OL-073</name>
		<cmt>Beckeln Zum Neuen Lande</cmt>
		<desc>Beckeln Zum Neuen Lande</desc>
		<src>Niedersächsische Landesforsten</src>
	</wpt>
	<wpt lat="52.096688923" lon="9.321356069">
		<name>HM-139</name>
		<cmt>Finkenborn</cmt>
		<desc>Finkenborn</desc>
		<src>Stadtforst Hameln</src>
	</wpt>
	<wpt lat="52.09513899" lon="9.33793176">
		<name>HM-140</name>
		<cmt>Klütturm</cmt>
		<desc>Klütturm</desc>
		<src>Stadtforst Hameln</src>
	</wpt>
	<wpt lat="52.1356547" lon="9.3799051">
		<name>HM-130</name>
		<cmt>Schweineberg</cmt>
		<desc>Schweineberg</desc>
		<src>Stadtforst Hameln</src>
	</wpt>
	<wpt lat="52.1346695" lon="9.340945">
		<name>HM-131</name>
		<cmt>Wiese Siebenberge</cmt>
		<desc>Wiese Siebenberge</desc>
		<src>Stadtforst Hameln</src>
	</wpt>
	<wpt lat="52.13343293" lon="9.36236291">
		<name>HM-132</name>
		<cmt>Burckhardtweg</cmt>
		<desc>Burckhardtweg</desc>
		<src>Stadtforst Hameln</src>
	</wpt>
	<wpt lat="52.12632" lon="9.3970025">
		<name>HM-133</name>
		<cmt>Heisenküche</cmt>
		<desc>Heisenküche</desc>
		<src>Stadtforst Hameln</src>
	</wpt>
	<wpt lat="52.1275049" lon="9.3419078">
		<name>HM-134</name>
		<cmt>Forsthaus Wehl</cmt>
		<desc>Forsthaus Wehl</desc>
		<src>Stadtforst Hameln</src>
	</wpt>
	<wpt lat="52.1210702" lon="9.3754514">
		<name>HM-135</name>
		<cmt>Bismarckturm</cmt>
		<desc>Bismarckturm</desc>
		<src>Stadtforst Hameln</src>
	</wpt>
	<wpt lat="52.11975" lon="9.387116">
		<name>HM-136</name>
		<cmt>Görgesturm</cmt>
		<desc>Görgesturm</desc>
		<src>Stadtforst Hameln</src>
	</wpt>
	<wpt lat="52.1038623" lon="9.3277652">
		<name>HM-137</name>
		<cmt>Schützenhaus</cmt>
		<desc>Schützenhaus</desc>
		<src>Stadtforst Hameln</src>
	</wpt>
	<wpt lat="52.0994065" lon="9.3359893">
		<name>HM-138</name>
		<cmt>Finkenborner Weg</cmt>
		<desc>Finkenborner Weg</desc>
		<src>Stadtforst Hameln</src>
	</wpt>
	<wpt lat="52.08967912" lon="9.33465906">
		<name>HM-141</name>
		<cmt>Riepenstraße</cmt>
		<desc>Riepenstraße</desc>
		<src>Stadtforst Hameln</src>
	</wpt>
	<wpt lat="52.08586653" lon="9.31331876">
		<name>HM-142</name>
		<cmt>Riepen</cmt>
		<desc>Riepen</desc>
		<src>Stadtforst Hameln</src>
	</wpt>
	<wpt lat="52.233692060647691" lon="9.5866272693513448">
		<name>H-7202</name>
		<cmt>Spitzkehre</cmt>
		<desc>Spitzkehre</desc>
		<src>FKM Forstverwaltung</src>
	</wpt>
	<wpt lat="52.258286949297059" lon="9.5684689776727794">
		<name>H-8400</name>
		<cmt>Waldparkplatz Argestorf</cmt>
		<desc>Waldparkplatz Argestorf</desc>
		<src>FKM Forstverwaltung</src>
	</wpt>
	<wpt lat="52.25427788759059" lon="9.5496778616999798">
		<name>H-8401</name>
		<cmt>Coelln-Mindenweg</cmt>
		<desc>Coelln-Mindenweg</desc>
		<src>FKM Forstverwaltung</src>
	</wpt>
	<wpt lat="52.240669069032599" lon="9.5779541797835321">
		<name>H-8413</name>
		<cmt>Taternpfahl</cmt>
		<desc>Taternpfahl</desc>
		<src>FKM Forstverwaltung</src>
	</wpt>
	<wpt lat="52.241587867541746" lon="9.5365087129548538">
		<name>H-8402</name>
		<cmt>Laube</cmt>
		<desc>Laube</desc>
		<src>FKM Forstverwaltung</src>
	</wpt>
	<wpt lat="52.247956199704824" lon="9.5613817558886218">
		<name>H-8404</name>
		<cmt>Coelln-Mindenweg</cmt>
		<desc>Coelln-Mindenweg</desc>
		<src>FKM Forstverwaltung</src>
	</wpt>
	<wpt lat="52.234550162274125" lon="9.5949580029797605">
		<name>H-8414</name>
		<cmt>Feuerturm</cmt>
		<desc>Feuerturm</desc>
		<src>FKM Forstverwaltung</src>
	</wpt>
	<wpt lat="52.241799754519668" lon="9.5999384002254917">
		<name>H-8412</name>
		<cmt>Brandweg</cmt>
		<desc>Brandweg</desc>
		<src>FKM Forstverwaltung</src>
	</wpt>
	<wpt lat="52.239755418894482" lon="9.5568498780994613">
		<name>H-8403</name>
		<cmt>Woeltjebuche</cmt>
		<desc>Woeltjebuche</desc>
		<src>FKM Forstverwaltung</src>
	</wpt>
	<wpt lat="52.258181249398625" lon="9.5768125820844432">
		<name>H-8405</name>
		<cmt>Hahnsche Holzweg</cmt>
		<desc>Hahnsche Holzweg</desc>
		<src>FKM Forstverwaltung</src>
	</wpt>
	<wpt lat="52.219822335917826" lon="9.5837670952971798">
		<name>H-7204</name>
		<cmt>Grenzweg</cmt>
		<desc>Grenzweg</desc>
		<src>FKM Forstverwaltung</src>
	</wpt>
	<wpt lat="52.222392211908314" lon="9.6011188178924645">
		<name>H-7203</name>
		<cmt>Dreierswinkelweg</cmt>
		<desc>Dreierswinkelweg</desc>
		<src>FKM Forstverwaltung</src>
	</wpt>
	<wpt lat="52.224903537945998" lon="9.6135129054605279">
		<name>H-7201</name>
		<cmt>Im Stiege</cmt>
		<desc>Im Stiege</desc>
		<src>FKM Forstverwaltung</src>
	</wpt>
	<wpt lat="52.294171755215551" lon="9.4305571051289103">
		<name>H-1202</name>
		<cmt>Wilhelm Gieseke-Weg</cmt>
		<desc>Wilhelm Gieseke-Weg</desc>
		<src>FKM Forstverwaltung</src>
	</wpt>
	<wpt lat="52.292480729102792" lon="9.4380888968048868">
		<name>H-1203</name>
		<cmt>Lauenauer Allee</cmt>
		<desc>Lauenauer Allee</desc>
		<src>FKM Forstverwaltung</src>
	</wpt>
	<wpt lat="52.284491215587586" lon="9.431701174750577">
		<name>H-1204</name>
		<cmt>Bergmannsweg</cmt>
		<desc>Bergmannsweg</desc>
		<src>FKM Forstverwaltung</src>
	</wpt>
	<wpt lat="52.255845428897118" lon="9.5881526955135676">
		<name>H-8406</name>
		<cmt>Argestorfer Ecke</cmt>
		<desc>Argestorfer Ecke</desc>
		<src>FKM Forstverwaltung</src>
	</wpt>
	<wpt lat="52.2524603863896" lon="9.6030256005952417">
		<name>H-8407</name>
		<cmt>Forsthaus Bredenbeck</cmt>
		<desc>Forsthaus Bredenbeck</desc>
		<src>FKM Forstverwaltung</src>
	</wpt>
	<wpt lat="52.248724867270724" lon="9.6087459487035787">
		<name>H-8408</name>
		<cmt>Waldparkplatz Bredenbeck</cmt>
		<desc>Waldparkplatz Bredenbeck</desc>
		<src>FKM Forstverwaltung</src>
	</wpt>
	<wpt lat="52.244522032270147" lon="9.6249536016771984">
		<name>H-8409</name>
		<cmt>Parkplatz RuheForst</cmt>
		<desc>Parkplatz RuheForst</desc>
		<src>FKM Forstverwaltung</src>
	</wpt>
	<wpt lat="52.30297571005049" lon="9.4465740798322511">
		<name>H-1201</name>
		<cmt>Nachtflügelweg</cmt>
		<desc>Nachtflügelweg</desc>
		<src>FKM Forstverwaltung</src>
	</wpt>
	<wpt lat="52.233720890562509" lon="9.6339130969018409">
		<name>H-8410</name>
		<cmt>Bennigser Burg</cmt>
		<desc>Bennigser Burg</desc>
		<src>FKM Forstverwaltung</src>
	</wpt>
	<wpt lat="52.236582257685278" lon="9.6215213928121965">
		<name>H-8411</name>
		<cmt>Schwarzer Weg</cmt>
		<desc>Schwarzer Weg</desc>
		<src>FKM Forstverwaltung</src>
	</wpt>
	<wpt lat="51.994907970845205" lon="9.1979885755469226">
		<name>BP 27</name>
		<cmt>Albreite - Westen</cmt>
		<desc>Albreite - Westen</desc>
		<src>Stadtforst Bad Pyrmont</src>
	</wpt>
	<wpt lat="51.994306291889991" lon="9.2086262150657863">
		<name>BP 26</name>
		<cmt>Albreite - Osten</cmt>
		<desc>Albreite - Osten</desc>
		<src>Stadtforst Bad Pyrmont</src>
	</wpt>
	<wpt lat="51.991083741333725" lon="9.201416862779249">
		<name>BP 28</name>
		<cmt>Verlängerung Hagener Schlehen</cmt>
		<desc>Verlängerung Hagener Schlehen</desc>
		<src>Stadtforst Bad Pyrmont</src>
	</wpt>
	<wpt lat="51.998726499811504" lon="9.2142981957176495">
		<name>BP 25</name>
		<cmt>Griessemer Chaussèe</cmt>
		<desc>Griessemer Chaussèe</desc>
		<src>Stadtforst Bad Pyrmont</src>
	</wpt>
	<wpt lat="52.000112648869823" lon="9.2290327860510484">
		<name>BP 24</name>
		<cmt/>
		<desc/>
		<src>Stadtforst Bad Pyrmont</src>
	</wpt>
	<wpt lat="52.008557935643871" lon="9.2482310864828516">
		<name>BP 18</name>
		<cmt>Kreuzung Hanackenstraße / Bergstraße</cmt>
		<desc>Kreuzung Hanackenstraße / Bergstraße</desc>
		<src>Stadtforst Bad Pyrmont</src>
	</wpt>
	<wpt lat="52.003023866159715" lon="9.2437257678033067">
		<name>BP 23</name>
		<cmt/>
		<desc/>
		<src>Stadtforst Bad Pyrmont</src>
	</wpt>
	<wpt lat="52.004242003104615" lon="9.2519690096526475">
		<name>BP 19</name>
		<cmt>Parkplatz Sennhütte</cmt>
		<desc>Parkplatz Sennhütte</desc>
		<src>Stadtforst Bad Pyrmont</src>
	</wpt>
	<wpt lat="51.998502398155395" lon="9.254798187244667">
		<name>BP 20</name>
		<cmt>Spelunkenturm</cmt>
		<desc>Spelunkenturm</desc>
		<src>Stadtforst Bad Pyrmont</src>
	</wpt>
	<wpt lat="51.995907440448512" lon="9.2499197332565117">
		<name>BP 22</name>
		<cmt>Parkplatz Bombergklinik</cmt>
		<desc>Parkplatz Bombergklinik</desc>
		<src>Stadtforst Bad Pyrmont</src>
	</wpt>
	<wpt lat="52.004725193300409" lon="9.266062749338273">
		<name>BP 21</name>
		<cmt>Parkplatz Langer Grund</cmt>
		<desc>Parkplatz Langer Grund</desc>
		<src>Stadtforst Bad Pyrmont</src>
	</wpt>
	<wpt lat="52.007070813383578" lon="9.2770160892062439">
		<name>BP 17</name>
		<cmt/>
		<desc/>
		<src>Stadtforst Bad Pyrmont</src>
	</wpt>
	<wpt lat="52.002808002384896" lon="9.2788043960077786">
		<name>BP 16</name>
		<cmt>unterhalb Schellenturm</cmt>
		<desc>unterhalb Schellenturm</desc>
		<src>Stadtforst Bad Pyrmont</src>
	</wpt>
	<wpt lat="51.994703659591067" lon="9.2830224154385252">
		<name>BP 15</name>
		<cmt>Eingang Hessetal</cmt>
		<desc>Eingang Hessetal</desc>
		<src>Stadtforst Bad Pyrmont</src>
	</wpt>
	<wpt lat="51.96975965814503" lon="9.1969266451456484">
		<name>BP 31</name>
		<cmt>Meintetalstraße</cmt>
		<desc>Meintetalstraße</desc>
		<src>Stadtforst Bad Pyrmont</src>
	</wpt>
	<wpt lat="51.98302411783515" lon="9.2003004870348661">
		<name>BP 29</name>
		<cmt/>
		<desc/>
		<src>Stadtforst Bad Pyrmont</src>
	</wpt>
	<wpt lat="51.98101794081996" lon="9.1893577030778193">
		<name>BP 30</name>
		<cmt/>
		<desc/>
		<src>Stadtforst Bad Pyrmont</src>
	</wpt>
	<wpt lat="51.994189833897025" lon="9.3171789433578578">
		<name>BP 12</name>
		<cmt>Büsseberg</cmt>
		<desc>Büsseberg</desc>
		<src>Stadtforst Bad Pyrmont</src>
	</wpt>
	<wpt lat="51.995317893007076" lon="9.3067738788491017">
		<name>BP 13</name>
		<cmt>"Gänseei" Pinnberg</cmt>
		<desc>"Gänseei" Pinnberg</desc>
		<src>Stadtforst Bad Pyrmont</src>
	</wpt>
	<wpt lat="51.991638727837106" lon="9.2973683592893881">
		<name>BP 14</name>
		<cmt/>
		<desc/>
		<src>Stadtforst Bad Pyrmont</src>
	</wpt>
	<wpt lat="51.978701349189798" lon="9.3341553196052995">
		<name>BP 11</name>
		<cmt>Auf dem Bohnkampe</cmt>
		<desc>Auf dem Bohnkampe</desc>
		<src>Stadtforst Bad Pyrmont</src>
	</wpt>
	<wpt lat="51.977071469633181" lon="9.3289041220614202">
		<name>BP 10</name>
		<cmt/>
		<desc/>
		<src>Stadtforst Bad Pyrmont</src>
	</wpt>
	<wpt lat="51.980144921850204" lon="9.3162126622398578">
		<name>BP 8</name>
		<cmt>Vor der Ebenei</cmt>
		<desc>Vor der Ebenei</desc>
		<src>Stadtforst Bad Pyrmont</src>
	</wpt>
	<wpt lat="51.980093182646435" lon="9.3212666118236314">
		<name>BP 9</name>
		<cmt>Dehren</cmt>
		<desc>Dehren</desc>
		<src>Stadtforst Bad Pyrmont</src>
	</wpt>
	<wpt lat="51.981011760094255" lon="9.3094865156879134">
		<name>BP 7</name>
		<cmt/>
		<desc/>
		<src>Stadtforst Bad Pyrmont</src>
	</wpt>
	<wpt lat="51.973117913838983" lon="9.3031535251236317">
		<name>BP 5</name>
		<cmt/>
		<desc/>
		<src>Stadtforst Bad Pyrmont</src>
	</wpt>
	<wpt lat="51.976659181927879" lon="9.3021104661299425">
		<name>BP 4</name>
		<cmt/>
		<desc/>
		<src>Stadtforst Bad Pyrmont</src>
	</wpt>
	<wpt lat="51.967074021749482" lon="9.3059895485366155">
		<name>BP 6</name>
		<cmt>Breiter Weg</cmt>
		<desc>Breiter Weg</desc>
		<src>Stadtforst Bad Pyrmont</src>
	</wpt>
	<wpt lat="51.967951472092388" lon="9.2890862836671353">
		<name>BP 2</name>
		<cmt/>
		<desc/>
		<src>Stadtforst Bad Pyrmont</src>
	</wpt>
	<wpt lat="51.968575793089478" lon="9.2835197341091789">
		<name>BP 1</name>
		<cmt>1. Kreuzung im Wald südl. der Siemensstraße</cmt>
		<desc>1. Kreuzung im Wald südl. der Siemensstraße</desc>
		<src>Stadtforst Bad Pyrmont</src>
	</wpt>
	<wpt lat="51.937966296037473" lon="9.3124218768326301">
		<name>BP 32</name>
		<cmt>Mosterholz, Abzweig Penderbergsweg</cmt>
		<desc>Mosterholz, Abzweig Penderbergsweg</desc>
		<src>Stadtforst Bad Pyrmont</src>
	</wpt>
	<wpt lat="51.937968657185237" lon="9.3037402254851447">
		<name>BP 33</name>
		<cmt/>
		<desc/>
		<src>Stadtforst Bad Pyrmont</src>
	</wpt>
	<wpt lat="51.935708618143885" lon="9.2960973949570107">
		<name>BP 34</name>
		<cmt>Kreuzung Forsthäuser</cmt>
		<desc>Kreuzung Forsthäuser</desc>
		<src>Stadtforst Bad Pyrmont</src>
	</wpt>
	<wpt lat="51.932621032000547" lon="9.2897591378384377">
		<name>BP 35</name>
		<cmt/>
		<desc/>
		<src>Stadtforst Bad Pyrmont</src>
	</wpt>
	<wpt lat="51.930607151664283" lon="9.3033359274860192">
		<name>BP 36</name>
		<cmt>Kreuzung südl. Penderbergsweg</cmt>
		<desc>Kreuzung südl. Penderbergsweg</desc>
		<src>Stadtforst Bad Pyrmont</src>
	</wpt>
	<wpt lat="51.927165885291103" lon="9.2939483917877901">
		<name>BP 37</name>
		<cmt/>
		<desc/>
		<src>Stadtforst Bad Pyrmont</src>
	</wpt>
	<wpt lat="51.976632648150051" lon="9.2930000375342097">
		<name>BP 3</name>
		<cmt/>
		<desc/>
		<src>Stadtforst Bad Pyrmont</src>
	</wpt>
	<wpt lat="53.04807" lon="7.487657">
		<name>EL-PB-001</name>
		<cmt>Johann-Bunte-Straße, gegenüber GWG am Prüfgelände</cmt>
		<desc>Johann-Bunte-Straße, gegenüber GWG am Prüfgelände</desc>
		<src>Stadt Papenburg</src>
	</wpt>
	<wpt lat="53.043519" lon="7.482993">
		<name>EL-PB-002</name>
		<cmt>Johann-Bunte-Straße, gegenüber Umländerwiek</cmt>
		<desc>Johann-Bunte-Straße, gegenüber Umländerwiek</desc>
		<src>Stadt Papenburg</src>
	</wpt>
	<wpt lat="53.038846" lon="7.428748">
		<name>EL-PB-003</name>
		<cmt>Birkenallee, Obermoor</cmt>
		<desc>Birkenallee, Obermoor</desc>
		<src>Stadt Papenburg</src>
	</wpt>
	<wpt lat="53.032981" lon="7.422123">
		<name>EL-PB-004</name>
		<cmt>Birkenallee, Moorlehrpfad</cmt>
		<desc>Birkenallee, Moorlehrpfad</desc>
		<src>Stadt Papenburg</src>
	</wpt>
	<wpt lat="53.053055" lon="7.425063">
		<name>EL-PB-005</name>
		<cmt>Gutshofweg, östl. Golfplatz</cmt>
		<desc>Gutshofweg, östl. Golfplatz</desc>
		<src>Stadt Papenburg</src>
	</wpt>
	<wpt lat="53.058065" lon="7.433581">
		<name>EL-PB-006</name>
		<cmt>Bethlehem rechts, östl. Demonstrationssee</cmt>
		<desc>Bethlehem rechts, östl. Demonstrationssee</desc>
		<src>Stadt Papenburg</src>
	</wpt>
	<wpt lat="53.053912" lon="7.39749">
		<name>EL-PB-007</name>
		<cmt>Von-Ohrs-Weg, Ecke Königsweg</cmt>
		<desc>Von-Ohrs-Weg, Ecke Königsweg</desc>
		<src>Stadt Papenburg</src>
	</wpt>
	<wpt lat="53.060206" lon="7.372116">
		<name>EL-PB-008</name>
		<cmt>Zwischen Altem Cramersweg und Wiesenstraße</cmt>
		<desc>Zwischen Altem Cramersweg und Wiesenstraße</desc>
		<src>Stadt Papenburg</src>
	</wpt>
	<wpt lat="53.023569" lon="7.319298">
		<name>EL-PB-009</name>
		<cmt>Emswehrarm Herbrum</cmt>
		<desc>Emswehrarm Herbrum</desc>
		<src>Stadt Papenburg</src>
	</wpt>
	<wpt lat="53.046676" lon="7.314247">
		<name>EL-PB-010</name>
		<cmt>Ems, nördlich der Schleusenanlage</cmt>
		<desc>Ems, nördlich der Schleusenanlage</desc>
		<src>Stadt Papenburg</src>
	</wpt>
	<wpt lat="53.071693" lon="7.330174">
		<name>EL-PB-011</name>
		<cmt>Zwischen Nenndorfer Straße und dem jüdischen Friedhof</cmt>
		<desc>Zwischen Nenndorfer Straße und dem jüdischen Friedhof</desc>
		<src>Stadt Papenburg</src>
	</wpt>
	<wpt lat="53.078907" lon="7.324807">
		<name>EL-PB-012</name>
		<cmt>Östlich Tunxdorfer Waldsee</cmt>
		<desc>Östlich Tunxdorfer Waldsee</desc>
		<src>Stadt Papenburg</src>
	</wpt>
	<wpt lat="53.078752" lon="7.314888">
		<name>EL-PB-013</name>
		<cmt>Südlich Tunxdorfer Waldsee</cmt>
		<desc>Südlich Tunxdorfer Waldsee</desc>
		<src>Stadt Papenburg</src>
	</wpt>
	<wpt lat="53.094221" lon="7.298055">
		<name>EL-PB-014</name>
		<cmt>Deichverteidigungsstraße, westlich Tunxdorf</cmt>
		<desc>Deichverteidigungsstraße, westlich Tunxdorf</desc>
		<src>Stadt Papenburg</src>
	</wpt>
	<wpt lat="53.100228" lon="7.311809">
		<name>EL-PB-015</name>
		<cmt>Deichverteidigungsstraße, nordwestlich Tunxdorf</cmt>
		<desc>Deichverteidigungsstraße, nordwestlich Tunxdorf</desc>
		<src>Stadt Papenburg</src>
	</wpt>
	<wpt lat="53.100286" lon="7.34556">
		<name>EL-PB-016</name>
		<cmt>Bokel-Nenndorfer Grenzgraben</cmt>
		<desc>Bokel-Nenndorfer Grenzgraben</desc>
		<src>Stadt Papenburg</src>
	</wpt>
	<wpt lat="53.081527" lon="7.463306">
		<name>EL-PB-017</name>
		<cmt>Möhlmannsweg</cmt>
		<desc>Möhlmannsweg</desc>
		<src>Stadt Papenburg</src>
	</wpt>
	<wpt lat="53.07707" lon="7.474316">
		<name>EL-PB-021</name>
		<cmt>Forststraße, Eingang Stadtforst</cmt>
		<desc>Forststraße, Eingang Stadtforst</desc>
		<src>Stadt Papenburg</src>
	</wpt>
	<wpt lat="53.076696" lon="7.476475">
		<name>EL-PB-022</name>
		<cmt>Waldkindergarten</cmt>
		<desc>Waldkindergarten</desc>
		<src>Stadt Papenburg</src>
	</wpt>
	<wpt lat="53.078883" lon="7.488237">
		<name>EL-PB-023</name>
		<cmt>Erste Wiek, Eingang Stadtforst</cmt>
		<desc>Erste Wiek, Eingang Stadtforst</desc>
		<src>Stadt Papenburg</src>
	</wpt>
	<wpt lat="53.03823" lon="7.31874">
		<name>EL-PB-018</name>
		<cmt>Zur Emsschleuse</cmt>
		<desc>Zur Emsschleuse</desc>
		<src>WSA Ems-Nordsee</src>
	</wpt>
	<wpt lat="53.03836" lon="7.31747">
		<name>EL-PB-019</name>
		<cmt>Schleuse in Herbrunn</cmt>
		<desc>Schleuse in Herbrunn</desc>
		<src>WSA Ems-Nordsee</src>
	</wpt>
	<wpt lat="53.03153" lon="7.31344">
		<name>EL-PB-020</name>
		<cmt>Wehr in Herbrunn, Borsumer Straße</cmt>
		<desc>Wehr in Herbrunn, Borsumer Straße</desc>
		<src>WSA Ems-Nordsee</src>
	</wpt>
	<wpt lat="52.442783344266331" lon="10.002305209723113">
		<name>H-2000</name>
		<cmt>Spielplatz Tiefenwiesenweg klein</cmt>
		<desc>Spielplatz Tiefenwiesenweg klein</desc>
		<src>Stadt Burgdorf</src>
	</wpt>
	<wpt lat="52.442575461400565" lon="10.002466611851979">
		<name>H-2001</name>
		<cmt>Spielplatz Tiefenwiesenweg klein</cmt>
		<desc>Spielplatz Tiefenwiesenweg klein</desc>
		<src>Stadt Burgdorf</src>
	</wpt>
	<wpt lat="52.442909618401828" lon="10.001690729126485">
		<name>H-2002</name>
		<cmt>Stadtpark bei Staudenbeete</cmt>
		<desc>Stadtpark bei Staudenbeete</desc>
		<src>Stadt Burgdorf</src>
	</wpt>
	<wpt lat="52.443252402919633" lon="10.001899967564391">
		<name>H-2003</name>
		<cmt>Stadtpark bei Staudenbeete</cmt>
		<desc>Stadtpark bei Staudenbeete</desc>
		<src>Stadt Burgdorf</src>
	</wpt>
	<wpt lat="52.443326745419263" lon="10.001325792149439">
		<name>H-2004</name>
		<cmt>Stadtpark bei Staudenbeete</cmt>
		<desc>Stadtpark bei Staudenbeete</desc>
		<src>Stadt Burgdorf</src>
	</wpt>
	<wpt lat="52.442910496627803" lon="10.00048133244003">
		<name>H-2005</name>
		<cmt>Stadtpark</cmt>
		<desc>Stadtpark</desc>
		<src>Stadt Burgdorf</src>
	</wpt>
	<wpt lat="52.442549065315326" lon="10.000842475084468">
		<name>H-2006</name>
		<cmt>Stadtpark</cmt>
		<desc>Stadtpark</desc>
		<src>Stadt Burgdorf</src>
	</wpt>
	<wpt lat="52.442226706611542" lon="10.000686249467382">
		<name>H-2007</name>
		<cmt>Stadtpark</cmt>
		<desc>Stadtpark</desc>
		<src>Stadt Burgdorf</src>
	</wpt>
	<wpt lat="52.442102109338222" lon="10.001010866919078">
		<name>H-2008</name>
		<cmt>Stadtpark</cmt>
		<desc>Stadtpark</desc>
		<src>Stadt Burgdorf</src>
	</wpt>
	<wpt lat="52.442836718301002" lon="9.999844689677861">
		<name>H-2009</name>
		<cmt>Stadtpark</cmt>
		<desc>Stadtpark</desc>
		<src>Stadt Burgdorf</src>
	</wpt>
	<wpt lat="52.442767677138143" lon="9.9991290019904877">
		<name>H-2010</name>
		<cmt>Stadtpark, Hügel am Schwanenteich</cmt>
		<desc>Stadtpark, Hügel am Schwanenteich</desc>
		<src>Stadt Burgdorf</src>
	</wpt>
	<wpt lat="52.441356291978721" lon="9.9982430103984559">
		<name>H-2011</name>
		<cmt>Stadtpark</cmt>
		<desc>Stadtpark</desc>
		<src>Stadt Burgdorf</src>
	</wpt>
	<wpt lat="52.441069483064048" lon="9.9985146329590808">
		<name>H-2012</name>
		<cmt>Stadtpark</cmt>
		<desc>Stadtpark</desc>
		<src>Stadt Burgdorf</src>
	</wpt>
	<wpt lat="52.441480271515232" lon="9.9990801912169598">
		<name>H-2013</name>
		<cmt>Stadtpark</cmt>
		<desc>Stadtpark</desc>
		<src>Stadt Burgdorf</src>
	</wpt>
	<wpt lat="52.44203809908926" lon="9.9991425241300433">
		<name>H-2014</name>
		<cmt>Stadtpark</cmt>
		<desc>Stadtpark</desc>
		<src>Stadt Burgdorf</src>
	</wpt>
	<wpt lat="52.442244529099675" lon="9.9989237407876388">
		<name>H-2015</name>
		<cmt>Stadtpark</cmt>
		<desc>Stadtpark</desc>
		<src>Stadt Burgdorf</src>
	</wpt>
	<wpt lat="52.441755903600203" lon="9.9996667260327978">
		<name>H-2016</name>
		<cmt>Stadtpark beim Ehrenmal</cmt>
		<desc>Stadtpark beim Ehrenmal</desc>
		<src>Stadt Burgdorf</src>
	</wpt>
	<wpt lat="52.441622496380354" lon="9.9998256887819679">
		<name>H-2017</name>
		<cmt>Stadtpark beim Ehrenmal</cmt>
		<desc>Stadtpark beim Ehrenmal</desc>
		<src>Stadt Burgdorf</src>
	</wpt>
	<wpt lat="52.440750723541903" lon="9.9984056189832398">
		<name>H-2018</name>
		<cmt>Spielplatz Tiefwiesenweg</cmt>
		<desc>Spielplatz Tiefwiesenweg</desc>
		<src>Stadt Burgdorf</src>
	</wpt>
	<wpt lat="52.441497481882578" lon="10.001128572329202">
		<name>H-2019</name>
		<cmt>Stadtpark am Scheibenbergweg</cmt>
		<desc>Stadtpark am Scheibenbergweg</desc>
		<src>Stadt Burgdorf</src>
	</wpt>
	<wpt lat="52.439769605135631" lon="9.9992824420096031">
		<name>H-2020</name>
		<cmt>Stadtpark in der Weidenallee</cmt>
		<desc>Stadtpark in der Weidenallee</desc>
		<src>Stadt Burgdorf</src>
	</wpt>
	<wpt lat="52.440918366054483" lon="10.001957931784359">
		<name>H-2021</name>
		<cmt>Stadtpark</cmt>
		<desc>Stadtpark</desc>
		<src>Stadt Burgdorf</src>
	</wpt>
	<wpt lat="52.442271422620649" lon="10.006941279513031">
		<name>H-2022</name>
		<cmt>Alter Jagdsteg, Südseite</cmt>
		<desc>Alter Jagdsteg, Südseite</desc>
		<src>Stadt Burgdorf</src>
	</wpt>
	<wpt lat="52.443623356783434" lon="10.00561481880114">
		<name>H-2023</name>
		<cmt>Stadtpark, Alter Jagdsteeg</cmt>
		<desc>Stadtpark, Alter Jagdsteeg</desc>
		<src>Stadt Burgdorf</src>
	</wpt>
	<wpt lat="52.443520377826474" lon="10.004772864708583">
		<name>H-2024</name>
		<cmt>Stadtpark</cmt>
		<desc>Stadtpark</desc>
		<src>Stadt Burgdorf</src>
	</wpt>
	<wpt lat="52.444025967944789" lon="10.005921206868029">
		<name>H-2025</name>
		<cmt>Stadtpark, Lönsweg</cmt>
		<desc>Stadtpark, Lönsweg</desc>
		<src>Stadt Burgdorf</src>
	</wpt>
	<wpt lat="52.444435650375539" lon="10.006628418324535">
		<name>H-2026</name>
		<cmt>Stadtpark, Lönsweg</cmt>
		<desc>Stadtpark, Lönsweg</desc>
		<src>Stadt Burgdorf</src>
	</wpt>
	<wpt lat="52.444715487242391" lon="10.006419909019872">
		<name>H-2027</name>
		<cmt>Stadtpark am Aktivpark</cmt>
		<desc>Stadtpark am Aktivpark</desc>
		<src>Stadt Burgdorf</src>
	</wpt>
	<wpt lat="52.444603529802023" lon="10.005985256909842">
		<name>H-2028</name>
		<cmt>Stadtpark in der Lindenallee</cmt>
		<desc>Stadtpark in der Lindenallee</desc>
		<src>Stadt Burgdorf</src>
	</wpt>
	<wpt lat="52.44438673097099" lon="10.005369777520814">
		<name>H-2029</name>
		<cmt>Stadtpark</cmt>
		<desc>Stadtpark</desc>
		<src>Stadt Burgdorf</src>
	</wpt>
	<wpt lat="52.44545955253048" lon="10.007226678631909">
		<name>H-2030</name>
		<cmt>Spittaplatz vor Schloss</cmt>
		<desc>Spittaplatz vor Schloss</desc>
		<src>Stadt Burgdorf</src>
	</wpt>
	<wpt lat="52.445294587044742" lon="10.006809185719735">
		<name>H-2031</name>
		<cmt>Spittaplatz vor Schloss</cmt>
		<desc>Spittaplatz vor Schloss</desc>
		<src>Stadt Burgdorf</src>
	</wpt>
	<wpt lat="52.441809601441946" lon="10.003508886089181">
		<name>H-2032</name>
		<cmt>Stadtpark</cmt>
		<desc>Stadtpark</desc>
		<src>Stadt Burgdorf</src>
	</wpt>
	<wpt lat="52.442217199105698" lon="10.003212377877023">
		<name>H-2033</name>
		<cmt>Stadtpark</cmt>
		<desc>Stadtpark</desc>
		<src>Stadt Burgdorf</src>
	</wpt>
	<wpt lat="52.445518708453385" lon="10.004176792308149">
		<name>H-2034</name>
		<cmt>Vor dem Hannoverschen Tor</cmt>
		<desc>Vor dem Hannoverschen Tor</desc>
		<src>Stadt Burgdorf</src>
	</wpt>
	<wpt lat="52.446137215796696" lon="10.004077605821609">
		<name>H-2035</name>
		<cmt>Bahnhofstraße, vor Magdalenenfriedhof</cmt>
		<desc>Bahnhofstraße, vor Magdalenenfriedhof</desc>
		<src>Stadt Burgdorf</src>
	</wpt>
	<wpt lat="52.446817008244651" lon="10.005327234141978">
		<name>H-2036</name>
		<cmt>Am Brandende</cmt>
		<desc>Am Brandende</desc>
		<src>Stadt Burgdorf</src>
	</wpt>
	<wpt lat="52.447212252179519" lon="10.005534756927108">
		<name>H-2037</name>
		<cmt>Am Brandende</cmt>
		<desc>Am Brandende</desc>
		<src>Stadt Burgdorf</src>
	</wpt>
	<wpt lat="52.445837507069925" lon="10.002234033249701">
		<name>H-2038</name>
		<cmt>Magdalenenfriedhof</cmt>
		<desc>Magdalenenfriedhof</desc>
		<src>Stadt Burgdorf</src>
	</wpt>
	<wpt lat="52.445423256539733" lon="10.009182051265757">
		<name>H-2039</name>
		<cmt>Braunschweiger Straße</cmt>
		<desc>Braunschweiger Straße</desc>
		<src>Stadt Burgdorf</src>
	</wpt>
	<wpt lat="52.446031113221252" lon="10.007363988848521">
		<name>H-2040</name>
		<cmt>Spittaplatz</cmt>
		<desc>Spittaplatz</desc>
		<src>Stadt Burgdorf</src>
	</wpt>
	<wpt lat="52.446738851603698" lon="10.008884320480123">
		<name>H-2041</name>
		<cmt>Marktstraße/Poststraße</cmt>
		<desc>Marktstraße/Poststraße</desc>
		<src>Stadt Burgdorf</src>
	</wpt>
	<wpt lat="52.446193070775429" lon="10.010331904948547">
		<name>H-2042</name>
		<cmt>Schloßstraße, Grünfläche</cmt>
		<desc>Schloßstraße, Grünfläche</desc>
		<src>Stadt Burgdorf</src>
	</wpt>
	<wpt lat="52.447547108976423" lon="10.012192507744146">
		<name>H-2043</name>
		<cmt>Am Wall, Grünanlage</cmt>
		<desc>Am Wall, Grünanlage</desc>
		<src>Stadt Burgdorf</src>
	</wpt>
	<wpt lat="52.447803636306311" lon="10.011816638557258">
		<name>H-2044</name>
		<cmt>Am Wall, Grünanlage</cmt>
		<desc>Am Wall, Grünanlage</desc>
		<src>Stadt Burgdorf</src>
	</wpt>
	<wpt lat="52.447258678168723" lon="10.00934826232308">
		<name>H-2045</name>
		<cmt>Kleine Bergstaße 5</cmt>
		<desc>Kleine Bergstaße 5</desc>
		<src>Stadt Burgdorf</src>
	</wpt>
	<wpt lat="52.446628523008336" lon="10.007469492332461">
		<name>H-2046</name>
		<cmt>Marktstraße 55</cmt>
		<desc>Marktstraße 55</desc>
		<src>Stadt Burgdorf</src>
	</wpt>
	<wpt lat="52.446747953958351" lon="10.006182194645858">
		<name>H-2047</name>
		<cmt>Willersgasse</cmt>
		<desc>Willersgasse</desc>
		<src>Stadt Burgdorf</src>
	</wpt>
	<wpt lat="52.44747672388899" lon="10.004597021559093">
		<name>H-2048</name>
		<cmt>Am Wall, Rad-/Gehweg</cmt>
		<desc>Am Wall, Rad-/Gehweg</desc>
		<src>Stadt Burgdorf</src>
	</wpt>
	<wpt lat="52.447609973512513" lon="10.005454042420448">
		<name>H-2049</name>
		<cmt>Am Wal, Rad-/Gehweg/Museum</cmt>
		<desc>Am Wal, Rad-/Gehweg/Museum</desc>
		<src>Stadt Burgdorf</src>
	</wpt>
	<wpt lat="52.447925692277494" lon="10.007699397787466">
		<name>H-2050</name>
		<cmt>Am Wal, Rad-/Gehweg</cmt>
		<desc>Am Wal, Rad-/Gehweg</desc>
		<src>Stadt Burgdorf</src>
	</wpt>
	<wpt lat="52.445724631165824" lon="10.01543170765566">
		<name>H-2051</name>
		<cmt>Pferdemarkt</cmt>
		<desc>Pferdemarkt</desc>
		<src>Stadt Burgdorf</src>
	</wpt>
	<wpt lat="52.446447708256343" lon="10.016734996110284">
		<name>H-2052</name>
		<cmt>Burgdorfer Aue Wanderweg</cmt>
		<desc>Burgdorfer Aue Wanderweg</desc>
		<src>Stadt Burgdorf</src>
	</wpt>
	<wpt lat="52.446901690944379" lon="10.017695567892209">
		<name>H-2053</name>
		<cmt>Burgdorfer Aue Wanderweg</cmt>
		<desc>Burgdorfer Aue Wanderweg</desc>
		<src>Stadt Burgdorf</src>
	</wpt>
	<wpt lat="52.447100226829491" lon="10.01838541150128">
		<name>H-2054</name>
		<cmt>Burgdorfer Aue Wanderweg</cmt>
		<desc>Burgdorfer Aue Wanderweg</desc>
		<src>Stadt Burgdorf</src>
	</wpt>
	<wpt lat="52.447266137412583" lon="10.019791149364933">
		<name>H-2055</name>
		<cmt>Burgdorfer Aue Wanderweg</cmt>
		<desc>Burgdorfer Aue Wanderweg</desc>
		<src>Stadt Burgdorf</src>
	</wpt>
	<wpt lat="52.448134248199814" lon="10.00334153345859">
		<name>H-2057</name>
		<cmt>Bahnhofstraße, Parkhaus</cmt>
		<desc>Bahnhofstraße, Parkhaus</desc>
		<src>Stadt Burgdorf</src>
	</wpt>
	<wpt lat="52.449436663368012" lon="10.004278246872278">
		<name>H-2058</name>
		<cmt>Theodorstraße Grünanlage</cmt>
		<desc>Theodorstraße Grünanlage</desc>
		<src>Stadt Burgdorf</src>
	</wpt>
	<wpt lat="52.448848670179068" lon="10.003790778641424">
		<name>H-2059</name>
		<cmt>Wilhelmstraße 1A</cmt>
		<desc>Wilhelmstraße 1A</desc>
		<src>Stadt Burgdorf</src>
	</wpt>
	<wpt lat="52.448511471823473" lon="10.004174756532992">
		<name>H-2060</name>
		<cmt>Wilhelmstraße 3D</cmt>
		<desc>Wilhelmstraße 3D</desc>
		<src>Stadt Burgdorf</src>
	</wpt>
	<wpt lat="52.448296659867523" lon="10.004162984587539">
		<name>H-2061</name>
		<cmt>Wilhelmstraße 1C</cmt>
		<desc>Wilhelmstraße 1C</desc>
		<src>Stadt Burgdorf</src>
	</wpt>
	<wpt lat="52.448001282920956" lon="10.005296297554599">
		<name>H-2062</name>
		<cmt>Hannoversche Neustadt 49</cmt>
		<desc>Hannoversche Neustadt 49</desc>
		<src>Stadt Burgdorf</src>
	</wpt>
	<wpt lat="52.448233361572193" lon="10.009203901910059">
		<name>H-2063</name>
		<cmt>Hannoversche Neustadt 32/Schule</cmt>
		<desc>Hannoversche Neustadt 32/Schule</desc>
		<src>Stadt Burgdorf</src>
	</wpt>
	<wpt lat="52.448192064981704" lon="10.006894163462409">
		<name>H-2064</name>
		<cmt>Hannoversche Neustadt 40</cmt>
		<desc>Hannoversche Neustadt 40</desc>
		<src>Stadt Burgdorf</src>
	</wpt>
	<wpt lat="52.450042163776743" lon="10.008181859725862">
		<name>H-2065</name>
		<cmt>Spielplatz Gartenstraße</cmt>
		<desc>Spielplatz Gartenstraße</desc>
		<src>Stadt Burgdorf</src>
	</wpt>
	<wpt lat="52.443369884023326" lon="10.01240315575223">
		<name>H-2066</name>
		<cmt>Immenser Straße, Grünanlage Scharzer Herzog</cmt>
		<desc>Immenser Straße, Grünanlage Scharzer Herzog</desc>
		<src>Stadt Burgdorf</src>
	</wpt>
	<wpt lat="52.443851510183308" lon="10.012791940750086">
		<name>H-2067</name>
		<cmt>Uetzer Straße 5 am KVP</cmt>
		<desc>Uetzer Straße 5 am KVP</desc>
		<src>Stadt Burgdorf</src>
	</wpt>
	<wpt lat="52.443892272194248" lon="10.014605659637491">
		<name>H-2068</name>
		<cmt>Uetzer Straße/Peiner Weg</cmt>
		<desc>Uetzer Straße/Peiner Weg</desc>
		<src>Stadt Burgdorf</src>
	</wpt>
	<wpt lat="52.445456317567356" lon="10.022691264590369">
		<name>H-2069</name>
		<cmt>Uetzer Straße Wanderweg</cmt>
		<desc>Uetzer Straße Wanderweg</desc>
		<src>Stadt Burgdorf</src>
	</wpt>
	<wpt lat="52.44525472478292" lon="10.016931320006305">
		<name>H-2070</name>
		<cmt>Spielplatz Uetzer Straße</cmt>
		<desc>Spielplatz Uetzer Straße</desc>
		<src>Stadt Burgdorf</src>
	</wpt>
	<wpt lat="52.444483107574968" lon="10.017455543431069">
		<name>H-2071</name>
		<cmt>Uetzer Straße Parkplatz</cmt>
		<desc>Uetzer Straße Parkplatz</desc>
		<src>Stadt Burgdorf</src>
	</wpt>
	<wpt lat="52.445101049671209" lon="10.012901847624841">
		<name>H-2072</name>
		<cmt>Kleiner Brückendamm Burgdorfer Aue</cmt>
		<desc>Kleiner Brückendamm Burgdorfer Aue</desc>
		<src>Stadt Burgdorf</src>
	</wpt>
	<wpt lat="52.445239164348024" lon="10.01368038933941">
		<name>H-2073</name>
		<cmt>Pferdemarkt</cmt>
		<desc>Pferdemarkt</desc>
		<src>Stadt Burgdorf</src>
	</wpt>
	<wpt lat="52.449712172661279" lon="10.02228038039369">
		<name>H-2075</name>
		<cmt>Spielplatz Dachtmisser Weg</cmt>
		<desc>Spielplatz Dachtmisser Weg</desc>
		<src>Stadt Burgdorf</src>
	</wpt>
	<wpt lat="52.454291457610715" lon="10.020361972787581">
		<name>H-2076</name>
		<cmt>Am Kieswerk</cmt>
		<desc>Am Kieswerk</desc>
		<src>Stadt Burgdorf</src>
	</wpt>
	<wpt lat="52.453786804172445" lon="10.01811060643085">
		<name>H-2077</name>
		<cmt>Sorgenser Straße/Grünzug</cmt>
		<desc>Sorgenser Straße/Grünzug</desc>
		<src>Stadt Burgdorf</src>
	</wpt>
	<wpt lat="52.455705269483829" lon="10.016559368432752">
		<name>H-2078</name>
		<cmt>Petersstraße/Grünzug</cmt>
		<desc>Petersstraße/Grünzug</desc>
		<src>Stadt Burgdorf</src>
	</wpt>
	<wpt lat="52.456794933514736" lon="10.016641935640497">
		<name>H-2079</name>
		<cmt>Dierener Straße/Grünzug</cmt>
		<desc>Dierener Straße/Grünzug</desc>
		<src>Stadt Burgdorf</src>
	</wpt>
	<wpt lat="52.441099314852757" lon="9.9982685261145257">
		<name>H-2080</name>
		<cmt>Spielplatz Tiefenwiesenweg</cmt>
		<desc>Spielplatz Tiefenwiesenweg</desc>
		<src>Stadt Burgdorf</src>
	</wpt>
	<wpt lat="52.435106617870446" lon="9.9940118139713974">
		<name>H-2081</name>
		<cmt>HE59</cmt>
		<desc>HE59</desc>
		<src>Stadt Burgdorf</src>
	</wpt>
	<wpt lat="52.447723100766112" lon="10.003851871810426">
		<name>H-2056</name>
		<cmt>Hann. Neustadt 54</cmt>
		<desc>Hann. Neustadt 54</desc>
		<src>Stadt Burgdorf</src>
	</wpt>
	<wpt lat="52.457406853531424" lon="10.015263393002746">
		<name>H-2082</name>
		<cmt>Dierener Straße/Grünzug</cmt>
		<desc>Dierener Straße/Grünzug</desc>
		<src>Stadt Burgdorf</src>
	</wpt>
	<wpt lat="52.458682052133504" lon="10.016488579715022">
		<name>H-2083</name>
		<cmt>Bolzplatz Sorgenser Grundweg</cmt>
		<desc>Bolzplatz Sorgenser Grundweg</desc>
		<src>Stadt Burgdorf</src>
	</wpt>
	<wpt lat="52.457280753502666" lon="10.018409885814441">
		<name>H-2084</name>
		<cmt>Rhedener Straße/Grünzug</cmt>
		<desc>Rhedener Straße/Grünzug</desc>
		<src>Stadt Burgdorf</src>
	</wpt>
	<wpt lat="52.455751182687699" lon="10.017517327635128">
		<name>H-2085</name>
		<cmt>Dierener Straße vor Spielplatz</cmt>
		<desc>Dierener Straße vor Spielplatz</desc>
		<src>Stadt Burgdorf</src>
	</wpt>
	<wpt lat="52.455834464647722" lon="10.018654566145868">
		<name>H-2086</name>
		<cmt>Spielplatz Dierener Straße</cmt>
		<desc>Spielplatz Dierener Straße</desc>
		<src>Stadt Burgdorf</src>
	</wpt>
	<wpt lat="52.451848372191066" lon="10.015547318180547">
		<name>H-2087</name>
		<cmt>Sorgenser Straße Veranstaltungszentrum</cmt>
		<desc>Sorgenser Straße Veranstaltungszentrum</desc>
		<src>Stadt Burgdorf</src>
	</wpt>
	<wpt lat="52.452123566071968" lon="10.01515147993797">
		<name>H-2088</name>
		<cmt>Sorgenser Straße Bücherei</cmt>
		<desc>Sorgenser Straße Bücherei</desc>
		<src>Stadt Burgdorf</src>
	</wpt>
	<wpt lat="52.451165967908274" lon="10.013408791023929">
		<name>H-2089</name>
		<cmt>Sorgenser Straße/Vor dem Celler Tor</cmt>
		<desc>Sorgenser Straße/Vor dem Celler Tor</desc>
		<src>Stadt Burgdorf</src>
	</wpt>
	<wpt lat="52.452882293876939" lon="10.014715657441398">
		<name>H-2090</name>
		<cmt>Königsberger Straße, Grünfläche</cmt>
		<desc>Königsberger Straße, Grünfläche</desc>
		<src>Stadt Burgdorf</src>
	</wpt>
	<wpt lat="52.457792769150252" lon="10.011058485313315">
		<name>H-2091</name>
		<cmt>Spielplatz Im Stillen Winkel</cmt>
		<desc>Spielplatz Im Stillen Winkel</desc>
		<src>Stadt Burgdorf</src>
	</wpt>
	<wpt lat="52.453773039662856" lon="10.012057796617752">
		<name>H-2092</name>
		<cmt>Zintener Straße</cmt>
		<desc>Zintener Straße</desc>
		<src>Stadt Burgdorf</src>
	</wpt>
	<wpt lat="52.454632284717661" lon="10.011420603758342">
		<name>H-2093</name>
		<cmt>Spielplatz Zintener Straße</cmt>
		<desc>Spielplatz Zintener Straße</desc>
		<src>Stadt Burgdorf</src>
	</wpt>
	<wpt lat="52.455547381755686" lon="10.009261386157776">
		<name>H-2094</name>
		<cmt>Am Nassen Berg</cmt>
		<desc>Am Nassen Berg</desc>
		<src>Stadt Burgdorf</src>
	</wpt>
	<wpt lat="52.458766981538268" lon="10.008693625313763">
		<name>H-2095</name>
		<cmt>Wasserwerksweg</cmt>
		<desc>Wasserwerksweg</desc>
		<src>Stadt Burgdorf</src>
	</wpt>
	<wpt lat="52.458795305110115" lon="10.007775645975697">
		<name>H-2096</name>
		<cmt>Grünzug An der Bahn</cmt>
		<desc>Grünzug An der Bahn</desc>
		<src>Stadt Burgdorf</src>
	</wpt>
	<wpt lat="52.452517400140181" lon="10.005617653404261">
		<name>H-2097</name>
		<cmt>Grünzug An der Bahn/Heinrichstraße</cmt>
		<desc>Grünzug An der Bahn/Heinrichstraße</desc>
		<src>Stadt Burgdorf</src>
	</wpt>
	<wpt lat="52.453463659395496" lon="10.006415035943277">
		<name>H-2098</name>
		<cmt>Grünzug An der Bahn</cmt>
		<desc>Grünzug An der Bahn</desc>
		<src>Stadt Burgdorf</src>
	</wpt>
	<wpt lat="52.454815417598148" lon="10.006921984843796">
		<name>H-2099</name>
		<cmt>Grünzug An der Bahn</cmt>
		<desc>Grünzug An der Bahn</desc>
		<src>Stadt Burgdorf</src>
	</wpt>
	<wpt lat="52.461540144671311" lon="10.010867281386824">
		<name>H-2100</name>
		<cmt>Grünzug An der Bahn</cmt>
		<desc>Grünzug An der Bahn</desc>
		<src>Stadt Burgdorf</src>
	</wpt>
	<wpt lat="52.4609980572707" lon="10.009697659371755">
		<name>H-2101</name>
		<cmt>Grünzug An der Bahn</cmt>
		<desc>Grünzug An der Bahn</desc>
		<src>Stadt Burgdorf</src>
	</wpt>
	<wpt lat="52.462180088957389" lon="10.013061305576489">
		<name>H-2102</name>
		<cmt>Sorgenser Mühle</cmt>
		<desc>Sorgenser Mühle</desc>
		<src>Stadt Burgdorf</src>
	</wpt>
	<wpt lat="52.461923453127319" lon="10.013151441603075">
		<name>H-2103</name>
		<cmt>SO31, Mühlenweg</cmt>
		<desc>SO31, Mühlenweg</desc>
		<src>Stadt Burgdorf</src>
	</wpt>
	<wpt lat="52.461292582757444" lon="10.016956449849385">
		<name>H-2104</name>
		<cmt>Grünzug Sorgenser Grundweg</cmt>
		<desc>Grünzug Sorgenser Grundweg</desc>
		<src>Stadt Burgdorf</src>
	</wpt>
	<wpt lat="52.436086334076712" lon="9.9991308439709439">
		<name>H-2105</name>
		<cmt>Drei Eichen 6</cmt>
		<desc>Drei Eichen 6</desc>
		<src>Stadt Burgdorf</src>
	</wpt>
	<wpt lat="52.431939579865222" lon="10.004293145693479">
		<name>H-2106</name>
		<cmt>BU11</cmt>
		<desc>BU11</desc>
		<src>Stadt Burgdorf</src>
	</wpt>
	<wpt lat="52.430076131701938" lon="10.003967149056358">
		<name>H-2107</name>
		<cmt>BU11, Hundebadeplatz</cmt>
		<desc>BU11, Hundebadeplatz</desc>
		<src>Stadt Burgdorf</src>
	</wpt>
	<wpt lat="52.428821770838638" lon="10.006668328562803">
		<name>H-2108</name>
		<cmt>BU14</cmt>
		<desc>BU14</desc>
		<src>Stadt Burgdorf</src>
	</wpt>
	<wpt lat="52.430595882995554" lon="10.007226348736504">
		<name>H-2109</name>
		<cmt>BU13, Verlängerung Depenauer Weg</cmt>
		<desc>BU13, Verlängerung Depenauer Weg</desc>
		<src>Stadt Burgdorf</src>
	</wpt>
	<wpt lat="52.433241731806383" lon="10.008183395144068">
		<name>H-2110</name>
		<cmt>BU12, Verlängerung Depenauer Weg</cmt>
		<desc>BU12, Verlängerung Depenauer Weg</desc>
		<src>Stadt Burgdorf</src>
	</wpt>
	<wpt lat="52.43527319649116" lon="10.003380012106408">
		<name>H-2111</name>
		<cmt>Spielplatz Ortbruch</cmt>
		<desc>Spielplatz Ortbruch</desc>
		<src>Stadt Burgdorf</src>
	</wpt>
	<wpt lat="52.436362896490905" lon="10.006771615618913">
		<name>H-2112</name>
		<cmt>Spielplatz Rohrwiesen</cmt>
		<desc>Spielplatz Rohrwiesen</desc>
		<src>Stadt Burgdorf</src>
	</wpt>
	<wpt lat="52.438864482105217" lon="10.008298334829862">
		<name>H-2113</name>
		<cmt>Spielplatz Geibelstraße</cmt>
		<desc>Spielplatz Geibelstraße</desc>
		<src>Stadt Burgdorf</src>
	</wpt>
	<wpt lat="52.438263027192868" lon="10.010277589690928">
		<name>H-2114</name>
		<cmt>Geibelstraße/Depenauerweg</cmt>
		<desc>Geibelstraße/Depenauerweg</desc>
		<src>Stadt Burgdorf</src>
	</wpt>
	<wpt lat="52.438973398085736" lon="10.013953000395864">
		<name>H-2115</name>
		<cmt>Spielplatz Auf dem Ratskamp</cmt>
		<desc>Spielplatz Auf dem Ratskamp</desc>
		<src>Stadt Burgdorf</src>
	</wpt>
	<wpt lat="52.437542046512135" lon="10.01718218154425">
		<name>H-2116</name>
		<cmt>Rubensplatz 4</cmt>
		<desc>Rubensplatz 4</desc>
		<src>Stadt Burgdorf</src>
	</wpt>
	<wpt lat="52.436919721281562" lon="10.011914299823109">
		<name>H-2117</name>
		<cmt>Spielplatz Hohlbeinstraße/Cranachstraße</cmt>
		<desc>Spielplatz Hohlbeinstraße/Cranachstraße</desc>
		<src>Stadt Burgdorf</src>
	</wpt>
	<wpt lat="52.435488799142362" lon="10.012459148494543">
		<name>H-2118</name>
		<cmt>Dürerplatz 1</cmt>
		<desc>Dürerplatz 1</desc>
		<src>Stadt Burgdorf</src>
	</wpt>
	<wpt lat="52.440953966734249" lon="10.016091812186097">
		<name>H-2119</name>
		<cmt>Spielplatz Raabeweg</cmt>
		<desc>Spielplatz Raabeweg</desc>
		<src>Stadt Burgdorf</src>
	</wpt>
	<wpt lat="52.437109982895798" lon="10.019772105584179">
		<name>H-2120</name>
		<cmt>Spielplatz Lessingstraße</cmt>
		<desc>Spielplatz Lessingstraße</desc>
		<src>Stadt Burgdorf</src>
	</wpt>
	<wpt lat="52.437771524972412" lon="10.022217070898545">
		<name>H-2121</name>
		<cmt>Lessingstraße/Uhlandstraße</cmt>
		<desc>Lessingstraße/Uhlandstraße</desc>
		<src>Stadt Burgdorf</src>
	</wpt>
	<wpt lat="52.433809651466994" lon="10.018704628674296">
		<name>H-2122</name>
		<cmt>Spiel- und Bolzplatz Retschystraße</cmt>
		<desc>Spiel- und Bolzplatz Retschystraße</desc>
		<src>Stadt Burgdorf</src>
	</wpt>
	<wpt lat="52.433166108043565" lon="10.018479310183869">
		<name>H-2123</name>
		<cmt>Scharlemannstraße, Jubiwald</cmt>
		<desc>Scharlemannstraße, Jubiwald</desc>
		<src>Stadt Burgdorf</src>
	</wpt>
	<wpt lat="52.432290685899851" lon="10.017889557610808">
		<name>H-2124</name>
		<cmt>Scharlemannstraße, Jubiwald</cmt>
		<desc>Scharlemannstraße, Jubiwald</desc>
		<src>Stadt Burgdorf</src>
	</wpt>
	<wpt lat="52.432369601848528" lon="10.01902994525941">
		<name>H-2125</name>
		<cmt>Scharlemannstraße, Jubiwald</cmt>
		<desc>Scharlemannstraße, Jubiwald</desc>
		<src>Stadt Burgdorf</src>
	</wpt>
	<wpt lat="52.433635625795915" lon="10.020659870284465">
		<name>H-2126</name>
		<cmt>Retschystraße/BU24</cmt>
		<desc>Retschystraße/BU24</desc>
		<src>Stadt Burgdorf</src>
	</wpt>
	<wpt lat="52.430361689489985" lon="10.017176565812479">
		<name>H-2127</name>
		<cmt>Grünzug Sportanlage Südstadt</cmt>
		<desc>Grünzug Sportanlage Südstadt</desc>
		<src>Stadt Burgdorf</src>
	</wpt>
	<wpt lat="52.435261508471754" lon="10.028738910751223">
		<name>H-2128</name>
		<cmt>BU26, Verlängerung Peiner Weg</cmt>
		<desc>BU26, Verlängerung Peiner Weg</desc>
		<src>Stadt Burgdorf</src>
	</wpt>
	<wpt lat="52.436043072907637" lon="10.022871949796203">
		<name>H-2129</name>
		<cmt>Grünzug Beatenbergstraße</cmt>
		<desc>Grünzug Beatenbergstraße</desc>
		<src>Stadt Burgdorf</src>
	</wpt>
	<wpt lat="52.436321832831631" lon="10.022810089090523">
		<name>H-2130</name>
		<cmt>Spielplatz Beatenbergstraße</cmt>
		<desc>Spielplatz Beatenbergstraße</desc>
		<src>Stadt Burgdorf</src>
	</wpt>
	<wpt lat="52.439882411708041" lon="10.021143287342099">
		<name>H-2131</name>
		<cmt>Peiner Weg/Schwüblingser Weg</cmt>
		<desc>Peiner Weg/Schwüblingser Weg</desc>
		<src>Stadt Burgdorf</src>
	</wpt>
	<wpt lat="52.440056744490398" lon="10.024431907032287">
		<name>H-2132</name>
		<cmt>Spielplatz Schwüblingser Weg</cmt>
		<desc>Spielplatz Schwüblingser Weg</desc>
		<src>Stadt Burgdorf</src>
	</wpt>
	<wpt lat="52.439063959833582" lon="10.027254199003709">
		<name>H-2133</name>
		<cmt>Spielplatz Leibziger Straße</cmt>
		<desc>Spielplatz Leibziger Straße</desc>
		<src>Stadt Burgdorf</src>
	</wpt>
	<wpt lat="52.442184324399051" lon="10.027481247060994">
		<name>H-2134</name>
		<cmt>Duderstädter Weg vor Spielplatz</cmt>
		<desc>Duderstädter Weg vor Spielplatz</desc>
		<src>Stadt Burgdorf</src>
	</wpt>
	<wpt lat="52.443466031184187" lon="10.028635491490961">
		<name>H-2135</name>
		<cmt>Spielplatz  Elisabeth-Hahne-Straße</cmt>
		<desc>Spielplatz  Elisabeth-Hahne-Straße</desc>
		<src>Stadt Burgdorf</src>
	</wpt>
	<wpt lat="52.443142773690852" lon="10.028621900117564">
		<name>H-2136</name>
		<cmt>Grünzug Elisabeth-Hahne-Straße</cmt>
		<desc>Grünzug Elisabeth-Hahne-Straße</desc>
		<src>Stadt Burgdorf</src>
	</wpt>
	<wpt lat="52.44412750347923" lon="10.028951372205398">
		<name>H-2137</name>
		<cmt>Grünzug Elisabeth-Hahne-Straße</cmt>
		<desc>Grünzug Elisabeth-Hahne-Straße</desc>
		<src>Stadt Burgdorf</src>
	</wpt>
	<wpt lat="52.444642465312704" lon="10.028661483055533">
		<name>H-2138</name>
		<cmt>Grünzug Elisabeth-Hahne-Straße</cmt>
		<desc>Grünzug Elisabeth-Hahne-Straße</desc>
		<src>Stadt Burgdorf</src>
	</wpt>
	<wpt lat="52.444883639393311" lon="10.028017326792561">
		<name>H-2139</name>
		<cmt>Grünzug Elisabeth-Hahne-Straße</cmt>
		<desc>Grünzug Elisabeth-Hahne-Straße</desc>
		<src>Stadt Burgdorf</src>
	</wpt>
	<wpt lat="52.443090983100753" lon="10.034930146098937">
		<name>H-2140</name>
		<cmt>Fliederstraße, Grünfläche am RRB</cmt>
		<desc>Fliederstraße, Grünfläche am RRB</desc>
		<src>Stadt Burgdorf</src>
	</wpt>
	<wpt lat="52.441699420701774" lon="10.017762161158014">
		<name>H-2141</name>
		<cmt>Peiner Weg/Raabeweg</cmt>
		<desc>Peiner Weg/Raabeweg</desc>
		<src>Stadt Burgdorf</src>
	</wpt>
	<wpt lat="52.445932562188794" lon="10.033387646259321">
		<name>H-2142</name>
		<cmt>Spielplatz Zur Papenkuhle</cmt>
		<desc>Spielplatz Zur Papenkuhle</desc>
		<src>Stadt Burgdorf</src>
	</wpt>
	<wpt lat="52.448748612029199" lon="10.0374595221991">
		<name>H-2143</name>
		<cmt>Grünzug Am Walkenmühlenfeld</cmt>
		<desc>Grünzug Am Walkenmühlenfeld</desc>
		<src>Stadt Burgdorf</src>
	</wpt>
	<wpt lat="52.464328431589671" lon="10.050270746052753">
		<name>H-2144</name>
		<cmt>Spielplatz Am Mittelfeld</cmt>
		<desc>Spielplatz Am Mittelfeld</desc>
		<src>Stadt Burgdorf</src>
	</wpt>
	<wpt lat="52.471212592211984" lon="10.050771947664126">
		<name>H-2145</name>
		<cmt>DA29, vor Scheune</cmt>
		<desc>DA29, vor Scheune</desc>
		<src>Stadt Burgdorf</src>
	</wpt>
	<wpt lat="52.463720190220002" lon="10.039194525517535">
		<name>H-2146</name>
		<cmt>L 311, Parkplatz vor Friedhof Sorgensen-Dachtmissen</cmt>
		<desc>L 311, Parkplatz vor Friedhof Sorgensen-Dachtmissen</desc>
		<src>Stadt Burgdorf</src>
	</wpt>
	<wpt lat="52.480090602566534" lon="10.044066937637982">
		<name>H-2147</name>
		<cmt>WE06 Verlängerung Rieheweg</cmt>
		<desc>WE06 Verlängerung Rieheweg</desc>
		<src>Stadt Burgdorf</src>
	</wpt>
	<wpt lat="52.479684709614887" lon="10.046120014645425">
		<name>H-2148</name>
		<cmt>Dorfwiesen, Grünanlage</cmt>
		<desc>Dorfwiesen, Grünanlage</desc>
		<src>Stadt Burgdorf</src>
	</wpt>
	<wpt lat="52.479317322403517" lon="10.053584988114443">
		<name>H-2149</name>
		<cmt>WE25</cmt>
		<desc>WE25</desc>
		<src>Stadt Burgdorf</src>
	</wpt>
	<wpt lat="52.482350981454623" lon="10.057704779746171">
		<name>H-2150</name>
		<cmt>WE25</cmt>
		<desc>WE25</desc>
		<src>Stadt Burgdorf</src>
	</wpt>
	<wpt lat="52.482836008582609" lon="10.048142256188434">
		<name>H-2151</name>
		<cmt>Spielplatz Hastraweg</cmt>
		<desc>Spielplatz Hastraweg</desc>
		<src>Stadt Burgdorf</src>
	</wpt>
	<wpt lat="52.459724130197529" lon="10.028531571580302">
		<name>H-2152</name>
		<cmt>Spielplatz  Am Dorfe</cmt>
		<desc>Spielplatz  Am Dorfe</desc>
		<src>Stadt Burgdorf</src>
	</wpt>
	<wpt lat="52.45878889470773" lon="10.028648803613617">
		<name>H-2153</name>
		<cmt>Riethornweg</cmt>
		<desc>Riethornweg</desc>
		<src>Stadt Burgdorf</src>
	</wpt>
	<wpt lat="52.457405146311487" lon="10.033927255573188">
		<name>H-2154</name>
		<cmt>SO06</cmt>
		<desc>SO06</desc>
		<src>Stadt Burgdorf</src>
	</wpt>
	<wpt lat="52.462854488645341" lon="10.024676668330638">
		<name>H-2155</name>
		<cmt>SO29/SO30</cmt>
		<desc>SO29/SO30</desc>
		<src>Stadt Burgdorf</src>
	</wpt>
	<wpt lat="52.466562221489006" lon="10.021987825378858">
		<name>H-2156</name>
		<cmt>SO30</cmt>
		<desc>SO30</desc>
		<src>Stadt Burgdorf</src>
	</wpt>
	<wpt lat="52.45093894827663" lon="10.011157402188081">
		<name>H-2157</name>
		<cmt>Fröbelweg,</cmt>
		<desc>Fröbelweg,</desc>
		<src>Stadt Burgdorf</src>
	</wpt>
	<wpt lat="52.436188322118625" lon="10.009640304739788">
		<name>H-2158</name>
		<cmt>Depenauer Weg</cmt>
		<desc>Depenauer Weg</desc>
		<src>Stadt Burgdorf</src>
	</wpt>
	<wpt lat="52.445047362918892" lon="9.9900360883710437">
		<name>H-2159</name>
		<cmt>An der Mösch</cmt>
		<desc>An der Mösch</desc>
		<src>Stadt Burgdorf</src>
	</wpt>
	<wpt lat="52.445504334368096" lon="10.000448817694005">
		<name>H-2160</name>
		<cmt>Lehrter  Straße</cmt>
		<desc>Lehrter  Straße</desc>
		<src>Stadt Burgdorf</src>
	</wpt>
	<wpt lat="52.447787923087837" lon="10.000109025043866">
		<name>H-2161</name>
		<cmt>Senator-Hilmer-Straße vor Spielplatz</cmt>
		<desc>Senator-Hilmer-Straße vor Spielplatz</desc>
		<src>Stadt Burgdorf</src>
	</wpt>
	<wpt lat="52.450646061879169" lon="9.9992205702844519">
		<name>H-2162</name>
		<cmt>Lüneburgerstraße</cmt>
		<desc>Lüneburgerstraße</desc>
		<src>Stadt Burgdorf</src>
	</wpt>
	<wpt lat="52.448896298762989" lon="10.002574408313141">
		<name>H-2163</name>
		<cmt>Lehrter Straße, Bahnhof</cmt>
		<desc>Lehrter Straße, Bahnhof</desc>
		<src>Stadt Burgdorf</src>
	</wpt>
	<wpt lat="52.451359437976585" lon="10.000577818481275">
		<name>H-2164</name>
		<cmt>Marris-Mühlen-Weg, Ecke Am Sägewerk</cmt>
		<desc>Marris-Mühlen-Weg, Ecke Am Sägewerk</desc>
		<src>Stadt Burgdorf</src>
	</wpt>
	<wpt lat="52.450240695446396" lon="10.000594210725414">
		<name>H-2165</name>
		<cmt>Marris-Mühlen-Weg</cmt>
		<desc>Marris-Mühlen-Weg</desc>
		<src>Stadt Burgdorf</src>
	</wpt>
	<wpt lat="52.452370928694982" lon="10.000533817382204">
		<name>H-2166</name>
		<cmt>Marris-Mühlen-Weg an der Grünfläche</cmt>
		<desc>Marris-Mühlen-Weg an der Grünfläche</desc>
		<src>Stadt Burgdorf</src>
	</wpt>
	<wpt lat="52.45533589421985" lon="10.000418751856635">
		<name>H-2167</name>
		<cmt>Höhenweg, Marris-Mühlen-Weg</cmt>
		<desc>Höhenweg, Marris-Mühlen-Weg</desc>
		<src>Stadt Burgdorf</src>
	</wpt>
	<wpt lat="52.454915470798589" lon="10.000599952450958">
		<name>H-2168</name>
		<cmt>Spielplatz Marris-Mühlen-Weg</cmt>
		<desc>Spielplatz Marris-Mühlen-Weg</desc>
		<src>Stadt Burgdorf</src>
	</wpt>
	<wpt lat="52.455351677780278" lon="10.004792129864978">
		<name>H-2169</name>
		<cmt>Höhenweg, Rad-/Gehweg</cmt>
		<desc>Höhenweg, Rad-/Gehweg</desc>
		<src>Stadt Burgdorf</src>
	</wpt>
	<wpt lat="52.455951515953487" lon="9.9986188091679562">
		<name>H-2170</name>
		<cmt>Sprosserweg, Grünfläche</cmt>
		<desc>Sprosserweg, Grünfläche</desc>
		<src>Stadt Burgdorf</src>
	</wpt>
	<wpt lat="52.455194195142788" lon="9.9979888967397308">
		<name>H-2171</name>
		<cmt>Höhenweg 8</cmt>
		<desc>Höhenweg 8</desc>
		<src>Stadt Burgdorf</src>
	</wpt>
	<wpt lat="52.455494811288311" lon="9.9973283983308328">
		<name>H-2172</name>
		<cmt>Spielplatz Höhenweg/Sperbergasse</cmt>
		<desc>Spielplatz Höhenweg/Sperbergasse</desc>
		<src>Stadt Burgdorf</src>
	</wpt>
	<wpt lat="52.457614031355952" lon="9.9969467489906201">
		<name>H-2173</name>
		<cmt>Spielplatz Habichtshorst</cmt>
		<desc>Spielplatz Habichtshorst</desc>
		<src>Stadt Burgdorf</src>
	</wpt>
	<wpt lat="52.458479457623227" lon="9.9974608046011291">
		<name>H-2174</name>
		<cmt>Grünzug Gewerbepark</cmt>
		<desc>Grünzug Gewerbepark</desc>
		<src>Stadt Burgdorf</src>
	</wpt>
	<wpt lat="52.458501211135697" lon="10.000208045387573">
		<name>H-2175</name>
		<cmt>Grünzug Gewerbepark</cmt>
		<desc>Grünzug Gewerbepark</desc>
		<src>Stadt Burgdorf</src>
	</wpt>
	<wpt lat="52.45729439508839" lon="9.9813987401314321">
		<name>H-2176</name>
		<cmt>Grünzug Heineckenfeld</cmt>
		<desc>Grünzug Heineckenfeld</desc>
		<src>Stadt Burgdorf</src>
	</wpt>
	<wpt lat="52.456800559730048" lon="9.9795260587609533">
		<name>H-2177</name>
		<cmt>Grünzug Heineckenfeld vor Spielplatz Esteweg</cmt>
		<desc>Grünzug Heineckenfeld vor Spielplatz Esteweg</desc>
		<src>Stadt Burgdorf</src>
	</wpt>
	<wpt lat="52.457457800762889" lon="9.9866807560288215">
		<name>H-2178</name>
		<cmt>Grünzug Nordwest</cmt>
		<desc>Grünzug Nordwest</desc>
		<src>Stadt Burgdorf</src>
	</wpt>
	<wpt lat="52.457345154719924" lon="9.9860105033686306">
		<name>H-2179</name>
		<cmt>Grünzug Nordwest</cmt>
		<desc>Grünzug Nordwest</desc>
		<src>Stadt Burgdorf</src>
	</wpt>
	<wpt lat="52.457345579065134" lon="9.985756811998785">
		<name>H-2180</name>
		<cmt>Grünzug Nordwest vor Kita Pusteblume</cmt>
		<desc>Grünzug Nordwest vor Kita Pusteblume</desc>
		<src>Stadt Burgdorf</src>
	</wpt>
	<wpt lat="52.454201793831558" lon="9.9874722613837914">
		<name>H-2181</name>
		<cmt>Grünzug Nordwest</cmt>
		<desc>Grünzug Nordwest</desc>
		<src>Stadt Burgdorf</src>
	</wpt>
	<wpt lat="52.454230103547388" lon="9.9885315259084688">
		<name>H-2182</name>
		<cmt>Spielplatz Moorstraße</cmt>
		<desc>Spielplatz Moorstraße</desc>
		<src>Stadt Burgdorf</src>
	</wpt>
	<wpt lat="52.455216545555452" lon="9.9891034226384061">
		<name>H-2183</name>
		<cmt>Grünzug Nordwest</cmt>
		<desc>Grünzug Nordwest</desc>
		<src>Stadt Burgdorf</src>
	</wpt>
	<wpt lat="52.456805492750114" lon="9.988093154405302">
		<name>H-2184</name>
		<cmt>Grünzug Nordwest</cmt>
		<desc>Grünzug Nordwest</desc>
		<src>Stadt Burgdorf</src>
	</wpt>
	<wpt lat="52.456444440943542" lon="9.9883253750485608">
		<name>H-2185</name>
		<cmt>Grünzug Nordwest</cmt>
		<desc>Grünzug Nordwest</desc>
		<src>Stadt Burgdorf</src>
	</wpt>
	<wpt lat="52.457410525965116" lon="9.9890116079549109">
		<name>H-2186</name>
		<cmt>Grünzug Nordwest</cmt>
		<desc>Grünzug Nordwest</desc>
		<src>Stadt Burgdorf</src>
	</wpt>
	<wpt lat="52.457574625936431" lon="9.9904283820480178">
		<name>H-2187</name>
		<cmt>Grünzug Nordwest</cmt>
		<desc>Grünzug Nordwest</desc>
		<src>Stadt Burgdorf</src>
	</wpt>
	<wpt lat="52.457779186773323" lon="9.9922329451472294">
		<name>H-2188</name>
		<cmt>Grünzug Nordwest</cmt>
		<desc>Grünzug Nordwest</desc>
		<src>Stadt Burgdorf</src>
	</wpt>
	<wpt lat="52.456168494099238" lon="9.9929548916025315">
		<name>H-2189</name>
		<cmt>Spielplatz Leinemannweg</cmt>
		<desc>Spielplatz Leinemannweg</desc>
		<src>Stadt Burgdorf</src>
	</wpt>
	<wpt lat="52.451428843560286" lon="9.9980530213529555">
		<name>H-2191</name>
		<cmt>Schillerslager Straße/Moorstraße</cmt>
		<desc>Schillerslager Straße/Moorstraße</desc>
		<src>Stadt Burgdorf</src>
	</wpt>
	<wpt lat="52.450671048034273" lon="9.9952485287612305">
		<name>H-2192</name>
		<cmt>Spielplatz Im Hagenfeld</cmt>
		<desc>Spielplatz Im Hagenfeld</desc>
		<src>Stadt Burgdorf</src>
	</wpt>
	<wpt lat="52.451721195350615" lon="9.99345106548388">
		<name>H-2193</name>
		<cmt>Ellerngrund, Grünfläche</cmt>
		<desc>Ellerngrund, Grünfläche</desc>
		<src>Stadt Burgdorf</src>
	</wpt>
	<wpt lat="52.451445390349889" lon="9.9929617908674739">
		<name>H-2194</name>
		<cmt>Ellerngrund, Grünfläche</cmt>
		<desc>Ellerngrund, Grünfläche</desc>
		<src>Stadt Burgdorf</src>
	</wpt>
	<wpt lat="52.449577005309592" lon="9.9917489010559564">
		<name>H-2195</name>
		<cmt>Spielplatz Leuschnerstraße</cmt>
		<desc>Spielplatz Leuschnerstraße</desc>
		<src>Stadt Burgdorf</src>
	</wpt>
	<wpt lat="52.449289950633542" lon="9.991787774793222">
		<name>H-2196</name>
		<cmt>Spielplatz Leuschnerstraße</cmt>
		<desc>Spielplatz Leuschnerstraße</desc>
		<src>Stadt Burgdorf</src>
	</wpt>
	<wpt lat="52.448009181309423" lon="9.9930919265377067">
		<name>H-2197</name>
		<cmt>Spielplatz Reichweinstraße</cmt>
		<desc>Spielplatz Reichweinstraße</desc>
		<src>Stadt Burgdorf</src>
	</wpt>
	<wpt lat="52.445860066652351" lon="9.9938043789580391">
		<name>H-2198</name>
		<cmt>Bonhoefferweg</cmt>
		<desc>Bonhoefferweg</desc>
		<src>Stadt Burgdorf</src>
	</wpt>
	<wpt lat="52.447155212246017" lon="9.9968434698311039">
		<name>H-2199</name>
		<cmt>Geschwister-Scholl-Weg, Spielfläche</cmt>
		<desc>Geschwister-Scholl-Weg, Spielfläche</desc>
		<src>Stadt Burgdorf</src>
	</wpt>
	<wpt lat="52.446770966650838" lon="9.9895232824057096">
		<name>H-2200</name>
		<cmt>Lippoldstraße/Mönkeburgstraße</cmt>
		<desc>Lippoldstraße/Mönkeburgstraße</desc>
		<src>Stadt Burgdorf</src>
	</wpt>
	<wpt lat="52.446519882406591" lon="9.9846417694494498">
		<name>H-2201</name>
		<cmt>Spielplatz Zilleweg</cmt>
		<desc>Spielplatz Zilleweg</desc>
		<src>Stadt Burgdorf</src>
	</wpt>
	<wpt lat="52.454501678468461" lon="9.9856837669913272">
		<name>H-2202</name>
		<cmt>Grünzug Nordwest, Moorstraße</cmt>
		<desc>Grünzug Nordwest, Moorstraße</desc>
		<src>Stadt Burgdorf</src>
	</wpt>
	<wpt lat="52.454390642494729" lon="9.9865499172056023">
		<name>H-2203</name>
		<cmt>Grünzug Nordwest, Moorstraße</cmt>
		<desc>Grünzug Nordwest, Moorstraße</desc>
		<src>Stadt Burgdorf</src>
	</wpt>
	<wpt lat="52.452544462271305" lon="9.9892016164907247">
		<name>H-2204</name>
		<cmt>Grünzug Juistweg</cmt>
		<desc>Grünzug Juistweg</desc>
		<src>Stadt Burgdorf</src>
	</wpt>
	<wpt lat="52.452046678867568" lon="9.9875642228065544">
		<name>H-2205</name>
		<cmt>Grünzug Juistweg</cmt>
		<desc>Grünzug Juistweg</desc>
		<src>Stadt Burgdorf</src>
	</wpt>
	<wpt lat="52.452009568099307" lon="9.9851361318204823">
		<name>H-2206</name>
		<cmt>Grünzug Juistweg</cmt>
		<desc>Grünzug Juistweg</desc>
		<src>Stadt Burgdorf</src>
	</wpt>
	<wpt lat="52.450525287812631" lon="9.9852228231585549">
		<name>H-2207</name>
		<cmt>Spielplatz Norderneystraße</cmt>
		<desc>Spielplatz Norderneystraße</desc>
		<src>Stadt Burgdorf</src>
	</wpt>
	<wpt lat="52.449964252896088" lon="9.9856925457823813">
		<name>H-2208</name>
		<cmt>Grünzug Norderneystraße</cmt>
		<desc>Grünzug Norderneystraße</desc>
		<src>Stadt Burgdorf</src>
	</wpt>
	<wpt lat="52.438025678163982" lon="10.024343313287298">
		<name>H-2209</name>
		<cmt>Ostlandring/Peinerweg</cmt>
		<desc>Ostlandring/Peinerweg</desc>
		<src>Stadt Burgdorf</src>
	</wpt>
	<wpt lat="52.450121663250258" lon="9.9883940491845227">
		<name>H-2210</name>
		<cmt>Grünzug Norderneystraße</cmt>
		<desc>Grünzug Norderneystraße</desc>
		<src>Stadt Burgdorf</src>
	</wpt>
	<wpt lat="52.448809952657271" lon="9.9855917014429103">
		<name>H-2211</name>
		<cmt>Grünzug Langeoogstraße</cmt>
		<desc>Grünzug Langeoogstraße</desc>
		<src>Stadt Burgdorf</src>
	</wpt>
	<wpt lat="52.432247864560352" lon="10.004616519136524">
		<name>H-2212</name>
		<cmt>BU11, Grillplatz Bösselberg</cmt>
		<desc>BU11, Grillplatz Bösselberg</desc>
		<src>Stadt Burgdorf</src>
	</wpt>
	<wpt lat="52.461893052592544" lon="10.048528225137407">
		<name>H-2214</name>
		<cmt>DA03, Grillplatz Dachtmissen</cmt>
		<desc>DA03, Grillplatz Dachtmissen</desc>
		<src>Stadt Burgdorf</src>
	</wpt>
	<wpt lat="52.46009703377382" lon="10.040440661567633">
		<name>H-2215</name>
		<cmt>SO07/SO13</cmt>
		<desc>SO07/SO13</desc>
		<src>Stadt Burgdorf</src>
	</wpt>
	<wpt lat="52.440013177913052" lon="9.9805770640774725">
		<name>H-2216</name>
		<cmt>HE46, Heeßeler Burg</cmt>
		<desc>HE46, Heeßeler Burg</desc>
		<src>Stadt Burgdorf</src>
	</wpt>
	<wpt lat="52.455883483007128" lon="10.065784129023561">
		<name>H-2217</name>
		<cmt>Vita Parcour, DA11/DA14</cmt>
		<desc>Vita Parcour, DA11/DA14</desc>
		<src>Stadt Burgdorf</src>
	</wpt>
	<wpt lat="52.461377832161467" lon="10.072061899641833">
		<name>H-2218</name>
		<cmt>DA15</cmt>
		<desc>DA15</desc>
		<src>Stadt Burgdorf</src>
	</wpt>
	<wpt lat="52.45475795560813" lon="9.969627460012525">
		<name>H-2219</name>
		<cmt>HE03</cmt>
		<desc>HE03</desc>
		<src>Stadt Burgdorf</src>
	</wpt>
	<wpt lat="52.446198377440041" lon="9.9742657190630766">
		<name>H-2220</name>
		<cmt>Spielplatz Eickhoop</cmt>
		<desc>Spielplatz Eickhoop</desc>
		<src>Stadt Burgdorf</src>
	</wpt>
	<wpt lat="52.445539088599048" lon="9.9701127569221324">
		<name>H-2221</name>
		<cmt>Büchenweg</cmt>
		<desc>Büchenweg</desc>
		<src>Stadt Burgdorf</src>
	</wpt>
	<wpt lat="52.442991026190455" lon="9.9758278809484153">
		<name>H-2222</name>
		<cmt>Moormühlenweg/Dorfstraße Grünfläche</cmt>
		<desc>Moormühlenweg/Dorfstraße Grünfläche</desc>
		<src>Stadt Burgdorf</src>
	</wpt>
	<wpt lat="52.440940104007524" lon="9.9688724175616397">
		<name>H-2223</name>
		<cmt>Kohlshornerweg</cmt>
		<desc>Kohlshornerweg</desc>
		<src>Stadt Burgdorf</src>
	</wpt>
	<wpt lat="52.442166567395795" lon="9.9423469443240702">
		<name>H-2224</name>
		<cmt>Spielplatz Am Brink</cmt>
		<desc>Spielplatz Am Brink</desc>
		<src>Stadt Burgdorf</src>
	</wpt>
	<wpt lat="52.442189315601908" lon="9.942386182275488">
		<name>H-2225</name>
		<cmt>Spielplatz Am Brink</cmt>
		<desc>Spielplatz Am Brink</desc>
		<src>Stadt Burgdorf</src>
	</wpt>
	<wpt lat="52.464974362035754" lon="9.9675598938435837">
		<name>H-2226</name>
		<cmt>SC24/SC22</cmt>
		<desc>SC24/SC22</desc>
		<src>Stadt Burgdorf</src>
	</wpt>
	<wpt lat="52.465710611360777" lon="9.9735817613222864">
		<name>H-2227</name>
		<cmt>Spielplatz Im Dorfe</cmt>
		<desc>Spielplatz Im Dorfe</desc>
		<src>Stadt Burgdorf</src>
	</wpt>
	<wpt lat="52.465952223741887" lon="9.9753945062258218">
		<name>H-2228</name>
		<cmt>Im Dorfe 7a</cmt>
		<desc>Im Dorfe 7a</desc>
		<src>Stadt Burgdorf</src>
	</wpt>
	<wpt lat="52.466636192648124" lon="9.9770218874049021">
		<name>H-2229</name>
		<cmt>Im Dorfe/Sprengelstraße 22</cmt>
		<desc>Im Dorfe/Sprengelstraße 22</desc>
		<src>Stadt Burgdorf</src>
	</wpt>
	<wpt lat="52.466967398025979" lon="9.9821330331208546">
		<name>H-2230</name>
		<cmt>Heutrifft 1</cmt>
		<desc>Heutrifft 1</desc>
		<src>Stadt Burgdorf</src>
	</wpt>
	<wpt lat="52.467161175489444" lon="9.9784864109347922">
		<name>H-2231</name>
		<cmt>Rapsfeld, Schützenplatz Schillerslage</cmt>
		<desc>Rapsfeld, Schützenplatz Schillerslage</desc>
		<src>Stadt Burgdorf</src>
	</wpt>
	<wpt lat="52.463772626076143" lon="9.9794324786633926">
		<name>H-2232</name>
		<cmt>SC26/SC27</cmt>
		<desc>SC26/SC27</desc>
		<src>Stadt Burgdorf</src>
	</wpt>
	<wpt lat="52.461553708089617" lon="9.9721301136725469">
		<name>H-2233</name>
		<cmt>SC25/SC67</cmt>
		<desc>SC25/SC67</desc>
		<src>Stadt Burgdorf</src>
	</wpt>
	<wpt lat="52.462803452599992" lon="9.9719004088632577">
		<name>H-2234</name>
		<cmt>SC24</cmt>
		<desc>SC24</desc>
		<src>Stadt Burgdorf</src>
	</wpt>
	<wpt lat="52.468713057066914" lon="9.9804343784905889">
		<name>H-2235</name>
		<cmt>Kita Schillerslage Eingang</cmt>
		<desc>Kita Schillerslage Eingang</desc>
		<src>Stadt Burgdorf</src>
	</wpt>
	<wpt lat="52.468581059565743" lon="9.9803310608813156">
		<name>H-2236</name>
		<cmt>Kita Schillerslage</cmt>
		<desc>Kita Schillerslage</desc>
		<src>Stadt Burgdorf</src>
	</wpt>
	<wpt lat="52.484086873091314" lon="10.015717936723567">
		<name>H-2237</name>
		<cmt>Am Tunnel</cmt>
		<desc>Am Tunnel</desc>
		<src>Stadt Burgdorf</src>
	</wpt>
	<wpt lat="52.432983577285754" lon="10.070564296552483">
		<name>H-2238</name>
		<cmt>Großer Stern, Burgdorfer Holz, Schutzhütte</cmt>
		<desc>Großer Stern, Burgdorfer Holz, Schutzhütte</desc>
		<src>Stadt Burgdorf</src>
	</wpt>
	<wpt lat="52.462436239969954" lon="10.033449863904506">
		<name>H-2240</name>
		<cmt>Hauptstraße/SO15</cmt>
		<desc>Hauptstraße/SO15</desc>
		<src>Stadt Burgdorf</src>
	</wpt>
	<wpt lat="52.48055443612828" lon="10.037341118424182">
		<name>H-2241</name>
		<cmt>WE06</cmt>
		<desc>WE06</desc>
		<src>Stadt Burgdorf</src>
	</wpt>
	<wpt lat="52.483656778019878" lon="10.042418504995403">
		<name>H-2242</name>
		<cmt>WE07/Weferlingser Weg</cmt>
		<desc>WE07/Weferlingser Weg</desc>
		<src>Stadt Burgdorf</src>
	</wpt>
	<wpt lat="52.485553503865013" lon="10.042392302874195">
		<name>H-2243</name>
		<cmt>WE09/WE10</cmt>
		<desc>WE09/WE10</desc>
		<src>Stadt Burgdorf</src>
	</wpt>
	<wpt lat="52.485947693962352" lon="10.020672252015062">
		<name>H-2244</name>
		<cmt>Heeg am Schützenheim</cmt>
		<desc>Heeg am Schützenheim</desc>
		<src>Stadt Burgdorf</src>
	</wpt>
	<wpt lat="52.500152596561755" lon="10.017078618313681">
		<name>H-2245</name>
		<cmt>OT09</cmt>
		<desc>OT09</desc>
		<src>Stadt Burgdorf</src>
	</wpt>
	<wpt lat="52.492802067073868" lon="10.017010380259764">
		<name>H-2246</name>
		<cmt>Celler Weg/OT09</cmt>
		<desc>Celler Weg/OT09</desc>
		<src>Stadt Burgdorf</src>
	</wpt>
	<wpt lat="52.486879584176314" lon="10.006946820054225">
		<name>H-2247</name>
		<cmt>Spielplatz Berghop</cmt>
		<desc>Spielplatz Berghop</desc>
		<src>Stadt Burgdorf</src>
	</wpt>
	<wpt lat="52.489968024933574" lon="10.000271512144174">
		<name>H-2248</name>
		<cmt>OT05</cmt>
		<desc>OT05</desc>
		<src>Stadt Burgdorf</src>
	</wpt>
	<wpt lat="52.486457980237709" lon="9.9954686553860377">
		<name>H-2249</name>
		<cmt>Meerfeld Verlängerung</cmt>
		<desc>Meerfeld Verlängerung</desc>
		<src>Stadt Burgdorf</src>
	</wpt>
	<wpt lat="52.470581800301744" lon="9.9873041826475397">
		<name>H-2250</name>
		<cmt>SC40</cmt>
		<desc>SC40</desc>
		<src>Stadt Burgdorf</src>
	</wpt>
	<wpt lat="52.468600828061255" lon="9.9950709421295372">
		<name>H-2251</name>
		<cmt>SC34/SC35</cmt>
		<desc>SC34/SC35</desc>
		<src>Stadt Burgdorf</src>
	</wpt>
	<wpt lat="52.520670931544551" lon="10.011007244534946">
		<name>H-2259</name>
		<cmt>Waldstraße/RA06</cmt>
		<desc>Waldstraße/RA06</desc>
		<src>Stadt Burgdorf</src>
	</wpt>
	<wpt lat="52.526940247303052" lon="10.021601667696157">
		<name>H-2260</name>
		<cmt>Spielplatz Liegnitzer Straße</cmt>
		<desc>Spielplatz Liegnitzer Straße</desc>
		<src>Stadt Burgdorf</src>
	</wpt>
	<wpt lat="52.530701630563328" lon="10.017644995583673">
		<name>H-2261</name>
		<cmt>IRA56/IRA58 Heideweg Verlängerung/Imkers Gehege</cmt>
		<desc>IRA56/IRA58 Heideweg Verlängerung/Imkers Gehege</desc>
		<src>Stadt Burgdorf</src>
	</wpt>
	<wpt lat="52.521793572117886" lon="10.025864567866028">
		<name>H-2262</name>
		<cmt>Spielplatz Buchenweg</cmt>
		<desc>Spielplatz Buchenweg</desc>
		<src>Stadt Burgdorf</src>
	</wpt>
	<wpt lat="52.515372308886057" lon="10.007484226473499">
		<name>H-2263</name>
		<cmt>Ehlershäuser Weg Kurve</cmt>
		<desc>Ehlershäuser Weg Kurve</desc>
		<src>Stadt Burgdorf</src>
	</wpt>
	<wpt lat="52.511408247123299" lon="9.9871513520415753">
		<name>H-2264</name>
		<cmt>Friedhof Ramlingen vor Zaun</cmt>
		<desc>Friedhof Ramlingen vor Zaun</desc>
		<src>Stadt Burgdorf</src>
	</wpt>
	<wpt lat="52.510400481118012" lon="9.9934481479415478">
		<name>H-2265</name>
		<cmt>Grüne Allee 9</cmt>
		<desc>Grüne Allee 9</desc>
		<src>Stadt Burgdorf</src>
	</wpt>
	<wpt lat="52.434065165074564" lon="9.9628925199571707">
		<name>H-2266</name>
		<cmt>HE30/HE33</cmt>
		<desc>HE30/HE33</desc>
		<src>Stadt Burgdorf</src>
	</wpt>
	<wpt lat="52.436026284524658" lon="9.937892086611674">
		<name>H-2267</name>
		<cmt>BE04</cmt>
		<desc>BE04</desc>
		<src>Stadt Burgdorf</src>
	</wpt>
	<wpt lat="52.460051135422191" lon="10.05576447644189">
		<name>H-2268</name>
		<cmt>DA07</cmt>
		<desc>DA07</desc>
		<src>Stadt Burgdorf</src>
	</wpt>
	<wpt lat="52.452687627338562" lon="10.06093712348885">
		<name>H-2269</name>
		<cmt>DA10/DA08/HUE29</cmt>
		<desc>DA10/DA08/HUE29</desc>
		<src>Stadt Burgdorf</src>
	</wpt>
	<wpt lat="52.471134595238205" lon="10.070473075619796">
		<name>H-2271</name>
		<cmt>DA23</cmt>
		<desc>DA23</desc>
		<src>Stadt Burgdorf</src>
	</wpt>
	<wpt lat="52.455486948842847" lon="9.9792618437711855">
		<name>H-2273</name>
		<cmt>HE 03 am Rand Grünanlagen Heineckenfeld</cmt>
		<desc>HE 03 am Rand Grünanlagen Heineckenfeld</desc>
		<src>Stadt Burgdorf</src>
	</wpt>
	<wpt lat="52.447532024901157" lon="9.9806097994151486">
		<name>H-2274</name>
		<cmt>HE12/HE11/HE06</cmt>
		<desc>HE12/HE11/HE06</desc>
		<src>Stadt Burgdorf</src>
	</wpt>
	<wpt lat="52.452131450438486" lon="9.9538453829860245">
		<name>H-2275</name>
		<cmt>HE03/HE01/HE02</cmt>
		<desc>HE03/HE01/HE02</desc>
		<src>Stadt Burgdorf</src>
	</wpt>
	<wpt lat="52.43178459601495" lon="9.9636204459576039">
		<name>H-2276</name>
		<cmt>HE32/HE38</cmt>
		<desc>HE32/HE38</desc>
		<src>Stadt Burgdorf</src>
	</wpt>
	<wpt lat="52.434901277516154" lon="9.9563351602525554">
		<name>H-2277</name>
		<cmt>HE28/HE29</cmt>
		<desc>HE28/HE29</desc>
		<src>Stadt Burgdorf</src>
	</wpt>
	<wpt lat="52.436312923748133" lon="9.9847075442328421">
		<name>H-2278</name>
		<cmt>HE43/HE44/HE45</cmt>
		<desc>HE43/HE44/HE45</desc>
		<src>Stadt Burgdorf</src>
	</wpt>
	<wpt lat="52.43797307112154" lon="9.9959351538445649">
		<name>H-2279</name>
		<cmt>Lehrter Straße/HE53</cmt>
		<desc>Lehrter Straße/HE53</desc>
		<src>Stadt Burgdorf</src>
	</wpt>
	<wpt lat="52.483600274848257" lon="10.051416747168448">
		<name>H-2280</name>
		<cmt>Hänigser Straße/WE21</cmt>
		<desc>Hänigser Straße/WE21</desc>
		<src>Stadt Burgdorf</src>
	</wpt>
	<wpt lat="52.526692592108596" lon="10.015070134320336">
		<name>H-2281</name>
		<cmt>Waldstraße</cmt>
		<desc>Waldstraße</desc>
		<src>Stadt Burgdorf</src>
	</wpt>
	<wpt lat="52.51684686661347" lon="9.9904961112099784">
		<name>H-2282</name>
		<cmt>IRA54</cmt>
		<desc>IRA54</desc>
		<src>Stadt Burgdorf</src>
	</wpt>
	<wpt lat="52.510516812175986" lon="9.9875833492725583">
		<name>H-2283</name>
		<cmt>Flurstück 288/18, Flur 1, Gem. Ramlingen/Ehlershausen</cmt>
		<desc>Flurstück 288/18, Flur 1, Gem. Ramlingen/Ehlershausen</desc>
		<src>Stadt Burgdorf</src>
	</wpt>
	<wpt lat="52.504332423292063" lon="9.9855887327637198">
		<name>H-2285</name>
		<cmt>IRA70</cmt>
		<desc>IRA70</desc>
		<src>Stadt Burgdorf</src>
	</wpt>
	<wpt lat="52.505053730561393" lon="9.9895028564934005">
		<name>H-2286</name>
		<cmt>IRA72</cmt>
		<desc>IRA72</desc>
		<src>Stadt Burgdorf</src>
	</wpt>
	<wpt lat="52.520828750377895" lon="10.002012787617916">
		<name>H-2287</name>
		<cmt>RA05/IRA24 westlich Golfplatz</cmt>
		<desc>RA05/IRA24 westlich Golfplatz</desc>
		<src>Stadt Burgdorf</src>
	</wpt>
	<wpt lat="52.520935351943962" lon="9.9901190103819069">
		<name>H-2288</name>
		<cmt>RA05/IRA07 Alte Heerstraße</cmt>
		<desc>RA05/IRA07 Alte Heerstraße</desc>
		<src>Stadt Burgdorf</src>
	</wpt>
	<wpt lat="52.520995686398251" lon="9.9837242924840925">
		<name>H-2289</name>
		<cmt>RA04/IRA08/IRA04</cmt>
		<desc>RA04/IRA08/IRA04</desc>
		<src>Stadt Burgdorf</src>
	</wpt>
	<wpt lat="52.49936978254042" lon="9.9891613631134675">
		<name>H-2290</name>
		<cmt>IRA70</cmt>
		<desc>IRA70</desc>
		<src>Stadt Burgdorf</src>
	</wpt>
	<wpt lat="52.512195771840439" lon="10.015419947333994">
		<name>H-2291</name>
		<cmt>RA10</cmt>
		<desc>RA10</desc>
		<src>Stadt Burgdorf</src>
	</wpt>
	<wpt lat="52.533830168869699" lon="9.9901113463832925">
		<name>H-2292</name>
		<cmt>IRA07/IRA59</cmt>
		<desc>IRA07/IRA59</desc>
		<src>Stadt Burgdorf</src>
	</wpt>
	<wpt lat="52.438399603826298" lon="9.9333816608180889">
		<name>H-2293</name>
		<cmt>BE03</cmt>
		<desc>BE03</desc>
		<src>Stadt Burgdorf</src>
	</wpt>
	<wpt lat="52.432751020340056" lon="9.9438151383750757">
		<name>H-2294</name>
		<cmt>BE05/BE06/BE07/HE27</cmt>
		<desc>BE05/BE06/BE07/HE27</desc>
		<src>Stadt Burgdorf</src>
	</wpt>
	<wpt lat="52.443535004384955" lon="9.9542611014518112">
		<name>H-2295</name>
		<cmt>BE10</cmt>
		<desc>BE10</desc>
		<src>Stadt Burgdorf</src>
	</wpt>
	<wpt lat="52.449192598263757" lon="9.9444043541810405">
		<name>H-2296</name>
		<cmt>BE13/HE20</cmt>
		<desc>BE13/HE20</desc>
		<src>Stadt Burgdorf</src>
	</wpt>
	<wpt lat="52.453980738989614" lon="9.9456312675804899">
		<name>H-2297</name>
		<cmt>Oldhorster Moor 3, K 120</cmt>
		<desc>Oldhorster Moor 3, K 120</desc>
		<src>Stadt Burgdorf</src>
	</wpt>
	<wpt lat="52.50690565875275" lon="10.051261146335003">
		<name>H-2298</name>
		<cmt>IOT85</cmt>
		<desc>IOT85</desc>
		<src>Stadt Burgdorf</src>
	</wpt>
	<wpt lat="52.491977770316701" lon="10.047163067226538">
		<name>H-2299</name>
		<cmt>WE12/WE16</cmt>
		<desc>WE12/WE16</desc>
		<src>Stadt Burgdorf</src>
	</wpt>
	<wpt lat="52.489815628325815" lon="10.042152672632458">
		<name>H-2300</name>
		<cmt>WE13</cmt>
		<desc>WE13</desc>
		<src>Stadt Burgdorf</src>
	</wpt>
	<wpt lat="52.500636329720301" lon="10.051065415061599">
		<name>H-2301</name>
		<cmt>WE16/WE20</cmt>
		<desc>WE16/WE20</desc>
		<src>Stadt Burgdorf</src>
	</wpt>
	<wpt lat="52.488881474792208" lon="10.052242675931002">
		<name>H-2302</name>
		<cmt>WE21</cmt>
		<desc>WE21</desc>
		<src>Stadt Burgdorf</src>
	</wpt>
	<wpt lat="52.484583351259694" lon="10.030965907802097">
		<name>H-2303</name>
		<cmt>WE12</cmt>
		<desc>WE12</desc>
		<src>Stadt Burgdorf</src>
	</wpt>
	<wpt lat="52.478212461882876" lon="10.03038085189311">
		<name>H-2304</name>
		<cmt>WE05</cmt>
		<desc>WE05</desc>
		<src>Stadt Burgdorf</src>
	</wpt>
	<wpt lat="52.475665202017765" lon="10.034511476175689">
		<name>H-2305</name>
		<cmt>WE03</cmt>
		<desc>WE03</desc>
		<src>Stadt Burgdorf</src>
	</wpt>
	<wpt lat="52.470407442299745" lon="10.029337390702405">
		<name>H-2306</name>
		<cmt>WE01</cmt>
		<desc>WE01</desc>
		<src>Stadt Burgdorf</src>
	</wpt>
	<wpt lat="52.475849474461121" lon="10.039770062974522">
		<name>H-2307</name>
		<cmt>Friedhof Weferlingsen</cmt>
		<desc>Friedhof Weferlingsen</desc>
		<src>Stadt Burgdorf</src>
	</wpt>
	<wpt lat="52.470711178576316" lon="10.042529914645758">
		<name>H-2308</name>
		<cmt>WE33</cmt>
		<desc>WE33</desc>
		<src>Stadt Burgdorf</src>
	</wpt>
	<wpt lat="52.459275122811292" lon="10.039264843514374">
		<name>H-2309</name>
		<cmt>SO07</cmt>
		<desc>SO07</desc>
		<src>Stadt Burgdorf</src>
	</wpt>
	<wpt lat="52.443239977387229" lon="10.052971535035569">
		<name>H-2310</name>
		<cmt>HUE16/HUE15/HUE07/HUE19</cmt>
		<desc>HUE16/HUE15/HUE07/HUE19</desc>
		<src>Stadt Burgdorf</src>
	</wpt>
	<wpt lat="52.434801992168524" lon="10.049050085378882">
		<name>H-2311</name>
		<cmt>BU36</cmt>
		<desc>BU36</desc>
		<src>Stadt Burgdorf</src>
	</wpt>
	<wpt lat="52.448810946994641" lon="10.052823694187095">
		<name>H-2312</name>
		<cmt>HUE26/B188</cmt>
		<desc>HUE26/B188</desc>
		<src>Stadt Burgdorf</src>
	</wpt>
	<wpt lat="52.451353338965966" lon="10.03795202981479">
		<name>H-2313</name>
		<cmt>Radweg Walkenmühlenbrücke über B188</cmt>
		<desc>Radweg Walkenmühlenbrücke über B188</desc>
		<src>Stadt Burgdorf</src>
	</wpt>
	<wpt lat="52.445494820089564" lon="10.012268892682071">
		<name>H-2314</name>
		<cmt>Schützenplatz, Weg an der Burgdorfer Aue</cmt>
		<desc>Schützenplatz, Weg an der Burgdorfer Aue</desc>
		<src>Stadt Burgdorf</src>
	</wpt>
	<wpt lat="52.512455574000676" lon="10.010239880654447">
		<name>H-2315</name>
		<cmt>Spielplatz Schwarzenbergsfeld</cmt>
		<desc>Spielplatz Schwarzenbergsfeld</desc>
		<src>Stadt Burgdorf</src>
	</wpt>
	<wpt lat="52.438468352029425" lon="9.939739960113231">
		<name>H-2316</name>
		<cmt>BE04/BE5</cmt>
		<desc>BE04/BE5</desc>
		<src>Stadt Burgdorf</src>
	</wpt>
	<wpt lat="52.445983418770666" lon="10.004839106786431">
		<name>H-2317</name>
		<cmt>Marktstraße</cmt>
		<desc>Marktstraße</desc>
		<src>Stadt Burgdorf</src>
	</wpt>
	<wpt lat="52.490418163483106" lon="10.008710517620486">
		<name>H-2318</name>
		<cmt>Spielplatz Kötnerkamp</cmt>
		<desc>Spielplatz Kötnerkamp</desc>
		<src>Stadt Burgdorf</src>
	</wpt>
	<wpt lat="52.439961725521265" lon="10.026171316242756">
		<name>H-2319</name>
		<cmt>Ostlandring/Schwüblingser Weg</cmt>
		<desc>Ostlandring/Schwüblingser Weg</desc>
		<src>Stadt Burgdorf</src>
	</wpt>
	<wpt lat="52.449948366214244" lon="9.9847139803954796">
		<name>H-2320</name>
		<cmt>Ahrbergenweg Höhe Langeoogstraße</cmt>
		<desc>Ahrbergenweg Höhe Langeoogstraße</desc>
		<src>Stadt Burgdorf</src>
	</wpt>
	<wpt lat="52.448785271095808" lon="9.9880665288672894">
		<name>H-2321</name>
		<cmt>Grünzug Langeoogstraße 2e</cmt>
		<desc>Grünzug Langeoogstraße 2e</desc>
		<src>Stadt Burgdorf</src>
	</wpt>
	<wpt lat="52.447251924531159" lon="9.9871669746024754">
		<name>H-2322</name>
		<cmt>Wanderweg Zilleweg zum Ahrbergenweg</cmt>
		<desc>Wanderweg Zilleweg zum Ahrbergenweg</desc>
		<src>Stadt Burgdorf</src>
	</wpt>
	<wpt lat="52.447247390245508" lon="9.9850534929351298">
		<name>H-2323</name>
		<cmt>Wanderweg Zilleweg zum Ahrbergenweg</cmt>
		<desc>Wanderweg Zilleweg zum Ahrbergenweg</desc>
		<src>Stadt Burgdorf</src>
	</wpt>
	<wpt lat="52.447962671848643" lon="9.984598508829297">
		<name>H-2324</name>
		<cmt>Ahrbergenweg auf Höhe Sylster Straße</cmt>
		<desc>Ahrbergenweg auf Höhe Sylster Straße</desc>
		<src>Stadt Burgdorf</src>
	</wpt>
	<wpt lat="52.455146941815357" lon="9.981397514429089">
		<name>H-2325</name>
		<cmt>HE3, verlängerte Moorstraße auf Höhe Elbestraße</cmt>
		<desc>HE3, verlängerte Moorstraße auf Höhe Elbestraße</desc>
		<src>Stadt Burgdorf</src>
	</wpt>
	<wpt lat="52.439818384420839" lon="10.030893561237207">
		<name>H-2326</name>
		<cmt>BU37, verlängerter Schwüblingser Weg auf Höhe RRB</cmt>
		<desc>BU37, verlängerter Schwüblingser Weg auf Höhe RRB</desc>
		<src>Stadt Burgdorf</src>
	</wpt>
	<wpt lat="52.464544051928257" lon="10.033416819173366">
		<name>H-2327</name>
		<cmt>SO 18</cmt>
		<desc>SO 18</desc>
		<src>Stadt Burgdorf</src>
	</wpt>
	<wpt lat="53.840967440836629" lon="8.6235645932024969">
		<name>Cux-901</name>
		<cmt>DBU GmbH</cmt>
		<desc>DBU GmbH</desc>
		<src>Stadt Cuxhaven</src>
	</wpt>
	<wpt lat="51.540332711788487" lon="10.086341627470391">
		<name>GÖ-010</name>
		<cmt>Trinkwassergewinnung; Brunnen Landolfshausen; Am Dorfgemeinschaftshaus Landolfshausen</cmt>
		<desc>Trinkwassergewinnung; Brunnen Landolfshausen; Am Dorfgemeinschaftshaus Landolfshausen</desc>
		<src>Landkreis Göttingen</src>
	</wpt>
	<wpt lat="51.545118621734098" lon="10.244265822796446">
		<name>GÖ-011</name>
		<cmt>Trinkwassergewinnung; Brunnen Ost; B247 Mingerode --&amp;gt; Obernfeld Mingerode</cmt>
		<desc>Trinkwassergewinnung; Brunnen Ost; B247 Mingerode --&amp;gt; Obernfeld Mingerode</desc>
		<src>Landkreis Göttingen</src>
	</wpt>
	<wpt lat="51.611774539280518" lon="10.340723058502071">
		<name>GÖ-012</name>
		<cmt>Trinkwassergewinnung; Brunnen Pöhlde; Am Rötesumpf Pöhlde</cmt>
		<desc>Trinkwassergewinnung; Brunnen Pöhlde; Am Rötesumpf Pöhlde</desc>
		<src>Landkreis Göttingen</src>
	</wpt>
	<wpt lat="51.595209299471136" lon="10.104319433042754">
		<name>GÖ-013</name>
		<cmt>Trinkwassergewinnung; Brunnen Sautal; Rote Eiche Krebeck</cmt>
		<desc>Trinkwassergewinnung; Brunnen Sautal; Rote Eiche Krebeck</desc>
		<src>Landkreis Göttingen</src>
	</wpt>
	<wpt lat="51.535352401848833" lon="10.285566247266061">
		<name>GÖ-001</name>
		<cmt>Trinkwassergewinnung; Hochbehälter Breitenberg; Wartebergstraße Breitenberg</cmt>
		<desc>Trinkwassergewinnung; Hochbehälter Breitenberg; Wartebergstraße Breitenberg</desc>
		<src>Landkreis Göttingen</src>
	</wpt>
	<wpt lat="51.578369875860325" lon="10.095197610229079">
		<name>GÖ-002</name>
		<cmt>Trinkwassergewinnung; Hochbehälter Ebergötzen; Neustadt Ebergötzen</cmt>
		<desc>Trinkwassergewinnung; Hochbehälter Ebergötzen; Neustadt Ebergötzen</desc>
		<src>Landkreis Göttingen</src>
	</wpt>
	<wpt lat="51.509983095321942" lon="10.214224856070777">
		<name>GÖ-003</name>
		<cmt>Trinkwassergewinnung; Hochbehälter Euzenberg; B247n (Duderstadt) Westerode</cmt>
		<desc>Trinkwassergewinnung; Hochbehälter Euzenberg; B247n (Duderstadt) Westerode</desc>
		<src>Landkreis Göttingen</src>
	</wpt>
	<wpt lat="51.600985549802353" lon="10.155958053796576">
		<name>GÖ-004</name>
		<cmt>Trinkwassergewinnung; Hochbehälter Höherberg; Am Höherberg Wollbrandshausen</cmt>
		<desc>Trinkwassergewinnung; Hochbehälter Höherberg; Am Höherberg Wollbrandshausen</desc>
		<src>Landkreis Göttingen</src>
	</wpt>
	<wpt lat="51.586020932834145" lon="10.075556708391993">
		<name>GÖ-005</name>
		<cmt>Trinkwassergewinnung; Hochbehälter Holzerode; Struthkrughof Holzerode</cmt>
		<desc>Trinkwassergewinnung; Hochbehälter Holzerode; Struthkrughof Holzerode</desc>
		<src>Landkreis Göttingen</src>
	</wpt>
	<wpt lat="51.539185552333933" lon="10.084036910510992">
		<name>GÖ-006</name>
		<cmt>Trinkwassergewinnung; Hochbehälter Landolfshausen; Oberdorf Landolfshausen</cmt>
		<desc>Trinkwassergewinnung; Hochbehälter Landolfshausen; Oberdorf Landolfshausen</desc>
		<src>Landkreis Göttingen</src>
	</wpt>
	<wpt lat="51.524632759734537" lon="10.053532540526843">
		<name>GÖ-020</name>
		<cmt>Trinkwassergewinnung; Hochbehälter Mackenrode; Siedlungsweg Mackenrode</cmt>
		<desc>Trinkwassergewinnung; Hochbehälter Mackenrode; Siedlungsweg Mackenrode</desc>
		<src>Landkreis Göttingen</src>
	</wpt>
	<wpt lat="51.569130577191281" lon="10.254859169736346">
		<name>GÖ-007</name>
		<cmt>Trinkwassergewinnung; Hochbehälter Rhumspringe; Hellbergstraße Rüdershausen</cmt>
		<desc>Trinkwassergewinnung; Hochbehälter Rhumspringe; Hellbergstraße Rüdershausen</desc>
		<src>Landkreis Göttingen</src>
	</wpt>
	<wpt lat="51.564963550919863" lon="10.05352753017949">
		<name>GÖ-008</name>
		<cmt>Trinkwassergewinnung; Hochbehälter Waake; Bösinghäuser Weg Waake</cmt>
		<desc>Trinkwassergewinnung; Hochbehälter Waake; Bösinghäuser Weg Waake</desc>
		<src>Landkreis Göttingen</src>
	</wpt>
	<wpt lat="51.511961878476519" lon="10.20625363622891">
		<name>GÖ-016</name>
		<cmt>Trinkwassergewinnung; Messstation Euzenberg; L569 Westerode --&amp;gt; Nesselröden Westerode</cmt>
		<desc>Trinkwassergewinnung; Messstation Euzenberg; L569 Westerode --&amp;gt; Nesselröden Westerode</desc>
		<src>Landkreis Göttingen</src>
	</wpt>
	<wpt lat="51.583270620104791" lon="10.099773667267423">
		<name>GÖ-015</name>
		<cmt>Trinkwassergewinnung; Pumpstation Ellerbach; Neustadt Ebergötzen</cmt>
		<desc>Trinkwassergewinnung; Pumpstation Ellerbach; Neustadt Ebergötzen</desc>
		<src>Landkreis Göttingen</src>
	</wpt>
	<wpt lat="51.547945386051637" lon="10.237048027679881">
		<name>GÖ-017</name>
		<cmt>Trinkwassergewinnung; Wassergewinnungszentrale Obernfeld; B247 Obernfeld --&amp;gt; Mingerode Obernfeld</cmt>
		<desc>Trinkwassergewinnung; Wassergewinnungszentrale Obernfeld; B247 Obernfeld --&amp;gt; Mingerode Obernfeld</desc>
		<src>Landkreis Göttingen</src>
	</wpt>
	<wpt lat="51.59969262833674" lon="10.100690099433256">
		<name>GÖ-018</name>
		<cmt>Trinkwassergewinnung; Wassergewinnungszentrale Renshausen; Kressenanger Renshausen</cmt>
		<desc>Trinkwassergewinnung; Wassergewinnungszentrale Renshausen; Kressenanger Renshausen</desc>
		<src>Landkreis Göttingen</src>
	</wpt>
	<wpt lat="51.589288758251968" lon="10.308588954394445">
		<name>GÖ-014</name>
		<cmt>Trinkwassergewinnung; Wasserwerk Rhume; Lindenstraße Rhumspringe</cmt>
		<desc>Trinkwassergewinnung; Wasserwerk Rhume; Lindenstraße Rhumspringe</desc>
		<src>Landkreis Göttingen</src>
	</wpt>
	<wpt lat="51.572611119703474" lon="10.286213266535954">
		<name>GÖ-019</name>
		<cmt>Trinkwassergewinnung; WMS Hilkerode (Neuenrode); Neuenrode Hilkerode</cmt>
		<desc>Trinkwassergewinnung; WMS Hilkerode (Neuenrode); Neuenrode Hilkerode</desc>
		<src>Landkreis Göttingen</src>
	</wpt>
	<wpt lat="53.817537930669801" lon="8.6309982577273345">
		<name>Cux-908</name>
		<cmt>DBU GmbH</cmt>
		<desc>DBU GmbH</desc>
		<src>Stadt Cuxhaven</src>
	</wpt>
	<wpt lat="53.839899243793532" lon="8.6446153476866474">
		<name>Cux-903</name>
		<cmt>DBU GmbH</cmt>
		<desc>DBU GmbH</desc>
		<src>Stadt Cuxhaven</src>
	</wpt>
	<wpt lat="53.827053402291952" lon="8.6533668945549298">
		<name>Cux-905</name>
		<cmt>DBU GmbH</cmt>
		<desc>DBU GmbH</desc>
		<src>Stadt Cuxhaven</src>
	</wpt>
	<wpt lat="53.807409699187048" lon="8.6571191495263236">
		<name>Cux-909</name>
		<cmt>DBU GmbH</cmt>
		<desc>DBU GmbH</desc>
		<src>Stadt Cuxhaven</src>
	</wpt>
	<wpt lat="53.809387274771019" lon="8.6392059241488788">
		<name>Cux-910</name>
		<cmt>DBU GmbH</cmt>
		<desc>DBU GmbH</desc>
		<src>Stadt Cuxhaven</src>
	</wpt>
	<wpt lat="52.07168" lon="9.97662">
		<name>HI-10028</name>
		<cmt>Matzenborn/Schutzhütte</cmt>
		<desc>Matzenborn/Schutzhütte</desc>
		<src>Salzpfännergilde</src>
	</wpt>
	<wpt lat="52.0719" lon="10.00342">
		<name>HI-10029</name>
		<cmt>Schautafel /Baxmanns Eiche</cmt>
		<desc>Schautafel /Baxmanns Eiche</desc>
		<src>Salzpfännergilde</src>
	</wpt>
	<wpt lat="52.0726" lon="10.0105">
		<name>HI-10030</name>
		<cmt>WaldeingangGegenüber Salzeklinik 1</cmt>
		<desc>WaldeingangGegenüber Salzeklinik 1</desc>
		<src>Salzpfännergilde</src>
	</wpt>
	<wpt lat="52.07228" lon="10.01651">
		<name>HI-10031</name>
		<cmt>Vor der Burg Ecke Pesel</cmt>
		<desc>Vor der Burg Ecke Pesel</desc>
		<src>Salzpfännergilde</src>
	</wpt>
	<wpt lat="52.06801" lon="10.01966">
		<name>HI-10032</name>
		<cmt>Birkenweg 35/Salzpfännergilde</cmt>
		<desc>Birkenweg 35/Salzpfännergilde</desc>
		<src>Salzpfännergilde</src>
	</wpt>
	<wpt lat="52.06122" lon="10.02262">
		<name>HI-10033</name>
		<cmt>Schutzhütte Kuhlager</cmt>
		<desc>Schutzhütte Kuhlager</desc>
		<src>Salzpfännergilde</src>
	</wpt>
	<wpt lat="52.05711" lon="10.01709">
		<name>HI-10034</name>
		<cmt>Waldeingang Schillerstrasse/Wilhelm Rabe- Strasse</cmt>
		<desc>Waldeingang Schillerstrasse/Wilhelm Rabe- Strasse</desc>
		<src>Salzpfännergilde</src>
	</wpt>
	<wpt lat="52.06824" lon="10.04046">
		<name>HI-10035</name>
		<cmt>Detfurther Feldweg/Einmündung Grenzweg</cmt>
		<desc>Detfurther Feldweg/Einmündung Grenzweg</desc>
		<src>Salzpfännergilde</src>
	</wpt>
	<wpt lat="52.07079" lon="10.05436">
		<name>HI-10036</name>
		<cmt>Einfahrt Golfplatz</cmt>
		<desc>Einfahrt Golfplatz</desc>
		<src>Salzpfännergilde</src>
	</wpt>
	<wpt lat="52.06059" lon="10.05228">
		<name>HI-10037</name>
		<cmt>Vereinshaus Golfplatz</cmt>
		<desc>Vereinshaus Golfplatz</desc>
		<src>Salzpfännergilde</src>
	</wpt>
	<wpt lat="52.06551" lon="10.06766">
		<name>HI-10038</name>
		<cmt>Einfahrt Roter Siek</cmt>
		<desc>Einfahrt Roter Siek</desc>
		<src>Salzpfännergilde</src>
	</wpt>
	<wpt lat="53.80428026500136" lon="8.6393453759360739">
		<name>Cux-911</name>
		<cmt>Bundesforst</cmt>
		<desc>Bundesforst</desc>
		<src>Stadt Cuxhaven</src>
	</wpt>
	<wpt lat="51.886390399" lon="10.475001952">
		<name>GS-710</name>
		<cmt>Einfahrt Okertaler Mineralbrunnen</cmt>
		<desc>Einfahrt Okertaler Mineralbrunnen</desc>
		<src>Stadtforst Goslar, KöR</src>
	</wpt>
	<wpt lat="51.884870955" lon="10.461035853">
		<name>GS-711</name>
		<cmt>Tanzplatz</cmt>
		<desc>Tanzplatz</desc>
		<src>Stadtforst Goslar, KöR</src>
	</wpt>
	<wpt lat="51.895226724" lon="10.394841132">
		<name>GS-700</name>
		<cmt>Parkplatz "Unter den Eichen"</cmt>
		<desc>Parkplatz "Unter den Eichen"</desc>
		<src>Stadtforst Goslar, KöR</src>
	</wpt>
	<wpt lat="51.880634174" lon="10.380780189">
		<name>GS-701</name>
		<cmt>Glockenberg "Alte Schiefergrube"</cmt>
		<desc>Glockenberg "Alte Schiefergrube"</desc>
		<src>Stadtforst Goslar, KöR</src>
	</wpt>
	<wpt lat="51.90401523" lon="10.41038456">
		<name>GS-702</name>
		<cmt>Zepelinhaus am Steinberg</cmt>
		<desc>Zepelinhaus am Steinberg</desc>
		<src>Stadtforst Goslar, KöR</src>
	</wpt>
	<wpt lat="51.885268002" lon="10.421049886">
		<name>GS-703</name>
		<cmt>Herzberger Teich, Wintertal</cmt>
		<desc>Herzberger Teich, Wintertal</desc>
		<src>Stadtforst Goslar, KöR</src>
	</wpt>
	<wpt lat="51.895450658" lon="10.462582505">
		<name>GS-704</name>
		<cmt>Forsthaus Ammental</cmt>
		<desc>Forsthaus Ammental</desc>
		<src>Stadtforst Goslar, KöR</src>
	</wpt>
	<wpt lat="51.900681269" lon="10.447673561">
		<name>GS-705</name>
		<cmt>Parkplatz Kaiserweg</cmt>
		<desc>Parkplatz Kaiserweg</desc>
		<src>Stadtforst Goslar, KöR</src>
	</wpt>
	<wpt lat="51.878873296" lon="10.431369257">
		<name>GS-706</name>
		<cmt>"Waldschrathütte" Windeweg</cmt>
		<desc>"Waldschrathütte" Windeweg</desc>
		<src>Stadtforst Goslar, KöR</src>
	</wpt>
	<wpt lat="51.86274411" lon="10.416683657">
		<name>GS-707</name>
		<cmt>Kreuzung Fastweg, "Heiligenberg"</cmt>
		<desc>Kreuzung Fastweg, "Heiligenberg"</desc>
		<src>Stadtforst Goslar, KöR</src>
	</wpt>
	<wpt lat="51.864791498" lon="10.383870752">
		<name>GS-708</name>
		<cmt>Bärentalkurve</cmt>
		<desc>Bärentalkurve</desc>
		<src>Stadtforst Goslar, KöR</src>
	</wpt>
	<wpt lat="51.872141247" lon="10.449192158">
		<name>GS-709</name>
		<cmt>Auerhahnplatz</cmt>
		<desc>Auerhahnplatz</desc>
		<src>Stadtforst Goslar, KöR</src>
	</wpt>
	<wpt lat="51.894096127" lon="10.429287903">
		<name>GS-712</name>
		<cmt>Einfahrt Windeweg</cmt>
		<desc>Einfahrt Windeweg</desc>
		<src>Stadtforst Goslar, KöR</src>
	</wpt>
	<wpt lat="51.893748313" lon="10.405925786">
		<name>GS-713</name>
		<cmt>"Haus Gosetal", Einfahrt Schleifweg</cmt>
		<desc>"Haus Gosetal", Einfahrt Schleifweg</desc>
		<src>Stadtforst Goslar, KöR</src>
	</wpt>
	<wpt lat="51.873518121" lon="10.408472395">
		<name>GS-714</name>
		<cmt>"Volksbankhütte", Herzberger Weg</cmt>
		<desc>"Volksbankhütte", Herzberger Weg</desc>
		<src>Stadtforst Goslar, KöR</src>
	</wpt>
	<wpt lat="51.882739239" lon="10.401054494">
		<name>GS-715</name>
		<cmt>Einfahrt Kückenkorbsweg</cmt>
		<desc>Einfahrt Kückenkorbsweg</desc>
		<src>Stadtforst Goslar, KöR</src>
	</wpt>
	<wpt lat="51.876982924" lon="10.400943414">
		<name>GS-716</name>
		<cmt>Einfahrt Steinweg</cmt>
		<desc>Einfahrt Steinweg</desc>
		<src>Stadtforst Goslar, KöR</src>
	</wpt>
	<wpt lat="51.875874259" lon="10.386728912">
		<name>GS-717</name>
		<cmt>Einfahrt Glockenberg-Parkplatz</cmt>
		<desc>Einfahrt Glockenberg-Parkplatz</desc>
		<src>Stadtforst Goslar, KöR</src>
	</wpt>
	<wpt lat="51.88949751" lon="10.399300986">
		<name>GS-718</name>
		<cmt>Einfahrt Harzcamp</cmt>
		<desc>Einfahrt Harzcamp</desc>
		<src>Stadtforst Goslar, KöR</src>
	</wpt>
	<wpt lat="51.902467668" lon="10.400619245">
		<name>GS-719</name>
		<cmt>Oberer Steinbergparkplatz, Schranke</cmt>
		<desc>Oberer Steinbergparkplatz, Schranke</desc>
		<src>Stadtforst Goslar, KöR</src>
	</wpt>
	<wpt lat="51.910957723" lon="10.405324612">
		<name>GS-720</name>
		<cmt>Einfahrt Schieferweg</cmt>
		<desc>Einfahrt Schieferweg</desc>
		<src>Stadtforst Goslar, KöR</src>
	</wpt>
	<wpt lat="51.910271763" lon="10.474961937">
		<name>GS-721</name>
		<cmt>Kläranlage Sudmerberg</cmt>
		<desc>Kläranlage Sudmerberg</desc>
		<src>Stadtforst Goslar, KöR</src>
	</wpt>
	<wpt lat="51.919836974" lon="10.46773796">
		<name>GS-722</name>
		<cmt>Schützenhaus Sudmerberg</cmt>
		<desc>Schützenhaus Sudmerberg</desc>
		<src>Stadtforst Goslar, KöR</src>
	</wpt>
	<wpt lat="53.081086356672671" lon="10.514381672183813">
		<name>UE-035</name>
		<cmt>K 44/K 49; Seedorf - Ortsmitte</cmt>
		<desc>K 44/K 49; Seedorf - Ortsmitte</desc>
		<src>Niedersächsische Landesforsten</src>
	</wpt>
	<wpt lat="51.582037469393306" lon="10.352074681838486">
		<name>OHA-701</name>
		<cmt>von Pöhlde &amp;gt; Rhumspringe, in scharfer Rechtskurve hinter Pöhlde Feldweg links, Waldpädagogikzentrum Haus Rotenberg</cmt>
		<desc>von Pöhlde &amp;gt; Rhumspringe, in scharfer Rechtskurve hinter Pöhlde Feldweg links, Waldpädagogikzentrum Haus Rotenberg</desc>
		<src>Niedersächsische Landesforsten</src>
	</wpt>
	<wpt lat="51.606518328756501" lon="10.510017931322709">
		<name>OHA-424</name>
		<cmt>Steinatal; Parkplatz Waldschänke</cmt>
		<desc>Steinatal; Parkplatz Waldschänke</desc>
		<src>Niedersächsische Landesforsten</src>
	</wpt>
	<wpt lat="51.592972665082847" lon="10.517162937039114">
		<name>OHA-425</name>
		<cmt>Ortsmitte Steina, Abzweigung K 15 nach Bad Sachsa</cmt>
		<desc>Ortsmitte Steina, Abzweigung K 15 nach Bad Sachsa</desc>
		<src>Niedersächsische Landesforsten</src>
	</wpt>
	<wpt lat="51.590548597792548" lon="10.490905899789709">
		<name>OHA-426</name>
		<cmt>B243 Osterhagen, Bahnübergang</cmt>
		<desc>B243 Osterhagen, Bahnübergang</desc>
		<src>Niedersächsische Landesforsten</src>
	</wpt>
	<wpt lat="51.682020425134482" lon="10.572828606022291">
		<name>GS-455</name>
		<cmt>B 27 Bad Lauterberg - Braunlage; Einmündung Steigerweg (Abt. 2114/2108)</cmt>
		<desc>B 27 Bad Lauterberg - Braunlage; Einmündung Steigerweg (Abt. 2114/2108)</desc>
		<src>Niedersächsische Landesforsten</src>
	</wpt>
	<wpt lat="51.80308" lon="9.670059">
		<name>NOM-826</name>
		<cmt>Schützenhaus Dassel. Zu erreichen über die Schützenstraße.</cmt>
		<desc>Schützenhaus Dassel. Zu erreichen über die Schützenstraße.</desc>
		<src>Forstgenossenschaft Dassel</src>
	</wpt>
	<wpt lat="51.790317" lon="9.670815">
		<name>NOM-827</name>
		<cmt>Altes Forsthaus Schüneweg. Zu erreichen aus Dassel Richtung Sievershausen auf der "Sievershäuserstraße" nach der starken Linkskurve ist auf der rechten Seite der Feldweg, an dem Notfalltreffpunkt ist komplett asphaltiert.</cmt>
		<desc>Altes Forsthaus Schüneweg. Zu erreichen aus Dassel Richtung Sievershausen auf der "Sievershäuserstraße" nach der starken Linkskurve ist auf der rechten Seite der Feldweg, an dem Notfalltreffpunkt ist komplett asphaltiert.</desc>
		<src>Forstgenossenschaft Dassel</src>
	</wpt>
	<wpt lat="51.796538" lon="9.704087">
		<name>NOM-828</name>
		<cmt>Kläranlage Dassel. Zu erreichen über die Straße "Am Burgberg". Notfalltreffpunkt ist gegenüber der Kläranlage am Feldwegeingang.</cmt>
		<desc>Kläranlage Dassel. Zu erreichen über die Straße "Am Burgberg". Notfalltreffpunkt ist gegenüber der Kläranlage am Feldwegeingang.</desc>
		<src>Forstgenossenschaft Dassel</src>
	</wpt>
	<wpt lat="52.447817152633426" lon="9.9805839078894749">
		<name>H-2328</name>
		<cmt>Rohrkampsweg , HE 8</cmt>
		<desc>Rohrkampsweg , HE 8</desc>
		<src>Stadt Burgdorf</src>
	</wpt>
	<wpt lat="52.900784" lon="10.210639">
		<name>CE-200</name>
		<cmt>Östlich Schmarbeck</cmt>
		<desc>Östlich Schmarbeck</desc>
		<src>FBG Celler Land</src>
	</wpt>
	<wpt lat="53.060557484973224" lon="9.8832726250152216">
		<name>HK 219</name>
		<cmt/>
		<desc/>
		<src>LWK NDS FoA Nordheide-Heidmark</src>
	</wpt>
	<wpt lat="53.064835639795511" lon="9.9068966482470682">
		<name>HK 220</name>
		<cmt/>
		<desc/>
		<src>LWK NDS FoA Nordheide-Heidmark</src>
	</wpt>
	<wpt lat="53.065758307664893" lon="9.9381026282323912">
		<name>HK 221</name>
		<cmt/>
		<desc/>
		<src>LWK NDS FoA Nordheide-Heidmark</src>
	</wpt>
	<wpt lat="53.058376851642777" lon="9.9508753407713044">
		<name>HK 222</name>
		<cmt/>
		<desc/>
		<src>LWK NDS FoA Nordheide-Heidmark</src>
	</wpt>
	<wpt lat="53.04050766200686" lon="9.8611074907797533">
		<name>HK 223</name>
		<cmt/>
		<desc/>
		<src>LWK NDS FoA Nordheide-Heidmark</src>
	</wpt>
	<wpt lat="53.041594206661344" lon="9.8896305288698443">
		<name>HK 224</name>
		<cmt/>
		<desc/>
		<src>LWK NDS FoA Nordheide-Heidmark</src>
	</wpt>
	<wpt lat="53.044280347519951" lon="9.9145532905688718">
		<name>HK 225</name>
		<cmt/>
		<desc/>
		<src>LWK NDS FoA Nordheide-Heidmark</src>
	</wpt>
	<wpt lat="53.823499646046194" lon="8.6442381631207734">
		<name>Cux-906</name>
		<cmt>DBU GmbH</cmt>
		<desc>DBU GmbH</desc>
		<src>Stadt Cuxhaven</src>
	</wpt>
	<wpt lat="53.043676415324242" lon="9.9578050435046368">
		<name>HK 227</name>
		<cmt/>
		<desc/>
		<src>LWK NDS FoA Nordheide-Heidmark</src>
	</wpt>
	<wpt lat="53.038195185384545" lon="9.9646707910489081">
		<name>HK 228</name>
		<cmt/>
		<desc/>
		<src>LWK NDS FoA Nordheide-Heidmark</src>
	</wpt>
	<wpt lat="53.025539056404156" lon="9.9568279165790248">
		<name>HK 229</name>
		<cmt/>
		<desc/>
		<src>LWK NDS FoA Nordheide-Heidmark</src>
	</wpt>
	<wpt lat="53.024161604333521" lon="9.9472051855719954">
		<name>HK 230</name>
		<cmt/>
		<desc/>
		<src>LWK NDS FoA Nordheide-Heidmark</src>
	</wpt>
	<wpt lat="52.998968443492672" lon="9.9510904319046745">
		<name>HK 231</name>
		<cmt/>
		<desc/>
		<src>LWK NDS FoA Nordheide-Heidmark</src>
	</wpt>
	<wpt lat="53.815332405243083" lon="8.6067775355234684">
		<name>Cux-915</name>
		<cmt>DBU GmbH</cmt>
		<desc>DBU GmbH</desc>
		<src>Stadt Cuxhaven</src>
	</wpt>
	<wpt lat="52.997537997027287" lon="9.9335179462627714">
		<name>HK 232</name>
		<cmt/>
		<desc/>
		<src>LWK NDS FoA Nordheide-Heidmark</src>
	</wpt>
	<wpt lat="53.133890271391124" lon="9.8240892293218884">
		<name>HK 210</name>
		<cmt/>
		<desc/>
		<src>LWK NDS FoA Nordheide-Heidmark</src>
	</wpt>
	<wpt lat="53.835142489035782" lon="8.6275970234732409">
		<name>Cux-902</name>
		<cmt>DBU GmbH</cmt>
		<desc>DBU GmbH</desc>
		<src>Stadt Cuxhaven</src>
	</wpt>
	<wpt lat="53.834667796197621" lon="8.6426181785137572">
		<name>Cux-904</name>
		<cmt>DBU GmbH</cmt>
		<desc>DBU GmbH</desc>
		<src>Stadt Cuxhaven</src>
	</wpt>
	<wpt lat="53.806884132844615" lon="8.6106301286318541">
		<name>Cux-914</name>
		<cmt>DBU GmbH</cmt>
		<desc>DBU GmbH</desc>
		<src>Stadt Cuxhaven</src>
	</wpt>
	<wpt lat="53.828293002876336" lon="8.6075673355281381">
		<name>Cux-917</name>
		<cmt>DBU GmbH</cmt>
		<desc>DBU GmbH</desc>
		<src>Stadt Cuxhaven</src>
	</wpt>
	<wpt lat="53.818984178806268" lon="8.6531441537221507">
		<name>Cux-907</name>
		<cmt>DBU GmbH</cmt>
		<desc>DBU GmbH</desc>
		<src>Stadt Cuxhaven</src>
	</wpt>
	<wpt lat="53.824181278087423" lon="8.6041333516281018">
		<name>Cux-916</name>
		<cmt>DBU GmbH</cmt>
		<desc>DBU GmbH</desc>
		<src>Stadt Cuxhaven</src>
	</wpt>
	<wpt lat="52.843597082575094" lon="10.405229132206308">
		<name>UE-301</name>
		<cmt>Hösseringen Landtagsplatz Einfahrt Parkplatz</cmt>
		<desc>Hösseringen Landtagsplatz Einfahrt Parkplatz</desc>
		<src>LWK NDS FoA Uelzen</src>
	</wpt>
	<wpt lat="52.858691978895479" lon="10.539339973912876">
		<name>UE-302</name>
		<cmt>Stadensen, Brücke Neumühle</cmt>
		<desc>Stadensen, Brücke Neumühle</desc>
		<src>LWK NDS FoA Uelzen</src>
	</wpt>
	<wpt lat="52.87038980571203" lon="10.53159723767075">
		<name>UE-303</name>
		<cmt>Stadensen, Verlängerung Hösseringer Weg</cmt>
		<desc>Stadensen, Verlängerung Hösseringer Weg</desc>
		<src>LWK NDS FoA Uelzen</src>
	</wpt>
	<wpt lat="52.872233309897126" lon="10.4638489179718">
		<name>UE-304</name>
		<cmt>Suderburg, Verlängerung Poopelreunsweg</cmt>
		<desc>Suderburg, Verlängerung Poopelreunsweg</desc>
		<src>LWK NDS FoA Uelzen</src>
	</wpt>
	<wpt lat="52.868511655738317" lon="10.403508557400119">
		<name>UE-305</name>
		<cmt>Räber, Sprengberg Richtung Aussichtsturm</cmt>
		<desc>Räber, Sprengberg Richtung Aussichtsturm</desc>
		<src>LWK NDS FoA Uelzen</src>
	</wpt>
	<wpt lat="52.875783333696219" lon="10.37753149423509">
		<name>UE-306</name>
		<cmt>Räber&amp;gt;&amp;gt;Neuensothrieth an der Höhe 114</cmt>
		<desc>Räber&amp;gt;&amp;gt;Neuensothrieth an der Höhe 114</desc>
		<src>LWK NDS FoA Uelzen</src>
	</wpt>
	<wpt lat="52.888163491776147" lon="10.386752916446286">
		<name>UE-307</name>
		<cmt>Räber&amp;gt;&amp;gt;Dreilingen Ende der Asphaltstraße</cmt>
		<desc>Räber&amp;gt;&amp;gt;Dreilingen Ende der Asphaltstraße</desc>
		<src>LWK NDS FoA Uelzen</src>
	</wpt>
	<wpt lat="52.917491493586482" lon="10.388136006887279">
		<name>UE-308</name>
		<cmt>K9 Bahnsen&amp;gt;&amp;gt;Dreilingen, dann &amp;gt; Neuensotrieth</cmt>
		<desc>K9 Bahnsen&amp;gt;&amp;gt;Dreilingen, dann &amp;gt; Neuensotrieth</desc>
		<src>LWK NDS FoA Uelzen</src>
	</wpt>
	<wpt lat="52.92706218192744" lon="10.392310183507112">
		<name>UE-309</name>
		<cmt>Bahnsen, Zum Rahn &amp;gt;&amp;gt; K9</cmt>
		<desc>Bahnsen, Zum Rahn &amp;gt;&amp;gt; K9</desc>
		<src>LWK NDS FoA Uelzen</src>
	</wpt>
	<wpt lat="52.90095704744548" lon="10.477677839386111">
		<name>UE-311</name>
		<cmt>Suderburg, Verlängerung Alte Celler Heerstr.</cmt>
		<desc>Suderburg, Verlängerung Alte Celler Heerstr.</desc>
		<src>LWK NDS FoA Uelzen</src>
	</wpt>
	<wpt lat="52.942799399709621" lon="10.462301108718361">
		<name>UE-312</name>
		<cmt>Böddenstedt, Schulstr. Ende Asphaltierung</cmt>
		<desc>Böddenstedt, Schulstr. Ende Asphaltierung</desc>
		<src>LWK NDS FoA Uelzen</src>
	</wpt>
	<wpt lat="52.940905193902452" lon="10.403171746305384">
		<name>UE-313</name>
		<cmt>K38 Bargfeld &amp;gt;&amp;gt; Bahnsen</cmt>
		<desc>K38 Bargfeld &amp;gt;&amp;gt; Bahnsen</desc>
		<src>LWK NDS FoA Uelzen</src>
	</wpt>
	<wpt lat="52.94689437667931" lon="10.363641045524583">
		<name>UE-314</name>
		<cmt>Bargfeld, Verlängerung Wichtenbecker Weg</cmt>
		<desc>Bargfeld, Verlängerung Wichtenbecker Weg</desc>
		<src>LWK NDS FoA Uelzen</src>
	</wpt>
	<wpt lat="52.962215168896165" lon="10.379086499780176">
		<name>UE-315</name>
		<cmt>Gr. Süstedt &amp;gt;&amp;gt; Dreilingen an der Mastenbahn</cmt>
		<desc>Gr. Süstedt &amp;gt;&amp;gt; Dreilingen an der Mastenbahn</desc>
		<src>LWK NDS FoA Uelzen</src>
	</wpt>
	<wpt lat="52.981394114999716" lon="10.469622015220267">
		<name>UE-316</name>
		<cmt>Barnsen, Stadtweg Abf. Flugplatz</cmt>
		<desc>Barnsen, Stadtweg Abf. Flugplatz</desc>
		<src>LWK NDS FoA Uelzen</src>
	</wpt>
	<wpt lat="52.995583982408299" lon="10.45179104396953">
		<name>UE-317</name>
		<cmt>Melzingen, Mitte &amp;gt;&amp;gt; Immenhofsweg</cmt>
		<desc>Melzingen, Mitte &amp;gt;&amp;gt; Immenhofsweg</desc>
		<src>LWK NDS FoA Uelzen</src>
	</wpt>
	<wpt lat="52.998747297304881" lon="10.363039230063139">
		<name>UE-318</name>
		<cmt>Stadorf, Umspannwerk &amp;gt;&amp;gt; Bullenberg</cmt>
		<desc>Stadorf, Umspannwerk &amp;gt;&amp;gt; Bullenberg</desc>
		<src>LWK NDS FoA Uelzen</src>
	</wpt>
	<wpt lat="52.992010931613585" lon="10.331553827641006">
		<name>UE-319</name>
		<cmt>Ellerndorf&amp;gt;&amp;gt;Altenebstorf Krz. Lindener Weg</cmt>
		<desc>Ellerndorf&amp;gt;&amp;gt;Altenebstorf Krz. Lindener Weg</desc>
		<src>LWK NDS FoA Uelzen</src>
	</wpt>
	<wpt lat="52.958348145987038" lon="10.490874280399733">
		<name>UE-356</name>
		<cmt>Hansen, hinter der Reitanlage, Verlän. Zuweg.</cmt>
		<desc>Hansen, hinter der Reitanlage, Verlän. Zuweg.</desc>
		<src>LWK NDS FoA Uelzen</src>
	</wpt>
	<wpt lat="53.010067220344602" lon="10.343959317053651">
		<name>UE-320</name>
		<cmt>Allenbostel, BÜ DB KM 69,3</cmt>
		<desc>Allenbostel, BÜ DB KM 69,3</desc>
		<src>LWK NDS FoA Uelzen</src>
	</wpt>
	<wpt lat="53.055448049321313" lon="10.336045559223743">
		<name>UE-321</name>
		<cmt>Brauel, Abf K23 in nördliche Richtung folgen</cmt>
		<desc>Brauel, Abf K23 in nördliche Richtung folgen</desc>
		<src>LWK NDS FoA Uelzen</src>
	</wpt>
	<wpt lat="53.103242948424764" lon="10.395977083882862">
		<name>UE-322</name>
		<cmt>L233 Velgen&amp;gt;&amp;gt;Bardenhagen Höhe Parkplatz</cmt>
		<desc>L233 Velgen&amp;gt;&amp;gt;Bardenhagen Höhe Parkplatz</desc>
		<src>LWK NDS FoA Uelzen</src>
	</wpt>
	<wpt lat="53.069404614313378" lon="10.59616089624539">
		<name>UE-324</name>
		<cmt>Bevensen, Kl. Hesebecker Straße Abf. HKB</cmt>
		<desc>Bevensen, Kl. Hesebecker Straße Abf. HKB</desc>
		<src>LWK NDS FoA Uelzen</src>
	</wpt>
	<wpt lat="53.075442434906641" lon="10.605117340030809">
		<name>UE-325</name>
		<cmt>Bevensen, Röbbeler Str. Abf. Sandschellen</cmt>
		<desc>Bevensen, Röbbeler Str. Abf. Sandschellen</desc>
		<src>LWK NDS FoA Uelzen</src>
	</wpt>
	<wpt lat="53.08960319637206" lon="10.611020310632224">
		<name>UE-326</name>
		<cmt>L253 Bevensen&amp;gt;&amp;gt;Römstedt Abf. Sirachsberg</cmt>
		<desc>L253 Bevensen&amp;gt;&amp;gt;Römstedt Abf. Sirachsberg</desc>
		<src>LWK NDS FoA Uelzen</src>
	</wpt>
	<wpt lat="53.11550638413118" lon="10.510038058370894">
		<name>UE-328</name>
		<cmt>Bargdorf, Jelmstorfer Str. &amp;gt;&amp;gt; B4</cmt>
		<desc>Bargdorf, Jelmstorfer Str. &amp;gt;&amp;gt; B4</desc>
		<src>LWK NDS FoA Uelzen</src>
	</wpt>
	<wpt lat="53.095619787334741" lon="10.748443018659527">
		<name>UE-329</name>
		<cmt>L253 Himbergen&amp;gt;&amp;gt;Hohenfier Höhe Parkplatz</cmt>
		<desc>L253 Himbergen&amp;gt;&amp;gt;Hohenfier Höhe Parkplatz</desc>
		<src>LWK NDS FoA Uelzen</src>
	</wpt>
	<wpt lat="53.074197763730091" lon="10.729228052837284">
		<name>UE-330</name>
		<cmt>K4 Weste Bhf.&amp;gt;&amp;gt;Himbergen Abf. Kollendorf</cmt>
		<desc>K4 Weste Bhf.&amp;gt;&amp;gt;Himbergen Abf. Kollendorf</desc>
		<src>LWK NDS FoA Uelzen</src>
	</wpt>
	<wpt lat="53.041895843945625" lon="10.765287243283217">
		<name>UE-331</name>
		<cmt>Probien&amp;gt;&amp;gt;Gr. Malchau</cmt>
		<desc>Probien&amp;gt;&amp;gt;Gr. Malchau</desc>
		<src>LWK NDS FoA Uelzen</src>
	</wpt>
	<wpt lat="53.043081584421472" lon="10.797169831885663">
		<name>UE-332</name>
		<cmt>B191 Bankewitz an der nördlichen Abf.</cmt>
		<desc>B191 Bankewitz an der nördlichen Abf.</desc>
		<src>LWK NDS FoA Uelzen</src>
	</wpt>
	<wpt lat="53.029044028477429" lon="10.765582486528499">
		<name>UE-333</name>
		<cmt>B191 Schwemlitz an der Kreuzung Probien</cmt>
		<desc>B191 Schwemlitz an der Kreuzung Probien</desc>
		<src>LWK NDS FoA Uelzen</src>
	</wpt>
	<wpt lat="53.005443349735579" lon="10.597824090584714">
		<name>UE-334</name>
		<cmt>Molzen, Uelzener Str. in Höhe Bahntunnel</cmt>
		<desc>Molzen, Uelzener Str. in Höhe Bahntunnel</desc>
		<src>LWK NDS FoA Uelzen</src>
	</wpt>
	<wpt lat="52.981039596307411" lon="10.714258614447717">
		<name>UE-335</name>
		<cmt>B493 Rätzlingen&amp;gt;&amp;gt;Rosche Abf. Klein Malchau</cmt>
		<desc>B493 Rätzlingen&amp;gt;&amp;gt;Rosche Abf. Klein Malchau</desc>
		<src>LWK NDS FoA Uelzen</src>
	</wpt>
	<wpt lat="52.99194598721698" lon="10.788042701202853">
		<name>UE-336</name>
		<cmt>B493 Rosche&amp;gt;&amp;gt;Lüchow am Stütenser Kreuz</cmt>
		<desc>B493 Rosche&amp;gt;&amp;gt;Lüchow am Stütenser Kreuz</desc>
		<src>LWK NDS FoA Uelzen</src>
	</wpt>
	<wpt lat="52.994412733725817" lon="10.739955555529566">
		<name>UE-337</name>
		<cmt>Rosche Borger Weg</cmt>
		<desc>Rosche Borger Weg</desc>
		<src>LWK NDS FoA Uelzen</src>
	</wpt>
	<wpt lat="52.969699589522314" lon="10.733675937612734">
		<name>UE-338</name>
		<cmt>Nateln &amp;gt;&amp;gt; Molbath</cmt>
		<desc>Nateln &amp;gt;&amp;gt; Molbath</desc>
		<src>LWK NDS FoA Uelzen</src>
	</wpt>
	<wpt lat="52.969156712819029" lon="10.818137067809184">
		<name>UE-339</name>
		<cmt>K16 Göddenstedt&amp;gt;&amp;gt;Dallahn</cmt>
		<desc>K16 Göddenstedt&amp;gt;&amp;gt;Dallahn</desc>
		<src>LWK NDS FoA Uelzen</src>
	</wpt>
	<wpt lat="52.942334156575235" lon="10.841702974106944">
		<name>UE-340</name>
		<cmt>Grabau, Verlängerung Dammneitzer Weg</cmt>
		<desc>Grabau, Verlängerung Dammneitzer Weg</desc>
		<src>LWK NDS FoA Uelzen</src>
	</wpt>
	<wpt lat="52.924375679584827" lon="10.816854947017847">
		<name>UE-341</name>
		<cmt>Növenthien, Weg Richtung Solkau</cmt>
		<desc>Növenthien, Weg Richtung Solkau</desc>
		<src>LWK NDS FoA Uelzen</src>
	</wpt>
	<wpt lat="52.901093743110501" lon="10.793517966758275">
		<name>UE-342</name>
		<cmt>Bockholt&amp;gt;&amp;gt;Güstau</cmt>
		<desc>Bockholt&amp;gt;&amp;gt;Güstau</desc>
		<src>LWK NDS FoA Uelzen</src>
	</wpt>
	<wpt lat="52.896184229157569" lon="10.75868984980738">
		<name>UE-343</name>
		<cmt>L265 Soltendieck&amp;gt;&amp;gt;Suhlendorf SG Grenze</cmt>
		<desc>L265 Soltendieck&amp;gt;&amp;gt;Suhlendorf SG Grenze</desc>
		<src>LWK NDS FoA Uelzen</src>
	</wpt>
	<wpt lat="52.877147987798025" lon="10.807969766758964">
		<name>UE-344</name>
		<cmt>Varbitz, Schäpinger Weg</cmt>
		<desc>Varbitz, Schäpinger Weg</desc>
		<src>LWK NDS FoA Uelzen</src>
	</wpt>
	<wpt lat="52.866296553750722" lon="10.794904991720671">
		<name>UE-345</name>
		<cmt>K52 Kakau &amp;gt;&amp;gt; Müssingen an der Abf. Varbitz</cmt>
		<desc>K52 Kakau &amp;gt;&amp;gt; Müssingen an der Abf. Varbitz</desc>
		<src>LWK NDS FoA Uelzen</src>
	</wpt>
	<wpt lat="52.851702809114258" lon="10.823917481389959">
		<name>UE-346</name>
		<cmt>Müssingen&amp;gt;&amp;gt;Wiewohl</cmt>
		<desc>Müssingen&amp;gt;&amp;gt;Wiewohl</desc>
		<src>LWK NDS FoA Uelzen</src>
	</wpt>
	<wpt lat="52.847585270567748" lon="10.738830013174264">
		<name>UE-347</name>
		<cmt>Flinten&amp;gt;&amp;gt;Thielitz, an der Biogasanlage vorbei</cmt>
		<desc>Flinten&amp;gt;&amp;gt;Thielitz, an der Biogasanlage vorbei</desc>
		<src>LWK NDS FoA Uelzen</src>
	</wpt>
	<wpt lat="52.898636397315776" lon="10.543505864926392">
		<name>UE-348</name>
		<cmt>Wrestedt, Verlängerung Am Weinberg</cmt>
		<desc>Wrestedt, Verlängerung Am Weinberg</desc>
		<src>LWK NDS FoA Uelzen</src>
	</wpt>
	<wpt lat="52.834465957380893" lon="10.610899729474175">
		<name>UE-349</name>
		<cmt>Reinstorf, Nienwohlder Eck Ende Teerstraße</cmt>
		<desc>Reinstorf, Nienwohlder Eck Ende Teerstraße</desc>
		<src>LWK NDS FoA Uelzen</src>
	</wpt>
	<wpt lat="52.846871250486188" lon="10.553697227620576">
		<name>UE-350</name>
		<cmt>Nienwohlde, Bei den Fischteichen</cmt>
		<desc>Nienwohlde, Bei den Fischteichen</desc>
		<src>LWK NDS FoA Uelzen</src>
	</wpt>
	<wpt lat="52.844006600692687" lon="10.590108130829591">
		<name>UE-351</name>
		<cmt>Nienwohlde, Verlängerung Zum Sowelaken</cmt>
		<desc>Nienwohlde, Verlängerung Zum Sowelaken</desc>
		<src>LWK NDS FoA Uelzen</src>
	</wpt>
	<wpt lat="52.837869315242244" lon="10.571637294180627">
		<name>UE-352</name>
		<cmt>Nienwohlde, Verlängerung Dorfberg</cmt>
		<desc>Nienwohlde, Verlängerung Dorfberg</desc>
		<src>LWK NDS FoA Uelzen</src>
	</wpt>
	<wpt lat="52.800564033757439" lon="10.612761560282097">
		<name>UE-353</name>
		<cmt>Röhrsen Aussenbereich</cmt>
		<desc>Röhrsen Aussenbereich</desc>
		<src>LWK NDS FoA Uelzen</src>
	</wpt>
	<wpt lat="52.850973127654655" lon="10.65916870877351">
		<name>UE-354</name>
		<cmt>Bodenteich, Kanalstraße Parkplatz Schwarzer Berg</cmt>
		<desc>Bodenteich, Kanalstraße Parkplatz Schwarzer Berg</desc>
		<src>LWK NDS FoA Uelzen</src>
	</wpt>
	<wpt lat="52.814298665911174" lon="10.722380076049573">
		<name>UE-355</name>
		<cmt>K63 Langenbrügge&amp;gt;&amp;gt;Schafwedel</cmt>
		<desc>K63 Langenbrügge&amp;gt;&amp;gt;Schafwedel</desc>
		<src>LWK NDS FoA Uelzen</src>
	</wpt>
	<wpt lat="53.114765660309672" lon="9.9123166980997297">
		<name>HK-80</name>
		<cmt>Tütsberg</cmt>
		<desc>Tütsberg</desc>
		<src>Klosterkammerforstbetrieb</src>
	</wpt>
	<wpt lat="53.088445555658659" lon="9.9083932703623443">
		<name>HK-81</name>
		<cmt>Tütsberg-Kreisel</cmt>
		<desc>Tütsberg-Kreisel</desc>
		<src>Klosterkammerforstbetrieb</src>
	</wpt>
	<wpt lat="53.076642266292673" lon="9.9103591948067731">
		<name>HK-82</name>
		<cmt>Kreisforsten</cmt>
		<desc>Kreisforsten</desc>
		<src>Klosterkammerforstbetrieb</src>
	</wpt>
	<wpt lat="53.082903180852142" lon="9.9352959529835392">
		<name>HK-83</name>
		<cmt>B3</cmt>
		<desc>B3</desc>
		<src>Klosterkammerforstbetrieb</src>
	</wpt>
	<wpt lat="52.942101021661351" lon="10.323934965453953">
		<name>UE-200</name>
		<cmt>K9, bei Km 3,0, Ortsdurchfahrt Wichtenbeck, Ecke Hauptstraße/K9</cmt>
		<desc>K9, bei Km 3,0, Ortsdurchfahrt Wichtenbeck, Ecke Hauptstraße/K9</desc>
		<src>Klosterkammerforstbetrieb</src>
	</wpt>
	<wpt lat="52.921749195298659" lon="10.341854097846873">
		<name>UE-201</name>
		<cmt>K9, Ortsmitte Dreilingen, K9, an der Bushaltestelle, Ecke Eimker-Str./ Alte Poststraße</cmt>
		<desc>K9, Ortsmitte Dreilingen, K9, an der Bushaltestelle, Ecke Eimker-Str./ Alte Poststraße</desc>
		<src>Klosterkammerforstbetrieb</src>
	</wpt>
	<wpt lat="52.922519410369127" lon="10.365170469756555">
		<name>UE-202</name>
		<cmt>K9, Ortseingang Niebeck aus Dreilingen kommend, Km 7,3</cmt>
		<desc>K9, Ortseingang Niebeck aus Dreilingen kommend, Km 7,3</desc>
		<src>Klosterkammerforstbetrieb</src>
	</wpt>
	<wpt lat="52.89377992199946" lon="10.335081551669047">
		<name>UE-203</name>
		<cmt>K 47, zwischen Dreilingen und Unterlüß, Wegekreuzung bei Km 5,8</cmt>
		<desc>K 47, zwischen Dreilingen und Unterlüß, Wegekreuzung bei Km 5,8</desc>
		<src>Klosterkammerforstbetrieb</src>
	</wpt>
	<wpt lat="52.870773590984513" lon="10.306816398902754">
		<name>UE-204</name>
		<cmt>K 47, zwischen Dreilingen und Unterlüß, OT Neuensothrieth, bei Km 2,5</cmt>
		<desc>K 47, zwischen Dreilingen und Unterlüß, OT Neuensothrieth, bei Km 2,5</desc>
		<src>Klosterkammerforstbetrieb</src>
	</wpt>
	<wpt lat="52.857984102087336" lon="10.418210733502724">
		<name>UE-205</name>
		<cmt>K 24, Ortsmitte Hösseringen, Ecke Herrstraße/Räberweg</cmt>
		<desc>K 24, Ortsmitte Hösseringen, Ecke Herrstraße/Räberweg</desc>
		<src>Klosterkammerforstbetrieb</src>
	</wpt>
	<wpt lat="52.718064180613773" lon="9.9224408065093801">
		<name>CE-81</name>
		<cmt>L296, zw. Walle und Winsen, Waldparkplatz (km-Stand angeben!)</cmt>
		<desc>L296, zw. Walle und Winsen, Waldparkplatz (km-Stand angeben!)</desc>
		<src>Klosterkammerforstbetrieb</src>
	</wpt>
	<wpt lat="52.727302920608949" lon="9.9724908094199201">
		<name>CE-82</name>
		<cmt>B3, zw. Offen und Wolthausen, km 14,6</cmt>
		<desc>B3, zw. Offen und Wolthausen, km 14,6</desc>
		<src>Klosterkammerforstbetrieb</src>
	</wpt>
	<wpt lat="52.741605109368805" lon="10.073440684879065">
		<name>CE-83</name>
		<cmt>L 240, zw. Eversen und Scheuen, Landhotel Helms, Altensalzkoth 7, 29303 Bergen</cmt>
		<desc>L 240, zw. Eversen und Scheuen, Landhotel Helms, Altensalzkoth 7, 29303 Bergen</desc>
		<src>Klosterkammerforstbetrieb</src>
	</wpt>
	<wpt lat="52.70642641091321" lon="10.080926135826513">
		<name>CE-84</name>
		<cmt>Kreuzung L 240/ K 26</cmt>
		<desc>Kreuzung L 240/ K 26</desc>
		<src>Klosterkammerforstbetrieb</src>
	</wpt>
	<wpt lat="52.742903043774326" lon="10.17063383915854">
		<name>CE-85</name>
		<cmt>Rebberlah, Am Rickberg</cmt>
		<desc>Rebberlah, Am Rickberg</desc>
		<src>Klosterkammerforstbetrieb</src>
	</wpt>
	<wpt lat="51.71295769450343" lon="10.032655593017166">
		<name>NOM-801</name>
		<cmt>B 248 Richtung Imbshausen, vor Ortsausgang NOM rechts, Richtung Tierheim, an Tierheim gerade aus, ca. 600m fahren (entlang der Obstbäume), Treffpunkt FH Fachberg, gut befahrbar, Schwarzdecke</cmt>
		<desc>B 248 Richtung Imbshausen, vor Ortsausgang NOM rechts, Richtung Tierheim, an Tierheim gerade aus, ca. 600m fahren (entlang der Obstbäume), Treffpunkt FH Fachberg, gut befahrbar, Schwarzdecke</desc>
		<src>Klosterkammerforstbetrieb</src>
	</wpt>
	<wpt lat="51.739783272508014" lon="10.075398878821012">
		<name>NOM-802</name>
		<cmt>B 248, hinter Wieberechtshausen rechts abbiegen, über K 408 nach Denkershausen und Lagershausen weiter durch, die S-Kurve Richtung Mandelbeck, Treffpunkt unmittelbar an K409, gut befahrbar, Schwarzdecke</cmt>
		<desc>B 248, hinter Wieberechtshausen rechts abbiegen, über K 408 nach Denkershausen und Lagershausen weiter durch, die S-Kurve Richtung Mandelbeck, Treffpunkt unmittelbar an K409, gut befahrbar, Schwarzdecke</desc>
		<src>Klosterkammerforstbetrieb</src>
	</wpt>
	<wpt lat="51.719740112307441" lon="10.122566834957764">
		<name>NOM-803</name>
		<cmt>B 241, hinter Hammenstedt links über K 410 und dann K 409 durch Elvershausen Richtung Marke, Treffpunkt hinter Ortsschild Marke direkt an K 5, gut befahrbar, Schwarzdecke</cmt>
		<desc>B 241, hinter Hammenstedt links über K 410 und dann K 409 durch Elvershausen Richtung Marke, Treffpunkt hinter Ortsschild Marke direkt an K 5, gut befahrbar, Schwarzdecke</desc>
		<src>Klosterkammerforstbetrieb</src>
	</wpt>
	<wpt lat="51.761148188393506" lon="10.103466690065087">
		<name>NOM-805</name>
		<cmt>B 248, über Imbshausen nach Echte, 1. Möglichkeit rechts abbiegen durch Echter Feld Richtung Willershausen, L525 weiter nach Westerhof, ca. 50m nach Ortsschild 2.rechts, untere Teichstraße folgen ca. 500m aus Ort raus Richtg.Wald, Teerdecke,</cmt>
		<desc>B 248, über Imbshausen nach Echte, 1. Möglichkeit rechts abbiegen durch Echter Feld Richtung Willershausen, L525 weiter nach Westerhof, ca. 50m nach Ortsschild 2.rechts, untere Teichstraße folgen ca. 500m aus Ort raus Richtg.Wald, Teerdecke,</desc>
		<src>Klosterkammerforstbetrieb</src>
	</wpt>
	<wpt lat="51.767332267915798" lon="10.128326616224481">
		<name>NOM-806</name>
		<cmt>B 248, über Imbshausen nach Echte, 1. Möglichkeit rechts abbiegen durch Echter Feld Richtung Willershausen, L525 weiter nach Westerhof, durch den Ort, ca. 150m hinter Ortsschild Treffpunkt direkt an L525, Teerdecke, gut befahrbar</cmt>
		<desc>B 248, über Imbshausen nach Echte, 1. Möglichkeit rechts abbiegen durch Echter Feld Richtung Willershausen, L525 weiter nach Westerhof, durch den Ort, ca. 150m hinter Ortsschild Treffpunkt direkt an L525, Teerdecke, gut befahrbar</desc>
		<src>Klosterkammerforstbetrieb</src>
	</wpt>
	<wpt lat="51.961622962366839" lon="10.018001769972356">
		<name>HI-211</name>
		<cmt>Ortsausgang Lamspringe in Richtung Rhüden, Ecke Am Wasserwerk (L 466)/ Dammstraße</cmt>
		<desc>Ortsausgang Lamspringe in Richtung Rhüden, Ecke Am Wasserwerk (L 466)/ Dammstraße</desc>
		<src>Klosterkammerforstbetrieb</src>
	</wpt>
	<wpt lat="51.951279879961788" lon="10.04043961039404">
		<name>HI-212</name>
		<cmt>Parkplatz vom Grillplatz zw. Lamspringe und Glashütte, "Schwarze Holz"</cmt>
		<desc>Parkplatz vom Grillplatz zw. Lamspringe und Glashütte, "Schwarze Holz"</desc>
		<src>Klosterkammerforstbetrieb</src>
	</wpt>
	<wpt lat="51.893115405263863" lon="10.125524566191027">
		<name>GS-158</name>
		<cmt>Bilderlahe, Am Sportplatz, Ecke Lindenallee (K58) / Petersberg</cmt>
		<desc>Bilderlahe, Am Sportplatz, Ecke Lindenallee (K58) / Petersberg</desc>
		<src>Klosterkammerforstbetrieb</src>
	</wpt>
	<wpt lat="51.924662241024485" lon="9.9106082354830978">
		<name>HI-201</name>
		<cmt>Freden, Badeanstalt (Freibad), Schildhorster Straße 12</cmt>
		<desc>Freden, Badeanstalt (Freibad), Schildhorster Straße 12</desc>
		<src>Klosterkammerforstbetrieb</src>
	</wpt>
	<wpt lat="51.927550922818099" lon="9.9328803109256327">
		<name>HI-202</name>
		<cmt>Am Sauberg, Holzlagerplatz oberhalb (süd-westl.) von Klump in Richtung Schildhorst</cmt>
		<desc>Am Sauberg, Holzlagerplatz oberhalb (süd-westl.) von Klump in Richtung Schildhorst</desc>
		<src>Klosterkammerforstbetrieb</src>
	</wpt>
	<wpt lat="51.943890744996168" lon="9.9389381125746894">
		<name>HI-203</name>
		<cmt>Winzenburg, Zum Apenteich, An der Grillhütte</cmt>
		<desc>Winzenburg, Zum Apenteich, An der Grillhütte</desc>
		<src>Klosterkammerforstbetrieb</src>
	</wpt>
	<wpt lat="51.934253837298698" lon="9.9485931042815849">
		<name>HI-204</name>
		<cmt>Winzenburg, Am Gehrkamp 1, Parkplatz Fischerhütte</cmt>
		<desc>Winzenburg, Am Gehrkamp 1, Parkplatz Fischerhütte</desc>
		<src>Klosterkammerforstbetrieb</src>
	</wpt>
	<wpt lat="51.962070193079178" lon="9.9630199776952644">
		<name>HI-205</name>
		<cmt>Straße zw. Hornsen/ Woltershausen (K 323), Am Transformator-Häuschen</cmt>
		<desc>Straße zw. Hornsen/ Woltershausen (K 323), Am Transformator-Häuschen</desc>
		<src>Klosterkammerforstbetrieb</src>
	</wpt>
	<wpt lat="51.950301996647433" lon="9.9858643950917241">
		<name>HI-206</name>
		<cmt>Waldeingang Hindenburgstraße L 488, Lamspringe Richtung Winzenburg</cmt>
		<desc>Waldeingang Hindenburgstraße L 488, Lamspringe Richtung Winzenburg</desc>
		<src>Klosterkammerforstbetrieb</src>
	</wpt>
	<wpt lat="53.208301723966855" lon="10.297025390724816">
		<name>LG-80</name>
		<cmt>Südergellersen; Ehrenmal</cmt>
		<desc>Südergellersen; Ehrenmal</desc>
		<src>Klosterkammerforstbetrieb</src>
	</wpt>
	<wpt lat="53.17467910469221" lon="10.244085500281834">
		<name>LG-81</name>
		<cmt>Wetzen; K20; Abzweig Marxen a.B.</cmt>
		<desc>Wetzen; K20; Abzweig Marxen a.B.</desc>
		<src>Klosterkammerforstbetrieb</src>
	</wpt>
	<wpt lat="53.200630535350655" lon="10.22562141989431">
		<name>LG-82</name>
		<cmt>Röndahler Kreuz, Kreuzung Putensen/Röndahl/Westergellersen/Wetzen</cmt>
		<desc>Röndahler Kreuz, Kreuzung Putensen/Röndahl/Westergellersen/Wetzen</desc>
		<src>Klosterkammerforstbetrieb</src>
	</wpt>
	<wpt lat="53.198664723933696" lon="10.121314453553858">
		<name>W- 80</name>
		<cmt>K5 Lübberstedt-Eyendorf Km 4,1 Kreuzung mit OHE, Waldparkplatz</cmt>
		<desc>K5 Lübberstedt-Eyendorf Km 4,1 Kreuzung mit OHE, Waldparkplatz</desc>
		<src>Klosterkammerforstbetrieb</src>
	</wpt>
	<wpt lat="53.19528049752995" lon="10.098875763354739">
		<name>WL-81</name>
		<cmt>K5 Lübberstedter Str./Bauerntor, Beschrankter OHE Bahnübergang</cmt>
		<desc>K5 Lübberstedter Str./Bauerntor, Beschrankter OHE Bahnübergang</desc>
		<src>Klosterkammerforstbetrieb</src>
	</wpt>
	<wpt lat="53.210382557776505" lon="10.072327496158524">
		<name>WL-82</name>
		<cmt>L 212 Egestorf-Garlstorf, Km 33,0, Fernsehturm</cmt>
		<desc>L 212 Egestorf-Garlstorf, Km 33,0, Fernsehturm</desc>
		<src>Klosterkammerforstbetrieb</src>
	</wpt>
	<wpt lat="53.235704250962911" lon="10.054934723223305">
		<name>WL-83</name>
		<cmt>L216, Garlstorf-Nindorf; Km 24,3, Abzweig Hamburg Wasser</cmt>
		<desc>L216, Garlstorf-Nindorf; Km 24,3, Abzweig Hamburg Wasser</desc>
		<src>Klosterkammerforstbetrieb</src>
	</wpt>
	<wpt lat="53.263358753445026" lon="10.108313477323772">
		<name>WL-84</name>
		<cmt>Gemeindeverw./Ehrenmal Toppenstedt Hauptstr. 28</cmt>
		<desc>Gemeindeverw./Ehrenmal Toppenstedt Hauptstr. 28</desc>
		<src>Klosterkammerforstbetrieb</src>
	</wpt>
	<wpt lat="53.243635915460821" lon="10.00540120458567">
		<name>WL-85</name>
		<cmt>K 46 Ausgang Hanstedt in Richtung Ollsen, Abzweig „Vor den Bergen“ zum Reiterzentrum</cmt>
		<desc>K 46 Ausgang Hanstedt in Richtung Ollsen, Abzweig „Vor den Bergen“ zum Reiterzentrum</desc>
		<src>Klosterkammerforstbetrieb</src>
	</wpt>
	<wpt lat="53.226260280681643" lon="9.9208502001319729">
		<name>WL-86</name>
		<cmt>K 27 in Wesel  Abzweig „Meninger Weg“</cmt>
		<desc>K 27 in Wesel  Abzweig „Meninger Weg“</desc>
		<src>Klosterkammerforstbetrieb</src>
	</wpt>
	<wpt lat="53.212709926520681" lon="9.9518310521777451">
		<name>WL-87</name>
		<cmt>K 27  Wanderparkplatz zw. Wesel und Undeloh am Heide/Wald –Übergang Abschnitt 30 Station 3,0</cmt>
		<desc>K 27  Wanderparkplatz zw. Wesel und Undeloh am Heide/Wald –Übergang Abschnitt 30 Station 3,0</desc>
		<src>Klosterkammerforstbetrieb</src>
	</wpt>
	<wpt lat="53.210384153066144" lon="9.930405037597076">
		<name>WL-88</name>
		<cmt>Meningen, von Wesel kommend am Hof Meningen 1</cmt>
		<desc>Meningen, von Wesel kommend am Hof Meningen 1</desc>
		<src>Klosterkammerforstbetrieb</src>
	</wpt>
	<wpt lat="53.213133318291788" lon="9.8813796881347784">
		<name>WL-89</name>
		<cmt>Ortseingang Wehlen von Wesel (Wehlener Weg) kommend, Wegekreuzung</cmt>
		<desc>Ortseingang Wehlen von Wesel (Wehlener Weg) kommend, Wegekreuzung</desc>
		<src>Klosterkammerforstbetrieb</src>
	</wpt>
	<wpt lat="53.242610611661348" lon="9.8469292701770943">
		<name>WL-90</name>
		<cmt>Handeloh, Kreuzung Hauptstrasse K 27/Bahnübergang, Hotel Fuchs</cmt>
		<desc>Handeloh, Kreuzung Hauptstrasse K 27/Bahnübergang, Hotel Fuchs</desc>
		<src>Klosterkammerforstbetrieb</src>
	</wpt>
	<wpt lat="53.212158344037952" lon="9.8182237576836453">
		<name>WL-91</name>
		<cmt>B 3, zw. Welle und Wintermoor Abzweig Todtshorn</cmt>
		<desc>B 3, zw. Welle und Wintermoor Abzweig Todtshorn</desc>
		<src>Klosterkammerforstbetrieb</src>
	</wpt>
	<wpt lat="53.075047051140935" lon="9.9665423405875586">
		<name>HK-84</name>
		<cmt>H. Chr. Seebohmring (K39) - Km 7,4 - Ecke Reitplatz Bispingen</cmt>
		<desc>H. Chr. Seebohmring (K39) - Km 7,4 - Ecke Reitplatz Bispingen</desc>
		<src>Klosterkammerforstbetrieb</src>
	</wpt>
	<wpt lat="53.060513577914151" lon="9.9634536819142738">
		<name>HK-85</name>
		<cmt>Soltauer Straße (K2) - Km 11,8 - Asphaltstraße Einfahrt Industriepark Spreewald - Altes Munitionsdepot</cmt>
		<desc>Soltauer Straße (K2) - Km 11,8 - Asphaltstraße Einfahrt Industriepark Spreewald - Altes Munitionsdepot</desc>
		<src>Klosterkammerforstbetrieb</src>
	</wpt>
	<wpt lat="53.065594412258569" lon="9.9779387707990601">
		<name>HK-86</name>
		<cmt>H. Chr. Seebohmring (K39) - Km 5,7 - Einfahrt Abenteuerspielplatz 400m, dann rechts 200m bis Parkplatz</cmt>
		<desc>H. Chr. Seebohmring (K39) - Km 5,7 - Einfahrt Abenteuerspielplatz 400m, dann rechts 200m bis Parkplatz</desc>
		<src>Klosterkammerforstbetrieb</src>
	</wpt>
	<wpt lat="53.057195007068778" lon="9.9916847438077063">
		<name>HK-87</name>
		<cmt>Straße Bispingen - Munster (L211) - Km 2,8 - rechts an der Straße große asphaltierte Einfahrt</cmt>
		<desc>Straße Bispingen - Munster (L211) - Km 2,8 - rechts an der Straße große asphaltierte Einfahrt</desc>
		<src>Klosterkammerforstbetrieb</src>
	</wpt>
	<wpt lat="53.040964772950048" lon="9.9934734288637319">
		<name>HK-88</name>
		<cmt>Töpinger Kreisel, B209 / L211 (B209 Abschnitt 280, Station 4,0)</cmt>
		<desc>Töpinger Kreisel, B209 / L211 (B209 Abschnitt 280, Station 4,0)</desc>
		<src>Klosterkammerforstbetrieb</src>
	</wpt>
	<wpt lat="53.056559957963024" lon="10.027725693542886">
		<name>HK-89</name>
		<cmt>B209, Abfahrt Ilster (K49) (B209 Abschnitt 290, Station 2,7)</cmt>
		<desc>B209, Abfahrt Ilster (K49) (B209 Abschnitt 290, Station 2,7)</desc>
		<src>Klosterkammerforstbetrieb</src>
	</wpt>
	<wpt lat="53.075640216237424" lon="10.061123565533757">
		<name>HK-90</name>
		<cmt>Raubkammerweg (K5) Km 0,3 - kurz vor der B209 - unter der Hochspannungsleitung</cmt>
		<desc>Raubkammerweg (K5) Km 0,3 - kurz vor der B209 - unter der Hochspannungsleitung</desc>
		<src>Klosterkammerforstbetrieb</src>
	</wpt>
	<wpt lat="53.087665208297636" lon="10.095604054235">
		<name>HK-91</name>
		<cmt>B209 - Einfahrt Greifvogelgehege (B209 Abschnitt 310, Station 2,8)</cmt>
		<desc>B209 - Einfahrt Greifvogelgehege (B209 Abschnitt 310, Station 2,8)</desc>
		<src>Klosterkammerforstbetrieb</src>
	</wpt>
	<wpt lat="53.090492826588346" lon="10.045644348970736">
		<name>HK-92</name>
		<cmt>Kreuzung Raubkammerweg (K5) - Km 2,4 - / H. Chr. Seebohmring (K39)</cmt>
		<desc>Kreuzung Raubkammerweg (K5) - Km 2,4 - / H. Chr. Seebohmring (K39)</desc>
		<src>Klosterkammerforstbetrieb</src>
	</wpt>
	<wpt lat="53.118941146320871" lon="10.056127332775436">
		<name>HK-93</name>
		<cmt>Druhwaldstraße (K50) - Km 1,5 - Steinbeck Richtung Hörpel, Waldeinfahrt vor dem Haus Druhwald</cmt>
		<desc>Druhwaldstraße (K50) - Km 1,5 - Steinbeck Richtung Hörpel, Waldeinfahrt vor dem Haus Druhwald</desc>
		<src>Klosterkammerforstbetrieb</src>
	</wpt>
	<wpt lat="53.111740607613918" lon="10.078165207709922">
		<name>HK-94</name>
		<cmt>Eichenhofstraße (K4) - Km 6,4 - von Steinbeck Richtung Schwindebeck Abfahrt H. Chr. Seebohmring (K39)</cmt>
		<desc>Eichenhofstraße (K4) - Km 6,4 - von Steinbeck Richtung Schwindebeck Abfahrt H. Chr. Seebohmring (K39)</desc>
		<src>Klosterkammerforstbetrieb</src>
	</wpt>
	<wpt lat="52.132320910780088" lon="9.6729980973899057">
		<name>H-200</name>
		<cmt>K 208, Eldagsen Richtung Mehle, Parkplatz beim Waldeingang</cmt>
		<desc>K 208, Eldagsen Richtung Mehle, Parkplatz beim Waldeingang</desc>
		<src>Klosterkammerforstbetrieb</src>
	</wpt>
	<wpt lat="52.142625702859057" lon="9.6544999134229741">
		<name>H-201</name>
		<cmt>Forsthaus Wülfinghausen, Waldkaterstraße 1, Waldeingang</cmt>
		<desc>Forsthaus Wülfinghausen, Waldkaterstraße 1, Waldeingang</desc>
		<src>Klosterkammerforstbetrieb</src>
	</wpt>
	<wpt lat="52.14893529862757" lon="9.6429779979440653">
		<name>H-202</name>
		<cmt>Kämpenstr., Waldeingang</cmt>
		<desc>Kämpenstr., Waldeingang</desc>
		<src>Klosterkammerforstbetrieb</src>
	</wpt>
	<wpt lat="52.154169326436438" lon="9.6357186751969532">
		<name>H-203</name>
		<cmt>Altes Forsthaus Farrensen, südwestl. von Eldagsen, Farrenser Straße, Waldeingang</cmt>
		<desc>Altes Forsthaus Farrensen, südwestl. von Eldagsen, Farrenser Straße, Waldeingang</desc>
		<src>Klosterkammerforstbetrieb</src>
	</wpt>
	<wpt lat="52.157245593924294" lon="9.6027244493747297">
		<name>H-204</name>
		<cmt>Bedarfsparkplatz  Gasthaus Holzmühle</cmt>
		<desc>Bedarfsparkplatz  Gasthaus Holzmühle</desc>
		<src>Klosterkammerforstbetrieb</src>
	</wpt>
	<wpt lat="52.260985108779138" lon="9.556882767376937">
		<name>H-210</name>
		<cmt>Pfingstanger, Waldeingang</cmt>
		<desc>Pfingstanger, Waldeingang</desc>
		<src>Klosterkammerforstbetrieb</src>
	</wpt>
	<wpt lat="52.262285770236936" lon="9.5516702353475349">
		<name>H-211</name>
		<cmt>Waldparkplatz Waldkater, Hülsebrinkstraße</cmt>
		<desc>Waldparkplatz Waldkater, Hülsebrinkstraße</desc>
		<src>Klosterkammerforstbetrieb</src>
	</wpt>
	<wpt lat="52.269829258811015" lon="9.5353423359276359">
		<name>H-212</name>
		<cmt>Weg zum Waldfriedhof, Waldeingang Avus</cmt>
		<desc>Weg zum Waldfriedhof, Waldeingang Avus</desc>
		<src>Klosterkammerforstbetrieb</src>
	</wpt>
	<wpt lat="52.291304468280941" lon="9.4776217124210547">
		<name>H-220</name>
		<cmt>Barsinghausen, Ecke Steinweg/ Egestorfer Kirchweg Waldeingang</cmt>
		<desc>Barsinghausen, Ecke Steinweg/ Egestorfer Kirchweg Waldeingang</desc>
		<src>Klosterkammerforstbetrieb</src>
	</wpt>
	<wpt lat="52.295267418413907" lon="9.4641941987298672">
		<name>H-221</name>
		<cmt>Barsinghausen, Ecke Deisterstraße/ Ludwig-Jahn-Straße/ Waldeingang Parkplatz</cmt>
		<desc>Barsinghausen, Ecke Deisterstraße/ Ludwig-Jahn-Straße/ Waldeingang Parkplatz</desc>
		<src>Klosterkammerforstbetrieb</src>
	</wpt>
	<wpt lat="52.316205735404708" lon="9.2867874936598351">
		<name>SHG-202</name>
		<cmt>L 444</cmt>
		<desc>L 444</desc>
		<src>Klosterkammerforstbetrieb</src>
	</wpt>
	<wpt lat="52.335476673129811" lon="9.3155026063791393">
		<name>SHG-203</name>
		<cmt>Försterbrink</cmt>
		<desc>Försterbrink</desc>
		<src>Klosterkammerforstbetrieb</src>
	</wpt>
	<wpt lat="52.374357218222123" lon="9.2950836951879925">
		<name>SHG-204</name>
		<cmt>L 370</cmt>
		<desc>L 370</desc>
		<src>Klosterkammerforstbetrieb</src>
	</wpt>
	<wpt lat="52.393003531018806" lon="9.2973926715700035">
		<name>SHG-205</name>
		<cmt>Aschenweg</cmt>
		<desc>Aschenweg</desc>
		<src>Klosterkammerforstbetrieb</src>
	</wpt>
	<wpt lat="52.245053944094892" lon="9.1816501287997863">
		<name>SHG-206</name>
		<cmt>Am Forsthaus Borstel</cmt>
		<desc>Am Forsthaus Borstel</desc>
		<src>Klosterkammerforstbetrieb</src>
	</wpt>
	<wpt lat="52.282248558427654" lon="9.1712964816639975">
		<name>SHG-207</name>
		<cmt>Parkplatz Sportplatz am Liekwegen</cmt>
		<desc>Parkplatz Sportplatz am Liekwegen</desc>
		<src>Klosterkammerforstbetrieb</src>
	</wpt>
	<wpt lat="52.247773974908718" lon="9.1254855207367189">
		<name>SHG-208</name>
		<cmt>Parkplatz Sportplatz am Krainhegen</cmt>
		<desc>Parkplatz Sportplatz am Krainhegen</desc>
		<src>Klosterkammerforstbetrieb</src>
	</wpt>
	<wpt lat="52.267967" lon="9.250498">
		<name>SHG 101</name>
		<cmt>Obernwöhren Natostation</cmt>
		<desc>Obernwöhren Natostation</desc>
		<src>Landkreis Schaumburg</src>
	</wpt>
	<wpt lat="52.257367" lon="9.192225">
		<name>SHG 102</name>
		<cmt>Bückeberg JBF</cmt>
		<desc>Bückeberg JBF</desc>
		<src>Landkreis Schaumburg</src>
	</wpt>
	<wpt lat="52.277756" lon="9.2329">
		<name>SHG 103</name>
		<cmt>Hörkamp Wormstaler Weg</cmt>
		<desc>Hörkamp Wormstaler Weg</desc>
		<src>Landkreis Schaumburg</src>
	</wpt>
	<wpt lat="52.291464" lon="9.242164">
		<name>SHG 104</name>
		<cmt>Obernwöhren Waldstr.</cmt>
		<desc>Obernwöhren Waldstr.</desc>
		<src>Landkreis Schaumburg</src>
	</wpt>
	<wpt lat="52.285337" lon="9.192936">
		<name>SHG 105</name>
		<cmt>Wendthagen Damenstr.</cmt>
		<desc>Wendthagen Damenstr.</desc>
		<src>Landkreis Schaumburg</src>
	</wpt>
	<wpt lat="52.321356" lon="9.063778">
		<name>SHG 106</name>
		<cmt>Rusbend Rusbender Str.</cmt>
		<desc>Rusbend Rusbender Str.</desc>
		<src>Landkreis Schaumburg</src>
	</wpt>
	<wpt lat="52.332172" lon="9.081803">
		<name>SHG 107</name>
		<cmt>Hespe Waldstr.</cmt>
		<desc>Hespe Waldstr.</desc>
		<src>Landkreis Schaumburg</src>
	</wpt>
	<wpt lat="52.376508" lon="9.147947">
		<name>SHG 108</name>
		<cmt>Niedernwöhren Mittelbrink</cmt>
		<desc>Niedernwöhren Mittelbrink</desc>
		<src>Landkreis Schaumburg</src>
	</wpt>
	<wpt lat="52.391836" lon="9.192772">
		<name>SHG 109</name>
		<cmt>Pollhagen Haupstr</cmt>
		<desc>Pollhagen Haupstr</desc>
		<src>Landkreis Schaumburg</src>
	</wpt>
	<wpt lat="52.389758" lon="9.166056">
		<name>SHG 110</name>
		<cmt>Pollhagen Natenhöher Str</cmt>
		<desc>Pollhagen Natenhöher Str</desc>
		<src>Landkreis Schaumburg</src>
	</wpt>
	<wpt lat="52.410331" lon="9.195167">
		<name>SHG 111</name>
		<cmt>Wölpinghausen Am Forst Spießingshol</cmt>
		<desc>Wölpinghausen Am Forst Spießingshol</desc>
		<src>Landkreis Schaumburg</src>
	</wpt>
	<wpt lat="52.428028" lon="9.259192">
		<name>SHG 112</name>
		<cmt>Wiedenbrügge Auf der Heide</cmt>
		<desc>Wiedenbrügge Auf der Heide</desc>
		<src>Landkreis Schaumburg</src>
	</wpt>
	<wpt lat="52.426306" lon="9.308503">
		<name>SHG 113</name>
		<cmt>Hagenburg Birkenfeld</cmt>
		<desc>Hagenburg Birkenfeld</desc>
		<src>Landkreis Schaumburg</src>
	</wpt>
	<wpt lat="52.410681" lon="9.318504">
		<name>SHG 114</name>
		<cmt>Hagenburg  Schierstr.</cmt>
		<desc>Hagenburg  Schierstr.</desc>
		<src>Landkreis Schaumburg</src>
	</wpt>
	<wpt lat="52.432028" lon="9.392492">
		<name>SHG 115</name>
		<cmt>Wunstorf Hagenburgerstr. P</cmt>
		<desc>Wunstorf Hagenburgerstr. P</desc>
		<src>Landkreis Schaumburg</src>
	</wpt>
	<wpt lat="52.462769" lon="9.398394">
		<name>SHG 116</name>
		<cmt>Großenheidorn Funkenburg</cmt>
		<desc>Großenheidorn Funkenburg</desc>
		<src>Landkreis Schaumburg</src>
	</wpt>
	<wpt lat="52.297306" lon="9.175439">
		<name>SHG 301</name>
		<cmt>B65, Hannoversche Straße, zw. Nienstädt u. Stadthagen, Forstort "Schnatwinkel"</cmt>
		<desc>B65, Hannoversche Straße, zw. Nienstädt u. Stadthagen, Forstort "Schnatwinkel"</desc>
		<src>Landkreis Schaumburg</src>
	</wpt>
	<wpt lat="52.307594" lon="9.185547">
		<name>SHG 302</name>
		<cmt>Stadthagen, Stockfeldstraße (Nähe "MC Donalds"), Forstort "Bruchhof"</cmt>
		<desc>Stadthagen, Stockfeldstraße (Nähe "MC Donalds"), Forstort "Bruchhof"</desc>
		<src>Landkreis Schaumburg</src>
	</wpt>
	<wpt lat="52.363442" lon="9.131064">
		<name>SHG 303</name>
		<cmt>Niedernwöhren, Landwehr Allee/ Waldstraße</cmt>
		<desc>Niedernwöhren, Landwehr Allee/ Waldstraße</desc>
		<src>Landkreis Schaumburg</src>
	</wpt>
	<wpt lat="52.372722" lon="9.098153">
		<name>SHG 304</name>
		<cmt>L770/ K42 + 6, an Landesgrenze NRW/ Nds., Eingang Wirtschaftsweg zur "Mordwiese"</cmt>
		<desc>L770/ K42 + 6, an Landesgrenze NRW/ Nds., Eingang Wirtschaftsweg zur "Mordwiese"</desc>
		<src>Landkreis Schaumburg</src>
	</wpt>
	<wpt lat="52.339475" lon="9.089467">
		<name>SHG 305</name>
		<cmt>Hespe - Hiddensen, Verlängerung Diekstraße, Forstort "Schäfers Tor", "Bad Hiddenser Born"</cmt>
		<desc>Hespe - Hiddensen, Verlängerung Diekstraße, Forstort "Schäfers Tor", "Bad Hiddenser Born"</desc>
		<src>Landkreis Schaumburg</src>
	</wpt>
	<wpt lat="52.3444" lon="9.033294">
		<name>SHG 306</name>
		<cmt>Quetzen, Zum Plasskamp/ Jägerweg, Landesgrenze NRW/ Nds.</cmt>
		<desc>Quetzen, Zum Plasskamp/ Jägerweg, Landesgrenze NRW/ Nds.</desc>
		<src>Landkreis Schaumburg</src>
	</wpt>
	<wpt lat="52.330667" lon="9.052722">
		<name>SHG 307</name>
		<cmt>L450, zw. Bückeburg - Rusbend u. Quetzen, "Schloss Baum"</cmt>
		<desc>L450, zw. Bückeburg - Rusbend u. Quetzen, "Schloss Baum"</desc>
		<src>Landkreis Schaumburg</src>
	</wpt>
	<wpt lat="52.310267" lon="9.044447">
		<name>SHG 308</name>
		<cmt>Bückeburg - Rusbend, Straße "Am Schaumburger Wald", Parkplatz Revierförsterei</cmt>
		<desc>Bückeburg - Rusbend, Straße "Am Schaumburger Wald", Parkplatz Revierförsterei</desc>
		<src>Landkreis Schaumburg</src>
	</wpt>
	<wpt lat="52.306767" lon="9.016892">
		<name>SHG 309</name>
		<cmt>Kreuzung K1/ K3, zw. Bückeburg - Meinsen u. Cammer, Eingang "Rusbenderstraße"</cmt>
		<desc>Kreuzung K1/ K3, zw. Bückeburg - Meinsen u. Cammer, Eingang "Rusbenderstraße"</desc>
		<src>Landkreis Schaumburg</src>
	</wpt>
	<wpt lat="52.295875" lon="8.989678">
		<name>SHG 310</name>
		<cmt>Zw. Beerenbusch, Rottweg u. Cammer, nördlich vom Mittellandkanal</cmt>
		<desc>Zw. Beerenbusch, Rottweg u. Cammer, nördlich vom Mittellandkanal</desc>
		<src>Landkreis Schaumburg</src>
	</wpt>
	<wpt lat="52.271586" lon="9.002767">
		<name>SHG 311</name>
		<cmt>Bückeburg - Petzen, Kreuzung Petzer Str./ Eveser Str., "Petzer Krug"/ "Hofcafé Peetzen 10"</cmt>
		<desc>Bückeburg - Petzen, Kreuzung Petzer Str./ Eveser Str., "Petzer Krug"/ "Hofcafé Peetzen 10"</desc>
		<src>Landkreis Schaumburg</src>
	</wpt>
	<wpt lat="52.267653" lon="8.9799">
		<name>SHG 312</name>
		<cmt>Bückeburg - Röcke, Am Klusbrink 19/ Zum Forsthaus, Hotel "Grosse Klus"</cmt>
		<desc>Bückeburg - Röcke, Am Klusbrink 19/ Zum Forsthaus, Hotel "Grosse Klus"</desc>
		<src>Landkreis Schaumburg</src>
	</wpt>
	<wpt lat="52.257992" lon="9.039889">
		<name>SHG 313</name>
		<cmt>Bückeburg, Mindener Str., Tennisheim "Miro am Schlosspark", Nähe Mausoleum</cmt>
		<desc>Bückeburg, Mindener Str., Tennisheim "Miro am Schlosspark", Nähe Mausoleum</desc>
		<src>Landkreis Schaumburg</src>
	</wpt>
	<wpt lat="52.242594" lon="9.066442">
		<name>SHG 314</name>
		<cmt>Bückeburg, Harrler Trift 6, Parkplatz RuheForst Harrl</cmt>
		<desc>Bückeburg, Harrler Trift 6, Parkplatz RuheForst Harrl</desc>
		<src>Landkreis Schaumburg</src>
	</wpt>
	<wpt lat="52.25375" lon="9.056917">
		<name>SHG 315</name>
		<cmt>Bückeburg, Birkenallee, Eingang "Südweg", zwischen Bergbad u. Schießstand</cmt>
		<desc>Bückeburg, Birkenallee, Eingang "Südweg", zwischen Bergbad u. Schießstand</desc>
		<src>Landkreis Schaumburg</src>
	</wpt>
	<wpt lat="52.255106" lon="9.08125">
		<name>SHG 316</name>
		<cmt>K10 zw. Bückeburg - Bergdorf u. Ahnsen, Eingang Wirtschaftsweg</cmt>
		<desc>K10 zw. Bückeburg - Bergdorf u. Ahnsen, Eingang Wirtschaftsweg</desc>
		<src>Landkreis Schaumburg</src>
	</wpt>
	<wpt lat="52.242094" lon="9.092703">
		<name>SHG 317</name>
		<cmt>Bad Eilsen, Straße "Harrl Allee" am Ende</cmt>
		<desc>Bad Eilsen, Straße "Harrl Allee" am Ende</desc>
		<src>Landkreis Schaumburg</src>
	</wpt>
	<wpt lat="52.226639" lon="9.135708">
		<name>SHG 318</name>
		<cmt>Buchholz, "Waldstraße" am Ende</cmt>
		<desc>Buchholz, "Waldstraße" am Ende</desc>
		<src>Landkreis Schaumburg</src>
	</wpt>
	<wpt lat="52.212961" lon="9.140089">
		<name>SHG 319</name>
		<cmt>K74 zwischen Bernsen u. Westendorf, Eingang "Schaumburger Weg", Forstort Messingsberg</cmt>
		<desc>K74 zwischen Bernsen u. Westendorf, Eingang "Schaumburger Weg", Forstort Messingsberg</desc>
		<src>Landkreis Schaumburg</src>
	</wpt>
	<wpt lat="52.206806" lon="9.126381">
		<name>SHG 320</name>
		<cmt>B83, Rinteln - Steinbergen, Hamelner Str. 2, Eingang Wirtschaftsweg</cmt>
		<desc>B83, Rinteln - Steinbergen, Hamelner Str. 2, Eingang Wirtschaftsweg</desc>
		<src>Landkreis Schaumburg</src>
	</wpt>
	<wpt lat="52.202644" lon="9.12205">
		<name>SHG 321</name>
		<cmt>Rinteln- Steinbergen, Kirchstraße, Kirche</cmt>
		<desc>Rinteln- Steinbergen, Kirchstraße, Kirche</desc>
		<src>Landkreis Schaumburg</src>
	</wpt>
	<wpt lat="52.207914" lon="9.105361">
		<name>SHG 322</name>
		<cmt>Rinteln - Steinbergen, Steinberger Straße 44, "Grafensteiner Höhe"</cmt>
		<desc>Rinteln - Steinbergen, Steinberger Straße 44, "Grafensteiner Höhe"</desc>
		<src>Landkreis Schaumburg</src>
	</wpt>
	<wpt lat="52.214978" lon="9.115572">
		<name>SHG 323</name>
		<cmt>B83, Ortseingang Rinteln - Steinbergen Nord, Eingang "Kammer Weg", Forstort "Hirschkoppe"</cmt>
		<desc>B83, Ortseingang Rinteln - Steinbergen Nord, Eingang "Kammer Weg", Forstort "Hirschkoppe"</desc>
		<src>Landkreis Schaumburg</src>
	</wpt>
	<wpt lat="52.391483" lon="9.147508">
		<name>SHG 401</name>
		<cmt>Wiedensahl, In der Hespe</cmt>
		<desc>Wiedensahl, In der Hespe</desc>
		<src>Landkreis Schaumburg</src>
	</wpt>
	<wpt lat="52.466795" lon="7.26105">
		<name>NOH-4102</name>
		<cmt>Hammweg K328</cmt>
		<desc>Hammweg K328</desc>
		<src>Arenberg-Meppen GmbH</src>
	</wpt>
	<wpt lat="52.480763" lon="7.27692">
		<name>EL-4104</name>
		<cmt>Herzford Heiter</cmt>
		<desc>Herzford Heiter</desc>
		<src>Arenberg-Meppen GmbH</src>
	</wpt>
	<wpt lat="52.490547" lon="7.275517">
		<name>EL-4106</name>
		<cmt>Lohner Sand Herzforder Str.</cmt>
		<desc>Lohner Sand Herzforder Str.</desc>
		<src>Arenberg-Meppen GmbH</src>
	</wpt>
	<wpt lat="52.543121" lon="7.201851">
		<name>EL-4121</name>
		<cmt>Nord-Süd-Str. Mühlengraben</cmt>
		<desc>Nord-Süd-Str. Mühlengraben</desc>
		<src>Arenberg-Meppen GmbH</src>
	</wpt>
	<wpt lat="52.412811" lon="7.471342">
		<name>EL-4131</name>
		<cmt>Herber Sand Varenroder Str.</cmt>
		<desc>Herber Sand Varenroder Str.</desc>
		<src>Arenberg-Meppen GmbH</src>
	</wpt>
	<wpt lat="52.608265" lon="7.399084">
		<name>EL-4151</name>
		<cmt>Engelbertswald Prinzenweg</cmt>
		<desc>Engelbertswald Prinzenweg</desc>
		<src>Arenberg-Meppen GmbH</src>
	</wpt>
	<wpt lat="52.615303" lon="7.364333">
		<name>EL-4154</name>
		<cmt>Engelbertswald Bramhar</cmt>
		<desc>Engelbertswald Bramhar</desc>
		<src>Arenberg-Meppen GmbH</src>
	</wpt>
	<wpt lat="52.628164" lon="7.385763">
		<name>EL-4159</name>
		<cmt>Engelbertswald Klosterholter Str.</cmt>
		<desc>Engelbertswald Klosterholter Str.</desc>
		<src>Arenberg-Meppen GmbH</src>
	</wpt>
	<wpt lat="52.638897" lon="7.40073">
		<name>EL-4163</name>
		<cmt>Engelbertswald K243</cmt>
		<desc>Engelbertswald K243</desc>
		<src>Arenberg-Meppen GmbH</src>
	</wpt>
	<wpt lat="52.640799" lon="7.461369">
		<name>EL-4172</name>
		<cmt>Haverbecker Sand</cmt>
		<desc>Haverbecker Sand</desc>
		<src>Arenberg-Meppen GmbH</src>
	</wpt>
	<wpt lat="52.701649" lon="7.626228">
		<name>EL-4191</name>
		<cmt>Herzlaker Tannen E233</cmt>
		<desc>Herzlaker Tannen E233</desc>
		<src>Arenberg-Meppen GmbH</src>
	</wpt>
	<wpt lat="52.68836" lon="7.705059">
		<name>CLP-4226</name>
		<cmt>Ehrener Wald</cmt>
		<desc>Ehrener Wald</desc>
		<src>Arenberg-Meppen GmbH</src>
	</wpt>
	<wpt lat="52.70652" lon="7.256463">
		<name>EL-4323</name>
		<cmt>Esterfelder Forst Versener Str.</cmt>
		<desc>Esterfelder Forst Versener Str.</desc>
		<src>Arenberg-Meppen GmbH</src>
	</wpt>
	<wpt lat="52.769913" lon="7.204475">
		<name>EL-4341</name>
		<cmt>Wesuweer Tannen K255</cmt>
		<desc>Wesuweer Tannen K255</desc>
		<src>Arenberg-Meppen GmbH</src>
	</wpt>
	<wpt lat="52.705904" lon="7.501077">
		<name>EL-4352</name>
		<cmt>Marlemoor Lähdener Str.</cmt>
		<desc>Marlemoor Lähdener Str.</desc>
		<src>Arenberg-Meppen GmbH</src>
	</wpt>
	<wpt lat="52.743404" lon="7.452996">
		<name>EL-4371</name>
		<cmt>Südtannen L54</cmt>
		<desc>Südtannen L54</desc>
		<src>Arenberg-Meppen GmbH</src>
	</wpt>
	<wpt lat="52.733683" lon="7.432731">
		<name>EL-4382</name>
		<cmt>Karlswald Historische Str.</cmt>
		<desc>Karlswald Historische Str.</desc>
		<src>Arenberg-Meppen GmbH</src>
	</wpt>
	<wpt lat="52.830123" lon="7.327718">
		<name>EL-4411</name>
		<cmt>Tinner Tannen Kirchweg</cmt>
		<desc>Tinner Tannen Kirchweg</desc>
		<src>Arenberg-Meppen GmbH</src>
	</wpt>
	<wpt lat="52.831179" lon="7.357819">
		<name>EL-4422</name>
		<cmt>Hengsteberg Kathen Siedlung</cmt>
		<desc>Hengsteberg Kathen Siedlung</desc>
		<src>Arenberg-Meppen GmbH</src>
	</wpt>
	<wpt lat="52.877307" lon="7.333115">
		<name>EL-4435</name>
		<cmt>Melstruper Tannen Lathener Grenzweg</cmt>
		<desc>Melstruper Tannen Lathener Grenzweg</desc>
		<src>Arenberg-Meppen GmbH</src>
	</wpt>
	<wpt lat="52.912413" lon="7.387354">
		<name>EL-4441</name>
		<cmt>Wippinger Tannen und Kolk</cmt>
		<desc>Wippinger Tannen und Kolk</desc>
		<src>Arenberg-Meppen GmbH</src>
	</wpt>
	<wpt lat="52.954055" lon="7.342979">
		<name>EL-4451</name>
		<cmt>Meyerei Heideweg</cmt>
		<desc>Meyerei Heideweg</desc>
		<src>Arenberg-Meppen GmbH</src>
	</wpt>
	<wpt lat="53.009123" lon="7.354431">
		<name>EL-4461</name>
		<cmt>Leher Tannen Devermühlen</cmt>
		<desc>Leher Tannen Devermühlen</desc>
		<src>Arenberg-Meppen GmbH</src>
	</wpt>
	<wpt lat="52.982752" lon="7.22404">
		<name>EL-4491</name>
		<cmt>Rechtemoor Neuheede</cmt>
		<desc>Rechtemoor Neuheede</desc>
		<src>Arenberg-Meppen GmbH</src>
	</wpt>
	<wpt lat="52.993911" lon="7.248231">
		<name>EL-4492</name>
		<cmt>Kohlenmoor Waldstr.</cmt>
		<desc>Kohlenmoor Waldstr.</desc>
		<src>Arenberg-Meppen GmbH</src>
	</wpt>
	<wpt lat="52.994255" lon="7.234259">
		<name>EL-4493</name>
		<cmt>Rechtemoor Nord-Süd-Str.</cmt>
		<desc>Rechtemoor Nord-Süd-Str.</desc>
		<src>Arenberg-Meppen GmbH</src>
	</wpt>
	<wpt lat="53.000412" lon="7.209972">
		<name>EL-4495</name>
		<cmt>Rechtemoor Bourtanger Weg</cmt>
		<desc>Rechtemoor Bourtanger Weg</desc>
		<src>Arenberg-Meppen GmbH</src>
	</wpt>
	<wpt lat="52.882606" lon="7.243778">
		<name>EL-4503</name>
		<cmt>Erdhütte Baggerseee</cmt>
		<desc>Erdhütte Baggerseee</desc>
		<src>Arenberg-Meppen GmbH</src>
	</wpt>
	<wpt lat="52.892164" lon="7.251406">
		<name>EL-4505</name>
		<cmt>Erdhütte K132</cmt>
		<desc>Erdhütte K132</desc>
		<src>Arenberg-Meppen GmbH</src>
	</wpt>
	<wpt lat="52.852129" lon="7.234306">
		<name>EL-4511</name>
		<cmt>Wilholter Tannen Kapellenmoorstr.</cmt>
		<desc>Wilholter Tannen Kapellenmoorstr.</desc>
		<src>Arenberg-Meppen GmbH</src>
	</wpt>
	<wpt lat="52.852217" lon="7.209929">
		<name>EL-4512</name>
		<cmt>Wilholter Tannen Lagerstr.</cmt>
		<desc>Wilholter Tannen Lagerstr.</desc>
		<src>Arenberg-Meppen GmbH</src>
	</wpt>
	<wpt lat="52.889903" lon="7.551426">
		<name>EL-4624</name>
		<cmt>Hedwigenwald-Nord</cmt>
		<desc>Hedwigenwald-Nord</desc>
		<src>Arenberg-Meppen GmbH</src>
	</wpt>
	<wpt lat="52.894534" lon="7.626813">
		<name>EL-4633</name>
		<cmt>Mittelfehnsand-West K124</cmt>
		<desc>Mittelfehnsand-West K124</desc>
		<src>Arenberg-Meppen GmbH</src>
	</wpt>
	<wpt lat="52.90451" lon="7.643877">
		<name>EL-4635</name>
		<cmt>Mittelfehnsand Depotstr.</cmt>
		<desc>Mittelfehnsand Depotstr.</desc>
		<src>Arenberg-Meppen GmbH</src>
	</wpt>
	<wpt lat="52.889415" lon="7.696964">
		<name>EL-4639</name>
		<cmt>Herrentannen K146</cmt>
		<desc>Herrentannen K146</desc>
		<src>Arenberg-Meppen GmbH</src>
	</wpt>
	<wpt lat="52.897406" lon="7.596479">
		<name>EL-4644</name>
		<cmt>Harrenstätter Heide</cmt>
		<desc>Harrenstätter Heide</desc>
		<src>Arenberg-Meppen GmbH</src>
	</wpt>
	<wpt lat="52.827463" lon="7.637222">
		<name>EL-4681</name>
		<cmt>Lahner Nordholz</cmt>
		<desc>Lahner Nordholz</desc>
		<src>Arenberg-Meppen GmbH</src>
	</wpt>
	<wpt lat="52.928457" lon="7.722451">
		<name>EL-4714</name>
		<cmt>Quäkenberg Werlter Weg</cmt>
		<desc>Quäkenberg Werlter Weg</desc>
		<src>Arenberg-Meppen GmbH</src>
	</wpt>
	<wpt lat="52.915547" lon="7.80357">
		<name>EL-4801</name>
		<cmt>Eleonorenwald Hoher Sand</cmt>
		<desc>Eleonorenwald Hoher Sand</desc>
		<src>Arenberg-Meppen GmbH</src>
	</wpt>
	<wpt lat="52.919237" lon="7.831172">
		<name>CLP-4809</name>
		<cmt>Eleonorenwald Markabrücke</cmt>
		<desc>Eleonorenwald Markabrücke</desc>
		<src>Arenberg-Meppen GmbH</src>
	</wpt>
	<wpt lat="52.932149" lon="7.79824">
		<name>EL-4818</name>
		<cmt>Eleonorenwald Kreisgrenze</cmt>
		<desc>Eleonorenwald Kreisgrenze</desc>
		<src>Arenberg-Meppen GmbH</src>
	</wpt>
	<wpt lat="52.939097" lon="7.814691">
		<name>CLL-4819</name>
		<cmt>Baggert Zum Eleonorenwald</cmt>
		<desc>Baggert Zum Eleonorenwald</desc>
		<src>Arenberg-Meppen GmbH</src>
	</wpt>
	<wpt lat="52.917312" lon="7.771502">
		<name>EL-4822</name>
		<cmt>Eleonorenwald Plingenberger Tor</cmt>
		<desc>Eleonorenwald Plingenberger Tor</desc>
		<src>Arenberg-Meppen GmbH</src>
	</wpt>
	<wpt lat="52.941947" lon="7.754916">
		<name>EL-4830</name>
		<cmt>Eleonorenwald Gehlenberger Weg</cmt>
		<desc>Eleonorenwald Gehlenberger Weg</desc>
		<src>Arenberg-Meppen GmbH</src>
	</wpt>
	<wpt lat="52.94777" lon="7.787435">
		<name>CLP-4835</name>
		<cmt>Eleonorenwald Mühlenstraße</cmt>
		<desc>Eleonorenwald Mühlenstraße</desc>
		<src>Arenberg-Meppen GmbH</src>
	</wpt>
	<wpt lat="52.960435" lon="7.838069">
		<name>CLP-4852</name>
		<cmt>Kaufwald Osttangesdamm</cmt>
		<desc>Kaufwald Osttangesdamm</desc>
		<src>Arenberg-Meppen GmbH</src>
	</wpt>
	<wpt lat="52.856353" lon="7.532433">
		<name>001</name>
		<cmt>1 Sögel Friesenweg</cmt>
		<desc>1 Sögel Friesenweg</desc>
		<src>Samtgemeinde Sögel</src>
	</wpt>
	<wpt lat="52.854206" lon="7.542275">
		<name>002</name>
		<cmt>2 Sögel Hahnentangewag</cmt>
		<desc>2 Sögel Hahnentangewag</desc>
		<src>Samtgemeinde Sögel</src>
	</wpt>
	<wpt lat="52.853421" lon="7.558578">
		<name>003</name>
		<cmt>3 Sögel Pastorsdamm</cmt>
		<desc>3 Sögel Pastorsdamm</desc>
		<src>Samtgemeinde Sögel</src>
	</wpt>
	<wpt lat="52.845878" lon="7.547741">
		<name>004</name>
		<cmt>4 Sögel</cmt>
		<desc>4 Sögel</desc>
		<src>Samtgemeinde Sögel</src>
	</wpt>
	<wpt lat="52.844897" lon="7.558218">
		<name>005</name>
		<cmt>5 Sögel Verwaltersdamm</cmt>
		<desc>5 Sögel Verwaltersdamm</desc>
		<src>Samtgemeinde Sögel</src>
	</wpt>
	<wpt lat="52.848582" lon="7.569269">
		<name>006</name>
		<cmt>6 Spahnharrenstätte Bestattungswald</cmt>
		<desc>6 Spahnharrenstätte Bestattungswald</desc>
		<src>Samtgemeinde Sögel</src>
	</wpt>
	<wpt lat="52.841277" lon="7.55693">
		<name>007</name>
		<cmt>7 Sögel</cmt>
		<desc>7 Sögel</desc>
		<src>Samtgemeinde Sögel</src>
	</wpt>
	<wpt lat="52.825568" lon="7.525527">
		<name>008</name>
		<cmt>8 Sögel Tiefenfehnskämpe</cmt>
		<desc>8 Sögel Tiefenfehnskämpe</desc>
		<src>Samtgemeinde Sögel</src>
	</wpt>
	<wpt lat="52.816361" lon="7.513986">
		<name>009</name>
		<cmt>9 Sögel Meyersdamm</cmt>
		<desc>9 Sögel Meyersdamm</desc>
		<src>Samtgemeinde Sögel</src>
	</wpt>
	<wpt lat="52.812326" lon="7.500478">
		<name>010</name>
		<cmt>10 Sögel Raspeltangenhöhe</cmt>
		<desc>10 Sögel Raspeltangenhöhe</desc>
		<src>Samtgemeinde Sögel</src>
	</wpt>
	<wpt lat="52.823331" lon="7.485751">
		<name>011</name>
		<cmt>11 Sögel Altstaverner Weg/Geestweg</cmt>
		<desc>11 Sögel Altstaverner Weg/Geestweg</desc>
		<src>Samtgemeinde Sögel</src>
	</wpt>
	<wpt lat="52.832087" lon="7.495846">
		<name>012</name>
		<cmt>12 Sögel</cmt>
		<desc>12 Sögel</desc>
		<src>Samtgemeinde Sögel</src>
	</wpt>
	<wpt lat="52.844064" lon="7.487441">
		<name>013</name>
		<cmt>13 Sögel Am Dickenende</cmt>
		<desc>13 Sögel Am Dickenende</desc>
		<src>Samtgemeinde Sögel</src>
	</wpt>
	<wpt lat="52.857919" lon="7.503328">
		<name>014</name>
		<cmt>14 Sögel Zum Jägerhof/Neuer Grund</cmt>
		<desc>14 Sögel Zum Jägerhof/Neuer Grund</desc>
		<src>Samtgemeinde Sögel</src>
	</wpt>
	<wpt lat="52.854297" lon="7.481849">
		<name>015</name>
		<cmt>15 Sögel Jägerhof L53</cmt>
		<desc>15 Sögel Jägerhof L53</desc>
		<src>Samtgemeinde Sögel</src>
	</wpt>
	<wpt lat="52.828951" lon="7.468307">
		<name>016</name>
		<cmt>16 Sögel Gut Sprakel</cmt>
		<desc>16 Sögel Gut Sprakel</desc>
		<src>Samtgemeinde Sögel</src>
	</wpt>
	<wpt lat="52.824935" lon="7.425097">
		<name>017</name>
		<cmt>17 Sögel Sprakel</cmt>
		<desc>17 Sögel Sprakel</desc>
		<src>Samtgemeinde Sögel</src>
	</wpt>
	<wpt lat="52.793964" lon="7.536757">
		<name>020</name>
		<cmt>20 Hüven Kienmoorsweg/Westsiedlung</cmt>
		<desc>20 Hüven Kienmoorsweg/Westsiedlung</desc>
		<src>Samtgemeinde Sögel</src>
	</wpt>
	<wpt lat="52.769536" lon="7.530161">
		<name>021</name>
		<cmt>21 Hüven Dosenweg</cmt>
		<desc>21 Hüven Dosenweg</desc>
		<src>Samtgemeinde Sögel</src>
	</wpt>
	<wpt lat="52.767635" lon="7.551138">
		<name>022</name>
		<cmt>22 Hüven Sandtangenweg</cmt>
		<desc>22 Hüven Sandtangenweg</desc>
		<src>Samtgemeinde Sögel</src>
	</wpt>
	<wpt lat="52.788057" lon="7.57608">
		<name>023</name>
		<cmt>23 Hüven Lageweg</cmt>
		<desc>23 Hüven Lageweg</desc>
		<src>Samtgemeinde Sögel</src>
	</wpt>
	<wpt lat="52.892521" lon="7.488874">
		<name>032</name>
		<cmt>32 Werpeloh Wahn-Börgerweg</cmt>
		<desc>32 Werpeloh Wahn-Börgerweg</desc>
		<src>Samtgemeinde Sögel</src>
	</wpt>
	<wpt lat="52.886229" lon="7.498694">
		<name>033</name>
		<cmt>33 Werpeloh Zum Klöwer/Langenackersweg</cmt>
		<desc>33 Werpeloh Zum Klöwer/Langenackersweg</desc>
		<src>Samtgemeinde Sögel</src>
	</wpt>
	<wpt lat="52.884103" lon="7.52804">
		<name>034</name>
		<cmt>34 Werpeloh Windbergweg</cmt>
		<desc>34 Werpeloh Windbergweg</desc>
		<src>Samtgemeinde Sögel</src>
	</wpt>
	<wpt lat="52.882121" lon="7.536617">
		<name>035</name>
		<cmt>35 Werpeloh nordöstlich Windberg</cmt>
		<desc>35 Werpeloh nordöstlich Windberg</desc>
		<src>Samtgemeinde Sögel</src>
	</wpt>
	<wpt lat="52.895591" lon="7.521985">
		<name>036</name>
		<cmt>36 Werpeloh Neue Anlagen L51</cmt>
		<desc>36 Werpeloh Neue Anlagen L51</desc>
		<src>Samtgemeinde Sögel</src>
	</wpt>
	<wpt lat="52.870304" lon="7.551765">
		<name>037</name>
		<cmt>37 Spahnharrenstätte Friesenweg</cmt>
		<desc>37 Spahnharrenstätte Friesenweg</desc>
		<src>Samtgemeinde Sögel</src>
	</wpt>
	<wpt lat="53.191103674406214" lon="9.9779670598518653">
		<name>HK 200</name>
		<cmt/>
		<desc/>
		<src>LWK NDS FoA Nordheide-Heidmark</src>
	</wpt>
	<wpt lat="53.175554657024833" lon="9.9486463509682341">
		<name>HK 201</name>
		<cmt/>
		<desc/>
		<src>LWK NDS FoA Nordheide-Heidmark</src>
	</wpt>
	<wpt lat="53.153827833652024" lon="9.9377559678011167">
		<name>HK 203</name>
		<cmt/>
		<desc/>
		<src>LWK NDS FoA Nordheide-Heidmark</src>
	</wpt>
	<wpt lat="53.151124328166823" lon="9.9693191265957779">
		<name>HK 204</name>
		<cmt/>
		<desc/>
		<src>LWK NDS FoA Nordheide-Heidmark</src>
	</wpt>
	<wpt lat="53.151097915714914" lon="9.9093870825706389">
		<name>HK 205</name>
		<cmt/>
		<desc/>
		<src>LWK NDS FoA Nordheide-Heidmark</src>
	</wpt>
	<wpt lat="53.142663906138068" lon="9.9195484006236256">
		<name>HK 207</name>
		<cmt/>
		<desc/>
		<src>LWK NDS FoA Nordheide-Heidmark</src>
	</wpt>
	<wpt lat="53.126228936058745" lon="9.9009769110271684">
		<name>HK 208</name>
		<cmt/>
		<desc/>
		<src>LWK NDS FoA Nordheide-Heidmark</src>
	</wpt>
	<wpt lat="53.122565867549149" lon="9.9456495965122063">
		<name>HK 209</name>
		<cmt/>
		<desc/>
		<src>LWK NDS FoA Nordheide-Heidmark</src>
	</wpt>
	<wpt lat="53.109551550009286" lon="9.9324078792037493">
		<name>HK 212</name>
		<cmt/>
		<desc/>
		<src>LWK NDS FoA Nordheide-Heidmark</src>
	</wpt>
	<wpt lat="53.117925834129643" lon="9.8521607210587536">
		<name>HK 211</name>
		<cmt/>
		<desc/>
		<src>LWK NDS FoA Nordheide-Heidmark</src>
	</wpt>
	<wpt lat="53.116826749148245" lon="9.8393156979085603">
		<name>HK 226</name>
		<cmt/>
		<desc/>
		<src>LWK NDS FoA Nordheide-Heidmark</src>
	</wpt>
	<wpt lat="53.107292338172634" lon="9.8196934110005394">
		<name>HK 213</name>
		<cmt/>
		<desc/>
		<src>LWK NDS FoA Nordheide-Heidmark</src>
	</wpt>
	<wpt lat="53.10183532154057" lon="9.8326299161496227">
		<name>HK 215</name>
		<cmt/>
		<desc/>
		<src>LWK NDS FoA Nordheide-Heidmark</src>
	</wpt>
	<wpt lat="53.102080588815809" lon="9.8191736726645882">
		<name>HK 214</name>
		<cmt/>
		<desc/>
		<src>LWK NDS FoA Nordheide-Heidmark</src>
	</wpt>
	<wpt lat="53.090742007676617" lon="9.8332568571336161">
		<name>HK 216</name>
		<cmt/>
		<desc/>
		<src>LWK NDS FoA Nordheide-Heidmark</src>
	</wpt>
	<wpt lat="53.093867205672737" lon="9.805895724333876">
		<name>HK 217</name>
		<cmt/>
		<desc/>
		<src>LWK NDS FoA Nordheide-Heidmark</src>
	</wpt>
	<wpt lat="53.100432581808974" lon="9.8590190282291026">
		<name>HK 218</name>
		<cmt/>
		<desc/>
		<src>LWK NDS FoA Nordheide-Heidmark</src>
	</wpt>
	<wpt lat="53.166146720910646" lon="9.9336933880985239">
		<name>HK-H 233</name>
		<cmt/>
		<desc/>
		<src>LWK NDS FoA Nordheide-Heidmark</src>
	</wpt>
	<wpt lat="53.015063722728542" lon="9.6998562021065986">
		<name>HK 238</name>
		<cmt/>
		<desc/>
		<src>LWK NDS FoA Nordheide-Heidmark</src>
	</wpt>
	<wpt lat="53.073380729872632" lon="9.9375698277364126">
		<name>HK 234</name>
		<cmt/>
		<desc/>
		<src>LWK NDS FoA Nordheide-Heidmark</src>
	</wpt>
	<wpt lat="53.054242050393889" lon="9.9241639926323213">
		<name>HK 235</name>
		<cmt/>
		<desc/>
		<src>LWK NDS FoA Nordheide-Heidmark</src>
	</wpt>
	<wpt lat="53.047720041420227" lon="9.9279954910616457">
		<name>HK 237</name>
		<cmt/>
		<desc/>
		<src>LWK NDS FoA Nordheide-Heidmark</src>
	</wpt>
	<wpt lat="53.052769955857585" lon="9.9434762551027607">
		<name>HK 236</name>
		<cmt/>
		<desc/>
		<src>LWK NDS FoA Nordheide-Heidmark</src>
	</wpt>
	<wpt lat="52.901395639123606" lon="9.560320198760671">
		<name>HK 250</name>
		<cmt/>
		<desc/>
		<src>LWK NDS FoA Nordheide-Heidmark</src>
	</wpt>
	<wpt lat="52.894633134951995" lon="9.5880720969438986">
		<name>HK 251</name>
		<cmt/>
		<desc/>
		<src>LWK NDS FoA Nordheide-Heidmark</src>
	</wpt>
	<wpt lat="52.882405951145053" lon="9.5876327221337245">
		<name>HK 252</name>
		<cmt/>
		<desc/>
		<src>LWK NDS FoA Nordheide-Heidmark</src>
	</wpt>
	<wpt lat="52.880237156720959" lon="9.5943740467949805">
		<name>HK 253</name>
		<cmt/>
		<desc/>
		<src>LWK NDS FoA Nordheide-Heidmark</src>
	</wpt>
	<wpt lat="52.866633063492571" lon="9.5668690286830049">
		<name>HK 254</name>
		<cmt/>
		<desc/>
		<src>LWK NDS FoA Nordheide-Heidmark</src>
	</wpt>
	<wpt lat="52.865768429682092" lon="9.5534403349866714">
		<name>HK 255</name>
		<cmt/>
		<desc/>
		<src>LWK NDS FoA Nordheide-Heidmark</src>
	</wpt>
	<wpt lat="52.820528471563485" lon="9.6495516544118392">
		<name>HK 256</name>
		<cmt/>
		<desc/>
		<src>LWK NDS FoA Nordheide-Heidmark</src>
	</wpt>
	<wpt lat="52.899700171408639" lon="9.6290688437952667">
		<name>HK 257</name>
		<cmt/>
		<desc/>
		<src>LWK NDS FoA Nordheide-Heidmark</src>
	</wpt>
	<wpt lat="52.89626901188366" lon="9.6478983474300151">
		<name>HK 261</name>
		<cmt/>
		<desc/>
		<src>LWK NDS FoA Nordheide-Heidmark</src>
	</wpt>
	<wpt lat="52.885254953857967" lon="9.6393782808780095">
		<name>HK 260</name>
		<cmt/>
		<desc/>
		<src>LWK NDS FoA Nordheide-Heidmark</src>
	</wpt>
	<wpt lat="52.884867720864861" lon="9.6339659023824371">
		<name>HK 259</name>
		<cmt/>
		<desc/>
		<src>LWK NDS FoA Nordheide-Heidmark</src>
	</wpt>
	<wpt lat="52.884554749752773" lon="9.6257039219812786">
		<name>HK 258</name>
		<cmt/>
		<desc/>
		<src>LWK NDS FoA Nordheide-Heidmark</src>
	</wpt>
	<wpt lat="52.38792767425727" lon="9.7653086221567253">
		<name>H-300</name>
		<cmt>am "Rad" in Nördlicher Eilenriede Bernadotteallee</cmt>
		<desc>am "Rad" in Nördlicher Eilenriede Bernadotteallee</desc>
		<src>Landeshauptstadt Hannover</src>
	</wpt>
	<wpt lat="52.381786557235891" lon="9.7811792916384537">
		<name>H-301</name>
		<cmt>Liegewiese nördl. Eilenriede südlich Waldchausse</cmt>
		<desc>Liegewiese nördl. Eilenriede südlich Waldchausse</desc>
		<src>Landeshauptstadt Hannover</src>
	</wpt>
	<wpt lat="52.365677835745934" lon="9.7825738255817054">
		<name>H-302</name>
		<cmt>Radweg südl. Eilenriede, Kaulbachstraße</cmt>
		<desc>Radweg südl. Eilenriede, Kaulbachstraße</desc>
		<src>Landeshauptstadt Hannover</src>
	</wpt>
	<wpt lat="52.366041161545191" lon="9.8012502036728968">
		<name>H-303</name>
		<cmt>Radweg südl. Eilenriede, Hilligers Brunnen</cmt>
		<desc>Radweg südl. Eilenriede, Hilligers Brunnen</desc>
		<src>Landeshauptstadt Hannover</src>
	</wpt>
	<wpt lat="52.321066540633758" lon="9.8315740419132709">
		<name>H-306</name>
		<cmt>Kronsberg, Zufahrt Mailänder Straße</cmt>
		<desc>Kronsberg, Zufahrt Mailänder Straße</desc>
		<src>Landeshauptstadt Hannover</src>
	</wpt>
	<wpt lat="52.343001924056786" lon="9.8483830070597698">
		<name>H-305</name>
		<cmt>Kronsberg, über "Rehbuschfeld"</cmt>
		<desc>Kronsberg, über "Rehbuschfeld"</desc>
		<src>Landeshauptstadt Hannover</src>
	</wpt>
	<wpt lat="52.347609602972163" lon="9.7986489015335181">
		<name>H-304</name>
		<cmt>Seelhorst, Straße Döhrenbruch</cmt>
		<desc>Seelhorst, Straße Döhrenbruch</desc>
		<src>Landeshauptstadt Hannover</src>
	</wpt>
	<wpt lat="52.332829397969391" lon="9.7275551154882205">
		<name>H-307</name>
		<cmt>Ricklinger Holz, Friedel-Gewecke-Weg</cmt>
		<desc>Ricklinger Holz, Friedel-Gewecke-Weg</desc>
		<src>Landeshauptstadt Hannover</src>
	</wpt>
	<wpt lat="52.366733435665381" lon="9.8322611158291053">
		<name>H-310</name>
		<cmt>Tiergarten, Tiergartenstraße 149</cmt>
		<desc>Tiergarten, Tiergartenstraße 149</desc>
		<src>Landeshauptstadt Hannover</src>
	</wpt>
	<wpt lat="52.42474594980343" lon="9.7958089435618803">
		<name>H-314</name>
		<cmt>Große Heide, An den Hilligen Wöhren</cmt>
		<desc>Große Heide, An den Hilligen Wöhren</desc>
		<src>Landeshauptstadt Hannover</src>
	</wpt>
	<wpt lat="52.425200966668221" lon="9.6641952716143127">
		<name>H-313</name>
		<cmt>Mecklenheide, Kinderwald</cmt>
		<desc>Mecklenheide, Kinderwald</desc>
		<src>Landeshauptstadt Hannover</src>
	</wpt>
	<wpt lat="52.412493921048636" lon="9.6198939220769102">
		<name>H-309</name>
		<cmt>Klosterforst Marienwerder, Auf der Horst</cmt>
		<desc>Klosterforst Marienwerder, Auf der Horst</desc>
		<src>Landeshauptstadt Hannover</src>
	</wpt>
	<wpt lat="52.402409135402337" lon="9.6215342380008515">
		<name>H-308</name>
		<cmt>Klosterforst, Einfahrt an westermannweg 10</cmt>
		<desc>Klosterforst, Einfahrt an westermannweg 10</desc>
		<src>Landeshauptstadt Hannover</src>
	</wpt>
	<wpt lat="52.414580034327955" lon="9.853289424771507">
		<name>H-312</name>
		<cmt>Moorwaldweg, Autobahnkreuz Hannover-Buchholz</cmt>
		<desc>Moorwaldweg, Autobahnkreuz Hannover-Buchholz</desc>
		<src>Landeshauptstadt Hannover</src>
	</wpt>
	<wpt lat="52.420732315050309" lon="9.8455929036010854">
		<name>H-311</name>
		<cmt>Altwarmbüchener See, nahe Parkplatz Moorwaldweg</cmt>
		<desc>Altwarmbüchener See, nahe Parkplatz Moorwaldweg</desc>
		<src>Landeshauptstadt Hannover</src>
	</wpt>
	<wpt lat="51.708267293079011" lon="10.522651274655317">
		<name>GS-462</name>
		<cmt>L 520, St. Andreasberg; Skiabfahrt Matthias-Schmidt-Berg</cmt>
		<desc>L 520, St. Andreasberg; Skiabfahrt Matthias-Schmidt-Berg</desc>
		<src>Niedersächsische Landesforsten</src>
	</wpt>
	<wpt lat="51.71844293419764" lon="10.520179192329483">
		<name>GS-465</name>
		<cmt>St. Andreasberg L 519, ("An der Rolle ", Ortsausgang Richtung Sonnenberg)</cmt>
		<desc>St. Andreasberg L 519, ("An der Rolle ", Ortsausgang Richtung Sonnenberg)</desc>
		<src>Niedersächsische Landesforsten</src>
	</wpt>
	<wpt lat="51.712034246436062" lon="10.505269665864935">
		<name>GS-466</name>
		<cmt>St. Andreasberg K 40 (oberhalb der Dachdeckerschule), Waldeingang Sperrentaler Weg (Abt. 124)</cmt>
		<desc>St. Andreasberg K 40 (oberhalb der Dachdeckerschule), Waldeingang Sperrentaler Weg (Abt. 124)</desc>
		<src>Niedersächsische Landesforsten</src>
	</wpt>
	<wpt lat="51.733596707622226" lon="10.607869805427882">
		<name>GS-471</name>
		<cmt>K 68 Ortsausgang Braunlage; Gaststätte Tenne</cmt>
		<desc>K 68 Ortsausgang Braunlage; Gaststätte Tenne</desc>
		<src>Niedersächsische Landesforsten</src>
	</wpt>
	<wpt lat="51.739611128487176" lon="10.598001087434113">
		<name>GS-475</name>
		<cmt>Köte Jermerstein</cmt>
		<desc>Köte Jermerstein</desc>
		<src>Niedersächsische Landesforsten</src>
	</wpt>
	<wpt lat="51.751457845583872" lon="10.630115351626662">
		<name>GS-474</name>
		<cmt>Wurmberg, Parkplatz Kaffeehorst (Abt. 67/68)</cmt>
		<desc>Wurmberg, Parkplatz Kaffeehorst (Abt. 67/68)</desc>
		<src>Niedersächsische Landesforsten</src>
	</wpt>
	<wpt lat="53.515833766906077" lon="7.5017086158949127">
		<name>AUR-003</name>
		<cmt>"Forstweg" bei "Altes Forsthaus Meerhusen"</cmt>
		<desc>"Forstweg" bei "Altes Forsthaus Meerhusen"</desc>
		<src>Niedersächsische Landesforsten</src>
	</wpt>
	<wpt lat="52.210252884240312" lon="9.2988853339535176">
		<name>HM-010</name>
		<cmt>Wanderparkplatz Langenfeld an der Dachtelfeldstr. Hubschrauberlandeplatz</cmt>
		<desc>Wanderparkplatz Langenfeld an der Dachtelfeldstr. Hubschrauberlandeplatz</desc>
		<src>Niedersächsische Landesforsten</src>
	</wpt>
	<wpt lat="52.210871652104892" lon="9.3340358802557191">
		<name>HM-012</name>
		<cmt>Dachtelfeldkreuz Hubschrauberlandeplatz</cmt>
		<desc>Dachtelfeldkreuz Hubschrauberlandeplatz</desc>
		<src>Niedersächsische Landesforsten</src>
	</wpt>
	<wpt lat="53.861217598321652" lon="8.603895486945131">
		<name>CUX-702</name>
		<cmt>Ecke Nordheimstraße und Oskar-von-Brook-Straße</cmt>
		<desc>Ecke Nordheimstraße und Oskar-von-Brook-Straße</desc>
		<src>Niedersächsische Landesforsten</src>
	</wpt>
	<wpt lat="53.697794060260122" lon="8.6233093520015824">
		<name>CUX-705</name>
		<cmt>nördlicher Ortsausgang Holßel - Schild "Wasserwerk"</cmt>
		<desc>nördlicher Ortsausgang Holßel - Schild "Wasserwerk"</desc>
		<src>Niedersächsische Landesforsten</src>
	</wpt>
	<wpt lat="53.503619247138758" lon="9.1319147904351485">
		<name>ROW-308</name>
		<cmt>K 105 Parkplatz hinter Ortsausgang Brv. - km 1,5</cmt>
		<desc>K 105 Parkplatz hinter Ortsausgang Brv. - km 1,5</desc>
		<src>Niedersächsische Landesforsten</src>
	</wpt>
	<wpt lat="53.618412131098033" lon="8.7139835186307888">
		<name>CUX-708</name>
		<cmt>L 120 km 5,0 - Einfahrt zum Beregnungsplatz</cmt>
		<desc>L 120 km 5,0 - Einfahrt zum Beregnungsplatz</desc>
		<src>Niedersächsische Landesforsten</src>
	</wpt>
	<wpt lat="52.31533767478107" lon="8.0873911566026138">
		<name>OS-32</name>
		<cmt>Parkplatz Bramheide Zum Icker Kolk</cmt>
		<desc>Parkplatz Bramheide Zum Icker Kolk</desc>
		<src>Niedersächsische Landesforsten</src>
	</wpt>
	<wpt lat="53.102939972612916" lon="11.150870437183334">
		<name>DAN-031</name>
		<cmt>B 191 Seybruch Abzweig K 14 Damnatz</cmt>
		<desc>B 191 Seybruch Abzweig K 14 Damnatz</desc>
		<src>Niedersächsische Landesforsten</src>
	</wpt>
	<wpt lat="53.094818939004512" lon="11.144638692634935">
		<name>DAN-037</name>
		<cmt>L 256 Splietau Bushaltestelle</cmt>
		<desc>L 256 Splietau Bushaltestelle</desc>
		<src>Niedersächsische Landesforsten</src>
	</wpt>
	<wpt lat="53.314381627773308" lon="10.673531842384364">
		<name>LG-050</name>
		<cmt>L 219 Karze Ortsmitte Bushaltestelle</cmt>
		<desc>L 219 Karze Ortsmitte Bushaltestelle</desc>
		<src>Niedersächsische Landesforsten</src>
	</wpt>
	<wpt lat="53.233035682153499" lon="10.756150413026935">
		<name>LG-052</name>
		<cmt>Köstorf nord Kreuzung L 222/ K 11</cmt>
		<desc>Köstorf nord Kreuzung L 222/ K 11</desc>
		<src>Niedersächsische Landesforsten</src>
	</wpt>
	<wpt lat="52.341271172629746" lon="8.0521183747988321">
		<name>OS-31</name>
		<cmt>Ruller Str. (L109) / Klosterstr.</cmt>
		<desc>Ruller Str. (L109) / Klosterstr.</desc>
		<src>Niedersächsische Landesforsten</src>
	</wpt>
	<wpt lat="52.299950842395788" lon="8.0882888335353798">
		<name>OS-33</name>
		<cmt>Sportplatz Am Zuschlag</cmt>
		<desc>Sportplatz Am Zuschlag</desc>
		<src>Niedersächsische Landesforsten</src>
	</wpt>
	<wpt lat="52.685244997696373" lon="9.0454917874960117">
		<name>NI-703</name>
		<cmt>Holte;  Holter Schule (Kreuzung Schulstraße - Foßkampstraße); kein ständiger Handyempfang</cmt>
		<desc>Holte;  Holter Schule (Kreuzung Schulstraße - Foßkampstraße); kein ständiger Handyempfang</desc>
		<src>Niedersächsische Landesforsten</src>
	</wpt>
	<wpt lat="52.730125033617277" lon="8.7377897410656953">
		<name>DH-907</name>
		<cmt>Waldrand an der L341 zwischen Ehrenburg und Anstedt</cmt>
		<desc>Waldrand an der L341 zwischen Ehrenburg und Anstedt</desc>
		<src>Niedersächsische Landesforsten</src>
	</wpt>
	<wpt lat="52.735837053575963" lon="8.8826882409172452">
		<name>DH-903</name>
		<cmt>Jugendwaldheim Hahnhorst Schachstraße 166</cmt>
		<desc>Jugendwaldheim Hahnhorst Schachstraße 166</desc>
		<src>Niedersächsische Landesforsten</src>
	</wpt>
	<wpt lat="52.628947377990229" lon="8.4768181096028279">
		<name>DH-303</name>
		<cmt>K41 Rehden - Dickel</cmt>
		<desc>K41 Rehden - Dickel</desc>
		<src>Niedersächsische Landesforsten</src>
	</wpt>
	<wpt lat="52.636361025434894" lon="8.5145105827410248">
		<name>DH-304</name>
		<cmt>Dönsel; Straßenkreuzung Tinos Pferderanch</cmt>
		<desc>Dönsel; Straßenkreuzung Tinos Pferderanch</desc>
		<src>Niedersächsische Landesforsten</src>
	</wpt>
	<wpt lat="52.525532367261761" lon="9.129704907712382">
		<name>NI-103</name>
		<cmt>Einfahrt Raiffeisen Agil Leese</cmt>
		<desc>Einfahrt Raiffeisen Agil Leese</desc>
		<src>Niedersächsische Landesforsten</src>
	</wpt>
	<wpt lat="52.515670050289728" lon="9.1253031313257296">
		<name>NI-104</name>
		<cmt>Revierförsterei Leese, Uhlenberg</cmt>
		<desc>Revierförsterei Leese, Uhlenberg</desc>
		<src>Niedersächsische Landesforsten</src>
	</wpt>
	<wpt lat="52.833918255062045" lon="8.8767707075152131">
		<name>DH-802</name>
		<cmt>Waldweg gegenüberliegend der Abzweigung L332 und Nienburger Straße</cmt>
		<desc>Waldweg gegenüberliegend der Abzweigung L332 und Nienburger Straße</desc>
		<src>Niedersächsische Landesforsten</src>
	</wpt>
	<wpt lat="53.232874758446279" lon="10.499189328416632">
		<name>LG-004</name>
		<cmt>Lüneburg Richtg. Dahlenburg B216 km 5,8</cmt>
		<desc>Lüneburg Richtg. Dahlenburg B216 km 5,8</desc>
		<src>Niedersächsische Landesforsten</src>
	</wpt>
	<wpt lat="53.220954810518464" lon="10.566580751684763">
		<name>LG-006</name>
		<cmt>Barendorf Richtg. Dahlenburg B216 km 10,6</cmt>
		<desc>Barendorf Richtg. Dahlenburg B216 km 10,6</desc>
		<src>Niedersächsische Landesforsten</src>
	</wpt>
	<wpt lat="51.338198463248709" lon="9.6671334044528017">
		<name>GÖ-13H</name>
		<cmt>Waldeingang Plantagenweg</cmt>
		<desc>Waldeingang Plantagenweg</desc>
		<src>Niedersächsische Landesforsten</src>
	</wpt>
	<wpt lat="51.34377356753587" lon="9.6484177608478188">
		<name>GÖ-14</name>
		<cmt>Waldeingang Nienhagen</cmt>
		<desc>Waldeingang Nienhagen</desc>
		<src>Niedersächsische Landesforsten</src>
	</wpt>
	<wpt lat="51.35343720362021" lon="9.7045764609793324">
		<name>GÖ-15H</name>
		<cmt>Naturfreundehaus Steinberg</cmt>
		<desc>Naturfreundehaus Steinberg</desc>
		<src>Niedersächsische Landesforsten</src>
	</wpt>
	<wpt lat="51.383012781625808" lon="9.7235633908824237">
		<name>GÖ-26H</name>
		<cmt>Wiese Ravensberg</cmt>
		<desc>Wiese Ravensberg</desc>
		<src>Niedersächsische Landesforsten</src>
	</wpt>
	<wpt lat="53.5120349622199" lon="7.5657022328936003">
		<name>AUR-006</name>
		<cmt>K129 "Spekendorfer Str." bei erster Wegekreuzung aus Richtung Plaggenburg</cmt>
		<desc>K129 "Spekendorfer Str." bei erster Wegekreuzung aus Richtung Plaggenburg</desc>
		<src>Niedersächsische Landesforsten</src>
	</wpt>
	<wpt lat="51.800181828167339" lon="10.181865551872304">
		<name>OHA-122</name>
		<cmt>Sankt Mauritius-Kirche in Gittelde, Ecke Schulstraße/Lange Straße</cmt>
		<desc>Sankt Mauritius-Kirche in Gittelde, Ecke Schulstraße/Lange Straße</desc>
		<src>Niedersächsische Landesforsten</src>
	</wpt>
	<wpt lat="51.816958123486003" lon="10.17958323671566">
		<name>GS-121</name>
		<cmt>Straßenkreuzung an Domäne Stauffenburg, nördlich von Gittelde</cmt>
		<desc>Straßenkreuzung an Domäne Stauffenburg, nördlich von Gittelde</desc>
		<src>Niedersächsische Landesforsten</src>
	</wpt>
	<wpt lat="51.884767444011203" lon="10.197383750703562">
		<name>GS-136</name>
		<cmt>Seesen, L 516, Straßeneinfahrt In der Dehne (China-Restaurant)</cmt>
		<desc>Seesen, L 516, Straßeneinfahrt In der Dehne (China-Restaurant)</desc>
		<src>Niedersächsische Landesforsten</src>
	</wpt>
	<wpt lat="51.883568195064328" lon="10.209994495877289">
		<name>GS-178</name>
		<cmt>Seesen, Lautenthaler Straße Einmündung Granestraße</cmt>
		<desc>Seesen, Lautenthaler Straße Einmündung Granestraße</desc>
		<src>Niedersächsische Landesforsten</src>
	</wpt>
	<wpt lat="51.844933443540889" lon="10.202161510233568">
		<name>GS-137</name>
		<cmt>Münchehof, Parkplatz Pandelbach Waldrand</cmt>
		<desc>Münchehof, Parkplatz Pandelbach Waldrand</desc>
		<src>Niedersächsische Landesforsten</src>
	</wpt>
	<wpt lat="51.912609494207977" lon="10.374045421042524">
		<name>GS-106</name>
		<cmt>Parkplatz Staudamm Granetalsperre</cmt>
		<desc>Parkplatz Staudamm Granetalsperre</desc>
		<src>Niedersächsische Landesforsten</src>
	</wpt>
	<wpt lat="51.933742482440401" lon="10.345953551469231">
		<name>GS-107</name>
		<cmt>Langelsheim, ARAL-Tankstelle</cmt>
		<desc>Langelsheim, ARAL-Tankstelle</desc>
		<src>Niedersächsische Landesforsten</src>
	</wpt>
	<wpt lat="51.925108490845837" lon="10.341925624188141">
		<name>GS-108</name>
		<cmt>Wolfshagen, Gärtnerei Klose</cmt>
		<desc>Wolfshagen, Gärtnerei Klose</desc>
		<src>Niedersächsische Landesforsten</src>
	</wpt>
	<wpt lat="51.918704410213181" lon="10.332081535476155">
		<name>GS-109</name>
		<cmt>Wolfshagen, PIENING-Parkplatz</cmt>
		<desc>Wolfshagen, PIENING-Parkplatz</desc>
		<src>Niedersächsische Landesforsten</src>
	</wpt>
	<wpt lat="51.916336953110402" lon="10.299247029326452">
		<name>GS-110</name>
		<cmt>Parkplatz Innerste, Talsperrenmeisterei</cmt>
		<desc>Parkplatz Innerste, Talsperrenmeisterei</desc>
		<src>Niedersächsische Landesforsten</src>
	</wpt>
	<wpt lat="51.950070711790218" lon="10.289446864376204">
		<name>GS-111</name>
		<cmt>B 82,  Kilometerstein 11,5, ca. 2 km westl. Langelsheim</cmt>
		<desc>B 82,  Kilometerstein 11,5, ca. 2 km westl. Langelsheim</desc>
		<src>Niedersächsische Landesforsten</src>
	</wpt>
	<wpt lat="53.505707206071847" lon="7.5461546937641959">
		<name>AUR-007</name>
		<cmt>"Eintrachtweg" bei Eintrachtstadion Plaggenburg</cmt>
		<desc>"Eintrachtweg" bei Eintrachtstadion Plaggenburg</desc>
		<src>Niedersächsische Landesforsten</src>
	</wpt>
	<wpt lat="52.622229578418313" lon="9.1222232638651466">
		<name>NI-608</name>
		<cmt>L 351; Abzweigung Ortseingang Binnen (am Wald)</cmt>
		<desc>L 351; Abzweigung Ortseingang Binnen (am Wald)</desc>
		<src>Niedersächsische Landesforsten</src>
	</wpt>
	<wpt lat="52.73860953441816" lon="8.8093517629268661">
		<name>DH-902</name>
		<cmt>K 11 (Scholer Straße) Abzweigung Hülsestraße zum Sportplatz</cmt>
		<desc>K 11 (Scholer Straße) Abzweigung Hülsestraße zum Sportplatz</desc>
		<src>Niedersächsische Landesforsten</src>
	</wpt>
	<wpt lat="52.780757838189999" lon="8.8226066098471208">
		<name>DH-905</name>
		<cmt>Waldeingang Ortschaft Habichthorst Ecke Staatshäuserstraße - Ringstraße</cmt>
		<desc>Waldeingang Ortschaft Habichthorst Ecke Staatshäuserstraße - Ringstraße</desc>
		<src>Niedersächsische Landesforsten</src>
	</wpt>
	<wpt lat="52.667415844173803" lon="8.6649740941632345">
		<name>DH-309</name>
		<cmt>K 41 Wehrbleck - Strange;  Resthof</cmt>
		<desc>K 41 Wehrbleck - Strange;  Resthof</desc>
		<src>Niedersächsische Landesforsten</src>
	</wpt>
	<wpt lat="52.570987250886247" lon="8.8477009842980276">
		<name>DH-311</name>
		<cmt>B 61 Abfahrt Knickberg;</cmt>
		<desc>B 61 Abfahrt Knickberg;</desc>
		<src>Niedersächsische Landesforsten</src>
	</wpt>
	<wpt lat="52.778336727124305" lon="9.0306096509852498">
		<name>DH-809</name>
		<cmt>Waldweg an Kreuzung K14 (Hoyaer Straße)  -  Ziegeleiweg</cmt>
		<desc>Waldweg an Kreuzung K14 (Hoyaer Straße)  -  Ziegeleiweg</desc>
		<src>Niedersächsische Landesforsten</src>
	</wpt>
	<wpt lat="52.493191894851222" lon="9.2276846655876081">
		<name>NI-101</name>
		<cmt>Werk Henniges, Nienburger Straße Kreuzung Am Buchholz</cmt>
		<desc>Werk Henniges, Nienburger Straße Kreuzung Am Buchholz</desc>
		<src>Niedersächsische Landesforsten</src>
	</wpt>
	<wpt lat="52.796464141936646" lon="8.9807397126161579">
		<name>DH-808</name>
		<cmt>B6 zwischen Dille und Asendorf ;  Einfahrt Waldweg</cmt>
		<desc>B6 zwischen Dille und Asendorf ;  Einfahrt Waldweg</desc>
		<src>Niedersächsische Landesforsten</src>
	</wpt>
	<wpt lat="51.442830117176499" lon="9.8597202092111687">
		<name>GÖ-68H</name>
		<cmt>nördlich vom Rieschenberg</cmt>
		<desc>nördlich vom Rieschenberg</desc>
		<src>Niedersächsische Landesforsten</src>
	</wpt>
	<wpt lat="51.452622927767024" lon="9.8440696397550145">
		<name>GÖ-69H</name>
		<cmt>Wendeplatte Lieth</cmt>
		<desc>Wendeplatte Lieth</desc>
		<src>Niedersächsische Landesforsten</src>
	</wpt>
	<wpt lat="51.441452786545511" lon="9.760037618984736">
		<name>GÖ-70</name>
		<cmt>Kirche Meensen</cmt>
		<desc>Kirche Meensen</desc>
		<src>Niedersächsische Landesforsten</src>
	</wpt>
	<wpt lat="51.475623231848211" lon="9.7642236916416785">
		<name>GÖ-78</name>
		<cmt>Parkplatz Gaußturm</cmt>
		<desc>Parkplatz Gaußturm</desc>
		<src>Niedersächsische Landesforsten</src>
	</wpt>
	<wpt lat="51.585960833152271" lon="9.8283253721345094">
		<name>GÖ-134H</name>
		<cmt>Bushaltestelle Emmenhausen</cmt>
		<desc>Bushaltestelle Emmenhausen</desc>
		<src>Niedersächsische Landesforsten</src>
	</wpt>
	<wpt lat="51.560807337307558" lon="10.031948943456777">
		<name>GÖ-374</name>
		<cmt>B27, Waldeingang an der Grünbrücke, Roringer Seite</cmt>
		<desc>B27, Waldeingang an der Grünbrücke, Roringer Seite</desc>
		<src>Niedersächsische Landesforsten</src>
	</wpt>
	<wpt lat="52.8535597337358" lon="7.9567918842748444">
		<name>CLP-015</name>
		<cmt>Parkplatz Krattholz</cmt>
		<desc>Parkplatz Krattholz</desc>
		<src>Niedersächsische Landesforsten</src>
	</wpt>
	<wpt lat="52.355763979744331" lon="9.8672571541134939">
		<name>H-125</name>
		<cmt>Gaimweg 32</cmt>
		<desc>Gaimweg 32</desc>
		<src>Niedersächsische Landesforsten</src>
	</wpt>
	<wpt lat="53.394432920419661" lon="9.9346727140166742">
		<name>WL-005</name>
		<cmt>Tötensen Richtg. Hittfeld K11 km 6,2</cmt>
		<desc>Tötensen Richtg. Hittfeld K11 km 6,2</desc>
		<src>Niedersächsische Landesforsten</src>
	</wpt>
	<wpt lat="53.348669538795207" lon="9.9403849219916278">
		<name>WL-006</name>
		<cmt>Klecken richtg. Bendestorf K54 km 5,5, ,Waldeingang, Str. "Forsthaus"</cmt>
		<desc>Klecken richtg. Bendestorf K54 km 5,5, ,Waldeingang, Str. "Forsthaus"</desc>
		<src>Niedersächsische Landesforsten</src>
	</wpt>
	<wpt lat="53.334695508253027" lon="9.929093056983973">
		<name>WL-007</name>
		<cmt>Buchholz Richtg. Bendestorf, P am Trimmpfad, K54 km 2,9</cmt>
		<desc>Buchholz Richtg. Bendestorf, P am Trimmpfad, K54 km 2,9</desc>
		<src>Niedersächsische Landesforsten</src>
	</wpt>
	<wpt lat="53.341192684238109" lon="9.9618866325116713">
		<name>WL-008</name>
		<cmt>Bendestorf, Ecke Kleckerwaldstr./Gartenstr., Hotel Kurth</cmt>
		<desc>Bendestorf, Ecke Kleckerwaldstr./Gartenstr., Hotel Kurth</desc>
		<src>Niedersächsische Landesforsten</src>
	</wpt>
	<wpt lat="53.321075620655982" lon="9.9501480214018283">
		<name>WL-009</name>
		<cmt>Jesteburg, Kleckerwald, Waldeingang (Waldklinik, Rüsselkäferflächen)</cmt>
		<desc>Jesteburg, Kleckerwald, Waldeingang (Waldklinik, Rüsselkäferflächen)</desc>
		<src>Niedersächsische Landesforsten</src>
	</wpt>
	<wpt lat="53.376758662124232" lon="9.803873857984982">
		<name>WL-010</name>
		<cmt>Mienenbüttel, B3 kei km 9,5, Str. "Am Stuvenwald"</cmt>
		<desc>Mienenbüttel, B3 kei km 9,5, Str. "Am Stuvenwald"</desc>
		<src>Niedersächsische Landesforsten</src>
	</wpt>
	<wpt lat="53.364094099507945" lon="10.093580642675086">
		<name>WL-H7</name>
		<cmt/>
		<desc/>
		<src>Niedersächsische Landesforsten</src>
	</wpt>
	<wpt lat="51.854444372303753" lon="10.274986888025046">
		<name>GS-126</name>
		<cmt>Lautenthal, Hüttschenthal, L 515</cmt>
		<desc>Lautenthal, Hüttschenthal, L 515</desc>
		<src>Niedersächsische Landesforsten</src>
	</wpt>
	<wpt lat="51.864202663972911" lon="10.291265601510778">
		<name>GS-127</name>
		<cmt>Lautenthal, Waldgaststätte Maaßener Gaipel</cmt>
		<desc>Lautenthal, Waldgaststätte Maaßener Gaipel</desc>
		<src>Niedersächsische Landesforsten</src>
	</wpt>
	<wpt lat="51.855090555889717" lon="10.322450018499977">
		<name>GS-101</name>
		<cmt>Parkplatz Kuttelbacher Teich</cmt>
		<desc>Parkplatz Kuttelbacher Teich</desc>
		<src>Niedersächsische Landesforsten</src>
	</wpt>
	<wpt lat="52.125390849556425" lon="9.582502586037311">
		<name>HM-043</name>
		<cmt>Gaststaette Salzburg</cmt>
		<desc>Gaststaette Salzburg</desc>
		<src>Niedersächsische Landesforsten</src>
	</wpt>
	<wpt lat="52.120516599221723" lon="9.5848992872084171">
		<name>HM-042</name>
		<cmt>Marienauer Steinweg</cmt>
		<desc>Marienauer Steinweg</desc>
		<src>Niedersächsische Landesforsten</src>
	</wpt>
	<wpt lat="52.120008773967172" lon="9.6039062690389247">
		<name>HM-041</name>
		<cmt>Fa Wienerberger</cmt>
		<desc>Fa Wienerberger</desc>
		<src>Niedersächsische Landesforsten</src>
	</wpt>
	<wpt lat="52.11005707043789" lon="9.6143875032174932">
		<name>HM-040</name>
		<cmt>Schwimmbd Osterwald</cmt>
		<desc>Schwimmbd Osterwald</desc>
		<src>Niedersächsische Landesforsten</src>
	</wpt>
	<wpt lat="52.401966600533434" lon="10.240655472557789">
		<name>PE-001</name>
		<cmt>Waldeinfahrt Industriepark Berkhöpen</cmt>
		<desc>Waldeinfahrt Industriepark Berkhöpen</desc>
		<src>Niedersächsische Landesforsten</src>
	</wpt>
	<wpt lat="52.386820967532785" lon="10.231374293159885">
		<name>PE-002</name>
		<cmt>Kreuzung K5 (Zum Walde)</cmt>
		<desc>Kreuzung K5 (Zum Walde)</desc>
		<src>Niedersächsische Landesforsten</src>
	</wpt>
	<wpt lat="51.6194369890639" lon="10.581364962501114">
		<name>OHA-413</name>
		<cmt>L 601 Friedhof Wieda</cmt>
		<desc>L 601 Friedhof Wieda</desc>
		<src>Niedersächsische Landesforsten</src>
	</wpt>
	<wpt lat="51.621877831121765" lon="10.625279598912872">
		<name>OHA-414</name>
		<cmt>L 602 Friedhof Zorge</cmt>
		<desc>L 602 Friedhof Zorge</desc>
		<src>Niedersächsische Landesforsten</src>
	</wpt>
	<wpt lat="53.072130427129892" lon="10.929063105991647">
		<name>DAN-003</name>
		<cmt>B 191; Zernien-Pudripp, Waldparkplatz</cmt>
		<desc>B 191; Zernien-Pudripp, Waldparkplatz</desc>
		<src>Niedersächsische Landesforsten</src>
	</wpt>
	<wpt lat="51.452936825778515" lon="9.9468723477935121">
		<name>GÖ-320</name>
		<cmt>B27 &amp;gt; K21, Ballenhausen, nach Ortseingang rechts bis südl. Ortsausgang</cmt>
		<desc>B27 &amp;gt; K21, Ballenhausen, nach Ortseingang rechts bis südl. Ortsausgang</desc>
		<src>Niedersächsische Landesforsten</src>
	</wpt>
	<wpt lat="51.474119710130395" lon="9.9439725095350919">
		<name>GÖ-321</name>
		<cmt>L568, Niedernjesa &amp;gt; Reinhausen, Parkplatz Wendebachstausee</cmt>
		<desc>L568, Niedernjesa &amp;gt; Reinhausen, Parkplatz Wendebachstausee</desc>
		<src>Niedersächsische Landesforsten</src>
	</wpt>
	<wpt lat="51.613859047266011" lon="10.598996102753221">
		<name>OHA-412</name>
		<cmt>Parkplatz an der K 23 Wieda - Zorge; Abt. 3111</cmt>
		<desc>Parkplatz an der K 23 Wieda - Zorge; Abt. 3111</desc>
		<src>Niedersächsische Landesforsten</src>
	</wpt>
	<wpt lat="51.487925343851117" lon="9.9842971232765994">
		<name>GÖ-322</name>
		<cmt>K21,  in Diemarden &amp;gt; Kl. Lengden, 100m vor Tankstelle rechts</cmt>
		<desc>K21,  in Diemarden &amp;gt; Kl. Lengden, 100m vor Tankstelle rechts</desc>
		<src>Niedersächsische Landesforsten</src>
	</wpt>
	<wpt lat="52.185533037062243" lon="9.4740366503477684">
		<name>HM-052</name>
		<cmt>Osterberg</cmt>
		<desc>Osterberg</desc>
		<src>Niedersächsische Landesforsten</src>
	</wpt>
	<wpt lat="51.696326001453535" lon="10.625642351343242">
		<name>GS-458</name>
		<cmt>L 600 Einfahrt alte Poststraße</cmt>
		<desc>L 600 Einfahrt alte Poststraße</desc>
		<src>Niedersächsische Landesforsten</src>
	</wpt>
	<wpt lat="53.080040329180086" lon="10.553080447120847">
		<name>UE-030</name>
		<cmt>L 252; Bad Bevensen - Seedorf,  Abzwg. Schweizer Hof</cmt>
		<desc>L 252; Bad Bevensen - Seedorf,  Abzwg. Schweizer Hof</desc>
		<src>Niedersächsische Landesforsten</src>
	</wpt>
	<wpt lat="51.674664103423304" lon="10.50162107316242">
		<name>OHA-452</name>
		<cmt>Sperrluttertal L 520 Bad Lauterberg - St. Andreasberg; Parkplatz Fa. Eckold</cmt>
		<desc>Sperrluttertal L 520 Bad Lauterberg - St. Andreasberg; Parkplatz Fa. Eckold</desc>
		<src>Niedersächsische Landesforsten</src>
	</wpt>
	<wpt lat="51.70389866623271" lon="10.587868867431423">
		<name>GS-456</name>
		<cmt>B 27 Bad Lauterberg - Braunlage; Parkplatz Lausebuche/Kaiserweg (Abt. 3127/28)</cmt>
		<desc>B 27 Bad Lauterberg - Braunlage; Parkplatz Lausebuche/Kaiserweg (Abt. 3127/28)</desc>
		<src>Niedersächsische Landesforsten</src>
	</wpt>
	<wpt lat="51.706022272769907" lon="10.621510664549749">
		<name>GS-459</name>
		<cmt>L 600 Alte Bahnlinie/Hiebszugweg (Abt. 2004/2009)</cmt>
		<desc>L 600 Alte Bahnlinie/Hiebszugweg (Abt. 2004/2009)</desc>
		<src>Niedersächsische Landesforsten</src>
	</wpt>
	<wpt lat="51.699884455176935" lon="10.61989093073017">
		<name>GS-467</name>
		<cmt>Jugendwaldheim Brunnenbachsmühle</cmt>
		<desc>Jugendwaldheim Brunnenbachsmühle</desc>
		<src>Niedersächsische Landesforsten</src>
	</wpt>
	<wpt lat="51.698417722866388" lon="10.671031878749647">
		<name>GS-468</name>
		<cmt>B 242 Braunlage - Sorge; Landesgrenze, Bodewiesen (Abt. 190)</cmt>
		<desc>B 242 Braunlage - Sorge; Landesgrenze, Bodewiesen (Abt. 190)</desc>
		<src>Niedersächsische Landesforsten</src>
	</wpt>
	<wpt lat="51.70525144742043" lon="10.652095907259842">
		<name>GS-469</name>
		<cmt>B4/242 Braunlage - Hohegeiß/Sorge; Notrufsäule (Abt. 188)</cmt>
		<desc>B4/242 Braunlage - Hohegeiß/Sorge; Notrufsäule (Abt. 188)</desc>
		<src>Niedersächsische Landesforsten</src>
	</wpt>
	<wpt lat="51.712703684561085" lon="10.628819270139886">
		<name>GS-470</name>
		<cmt>B4/242 Braunlage - Hohegeiß/Sorge; Einmündung Goldbachstraße (Abt.2011)</cmt>
		<desc>B4/242 Braunlage - Hohegeiß/Sorge; Einmündung Goldbachstraße (Abt.2011)</desc>
		<src>Niedersächsische Landesforsten</src>
	</wpt>
	<wpt lat="51.995993849033042" lon="10.250843915341578">
		<name>GS-170</name>
		<cmt>L 500 zwischen Lutter und Bodenstein, Eisenbahnbrücke (Alter Bahnhof Lutter), Km 2,4</cmt>
		<desc>L 500 zwischen Lutter und Bodenstein, Eisenbahnbrücke (Alter Bahnhof Lutter), Km 2,4</desc>
		<src>Niedersächsische Landesforsten</src>
	</wpt>
	<wpt lat="51.97745700246471" lon="10.228281438543538">
		<name>GS-169</name>
		<cmt>Ortsmitte Nauen, südl. Bahnübergang, Kreuzung "Am Berge" - "Im Dorfe"</cmt>
		<desc>Ortsmitte Nauen, südl. Bahnübergang, Kreuzung "Am Berge" - "Im Dorfe"</desc>
		<src>Niedersächsische Landesforsten</src>
	</wpt>
	<wpt lat="51.807257222325433" lon="10.436399473054948">
		<name>GS-006</name>
		<cmt>Ecke Grasstieg/Silberhütte</cmt>
		<desc>Ecke Grasstieg/Silberhütte</desc>
		<src>Niedersächsische Landesforsten</src>
	</wpt>
	<wpt lat="51.793877979648109" lon="9.472069570133252">
		<name>HOL-073</name>
		<cmt>Parkplatz Hohe Eiche K57</cmt>
		<desc>Parkplatz Hohe Eiche K57</desc>
		<src>Niedersächsische Landesforsten</src>
	</wpt>
	<wpt lat="51.787164525370947" lon="9.4403655249330818">
		<name>HOL-074</name>
		<cmt>Waldeinfahrt zur Frühstückseiche L550 zwischen HOL u.LÜchtringen</cmt>
		<desc>Waldeinfahrt zur Frühstückseiche L550 zwischen HOL u.LÜchtringen</desc>
		<src>Niedersächsische Landesforsten</src>
	</wpt>
	<wpt lat="51.765514439563823" lon="10.180451692572369">
		<name>OHA-124</name>
		<cmt>Ortseingang Eisdorf im Norden,</cmt>
		<desc>Ortseingang Eisdorf im Norden,</desc>
		<src>Niedersächsische Landesforsten</src>
	</wpt>
	<wpt lat="51.758064502503203" lon="9.492483414577439">
		<name>HOL-084</name>
		<cmt>L549 Kegelbahn 1,5 km hinter Neuhaus Richtung Boffzen</cmt>
		<desc>L549 Kegelbahn 1,5 km hinter Neuhaus Richtung Boffzen</desc>
		<src>Niedersächsische Landesforsten</src>
	</wpt>
	<wpt lat="51.744123957387515" lon="9.5179973402835714">
		<name>HOL-095</name>
		<cmt>Wildpark Neuhaus</cmt>
		<desc>Wildpark Neuhaus</desc>
		<src>Niedersächsische Landesforsten</src>
	</wpt>
	<wpt lat="51.931013505610579" lon="9.8261087746782891">
		<name>HOL-018</name>
		<cmt>B3 Abzweigung Düsterntal</cmt>
		<desc>B3 Abzweigung Düsterntal</desc>
		<src>Niedersächsische Landesforsten</src>
	</wpt>
	<wpt lat="53.484829813513876" lon="7.5013230874540966">
		<name>AUR-009</name>
		<cmt>"Südeweg" bei Landwirtschaftlichem Hauptverein</cmt>
		<desc>"Südeweg" bei Landwirtschaftlichem Hauptverein</desc>
		<src>Niedersächsische Landesforsten</src>
	</wpt>
	<wpt lat="52.376727811946488" lon="7.9707539534837979">
		<name>OS-57</name>
		<cmt>Sportplatz Pente Hollager Str. / Pollerweg</cmt>
		<desc>Sportplatz Pente Hollager Str. / Pollerweg</desc>
		<src>Niedersächsische Landesforsten</src>
	</wpt>
	<wpt lat="52.552757202212739" lon="7.9550556548296907">
		<name>OS-63</name>
		<cmt>Schießstand Bersenbrück</cmt>
		<desc>Schießstand Bersenbrück</desc>
		<src>Niedersächsische Landesforsten</src>
	</wpt>
	<wpt lat="52.557476186980367" lon="7.9442148523318883">
		<name>OS-64</name>
		<cmt>Quakenbrücker Straße / An der Freude</cmt>
		<desc>Quakenbrücker Straße / An der Freude</desc>
		<src>Niedersächsische Landesforsten</src>
	</wpt>
	<wpt lat="53.325775276545897" lon="9.5264786138654447">
		<name>ROW-073</name>
		<cmt>Thörenwald  L130 östl. Vierden Einfahrt zum Wanderparkplatz</cmt>
		<desc>Thörenwald  L130 östl. Vierden Einfahrt zum Wanderparkplatz</desc>
		<src>Niedersächsische Landesforsten</src>
	</wpt>
	<wpt lat="53.294605438981897" lon="9.5324432506490915">
		<name>ROW-076</name>
		<cmt>Kalber Holz südl. Raststätte Ostetal</cmt>
		<desc>Kalber Holz südl. Raststätte Ostetal</desc>
		<src>Niedersächsische Landesforsten</src>
	</wpt>
	<wpt lat="53.304200130439483" lon="9.5399051951021701">
		<name>ROW-075</name>
		<cmt>Thörenwald an Autobahnbrücke Nähe Porotonwerk</cmt>
		<desc>Thörenwald an Autobahnbrücke Nähe Porotonwerk</desc>
		<src>Niedersächsische Landesforsten</src>
	</wpt>
	<wpt lat="53.280675145812893" lon="9.563209769277675">
		<name>ROW-077</name>
		<cmt>Burgsittensen L142 letzte Kurve vor Torfbahn (Rtg. Wistedt)</cmt>
		<desc>Burgsittensen L142 letzte Kurve vor Torfbahn (Rtg. Wistedt)</desc>
		<src>Niedersächsische Landesforsten</src>
	</wpt>
	<wpt lat="53.249118187298087" lon="9.2191396142467479">
		<name>ROW-082</name>
		<cmt>Hemel u Hemelsmoor K111 Einmündung auf  L132  (2 km östl. Ostertimke)</cmt>
		<desc>Hemel u Hemelsmoor K111 Einmündung auf  L132  (2 km östl. Ostertimke)</desc>
		<src>Niedersächsische Landesforsten</src>
	</wpt>
	<wpt lat="53.235105449013467" lon="9.2701828275507872">
		<name>ROW-083</name>
		<cmt>Stellingsmoor westl. Wehldorf</cmt>
		<desc>Stellingsmoor westl. Wehldorf</desc>
		<src>Niedersächsische Landesforsten</src>
	</wpt>
	<wpt lat="53.211797979573788" lon="11.057796152094179">
		<name>LG-056</name>
		<cmt>Kaarßen - Laave  "Kaarßer Siedlung"</cmt>
		<desc>Kaarßen - Laave  "Kaarßer Siedlung"</desc>
		<src>Niedersächsische Landesforsten</src>
	</wpt>
	<wpt lat="53.238635596046663" lon="11.045807211726924">
		<name>LG-057</name>
		<cmt>L 224 Forstsiedlung Laaver Straße</cmt>
		<desc>L 224 Forstsiedlung Laaver Straße</desc>
		<src>Niedersächsische Landesforsten</src>
	</wpt>
	<wpt lat="53.029151524696509" lon="8.2641029344927297">
		<name>OL-030</name>
		<cmt>Forsthaus Sandkrug in Sandkrug, Barneführerholzweg 80"</cmt>
		<desc>Forsthaus Sandkrug in Sandkrug, Barneführerholzweg 80"</desc>
		<src>Niedersächsische Landesforsten</src>
	</wpt>
	<wpt lat="53.013396045620453" lon="8.3159371299061569">
		<name>OL-031</name>
		<cmt>Str "Wöschenweg", Einmündung " Im Steen"</cmt>
		<desc>Str "Wöschenweg", Einmündung " Im Steen"</desc>
		<src>Niedersächsische Landesforsten</src>
	</wpt>
	<wpt lat="51.924827413942829" lon="9.7741871821977639">
		<name>HOL-019</name>
		<cmt>Ortsmitte Kaierde, Abzweig Wellenspringstr.</cmt>
		<desc>Ortsmitte Kaierde, Abzweig Wellenspringstr.</desc>
		<src>Niedersächsische Landesforsten</src>
	</wpt>
	<wpt lat="52.933990964696569" lon="8.183602620155856">
		<name>OL-040</name>
		<cmt>"Blanker Schlatt", ca. 1500m bis Wegekreuzung</cmt>
		<desc>"Blanker Schlatt", ca. 1500m bis Wegekreuzung</desc>
		<src>Niedersächsische Landesforsten</src>
	</wpt>
	<wpt lat="51.854953970426124" lon="9.8990530454222494">
		<name>NOM-303</name>
		<cmt>Waldeingang Holtershausen</cmt>
		<desc>Waldeingang Holtershausen</desc>
		<src>Niedersächsische Landesforsten</src>
	</wpt>
	<wpt lat="52.933677764896167" lon="8.2076119525135791">
		<name>OL-041</name>
		<cmt>"Zur Büsse" (L870, Km 24,2)</cmt>
		<desc>"Zur Büsse" (L870, Km 24,2)</desc>
		<src>Niedersächsische Landesforsten</src>
	</wpt>
	<wpt lat="52.911549326824918" lon="8.1702586346638046">
		<name>OL-042</name>
		<cmt>"Gräperstr.", ca. 2000m bis Waldrand links</cmt>
		<desc>"Gräperstr.", ca. 2000m bis Waldrand links</desc>
		<src>Niedersächsische Landesforsten</src>
	</wpt>
	<wpt lat="52.926779774810761" lon="8.2626220032928277">
		<name>OL-043</name>
		<cmt>"Hageler Str." - ca. 2250m bis zum Beginn der Aufforstungsflächen</cmt>
		<desc>"Hageler Str." - ca. 2250m bis zum Beginn der Aufforstungsflächen</desc>
		<src>Niedersächsische Landesforsten</src>
	</wpt>
	<wpt lat="51.861172776867299" lon="10.197793676175937">
		<name>GS-117</name>
		<cmt>Viehweide Eingang Asseketal</cmt>
		<desc>Viehweide Eingang Asseketal</desc>
		<src>Niedersächsische Landesforsten</src>
	</wpt>
	<wpt lat="53.523932895765782" lon="7.855897064117376">
		<name>FRI-005</name>
		<cmt>Gaststätte "Nobiskrug"</cmt>
		<desc>Gaststätte "Nobiskrug"</desc>
		<src>Niedersächsische Landesforsten</src>
	</wpt>
	<wpt lat="53.398195263536422" lon="7.8738238414265558">
		<name>FRI-009</name>
		<cmt>Ehemaliges Schullandheim "Voslap" an der Grenzstraße</cmt>
		<desc>Ehemaliges Schullandheim "Voslap" an der Grenzstraße</desc>
		<src>Niedersächsische Landesforsten</src>
	</wpt>
	<wpt lat="53.400026778376002" lon="7.9153507308792292">
		<name>FRI-010</name>
		<cmt>Parkplatz Marine Munitionsdepot</cmt>
		<desc>Parkplatz Marine Munitionsdepot</desc>
		<src>Niedersächsische Landesforsten</src>
	</wpt>
	<wpt lat="53.387034393132367" lon="7.9082414134043342">
		<name>FRI-011</name>
		<cmt>K69, Einmündung äSpolenser Moorstr.ô</cmt>
		<desc>K69, Einmündung äSpolenser Moorstr.ô</desc>
		<src>Niedersächsische Landesforsten</src>
	</wpt>
	<wpt lat="53.403942537052423" lon="7.9788390174181885">
		<name>FRI-012</name>
		<cmt>K 102 Zetel Richtung Bockhorn, Parkplatz beim Tennisplatz (km 9,3)</cmt>
		<desc>K 102 Zetel Richtung Bockhorn, Parkplatz beim Tennisplatz (km 9,3)</desc>
		<src>Niedersächsische Landesforsten</src>
	</wpt>
	<wpt lat="53.348943540244477" lon="8.1012185649184669">
		<name>FRI-022</name>
		<cmt>K 106, Einmündung der Straße "Am Ahrensberg"</cmt>
		<desc>K 106, Einmündung der Straße "Am Ahrensberg"</desc>
		<src>Niedersächsische Landesforsten</src>
	</wpt>
	<wpt lat="53.093899410185365" lon="8.3261806286564095">
		<name>OL-003</name>
		<cmt>L 868, Wanderparkplatz bei km 9,3</cmt>
		<desc>L 868, Wanderparkplatz bei km 9,3</desc>
		<src>Niedersächsische Landesforsten</src>
	</wpt>
	<wpt lat="53.308487698324363" lon="7.6068300274746452">
		<name>LER-003</name>
		<cmt>K59, Parkplatz Firreler Strasse</cmt>
		<desc>K59, Parkplatz Firreler Strasse</desc>
		<src>Niedersächsische Landesforsten</src>
	</wpt>
	<wpt lat="53.306048079778868" lon="7.6213887016685025">
		<name>LER-004</name>
		<cmt>L 24, Parkplatz Silbersee</cmt>
		<desc>L 24, Parkplatz Silbersee</desc>
		<src>Niedersächsische Landesforsten</src>
	</wpt>
	<wpt lat="53.302843723620292" lon="7.6267821562224238">
		<name>LER-006</name>
		<cmt>Forsthaus Kloster-Barthe</cmt>
		<desc>Forsthaus Kloster-Barthe</desc>
		<src>Niedersächsische Landesforsten</src>
	</wpt>
	<wpt lat="53.111130072419527" lon="8.4025137854550085">
		<name>OL-002</name>
		<cmt>"Linteler Straße", Parkplatz FriedWald</cmt>
		<desc>"Linteler Straße", Parkplatz FriedWald</desc>
		<src>Niedersächsische Landesforsten</src>
	</wpt>
	<wpt lat="53.07391329070893" lon="8.4155449118695405">
		<name>OL-006</name>
		<cmt>K 343, Einmündung "Am Postweg" ,Parkplatz "Haus Sandersfeld"</cmt>
		<desc>K 343, Einmündung "Am Postweg" ,Parkplatz "Haus Sandersfeld"</desc>
		<src>Niedersächsische Landesforsten</src>
	</wpt>
	<wpt lat="53.070645596215762" lon="8.4685700577433849">
		<name>OL-007</name>
		<cmt>Straße "Am Forsthaus", Wanderparkplatz</cmt>
		<desc>Straße "Am Forsthaus", Wanderparkplatz</desc>
		<src>Niedersächsische Landesforsten</src>
	</wpt>
	<wpt lat="53.085320993919552" lon="8.5097268752038833">
		<name>OL-008</name>
		<cmt>"Hedenkampstraße", Wanderparkplatz "Sommerfrische"</cmt>
		<desc>"Hedenkampstraße", Wanderparkplatz "Sommerfrische"</desc>
		<src>Niedersächsische Landesforsten</src>
	</wpt>
	<wpt lat="53.055806598773465" lon="8.5013976974275653">
		<name>OL-009</name>
		<cmt>A28 / E22, Parkplatz der Raststätte "Hasbruch Nord"</cmt>
		<desc>A28 / E22, Parkplatz der Raststätte "Hasbruch Nord"</desc>
		<src>Niedersächsische Landesforsten</src>
	</wpt>
	<wpt lat="53.078635529975919" lon="8.5573971094599415">
		<name>OL-010</name>
		<cmt>Parkplatz der Gaststätte "Backenköhler" Stenum, Dorfring 40</cmt>
		<desc>Parkplatz der Gaststätte "Backenköhler" Stenum, Dorfring 40</desc>
		<src>Niedersächsische Landesforsten</src>
	</wpt>
	<wpt lat="52.421424492175476" lon="9.5622641830842952">
		<name>H-133</name>
		<cmt>Alte Ricklinger Str. Garbsen Einfahrt Am Blauen See</cmt>
		<desc>Alte Ricklinger Str. Garbsen Einfahrt Am Blauen See</desc>
		<src>Niedersächsische Landesforsten</src>
	</wpt>
	<wpt lat="52.422725799234378" lon="9.5395058971295708">
		<name>H-134</name>
		<cmt>K 341 Abzweigung Mühlenstraße zwischen Schloß Ricklingen und der Raststätte Garbsen Nord</cmt>
		<desc>K 341 Abzweigung Mühlenstraße zwischen Schloß Ricklingen und der Raststätte Garbsen Nord</desc>
		<src>Niedersächsische Landesforsten</src>
	</wpt>
	<wpt lat="52.406114560096015" lon="9.5169689858396183">
		<name>H-135</name>
		<cmt>K253 Luther Str. Kanalbrücke in Dedensen Abzw. Forstamtsstr.</cmt>
		<desc>K253 Luther Str. Kanalbrücke in Dedensen Abzw. Forstamtsstr.</desc>
		<src>Niedersächsische Landesforsten</src>
	</wpt>
	<wpt lat="51.806017414651031" lon="10.467635209139027">
		<name>GS-003</name>
		<cmt>Tischlertal</cmt>
		<desc>Tischlertal</desc>
		<src>Niedersächsische Landesforsten</src>
	</wpt>
	<wpt lat="51.82995342082387" lon="10.34971160108819">
		<name>GS-024</name>
		<cmt>Erbprinzentanne, Einfahrt Untermühle</cmt>
		<desc>Erbprinzentanne, Einfahrt Untermühle</desc>
		<src>Niedersächsische Landesforsten</src>
	</wpt>
	<wpt lat="51.858720747431292" lon="10.464642176966178">
		<name>GS-045</name>
		<cmt>Einfahrt Birkental</cmt>
		<desc>Einfahrt Birkental</desc>
		<src>Niedersächsische Landesforsten</src>
	</wpt>
	<wpt lat="51.838450006631355" lon="10.390966095762641">
		<name>GS-035</name>
		<cmt>Festenburg gegenüber ehemals Bildhauer Kraft</cmt>
		<desc>Festenburg gegenüber ehemals Bildhauer Kraft</desc>
		<src>Niedersächsische Landesforsten</src>
	</wpt>
	<wpt lat="51.838893019358039" lon="10.450734247053621">
		<name>GS-043</name>
		<cmt>Weißwasserbrücke, Einfahrt Liegewiese (B 498)</cmt>
		<desc>Weißwasserbrücke, Einfahrt Liegewiese (B 498)</desc>
		<src>Niedersächsische Landesforsten</src>
	</wpt>
	<wpt lat="51.847310701849317" lon="10.432382292875158">
		<name>GS-042</name>
		<cmt>Ski-Alpinum Schulenberg</cmt>
		<desc>Ski-Alpinum Schulenberg</desc>
		<src>Niedersächsische Landesforsten</src>
	</wpt>
	<wpt lat="51.811716928498761" lon="9.9339834731623906">
		<name>NOM-306</name>
		<cmt>K 522 Salzderhelden/Rittierode Waldeingang</cmt>
		<desc>K 522 Salzderhelden/Rittierode Waldeingang</desc>
		<src>Niedersächsische Landesforsten</src>
	</wpt>
	<wpt lat="51.713100221160509" lon="9.6191878957388326">
		<name>NOM-351</name>
		<cmt>L 548 Kreuzung Parkplatz Spann</cmt>
		<desc>L 548 Kreuzung Parkplatz Spann</desc>
		<src>Niedersächsische Landesforsten</src>
	</wpt>
	<wpt lat="51.884134007615103" lon="10.525245379636402">
		<name>GS-052</name>
		<cmt>Waldeingang Abt. 1410, oberhalb der Rennbahn</cmt>
		<desc>Waldeingang Abt. 1410, oberhalb der Rennbahn</desc>
		<src>Niedersächsische Landesforsten</src>
	</wpt>
	<wpt lat="51.768342947979953" lon="10.217816325931233">
		<name>OHA-209</name>
		<cmt>Naturfreundehaus Badenhausen, Uferbachtal</cmt>
		<desc>Naturfreundehaus Badenhausen, Uferbachtal</desc>
		<src>Niedersächsische Landesforsten</src>
	</wpt>
	<wpt lat="51.99871987716579" lon="9.4303900867969581">
		<name>HM-035</name>
		<cmt>Gaststätte "Ruhberg" an der  B 83 zwischen Grohnde und Hehlen</cmt>
		<desc>Gaststätte "Ruhberg" an der  B 83 zwischen Grohnde und Hehlen</desc>
		<src>Niedersächsische Landesforsten</src>
	</wpt>
	<wpt lat="51.786427376450483" lon="10.324520424511098">
		<name>GS-217</name>
		<cmt>Mühle, B 241, von Clausthal in Richting Osterode, Abfahrt Flambacher Mühle</cmt>
		<desc>Mühle, B 241, von Clausthal in Richting Osterode, Abfahrt Flambacher Mühle</desc>
		<src>Niedersächsische Landesforsten</src>
	</wpt>
	<wpt lat="53.226122886568469" lon="8.0582227738808658">
		<name>WST-007</name>
		<cmt>Schulstraße Einmündung Straße "Langenfurth" am Sportplatz Gristede</cmt>
		<desc>Schulstraße Einmündung Straße "Langenfurth" am Sportplatz Gristede</desc>
		<src>Niedersächsische Landesforsten</src>
	</wpt>
	<wpt lat="51.703690176102157" lon="9.6250334771313248">
		<name>NOM-352</name>
		<cmt>L 548 Relliehausen Escherhausen Gastwirtschaft Knusperhäuschen Parkplatz</cmt>
		<desc>L 548 Relliehausen Escherhausen Gastwirtschaft Knusperhäuschen Parkplatz</desc>
		<src>Niedersächsische Landesforsten</src>
	</wpt>
	<wpt lat="53.702272457820598" lon="8.7973197828260279">
		<name>CUX-704</name>
		<cmt>Parkplatz "Moritz"</cmt>
		<desc>Parkplatz "Moritz"</desc>
		<src>Niedersächsische Landesforsten</src>
	</wpt>
	<wpt lat="51.698457349358151" lon="9.6034382809850172">
		<name>NOM-354</name>
		<cmt>Wildwiese mit Jagdhaus Anfahrt über Sohlingen/Kreuzbusch</cmt>
		<desc>Wildwiese mit Jagdhaus Anfahrt über Sohlingen/Kreuzbusch</desc>
		<src>Niedersächsische Landesforsten</src>
	</wpt>
	<wpt lat="53.024431758774625" lon="9.2867614544838304">
		<name>VER-003</name>
		<cmt>Spange und Weihbusch B215 etwa 2 km nördlich Heidkrug</cmt>
		<desc>Spange und Weihbusch B215 etwa 2 km nördlich Heidkrug</desc>
		<src>Niedersächsische Landesforsten</src>
	</wpt>
	<wpt lat="52.978665962665652" lon="9.4414544809673213">
		<name>VER-010</name>
		<cmt>Odeweg K18 bei Odeweg</cmt>
		<desc>Odeweg K18 bei Odeweg</desc>
		<src>Niedersächsische Landesforsten</src>
	</wpt>
	<wpt lat="53.14369978806576" lon="10.586961371259296">
		<name>UE-026</name>
		<cmt>Waldeingang Reisenmoor Abt. 1533</cmt>
		<desc>Waldeingang Reisenmoor Abt. 1533</desc>
		<src>Niedersächsische Landesforsten</src>
	</wpt>
	<wpt lat="51.683252260373798" lon="9.7016900195377076">
		<name>NOM-368</name>
		<cmt>Wüstung Malliehagen nördl. von Dinkelhausen</cmt>
		<desc>Wüstung Malliehagen nördl. von Dinkelhausen</desc>
		<src>Niedersächsische Landesforsten</src>
	</wpt>
	<wpt lat="51.686754123562636" lon="9.5265234132977472">
		<name>NOM-217</name>
		<cmt>Ehemalige Rfö.Nienover</cmt>
		<desc>Ehemalige Rfö.Nienover</desc>
		<src>Niedersächsische Landesforsten</src>
	</wpt>
	<wpt lat="52.280972243519194" lon="8.3886254261844506">
		<name>OS-49</name>
		<cmt>Parkplatz Roter Pfahl (K409) Meesdorfer Str./Kalbsiekstr.</cmt>
		<desc>Parkplatz Roter Pfahl (K409) Meesdorfer Str./Kalbsiekstr.</desc>
		<src>Niedersächsische Landesforsten</src>
	</wpt>
	<wpt lat="52.99430818166703" lon="9.4223065511068782">
		<name>VER-009</name>
		<cmt>Odeweg Privatforst Ruddat Nördlich Ortslage Odeweg/Gerkenhof</cmt>
		<desc>Odeweg Privatforst Ruddat Nördlich Ortslage Odeweg/Gerkenhof</desc>
		<src>Niedersächsische Landesforsten</src>
	</wpt>
	<wpt lat="53.046263228247035" lon="9.0869898287512552">
		<name>VER-002</name>
		<cmt>Int.Forst Ueserdicken L156 Rtg. Ueserdicken</cmt>
		<desc>Int.Forst Ueserdicken L156 Rtg. Ueserdicken</desc>
		<src>Niedersächsische Landesforsten</src>
	</wpt>
	<wpt lat="53.012693385012348" lon="9.2740688756304017">
		<name>VER-004</name>
		<cmt>Spange B 215 Gasthaus  Heidkrug</cmt>
		<desc>Spange B 215 Gasthaus  Heidkrug</desc>
		<src>Niedersächsische Landesforsten</src>
	</wpt>
	<wpt lat="52.994522256528903" lon="9.2668607161043255">
		<name>VER-006</name>
		<cmt>Overing B 215 ca. 2 km nördlich von Walle</cmt>
		<desc>Overing B 215 ca. 2 km nördlich von Walle</desc>
		<src>Niedersächsische Landesforsten</src>
	</wpt>
	<wpt lat="53.001502311104943" lon="9.327595447652909">
		<name>VER-008</name>
		<cmt>Wedehof K11/ K 206 ca. 2 km östlich v. Holtum Geest (Nähe Wedehof)</cmt>
		<desc>Wedehof K11/ K 206 ca. 2 km östlich v. Holtum Geest (Nähe Wedehof)</desc>
		<src>Niedersächsische Landesforsten</src>
	</wpt>
	<wpt lat="52.992537772413812" lon="9.4813924190889249">
		<name>ROW-126</name>
		<cmt>Hainhorst 4 km südwestlich Wittorf Straße zwischen Hainhorst und Dreeßel</cmt>
		<desc>Hainhorst 4 km südwestlich Wittorf Straße zwischen Hainhorst und Dreeßel</desc>
		<src>Niedersächsische Landesforsten</src>
	</wpt>
	<wpt lat="52.9389238272312" lon="9.3020337907404613">
		<name>VER-011</name>
		<cmt>Lindhoop L171 ca. 1 km westlich Ortsausgang Kirchlinteln</cmt>
		<desc>Lindhoop L171 ca. 1 km westlich Ortsausgang Kirchlinteln</desc>
		<src>Niedersächsische Landesforsten</src>
	</wpt>
	<wpt lat="52.931892542467629" lon="9.330904520577457">
		<name>VER-012</name>
		<cmt>Hügelgräberheide  ca. 1 km südöstlich Kirchlinteln (nördlich A27)</cmt>
		<desc>Hügelgräberheide  ca. 1 km südöstlich Kirchlinteln (nördlich A27)</desc>
		<src>Niedersächsische Landesforsten</src>
	</wpt>
	<wpt lat="52.824293087653878" lon="9.2394176347776291">
		<name>VER-014</name>
		<cmt>WGS84 Nord 52,82  Ost 9,24 Diensthoper Holz K17 Bahnübergang Diensthop</cmt>
		<desc>WGS84 Nord 52,82  Ost 9,24 Diensthoper Holz K17 Bahnübergang Diensthop</desc>
		<src>Niedersächsische Landesforsten</src>
	</wpt>
	<wpt lat="52.815348001318789" lon="9.2534951476725844">
		<name>VER-015</name>
		<cmt>WGS84  Nord 52,81  Ost 9,25 Diensthoper Holz K 17 Diensthop Ortsmitte</cmt>
		<desc>WGS84  Nord 52,81  Ost 9,25 Diensthoper Holz K 17 Diensthop Ortsmitte</desc>
		<src>Niedersächsische Landesforsten</src>
	</wpt>
	<wpt lat="52.790109779065133" lon="9.2115799744363418">
		<name>NI-002</name>
		<cmt>Mahler Holz  Int. Forst  B215 nördlich Eystrup Abzweig Mahlen</cmt>
		<desc>Mahler Holz  Int. Forst  B215 nördlich Eystrup Abzweig Mahlen</desc>
		<src>Niedersächsische Landesforsten</src>
	</wpt>
	<wpt lat="52.927177299420862" lon="9.5949570341184405">
		<name>HK-058</name>
		<cmt>Jarlinger Gehege Ebbinger Weg zw. Jarlingen u L161</cmt>
		<desc>Jarlinger Gehege Ebbinger Weg zw. Jarlingen u L161</desc>
		<src>Niedersächsische Landesforsten</src>
	</wpt>
	<wpt lat="52.92999587804249" lon="9.5778803959832786">
		<name>ROW-131</name>
		<cmt>Griemer Holz L161 südlich Hilligensehl im Wald</cmt>
		<desc>Griemer Holz L161 südlich Hilligensehl im Wald</desc>
		<src>Niedersächsische Landesforsten</src>
	</wpt>
	<wpt lat="52.91608941955127" lon="9.6888110290142784">
		<name>HK-056</name>
		<cmt>Wisselshorst K164 nördlicher Waldeingang Abzweig nach Westerhart</cmt>
		<desc>Wisselshorst K164 nördlicher Waldeingang Abzweig nach Westerhart</desc>
		<src>Niedersächsische Landesforsten</src>
	</wpt>
	<wpt lat="52.899565850823791" lon="9.6887451682133214">
		<name>HK-057</name>
		<cmt>Wisselshorst K164 zwischen Kroge u. Fallingbostel etwa 500m vor Ende des Waldes</cmt>
		<desc>Wisselshorst K164 zwischen Kroge u. Fallingbostel etwa 500m vor Ende des Waldes</desc>
		<src>Niedersächsische Landesforsten</src>
	</wpt>
	<wpt lat="52.311254764772073" lon="8.3551550082658732">
		<name>OS-46</name>
		<cmt>Parkplatz Eielstädter Schlucht Zur Schlucht</cmt>
		<desc>Parkplatz Eielstädter Schlucht Zur Schlucht</desc>
		<src>Niedersächsische Landesforsten</src>
	</wpt>
	<wpt lat="52.350983403967653" lon="8.0701579762927906">
		<name>OS-43</name>
		<cmt>Am Steinhaus / Auf dem Hügel</cmt>
		<desc>Am Steinhaus / Auf dem Hügel</desc>
		<src>Niedersächsische Landesforsten</src>
	</wpt>
	<wpt lat="53.36303930767253" lon="9.387242170971426">
		<name>ROW-066</name>
		<cmt>südl. Waldspitze von Stuhenfieren NNO von Wense</cmt>
		<desc>südl. Waldspitze von Stuhenfieren NNO von Wense</desc>
		<src>Niedersächsische Landesforsten</src>
	</wpt>
	<wpt lat="52.570873261138104" lon="8.0375547356288113">
		<name>OS-62</name>
		<cmt>Drehler Zuschlag Feldstraße / Forststraße</cmt>
		<desc>Drehler Zuschlag Feldstraße / Forststraße</desc>
		<src>Niedersächsische Landesforsten</src>
	</wpt>
	<wpt lat="53.318480498710464" lon="9.2992960499815371">
		<name>ROW-059</name>
		<cmt>Offensen an K 130 westl. von Heeslingen</cmt>
		<desc>Offensen an K 130 westl. von Heeslingen</desc>
		<src>Niedersächsische Landesforsten</src>
	</wpt>
	<wpt lat="53.307313702261624" lon="9.2966377702798528">
		<name>ROW-060</name>
		<cmt>nördliche Ahe "Straßenspitze" Nähe Freibad</cmt>
		<desc>nördliche Ahe "Straßenspitze" Nähe Freibad</desc>
		<src>Niedersächsische Landesforsten</src>
	</wpt>
	<wpt lat="53.330081420951906" lon="9.3595414358548688">
		<name>ROW-067</name>
		<cmt>Schönhoop Schützenplatz an L124 nördl.Heeslingen</cmt>
		<desc>Schönhoop Schützenplatz an L124 nördl.Heeslingen</desc>
		<src>Niedersächsische Landesforsten</src>
	</wpt>
	<wpt lat="53.29601877787006" lon="9.4491311998239347">
		<name>ROW-069</name>
		<cmt>Kuhmühlen K123 Richtung Klein Meckelsen an Bahnkreuzung</cmt>
		<desc>Kuhmühlen K123 Richtung Klein Meckelsen an Bahnkreuzung</desc>
		<src>Niedersächsische Landesforsten</src>
	</wpt>
	<wpt lat="53.288471024897547" lon="9.4645246177342663">
		<name>ROW-070</name>
		<cmt>Hesenheide südlich an L 142</cmt>
		<desc>Hesenheide südlich an L 142</desc>
		<src>Niedersächsische Landesforsten</src>
	</wpt>
	<wpt lat="53.31754953933256" lon="9.5045417362679991">
		<name>ROW-071</name>
		<cmt>Vierdener Holz Parkplatz im Wald an  K134</cmt>
		<desc>Vierdener Holz Parkplatz im Wald an  K134</desc>
		<src>Niedersächsische Landesforsten</src>
	</wpt>
	<wpt lat="53.334888597395896" lon="9.5353287743214477">
		<name>ROW-072</name>
		<cmt>Thörenwald Einfahrt zum Wanderparkplatz südl. Ramshausen  L 130</cmt>
		<desc>Thörenwald Einfahrt zum Wanderparkplatz südl. Ramshausen  L 130</desc>
		<src>Niedersächsische Landesforsten</src>
	</wpt>
	<wpt lat="52.565788124905296" lon="7.7460990573546935">
		<name>OS-84</name>
		<cmt>Hotel Forsthaus Maiburgstraße (L102)</cmt>
		<desc>Hotel Forsthaus Maiburgstraße (L102)</desc>
		<src>Niedersächsische Landesforsten</src>
	</wpt>
	<wpt lat="52.531520518403426" lon="7.6674346993933513">
		<name>OS-85</name>
		<cmt>Haselünner Str. (B402) / Berger Damm</cmt>
		<desc>Haselünner Str. (B402) / Berger Damm</desc>
		<src>Niedersächsische Landesforsten</src>
	</wpt>
	<wpt lat="52.511143917743517" lon="7.6633739164798591">
		<name>OS-86</name>
		<cmt>Am Pottebruch / Settruper Str.</cmt>
		<desc>Am Pottebruch / Settruper Str.</desc>
		<src>Niedersächsische Landesforsten</src>
	</wpt>
	<wpt lat="52.62669223863135" lon="7.7102665407717659">
		<name>OS-89</name>
		<cmt>Grafelder Kreuzung Börsteler Str. / Berger Str.</cmt>
		<desc>Grafelder Kreuzung Börsteler Str. / Berger Str.</desc>
		<src>Niedersächsische Landesforsten</src>
	</wpt>
	<wpt lat="53.183758083730147" lon="11.111076473711227">
		<name>LG-053</name>
		<cmt>B 195 Tripkau Kirche</cmt>
		<desc>B 195 Tripkau Kirche</desc>
		<src>Niedersächsische Landesforsten</src>
	</wpt>
	<wpt lat="53.181481127307116" lon="11.07831065479548">
		<name>LG-054</name>
		<cmt>B195 Pinnau Ortsmitte Gaststätte</cmt>
		<desc>B195 Pinnau Ortsmitte Gaststätte</desc>
		<src>Niedersächsische Landesforsten</src>
	</wpt>
	<wpt lat="53.195062762244909" lon="11.042344576344128">
		<name>LG-055</name>
		<cmt>B195 Kaarßen Arztpraxis</cmt>
		<desc>B195 Kaarßen Arztpraxis</desc>
		<src>Niedersächsische Landesforsten</src>
	</wpt>
	<wpt lat="53.302219650807864" lon="11.005085577680555">
		<name>LG-066</name>
		<cmt>K 19 Forstsiedlung Bohldamm</cmt>
		<desc>K 19 Forstsiedlung Bohldamm</desc>
		<src>Niedersächsische Landesforsten</src>
	</wpt>
	<wpt lat="53.210175055324079" lon="11.018903639372791">
		<name>LG-067</name>
		<cmt>B195 Stixe Ortseingang von Neuhaus</cmt>
		<desc>B195 Stixe Ortseingang von Neuhaus</desc>
		<src>Niedersächsische Landesforsten</src>
	</wpt>
	<wpt lat="52.417663246343629" lon="7.3144411510490741">
		<name>EL-6</name>
		<cmt>südlich Bernte (L 40)</cmt>
		<desc>südlich Bernte (L 40)</desc>
		<src>Niedersächsische Landesforsten</src>
	</wpt>
	<wpt lat="52.426851826600007" lon="7.5548643413423449">
		<name>EL-8</name>
		<cmt>Bardel Depot Schapener Str. (K 316)</cmt>
		<desc>Bardel Depot Schapener Str. (K 316)</desc>
		<src>Niedersächsische Landesforsten</src>
	</wpt>
	<wpt lat="52.456000914820159" lon="7.5810228226061165">
		<name>EL-9</name>
		<cmt>Bardel Napoleondamm</cmt>
		<desc>Bardel Napoleondamm</desc>
		<src>Niedersächsische Landesforsten</src>
	</wpt>
	<wpt lat="52.501610838999099" lon="7.5095341593909497">
		<name>EL-13</name>
		<cmt>Kunkenbecke / B 214</cmt>
		<desc>Kunkenbecke / B 214</desc>
		<src>Niedersächsische Landesforsten</src>
	</wpt>
	<wpt lat="52.451851077860631" lon="7.269213250486632">
		<name>EL-25</name>
		<cmt>Depot Elbergen</cmt>
		<desc>Depot Elbergen</desc>
		<src>Niedersächsische Landesforsten</src>
	</wpt>
	<wpt lat="51.725787248845187" lon="9.6887296465798656">
		<name>NOM-376</name>
		<cmt>Große Waldwiese mit Jagdhaus Anfahrt über Hilwartshausen</cmt>
		<desc>Große Waldwiese mit Jagdhaus Anfahrt über Hilwartshausen</desc>
		<src>Niedersächsische Landesforsten</src>
	</wpt>
	<wpt lat="51.767719129939486" lon="9.8368869490482016">
		<name>NOM-389</name>
		<cmt>K 516 300 m ostl. Rotenkirchen Abfahrt Forsthaus Kranold</cmt>
		<desc>K 516 300 m ostl. Rotenkirchen Abfahrt Forsthaus Kranold</desc>
		<src>Niedersächsische Landesforsten</src>
	</wpt>
	<wpt lat="51.70834708927687" lon="9.7545150347075928">
		<name>NOM-394</name>
		<cmt>K 431 Espol/Delliehausen Einfahrt zum Fernsehturm</cmt>
		<desc>K 431 Espol/Delliehausen Einfahrt zum Fernsehturm</desc>
		<src>Niedersächsische Landesforsten</src>
	</wpt>
	<wpt lat="51.690274648424797" lon="9.802300993698184">
		<name>NOM-397</name>
		<cmt>K 435 Üssinghausen Kreuzung Oberdorfstraße</cmt>
		<desc>K 435 Üssinghausen Kreuzung Oberdorfstraße</desc>
		<src>Niedersächsische Landesforsten</src>
	</wpt>
	<wpt lat="51.695326407611141" lon="9.8702602685538245">
		<name>NOM-399</name>
		<cmt>Moringen Kreuzung B 241/K 425  bei der Tankstelle</cmt>
		<desc>Moringen Kreuzung B 241/K 425  bei der Tankstelle</desc>
		<src>Niedersächsische Landesforsten</src>
	</wpt>
	<wpt lat="51.656192462105281" lon="9.8196101921350998">
		<name>NOM-404</name>
		<cmt>Hardegsen am Wildpark Wassertrettbecken an der K 430</cmt>
		<desc>Hardegsen am Wildpark Wassertrettbecken an der K 430</desc>
		<src>Niedersächsische Landesforsten</src>
	</wpt>
	<wpt lat="52.765850973306584" lon="7.1029974524983226">
		<name>EL-31</name>
		<cmt>Große Str. (K202) / An der Wieke</cmt>
		<desc>Große Str. (K202) / An der Wieke</desc>
		<src>Niedersächsische Landesforsten</src>
	</wpt>
	<wpt lat="52.933745706634397" lon="8.6028570484100939">
		<name>OL-063</name>
		<cmt>kleiner Parkplatz an der L776 bei km 2,7</cmt>
		<desc>kleiner Parkplatz an der L776 bei km 2,7</desc>
		<src>Niedersächsische Landesforsten</src>
	</wpt>
	<wpt lat="52.847222936988743" lon="8.6896481377811039">
		<name>DH-019</name>
		<cmt>Prinzhöfte Schule</cmt>
		<desc>Prinzhöfte Schule</desc>
		<src>Niedersächsische Landesforsten</src>
	</wpt>
	<wpt lat="52.834000919364186" lon="8.6026413734532721">
		<name>DH-020</name>
		<cmt>"Köbbinghauser Dorfstr." Kreuzung</cmt>
		<desc>"Köbbinghauser Dorfstr." Kreuzung</desc>
		<src>Niedersächsische Landesforsten</src>
	</wpt>
	<wpt lat="53.49492569299786" lon="8.9679705749596046">
		<name>ROW-304</name>
		<cmt>K 114 in Hipstedt-Löh bei Lebensmittel Rademacher</cmt>
		<desc>K 114 in Hipstedt-Löh bei Lebensmittel Rademacher</desc>
		<src>Niedersächsische Landesforsten</src>
	</wpt>
	<wpt lat="53.542212318536571" lon="8.8878228392738627">
		<name>CUX-307</name>
		<cmt>in Köhlen: Dorfstraße Ost (K 39) bei km 0,7 Abzweigung zur Großenhainer Straße</cmt>
		<desc>in Köhlen: Dorfstraße Ost (K 39) bei km 0,7 Abzweigung zur Großenhainer Straße</desc>
		<src>Niedersächsische Landesforsten</src>
	</wpt>
	<wpt lat="53.425736688569202" lon="8.9939640939984002">
		<name>ROW-306</name>
		<cmt>B74 zwischen Kuhstedt und Basdahl am Parkplatz bei km 14,8</cmt>
		<desc>B74 zwischen Kuhstedt und Basdahl am Parkplatz bei km 14,8</desc>
		<src>Niedersächsische Landesforsten</src>
	</wpt>
	<wpt lat="51.907865972892566" lon="9.509310141480313">
		<name>HOL-055</name>
		<cmt>Rühler Schweiz "Auf der Höhe"</cmt>
		<desc>Rühler Schweiz "Auf der Höhe"</desc>
		<src>Niedersächsische Landesforsten</src>
	</wpt>
	<wpt lat="51.824183347443544" lon="9.5668981915564064">
		<name>HOL-067</name>
		<cmt>Kreuzung Schießhaus, schlechter Empfang</cmt>
		<desc>Kreuzung Schießhaus, schlechter Empfang</desc>
		<src>Niedersächsische Landesforsten</src>
	</wpt>
	<wpt lat="51.811046840635548" lon="9.6142436242876332">
		<name>HOL-066</name>
		<cmt>Hellental Bushaltestelle</cmt>
		<desc>Hellental Bushaltestelle</desc>
		<src>Niedersächsische Landesforsten</src>
	</wpt>
	<wpt lat="51.739238531304714" lon="9.4014993134189666">
		<name>HOL-088</name>
		<cmt>L550 Parkplatz zwischen Boffzen u.Fürstenberg</cmt>
		<desc>L550 Parkplatz zwischen Boffzen u.Fürstenberg</desc>
		<src>Niedersächsische Landesforsten</src>
	</wpt>
	<wpt lat="51.829197372042039" lon="9.6622783244815338">
		<name>NOM-308</name>
		<cmt>K 514 Mackensen - Denkiehausen Wege T Amtsberge</cmt>
		<desc>K 514 Mackensen - Denkiehausen Wege T Amtsberge</desc>
		<src>Niedersächsische Landesforsten</src>
	</wpt>
	<wpt lat="52.084930926644056" lon="9.5726188852333109">
		<name>HM-061</name>
		<cmt>Hof Spiegelberg L 455</cmt>
		<desc>Hof Spiegelberg L 455</desc>
		<src>Niedersächsische Landesforsten</src>
	</wpt>
	<wpt lat="52.04977248432597" lon="9.5955603715238436">
		<name>HM-064</name>
		<cmt>Domäne Eggersen; an der Abzweigung L 462</cmt>
		<desc>Domäne Eggersen; an der Abzweigung L 462</desc>
		<src>Niedersächsische Landesforsten</src>
	</wpt>
	<wpt lat="52.041721275012016" lon="9.6167006481271322">
		<name>HM-065</name>
		<cmt>Ortsmitte Levedagsen</cmt>
		<desc>Ortsmitte Levedagsen</desc>
		<src>Niedersächsische Landesforsten</src>
	</wpt>
	<wpt lat="52.027389843456" lon="9.6506193685102435">
		<name>HM-067</name>
		<cmt>L 462 zwischen Thüste und Weenzen</cmt>
		<desc>L 462 zwischen Thüste und Weenzen</desc>
		<src>Niedersächsische Landesforsten</src>
	</wpt>
	<wpt lat="53.291367277611869" lon="10.490908665681756">
		<name>LG-010</name>
		<cmt>Scharnebeck, Adendorfer Str. vor Kreisel am Schiffshebewerk</cmt>
		<desc>Scharnebeck, Adendorfer Str. vor Kreisel am Schiffshebewerk</desc>
		<src>Niedersächsische Landesforsten</src>
	</wpt>
	<wpt lat="52.605470835004624" lon="9.1699380509543822">
		<name>NI-411</name>
		<cmt>B 215 Parkplatz zwischen Tanklager und Glasrecycling</cmt>
		<desc>B 215 Parkplatz zwischen Tanklager und Glasrecycling</desc>
		<src>Niedersächsische Landesforsten</src>
	</wpt>
	<wpt lat="53.308510140358806" lon="10.503901164857028">
		<name>LG-011</name>
		<cmt/>
		<desc/>
		<src>Niedersächsische Landesforsten</src>
	</wpt>
	<wpt lat="53.320151532840235" lon="10.475005420739837">
		<name>LG-012</name>
		<cmt>Scharnebeck richtg. Breitlingen k29 km 1,8 Abzweig nach Brietlingen</cmt>
		<desc>Scharnebeck richtg. Breitlingen k29 km 1,8 Abzweig nach Brietlingen</desc>
		<src>Niedersächsische Landesforsten</src>
	</wpt>
	<wpt lat="53.315612103558173" lon="10.257018629563289">
		<name>LG-015</name>
		<cmt>Radbruch richtg. Ludorf K78/42 km 4,5, Landkreisgrenze</cmt>
		<desc>Radbruch richtg. Ludorf K78/42 km 4,5, Landkreisgrenze</desc>
		<src>Niedersächsische Landesforsten</src>
	</wpt>
	<wpt lat="53.280440842267232" lon="9.7963746404056167">
		<name>WL-014</name>
		<cmt>B3Sprötze Richtung Welle km 81,1, Abt. 331</cmt>
		<desc>B3Sprötze Richtung Welle km 81,1, Abt. 331</desc>
		<src>Niedersächsische Landesforsten</src>
	</wpt>
	<wpt lat="53.265985042267474" lon="9.7821946245874951">
		<name>WL-015</name>
		<cmt>Hoikenbostel Richtg. Langeloh a.d. Waldkante</cmt>
		<desc>Hoikenbostel Richtg. Langeloh a.d. Waldkante</desc>
		<src>Niedersächsische Landesforsten</src>
	</wpt>
	<wpt lat="53.16353626918945" lon="9.8978572183586575">
		<name>HK-H3</name>
		<cmt/>
		<desc/>
		<src>Niedersächsische Landesforsten</src>
	</wpt>
	<wpt lat="53.130879067793721" lon="9.8785933941945938">
		<name>HK-H4</name>
		<cmt/>
		<desc/>
		<src>Niedersächsische Landesforsten</src>
	</wpt>
	<wpt lat="53.151057794273164" lon="9.8349480958876132">
		<name>HK-H5</name>
		<cmt/>
		<desc/>
		<src>Niedersächsische Landesforsten</src>
	</wpt>
	<wpt lat="53.185790671302918" lon="9.9255941776172687">
		<name>Hk-H6</name>
		<cmt/>
		<desc/>
		<src>Niedersächsische Landesforsten</src>
	</wpt>
	<wpt lat="53.525936019335511" lon="7.8914278767298747">
		<name>FRI-006</name>
		<cmt>Gaststätte "Zum Forsthaus Upjever"</cmt>
		<desc>Gaststätte "Zum Forsthaus Upjever"</desc>
		<src>Niedersächsische Landesforsten</src>
	</wpt>
	<wpt lat="52.524207491066768" lon="10.561021840044011">
		<name>GF-015</name>
		<cmt>Gamser-Weg, Gamsen nach Platendorf an der Schleuse</cmt>
		<desc>Gamser-Weg, Gamsen nach Platendorf an der Schleuse</desc>
		<src>Niedersächsische Landesforsten</src>
	</wpt>
	<wpt lat="51.606902782886742" lon="10.592664424663992">
		<name>OHA-409</name>
		<cmt>L 601 Walkenried-Wieda, Waldeingang Mosebergstraße;  Abt. 3118</cmt>
		<desc>L 601 Walkenried-Wieda, Waldeingang Mosebergstraße;  Abt. 3118</desc>
		<src>Niedersächsische Landesforsten</src>
	</wpt>
	<wpt lat="51.647295388675701" lon="10.504892204476004">
		<name>OHA-422</name>
		<cmt>Staumauer Odertalsperre an der B27</cmt>
		<desc>Staumauer Odertalsperre an der B27</desc>
		<src>Niedersächsische Landesforsten</src>
	</wpt>
	<wpt lat="51.713240142439467" lon="10.539260470162274">
		<name>GS-464</name>
		<cmt>L 519 St. Andreasberg - Oderhaus; Oderberg, Einmündung Beerbergweg</cmt>
		<desc>L 519 St. Andreasberg - Oderhaus; Oderberg, Einmündung Beerbergweg</desc>
		<src>Niedersächsische Landesforsten</src>
	</wpt>
	<wpt lat="53.537983551752497" lon="7.4891141057487314">
		<name>AUR-001</name>
		<cmt>"Dietrichsfelder Straße" beim Parkplatz Silbersee</cmt>
		<desc>"Dietrichsfelder Straße" beim Parkplatz Silbersee</desc>
		<src>Niedersächsische Landesforsten</src>
	</wpt>
	<wpt lat="51.848628568686699" lon="10.193365321427637">
		<name>GS-118</name>
		<cmt>Niedersächsisches forstliches Bildungszentrum, Parkplatz</cmt>
		<desc>Niedersächsisches forstliches Bildungszentrum, Parkplatz</desc>
		<src>Niedersächsische Landesforsten</src>
	</wpt>
	<wpt lat="53.343204757408252" lon="7.6574786633407701">
		<name>LER-001</name>
		<cmt>Oldehave Nord, Einmündung Waldweg auf "Gooshalsweg"</cmt>
		<desc>Oldehave Nord, Einmündung Waldweg auf "Gooshalsweg"</desc>
		<src>Niedersächsische Landesforsten</src>
	</wpt>
	<wpt lat="51.803495571437026" lon="10.419794476089219">
		<name>GS-020</name>
		<cmt>Einfahrt Polstertal (K 38)</cmt>
		<desc>Einfahrt Polstertal (K 38)</desc>
		<src>Niedersächsische Landesforsten</src>
	</wpt>
	<wpt lat="53.019675444363308" lon="8.5201841962915363">
		<name>OL-019</name>
		<cmt>Bahnübergang "Bassumer Weg" bei Fa. Ordemann, Bürstel</cmt>
		<desc>Bahnübergang "Bassumer Weg" bei Fa. Ordemann, Bürstel</desc>
		<src>Niedersächsische Landesforsten</src>
	</wpt>
	<wpt lat="52.413735235444364" lon="9.5061916070141965">
		<name>H-136</name>
		<cmt>Schloß Ricklinger Str. Abzw. Am Klärwerk</cmt>
		<desc>Schloß Ricklinger Str. Abzw. Am Klärwerk</desc>
		<src>Niedersächsische Landesforsten</src>
	</wpt>
	<wpt lat="51.807833918716263" lon="10.369498057490249">
		<name>GS-022</name>
		<cmt>Einfahrt Grenzweg, ehemalige Jugendherberge (K 38)</cmt>
		<desc>Einfahrt Grenzweg, ehemalige Jugendherberge (K 38)</desc>
		<src>Niedersächsische Landesforsten</src>
	</wpt>
	<wpt lat="51.847676566912718" lon="10.330390653954872">
		<name>GS-28</name>
		<cmt>Abzweig Erzweg/Bockswiese</cmt>
		<desc>Abzweig Erzweg/Bockswiese</desc>
		<src>Niedersächsische Landesforsten</src>
	</wpt>
	<wpt lat="51.964797399009193" lon="10.508222085541966">
		<name>GS-074</name>
		<cmt>Einfahrt Weddebach (L 510)</cmt>
		<desc>Einfahrt Weddebach (L 510)</desc>
		<src>Niedersächsische Landesforsten</src>
	</wpt>
	<wpt lat="51.961443747600789" lon="10.535864819654885">
		<name>GS-075</name>
		<cmt>Parkplatz Wöltingerode</cmt>
		<desc>Parkplatz Wöltingerode</desc>
		<src>Niedersächsische Landesforsten</src>
	</wpt>
	<wpt lat="51.776984438519328" lon="10.229800977271113">
		<name>OHA-208</name>
		<cmt>Badenhausen, Waldeingang "Sülpke" von K 21 (Thüringer Straße) auf "Am Johannisborn" abbiegen, am Sportplatz vorbei bis zum Waldrand</cmt>
		<desc>Badenhausen, Waldeingang "Sülpke" von K 21 (Thüringer Straße) auf "Am Johannisborn" abbiegen, am Sportplatz vorbei bis zum Waldrand</desc>
		<src>Niedersächsische Landesforsten</src>
	</wpt>
	<wpt lat="51.738668606220102" lon="10.277232889626873">
		<name>OHA-212</name>
		<cmt>Parkplatz Einmündung B 241 / K 26, 1. Abfahrt Lerbach</cmt>
		<desc>Parkplatz Einmündung B 241 / K 26, 1. Abfahrt Lerbach</desc>
		<src>Niedersächsische Landesforsten</src>
	</wpt>
	<wpt lat="53.127233680879982" lon="8.1333281585120663">
		<name>WST-015</name>
		<cmt>Lá828, Gasthaus äKrackeô, Friedrichsfehner Straße 44, 26188 Edewecht</cmt>
		<desc>Lá828, Gasthaus äKrackeô, Friedrichsfehner Straße 44, 26188 Edewecht</desc>
		<src>Niedersächsische Landesforsten</src>
	</wpt>
	<wpt lat="53.562241828112249" lon="7.7126852979165657">
		<name>WTM-009</name>
		<cmt>B210 Kreuzung mit K 16</cmt>
		<desc>B210 Kreuzung mit K 16</desc>
		<src>Niedersächsische Landesforsten</src>
	</wpt>
	<wpt lat="52.961629096111544" lon="10.249830239648658">
		<name>UE-049</name>
		<cmt>K 33; Brambostel - Ortsmitte</cmt>
		<desc>K 33; Brambostel - Ortsmitte</desc>
		<src>Niedersächsische Landesforsten</src>
	</wpt>
	<wpt lat="52.476042227012329" lon="10.402124412806995">
		<name>GF-010</name>
		<cmt>B 188; Leiferde - Meinersen: Einfahrt Hundeübungsplatz</cmt>
		<desc>B 188; Leiferde - Meinersen: Einfahrt Hundeübungsplatz</desc>
		<src>Niedersächsische Landesforsten</src>
	</wpt>
	<wpt lat="52.985383474107735" lon="10.307132451804874">
		<name>UE-046</name>
		<cmt>K 32; Eimke - Brockhöfe, Parkplatz Wachholderheide</cmt>
		<desc>K 32; Eimke - Brockhöfe, Parkplatz Wachholderheide</desc>
		<src>Niedersächsische Landesforsten</src>
	</wpt>
	<wpt lat="52.983099712256355" lon="10.25206563510665">
		<name>UE-048</name>
		<cmt>B 71; Eimke - Oerrel,  Lintzeler Kreuz Notrufsäule (Kenn Nr. 7291)</cmt>
		<desc>B 71; Eimke - Oerrel,  Lintzeler Kreuz Notrufsäule (Kenn Nr. 7291)</desc>
		<src>Niedersächsische Landesforsten</src>
	</wpt>
	<wpt lat="51.390880882123618" lon="9.7355853962487604">
		<name>GÖ-32H</name>
		<cmt>Enzeröder Weg</cmt>
		<desc>Enzeröder Weg</desc>
		<src>Niedersächsische Landesforsten</src>
	</wpt>
	<wpt lat="51.394489922250322" lon="9.7250750729236728">
		<name>GÖ-40H</name>
		<cmt>Wirtshaus Zella</cmt>
		<desc>Wirtshaus Zella</desc>
		<src>Niedersächsische Landesforsten</src>
	</wpt>
	<wpt lat="51.401844935430745" lon="9.8413850393662621">
		<name>GÖ-37H</name>
		<cmt>Berlepscher. Str. 25, 37133 Friedland Mollenfelde</cmt>
		<desc>Berlepscher. Str. 25, 37133 Friedland Mollenfelde</desc>
		<src>Niedersächsische Landesforsten</src>
	</wpt>
	<wpt lat="51.39407655211329" lon="9.8534074136669574">
		<name>GÖ-36H</name>
		<cmt>Waldkante Leinholz</cmt>
		<desc>Waldkante Leinholz</desc>
		<src>Niedersächsische Landesforsten</src>
	</wpt>
	<wpt lat="51.403926218208539" lon="9.6824105023230302">
		<name>GÖ-43H</name>
		<cmt>Abenteuerspielplatz  Kattenbühl</cmt>
		<desc>Abenteuerspielplatz  Kattenbühl</desc>
		<src>Niedersächsische Landesforsten</src>
	</wpt>
	<wpt lat="51.403857063777828" lon="9.7139304841265606">
		<name>GÖ-41H</name>
		<cmt>Hotel Werrastrand/Sportplatz Laubach</cmt>
		<desc>Hotel Werrastrand/Sportplatz Laubach</desc>
		<src>Niedersächsische Landesforsten</src>
	</wpt>
	<wpt lat="51.42637577024847" lon="9.8397053863024659">
		<name>GÖ-54H</name>
		<cmt>Jugendzeltplatz Stolle Dahlenrode</cmt>
		<desc>Jugendzeltplatz Stolle Dahlenrode</desc>
		<src>Niedersächsische Landesforsten</src>
	</wpt>
	<wpt lat="51.460019081511781" lon="9.9198895318838538">
		<name>GÖ-65</name>
		<cmt>Bahnübergang Obernjesa</cmt>
		<desc>Bahnübergang Obernjesa</desc>
		<src>Niedersächsische Landesforsten</src>
	</wpt>
	<wpt lat="51.529733423940698" lon="9.6225330660090922">
		<name>GÖ-106H</name>
		<cmt/>
		<desc/>
		<src>Niedersächsische Landesforsten</src>
	</wpt>
	<wpt lat="51.479845957444049" lon="9.8218806258722289">
		<name>GÖ-80H</name>
		<cmt>Heißenthal</cmt>
		<desc>Heißenthal</desc>
		<src>Niedersächsische Landesforsten</src>
	</wpt>
	<wpt lat="51.486846385518284" lon="9.8407479047602546">
		<name>GÖ-79H</name>
		<cmt>an d. Bahn</cmt>
		<desc>an d. Bahn</desc>
		<src>Niedersächsische Landesforsten</src>
	</wpt>
	<wpt lat="51.489535567384038" lon="9.7892557922824768">
		<name>GÖ-81H</name>
		<cmt>Ortsmitte Bördel</cmt>
		<desc>Ortsmitte Bördel</desc>
		<src>Niedersächsische Landesforsten</src>
	</wpt>
	<wpt lat="51.522870907486208" lon="9.6161111561142114">
		<name>GÖ-107H</name>
		<cmt/>
		<desc/>
		<src>Niedersächsische Landesforsten</src>
	</wpt>
	<wpt lat="51.568731400849877" lon="9.7780350511483505">
		<name>GÖ-125H</name>
		<cmt>Funkturm Wibbecke</cmt>
		<desc>Funkturm Wibbecke</desc>
		<src>Niedersächsische Landesforsten</src>
	</wpt>
	<wpt lat="51.55904208777924" lon="9.7724137242289739">
		<name>GÖ-126H</name>
		<cmt>Grefenburg Ost</cmt>
		<desc>Grefenburg Ost</desc>
		<src>Niedersächsische Landesforsten</src>
	</wpt>
	<wpt lat="51.547020555128391" lon="9.7560376029601237">
		<name>GÖ-121H</name>
		<cmt>Untere Auschippemühle</cmt>
		<desc>Untere Auschippemühle</desc>
		<src>Niedersächsische Landesforsten</src>
	</wpt>
	<wpt lat="51.577975297293669" lon="9.8106226291788996">
		<name>GÖ-137H</name>
		<cmt>Erbsen, Ende Pflasterstraße</cmt>
		<desc>Erbsen, Ende Pflasterstraße</desc>
		<src>Niedersächsische Landesforsten</src>
	</wpt>
	<wpt lat="51.880938398432683" lon="9.4803794633051641">
		<name>HOL-059</name>
		<cmt>Forst Abzweigung Reileifzen</cmt>
		<desc>Forst Abzweigung Reileifzen</desc>
		<src>Niedersächsische Landesforsten</src>
	</wpt>
	<wpt lat="51.689501903262197" lon="9.4982278812270007">
		<name>NOM-222</name>
		<cmt>B-241 Kreuzung" Lange Grund",schlechter Empfang</cmt>
		<desc>B-241 Kreuzung" Lange Grund",schlechter Empfang</desc>
		<src>Niedersächsische Landesforsten</src>
	</wpt>
	<wpt lat="51.687672711888808" lon="9.4568870802329439">
		<name>NOM-226</name>
		<cmt>B241 Kreuzung K 53 Neuhäuser Str.</cmt>
		<desc>B241 Kreuzung K 53 Neuhäuser Str.</desc>
		<src>Niedersächsische Landesforsten</src>
	</wpt>
	<wpt lat="51.60180460089029" lon="9.7896619982140738">
		<name>GÖ-143</name>
		<cmt>Brücke Lindenberg</cmt>
		<desc>Brücke Lindenberg</desc>
		<src>Niedersächsische Landesforsten</src>
	</wpt>
	<wpt lat="51.601284943667928" lon="9.7455843872124248">
		<name>GÖ-146H</name>
		<cmt>Einfahrt/Waage Fa. Wegener</cmt>
		<desc>Einfahrt/Waage Fa. Wegener</desc>
		<src>Niedersächsische Landesforsten</src>
	</wpt>
	<wpt lat="51.669460866985411" lon="9.5424732292120584">
		<name>NOM-210</name>
		<cmt>L551 südl.Polier am Friedhof</cmt>
		<desc>L551 südl.Polier am Friedhof</desc>
		<src>Niedersächsische Landesforsten</src>
	</wpt>
	<wpt lat="51.59857853587517" lon="9.7669620090173161">
		<name>GÖ-145H</name>
		<cmt>Lödingsen, an den Pappeln</cmt>
		<desc>Lödingsen, an den Pappeln</desc>
		<src>Niedersächsische Landesforsten</src>
	</wpt>
	<wpt lat="51.599238941990478" lon="9.7821711694133882">
		<name>GÖ-144H</name>
		<cmt>Sportplatz Lödingsen</cmt>
		<desc>Sportplatz Lödingsen</desc>
		<src>Niedersächsische Landesforsten</src>
	</wpt>
	<wpt lat="51.604106997082617" lon="9.848132917076807">
		<name>GÖ-141H</name>
		<cmt>Waldeingang "Weinberg"</cmt>
		<desc>Waldeingang "Weinberg"</desc>
		<src>Niedersächsische Landesforsten</src>
	</wpt>
	<wpt lat="51.629044006184202" lon="9.602699319199445">
		<name>NOM-209</name>
		<cmt>K449 Abzweig Bodenfelder Hangweg</cmt>
		<desc>K449 Abzweig Bodenfelder Hangweg</desc>
		<src>Niedersächsische Landesforsten</src>
	</wpt>
	<wpt lat="51.631675844801208" lon="9.612455646592089">
		<name>NOM-208</name>
		<cmt>K449 Abzweig Johannisweg</cmt>
		<desc>K449 Abzweig Johannisweg</desc>
		<src>Niedersächsische Landesforsten</src>
	</wpt>
	<wpt lat="51.870756083253156" lon="9.7722461154544327">
		<name>HOL-037</name>
		<cmt>Südl.Eimen K31 Hellebergsmühle</cmt>
		<desc>Südl.Eimen K31 Hellebergsmühle</desc>
		<src>Niedersächsische Landesforsten</src>
	</wpt>
	<wpt lat="52.592371163271054" lon="9.2049673799814684">
		<name>NI-407</name>
		<cmt>Verbindungsstraße Leeseringen und Schessinghausen an der Meerbachbrücke</cmt>
		<desc>Verbindungsstraße Leeseringen und Schessinghausen an der Meerbachbrücke</desc>
		<src>Niedersächsische Landesforsten</src>
	</wpt>
	<wpt lat="52.608145212770353" lon="9.2824583205222702">
		<name>NI-405</name>
		<cmt>Langendamm Oderstraße Ecke Linsburger Weg</cmt>
		<desc>Langendamm Oderstraße Ecke Linsburger Weg</desc>
		<src>Niedersächsische Landesforsten</src>
	</wpt>
	<wpt lat="52.642419587919221" lon="9.2763913294146541">
		<name>NI-603</name>
		<cmt>K46;   An der Revierförsterei Krähe</cmt>
		<desc>K46;   An der Revierförsterei Krähe</desc>
		<src>Niedersächsische Landesforsten</src>
	</wpt>
	<wpt lat="52.590705428025096" lon="9.3088430683423979">
		<name>NI-404</name>
		<cmt>Straßenkreuzung Grund und Alter Brand in 31636 Linsburg</cmt>
		<desc>Straßenkreuzung Grund und Alter Brand in 31636 Linsburg</desc>
		<src>Niedersächsische Landesforsten</src>
	</wpt>
	<wpt lat="52.578257519654741" lon="9.2954817130438716">
		<name>NI-403</name>
		<cmt>Kreisstraße Meinkingsburg Richtung Bolsehle auf der Brücke über die neue B 6</cmt>
		<desc>Kreisstraße Meinkingsburg Richtung Bolsehle auf der Brücke über die neue B 6</desc>
		<src>Niedersächsische Landesforsten</src>
	</wpt>
	<wpt lat="52.556703364427449" lon="9.3202425793757957">
		<name>NI-402</name>
		<cmt>Verbindungsstraße Bolsehle und Schneeren in der scharfen Kurve</cmt>
		<desc>Verbindungsstraße Bolsehle und Schneeren in der scharfen Kurve</desc>
		<src>Niedersächsische Landesforsten</src>
	</wpt>
	<wpt lat="52.637821723374742" lon="9.3628328993133749">
		<name>NI-605</name>
		<cmt>Verbindungsstraße Stöckse - Wenden;  Mittelweg</cmt>
		<desc>Verbindungsstraße Stöckse - Wenden;  Mittelweg</desc>
		<src>Niedersächsische Landesforsten</src>
	</wpt>
	<wpt lat="52.655299125988911" lon="9.2732110326557518">
		<name>NI-602</name>
		<cmt>K46;  Einfahrt Mülldeponie</cmt>
		<desc>K46;  Einfahrt Mülldeponie</desc>
		<src>Niedersächsische Landesforsten</src>
	</wpt>
	<wpt lat="52.691840074767384" lon="9.2726946796128491">
		<name>NI-601</name>
		<cmt>Straße Heemsen  - Sonnenborstel; Schild Abfahrt Brunsburg</cmt>
		<desc>Straße Heemsen  - Sonnenborstel; Schild Abfahrt Brunsburg</desc>
		<src>Niedersächsische Landesforsten</src>
	</wpt>
	<wpt lat="52.716526293534614" lon="8.8521204638111204">
		<name>DH-901</name>
		<cmt>Eingang Waldweg an Kreuzung Ohlendorfer Straße Langenäse</cmt>
		<desc>Eingang Waldweg an Kreuzung Ohlendorfer Straße Langenäse</desc>
		<src>Niedersächsische Landesforsten</src>
	</wpt>
	<wpt lat="52.859521740136707" lon="8.5830018148916434">
		<name>OL-071</name>
		<cmt>Beckeln, Antiquitäten Deepe</cmt>
		<desc>Beckeln, Antiquitäten Deepe</desc>
		<src>Niedersächsische Landesforsten</src>
	</wpt>
	<wpt lat="52.83216668829256" lon="8.9585475220880166">
		<name>DH-803</name>
		<cmt>Berxer Marschbruch Höhe  Leymann</cmt>
		<desc>Berxer Marschbruch Höhe  Leymann</desc>
		<src>Niedersächsische Landesforsten</src>
	</wpt>
	<wpt lat="53.242859860727727" lon="10.528025585038444">
		<name>LG-003</name>
		<cmt>Barendorf Richtg. Scharnebeck K28 km 5,7</cmt>
		<desc>Barendorf Richtg. Scharnebeck K28 km 5,7</desc>
		<src>Niedersächsische Landesforsten</src>
	</wpt>
	<wpt lat="51.326361323795346" lon="9.7742714403997493">
		<name>GÖ-5H</name>
		<cmt>Einfahrt Sportplatz Kleinalmerode</cmt>
		<desc>Einfahrt Sportplatz Kleinalmerode</desc>
		<src>Niedersächsische Landesforsten</src>
	</wpt>
	<wpt lat="51.329096641338374" lon="9.7297889796316444">
		<name>GÖ-6H</name>
		<cmt>─sungsfläche Abt. 1043</cmt>
		<desc>─sungsfläche Abt. 1043</desc>
		<src>Niedersächsische Landesforsten</src>
	</wpt>
	<wpt lat="51.373043732805108" lon="9.6728893677118091">
		<name>GÖ-22</name>
		<cmt>Hochspannungsleitung, Kohlenstraße</cmt>
		<desc>Hochspannungsleitung, Kohlenstraße</desc>
		<src>Niedersächsische Landesforsten</src>
	</wpt>
	<wpt lat="51.387179418171577" lon="9.6831874217365232">
		<name>GÖ-33</name>
		<cmt>Wanderparkplatz (Teufelsbrücke)</cmt>
		<desc>Wanderparkplatz (Teufelsbrücke)</desc>
		<src>Niedersächsische Landesforsten</src>
	</wpt>
	<wpt lat="51.427306750557108" lon="9.6899871491865923">
		<name>GÖ-61H</name>
		<cmt>Jagdhaus Heede, Hermannshägerstraße</cmt>
		<desc>Jagdhaus Heede, Hermannshägerstraße</desc>
		<src>Niedersächsische Landesforsten</src>
	</wpt>
	<wpt lat="51.45467354863672" lon="9.6412278873829287">
		<name>GÖ-76H</name>
		<cmt>Ballerttasche, Kieswerk am "Roten Stein"</cmt>
		<desc>Ballerttasche, Kieswerk am "Roten Stein"</desc>
		<src>Niedersächsische Landesforsten</src>
	</wpt>
	<wpt lat="51.515933133245234" lon="9.813535094264541">
		<name>GÖ-92H</name>
		<cmt>Gehöft</cmt>
		<desc>Gehöft</desc>
		<src>Niedersächsische Landesforsten</src>
	</wpt>
	<wpt lat="51.520487811524347" lon="9.8287119141091637">
		<name>GÖ-100</name>
		<cmt>Notrufsäule</cmt>
		<desc>Notrufsäule</desc>
		<src>Niedersächsische Landesforsten</src>
	</wpt>
	<wpt lat="51.507674305005708" lon="9.8512686676577292">
		<name>GÖ-91H</name>
		<cmt>Schützenhaus</cmt>
		<desc>Schützenhaus</desc>
		<src>Niedersächsische Landesforsten</src>
	</wpt>
	<wpt lat="51.521684934412633" lon="9.8409324586689504">
		<name>GÖ-99H</name>
		<cmt>Waldeinfahrt</cmt>
		<desc>Waldeinfahrt</desc>
		<src>Niedersächsische Landesforsten</src>
	</wpt>
	<wpt lat="51.488263253475147" lon="9.6649361823419664">
		<name>GÖ-85H</name>
		<cmt>Hämelgasse, Waldeingang von Bühren kommend</cmt>
		<desc>Hämelgasse, Waldeingang von Bühren kommend</desc>
		<src>Niedersächsische Landesforsten</src>
	</wpt>
	<wpt lat="51.483625031623951" lon="9.6481475575517077">
		<name>GÖ-86H</name>
		<cmt>Ameisenweg</cmt>
		<desc>Ameisenweg</desc>
		<src>Niedersächsische Landesforsten</src>
	</wpt>
	<wpt lat="51.481031500935003" lon="9.6221355295202144">
		<name>GÖ-87</name>
		<cmt>Waldeingang Weserhangweg</cmt>
		<desc>Waldeingang Weserhangweg</desc>
		<src>Niedersächsische Landesforsten</src>
	</wpt>
	<wpt lat="51.498492099197854" lon="9.6474823281850046">
		<name>GÖ-89</name>
		<cmt>Parkplatz "Lange Bahn"</cmt>
		<desc>Parkplatz "Lange Bahn"</desc>
		<src>Niedersächsische Landesforsten</src>
	</wpt>
	<wpt lat="51.496386552884438" lon="9.6324411966008512">
		<name>GÖ-90H</name>
		<cmt>Einfahrt Forsthaus Röhrmühle</cmt>
		<desc>Einfahrt Forsthaus Röhrmühle</desc>
		<src>Niedersächsische Landesforsten</src>
	</wpt>
	<wpt lat="51.554456282263274" lon="9.8342128149987804">
		<name>GÖ-118H</name>
		<cmt>Breites Holz Ost</cmt>
		<desc>Breites Holz Ost</desc>
		<src>Niedersächsische Landesforsten</src>
	</wpt>
	<wpt lat="51.551924817853667" lon="9.7947230738542999">
		<name>GÖ-120H</name>
		<cmt>Im Rohden</cmt>
		<desc>Im Rohden</desc>
		<src>Niedersächsische Landesforsten</src>
	</wpt>
	<wpt lat="51.562403918035045" lon="9.8200883621438813">
		<name>GÖ-124H</name>
		<cmt>Gasschild zw. Esebeck &amp; Barterode</cmt>
		<desc>Gasschild zw. Esebeck &amp; Barterode</desc>
		<src>Niedersächsische Landesforsten</src>
	</wpt>
	<wpt lat="51.564777073300675" lon="9.8573344105080078">
		<name>GÖ-123H</name>
		<cmt>Kuhberg</cmt>
		<desc>Kuhberg</desc>
		<src>Niedersächsische Landesforsten</src>
	</wpt>
	<wpt lat="51.58317593780572" lon="9.8996576001846197">
		<name>GÖ-130</name>
		<cmt>L544 Bovenden &amp;gt; Lenglern, 1Km nach A7 rechts</cmt>
		<desc>L544 Bovenden &amp;gt; Lenglern, 1Km nach A7 rechts</desc>
		<src>Niedersächsische Landesforsten</src>
	</wpt>
	<wpt lat="51.57612149234226" lon="9.8765417335282351">
		<name>GÖ-131H</name>
		<cmt>Oberes Holz</cmt>
		<desc>Oberes Holz</desc>
		<src>Niedersächsische Landesforsten</src>
	</wpt>
	<wpt lat="51.584421551436897" lon="9.8604395949125916">
		<name>GÖ-132H</name>
		<cmt>Gaswerk</cmt>
		<desc>Gaswerk</desc>
		<src>Niedersächsische Landesforsten</src>
	</wpt>
	<wpt lat="51.593087765228468" lon="9.8460183846357108">
		<name>GÖ-133H</name>
		<cmt>Einfahrt "Aschenburg"</cmt>
		<desc>Einfahrt "Aschenburg"</desc>
		<src>Niedersächsische Landesforsten</src>
	</wpt>
	<wpt lat="51.588738683226865" lon="9.811997906240661">
		<name>GÖ-135H</name>
		<cmt>Ortseingang Erbsen</cmt>
		<desc>Ortseingang Erbsen</desc>
		<src>Niedersächsische Landesforsten</src>
	</wpt>
	<wpt lat="51.586621086053363" lon="9.8087151957640693">
		<name>GÖ-136</name>
		<cmt>Erbsen Dorfplatz &amp; Feuerwehrgerätehaus</cmt>
		<desc>Erbsen Dorfplatz &amp; Feuerwehrgerätehaus</desc>
		<src>Niedersächsische Landesforsten</src>
	</wpt>
	<wpt lat="51.947054757656268" lon="10.176214990203633">
		<name>GS-167</name>
		<cmt>Rhüden, OT Ídishausen, Ortsmitte, direkt an B 82, ca. 2 km östl. v.BAB-Auffahrt Rhüden</cmt>
		<desc>Rhüden, OT Ídishausen, Ortsmitte, direkt an B 82, ca. 2 km östl. v.BAB-Auffahrt Rhüden</desc>
		<src>Niedersächsische Landesforsten</src>
	</wpt>
	<wpt lat="51.917635542701468" lon="10.150887779018898">
		<name>GS-157</name>
		<cmt>Bornhausen, Kirche in Bornhausen</cmt>
		<desc>Bornhausen, Kirche in Bornhausen</desc>
		<src>Niedersächsische Landesforsten</src>
	</wpt>
	<wpt lat="51.93437211056807" lon="10.081223189849647">
		<name>GS-159</name>
		<cmt>Rhüden, OT Oberpanshausen, ca. 2 km südwestl. v. RhÜden</cmt>
		<desc>Rhüden, OT Oberpanshausen, ca. 2 km südwestl. v. RhÜden</desc>
		<src>Niedersächsische Landesforsten</src>
	</wpt>
	<wpt lat="51.8738584405029" lon="9.6861851539209063">
		<name>HOL-038</name>
		<cmt>Nördl.Wangelnstedt K82 Sägewerk Huchthausen Geisbrinkstr.</cmt>
		<desc>Nördl.Wangelnstedt K82 Sägewerk Huchthausen Geisbrinkstr.</desc>
		<src>Niedersächsische Landesforsten</src>
	</wpt>
	<wpt lat="51.821753814001127" lon="9.6359189009576429">
		<name>HOL-065</name>
		<cmt>Ehem.Rfö.Merxhausen K48 Merxhausen Richtung Hellental</cmt>
		<desc>Ehem.Rfö.Merxhausen K48 Merxhausen Richtung Hellental</desc>
		<src>Niedersächsische Landesforsten</src>
	</wpt>
	<wpt lat="51.893399586519855" lon="9.5029583007551484">
		<name>HOL-058</name>
		<cmt>Rfö.Burgberg, Lütgenade an L584</cmt>
		<desc>Rfö.Burgberg, Lütgenade an L584</desc>
		<src>Niedersächsische Landesforsten</src>
	</wpt>
	<wpt lat="51.680700320627743" lon="9.5279640950593389">
		<name>NOM-202</name>
		<cmt>L551 Kreuzung Schinkeltriftstr.Zufahrt Schloss Nienover</cmt>
		<desc>L551 Kreuzung Schinkeltriftstr.Zufahrt Schloss Nienover</desc>
		<src>Niedersächsische Landesforsten</src>
	</wpt>
	<wpt lat="51.587630595579519" lon="10.276501076037405">
		<name>GÖ-341</name>
		<cmt>K108, Lütgenhausen, Ortsmitte, Friedhof</cmt>
		<desc>K108, Lütgenhausen, Ortsmitte, Friedhof</desc>
		<src>Niedersächsische Landesforsten</src>
	</wpt>
	<wpt lat="51.969109129197008" lon="9.8769750476885871">
		<name>HI-155</name>
		<cmt>Waldparkplatz Hörsum; K 404</cmt>
		<desc>Waldparkplatz Hörsum; K 404</desc>
		<src>Niedersächsische Landesforsten</src>
	</wpt>
	<wpt lat="51.937268696394767" lon="9.9020145408464035">
		<name>HI-157</name>
		<cmt>Freden; Straßenende "Reihernest"</cmt>
		<desc>Freden; Straßenende "Reihernest"</desc>
		<src>Niedersächsische Landesforsten</src>
	</wpt>
	<wpt lat="51.944344852188699" lon="9.881416687692969">
		<name>HI-158</name>
		<cmt>Kreuzung L 486 Abzweigung Everode/Freden</cmt>
		<desc>Kreuzung L 486 Abzweigung Everode/Freden</desc>
		<src>Niedersächsische Landesforsten</src>
	</wpt>
	<wpt lat="51.825819660563958" lon="10.073853066451335">
		<name>NOM-143</name>
		<cmt>Wiershausen, Kreuzung Ortsmitte</cmt>
		<desc>Wiershausen, Kreuzung Ortsmitte</desc>
		<src>Niedersächsische Landesforsten</src>
	</wpt>
	<wpt lat="51.856327846341408" lon="9.7433031256971834">
		<name>NOM-302</name>
		<cmt>Waldeingang Portenhagen</cmt>
		<desc>Waldeingang Portenhagen</desc>
		<src>Niedersächsische Landesforsten</src>
	</wpt>
	<wpt lat="51.874096492794749" lon="9.5493627072404728">
		<name>HOL-060</name>
		<cmt>B 64 Kratzeberg Notrufsäule</cmt>
		<desc>B 64 Kratzeberg Notrufsäule</desc>
		<src>Niedersächsische Landesforsten</src>
	</wpt>
	<wpt lat="51.860083019986227" lon="9.5060655250101913">
		<name>HOL-061</name>
		<cmt>K64 Bevern Ortsausgang Richtung Lobach</cmt>
		<desc>K64 Bevern Ortsausgang Richtung Lobach</desc>
		<src>Niedersächsische Landesforsten</src>
	</wpt>
	<wpt lat="51.848589452937723" lon="9.5765961545489482">
		<name>HOL-063</name>
		<cmt>200m nach Ortsausgang Schornborn Richtung Schießhaus</cmt>
		<desc>200m nach Ortsausgang Schornborn Richtung Schießhaus</desc>
		<src>Niedersächsische Landesforsten</src>
	</wpt>
	<wpt lat="51.845386700152289" lon="9.4948775965372771">
		<name>HOL-062</name>
		<cmt>Trinkwasserspeicher Liehtbergstr.Allersheim rechts über Brücke B64-Tannengrund</cmt>
		<desc>Trinkwasserspeicher Liehtbergstr.Allersheim rechts über Brücke B64-Tannengrund</desc>
		<src>Niedersächsische Landesforsten</src>
	</wpt>
	<wpt lat="51.80793986840763" lon="9.4789300718609262">
		<name>HOL-070</name>
		<cmt>Waldparkplatz Forellenteiche K50 (Schafstränke)</cmt>
		<desc>Waldparkplatz Forellenteiche K50 (Schafstränke)</desc>
		<src>Niedersächsische Landesforsten</src>
	</wpt>
	<wpt lat="52.557438529623816" lon="9.5044256192406387">
		<name>H-162</name>
		<cmt>K343  Basse - Mariensee Einfahrt in den Wald an der Leinebrücke</cmt>
		<desc>K343  Basse - Mariensee Einfahrt in den Wald an der Leinebrücke</desc>
		<src>Niedersächsische Landesforsten</src>
	</wpt>
	<wpt lat="52.550796013704584" lon="9.4777128228366312">
		<name>H-163</name>
		<cmt>L 191 Empede - Mariensee Waldparkplatz</cmt>
		<desc>L 191 Empede - Mariensee Waldparkplatz</desc>
		<src>Niedersächsische Landesforsten</src>
	</wpt>
	<wpt lat="52.545404369207688" lon="9.4329659435181537">
		<name>H-164</name>
		<cmt>L 192 Himmelreich - Eilvese Abzweigung Eilveser Weg am Waldrand</cmt>
		<desc>L 192 Himmelreich - Eilvese Abzweigung Eilveser Weg am Waldrand</desc>
		<src>Niedersächsische Landesforsten</src>
	</wpt>
	<wpt lat="51.826937330468425" lon="9.4995681388525561">
		<name>HOL-068</name>
		<cmt>Waldparkplatz Einbecker Str.</cmt>
		<desc>Waldparkplatz Einbecker Str.</desc>
		<src>Niedersächsische Landesforsten</src>
	</wpt>
	<wpt lat="52.566770500062177" lon="10.378840263694899">
		<name>CE-001</name>
		<cmt>L 283; Hohne - Müden, Schwarzwasserbrücke</cmt>
		<desc>L 283; Hohne - Müden, Schwarzwasserbrücke</desc>
		<src>Niedersächsische Landesforsten</src>
	</wpt>
	<wpt lat="53.40499265900506" lon="9.8525458036753655">
		<name>WL-H4</name>
		<cmt/>
		<desc/>
		<src>Niedersächsische Landesforsten</src>
	</wpt>
	<wpt lat="51.819019415992145" lon="9.4880649869153366">
		<name>HOL-069</name>
		<cmt>Waldparkplatz Steinhäse B497 Ortsschild Holzminden</cmt>
		<desc>Waldparkplatz Steinhäse B497 Ortsschild Holzminden</desc>
		<src>Niedersächsische Landesforsten</src>
	</wpt>
	<wpt lat="51.805651677355698" lon="9.4860023178781567">
		<name>HOL-071</name>
		<cmt>Waldparkplatz Horstberg</cmt>
		<desc>Waldparkplatz Horstberg</desc>
		<src>Niedersächsische Landesforsten</src>
	</wpt>
	<wpt lat="53.302545426646425" lon="10.215816751616179">
		<name>LG-H2</name>
		<cmt/>
		<desc/>
		<src>Niedersächsische Landesforsten</src>
	</wpt>
	<wpt lat="53.326877890546584" lon="10.301407556941593">
		<name>LG-H3</name>
		<cmt/>
		<desc/>
		<src>Niedersächsische Landesforsten</src>
	</wpt>
	<wpt lat="51.497891596277377" lon="10.242936284924005">
		<name>GÖ-305</name>
		<cmt>K112, südlicher Ortseingang Tiftlingerode, Kreuzung &amp;gt; Gerblingerode</cmt>
		<desc>K112, südlicher Ortseingang Tiftlingerode, Kreuzung &amp;gt; Gerblingerode</desc>
		<src>Niedersächsische Landesforsten</src>
	</wpt>
	<wpt lat="52.143767196053659" lon="9.5941668758003544">
		<name>HM-049</name>
		<cmt>Sennhuettenauffahrt</cmt>
		<desc>Sennhuettenauffahrt</desc>
		<src>Niedersächsische Landesforsten</src>
	</wpt>
	<wpt lat="52.211758246538551" lon="9.7061513265842922">
		<name>H-101</name>
		<cmt>IIGestorf</cmt>
		<desc>IIGestorf</desc>
		<src>Niedersächsische Landesforsten</src>
	</wpt>
	<wpt lat="52.197839717056965" lon="9.7458875595433749">
		<name>H-100</name>
		<cmt>II B3 St.Horn</cmt>
		<desc>II B3 St.Horn</desc>
		<src>Niedersächsische Landesforsten</src>
	</wpt>
	<wpt lat="53.039593892761069" lon="9.4549364639679929">
		<name>ROW-114</name>
		<cmt>Riekenbostel nordwestliche Ortslage am Beginn des landwirtschaftlichen Weges Richtung Wald</cmt>
		<desc>Riekenbostel nordwestliche Ortslage am Beginn des landwirtschaftlichen Weges Richtung Wald</desc>
		<src>Niedersächsische Landesforsten</src>
	</wpt>
	<wpt lat="53.078780443973841" lon="9.4656153851412963">
		<name>ROW-115</name>
		<cmt>Hastedt kurz hinter Hastedt in östlicher Richtung geradeaus in den Wald</cmt>
		<desc>Hastedt kurz hinter Hastedt in östlicher Richtung geradeaus in den Wald</desc>
		<src>Niedersächsische Landesforsten</src>
	</wpt>
	<wpt lat="52.784044421207867" lon="9.5830379022392194">
		<name>HK-071</name>
		<cmt>Wiedenhausen L 190 etwa 2 km nördlich Hodenhagen</cmt>
		<desc>Wiedenhausen L 190 etwa 2 km nördlich Hodenhagen</desc>
		<src>Niedersächsische Landesforsten</src>
	</wpt>
	<wpt lat="52.96063802098201" lon="9.6403408530800352">
		<name>HK-052</name>
		<cmt>Großer Löverschen Int.- forst A. Amtsvogtei  B440 2 km östlich Ottingen Abzweigung  nach Ahrsen</cmt>
		<desc>Großer Löverschen Int.- forst A. Amtsvogtei  B440 2 km östlich Ottingen Abzweigung  nach Ahrsen</desc>
		<src>Niedersächsische Landesforsten</src>
	</wpt>
	<wpt lat="52.923613869565798" lon="9.6502186038659801">
		<name>HK-054</name>
		<cmt>Fuhrholz Int.-forst Alte Amtsvogtei Sandweg zw. Westerhart und Jarlingen</cmt>
		<desc>Fuhrholz Int.-forst Alte Amtsvogtei Sandweg zw. Westerhart und Jarlingen</desc>
		<src>Niedersächsische Landesforsten</src>
	</wpt>
	<wpt lat="52.909990311362399" lon="9.7241467822607195">
		<name>HK-055</name>
		<cmt>Altes Gehäge Int.-forst Alte Amtsvogtei B440 2 km westlich Dorfmark</cmt>
		<desc>Altes Gehäge Int.-forst Alte Amtsvogtei B440 2 km westlich Dorfmark</desc>
		<src>Niedersächsische Landesforsten</src>
	</wpt>
	<wpt lat="52.934653208634828" lon="9.5073480773938428">
		<name>HK-059</name>
		<cmt>Stellichte Gen. F. Stellichte Am Ortsrand von Stellichte</cmt>
		<desc>Stellichte Gen. F. Stellichte Am Ortsrand von Stellichte</desc>
		<src>Niedersächsische Landesforsten</src>
	</wpt>
	<wpt lat="52.736698263105083" lon="9.5651694782138126">
		<name>HK-075</name>
		<cmt>Büchtener Heide  L 191 Ortslage Büchten von Norden kommend 1. Feldweg rechts.(sÜdlich Ahlden).</cmt>
		<desc>Büchtener Heide  L 191 Ortslage Büchten von Norden kommend 1. Feldweg rechts.(sÜdlich Ahlden).</desc>
		<src>Niedersächsische Landesforsten</src>
	</wpt>
	<wpt lat="53.462903394787887" lon="9.5458284434585945">
		<name>STD-106</name>
		<cmt>K 26 Abzweigung  Hahnenbalken</cmt>
		<desc>K 26 Abzweigung  Hahnenbalken</desc>
		<src>Niedersächsische Landesforsten</src>
	</wpt>
	<wpt lat="53.180477692772278" lon="8.3408673593029814">
		<name>BRA-002</name>
		<cmt>L 865 Paradies, Einmündung "Gellener Damm" (Parkplatz)</cmt>
		<desc>L 865 Paradies, Einmündung "Gellener Damm" (Parkplatz)</desc>
		<src>Niedersächsische Landesforsten</src>
	</wpt>
	<wpt lat="53.53626174487691" lon="9.2073406860076901">
		<name>ROW-211</name>
		<cmt>Kreuzung L 114</cmt>
		<desc>Kreuzung L 114</desc>
		<src>Niedersächsische Landesforsten</src>
	</wpt>
	<wpt lat="52.16606348218118" lon="8.14913439417289">
		<name>OS-13</name>
		<cmt>Gasthaus Ellerweg Hankenberge Osnabrücker Str. (K347)</cmt>
		<desc>Gasthaus Ellerweg Hankenberge Osnabrücker Str. (K347)</desc>
		<src>Niedersächsische Landesforsten</src>
	</wpt>
	<wpt lat="52.193681618699763" lon="8.039667061209391">
		<name>OS-35</name>
		<cmt>Parkplatz Bardinghaushof/Sieben Quellen</cmt>
		<desc>Parkplatz Bardinghaushof/Sieben Quellen</desc>
		<src>Niedersächsische Landesforsten</src>
	</wpt>
	<wpt lat="52.174895283168894" lon="8.0228783283494014">
		<name>OS-37</name>
		<cmt>Parkplatz Urberg Grafensundern Iburger Str. (L95)</cmt>
		<desc>Parkplatz Urberg Grafensundern Iburger Str. (L95)</desc>
		<src>Niedersächsische Landesforsten</src>
	</wpt>
	<wpt lat="52.171586260699264" lon="8.062011969208779">
		<name>OS-38</name>
		<cmt>Gasthaus zum Döhrenberg Osnabrücker Str. (B51)</cmt>
		<desc>Gasthaus zum Döhrenberg Osnabrücker Str. (B51)</desc>
		<src>Niedersächsische Landesforsten</src>
	</wpt>
	<wpt lat="53.343828870623298" lon="8.7810063859726775">
		<name>OHZ-416</name>
		<cmt>Südlich von Axstedt an der Kreuzung K39/Bahnhofstraße, 200m westlich Raiffeisen und Bahnhof Lübberstedt</cmt>
		<desc>Südlich von Axstedt an der Kreuzung K39/Bahnhofstraße, 200m westlich Raiffeisen und Bahnhof Lübberstedt</desc>
		<src>Niedersächsische Landesforsten</src>
	</wpt>
	<wpt lat="53.270146918194023" lon="10.784840826970969">
		<name>LG-045</name>
		<cmt>K 22 Alt Garge Sportplatz     km 3,7</cmt>
		<desc>K 22 Alt Garge Sportplatz     km 3,7</desc>
		<src>Niedersächsische Landesforsten</src>
	</wpt>
	<wpt lat="53.424098185413477" lon="8.7238268986815797">
		<name>CUX-414</name>
		<cmt>K45 (Bei den Bauern) Abzweig Dreieinigkeit zwischen Hollen und Lunestedt</cmt>
		<desc>K45 (Bei den Bauern) Abzweig Dreieinigkeit zwischen Hollen und Lunestedt</desc>
		<src>Niedersächsische Landesforsten</src>
	</wpt>
	<wpt lat="53.438646401787544" lon="8.8154209413421931">
		<name>CUX-415</name>
		<cmt>B71 (Wehldorfer Straße) Abzweigung Wachholz nördlich Beversted</cmt>
		<desc>B71 (Wehldorfer Straße) Abzweigung Wachholz nördlich Beversted</desc>
		<src>Niedersächsische Landesforsten</src>
	</wpt>
	<wpt lat="52.157481034550045" lon="8.0599883883911474">
		<name>OS-12</name>
		<cmt>Wassertretstelle Ende der Str. Hagenberg</cmt>
		<desc>Wassertretstelle Ende der Str. Hagenberg</desc>
		<src>Niedersächsische Landesforsten</src>
	</wpt>
	<wpt lat="53.03245065541612" lon="11.081487280522833">
		<name>DAN-033</name>
		<cmt>B 248 Platenlaase Bushaltestelle</cmt>
		<desc>B 248 Platenlaase Bushaltestelle</desc>
		<src>Niedersächsische Landesforsten</src>
	</wpt>
	<wpt lat="53.147871655411755" lon="10.935097189416576">
		<name>DAN-044</name>
		<cmt>Govelin Ortsmitte</cmt>
		<desc>Govelin Ortsmitte</desc>
		<src>Niedersächsische Landesforsten</src>
	</wpt>
	<wpt lat="52.417368747354978" lon="8.3155772819219713">
		<name>OS-40</name>
		<cmt>Parkplatz Bremer Str. (B519) Kronsweg</cmt>
		<desc>Parkplatz Bremer Str. (B519) Kronsweg</desc>
		<src>Niedersächsische Landesforsten</src>
	</wpt>
	<wpt lat="52.374517972090317" lon="8.3708249229903053">
		<name>OS-41</name>
		<cmt>Parkplatz Bohmter Heide Leverner Str. (L81)</cmt>
		<desc>Parkplatz Bohmter Heide Leverner Str. (L81)</desc>
		<src>Niedersächsische Landesforsten</src>
	</wpt>
	<wpt lat="51.624785328319234" lon="10.041572564964278">
		<name>NOM-703</name>
		<cmt>K415, Sudershausen &amp;gt; Spanbeck, ca. 1200 m 2. Weg links</cmt>
		<desc>K415, Sudershausen &amp;gt; Spanbeck, ca. 1200 m 2. Weg links</desc>
		<src>Niedersächsische Landesforsten</src>
	</wpt>
	<wpt lat="52.465689495663412" lon="7.9571536246273418">
		<name>OS-73</name>
		<cmt>Bramscher Str. (B68) / Thiener Damm</cmt>
		<desc>Bramscher Str. (B68) / Thiener Damm</desc>
		<src>Niedersächsische Landesforsten</src>
	</wpt>
	<wpt lat="53.272071641446644" lon="10.743174227114745">
		<name>LG-046</name>
		<cmt>L 222 Gasthof "Waldfrieden"</cmt>
		<desc>L 222 Gasthof "Waldfrieden"</desc>
		<src>Niedersächsische Landesforsten</src>
	</wpt>
	<wpt lat="51.63425674469751" lon="10.088311926579101">
		<name>NOM-704</name>
		<cmt>K416 Gillersheim, &amp;gt;Kalbertal, Kreuzung "Karlstraße"/"Am Weinberg"</cmt>
		<desc>K416 Gillersheim, &amp;gt;Kalbertal, Kreuzung "Karlstraße"/"Am Weinberg"</desc>
		<src>Niedersächsische Landesforsten</src>
	</wpt>
	<wpt lat="51.669859697938456" lon="10.048041146373905">
		<name>NOM-709</name>
		<cmt>K414 Suterode &amp;gt; Sudheim, 1. Weg links,  0,6 km vom Ortsausgang</cmt>
		<desc>K414 Suterode &amp;gt; Sudheim, 1. Weg links,  0,6 km vom Ortsausgang</desc>
		<src>Niedersächsische Landesforsten</src>
	</wpt>
	<wpt lat="51.530017377457852" lon="10.103557505893988">
		<name>GÖ-336</name>
		<cmt>Landolfshausen &amp;gt; Falkenhagen, Waldeingang</cmt>
		<desc>Landolfshausen &amp;gt; Falkenhagen, Waldeingang</desc>
		<src>Niedersächsische Landesforsten</src>
	</wpt>
	<wpt lat="51.673191131650597" lon="9.9702907629567203">
		<name>NOM-722</name>
		<cmt>K421 Sudheim Abzweig gegenüber Parkplatz Firma Klenke</cmt>
		<desc>K421 Sudheim Abzweig gegenüber Parkplatz Firma Klenke</desc>
		<src>Niedersächsische Landesforsten</src>
	</wpt>
	<wpt lat="52.279669199412176" lon="9.4919840657997412">
		<name>H-120</name>
		<cmt>V Bärenhöhle</cmt>
		<desc>V Bärenhöhle</desc>
		<src>Niedersächsische Landesforsten</src>
	</wpt>
	<wpt lat="52.279689827279348" lon="9.5067547661408014">
		<name>H-119</name>
		<cmt>V Försterbrücke</cmt>
		<desc>V Försterbrücke</desc>
		<src>Niedersächsische Landesforsten</src>
	</wpt>
	<wpt lat="52.273873343911447" lon="9.5156036912261577">
		<name>H-118</name>
		<cmt>V Waldwinkel</cmt>
		<desc>V Waldwinkel</desc>
		<src>Niedersächsische Landesforsten</src>
	</wpt>
	<wpt lat="52.268385189908081" lon="9.5253262399755023">
		<name>H-116</name>
		<cmt>V Bierweg</cmt>
		<desc>V Bierweg</desc>
		<src>Niedersächsische Landesforsten</src>
	</wpt>
	<wpt lat="51.669009196759276" lon="9.9056485035729782">
		<name>NOM-723</name>
		<cmt>K424 Ortsmitte Großenrode</cmt>
		<desc>K424 Ortsmitte Großenrode</desc>
		<src>Niedersächsische Landesforsten</src>
	</wpt>
	<wpt lat="52.811407751647401" lon="10.258883011616248">
		<name>CE-009</name>
		<cmt>Waldpädagogikzentrum Siedenholz</cmt>
		<desc>Waldpädagogikzentrum Siedenholz</desc>
		<src>Niedersächsische Landesforsten</src>
	</wpt>
	<wpt lat="52.676942673041268" lon="7.9741215559771863">
		<name>OS-93</name>
		<cmt>Dinklager Str. / Schützenhofallee</cmt>
		<desc>Dinklager Str. / Schützenhofallee</desc>
		<src>Niedersächsische Landesforsten</src>
	</wpt>
	<wpt lat="52.67353315697256" lon="8.0280846222773796">
		<name>OS-94</name>
		<cmt>Dinklager Str. (L845) / Wehdelerfeldstr.</cmt>
		<desc>Dinklager Str. (L845) / Wehdelerfeldstr.</desc>
		<src>Niedersächsische Landesforsten</src>
	</wpt>
	<wpt lat="52.61114878078547" lon="10.247493134865696">
		<name>CE-017</name>
		<cmt>Wiesenstr. in Lachendorf am Waldrand</cmt>
		<desc>Wiesenstr. in Lachendorf am Waldrand</desc>
		<src>Niedersächsische Landesforsten</src>
	</wpt>
	<wpt lat="52.594751686582597" lon="10.206304887834467">
		<name>CE-018</name>
		<cmt>Waldweg in Oppershausen am Waldrand</cmt>
		<desc>Waldweg in Oppershausen am Waldrand</desc>
		<src>Niedersächsische Landesforsten</src>
	</wpt>
	<wpt lat="52.604618324536091" lon="10.225090004651056">
		<name>CE-019</name>
		<cmt>L 311 Waldwegeingang</cmt>
		<desc>L 311 Waldwegeingang</desc>
		<src>Niedersächsische Landesforsten</src>
	</wpt>
	<wpt lat="53.143383225933022" lon="9.3447301580423652">
		<name>ROW-092</name>
		<cmt>B 71 etwa 300 m Südöstlich Hundedressurplatz / Grünabfallannahme Stadt Rtbg.</cmt>
		<desc>B 71 etwa 300 m Südöstlich Hundedressurplatz / Grünabfallannahme Stadt Rtbg.</desc>
		<src>Niedersächsische Landesforsten</src>
	</wpt>
	<wpt lat="51.438698934030171" lon="9.9614641621707918">
		<name>GÖ-319</name>
		<cmt>B27 &amp;gt; K22, Groß Schneen &amp;gt; Ludolfshausen, nach 2,3 km Parkplatz links</cmt>
		<desc>B27 &amp;gt; K22, Groß Schneen &amp;gt; Ludolfshausen, nach 2,3 km Parkplatz links</desc>
		<src>Niedersächsische Landesforsten</src>
	</wpt>
	<wpt lat="52.591135407391832" lon="10.328614015413768">
		<name>CE-004</name>
		<cmt>L 284; Helmerkamp, Ortseingang von Hohne</cmt>
		<desc>L 284; Helmerkamp, Ortseingang von Hohne</desc>
		<src>Niedersächsische Landesforsten</src>
	</wpt>
	<wpt lat="52.65512374081532" lon="10.564030553181992">
		<name>GF-025</name>
		<cmt>K 7; Oerrel - Wesendorf, Abfahrt Langwedel</cmt>
		<desc>K 7; Oerrel - Wesendorf, Abfahrt Langwedel</desc>
		<src>Niedersächsische Landesforsten</src>
	</wpt>
	<wpt lat="52.573078114062419" lon="10.60376571259132">
		<name>GF-017</name>
		<cmt>K 103; Parkplatz Bösebruch</cmt>
		<desc>K 103; Parkplatz Bösebruch</desc>
		<src>Niedersächsische Landesforsten</src>
	</wpt>
	<wpt lat="52.596305695139691" lon="10.797679924310302">
		<name>GF-019</name>
		<cmt>L 288; VW-Prüfgelände; Abfahrt Hauptwache</cmt>
		<desc>L 288; VW-Prüfgelände; Abfahrt Hauptwache</desc>
		<src>Niedersächsische Landesforsten</src>
	</wpt>
	<wpt lat="52.679815110167787" lon="10.70466614032882">
		<name>GF-027</name>
		<cmt>Knesebeck; Feuerwehr</cmt>
		<desc>Knesebeck; Feuerwehr</desc>
		<src>Niedersächsische Landesforsten</src>
	</wpt>
	<wpt lat="52.752426929086127" lon="10.514353971459752">
		<name>GF-036</name>
		<cmt>L 280; Masel, Kreuzung Ortsmitte</cmt>
		<desc>L 280; Masel, Kreuzung Ortsmitte</desc>
		<src>Niedersächsische Landesforsten</src>
	</wpt>
	<wpt lat="52.770338034773182" lon="10.456914610814236">
		<name>GF-037</name>
		<cmt>L 280; Hagen (bei Sprakensehl) Ortsmitte</cmt>
		<desc>L 280; Hagen (bei Sprakensehl) Ortsmitte</desc>
		<src>Niedersächsische Landesforsten</src>
	</wpt>
	<wpt lat="52.874338925849074" lon="10.49521953318126">
		<name>UE-104</name>
		<cmt>B4, Breitenhees Richtung Uelzen; Funkturm Blauer Berg</cmt>
		<desc>B4, Breitenhees Richtung Uelzen; Funkturm Blauer Berg</desc>
		<src>Niedersächsische Landesforsten</src>
	</wpt>
	<wpt lat="53.246416103201646" lon="8.6773343631263629">
		<name>OHZ-512</name>
		<cmt>Friedwald Parkplatz Naturfreundehaus - von der L149 ca 2,0 km Richtung Norden</cmt>
		<desc>Friedwald Parkplatz Naturfreundehaus - von der L149 ca 2,0 km Richtung Norden</desc>
		<src>Niedersächsische Landesforsten</src>
	</wpt>
	<wpt lat="52.76610006060104" lon="10.303159277784339">
		<name>CE-006</name>
		<cmt>B 191; Abfahrt Dalle</cmt>
		<desc>B 191; Abfahrt Dalle</desc>
		<src>Niedersächsische Landesforsten</src>
	</wpt>
	<wpt lat="53.034628339196324" lon="10.46994976431251">
		<name>UE-040</name>
		<cmt>K 11; Ebstorf - Vinstedt  bei Km 3,5</cmt>
		<desc>K 11; Ebstorf - Vinstedt  bei Km 3,5</desc>
		<src>Niedersächsische Landesforsten</src>
	</wpt>
	<wpt lat="52.997785779146675" lon="10.482372760157364">
		<name>UE-039</name>
		<cmt>L 250; Melzingen - Uelzen, Sportplatz BP Hainberg</cmt>
		<desc>L 250; Melzingen - Uelzen, Sportplatz BP Hainberg</desc>
		<src>Niedersächsische Landesforsten</src>
	</wpt>
	<wpt lat="53.015118493572913" lon="10.428085201885027">
		<name>UE-042</name>
		<cmt>L 250; Ebstorf - Melzingen, Parkplatz Landeskrankenhaus</cmt>
		<desc>L 250; Ebstorf - Melzingen, Parkplatz Landeskrankenhaus</desc>
		<src>Niedersächsische Landesforsten</src>
	</wpt>
	<wpt lat="52.263961908881988" lon="9.4720841088137373">
		<name>H-115</name>
		<cmt>IV Nienstedter Pass</cmt>
		<desc>IV Nienstedter Pass</desc>
		<src>Niedersächsische Landesforsten</src>
	</wpt>
	<wpt lat="52.258573916445755" lon="9.4225828629330213">
		<name>SHG-027</name>
		<cmt>Huegelgraeber K 61</cmt>
		<desc>Huegelgraeber K 61</desc>
		<src>Niedersächsische Landesforsten</src>
	</wpt>
	<wpt lat="52.270408532571899" lon="9.4076763852526231">
		<name>SHG-028</name>
		<cmt>Blumenhagen</cmt>
		<desc>Blumenhagen</desc>
		<src>Niedersächsische Landesforsten</src>
	</wpt>
	<wpt lat="51.505546263420442" lon="10.086518700044678">
		<name>GÖ-328</name>
		<cmt>K1 Potzwenden &amp;gt; Sattenhausen, Sattenh. rechts, Sportplatz</cmt>
		<desc>K1 Potzwenden &amp;gt; Sattenhausen, Sattenh. rechts, Sportplatz</desc>
		<src>Niedersächsische Landesforsten</src>
	</wpt>
	<wpt lat="51.504520196340373" lon="10.000717952266328">
		<name>GÖ-326</name>
		<cmt>L 574  Kl. Lengden, an Ampel nach N, geradeaus 1,4 km, "Gösselgrund"</cmt>
		<desc>L 574  Kl. Lengden, an Ampel nach N, geradeaus 1,4 km, "Gösselgrund"</desc>
		<src>Niedersächsische Landesforsten</src>
	</wpt>
	<wpt lat="51.478491594508718" lon="10.050753128839782">
		<name>GÖ-334</name>
		<cmt>K15 Benniehausen &amp;gt; Gelliehausen, vor Ortseingang Feldweg rechts</cmt>
		<desc>K15 Benniehausen &amp;gt; Gelliehausen, vor Ortseingang Feldweg rechts</desc>
		<src>Niedersächsische Landesforsten</src>
	</wpt>
	<wpt lat="52.032365269046814" lon="10.214416945959186">
		<name>WF-013</name>
		<cmt>Jägerhaus im Hainberg</cmt>
		<desc>Jägerhaus im Hainberg</desc>
		<src>Niedersächsische Landesforsten</src>
	</wpt>
	<wpt lat="52.135558807404117" lon="9.8804803422286529">
		<name>HI-003</name>
		<cmt>Sorsumer Hauptstr 151 Sorsum/Bosch/Blaupunkt  Km 7,6</cmt>
		<desc>Sorsumer Hauptstr 151 Sorsum/Bosch/Blaupunkt  Km 7,6</desc>
		<src>Niedersächsische Landesforsten</src>
	</wpt>
	<wpt lat="52.122985306652488" lon="9.9032764221945495">
		<name>HI-010</name>
		<cmt>Hildesheim K103 1,6 Km, Hildesheimer Wald - Neuhof</cmt>
		<desc>Hildesheim K103 1,6 Km, Hildesheimer Wald - Neuhof</desc>
		<src>Niedersächsische Landesforsten</src>
	</wpt>
	<wpt lat="51.522839357421233" lon="10.063056469921191">
		<name>GÖ-330</name>
		<cmt>K8 &amp;gt; L574, Mackenrode &amp;gt; Landolfshausen, Kreuzung Bushaltestelle</cmt>
		<desc>K8 &amp;gt; L574, Mackenrode &amp;gt; Landolfshausen, Kreuzung Bushaltestelle</desc>
		<src>Niedersächsische Landesforsten</src>
	</wpt>
	<wpt lat="52.13448020388487" lon="9.7680912189119447">
		<name>HI-001</name>
		<cmt>Burgstemmen. Berkel1-3,(bei den Aussiedlerhöfen)</cmt>
		<desc>Burgstemmen. Berkel1-3,(bei den Aussiedlerhöfen)</desc>
		<src>Niedersächsische Landesforsten</src>
	</wpt>
	<wpt lat="52.117470364356542" lon="9.8203511752967767">
		<name>HI-002</name>
		<cmt>Haus Escherde, An der Klostermauer 10  (Gehöft Revierförsterei)</cmt>
		<desc>Haus Escherde, An der Klostermauer 10  (Gehöft Revierförsterei)</desc>
		<src>Niedersächsische Landesforsten</src>
	</wpt>
	<wpt lat="52.515785988190913" lon="7.8265481452720493">
		<name>OS-50</name>
		<cmt>Parkplatz Mooshütte Voltlager Damm (K111)</cmt>
		<desc>Parkplatz Mooshütte Voltlager Damm (K111)</desc>
		<src>Niedersächsische Landesforsten</src>
	</wpt>
	<wpt lat="52.488986733177576" lon="7.3595942573227955">
		<name>EL-23</name>
		<cmt>Parkplatz in Rottum</cmt>
		<desc>Parkplatz in Rottum</desc>
		<src>Niedersächsische Landesforsten</src>
	</wpt>
	<wpt lat="52.496737327786498" lon="7.8061138182715295">
		<name>OS-51</name>
		<cmt>Rocksberg Ankumer Damm (K111)</cmt>
		<desc>Rocksberg Ankumer Damm (K111)</desc>
		<src>Niedersächsische Landesforsten</src>
	</wpt>
	<wpt lat="52.662941738017182" lon="7.9301599614569502">
		<name>OS-92</name>
		<cmt>Sportfliegerheim Danziger Str.</cmt>
		<desc>Sportfliegerheim Danziger Str.</desc>
		<src>Niedersächsische Landesforsten</src>
	</wpt>
	<wpt lat="52.5065761409899" lon="7.3335111551998509">
		<name>EL-21</name>
		<cmt>Kiesbergstraße</cmt>
		<desc>Kiesbergstraße</desc>
		<src>Niedersächsische Landesforsten</src>
	</wpt>
	<wpt lat="52.492060349357772" lon="7.332793572244138">
		<name>EL-22</name>
		<cmt>Rheinerstraße (B 70)</cmt>
		<desc>Rheinerstraße (B 70)</desc>
		<src>Niedersächsische Landesforsten</src>
	</wpt>
	<wpt lat="52.731402584840659" lon="8.4723895845307258">
		<name>DH-023</name>
		<cmt>Ortseingang Rödenbeck von Banstorf aus</cmt>
		<desc>Ortseingang Rödenbeck von Banstorf aus</desc>
		<src>Niedersächsische Landesforsten</src>
	</wpt>
	<wpt lat="53.1411644043406" lon="10.87884002675187">
		<name>DAN-045</name>
		<cmt>Forstamt Göhrde</cmt>
		<desc>Forstamt Göhrde</desc>
		<src>Niedersächsische Landesforsten</src>
	</wpt>
	<wpt lat="52.141526120858558" lon="8.2230908385715029">
		<name>OS-24</name>
		<cmt>Parkplatz Rehquelle Rechenbergstr. (L94)</cmt>
		<desc>Parkplatz Rehquelle Rechenbergstr. (L94)</desc>
		<src>Niedersächsische Landesforsten</src>
	</wpt>
	<wpt lat="53.0962627870069" lon="10.783654846668014">
		<name>DAN-051</name>
		<cmt>L 253 Hohenfier Abschnitt 70, km 3,8</cmt>
		<desc>L 253 Hohenfier Abschnitt 70, km 3,8</desc>
		<src>Niedersächsische Landesforsten</src>
	</wpt>
	<wpt lat="52.145570314459817" lon="8.2324515535109235">
		<name>OS-25</name>
		<cmt>Gasthaus Waidmanns Ruh Rechenbergstr. (L94)/Wakebrink</cmt>
		<desc>Gasthaus Waidmanns Ruh Rechenbergstr. (L94)/Wakebrink</desc>
		<src>Niedersächsische Landesforsten</src>
	</wpt>
	<wpt lat="53.15096963059819" lon="10.844857023870672">
		<name>LG-037</name>
		<cmt>B 216   Abzweig Lüben km 31,8</cmt>
		<desc>B 216   Abzweig Lüben km 31,8</desc>
		<src>Niedersächsische Landesforsten</src>
	</wpt>
	<wpt lat="52.1764793915033" lon="8.3672942164778821">
		<name>OS-26</name>
		<cmt>Depenbrok Gerdenerstr. (L701) / Nordfelder Weg</cmt>
		<desc>Depenbrok Gerdenerstr. (L701) / Nordfelder Weg</desc>
		<src>Niedersächsische Landesforsten</src>
	</wpt>
	<wpt lat="53.213385600575613" lon="10.839122188824092">
		<name>LG-040</name>
		<cmt>Kreuzung L 232/ K 38 (Köhlingen-Ventschau</cmt>
		<desc>Kreuzung L 232/ K 38 (Köhlingen-Ventschau</desc>
		<src>Niedersächsische Landesforsten</src>
	</wpt>
	<wpt lat="53.047678366783892" lon="9.4224735971340294">
		<name>ROW-113</name>
		<cmt>Federloh  K206  etwa 1 km südlich der Einfahrt zum Bullenseeparkplatz</cmt>
		<desc>Federloh  K206  etwa 1 km südlich der Einfahrt zum Bullenseeparkplatz</desc>
		<src>Niedersächsische Landesforsten</src>
	</wpt>
	<wpt lat="53.08269354636608" lon="9.4032724740447158">
		<name>ROW-110</name>
		<cmt>Lintel Gehöft "Vor'm Lintel"</cmt>
		<desc>Lintel Gehöft "Vor'm Lintel"</desc>
		<src>Niedersächsische Landesforsten</src>
	</wpt>
	<wpt lat="51.738504031111994" lon="10.303132358000898">
		<name>OHA-255</name>
		<cmt>Kehre an derB 498 unterhalb Hauptstaumauer.</cmt>
		<desc>Kehre an derB 498 unterhalb Hauptstaumauer.</desc>
		<src>Niedersächsische Landesforsten</src>
	</wpt>
	<wpt lat="53.08120485504638" lon="9.4836063877881074">
		<name>ROW-116</name>
		<cmt>Hartwedel K239 zw. Hemsbünde und Bothel</cmt>
		<desc>Hartwedel K239 zw. Hemsbünde und Bothel</desc>
		<src>Niedersächsische Landesforsten</src>
	</wpt>
	<wpt lat="52.992691605056102" lon="9.6126860913071237">
		<name>ROW-128</name>
		<cmt>WGS 84  Nord 53,00  Ost 9,61 Delventhal östlich Visselhövede;  Mühlenstr. kurz vor Ortslage Delventhal</cmt>
		<desc>WGS 84  Nord 53,00  Ost 9,61 Delventhal östlich Visselhövede;  Mühlenstr. kurz vor Ortslage Delventhal</desc>
		<src>Niedersächsische Landesforsten</src>
	</wpt>
	<wpt lat="53.649328868635912" lon="8.7642443536527335">
		<name>CUX-607</name>
		<cmt>Waldparkplatz an der L 119</cmt>
		<desc>Waldparkplatz an der L 119</desc>
		<src>Niedersächsische Landesforsten</src>
	</wpt>
	<wpt lat="53.621315134478515" lon="7.6148749251645516">
		<name>WTM-001</name>
		<cmt>Gaststätte "Landhaus Sylvester", Auricher Str. 106, Esens</cmt>
		<desc>Gaststätte "Landhaus Sylvester", Auricher Str. 106, Esens</desc>
		<src>Niedersächsische Landesforsten</src>
	</wpt>
	<wpt lat="51.509254093714219" lon="10.036717351868672">
		<name>GÖ-327</name>
		<cmt>Groß Lengden, L547/ "Am Mackenröder Weg"</cmt>
		<desc>Groß Lengden, L547/ "Am Mackenröder Weg"</desc>
		<src>Niedersächsische Landesforsten</src>
	</wpt>
	<wpt lat="51.591032436944637" lon="10.309754684699071">
		<name>OHA-702</name>
		<cmt>L530, nördl. Rhumspringe, Parkplatz Rhumequelle</cmt>
		<desc>L530, nördl. Rhumspringe, Parkplatz Rhumequelle</desc>
		<src>Niedersächsische Landesforsten</src>
	</wpt>
	<wpt lat="51.631070964263017" lon="10.278035160807924">
		<name>OHA-704</name>
		<cmt>B27 Herzberg &amp;gt; Gieboldehausen, Abzweig  B27/ K6, ( Auekrug)</cmt>
		<desc>B27 Herzberg &amp;gt; Gieboldehausen, Abzweig  B27/ K6, ( Auekrug)</desc>
		<src>Niedersächsische Landesforsten</src>
	</wpt>
	<wpt lat="51.659512319246794" lon="10.27575545368205">
		<name>OHA-707</name>
		<cmt>K7 Hattorf &amp;gt; Elbingerode, Ortseingang Elbingerode</cmt>
		<desc>K7 Hattorf &amp;gt; Elbingerode, Ortseingang Elbingerode</desc>
		<src>Niedersächsische Landesforsten</src>
	</wpt>
	<wpt lat="51.665109717948766" lon="10.164563003805066">
		<name>OHA-709</name>
		<cmt>K28, Wulften &amp;gt; Dorste, Kreisel Ortsausgang</cmt>
		<desc>K28, Wulften &amp;gt; Dorste, Kreisel Ortsausgang</desc>
		<src>Niedersächsische Landesforsten</src>
	</wpt>
	<wpt lat="52.735931880053947" lon="8.5026927255608644">
		<name>DH-024</name>
		<cmt>Ortsmitte Aldorf, Abzweigung nach Rüssen</cmt>
		<desc>Ortsmitte Aldorf, Abzweigung nach Rüssen</desc>
		<src>Niedersächsische Landesforsten</src>
	</wpt>
	<wpt lat="52.645747323595543" lon="8.3414876676945866">
		<name>DH-028</name>
		<cmt>Kreisbauschuttdeponie Aschen</cmt>
		<desc>Kreisbauschuttdeponie Aschen</desc>
		<src>Niedersächsische Landesforsten</src>
	</wpt>
	<wpt lat="52.68870230501313" lon="8.5235753985492106">
		<name>DH-025</name>
		<cmt>Düste, Waldparkplatz</cmt>
		<desc>Düste, Waldparkplatz</desc>
		<src>Niedersächsische Landesforsten</src>
	</wpt>
	<wpt lat="52.682767651579624" lon="8.497035761487334">
		<name>DH-026</name>
		<cmt>Dorfverbindungsstr. Rechtern / Dreeke</cmt>
		<desc>Dorfverbindungsstr. Rechtern / Dreeke</desc>
		<src>Niedersächsische Landesforsten</src>
	</wpt>
	<wpt lat="52.669510198347218" lon="8.4561202576948613">
		<name>DH-027</name>
		<cmt>Einmündungsbereich "Speckener Str."</cmt>
		<desc>Einmündungsbereich "Speckener Str."</desc>
		<src>Niedersächsische Landesforsten</src>
	</wpt>
	<wpt lat="51.99173854873937" lon="10.103113863875032">
		<name>HI-101</name>
		<cmt>An der Dilseburg</cmt>
		<desc>An der Dilseburg</desc>
		<src>Niedersächsische Landesforsten</src>
	</wpt>
	<wpt lat="52.534090923220369" lon="9.2953492018666743">
		<name>H-167</name>
		<cmt>"Heuberg" Schneeren</cmt>
		<desc>"Heuberg" Schneeren</desc>
		<src>Niedersächsische Landesforsten</src>
	</wpt>
	<wpt lat="52.530081990696701" lon="9.3214034153242658">
		<name>H-165</name>
		<cmt>"Alter Sandberg" in Schneeren beim Sportplatz</cmt>
		<desc>"Alter Sandberg" in Schneeren beim Sportplatz</desc>
		<src>Niedersächsische Landesforsten</src>
	</wpt>
	<wpt lat="53.045768836335611" lon="9.5913039222854533">
		<name>ROW-122</name>
		<cmt>Rosebruch K223 zwischen Ort Rosebruch in Kurve Richtung Moordorf</cmt>
		<desc>Rosebruch K223 zwischen Ort Rosebruch in Kurve Richtung Moordorf</desc>
		<src>Niedersächsische Landesforsten</src>
	</wpt>
	<wpt lat="51.560737360146199" lon="10.135648280322972">
		<name>GÖ-337</name>
		<cmt>B27 &amp;gt; B446, 1,9 km nach Abzweig B446 nach W, vor Seeburg, Sportplatz</cmt>
		<desc>B27 &amp;gt; B446, 1,9 km nach Abzweig B446 nach W, vor Seeburg, Sportplatz</desc>
		<src>Niedersächsische Landesforsten</src>
	</wpt>
	<wpt lat="52.091510710247796" lon="10.364987203123455">
		<name>SZ-007</name>
		<cmt>SZ Nord/Südstr.Abfahrt Engerode, unter der Brücke</cmt>
		<desc>SZ Nord/Südstr.Abfahrt Engerode, unter der Brücke</desc>
		<src>Niedersächsische Landesforsten</src>
	</wpt>
	<wpt lat="52.010324019401381" lon="10.303956871942374">
		<name>GS-174</name>
		<cmt>OT Könneckenrode, B 248 zwischen Lutter u. Salzgitter-Bad, bei km 35,2</cmt>
		<desc>OT Könneckenrode, B 248 zwischen Lutter u. Salzgitter-Bad, bei km 35,2</desc>
		<src>Niedersächsische Landesforsten</src>
	</wpt>
	<wpt lat="52.061678503820922" lon="10.357749504739909">
		<name>SZ-010</name>
		<cmt>SZ Bad, Bismarkturm, Irenenstr. folgen</cmt>
		<desc>SZ Bad, Bismarkturm, Irenenstr. folgen</desc>
		<src>Niedersächsische Landesforsten</src>
	</wpt>
	<wpt lat="51.980405919788687" lon="10.321187417597205">
		<name>GS-172</name>
		<cmt>L 500, Waldrand ca. 1,0 km westl. v. "Haarhof" bei km 4,3</cmt>
		<desc>L 500, Waldrand ca. 1,0 km westl. v. "Haarhof" bei km 4,3</desc>
		<src>Niedersächsische Landesforsten</src>
	</wpt>
	<wpt lat="52.306357712526498" lon="9.3910945563605122">
		<name>SHG-030</name>
		<cmt>LS Warnamt Rodenberg</cmt>
		<desc>LS Warnamt Rodenberg</desc>
		<src>Niedersächsische Landesforsten</src>
	</wpt>
	<wpt lat="51.52480387470672" lon="9.7952505040846187">
		<name>GÖ-101H</name>
		<cmt>Gemeindehaus Ossenfeld</cmt>
		<desc>Gemeindehaus Ossenfeld</desc>
		<src>Niedersächsische Landesforsten</src>
	</wpt>
	<wpt lat="52.268760981779515" lon="9.4848090833602861">
		<name>H-117</name>
		<cmt>V HoheWarte</cmt>
		<desc>V HoheWarte</desc>
		<src>Niedersächsische Landesforsten</src>
	</wpt>
	<wpt lat="51.495842727904467" lon="9.9880689324887708">
		<name>GÖ-323</name>
		<cmt>Geismar &amp;gt; Kl. Lengden, nach 2 km Waldeingang links, Eichbach</cmt>
		<desc>Geismar &amp;gt; Kl. Lengden, nach 2 km Waldeingang links, Eichbach</desc>
		<src>Niedersächsische Landesforsten</src>
	</wpt>
	<wpt lat="51.668170117989398" lon="10.139431172548445">
		<name>OHA-710</name>
		<cmt>Lindau, Schützenalee, Albrechtshäuser Weg, 200m nach Bahngleisen Feldweg rechts</cmt>
		<desc>Lindau, Schützenalee, Albrechtshäuser Weg, 200m nach Bahngleisen Feldweg rechts</desc>
		<src>Niedersächsische Landesforsten</src>
	</wpt>
	<wpt lat="51.577173897678783" lon="10.093601534038225">
		<name>GÖ-355</name>
		<cmt>B27 &amp;gt; B446, Ebergötzen &amp;gt; Holzerode nach Norden, nach 1,6 km rechts</cmt>
		<desc>B27 &amp;gt; B446, Ebergötzen &amp;gt; Holzerode nach Norden, nach 1,6 km rechts</desc>
		<src>Niedersächsische Landesforsten</src>
	</wpt>
	<wpt lat="51.676063805012433" lon="10.209014133712524">
		<name>OHA-716</name>
		<cmt>L523 Ortseingang Schwiegershausen im W</cmt>
		<desc>L523 Ortseingang Schwiegershausen im W</desc>
		<src>Niedersächsische Landesforsten</src>
	</wpt>
	<wpt lat="51.562243765999703" lon="9.9618390527533673">
		<name>GÖ-362</name>
		<cmt>Göttingen, Eingang Billingshäuser Schlucht, Parkplatz</cmt>
		<desc>Göttingen, Eingang Billingshäuser Schlucht, Parkplatz</desc>
		<src>Niedersächsische Landesforsten</src>
	</wpt>
	<wpt lat="53.242912652876484" lon="10.785490398107465">
		<name>LG-041</name>
		<cmt>L 231 Barskamp Kirche</cmt>
		<desc>L 231 Barskamp Kirche</desc>
		<src>Niedersächsische Landesforsten</src>
	</wpt>
	<wpt lat="52.446567946184572" lon="8.3673275280956201">
		<name>DH-6</name>
		<cmt>Haldener Str. / Auf dem Schilde</cmt>
		<desc>Haldener Str. / Auf dem Schilde</desc>
		<src>Niedersächsische Landesforsten</src>
	</wpt>
	<wpt lat="52.586892733065866" lon="7.7406171824889549">
		<name>OS-87</name>
		<cmt>Berger Str. (L102) / Asterlohweg</cmt>
		<desc>Berger Str. (L102) / Asterlohweg</desc>
		<src>Niedersächsische Landesforsten</src>
	</wpt>
	<wpt lat="52.60536016507632" lon="7.7110881390280257">
		<name>OS-88</name>
		<cmt>Lingener Straße (nähe der alten Ziegelei)</cmt>
		<desc>Lingener Straße (nähe der alten Ziegelei)</desc>
		<src>Niedersächsische Landesforsten</src>
	</wpt>
	<wpt lat="52.355189944524398" lon="7.2560905066014616">
		<name>EL-1</name>
		<cmt>Heidfeld Euregiostraße</cmt>
		<desc>Heidfeld Euregiostraße</desc>
		<src>Niedersächsische Landesforsten</src>
	</wpt>
	<wpt lat="53.037160628502505" lon="8.2712642167856245">
		<name>OL-028</name>
		<cmt>Einmündung Str. "Am Waldesrand" in "Einhornweg"</cmt>
		<desc>Einmündung Str. "Am Waldesrand" in "Einhornweg"</desc>
		<src>Niedersächsische Landesforsten</src>
	</wpt>
	<wpt lat="52.501525571041384" lon="7.5505484371557863">
		<name>EL-10</name>
		<cmt>Schwimmbad Freren Zu den Hünensteinen</cmt>
		<desc>Schwimmbad Freren Zu den Hünensteinen</desc>
		<src>Niedersächsische Landesforsten</src>
	</wpt>
	<wpt lat="52.512782913499464" lon="7.552321919781817">
		<name>EL-11</name>
		<cmt>Sunderberg (L 66) / Holländerweg</cmt>
		<desc>Sunderberg (L 66) / Holländerweg</desc>
		<src>Niedersächsische Landesforsten</src>
	</wpt>
	<wpt lat="53.047639265829304" lon="8.1483815860351854">
		<name>OL-024</name>
		<cmt>Einfahrt Standort - Schießanlage an der Str. "Zum Schießstand"</cmt>
		<desc>Einfahrt Standort - Schießanlage an der Str. "Zum Schießstand"</desc>
		<src>Niedersächsische Landesforsten</src>
	</wpt>
	<wpt lat="53.025914813693909" lon="8.1361895868920477">
		<name>OL-025</name>
		<cmt>Kreuzung "Reethoopsdamm"-"Münsterscher Damm"</cmt>
		<desc>Kreuzung "Reethoopsdamm"-"Münsterscher Damm"</desc>
		<src>Niedersächsische Landesforsten</src>
	</wpt>
	<wpt lat="53.037463175916564" lon="8.2069621622383959">
		<name>OL-026</name>
		<cmt>Einmündung der Str. "Zur Försterei" in L 870</cmt>
		<desc>Einmündung der Str. "Zur Försterei" in L 870</desc>
		<src>Niedersächsische Landesforsten</src>
	</wpt>
	<wpt lat="53.041244217211407" lon="8.2780990949248885">
		<name>OL-027</name>
		<cmt>Parkplatz Steile Wand, Einmündung der Str. "Mehrenkampsweg" in Str. "Hatter Weg"</cmt>
		<desc>Parkplatz Steile Wand, Einmündung der Str. "Mehrenkampsweg" in Str. "Hatter Weg"</desc>
		<src>Niedersächsische Landesforsten</src>
	</wpt>
	<wpt lat="53.037529093633246" lon="8.2929532828636585">
		<name>OL-029</name>
		<cmt>Einfahrt "Rübezahlweg" in Str. " Hatter Weg"</cmt>
		<desc>Einfahrt "Rübezahlweg" in Str. " Hatter Weg"</desc>
		<src>Niedersächsische Landesforsten</src>
	</wpt>
	<wpt lat="53.002152845346259" lon="8.2258694020600611">
		<name>OL-034</name>
		<cmt>"Grenzweg"-"Voßbergweg"</cmt>
		<desc>"Grenzweg"-"Voßbergweg"</desc>
		<src>Niedersächsische Landesforsten</src>
	</wpt>
	<wpt lat="52.998233740009731" lon="8.26396855711873">
		<name>OL-035</name>
		<cmt>"Westerburger Weg"-"Birkenallee"</cmt>
		<desc>"Westerburger Weg"-"Birkenallee"</desc>
		<src>Niedersächsische Landesforsten</src>
	</wpt>
	<wpt lat="52.987687720301494" lon="8.2135200414090885">
		<name>OL-036</name>
		<cmt>Westlicher Waldrand (K 337, Km 26,8)</cmt>
		<desc>Westlicher Waldrand (K 337, Km 26,8)</desc>
		<src>Niedersächsische Landesforsten</src>
	</wpt>
	<wpt lat="51.51800293694879" lon="9.9791295510382128">
		<name>GÖ-324</name>
		<cmt>Geismar Ost, Schöneberger Str., Waldeingang</cmt>
		<desc>Geismar Ost, Schöneberger Str., Waldeingang</desc>
		<src>Niedersächsische Landesforsten</src>
	</wpt>
	<wpt lat="51.505967082710676" lon="10.126952167838089">
		<name>GÖ-329</name>
		<cmt>K11 &amp;gt; K13, Sattenhausen &amp;gt; Desingerode, nach 1,9 km links</cmt>
		<desc>K11 &amp;gt; K13, Sattenhausen &amp;gt; Desingerode, nach 1,9 km links</desc>
		<src>Niedersächsische Landesforsten</src>
	</wpt>
	<wpt lat="51.53871435370057" lon="10.107595117364886">
		<name>GÖ-332</name>
		<cmt>L547 Landolfshausen, 100 m nach Abzweig &amp;gt; Seulingen, "Unterdorf/ Trift"</cmt>
		<desc>L547 Landolfshausen, 100 m nach Abzweig &amp;gt; Seulingen, "Unterdorf/ Trift"</desc>
		<src>Niedersächsische Landesforsten</src>
	</wpt>
	<wpt lat="51.489678205962534" lon="10.002405663791595">
		<name>GÖ-335</name>
		<cmt>L569 &amp;gt; K21 Umgehung Kl. Lengden &amp;gt; Diemarden, 500 m nach Abfahrt</cmt>
		<desc>L569 &amp;gt; K21 Umgehung Kl. Lengden &amp;gt; Diemarden, 500 m nach Abfahrt</desc>
		<src>Niedersächsische Landesforsten</src>
	</wpt>
	<wpt lat="52.123375551545713" lon="10.323907910255251">
		<name>SZ-003</name>
		<cmt>SZ Salder, Forstweg 112, Ende der Strasse am Waldeingang</cmt>
		<desc>SZ Salder, Forstweg 112, Ende der Strasse am Waldeingang</desc>
		<src>Niedersächsische Landesforsten</src>
	</wpt>
	<wpt lat="52.047209654981337" lon="10.360183940081331">
		<name>SZ-012</name>
		<cmt>SZ Bad, Gallbergstr. am Getränkemarkt Kozlik</cmt>
		<desc>SZ Bad, Gallbergstr. am Getränkemarkt Kozlik</desc>
		<src>Niedersächsische Landesforsten</src>
	</wpt>
	<wpt lat="52.055345775229519" lon="10.35991046471913">
		<name>SZ-011</name>
		<cmt>SZ Bad Jahnstr., vor dem MTV Heim</cmt>
		<desc>SZ Bad Jahnstr., vor dem MTV Heim</desc>
		<src>Niedersächsische Landesforsten</src>
	</wpt>
	<wpt lat="52.286817642114123" lon="9.4000920039898066">
		<name>SHG-029</name>
		<cmt>Feggendorf</cmt>
		<desc>Feggendorf</desc>
		<src>Niedersächsische Landesforsten</src>
	</wpt>
	<wpt lat="52.091292244004684" lon="9.9149697764697233">
		<name>HI-015</name>
		<cmt>Diekholzen, Parkplatz südl. Ortsausgang</cmt>
		<desc>Diekholzen, Parkplatz südl. Ortsausgang</desc>
		<src>Niedersächsische Landesforsten</src>
	</wpt>
	<wpt lat="52.120787430572953" lon="10.291827790433803">
		<name>SZ-004</name>
		<cmt>K1 Lichtenberg/Altenhagen(Parkplatz unterhalb der Burg Lichtenberg)</cmt>
		<desc>K1 Lichtenberg/Altenhagen(Parkplatz unterhalb der Burg Lichtenberg)</desc>
		<src>Niedersächsische Landesforsten</src>
	</wpt>
	<wpt lat="52.113746374423805" lon="10.27675314645829">
		<name>SZ-005</name>
		<cmt>K1/K2 Lichtenberg/Oelber (Abzweig Burgbergstr./Zu den Specken)</cmt>
		<desc>K1/K2 Lichtenberg/Oelber (Abzweig Burgbergstr./Zu den Specken)</desc>
		<src>Niedersächsische Landesforsten</src>
	</wpt>
	<wpt lat="52.119799846805449" lon="10.225682395594518">
		<name>WF-016</name>
		<cmt>A 39, Anschlussstelle Westerlinde Südseite (Parkplatz Rasthaus Meine)</cmt>
		<desc>A 39, Anschlussstelle Westerlinde Südseite (Parkplatz Rasthaus Meine)</desc>
		<src>Niedersächsische Landesforsten</src>
	</wpt>
	<wpt lat="52.924435358850019" lon="8.6279233882381785">
		<name>OL-065</name>
		<cmt>Hotel Rogge Dünsen</cmt>
		<desc>Hotel Rogge Dünsen</desc>
		<src>Niedersächsische Landesforsten</src>
	</wpt>
	<wpt lat="52.923989567861142" lon="8.6375655745274731">
		<name>OL-066</name>
		<cmt>Straße "Langen Tal" an der Fußgängerampel</cmt>
		<desc>Straße "Langen Tal" an der Fußgängerampel</desc>
		<src>Niedersächsische Landesforsten</src>
	</wpt>
	<wpt lat="52.839607197715786" lon="7.5321271325644599">
		<name>EL-38</name>
		<cmt>Schloß Clemenswerth Werlter Str. / Schlaunallee</cmt>
		<desc>Schloß Clemenswerth Werlter Str. / Schlaunallee</desc>
		<src>Niedersächsische Landesforsten</src>
	</wpt>
	<wpt lat="53.028425776143557" lon="7.323741649320505">
		<name>EL-36</name>
		<cmt>Herbrum Meppenerstr. (B70) / Zur Wehr</cmt>
		<desc>Herbrum Meppenerstr. (B70) / Zur Wehr</desc>
		<src>Niedersächsische Landesforsten</src>
	</wpt>
	<wpt lat="53.0632918407387" lon="7.4123980924260024">
		<name>EL-37</name>
		<cmt>Papenburg Rheiderland-Dammstr. (L51) / Gutshofstr.</cmt>
		<desc>Papenburg Rheiderland-Dammstr. (L51) / Gutshofstr.</desc>
		<src>Niedersächsische Landesforsten</src>
	</wpt>
	<wpt lat="52.914387882726615" lon="8.8417345540898165">
		<name>DH-013</name>
		<cmt>Abzweigung "Waldstr." / "Okeler Str.", Parkplatz Deutsche Eiche</cmt>
		<desc>Abzweigung "Waldstr." / "Okeler Str.", Parkplatz Deutsche Eiche</desc>
		<src>Niedersächsische Landesforsten</src>
	</wpt>
	<wpt lat="52.949243942545131" lon="8.7237079007883942">
		<name>DH-010</name>
		<cmt>Sportplatz an der "Warwer Str."</cmt>
		<desc>Sportplatz an der "Warwer Str."</desc>
		<src>Niedersächsische Landesforsten</src>
	</wpt>
	<wpt lat="52.919956682508314" lon="8.8281423934026559">
		<name>DH-011</name>
		<cmt>Parkstreifen vor dem Kreismuseum</cmt>
		<desc>Parkstreifen vor dem Kreismuseum</desc>
		<src>Niedersächsische Landesforsten</src>
	</wpt>
	<wpt lat="52.916813150509093" lon="8.7345343469961811">
		<name>DH-012</name>
		<cmt>"Fesenfelder Str."</cmt>
		<desc>"Fesenfelder Str."</desc>
		<src>Niedersächsische Landesforsten</src>
	</wpt>
	<wpt lat="52.910129236617038" lon="8.8586619655092456">
		<name>DH-014</name>
		<cmt>"Schnepker Str." Parkbucht</cmt>
		<desc>"Schnepker Str." Parkbucht</desc>
		<src>Niedersächsische Landesforsten</src>
	</wpt>
	<wpt lat="52.904890665005773" lon="8.7758987293227637">
		<name>DH-015</name>
		<cmt>Ehemlige Jugendherberge Syke</cmt>
		<desc>Ehemlige Jugendherberge Syke</desc>
		<src>Niedersächsische Landesforsten</src>
	</wpt>
	<wpt lat="52.989503094653756" lon="8.2367334327158108">
		<name>OL-037</name>
		<cmt>"Zum Döhler Wehe" (Kreuzung)(K 337, Km 25,2)</cmt>
		<desc>"Zum Döhler Wehe" (Kreuzung)(K 337, Km 25,2)</desc>
		<src>Niedersächsische Landesforsten</src>
	</wpt>
	<wpt lat="52.876218883625135" lon="8.4540715604118226">
		<name>OL-053</name>
		<cmt>Parkplatz am Pestruper Gräberfeld</cmt>
		<desc>Parkplatz am Pestruper Gräberfeld</desc>
		<src>Niedersächsische Landesforsten</src>
	</wpt>
	<wpt lat="52.900545029158906" lon="8.4706737639985263">
		<name>OL-057</name>
		<cmt>"Harpstedter Str." Abzweigung "Reckumer Str."</cmt>
		<desc>"Harpstedter Str." Abzweigung "Reckumer Str."</desc>
		<src>Niedersächsische Landesforsten</src>
	</wpt>
	<wpt lat="51.604383709460905" lon="10.126965996105987">
		<name>GÖ-359</name>
		<cmt>L523&amp;gt;&amp;gt; K102 Ortsausgang Bodensee im W</cmt>
		<desc>L523&amp;gt;&amp;gt; K102 Ortsausgang Bodensee im W</desc>
		<src>Niedersächsische Landesforsten</src>
	</wpt>
	<wpt lat="51.561896038874998" lon="9.9469657493498147">
		<name>GÖ-361</name>
		<cmt>Göttingen, Otto-Hahn-Straße, Parkplatz Polizei Nord</cmt>
		<desc>Göttingen, Otto-Hahn-Straße, Parkplatz Polizei Nord</desc>
		<src>Niedersächsische Landesforsten</src>
	</wpt>
	<wpt lat="51.59602090275844" lon="10.042783297129327">
		<name>GÖ-368</name>
		<cmt>B446 Billingshausen, 500 m nach Abzweig Spanbeck rechts</cmt>
		<desc>B446 Billingshausen, 500 m nach Abzweig Spanbeck rechts</desc>
		<src>Niedersächsische Landesforsten</src>
	</wpt>
	<wpt lat="51.59718417023052" lon="9.9684223389425313">
		<name>GÖ-364</name>
		<cmt>K1 &amp;gt; Plessestraße, Plesseburgparkplatz</cmt>
		<desc>K1 &amp;gt; Plessestraße, Plesseburgparkplatz</desc>
		<src>Niedersächsische Landesforsten</src>
	</wpt>
	<wpt lat="51.602551349535858" lon="10.001668763398493">
		<name>GÖ-366</name>
		<cmt>B446 Reyershausen &amp;gt; Billingshausen, 400m nach Ortsausgang rechts, Erdfallenweg</cmt>
		<desc>B446 Reyershausen &amp;gt; Billingshausen, 400m nach Ortsausgang rechts, Erdfallenweg</desc>
		<src>Niedersächsische Landesforsten</src>
	</wpt>
	<wpt lat="51.597763282055979" lon="10.021639528179911">
		<name>GÖ-367</name>
		<cmt>B446 Billingshausen Ortsmitte, Reekenweg rechts</cmt>
		<desc>B446 Billingshausen Ortsmitte, Reekenweg rechts</desc>
		<src>Niedersächsische Landesforsten</src>
	</wpt>
	<wpt lat="52.450893802182932" lon="10.068843416347562">
		<name>H-141</name>
		<cmt>B 188 Trimm dich Parkplatz Burgdorfer Holz</cmt>
		<desc>B 188 Trimm dich Parkplatz Burgdorfer Holz</desc>
		<src>Niedersächsische Landesforsten</src>
	</wpt>
	<wpt lat="51.669661571288252" lon="10.292158589614912">
		<name>OHA-711</name>
		<cmt>K7, östlicher Ortsausgang Hörden, Parkplatz Friedhof</cmt>
		<desc>K7, östlicher Ortsausgang Hörden, Parkplatz Friedhof</desc>
		<src>Niedersächsische Landesforsten</src>
	</wpt>
	<wpt lat="51.481921790947446" lon="10.102916589904858">
		<name>GÖ-303</name>
		<cmt>L569 &amp;gt; K14, Rittmarshausen, Gartestraße, Kirche</cmt>
		<desc>L569 &amp;gt; K14, Rittmarshausen, Gartestraße, Kirche</desc>
		<src>Niedersächsische Landesforsten</src>
	</wpt>
	<wpt lat="51.408045730298959" lon="9.9687748401226752">
		<name>GÖ-316</name>
		<cmt>L567, Reiffenhausen, 'Am Lindenberg', alte Feuerweh/Friedhof</cmt>
		<desc>L567, Reiffenhausen, 'Am Lindenberg', alte Feuerweh/Friedhof</desc>
		<src>Niedersächsische Landesforsten</src>
	</wpt>
	<wpt lat="51.428157176958088" lon="9.9810657684094899">
		<name>GÖ-318</name>
		<cmt>B27 &amp;gt; K22, Groß Schneen &amp;gt; Ludolfshausen, nach 3,9 km Feldweg rechts</cmt>
		<desc>B27 &amp;gt; K22, Groß Schneen &amp;gt; Ludolfshausen, nach 3,9 km Feldweg rechts</desc>
		<src>Niedersächsische Landesforsten</src>
	</wpt>
	<wpt lat="51.453032543861163" lon="10.136066370808264">
		<name>GÖ-300</name>
		<cmt>Etzenborn &amp;gt; Weißenborn, Kreuzung K18/K17</cmt>
		<desc>Etzenborn &amp;gt; Weißenborn, Kreuzung K18/K17</desc>
		<src>Niedersächsische Landesforsten</src>
	</wpt>
	<wpt lat="51.466997664474924" lon="10.117296391462247">
		<name>GÖ-302</name>
		<cmt>L569, Beienrode, Kirche</cmt>
		<desc>L569, Beienrode, Kirche</desc>
		<src>Niedersächsische Landesforsten</src>
	</wpt>
	<wpt lat="52.231040522652584" lon="9.5438501610929212">
		<name>H-113</name>
		<cmt>IV Lutherheim</cmt>
		<desc>IV Lutherheim</desc>
		<src>Niedersächsische Landesforsten</src>
	</wpt>
	<wpt lat="52.210967565653775" lon="9.4819720416580093">
		<name>HM-051</name>
		<cmt>Ziegenbuche</cmt>
		<desc>Ziegenbuche</desc>
		<src>Niedersächsische Landesforsten</src>
	</wpt>
	<wpt lat="52.260202445296493" lon="9.4389123578446288">
		<name>SHG-026</name>
		<cmt>2048, Nienstedt, Lauenauer Str.</cmt>
		<desc>2048, Nienstedt, Lauenauer Str.</desc>
		<src>Niedersächsische Landesforsten</src>
	</wpt>
	<wpt lat="51.640618586918421" lon="10.700132061797211">
		<name>GS-436</name>
		<cmt>B 4 (Hohegeiß - Rothesütte), Landesgrenze, Einmündung Kunzenbachsweg (Abt. 201)</cmt>
		<desc>B 4 (Hohegeiß - Rothesütte), Landesgrenze, Einmündung Kunzenbachsweg (Abt. 201)</desc>
		<src>Niedersächsische Landesforsten</src>
	</wpt>
	<wpt lat="51.65403498736422" lon="10.683735088204848">
		<name>GS-437</name>
		<cmt>B 4 (Hohegeiß - Rothesütte), Einmündung Lampertsbergweg (Abt. 208)</cmt>
		<desc>B 4 (Hohegeiß - Rothesütte), Einmündung Lampertsbergweg (Abt. 208)</desc>
		<src>Niedersächsische Landesforsten</src>
	</wpt>
	<wpt lat="52.536451952488704" lon="10.120961365219328">
		<name>CE-014</name>
		<cmt>Dannhorstweg in Papenhorst ehem. Forsthaus Dannhorst</cmt>
		<desc>Dannhorstweg in Papenhorst ehem. Forsthaus Dannhorst</desc>
		<src>Niedersächsische Landesforsten</src>
	</wpt>
	<wpt lat="52.526171813514317" lon="10.087242966067871">
		<name>CE-015</name>
		<cmt>Elwerathstr. Einfahrt Exxon Mobil</cmt>
		<desc>Elwerathstr. Einfahrt Exxon Mobil</desc>
		<src>Niedersächsische Landesforsten</src>
	</wpt>
	<wpt lat="52.623528189106018" lon="10.118511768326387">
		<name>CE-023</name>
		<cmt>L 282 Abzweigung Häusbugenweg</cmt>
		<desc>L 282 Abzweigung Häusbugenweg</desc>
		<src>Niedersächsische Landesforsten</src>
	</wpt>
	<wpt lat="52.965325545385404" lon="8.6001930503669737">
		<name>OL-060</name>
		<cmt>Autobahn A1, Ortholzerweg</cmt>
		<desc>Autobahn A1, Ortholzerweg</desc>
		<src>Niedersächsische Landesforsten</src>
	</wpt>
	<wpt lat="51.453070554882508" lon="10.031610028766323">
		<name>GÖ-308</name>
		<cmt>Reinhausen &amp;gt; Bremke, nach 3,4 km Parkplatz  rechts</cmt>
		<desc>Reinhausen &amp;gt; Bremke, nach 3,4 km Parkplatz  rechts</desc>
		<src>Niedersächsische Landesforsten</src>
	</wpt>
	<wpt lat="52.173610189200133" lon="9.5416055764355718">
		<name>H-104</name>
		<cmt>II Morgenruhe</cmt>
		<desc>II Morgenruhe</desc>
		<src>Niedersächsische Landesforsten</src>
	</wpt>
	<wpt lat="52.186932574292399" lon="9.543918147400257">
		<name>H-105</name>
		<cmt>II Webelsgrund</cmt>
		<desc>II Webelsgrund</desc>
		<src>Niedersächsische Landesforsten</src>
	</wpt>
	<wpt lat="52.236906354441516" lon="9.5218359792951937">
		<name>H-114</name>
		<cmt>IV Köllnischfeld</cmt>
		<desc>IV Köllnischfeld</desc>
		<src>Niedersächsische Landesforsten</src>
	</wpt>
	<wpt lat="51.609103544785704" lon="10.323175475476837">
		<name>OHA-703</name>
		<cmt>L530 Südl. Ortsausgang Pöhlde &amp;gt; Rhumspringe, Sägewerk Spieß</cmt>
		<desc>L530 Südl. Ortsausgang Pöhlde &amp;gt; Rhumspringe, Sägewerk Spieß</desc>
		<src>Niedersächsische Landesforsten</src>
	</wpt>
	<wpt lat="51.572071168019782" lon="10.225895697563036">
		<name>GÖ-338</name>
		<cmt>Kreuzung B247/ K106, Rollshäuser Kreuz</cmt>
		<desc>Kreuzung B247/ K106, Rollshäuser Kreuz</desc>
		<src>Niedersächsische Landesforsten</src>
	</wpt>
	<wpt lat="51.794417563859447" lon="10.446344442932332">
		<name>GS-008</name>
		<cmt>Friedhof Altenau</cmt>
		<desc>Friedhof Altenau</desc>
		<src>Niedersächsische Landesforsten</src>
	</wpt>
	<wpt lat="51.777376431145761" lon="10.422934393513133">
		<name>GS-014</name>
		<cmt>Dammhaus</cmt>
		<desc>Dammhaus</desc>
		<src>Niedersächsische Landesforsten</src>
	</wpt>
	<wpt lat="51.89996548906138" lon="10.644160240509361">
		<name>GS-069</name>
		<cmt>Zufahrt '' Im Waldwinkel''</cmt>
		<desc>Zufahrt '' Im Waldwinkel''</desc>
		<src>Niedersächsische Landesforsten</src>
	</wpt>
	<wpt lat="51.887214912890755" lon="10.592863872969977">
		<name>GS-055</name>
		<cmt>Bushaltestelle Ottenhai</cmt>
		<desc>Bushaltestelle Ottenhai</desc>
		<src>Niedersächsische Landesforsten</src>
	</wpt>
	<wpt lat="51.859431498795246" lon="10.55405274479847">
		<name>GS-057</name>
		<cmt>Waage Gabbro Steinbruch (B 4)</cmt>
		<desc>Waage Gabbro Steinbruch (B 4)</desc>
		<src>Niedersächsische Landesforsten</src>
	</wpt>
	<wpt lat="51.760545215784362" lon="10.549703829018881">
		<name>GS-339</name>
		<cmt>B4, Parkplatz Abzweig Oderteich</cmt>
		<desc>B4, Parkplatz Abzweig Oderteich</desc>
		<src>Niedersächsische Landesforsten</src>
	</wpt>
	<wpt lat="51.775043966758325" lon="10.55149898392877">
		<name>GS-331</name>
		<cmt>Oderbrück, Parkplatz an der B4</cmt>
		<desc>Oderbrück, Parkplatz an der B4</desc>
		<src>Niedersächsische Landesforsten</src>
	</wpt>
	<wpt lat="51.764065424207011" lon="10.535604052221078">
		<name>GS-329</name>
		<cmt>B242, Parkplatz Oderteich</cmt>
		<desc>B242, Parkplatz Oderteich</desc>
		<src>Niedersächsische Landesforsten</src>
	</wpt>
	<wpt lat="51.699783438098279" lon="10.550301816521296">
		<name>GS-317</name>
		<cmt>L519 Oderhaus-Sankt Andreasberg, Abzweig Notweg</cmt>
		<desc>L519 Oderhaus-Sankt Andreasberg, Abzweig Notweg</desc>
		<src>Niedersächsische Landesforsten</src>
	</wpt>
	<wpt lat="51.689755913100889" lon="10.358252755620788">
		<name>OHA-301</name>
		<cmt>Lonau, DGH/Rangerstation</cmt>
		<desc>Lonau, DGH/Rangerstation</desc>
		<src>Niedersächsische Landesforsten</src>
	</wpt>
	<wpt lat="51.760754224258896" lon="10.512707298576853">
		<name>GS-313</name>
		<cmt>B242 Sonnenberg, Parkplatz vor Hotel "Altes Forsthaus"</cmt>
		<desc>B242 Sonnenberg, Parkplatz vor Hotel "Altes Forsthaus"</desc>
		<src>Niedersächsische Landesforsten</src>
	</wpt>
	<wpt lat="51.680144299678304" lon="10.393033405565186">
		<name>OHA-311</name>
		<cmt>Straße Herzberg-Sieber, Parkplatz Hotel Paradies</cmt>
		<desc>Straße Herzberg-Sieber, Parkplatz Hotel Paradies</desc>
		<src>Niedersächsische Landesforsten</src>
	</wpt>
	<wpt lat="51.839860185375457" lon="10.577721725968953">
		<name>GS-344</name>
		<cmt>Staumauer, Zuwegung Eckertalsperre</cmt>
		<desc>Staumauer, Zuwegung Eckertalsperre</desc>
		<src>Niedersächsische Landesforsten</src>
	</wpt>
	<wpt lat="51.669498551401176" lon="10.339382557044495">
		<name>OHA-303</name>
		<cmt>Klinik Herzberg, Waldeingang</cmt>
		<desc>Klinik Herzberg, Waldeingang</desc>
		<src>Niedersächsische Landesforsten</src>
	</wpt>
	<wpt lat="51.669044366845064" lon="10.541258217926977">
		<name>GS-320</name>
		<cmt>B27 Bad Lauterberg-Braunlage, Rolofstal</cmt>
		<desc>B27 Bad Lauterberg-Braunlage, Rolofstal</desc>
		<src>Niedersächsische Landesforsten</src>
	</wpt>
	<wpt lat="51.812753733045554" lon="10.526143046912644">
		<name>GS-333</name>
		<cmt>B 4, Torfhaus - Bad Harzburg, Parkplatz Ulmer Weg</cmt>
		<desc>B 4, Torfhaus - Bad Harzburg, Parkplatz Ulmer Weg</desc>
		<src>Niedersächsische Landesforsten</src>
	</wpt>
	<wpt lat="51.879333698762345" lon="10.58370451714581">
		<name>GS-347</name>
		<cmt>Bad Harzburg, Parkplatz Sportplatz Waldhöhe</cmt>
		<desc>Bad Harzburg, Parkplatz Sportplatz Waldhöhe</desc>
		<src>Niedersächsische Landesforsten</src>
	</wpt>
	<wpt lat="52.912040535494384" lon="7.951372099894094">
		<name>CLP-013</name>
		<cmt>Parkplatz "Hotel Dreibrücken"</cmt>
		<desc>Parkplatz "Hotel Dreibrücken"</desc>
		<src>Niedersächsische Landesforsten</src>
	</wpt>
	<wpt lat="52.425017143556261" lon="7.9157201891150208">
		<name>OS-56</name>
		<cmt>Parkplatz Stuckhau / Friedwald Gehnstraße (K165)</cmt>
		<desc>Parkplatz Stuckhau / Friedwald Gehnstraße (K165)</desc>
		<src>Niedersächsische Landesforsten</src>
	</wpt>
	<wpt lat="52.924364826035458" lon="8.5087412139933765">
		<name>OL-054</name>
		<cmt>Einmündung Simmerhauser Str. / Rundebusch Nr. 2 u. 4</cmt>
		<desc>Einmündung Simmerhauser Str. / Rundebusch Nr. 2 u. 4</desc>
		<src>Niedersächsische Landesforsten</src>
	</wpt>
	<wpt lat="52.720661386364469" lon="7.1782899029394223">
		<name>EL-29</name>
		<cmt>Meppener Str. (B402) / Nord-Süd-Str. (K225)</cmt>
		<desc>Meppener Str. (B402) / Nord-Süd-Str. (K225)</desc>
		<src>Niedersächsische Landesforsten</src>
	</wpt>
	<wpt lat="52.758482469188806" lon="7.167501580970673">
		<name>EL-30</name>
		<cmt>Wierescher Str. (K228) / Forststr. (K226)</cmt>
		<desc>Wierescher Str. (K228) / Forststr. (K226)</desc>
		<src>Niedersächsische Landesforsten</src>
	</wpt>
	<wpt lat="52.946982993259638" lon="7.866547296284601">
		<name>CLP-009</name>
		<cmt>Ehemalige Rfö Markhausen</cmt>
		<desc>Ehemalige Rfö Markhausen</desc>
		<src>Niedersächsische Landesforsten</src>
	</wpt>
	<wpt lat="52.942499099831679" lon="7.8953965761256732">
		<name>CLP-010</name>
		<cmt>Parkplatz "Gaststätte Schöning"</cmt>
		<desc>Parkplatz "Gaststätte Schöning"</desc>
		<src>Niedersächsische Landesforsten</src>
	</wpt>
	<wpt lat="52.920222045977638" lon="7.8904556284231822">
		<name>CLP-012</name>
		<cmt>Wasserwerk Augustendorf</cmt>
		<desc>Wasserwerk Augustendorf</desc>
		<src>Niedersächsische Landesforsten</src>
	</wpt>
	<wpt lat="52.882121527610536" lon="7.9099006677090236">
		<name>CLP-014</name>
		<cmt>Ortsmitte Dwergte, "Gaststätte Hochhartz"</cmt>
		<desc>Ortsmitte Dwergte, "Gaststätte Hochhartz"</desc>
		<src>Niedersächsische Landesforsten</src>
	</wpt>
	<wpt lat="52.878366564078235" lon="8.0396871472712412">
		<name>CLP-017</name>
		<cmt>Parkplatz Käseweg am "Garreler Weg"</cmt>
		<desc>Parkplatz Käseweg am "Garreler Weg"</desc>
		<src>Niedersächsische Landesforsten</src>
	</wpt>
	<wpt lat="52.788200857888199" lon="7.8467505054140663">
		<name>CLP-018</name>
		<cmt>Parkplatz westlich von Lastrup, nördlich der Bundesstraße 213</cmt>
		<desc>Parkplatz westlich von Lastrup, nördlich der Bundesstraße 213</desc>
		<src>Niedersächsische Landesforsten</src>
	</wpt>
	<wpt lat="52.754282760707454" lon="7.7606449312239496">
		<name>CLP-019</name>
		<cmt>Parkplatz "Linderner Str."</cmt>
		<desc>Parkplatz "Linderner Str."</desc>
		<src>Niedersächsische Landesforsten</src>
	</wpt>
	<wpt lat="52.728969795046758" lon="7.7390370561240251">
		<name>CLP-023</name>
		<cmt>Parkplatz Waldlehrpfad</cmt>
		<desc>Parkplatz Waldlehrpfad</desc>
		<src>Niedersächsische Landesforsten</src>
	</wpt>
	<wpt lat="51.711110767921383" lon="10.266534694668886">
		<name>OHA-545</name>
		<cmt>Stadtforst Osterode, Kreuzung Hohe Straße/An der Pfahlbreite</cmt>
		<desc>Stadtforst Osterode, Kreuzung Hohe Straße/An der Pfahlbreite</desc>
		<src>Niedersächsische Landesforsten</src>
	</wpt>
	<wpt lat="52.006134800328866" lon="10.003785841362166">
		<name>HI-108</name>
		<cmt>Eversen, Ortsmitt, Feuerwehrhaus</cmt>
		<desc>Eversen, Ortsmitt, Feuerwehrhaus</desc>
		<src>Niedersächsische Landesforsten</src>
	</wpt>
	<wpt lat="52.015549426385228" lon="9.978637498627144">
		<name>HI-109</name>
		<cmt>Ortsausgang Sehlem (L490) Richtung Bodenburg</cmt>
		<desc>Ortsausgang Sehlem (L490) Richtung Bodenburg</desc>
		<src>Niedersächsische Landesforsten</src>
	</wpt>
	<wpt lat="51.982240370431718" lon="9.933478901752812">
		<name>HI-113</name>
		<cmt>Immenseul Ortsausgang Richtung Grillhütte</cmt>
		<desc>Immenseul Ortsausgang Richtung Grillhütte</desc>
		<src>Niedersächsische Landesforsten</src>
	</wpt>
	<wpt lat="51.644099128922974" lon="10.313745355183446">
		<name>OHA-705</name>
		<cmt>B27 Herzberg &amp;gt; Gieboldeh., 1,4Km nach Ortsausgangsschild Herzberg  rechts</cmt>
		<desc>B27 Herzberg &amp;gt; Gieboldeh., 1,4Km nach Ortsausgangsschild Herzberg  rechts</desc>
		<src>Niedersächsische Landesforsten</src>
	</wpt>
	<wpt lat="51.651478835770966" lon="10.235698292837251">
		<name>OHA-708</name>
		<cmt>K6, Hattorf &amp;gt; Wulften, Abzweig Bachstraße</cmt>
		<desc>K6, Hattorf &amp;gt; Wulften, Abzweig Bachstraße</desc>
		<src>Niedersächsische Landesforsten</src>
	</wpt>
	<wpt lat="51.595057383839553" lon="10.065120663445871">
		<name>GÖ-356</name>
		<cmt>K3 Holzerode, Ortsmitte, Bushaltestelle</cmt>
		<desc>K3 Holzerode, Ortsmitte, Bushaltestelle</desc>
		<src>Niedersächsische Landesforsten</src>
	</wpt>
	<wpt lat="51.596763861153583" lon="10.073192379178765">
		<name>GÖ-357</name>
		<cmt>K3 Holzerode, Waldeingang nahe östl. Ortsrand, "Butterberg"</cmt>
		<desc>K3 Holzerode, Waldeingang nahe östl. Ortsrand, "Butterberg"</desc>
		<src>Niedersächsische Landesforsten</src>
	</wpt>
	<wpt lat="51.60012142537456" lon="9.9891293464722182">
		<name>GÖ-365</name>
		<cmt>Reyershausen Schwimmbad, Borntalstraße</cmt>
		<desc>Reyershausen Schwimmbad, Borntalstraße</desc>
		<src>Niedersächsische Landesforsten</src>
	</wpt>
	<wpt lat="51.973344307192036" lon="10.065736360125506">
		<name>HI-103</name>
		<cmt>Ortsausgang Ammenhausen Richtung Neuhhof (K239)</cmt>
		<desc>Ortsausgang Ammenhausen Richtung Neuhhof (K239)</desc>
		<src>Niedersächsische Landesforsten</src>
	</wpt>
	<wpt lat="51.947645811108842" lon="10.120921889511676">
		<name>GS-163</name>
		<cmt>Rhüden, L 466 Lamspringer Straße Abzweig "In der Marsch",markante Bergwerkslore</cmt>
		<desc>Rhüden, L 466 Lamspringer Straße Abzweig "In der Marsch",markante Bergwerkslore</desc>
		<src>Niedersächsische Landesforsten</src>
	</wpt>
	<wpt lat="52.01822352360918" lon="10.420877745431483">
		<name>GS-802</name>
		<cmt>Liebenburg, Gitterweg, Parkplatz Schulzentrum</cmt>
		<desc>Liebenburg, Gitterweg, Parkplatz Schulzentrum</desc>
		<src>Niedersächsische Landesforsten</src>
	</wpt>
	<wpt lat="52.331702553028876" lon="9.3989065748282368">
		<name>SHG-031</name>
		<cmt>B65-Mooshuette</cmt>
		<desc>B65-Mooshuette</desc>
		<src>Niedersächsische Landesforsten</src>
	</wpt>
	<wpt lat="52.115062244378308" lon="9.9038692764084022">
		<name>HI-011</name>
		<cmt>Hidesheim Marienroderstr. Orstsausgangsschild Richt. Marienrode</cmt>
		<desc>Hidesheim Marienroderstr. Orstsausgangsschild Richt. Marienrode</desc>
		<src>Niedersächsische Landesforsten</src>
	</wpt>
	<wpt lat="52.103217415207368" lon="9.9180523151635818">
		<name>HI-014</name>
		<cmt>L 460 Einfahrt zum Hildesheimer Aussichtsturm</cmt>
		<desc>L 460 Einfahrt zum Hildesheimer Aussichtsturm</desc>
		<src>Niedersächsische Landesforsten</src>
	</wpt>
	<wpt lat="52.144074349563844" lon="9.9098683338012723">
		<name>HI-005</name>
		<cmt>Hildesheim, Rottsberg am Abzweig Schirrmannsweg</cmt>
		<desc>Hildesheim, Rottsberg am Abzweig Schirrmannsweg</desc>
		<src>Niedersächsische Landesforsten</src>
	</wpt>
	<wpt lat="52.145612634019855" lon="9.9275830059841805">
		<name>HI-006</name>
		<cmt>Hildesheim Am Berghölzchen, unterer Hotelparkplatz</cmt>
		<desc>Hildesheim Am Berghölzchen, unterer Hotelparkplatz</desc>
		<src>Niedersächsische Landesforsten</src>
	</wpt>
	<wpt lat="52.14179221188445" lon="9.9766067912405241">
		<name>HI-007</name>
		<cmt>Hildesheim Galgenberg, Restaurant</cmt>
		<desc>Hildesheim Galgenberg, Restaurant</desc>
		<src>Niedersächsische Landesforsten</src>
	</wpt>
	<wpt lat="52.131007360364109" lon="10.067830650163778">
		<name>HI-023</name>
		<cmt>B6 Km 8,8; Wendhausen östl. Ortseingang</cmt>
		<desc>B6 Km 8,8; Wendhausen östl. Ortseingang</desc>
		<src>Niedersächsische Landesforsten</src>
	</wpt>
	<wpt lat="52.308469603640027" lon="9.4395458454005077">
		<name>H-122</name>
		<cmt>VI Höhenluft</cmt>
		<desc>VI Höhenluft</desc>
		<src>Niedersächsische Landesforsten</src>
	</wpt>
	<wpt lat="52.001135323920799" lon="10.44106497480985">
		<name>GS-803</name>
		<cmt>L 510, Km12,7  Gr. Döhren/Liebenburg, nördl. Ortseingang Gr. D÷hren</cmt>
		<desc>L 510, Km12,7  Gr. Döhren/Liebenburg, nördl. Ortseingang Gr. D÷hren</desc>
		<src>Niedersächsische Landesforsten</src>
	</wpt>
	<wpt lat="51.997678343510096" lon="10.2227619004882">
		<name>GS-171</name>
		<cmt>L 500, km 5,0, Bodenstein,  Orstmitte Feuerlöschteich</cmt>
		<desc>L 500, km 5,0, Bodenstein,  Orstmitte Feuerlöschteich</desc>
		<src>Niedersächsische Landesforsten</src>
	</wpt>
	<wpt lat="52.104719244491271" lon="9.894391924453398">
		<name>HI-012</name>
		<cmt>Hildesheimer Aussichtsturm</cmt>
		<desc>Hildesheimer Aussichtsturm</desc>
		<src>Niedersächsische Landesforsten</src>
	</wpt>
	<wpt lat="52.011633879589596" lon="10.261410480627202">
		<name>GS-800</name>
		<cmt>L496   Km2,7 Neuwallmoden Feuerwehrgerätehaus</cmt>
		<desc>L496   Km2,7 Neuwallmoden Feuerwehrgerätehaus</desc>
		<src>Niedersächsische Landesforsten</src>
	</wpt>
	<wpt lat="52.888175029012828" lon="10.971814869680854">
		<name>DAN-075</name>
		<cmt>Aus Salzwedel über B71 kommend am Ortseingang Bergen linke Seite Zufahrt Campingplatz</cmt>
		<desc>Aus Salzwedel über B71 kommend am Ortseingang Bergen linke Seite Zufahrt Campingplatz</desc>
		<src>Niedersächsische Landesforsten</src>
	</wpt>
	<wpt lat="51.6523170345599" lon="10.3244343753463">
		<name>OHA-706</name>
		<cmt>Herzberg, 'Am Weinberg', Richtung Schloss, bergauf bis zum Feld</cmt>
		<desc>Herzberg, 'Am Weinberg', Richtung Schloss, bergauf bis zum Feld</desc>
		<src>Niedersächsische Landesforsten</src>
	</wpt>
	<wpt lat="51.610588656841102" lon="10.210416872419581">
		<name>GÖ-343</name>
		<cmt>B27, Gieboldehausen &amp;gt; Herzberg, Am Schützenplatz, Hotel Niedersachsenhof</cmt>
		<desc>B27, Gieboldehausen &amp;gt; Herzberg, Am Schützenplatz, Hotel Niedersachsenhof</desc>
		<src>Niedersächsische Landesforsten</src>
	</wpt>
	<wpt lat="51.655411186068314" lon="10.173411203716338">
		<name>OHA-715</name>
		<cmt>L523 Wulften &amp;gt; Bilshausen,Abzweig vor Firma Reifen Ehrhardt</cmt>
		<desc>L523 Wulften &amp;gt; Bilshausen,Abzweig vor Firma Reifen Ehrhardt</desc>
		<src>Niedersächsische Landesforsten</src>
	</wpt>
	<wpt lat="51.55265634716919" lon="10.058648549085271">
		<name>GÖ-346</name>
		<cmt>südlicher Ortsausgang Waake, K8 &amp;gt; Mackenrode, 1. Weg links</cmt>
		<desc>südlicher Ortsausgang Waake, K8 &amp;gt; Mackenrode, 1. Weg links</desc>
		<src>Niedersächsische Landesforsten</src>
	</wpt>
	<wpt lat="51.579270123371678" lon="9.9966555382525346">
		<name>GÖ-350</name>
		<cmt>Nikolausberg, vorbei am Sender zur Nikolausberger Warte</cmt>
		<desc>Nikolausberg, vorbei am Sender zur Nikolausberger Warte</desc>
		<src>Niedersächsische Landesforsten</src>
	</wpt>
	<wpt lat="51.62155701419163" lon="9.948397275736184">
		<name>GÖ-369</name>
		<cmt>B446 Nörten-Hardenberg &amp;gt; Reyershausen, 0,4 km nach Ortsausgang rechts</cmt>
		<desc>B446 Nörten-Hardenberg &amp;gt; Reyershausen, 0,4 km nach Ortsausgang rechts</desc>
		<src>Niedersächsische Landesforsten</src>
	</wpt>
	<wpt lat="51.599570530240825" lon="9.9453797938964161">
		<name>GÖ-370</name>
		<cmt>K1 Eddigehausen Rauschenwasser, Sportplatz</cmt>
		<desc>K1 Eddigehausen Rauschenwasser, Sportplatz</desc>
		<src>Niedersächsische Landesforsten</src>
	</wpt>
	<wpt lat="51.955697211654133" lon="10.081363522058927">
		<name>GS-160</name>
		<cmt>L466, nordwestl. v. Rhüden, Landkreisgrenze HI / GS,  Waldparkplatz</cmt>
		<desc>L466, nordwestl. v. Rhüden, Landkreisgrenze HI / GS,  Waldparkplatz</desc>
		<src>Niedersächsische Landesforsten</src>
	</wpt>
	<wpt lat="51.8764292572478" lon="10.130175343509373">
		<name>GS-156</name>
		<cmt>Pendlerparkplatz zwischen B 243 und Engelade</cmt>
		<desc>Pendlerparkplatz zwischen B 243 und Engelade</desc>
		<src>Niedersächsische Landesforsten</src>
	</wpt>
	<wpt lat="51.690614347723596" lon="10.293131896849447">
		<name>OHA-712</name>
		<cmt>Herzberger Landstraße, Abzweig Düna, nach 200m Parkplatz Friedhof</cmt>
		<desc>Herzberger Landstraße, Abzweig Düna, nach 200m Parkplatz Friedhof</desc>
		<src>Niedersächsische Landesforsten</src>
	</wpt>
	<wpt lat="52.071847975312153" lon="10.378979221188366">
		<name>SZ-008</name>
		<cmt>SZ-Bad, Einfahrt städt. Bauhof Süd</cmt>
		<desc>SZ-Bad, Einfahrt städt. Bauhof Süd</desc>
		<src>Niedersächsische Landesforsten</src>
	</wpt>
	<wpt lat="51.620025270362753" lon="10.255470392353809">
		<name>OHA-714</name>
		<cmt>Gieboldehausen &amp;gt; Herzberg nach 2,6 km Parkplatz, links</cmt>
		<desc>Gieboldehausen &amp;gt; Herzberg nach 2,6 km Parkplatz, links</desc>
		<src>Niedersächsische Landesforsten</src>
	</wpt>
	<wpt lat="51.554486240904538" lon="10.360780167862472">
		<name>OHA-700</name>
		<cmt>K109 Kreuzung Zwinge/ Hilkerode, Ortsausgang Brochthausen</cmt>
		<desc>K109 Kreuzung Zwinge/ Hilkerode, Ortsausgang Brochthausen</desc>
		<src>Niedersächsische Landesforsten</src>
	</wpt>
	<wpt lat="52.135583285609883" lon="10.020389185365913">
		<name>HI-022</name>
		<cmt>Uppen, Knebelweg; Wendeplatte vor der Autobahn</cmt>
		<desc>Uppen, Knebelweg; Wendeplatte vor der Autobahn</desc>
		<src>Niedersächsische Landesforsten</src>
	</wpt>
	<wpt lat="52.12204249166971" lon="10.05197020386365">
		<name>HI-024</name>
		<cmt>L 492  Km 4,3 Wendhausen - Heinde</cmt>
		<desc>L 492  Km 4,3 Wendhausen - Heinde</desc>
		<src>Niedersächsische Landesforsten</src>
	</wpt>
	<wpt lat="51.962769639545584" lon="10.439927153060131">
		<name>GS-806</name>
		<cmt>K 32 Km 4,8 Hahndorf-Gr.Döhren</cmt>
		<desc>K 32 Km 4,8 Hahndorf-Gr.Döhren</desc>
		<src>Niedersächsische Landesforsten</src>
	</wpt>
	<wpt lat="52.159291546455641" lon="10.377443161382015">
		<name>SZ-002</name>
		<cmt>K 12,  SZ Hallendorf,Ecke: Westerholzweg/Papenstieg</cmt>
		<desc>K 12,  SZ Hallendorf,Ecke: Westerholzweg/Papenstieg</desc>
		<src>Niedersächsische Landesforsten</src>
	</wpt>
	<wpt lat="51.964142912023412" lon="10.215291085519381">
		<name>GS-168</name>
		<cmt>L 594, Parkplatz bei km 6,5, auf der Höhe der Serpentinen zw. Jerze u. "Pöbbeckenmühle"</cmt>
		<desc>L 594, Parkplatz bei km 6,5, auf der Höhe der Serpentinen zw. Jerze u. "Pöbbeckenmühle"</desc>
		<src>Niedersächsische Landesforsten</src>
	</wpt>
	<wpt lat="52.083608322775817" lon="9.2353368748683078">
		<name>HM-71</name>
		<cmt>Friedhof Multhöpen</cmt>
		<desc>Friedhof Multhöpen</desc>
		<src>Niedersächsische Landesforsten</src>
	</wpt>
	<wpt lat="52.094905871267962" lon="9.2340453271931455">
		<name>HM-72</name>
		<cmt>Bushaltestelle Hauben, K29/30</cmt>
		<desc>Bushaltestelle Hauben, K29/30</desc>
		<src>Niedersächsische Landesforsten</src>
	</wpt>
	<wpt lat="52.104216095773118" lon="9.2149797606333159">
		<name>HM-73</name>
		<cmt>Waldeingang Kirchweg Rodenbeck</cmt>
		<desc>Waldeingang Kirchweg Rodenbeck</desc>
		<src>Niedersächsische Landesforsten</src>
	</wpt>
	<wpt lat="51.420861352454239" lon="9.7670707754863813">
		<name>GÖ-147</name>
		<cmt/>
		<desc/>
		<src>Niedersächsische Landesforsten</src>
	</wpt>
	<wpt lat="51.668873478495101" lon="10.654418961888046">
		<name>GS-439</name>
		<cmt>Hohegeiß "Am Kurpark" Waldeingang Gretchental</cmt>
		<desc>Hohegeiß "Am Kurpark" Waldeingang Gretchental</desc>
		<src>Niedersächsische Landesforsten</src>
	</wpt>
	<wpt lat="51.680056326517523" lon="10.661203797359748">
		<name>GS-440</name>
		<cmt>B4 (Hohegeiß - Braunlage), Einmündung (Parkplatz) Heimathüttenweg (Abt. 230)</cmt>
		<desc>B4 (Hohegeiß - Braunlage), Einmündung (Parkplatz) Heimathüttenweg (Abt. 230)</desc>
		<src>Niedersächsische Landesforsten</src>
	</wpt>
	<wpt lat="51.679510693807522" lon="10.618751687988848">
		<name>GS-442</name>
		<cmt>L 600 Zorge - Braunlage; Nullpunktparkplatz (Abt. 3250)</cmt>
		<desc>L 600 Zorge - Braunlage; Nullpunktparkplatz (Abt. 3250)</desc>
		<src>Niedersächsische Landesforsten</src>
	</wpt>
	<wpt lat="51.690092654461182" lon="10.637693225773775">
		<name>GS-457</name>
		<cmt>L 601 Kreuzung Alte Poststraße Abt. 275/3261/3262)</cmt>
		<desc>L 601 Kreuzung Alte Poststraße Abt. 275/3261/3262)</desc>
		<src>Niedersächsische Landesforsten</src>
	</wpt>
	<wpt lat="51.729368122433399" lon="10.620548644571269">
		<name>GS-472</name>
		<cmt>B 27 Ortsausgang Braunlage Richtung Schierke; Abzweigung Kaffeehorst</cmt>
		<desc>B 27 Ortsausgang Braunlage Richtung Schierke; Abzweigung Kaffeehorst</desc>
		<src>Niedersächsische Landesforsten</src>
	</wpt>
	<wpt lat="51.735094417991618" lon="10.637289252739745">
		<name>GS-473</name>
		<cmt>B 27 Braunlage - Schierke; Landesgrenze (Bremke)</cmt>
		<desc>B 27 Braunlage - Schierke; Landesgrenze (Bremke)</desc>
		<src>Niedersächsische Landesforsten</src>
	</wpt>
	<wpt lat="51.559512607670328" lon="10.064077688300811">
		<name>GÖ-348</name>
		<cmt>B27 &amp;gt; K9 Waake Richtung Bösinghausen</cmt>
		<desc>B27 &amp;gt; K9 Waake Richtung Bösinghausen</desc>
		<src>Niedersächsische Landesforsten</src>
	</wpt>
	<wpt lat="52.635192029214139" lon="10.719579809808053">
		<name>GF-022</name>
		<cmt>Forsthaus Malloh</cmt>
		<desc>Forsthaus Malloh</desc>
		<src>Niedersächsische Landesforsten</src>
	</wpt>
	<wpt lat="52.765020545119974" lon="10.596663920011295">
		<name>GF-035</name>
		<cmt>Schweimke; Ortseingang von Steimke</cmt>
		<desc>Schweimke; Ortseingang von Steimke</desc>
		<src>Niedersächsische Landesforsten</src>
	</wpt>
	<wpt lat="52.803934991336853" lon="10.668244210217095">
		<name>UE-101</name>
		<cmt>Lüder, Ortsausgang Süd Richtung Wentorf (ehem. Sägewerk Cohrs)</cmt>
		<desc>Lüder, Ortsausgang Süd Richtung Wentorf (ehem. Sägewerk Cohrs)</desc>
		<src>Niedersächsische Landesforsten</src>
	</wpt>
	<wpt lat="53.161000804213025" lon="10.498676173044471">
		<name>UE-034</name>
		<cmt>K 42; Niendorf - Ortsmitte</cmt>
		<desc>K 42; Niendorf - Ortsmitte</desc>
		<src>Niedersächsische Landesforsten</src>
	</wpt>
	<wpt lat="53.179347855308791" lon="10.523695887144427">
		<name>UE-033</name>
		<cmt>K 42; Wulfstorf - Ortsmitte</cmt>
		<desc>K 42; Wulfstorf - Ortsmitte</desc>
		<src>Niedersächsische Landesforsten</src>
	</wpt>
	<wpt lat="53.189520320696047" lon="10.549788349735735">
		<name>LG-033</name>
		<cmt>Gifkendorf - Ortsmitte</cmt>
		<desc>Gifkendorf - Ortsmitte</desc>
		<src>Niedersächsische Landesforsten</src>
	</wpt>
	<wpt lat="53.109465244388815" lon="10.712627540913431">
		<name>UE-020</name>
		<cmt>K 4; Ortsmitte Kettelstorf</cmt>
		<desc>K 4; Ortsmitte Kettelstorf</desc>
		<src>Niedersächsische Landesforsten</src>
	</wpt>
	<wpt lat="51.587838648602308" lon="10.256715616839825">
		<name>GÖ-340</name>
		<cmt>K107 Rüdershausen &amp;gt; Gieboldehausen km-stein 3,1 , "Großholzweg"</cmt>
		<desc>K107 Rüdershausen &amp;gt; Gieboldehausen km-stein 3,1 , "Großholzweg"</desc>
		<src>Niedersächsische Landesforsten</src>
	</wpt>
	<wpt lat="51.637583143320676" lon="10.403942460363147">
		<name>OHA-253</name>
		<cmt>Parkplatz Einhornhöhle</cmt>
		<desc>Parkplatz Einhornhöhle</desc>
		<src>Niedersächsische Landesforsten</src>
	</wpt>
	<wpt lat="51.77032143049918" lon="10.328892659815148">
		<name>GS-261</name>
		<cmt>Buntenbock, am ehemaligen IG-Metall-Heim</cmt>
		<desc>Buntenbock, am ehemaligen IG-Metall-Heim</desc>
		<src>Niedersächsische Landesforsten</src>
	</wpt>
	<wpt lat="51.664264883070814" lon="10.360011200821093">
		<name>OHA-257</name>
		<cmt>Einfahrt Herzberger Wellpappe oberhalb Smurfit Kappa</cmt>
		<desc>Einfahrt Herzberger Wellpappe oberhalb Smurfit Kappa</desc>
		<src>Niedersächsische Landesforsten</src>
	</wpt>
	<wpt lat="53.449340525810307" lon="9.4926079912912638">
		<name>STD-105</name>
		<cmt>Shell Tankstelle</cmt>
		<desc>Shell Tankstelle</desc>
		<src>Niedersächsische Landesforsten</src>
	</wpt>
	<wpt lat="52.476419871321184" lon="10.142219260133356">
		<name>H-171</name>
		<cmt>Ehemaliger Kamp im Schilfbruch</cmt>
		<desc>Ehemaliger Kamp im Schilfbruch</desc>
		<src>Niedersächsische Landesforsten</src>
	</wpt>
	<wpt lat="52.524789284380162" lon="10.215769145941236">
		<name>CE-013</name>
		<cmt>Hauptstr. 80 Bröckel Parkplatz Fa. Borchers</cmt>
		<desc>Hauptstr. 80 Bröckel Parkplatz Fa. Borchers</desc>
		<src>Niedersächsische Landesforsten</src>
	</wpt>
	<wpt lat="52.573319441956379" lon="10.187323587022297">
		<name>CE-016</name>
		<cmt>L 311 Eicklinger Str. Ecke Alter Postweg in Wienhausen</cmt>
		<desc>L 311 Eicklinger Str. Ecke Alter Postweg in Wienhausen</desc>
		<src>Niedersächsische Landesforsten</src>
	</wpt>
	<wpt lat="52.586222182290946" lon="10.100090946101274">
		<name>CE-024</name>
		<cmt>K 57 Abzweigung Bruchkampweg in Celle OT Burg</cmt>
		<desc>K 57 Abzweigung Bruchkampweg in Celle OT Burg</desc>
		<src>Niedersächsische Landesforsten</src>
	</wpt>
	<wpt lat="52.654165604648988" lon="10.102747656101387">
		<name>CE-027</name>
		<cmt>Reuterweg in Celle OT Vorwerk</cmt>
		<desc>Reuterweg in Celle OT Vorwerk</desc>
		<src>Niedersächsische Landesforsten</src>
	</wpt>
	<wpt lat="53.471432057423669" lon="9.6640038162231718">
		<name>STD-113</name>
		<cmt>Neukloster, neuer Friedwaldparkplatz</cmt>
		<desc>Neukloster, neuer Friedwaldparkplatz</desc>
		<src>Niedersächsische Landesforsten</src>
	</wpt>
	<wpt lat="53.43329619952496" lon="9.4980945378739516">
		<name>STD-115</name>
		<cmt>Braken Nord, Wanderparkplatz</cmt>
		<desc>Braken Nord, Wanderparkplatz</desc>
		<src>Niedersächsische Landesforsten</src>
	</wpt>
	<wpt lat="51.759007306227133" lon="10.207824689702042">
		<name>OHA-549</name>
		<cmt>Stadtforst Osterode, Oberhütte 15</cmt>
		<desc>Stadtforst Osterode, Oberhütte 15</desc>
		<src>Niedersächsische Landesforsten</src>
	</wpt>
	<wpt lat="51.71940038960021" lon="10.248617626811612">
		<name>OHA-546</name>
		<cmt>Stadtforst Osterode, Kreuzung Berstraße/ Schillerstraße</cmt>
		<desc>Stadtforst Osterode, Kreuzung Berstraße/ Schillerstraße</desc>
		<src>Niedersächsische Landesforsten</src>
	</wpt>
	<wpt lat="51.722922113223667" lon="10.274982866979249">
		<name>OHA-542</name>
		<cmt>Stadtforst Osterode, Fuchshaller Weg / Parkplatz Gaststätte Riemenschneider</cmt>
		<desc>Stadtforst Osterode, Fuchshaller Weg / Parkplatz Gaststätte Riemenschneider</desc>
		<src>Niedersächsische Landesforsten</src>
	</wpt>
	<wpt lat="51.868937196417363" lon="10.48613413531594">
		<name>GS-048</name>
		<cmt>Käste</cmt>
		<desc>Käste</desc>
		<src>Niedersächsische Landesforsten</src>
	</wpt>
	<wpt lat="53.470549624616083" lon="9.6410003839455172">
		<name>STD-111</name>
		<cmt>Vom Neukloster Forstweg aus kommend abbiegen in den Weg "Zum Dreieck", Wanderparkplatz</cmt>
		<desc>Vom Neukloster Forstweg aus kommend abbiegen in den Weg "Zum Dreieck", Wanderparkplatz</desc>
		<src>Niedersächsische Landesforsten</src>
	</wpt>
	<wpt lat="53.119605802497155" lon="10.640979597141872">
		<name>UE-023</name>
		<cmt>K 39; Niendorf Ortseingang von Vorwerk</cmt>
		<desc>K 39; Niendorf Ortseingang von Vorwerk</desc>
		<src>Niedersächsische Landesforsten</src>
	</wpt>
	<wpt lat="52.157389658372566" lon="9.1100963047933927">
		<name>SHG-017</name>
		<cmt>Gaststätte Hupengrund, in Uchtdorf an der Kreuzung Wennenkämper Str./Am Taubenberg Hubschrauberlandeplatz</cmt>
		<desc>Gaststätte Hupengrund, in Uchtdorf an der Kreuzung Wennenkämper Str./Am Taubenberg Hubschrauberlandeplatz</desc>
		<src>Niedersächsische Landesforsten</src>
	</wpt>
	<wpt lat="52.024373251090353" lon="9.2701955342892823">
		<name>HM-026</name>
		<cmt>Waldeingang an der K 37 von Aerzen nach Gellersen Hubschrauberlandeplatz</cmt>
		<desc>Waldeingang an der K 37 von Aerzen nach Gellersen Hubschrauberlandeplatz</desc>
		<src>Niedersächsische Landesforsten</src>
	</wpt>
	<wpt lat="52.031973971591817" lon="9.3459592031588965">
		<name>HM-029</name>
		<cmt>Parkplatz am "Steiniger Weg" in Hämelschenburg Hubschrauberlandeplatz</cmt>
		<desc>Parkplatz am "Steiniger Weg" in Hämelschenburg Hubschrauberlandeplatz</desc>
		<src>Niedersächsische Landesforsten</src>
	</wpt>
	<wpt lat="53.268538084741742" lon="9.096507258667053">
		<name>ROW-055</name>
		<cmt>Wegegabelung 200 m westl. Ummelbad</cmt>
		<desc>Wegegabelung 200 m westl. Ummelbad</desc>
		<src>Niedersächsische Landesforsten</src>
	</wpt>
	<wpt lat="53.865777484042738" lon="8.6544637297997493">
		<name>CUX-701</name>
		<cmt>vor Brockeshaus</cmt>
		<desc>vor Brockeshaus</desc>
		<src>Niedersächsische Landesforsten</src>
	</wpt>
	<wpt lat="53.211658656594551" lon="8.7705783605462067">
		<name>OHZ-511</name>
		<cmt>B 74 - Settenbecker Straße - Ecke "Zum Bredenberg"</cmt>
		<desc>B 74 - Settenbecker Straße - Ecke "Zum Bredenberg"</desc>
		<src>Niedersächsische Landesforsten</src>
	</wpt>
	<wpt lat="52.036759917928386" lon="9.8048875216526099">
		<name>HI-127</name>
		<cmt>Brüggen über Straße Kirschweg zum Waldrand (Richtung Tafelturm), Schranke GrillhÜtte</cmt>
		<desc>Brüggen über Straße Kirschweg zum Waldrand (Richtung Tafelturm), Schranke GrillhÜtte</desc>
		<src>Niedersächsische Landesforsten</src>
	</wpt>
	<wpt lat="52.212548373161326" lon="9.2741270992215927">
		<name>HM-007</name>
		<cmt>Waldeingang Iberg an der Ibergstr. in Langenfeld Hubschrauberlandeplatz</cmt>
		<desc>Waldeingang Iberg an der Ibergstr. in Langenfeld Hubschrauberlandeplatz</desc>
		<src>Niedersächsische Landesforsten</src>
	</wpt>
	<wpt lat="52.148975600952724" lon="9.1497340102286913">
		<name>SHG-019</name>
		<cmt>Parkplatz Ludwigsturm in Wennenkamp Hubschrauberlandeplatz</cmt>
		<desc>Parkplatz Ludwigsturm in Wennenkamp Hubschrauberlandeplatz</desc>
		<src>Niedersächsische Landesforsten</src>
	</wpt>
	<wpt lat="52.137130873251493" lon="9.1520899121075292">
		<name>SHG-021</name>
		<cmt>Gaststätte "Zum Pfingsttor" in Friedrichswald auf der L 434 Hubschrauberlandeplatz</cmt>
		<desc>Gaststätte "Zum Pfingsttor" in Friedrichswald auf der L 434 Hubschrauberlandeplatz</desc>
		<src>Niedersächsische Landesforsten</src>
	</wpt>
	<wpt lat="53.433198813038167" lon="9.2101992218470201">
		<name>ROW-202</name>
		<cmt>Ausgang Beverner Wald</cmt>
		<desc>Ausgang Beverner Wald</desc>
		<src>Niedersächsische Landesforsten</src>
	</wpt>
	<wpt lat="52.444475844203183" lon="7.9311957852586099">
		<name>OS-54</name>
		<cmt>Einfahrt Gehnsrtraße Ueffelner Str. (B218)</cmt>
		<desc>Einfahrt Gehnsrtraße Ueffelner Str. (B218)</desc>
		<src>Niedersächsische Landesforsten</src>
	</wpt>
	<wpt lat="53.377356667047394" lon="8.9079414896256619">
		<name>OHZ-403</name>
		<cmt>Verbindung Kuhstedt ü. Kuhstedt Siedlung nach Hellingst; direkt am Waldeingang (gelbes Schild "Teufelsmoorregion"</cmt>
		<desc>Verbindung Kuhstedt ü. Kuhstedt Siedlung nach Hellingst; direkt am Waldeingang (gelbes Schild "Teufelsmoorregion"</desc>
		<src>Niedersächsische Landesforsten</src>
	</wpt>
	<wpt lat="53.226391753094042" lon="10.7040726023437">
		<name>LG-042</name>
		<cmt>Ellringen Kreuzung K 35/K 26</cmt>
		<desc>Ellringen Kreuzung K 35/K 26</desc>
		<src>Niedersächsische Landesforsten</src>
	</wpt>
	<wpt lat="52.460231143476399" lon="7.8553030959170105">
		<name>OS-53</name>
		<cmt>Parkplatz zwischen Merzen u. Ueffeln Hauptstr. (B218)</cmt>
		<desc>Parkplatz zwischen Merzen u. Ueffeln Hauptstr. (B218)</desc>
		<src>Niedersächsische Landesforsten</src>
	</wpt>
	<wpt lat="52.436587828686626" lon="7.9006534659898469">
		<name>OS-55</name>
		<cmt>Parkplatz Kettelsberg Zum Steinbruch / Am Kettelsberg</cmt>
		<desc>Parkplatz Kettelsberg Zum Steinbruch / Am Kettelsberg</desc>
		<src>Niedersächsische Landesforsten</src>
	</wpt>
	<wpt lat="52.485754543271256" lon="7.8496459892830446">
		<name>OS-52</name>
		<cmt>Parkplatz Försterei Westerholte K 109</cmt>
		<desc>Parkplatz Försterei Westerholte K 109</desc>
		<src>Niedersächsische Landesforsten</src>
	</wpt>
	<wpt lat="52.52714593476253" lon="7.7800458584610279">
		<name>OS-70</name>
		<cmt>Ankumer Weg (B214) / Sprartelsberg (Hof Finke)</cmt>
		<desc>Ankumer Weg (B214) / Sprartelsberg (Hof Finke)</desc>
		<src>Niedersächsische Landesforsten</src>
	</wpt>
	<wpt lat="52.898026636235244" lon="8.7932344557979398">
		<name>DH-016</name>
		<cmt>Parkplatz Spielplatz "Westermark"</cmt>
		<desc>Parkplatz Spielplatz "Westermark"</desc>
		<src>Niedersächsische Landesforsten</src>
	</wpt>
	<wpt lat="51.581355981892898" lon="10.267522212352675">
		<name>GÖ-339</name>
		<cmt>Rüdershausen, Hauptstraße/ Hellbergstraße, Bushaltestelle</cmt>
		<desc>Rüdershausen, Hauptstraße/ Hellbergstraße, Bushaltestelle</desc>
		<src>Niedersächsische Landesforsten</src>
	</wpt>
	<wpt lat="51.557547477528317" lon="10.011421469344855">
		<name>GÖ-344</name>
		<cmt>B27, Roringen &amp;gt; Waake, letzter Hof in Roringen, Feldmark, Bratental</cmt>
		<desc>B27, Roringen &amp;gt; Waake, letzter Hof in Roringen, Feldmark, Bratental</desc>
		<src>Niedersächsische Landesforsten</src>
	</wpt>
	<wpt lat="51.583922576629142" lon="9.9109427375990933">
		<name>GÖ-353</name>
		<cmt>Bovenden &amp;gt; Lenglern, gleich hinter BAB rechts, K40, Schießstand</cmt>
		<desc>Bovenden &amp;gt; Lenglern, gleich hinter BAB rechts, K40, Schießstand</desc>
		<src>Niedersächsische Landesforsten</src>
	</wpt>
	<wpt lat="51.588201555777324" lon="10.057414866128546">
		<name>GÖ-351</name>
		<cmt>B446 Ebergötzen &amp;gt; Nörten, nach 4,5 km Parkplatz links</cmt>
		<desc>B446 Ebergötzen &amp;gt; Nörten, nach 4,5 km Parkplatz links</desc>
		<src>Niedersächsische Landesforsten</src>
	</wpt>
	<wpt lat="51.566439065628927" lon="10.094156943555493">
		<name>GÖ-354</name>
		<cmt>westlicher Ortsausgang Ebergötzen, Ortszubringer B 27, Bushaltestelle</cmt>
		<desc>westlicher Ortsausgang Ebergötzen, Ortszubringer B 27, Bushaltestelle</desc>
		<src>Niedersächsische Landesforsten</src>
	</wpt>
	<wpt lat="51.620309987650948" lon="10.102494492604084">
		<name>GÖ-360</name>
		<cmt>K102 Renshausen &amp;gt; Gillersheim, 2 km Parkplatz der Gaststätte</cmt>
		<desc>K102 Renshausen &amp;gt; Gillersheim, 2 km Parkplatz der Gaststätte</desc>
		<src>Niedersächsische Landesforsten</src>
	</wpt>
	<wpt lat="51.613154615537098" lon="9.9873954010186736">
		<name>GÖ-371</name>
		<cmt>B446 Reyershausen W, Am Basaltwollewerk</cmt>
		<desc>B446 Reyershausen W, Am Basaltwollewerk</desc>
		<src>Niedersächsische Landesforsten</src>
	</wpt>
	<wpt lat="52.76812181884231" lon="9.411523967610238">
		<name>HK-077</name>
		<cmt>Hedener Holz L157 südöstlich Rethem Ortslage Hedern</cmt>
		<desc>Hedener Holz L157 südöstlich Rethem Ortslage Hedern</desc>
		<src>Niedersächsische Landesforsten</src>
	</wpt>
	<wpt lat="52.771616654106602" lon="9.6414794611310732">
		<name>HK-076</name>
		<cmt>Krelinger Bruch L191 Hodenhagen Richtung Autobahn kurz hinter der Ortslage Krelinger Bruch</cmt>
		<desc>Krelinger Bruch L191 Hodenhagen Richtung Autobahn kurz hinter der Ortslage Krelinger Bruch</desc>
		<src>Niedersächsische Landesforsten</src>
	</wpt>
	<wpt lat="52.752358341968936" lon="9.2716808267893143">
		<name>NI-005</name>
		<cmt>Abteilung 1513 Str. zw. Gandesbergen u B209 (Bruchweg/Eystruper Bruch)</cmt>
		<desc>Abteilung 1513 Str. zw. Gandesbergen u B209 (Bruchweg/Eystruper Bruch)</desc>
		<src>Niedersächsische Landesforsten</src>
	</wpt>
	<wpt lat="52.761053921302228" lon="9.3126914748794487">
		<name>NI-009</name>
		<cmt>Hasseler Bruch K 147 Waldeinfahrt beim Hämelsee</cmt>
		<desc>Hasseler Bruch K 147 Waldeinfahrt beim Hämelsee</desc>
		<src>Niedersächsische Landesforsten</src>
	</wpt>
	<wpt lat="52.739570362558887" lon="9.2998058303663385">
		<name>NI-010</name>
		<cmt>Eystruper Bruch B 209  Abzweig  K 1 Nähe Anderten</cmt>
		<desc>Eystruper Bruch B 209  Abzweig  K 1 Nähe Anderten</desc>
		<src>Niedersächsische Landesforsten</src>
	</wpt>
	<wpt lat="53.02680407424706" lon="9.6843575689671848">
		<name>HK-050</name>
		<cmt>Kirchenforst (ehem. Betreuung) L171 Ortsausgang Neuenkirchen in südwestlicher Richtung am Wald</cmt>
		<desc>Kirchenforst (ehem. Betreuung) L171 Ortsausgang Neuenkirchen in südwestlicher Richtung am Wald</desc>
		<src>Niedersächsische Landesforsten</src>
	</wpt>
	<wpt lat="52.989210869946575" lon="9.5796308585993586">
		<name>ROW-127</name>
		<cmt>Stadtwald;  Försterei Visselhövede ca. 1 km n÷rdlich der Kirche</cmt>
		<desc>Stadtwald;  Försterei Visselhövede ca. 1 km n÷rdlich der Kirche</desc>
		<src>Niedersächsische Landesforsten</src>
	</wpt>
	<wpt lat="51.624155196827552" lon="10.403147218256095">
		<name>OHA-231</name>
		<cmt>Waldeinfahrt Burgruine Scharzfeld K9 am östlichen Ortsausgang Scharzfeld</cmt>
		<desc>Waldeinfahrt Burgruine Scharzfeld K9 am östlichen Ortsausgang Scharzfeld</desc>
		<src>Niedersächsische Landesforsten</src>
	</wpt>
	<wpt lat="52.924181610953809" lon="8.1387997640688834">
		<name>CLP-004</name>
		<cmt>Am Karpfen, ehemaliges Gashaus "Karpfen"</cmt>
		<desc>Am Karpfen, ehemaliges Gashaus "Karpfen"</desc>
		<src>Niedersächsische Landesforsten</src>
	</wpt>
	<wpt lat="52.982463254107167" lon="7.8975300466342766">
		<name>CLP-008</name>
		<cmt>Vordersten Thüle (B 72)</cmt>
		<desc>Vordersten Thüle (B 72)</desc>
		<src>Niedersächsische Landesforsten</src>
	</wpt>
	<wpt lat="52.891795482713256" lon="8.1482863038107425">
		<name>CLP-005</name>
		<cmt>Parkplatz Baumweg (B 213)</cmt>
		<desc>Parkplatz Baumweg (B 213)</desc>
		<src>Niedersächsische Landesforsten</src>
	</wpt>
	<wpt lat="52.881604890192186" lon="8.1201874848548705">
		<name>CLP-006</name>
		<cmt>Gaststätte "Waldesruh"</cmt>
		<desc>Gaststätte "Waldesruh"</desc>
		<src>Niedersächsische Landesforsten</src>
	</wpt>
	<wpt lat="52.938895857213815" lon="7.9436990585853486">
		<name>CLP-007</name>
		<cmt>Abfahrt Talsperre Nord, 50m östlich</cmt>
		<desc>Abfahrt Talsperre Nord, 50m östlich</desc>
		<src>Niedersächsische Landesforsten</src>
	</wpt>
	<wpt lat="52.938386062876297" lon="7.926591933662853">
		<name>CLP-016</name>
		<cmt>Stau Talsperre (ehemalige Gaststätte "Büter")</cmt>
		<desc>Stau Talsperre (ehemalige Gaststätte "Büter")</desc>
		<src>Niedersächsische Landesforsten</src>
	</wpt>
	<wpt lat="52.831598538631404" lon="8.7614849796486691">
		<name>DH-021</name>
		<cmt>K 127/ Abt. 1205</cmt>
		<desc>K 127/ Abt. 1205</desc>
		<src>Niedersächsische Landesforsten</src>
	</wpt>
	<wpt lat="52.106966236279675" lon="9.206304099317018">
		<name>HM-74</name>
		<cmt>Betriebshof Wahrendahl</cmt>
		<desc>Betriebshof Wahrendahl</desc>
		<src>Niedersächsische Landesforsten</src>
	</wpt>
	<wpt lat="52.105213369527689" lon="9.1881464390494614">
		<name>HM-75</name>
		<cmt>Windpark Lachemer Forst</cmt>
		<desc>Windpark Lachemer Forst</desc>
		<src>Niedersächsische Landesforsten</src>
	</wpt>
	<wpt lat="52.516939524419598" lon="9.2699160430581191">
		<name>H-166</name>
		<cmt>Mardorf Jägerstr. Schranke am Waldrand</cmt>
		<desc>Mardorf Jägerstr. Schranke am Waldrand</desc>
		<src>Niedersächsische Landesforsten</src>
	</wpt>
	<wpt lat="52.09250004035237" lon="9.1828809841654966">
		<name>HM-77</name>
		<cmt>Ruhwald Flakenholz</cmt>
		<desc>Ruhwald Flakenholz</desc>
		<src>Niedersächsische Landesforsten</src>
	</wpt>
	<wpt lat="52.118956312497183" lon="9.2164029800667358">
		<name>HM-78</name>
		<cmt>Gasths. Forellental</cmt>
		<desc>Gasths. Forellental</desc>
		<src>Niedersächsische Landesforsten</src>
	</wpt>
	<wpt lat="52.11879475292659" lon="9.238420028052742">
		<name>HM-79</name>
		<cmt>Waldeingang Sportplatz Hemeringen</cmt>
		<desc>Waldeingang Sportplatz Hemeringen</desc>
		<src>Niedersächsische Landesforsten</src>
	</wpt>
	<wpt lat="52.104909142305033" lon="9.2257955266988496">
		<name>HM-80</name>
		<cmt>Tannenallee(K64) Kuppe</cmt>
		<desc>Tannenallee(K64) Kuppe</desc>
		<src>Niedersächsische Landesforsten</src>
	</wpt>
	<wpt lat="52.100092467721659" lon="9.2555020496727813">
		<name>HM-81</name>
		<cmt>Waldeingang Wördeholz</cmt>
		<desc>Waldeingang Wördeholz</desc>
		<src>Niedersächsische Landesforsten</src>
	</wpt>
	<wpt lat="52.100853437062952" lon="9.2863962622168952">
		<name>HM-82</name>
		<cmt>Bushaltestelle Bannensiek</cmt>
		<desc>Bushaltestelle Bannensiek</desc>
		<src>Niedersächsische Landesforsten</src>
	</wpt>
	<wpt lat="52.106653271257287" lon="9.2968602291068976">
		<name>HM-83</name>
		<cmt>Schwimmbad Halvestorf</cmt>
		<desc>Schwimmbad Halvestorf</desc>
		<src>Niedersächsische Landesforsten</src>
	</wpt>
	<wpt lat="52.098014921962466" lon="9.2802004409054142">
		<name>HM-85</name>
		<cmt>Waldeingang Bohrturmweg Weidehol</cmt>
		<desc>Waldeingang Bohrturmweg Weidehol</desc>
		<src>Niedersächsische Landesforsten</src>
	</wpt>
	<wpt lat="52.088426628223012" lon="9.2017789874008571">
		<name>HM-86</name>
		<cmt>Gut Posteholz</cmt>
		<desc>Gut Posteholz</desc>
		<src>Niedersächsische Landesforsten</src>
	</wpt>
	<wpt lat="52.115531581258075" lon="9.2034469606528546">
		<name>HM-87</name>
		<cmt>Waldeingang Wiesengrund Wahrendahl</cmt>
		<desc>Waldeingang Wiesengrund Wahrendahl</desc>
		<src>Niedersächsische Landesforsten</src>
	</wpt>
	<wpt lat="52.076209455804637" lon="9.2995518796961143">
		<name>HM-88</name>
		<cmt>Maikuhle Gross-Berkel</cmt>
		<desc>Maikuhle Gross-Berkel</desc>
		<src>Niedersächsische Landesforsten</src>
	</wpt>
	<wpt lat="52.31577461424159" lon="9.6964215910558007">
		<name>H-129</name>
		<cmt>Loydbrunnenweg Waldrand Abt. 1026</cmt>
		<desc>Loydbrunnenweg Waldrand Abt. 1026</desc>
		<src>Niedersächsische Landesforsten</src>
	</wpt>
	<wpt lat="52.283149605573527" lon="9.8002146060257704">
		<name>H-123</name>
		<cmt>Verlängerung Eschenweg bis zum Waldrand</cmt>
		<desc>Verlängerung Eschenweg bis zum Waldrand</desc>
		<src>Niedersächsische Landesforsten</src>
	</wpt>
	<wpt lat="52.470156862153388" lon="10.066459464645174">
		<name>H-176</name>
		<cmt>L311 Salzstraße Abzweigung vorm Wald</cmt>
		<desc>L311 Salzstraße Abzweigung vorm Wald</desc>
		<src>Niedersächsische Landesforsten</src>
	</wpt>
	<wpt lat="53.066363702272163" lon="9.4161444064928279">
		<name>ROW-111</name>
		<cmt>Großer Hamerloh Waldkante südlich Hartmannshof</cmt>
		<desc>Großer Hamerloh Waldkante südlich Hartmannshof</desc>
		<src>Niedersächsische Landesforsten</src>
	</wpt>
	<wpt lat="53.06105601026271" lon="9.4687783295172832">
		<name>ROW-117</name>
		<cmt>Hassel Waldkante nördlich von Hassel</cmt>
		<desc>Hassel Waldkante nördlich von Hassel</desc>
		<src>Niedersächsische Landesforsten</src>
	</wpt>
	<wpt lat="53.249374720885704" lon="8.6899048244244383">
		<name>OHZ-513</name>
		<cmt>Friedwald BRS, Parkplatz 4</cmt>
		<desc>Friedwald BRS, Parkplatz 4</desc>
		<src>Niedersächsische Landesforsten</src>
	</wpt>
	<wpt lat="53.44457423691405" lon="8.5999287932290471">
		<name>CUX-515</name>
		<cmt>Stotel,Ecke Schulstraße/Karfacker</cmt>
		<desc>Stotel,Ecke Schulstraße/Karfacker</desc>
		<src>Niedersächsische Landesforsten</src>
	</wpt>
	<wpt lat="53.617257151924854" lon="8.7663737962745607">
		<name>CUX-710</name>
		<cmt>L 120 km 8,9 - Waldparkplatz</cmt>
		<desc>L 120 km 8,9 - Waldparkplatz</desc>
		<src>Niedersächsische Landesforsten</src>
	</wpt>
	<wpt lat="53.608745952715253" lon="8.752547944568466">
		<name>CUX-709</name>
		<cmt>K 60 km 12,5 - Einfahrt zum Waldparkplatz</cmt>
		<desc>K 60 km 12,5 - Einfahrt zum Waldparkplatz</desc>
		<src>Niedersächsische Landesforsten</src>
	</wpt>
	<wpt lat="53.779483752298319" lon="8.6125615322636548">
		<name>CUX-707</name>
		<cmt>Feuerweg, Ecke Schulstraße</cmt>
		<desc>Feuerweg, Ecke Schulstraße</desc>
		<src>Niedersächsische Landesforsten</src>
	</wpt>
	<wpt lat="53.616178021909249" lon="8.8460291160249689">
		<name>CUX-603</name>
		<cmt>Ecke Gröpelinger Straße / Alter Postweg</cmt>
		<desc>Ecke Gröpelinger Straße / Alter Postweg</desc>
		<src>Niedersächsische Landesforsten</src>
	</wpt>
	<wpt lat="53.664369389199905" lon="9.0421775624075611">
		<name>CUX-606</name>
		<cmt>K29 Einbiegung in Westerende</cmt>
		<desc>K29 Einbiegung in Westerende</desc>
		<src>Niedersächsische Landesforsten</src>
	</wpt>
	<wpt lat="53.5786682986543" lon="8.7840760661474171">
		<name>CUX-608</name>
		<cmt>Ecke K 62 / Am Papenkamp</cmt>
		<desc>Ecke K 62 / Am Papenkamp</desc>
		<src>Niedersächsische Landesforsten</src>
	</wpt>
	<wpt lat="53.588335996919717" lon="8.7836309150566478">
		<name>CUX-609</name>
		<cmt>Wetterschutz-Pavillon, am Friedwaldparkplatz</cmt>
		<desc>Wetterschutz-Pavillon, am Friedwaldparkplatz</desc>
		<src>Niedersächsische Landesforsten</src>
	</wpt>
	<wpt lat="53.744654749059436" lon="8.6780452734155435">
		<name>CUX-706</name>
		<cmt>K14, Abzweig An der Ludenhütte, Buswartehäuschen</cmt>
		<desc>K14, Abzweig An der Ludenhütte, Buswartehäuschen</desc>
		<src>Niedersächsische Landesforsten</src>
	</wpt>
	<wpt lat="51.52597615695764" lon="10.178624746619853">
		<name>GÖ-307</name>
		<cmt>westl. Ortsrand Desingerode, Sportplatz</cmt>
		<desc>westl. Ortsrand Desingerode, Sportplatz</desc>
		<src>Niedersächsische Landesforsten</src>
	</wpt>
	<wpt lat="51.502916940461631" lon="10.181359954494274">
		<name>GÖ-306</name>
		<cmt>L569, Benniehausen &amp;gt;  4 Km vor Westerode, P&amp;R-Parkplatz</cmt>
		<desc>L569, Benniehausen &amp;gt;  4 Km vor Westerode, P&amp;R-Parkplatz</desc>
		<src>Niedersächsische Landesforsten</src>
	</wpt>
	<wpt lat="52.153548930741103" lon="9.5297079348893519">
		<name>HM-056</name>
		<cmt>Foersterei Bruennighausen</cmt>
		<desc>Foersterei Bruennighausen</desc>
		<src>Niedersächsische Landesforsten</src>
	</wpt>
	<wpt lat="52.175555199956953" lon="9.6067475057062097">
		<name>H-112</name>
		<cmt>III Mühlenbrink</cmt>
		<desc>III Mühlenbrink</desc>
		<src>Niedersächsische Landesforsten</src>
	</wpt>
	<wpt lat="51.594505405177088" lon="10.258746533983544">
		<name>GÖ-342</name>
		<cmt>K108, Wollershausen, Ortseingang im Osten, Friedhof</cmt>
		<desc>K108, Wollershausen, Ortseingang im Osten, Friedhof</desc>
		<src>Niedersächsische Landesforsten</src>
	</wpt>
	<wpt lat="51.558293229124594" lon="10.062231049356082">
		<name>GÖ-347</name>
		<cmt>B27 östliches Ortsende Waake, 500 m nach Ampel rechts, "Am Brunnen v.d. Tore"</cmt>
		<desc>B27 östliches Ortsende Waake, 500 m nach Ampel rechts, "Am Brunnen v.d. Tore"</desc>
		<src>Niedersächsische Landesforsten</src>
	</wpt>
	<wpt lat="52.894468411740327" lon="9.5744583553082503">
		<name>HK-063</name>
		<cmt>Bleckgehege L161 500m nördlich "Drei Kronen" an der Kreuzung</cmt>
		<desc>Bleckgehege L161 500m nördlich "Drei Kronen" an der Kreuzung</desc>
		<src>Niedersächsische Landesforsten</src>
	</wpt>
	<wpt lat="52.976006788974701" lon="9.5836364014380067">
		<name>ROW-129</name>
		<cmt>Lehnsheide L161 Ortsausgang Visselhövede Richtung Walsrode</cmt>
		<desc>Lehnsheide L161 Ortsausgang Visselhövede Richtung Walsrode</desc>
		<src>Niedersächsische Landesforsten</src>
	</wpt>
	<wpt lat="52.961401136710677" lon="9.4951706402998131">
		<name>ROW-130</name>
		<cmt>Bleckwedel L 171 Ortsausgang Jeddingen Richtung Tadel Abzweig " Zum Viehmoor" Achtung: Treffpunkt südlich der Bahnstrecke!!</cmt>
		<desc>Bleckwedel L 171 Ortsausgang Jeddingen Richtung Tadel Abzweig " Zum Viehmoor" Achtung: Treffpunkt südlich der Bahnstrecke!!</desc>
		<src>Niedersächsische Landesforsten</src>
	</wpt>
	<wpt lat="51.558329259248467" lon="10.23279094519741">
		<name>GÖ-373</name>
		<cmt>Rettungspunkt an der B 247, Ortseingang Obernfeld B247, Abzweig Knickweg An der Kapelle</cmt>
		<desc>Rettungspunkt an der B 247, Ortseingang Obernfeld B247, Abzweig Knickweg An der Kapelle</desc>
		<src>Niedersächsische Landesforsten</src>
	</wpt>
	<wpt lat="51.598019047266341" lon="10.618678571565699">
		<name>OHA-407</name>
		<cmt>L 603 Walkenried-Zorge, Parkplatz Langebergweg (Breitenbachwiese); Abt. 3107</cmt>
		<desc>L 603 Walkenried-Zorge, Parkplatz Langebergweg (Breitenbachwiese); Abt. 3107</desc>
		<src>Niedersächsische Landesforsten</src>
	</wpt>
	<wpt lat="53.474800306354872" lon="9.6400081499541201">
		<name>STD-112</name>
		<cmt>Friedwald - Wilhelm Cohrs Weg - von der B 73 nach Süden in Neukloster Forst - Links über Parkplatz ach 200 m im Wald</cmt>
		<desc>Friedwald - Wilhelm Cohrs Weg - von der B 73 nach Süden in Neukloster Forst - Links über Parkplatz ach 200 m im Wald</desc>
		<src>Niedersächsische Landesforsten</src>
	</wpt>
	<wpt lat="53.479678910025413" lon="9.6365121244914178">
		<name>STD-110</name>
		<cmt>Pfingstmarktparkplatz an der B 73</cmt>
		<desc>Pfingstmarktparkplatz an der B 73</desc>
		<src>Niedersächsische Landesforsten</src>
	</wpt>
	<wpt lat="53.360867255577396" lon="8.9329900838798544">
		<name>OHZ-401</name>
		<cmt>B 74 - km 23,3 - zwischen den Ortschaften Giehlermühlen und Neu-Kuhsted</cmt>
		<desc>B 74 - km 23,3 - zwischen den Ortschaften Giehlermühlen und Neu-Kuhsted</desc>
		<src>Niedersächsische Landesforsten</src>
	</wpt>
	<wpt lat="53.39400199522791" lon="8.9991134434115079">
		<name>ROW-409</name>
		<cmt>Feuerwehrhaus Gnarrenburg in der Waldstraße Nähe Tennisplatz</cmt>
		<desc>Feuerwehrhaus Gnarrenburg in der Waldstraße Nähe Tennisplatz</desc>
		<src>Niedersächsische Landesforsten</src>
	</wpt>
	<wpt lat="52.15926423239879" lon="8.0378158525687233">
		<name>OS-39</name>
		<cmt>Parkpl.Waldkurpark Holperdorper Str. (K332) / Charlottenburger Ring (B51)</cmt>
		<desc>Parkpl.Waldkurpark Holperdorper Str. (K332) / Charlottenburger Ring (B51)</desc>
		<src>Niedersächsische Landesforsten</src>
	</wpt>
	<wpt lat="52.958958421956055" lon="11.246988761582177">
		<name>DAN-015</name>
		<cmt>B 493 Oerenburg Parkplatz</cmt>
		<desc>B 493 Oerenburg Parkplatz</desc>
		<src>Niedersächsische Landesforsten</src>
	</wpt>
	<wpt lat="52.13160276424265" lon="8.0303879975520314">
		<name>OS-14</name>
		<cmt>Donnerbrink Münsterstr. (B51)An der Schreppenburg</cmt>
		<desc>Donnerbrink Münsterstr. (B51)An der Schreppenburg</desc>
		<src>Niedersächsische Landesforsten</src>
	</wpt>
	<wpt lat="52.57236930379473" lon="8.0965920943045031">
		<name>VEC-1</name>
		<cmt>Fladderlohausen / Am Wasserwerk</cmt>
		<desc>Fladderlohausen / Am Wasserwerk</desc>
		<src>Niedersächsische Landesforsten</src>
	</wpt>
	<wpt lat="53.0039759801397" lon="11.179254155203356">
		<name>DAN-027</name>
		<cmt>K 1 Seerau i. d. L., Gemüsefabrik</cmt>
		<desc>K 1 Seerau i. d. L., Gemüsefabrik</desc>
		<src>Niedersächsische Landesforsten</src>
	</wpt>
	<wpt lat="53.073503423525011" lon="11.294507367579572">
		<name>DAN-032</name>
		<cmt>L 256 Grippel Bushaltestelle</cmt>
		<desc>L 256 Grippel Bushaltestelle</desc>
		<src>Niedersächsische Landesforsten</src>
	</wpt>
	<wpt lat="53.13357283487256" lon="10.892742043576517">
		<name>DAN-046</name>
		<cmt>B 216 Parkplatz Km 35/7</cmt>
		<desc>B 216 Parkplatz Km 35/7</desc>
		<src>Niedersächsische Landesforsten</src>
	</wpt>
	<wpt lat="52.133300205953645" lon="8.200184370381308">
		<name>OS-23</name>
		<cmt>RUZ Noller Schlucht Rechenbergstr. (L94)/Waldstr.</cmt>
		<desc>RUZ Noller Schlucht Rechenbergstr. (L94)/Waldstr.</desc>
		<src>Niedersächsische Landesforsten</src>
	</wpt>
	<wpt lat="52.029164416109175" lon="10.428106566878371">
		<name>GS-801</name>
		<cmt>L 519 nördl. Orstausgang Liebenburg</cmt>
		<desc>L 519 nördl. Orstausgang Liebenburg</desc>
		<src>Niedersächsische Landesforsten</src>
	</wpt>
	<wpt lat="52.584109711706176" lon="8.1163570708799213">
		<name>VEC-2</name>
		<cmt>Neuenkirchener Str. / Fladderweg</cmt>
		<desc>Neuenkirchener Str. / Fladderweg</desc>
		<src>Niedersächsische Landesforsten</src>
	</wpt>
	<wpt lat="52.490087654297668" lon="8.4271775359431409">
		<name>DH-3</name>
		<cmt>Zur Sette / Fladderstraße</cmt>
		<desc>Zur Sette / Fladderstraße</desc>
		<src>Niedersächsische Landesforsten</src>
	</wpt>
	<wpt lat="52.566382860160928" lon="8.1388570855937594">
		<name>VEC-3</name>
		<cmt>Mühlenbachstr. / Grandorf / Harenriede</cmt>
		<desc>Mühlenbachstr. / Grandorf / Harenriede</desc>
		<src>Niedersächsische Landesforsten</src>
	</wpt>
	<wpt lat="52.554307719724861" lon="8.2057996851983468">
		<name>VEC-5</name>
		<cmt>Dammer Straße (L846) Schweizer Haus</cmt>
		<desc>Dammer Straße (L846) Schweizer Haus</desc>
		<src>Niedersächsische Landesforsten</src>
	</wpt>
	<wpt lat="52.496098975626424" lon="8.1117897303076898">
		<name>VEC-4</name>
		<cmt>Astrup</cmt>
		<desc>Astrup</desc>
		<src>Niedersächsische Landesforsten</src>
	</wpt>
	<wpt lat="52.511463700780759" lon="8.3984512296731761">
		<name>DH-2</name>
		<cmt>Evershorst Düversbrucher Str. / Ernster Weg</cmt>
		<desc>Evershorst Düversbrucher Str. / Ernster Weg</desc>
		<src>Niedersächsische Landesforsten</src>
	</wpt>
	<wpt lat="53.207394859531966" lon="10.816983718552827">
		<name>LG-039</name>
		<cmt>Tosterglope Kreuzung L 232/  K 13</cmt>
		<desc>Tosterglope Kreuzung L 232/  K 13</desc>
		<src>Niedersächsische Landesforsten</src>
	</wpt>
	<wpt lat="52.74413138531029" lon="9.5267284251110969">
		<name>HK-074</name>
		<cmt>Ahldener Heide, Ahldener Mühle südwestlich Ahlden</cmt>
		<desc>Ahldener Heide, Ahldener Mühle südwestlich Ahlden</desc>
		<src>Niedersächsische Landesforsten</src>
	</wpt>
	<wpt lat="53.268617716741602" lon="9.1504027748968984">
		<name>ROW-132</name>
		<cmt>Ummel Wentelhof nördlich Kirchtimke an der Straße nach Rhadereistedt</cmt>
		<desc>Ummel Wentelhof nördlich Kirchtimke an der Straße nach Rhadereistedt</desc>
		<src>Niedersächsische Landesforsten</src>
	</wpt>
	<wpt lat="51.615874152130225" lon="10.417447479532839">
		<name>OHA-251</name>
		<cmt>Barbis B 243 Abzweigung am Blumenpavillon "Hanelt"</cmt>
		<desc>Barbis B 243 Abzweigung am Blumenpavillon "Hanelt"</desc>
		<src>Niedersächsische Landesforsten</src>
	</wpt>
	<wpt lat="53.280628747769249" lon="9.0801120301951102">
		<name>ROW-054</name>
		<cmt>Hepstedter Büsche Am Waldanfang südlich Breddorf</cmt>
		<desc>Hepstedter Büsche Am Waldanfang südlich Breddorf</desc>
		<src>Niedersächsische Landesforsten</src>
	</wpt>
	<wpt lat="53.153464526435947" lon="11.01501431422453">
		<name>DAN-035</name>
		<cmt>L 231 Hitzacker Bushaltestelle am Eichengrund</cmt>
		<desc>L 231 Hitzacker Bushaltestelle am Eichengrund</desc>
		<src>Niedersächsische Landesforsten</src>
	</wpt>
	<wpt lat="53.157437812459875" lon="10.8117729271203">
		<name>LG-038</name>
		<cmt>B 216 Oldendorf Abzweig Röthen</cmt>
		<desc>B 216 Oldendorf Abzweig Röthen</desc>
		<src>Niedersächsische Landesforsten</src>
	</wpt>
	<wpt lat="53.158953357279799" lon="11.023658089947588">
		<name>DAN-039</name>
		<cmt>K 36 Hitzacker Jugendherberge</cmt>
		<desc>K 36 Hitzacker Jugendherberge</desc>
		<src>Niedersächsische Landesforsten</src>
	</wpt>
	<wpt lat="52.062205056849692" lon="10.14728584576676">
		<name>HI-025</name>
		<cmt>K 308  Km 3,5 Sillium - Schlewecke</cmt>
		<desc>K 308  Km 3,5 Sillium - Schlewecke</desc>
		<src>Niedersächsische Landesforsten</src>
	</wpt>
	<wpt lat="52.061029215396282" lon="10.155666090395419">
		<name>HI-026</name>
		<cmt>Wohldenberg von der K 308 zum Wohlenberg abbiegen bei km 2,0</cmt>
		<desc>Wohldenberg von der K 308 zum Wohlenberg abbiegen bei km 2,0</desc>
		<src>Niedersächsische Landesforsten</src>
	</wpt>
	<wpt lat="52.069277200198513" lon="10.177642272149207">
		<name>HI-027</name>
		<cmt>Hainbergstr. 15, Sillium, Gehöft Revierförsterei</cmt>
		<desc>Hainbergstr. 15, Sillium, Gehöft Revierförsterei</desc>
		<src>Niedersächsische Landesforsten</src>
	</wpt>
	<wpt lat="52.171754999020614" lon="9.9188453512804315">
		<name>HI-004</name>
		<cmt>Hildesheim Mastbergstr am Umspannwerk</cmt>
		<desc>Hildesheim Mastbergstr am Umspannwerk</desc>
		<src>Niedersächsische Landesforsten</src>
	</wpt>
	<wpt lat="52.091506591934042" lon="9.9597369453817741">
		<name>HI-016</name>
		<cmt>Söhre, Gaststätte Söhrer Forsthaus</cmt>
		<desc>Söhre, Gaststätte Söhrer Forsthaus</desc>
		<src>Niedersächsische Landesforsten</src>
	</wpt>
	<wpt lat="52.069026738830487" lon="9.9021280453861991">
		<name>HI-017</name>
		<cmt>L 485 Km 11,4 Diekholzen - Sibbesse</cmt>
		<desc>L 485 Km 11,4 Diekholzen - Sibbesse</desc>
		<src>Niedersächsische Landesforsten</src>
	</wpt>
	<wpt lat="51.572123182122837" lon="9.9400761757183211">
		<name>GÖ-349</name>
		<cmt>Ístl. Ortsrand Weende über Max-Born-Ring &amp;gt; Tobias-Mayer-Weg in Feldmark</cmt>
		<desc>Ístl. Ortsrand Weende über Max-Born-Ring &amp;gt; Tobias-Mayer-Weg in Feldmark</desc>
		<src>Niedersächsische Landesforsten</src>
	</wpt>
	<wpt lat="52.525287962376808" lon="7.7557312671554">
		<name>OS-81</name>
		<cmt>Stönneberg Bippener Str. (L102) / Stönneberg</cmt>
		<desc>Stönneberg Bippener Str. (L102) / Stönneberg</desc>
		<src>Niedersächsische Landesforsten</src>
	</wpt>
	<wpt lat="52.002958331697222" lon="9.6430324270337007">
		<name>HI-138</name>
		<cmt>Camping Humboldtsee Abzweig Waldweg</cmt>
		<desc>Camping Humboldtsee Abzweig Waldweg</desc>
		<src>Niedersächsische Landesforsten</src>
	</wpt>
	<wpt lat="51.971222381612051" lon="10.104996653914412">
		<name>HI-102</name>
		<cmt>Waldparkplatz K 329 nördlich Wollenhausen</cmt>
		<desc>Waldparkplatz K 329 nördlich Wollenhausen</desc>
		<src>Niedersächsische Landesforsten</src>
	</wpt>
	<wpt lat="52.011765379159968" lon="10.042679937936278">
		<name>HI-106</name>
		<cmt>Groß Ilde, Ortseingang, Abzweig nach Klein Ilde</cmt>
		<desc>Groß Ilde, Ortseingang, Abzweig nach Klein Ilde</desc>
		<src>Niedersächsische Landesforsten</src>
	</wpt>
	<wpt lat="52.00625248108134" lon="10.094608614317718">
		<name>HI-104</name>
		<cmt>Hary Ortsmitte an der Bushaltestelle</cmt>
		<desc>Hary Ortsmitte an der Bushaltestelle</desc>
		<src>Niedersächsische Landesforsten</src>
	</wpt>
	<wpt lat="52.01212776476104" lon="10.08673637336789">
		<name>HI-105</name>
		<cmt>Störy Ortseingang aus Richtung Bönnien kommend (K334)</cmt>
		<desc>Störy Ortseingang aus Richtung Bönnien kommend (K334)</desc>
		<src>Niedersächsische Landesforsten</src>
	</wpt>
	<wpt lat="51.994276130925478" lon="9.9118492781981757">
		<name>HI-114</name>
		<cmt>Adenstedt Richtung Alfeld, Waldrand auf der Höhe</cmt>
		<desc>Adenstedt Richtung Alfeld, Waldrand auf der Höhe</desc>
		<src>Niedersächsische Landesforsten</src>
	</wpt>
	<wpt lat="51.99004834850809" lon="10.016175211420153">
		<name>HI-107</name>
		<cmt>Wöllersheim "Ortsmitte" K 317</cmt>
		<desc>Wöllersheim "Ortsmitte" K 317</desc>
		<src>Niedersächsische Landesforsten</src>
	</wpt>
	<wpt lat="51.989046592706437" lon="9.9697198433257661">
		<name>HI-110</name>
		<cmt>Bahnunterführung nähe Netze an der L489</cmt>
		<desc>Bahnunterführung nähe Netze an der L489</desc>
		<src>Niedersächsische Landesforsten</src>
	</wpt>
	<wpt lat="51.968047790455188" lon="9.9884194171313609">
		<name>HI-111</name>
		<cmt>Ortsausgang Graste, Richtung Lamspringe</cmt>
		<desc>Ortsausgang Graste, Richtung Lamspringe</desc>
		<src>Niedersächsische Landesforsten</src>
	</wpt>
	<wpt lat="52.01255705851456" lon="9.9338020869528094">
		<name>HI-115</name>
		<cmt>Sellenstedt von Aldenstedt kommend, Ortseingang</cmt>
		<desc>Sellenstedt von Aldenstedt kommend, Ortseingang</desc>
		<src>Niedersächsische Landesforsten</src>
	</wpt>
	<wpt lat="52.003427870151924" lon="9.8168298993154437">
		<name>HI-129</name>
		<cmt>Eimsen, Parkplatz der Gaststätte "Knust", Hauptstr.</cmt>
		<desc>Eimsen, Parkplatz der Gaststätte "Knust", Hauptstr.</desc>
		<src>Niedersächsische Landesforsten</src>
	</wpt>
	<wpt lat="51.997300594866502" lon="9.8768539787019449">
		<name>HI-117</name>
		<cmt>von Sack Richtung Adenstedt, Ortsausgang hinter dem Ortsschild rechts</cmt>
		<desc>von Sack Richtung Adenstedt, Ortsausgang hinter dem Ortsschild rechts</desc>
		<src>Niedersächsische Landesforsten</src>
	</wpt>
	<wpt lat="52.007710111225308" lon="9.8680409729830831">
		<name>HI-118</name>
		<cmt>Wanderparkplatz Bollhausen, Von Langenholzen Richtung Sibbesse ca 500 m hinter dem Ortsschild links</cmt>
		<desc>Wanderparkplatz Bollhausen, Von Langenholzen Richtung Sibbesse ca 500 m hinter dem Ortsschild links</desc>
		<src>Niedersächsische Landesforsten</src>
	</wpt>
	<wpt lat="52.011394796225126" lon="9.8453375905118143">
		<name>HI-119</name>
		<cmt>Adamihütte, Stadtforst Alfeld</cmt>
		<desc>Adamihütte, Stadtforst Alfeld</desc>
		<src>Niedersächsische Landesforsten</src>
	</wpt>
	<wpt lat="52.022757755326225" lon="9.9195600260145405">
		<name>HI-116</name>
		<cmt>Grafelde, Parkplatz Gasthaus "Zur Linde"</cmt>
		<desc>Grafelde, Parkplatz Gasthaus "Zur Linde"</desc>
		<src>Niedersächsische Landesforsten</src>
	</wpt>
	<wpt lat="52.053691587413837" lon="9.8504374640813435">
		<name>HI-124</name>
		<cmt>Eberholzen; Hauptstr./Rösestr.</cmt>
		<desc>Eberholzen; Hauptstr./Rösestr.</desc>
		<src>Niedersächsische Landesforsten</src>
	</wpt>
	<wpt lat="52.061019830723794" lon="9.823089533586467">
		<name>HI-125</name>
		<cmt>Ortseingang Heinum über Straße Fillekuhle zum Waldrand/Sportplatz</cmt>
		<desc>Ortseingang Heinum über Straße Fillekuhle zum Waldrand/Sportplatz</desc>
		<src>Niedersächsische Landesforsten</src>
	</wpt>
	<wpt lat="52.050902456580353" lon="9.8057976375369567">
		<name>HI-126</name>
		<cmt>Brüggen Richtung Rheden, kurz vor Ortseingang Rheden rechts hoch; über Forellenzucht, Golfplatz bis vor den Wald</cmt>
		<desc>Brüggen Richtung Rheden, kurz vor Ortseingang Rheden rechts hoch; über Forellenzucht, Golfplatz bis vor den Wald</desc>
		<src>Niedersächsische Landesforsten</src>
	</wpt>
	<wpt lat="52.916418475587861" lon="9.657157076565074">
		<name>HK-150</name>
		<cmt>Güntenbusch Westerharler Str. Abzweig zum Röpersberg</cmt>
		<desc>Güntenbusch Westerharler Str. Abzweig zum Röpersberg</desc>
		<src>Niedersächsische Landesforsten</src>
	</wpt>
	<wpt lat="51.587850343571922" lon="10.122833807805238">
		<name>Gö-358</name>
		<cmt>L 523 Ortsmitte Krebeck, Kirche</cmt>
		<desc>L 523 Ortsmitte Krebeck, Kirche</desc>
		<src>Niedersächsische Landesforsten</src>
	</wpt>
	<wpt lat="53.146582685976128" lon="8.1214985122443881">
		<name>WST-013</name>
		<cmt>Einmündung "Eichenweg" in Straße "Woldlinie"</cmt>
		<desc>Einmündung "Eichenweg" in Straße "Woldlinie"</desc>
		<src>Niedersächsische Landesforsten</src>
	</wpt>
	<wpt lat="52.505595236458142" lon="10.303023724351958">
		<name>GF-011</name>
		<cmt>K 42; Abzweigung Siedersdamm</cmt>
		<desc>K 42; Abzweigung Siedersdamm</desc>
		<src>Niedersächsische Landesforsten</src>
	</wpt>
	<wpt lat="53.238617047856302" lon="8.0954264594724492">
		<name>WST-006</name>
		<cmt>L 825 bei Einmündung Nordholzweg</cmt>
		<desc>L 825 bei Einmündung Nordholzweg</desc>
		<src>Niedersächsische Landesforsten</src>
	</wpt>
	<wpt lat="53.018282871037016" lon="9.7156725378203213">
		<name>HK-051</name>
		<cmt>Riensheide K 17 etwa 1 km südlich Neuenkirchen</cmt>
		<desc>Riensheide K 17 etwa 1 km südlich Neuenkirchen</desc>
		<src>Niedersächsische Landesforsten</src>
	</wpt>
	<wpt lat="52.887137682287367" lon="9.5407539758284106">
		<name>HK-061</name>
		<cmt>Große Horst Ortslage Forsthof (Nördlich Fulde)</cmt>
		<desc>Große Horst Ortslage Forsthof (Nördlich Fulde)</desc>
		<src>Niedersächsische Landesforsten</src>
	</wpt>
	<wpt lat="52.891079116624688" lon="9.5097479983634372">
		<name>HK-060</name>
		<cmt>Fulde K120 westlich Gakenhof</cmt>
		<desc>Fulde K120 westlich Gakenhof</desc>
		<src>Niedersächsische Landesforsten</src>
	</wpt>
	<wpt lat="52.898627883967258" lon="9.5747100493018351">
		<name>HK-062</name>
		<cmt>Große Horst L161 an der "Waldspitze"</cmt>
		<desc>Große Horst L161 an der "Waldspitze"</desc>
		<src>Niedersächsische Landesforsten</src>
	</wpt>
	<wpt lat="53.296791742164579" lon="9.1340702334933415">
		<name>ROW-057</name>
		<cmt>Str Rhadereistedt Wentel nördl. Ummel an Eisenbahnübergang</cmt>
		<desc>Str Rhadereistedt Wentel nördl. Ummel an Eisenbahnübergang</desc>
		<src>Niedersächsische Landesforsten</src>
	</wpt>
	<wpt lat="52.942297814818033" lon="8.3753726304936542">
		<name>OL-021</name>
		<cmt>Gaststätte äKläner Hofô in Dötlingen, Rittrumer Kirchweg 5</cmt>
		<desc>Gaststätte äKläner Hofô in Dötlingen, Rittrumer Kirchweg 5</desc>
		<src>Niedersächsische Landesforsten</src>
	</wpt>
	<wpt lat="53.464332958590788" lon="9.4986080868038858">
		<name>STD-104</name>
		<cmt>vom Kreisel Linah in Richtung Harsefeld</cmt>
		<desc>vom Kreisel Linah in Richtung Harsefeld</desc>
		<src>Niedersächsische Landesforsten</src>
	</wpt>
	<wpt lat="52.06036744503848" lon="9.9954126407857249">
		<name>HI-019</name>
		<cmt>Bad Salzdetfurth, Steinköpfe/Ecke HUndsbusch</cmt>
		<desc>Bad Salzdetfurth, Steinköpfe/Ecke HUndsbusch</desc>
		<src>Niedersächsische Landesforsten</src>
	</wpt>
	<wpt lat="52.071593908132499" lon="10.366603420682134">
		<name>SZ-009</name>
		<cmt>SZ BAD, Breite Straße, Zufahrt städt. Friedhof</cmt>
		<desc>SZ BAD, Breite Straße, Zufahrt städt. Friedhof</desc>
		<src>Niedersächsische Landesforsten</src>
	</wpt>
	<wpt lat="52.098188652700088" lon="10.3405177478658">
		<name>SZ-006</name>
		<cmt>L 670 Gebhardshagen/Steinlah(Brücke am Restpostenmarkt)</cmt>
		<desc>L 670 Gebhardshagen/Steinlah(Brücke am Restpostenmarkt)</desc>
		<src>Niedersächsische Landesforsten</src>
	</wpt>
	<wpt lat="52.904488515660127" lon="9.6447317591290371">
		<name>HK-152</name>
		<cmt>An der Eibia, Oberschule Bomlitz&amp;#xD;
</cmt>
		<desc>An der Eibia, Oberschule Bomlitz&amp;#xD;
</desc>
		<src>Niedersächsische Landesforsten</src>
	</wpt>
	<wpt lat="52.678454143806384" lon="10.415626267570961">
		<name>GF-030</name>
		<cmt>K 1; Steinhorst - Gr. Oesingen, Eingang Jafel</cmt>
		<desc>K 1; Steinhorst - Gr. Oesingen, Eingang Jafel</desc>
		<src>Niedersächsische Landesforsten</src>
	</wpt>
	<wpt lat="53.141904745887288" lon="9.4023412341809305">
		<name>ROW-133</name>
		<cmt>Nördlicher Weichel Waldeingang im Nordosten an der Gasförderstation&amp;#xD;
</cmt>
		<desc>Nördlicher Weichel Waldeingang im Nordosten an der Gasförderstation&amp;#xD;
</desc>
		<src>Niedersächsische Landesforsten</src>
	</wpt>
	<wpt lat="52.874252648376348" lon="9.6803164618626063">
		<name>HK-079</name>
		<cmt>Alte Pulvermühle, schräg gegenüber Haus Nr. 30am Wald</cmt>
		<desc>Alte Pulvermühle, schräg gegenüber Haus Nr. 30am Wald</desc>
		<src>Niedersächsische Landesforsten</src>
	</wpt>
	<wpt lat="52.947249975450042" lon="9.3687950004080598">
		<name>VER-013</name>
		<cmt>Lintelner Stüh L171 südlich von Klein Lintelnn</cmt>
		<desc>Lintelner Stüh L171 südlich von Klein Lintelnn</desc>
		<src>Niedersächsische Landesforsten</src>
	</wpt>
	<wpt lat="52.728376452443925" lon="9.4007926490287108">
		<name>NI-011</name>
		<cmt>Lichtenhorst</cmt>
		<desc>Lichtenhorst</desc>
		<src>Niedersächsische Landesforsten</src>
	</wpt>
	<wpt lat="51.899558198781882" lon="10.620633104428798">
		<name>GS-067</name>
		<cmt>Abzweig L 501 / K 46</cmt>
		<desc>Abzweig L 501 / K 46</desc>
		<src>Niedersächsische Landesforsten</src>
	</wpt>
	<wpt lat="52.16908818068746" lon="9.528643839764257">
		<name>H-102</name>
		<cmt>IIKriegerdenkmal</cmt>
		<desc>IIKriegerdenkmal</desc>
		<src>Niedersächsische Landesforsten</src>
	</wpt>
	<wpt lat="52.142369058541568" lon="9.568131009678849">
		<name>HM-057</name>
		<cmt>Wanderhütte Dörpe/Pulverhütte</cmt>
		<desc>Wanderhütte Dörpe/Pulverhütte</desc>
		<src>Niedersächsische Landesforsten</src>
	</wpt>
	<wpt lat="52.059428121210424" lon="9.261283967991524">
		<name>HM-89</name>
		<cmt>Gaststätte Waldquelle</cmt>
		<desc>Gaststätte Waldquelle</desc>
		<src>Niedersächsische Landesforsten</src>
	</wpt>
	<wpt lat="52.052772761944084" lon="9.2227832979721693">
		<name>HM-90</name>
		<cmt>am Ahorn Waldeingang</cmt>
		<desc>am Ahorn Waldeingang</desc>
		<src>Niedersächsische Landesforsten</src>
	</wpt>
	<wpt lat="52.066406754233391" lon="9.1903641559097444">
		<name>HM-95</name>
		<cmt>Landstraße L432</cmt>
		<desc>Landstraße L432</desc>
		<src>Niedersächsische Landesforsten</src>
	</wpt>
	<wpt lat="52.084598147391937" lon="9.2129217441749063">
		<name>HM-96</name>
		<cmt>August Wittrock-Weg</cmt>
		<desc>August Wittrock-Weg</desc>
		<src>Niedersächsische Landesforsten</src>
	</wpt>
	<wpt lat="52.065527303912596" lon="9.2100319006365758">
		<name>HM-97</name>
		<cmt>Grupenhagen-Bruch Waldeingang</cmt>
		<desc>Grupenhagen-Bruch Waldeingang</desc>
		<src>Niedersächsische Landesforsten</src>
	</wpt>
	<wpt lat="52.02133229718374" lon="9.2307241789013137">
		<name>HM-119</name>
		<cmt>Reher Waldeingang Süd</cmt>
		<desc>Reher Waldeingang Süd</desc>
		<src>Niedersächsische Landesforsten</src>
	</wpt>
	<wpt lat="52.019521558166126" lon="9.2210916758355026">
		<name>HM-120</name>
		<cmt>Bundesstraße B1 Reher-Griessem</cmt>
		<desc>Bundesstraße B1 Reher-Griessem</desc>
		<src>Niedersächsische Landesforsten</src>
	</wpt>
	<wpt lat="52.027301686725686" lon="9.2180169078341603">
		<name>HM-123</name>
		<cmt>Reher Waldeingang Nord</cmt>
		<desc>Reher Waldeingang Nord</desc>
		<src>Niedersächsische Landesforsten</src>
	</wpt>
	<wpt lat="52.049131219201158" lon="9.1877014027371491">
		<name>HM-92</name>
		<cmt>Haus Rotbauer</cmt>
		<desc>Haus Rotbauer</desc>
		<src>Niedersächsische Landesforsten</src>
	</wpt>
	<wpt lat="52.056326312353136" lon="9.1747756069879181">
		<name>HM-93</name>
		<cmt>Friedhof Grenzweg</cmt>
		<desc>Friedhof Grenzweg</desc>
		<src>Niedersächsische Landesforsten</src>
	</wpt>
	<wpt lat="52.058717908373829" lon="9.2992635442401586">
		<name>HM-98</name>
		<cmt>Schützenhaus Großberkel</cmt>
		<desc>Schützenhaus Großberkel</desc>
		<src>Niedersächsische Landesforsten</src>
	</wpt>
	<wpt lat="52.344549040851348" lon="8.0458374601814082">
		<name>OS-30</name>
		<cmt>Ruller Str. (L109) / Kohkamp</cmt>
		<desc>Ruller Str. (L109) / Kohkamp</desc>
		<src>Niedersächsische Landesforsten</src>
	</wpt>
	<wpt lat="53.158650856847231" lon="9.2236206991499152">
		<name>ROW-089</name>
		<cmt>Bittstedter Stüh K202 zw. Taaken u Bittstedt</cmt>
		<desc>Bittstedter Stüh K202 zw. Taaken u Bittstedt</desc>
		<src>Niedersächsische Landesforsten</src>
	</wpt>
	<wpt lat="52.535270336921869" lon="7.7666602277775825">
		<name>OS-82</name>
		<cmt>Klein Bokern Bippener Str. (L102) / Stellungsweg bei Osterich</cmt>
		<desc>Klein Bokern Bippener Str. (L102) / Stellungsweg bei Osterich</desc>
		<src>Niedersächsische Landesforsten</src>
	</wpt>
	<wpt lat="52.183818442891599" lon="10.892407289230118">
		<name>HE-006</name>
		<cmt>L641, Nordspitze Waldrand</cmt>
		<desc>L641, Nordspitze Waldrand</desc>
		<src>Niedersächsische Landesforsten</src>
	</wpt>
	<wpt lat="52.30724520695496" lon="10.658361629054484">
		<name>HE-011</name>
		<cmt>L635, Parkplatz Gaststätte</cmt>
		<desc>L635, Parkplatz Gaststätte</desc>
		<src>Niedersächsische Landesforsten</src>
	</wpt>
	<wpt lat="52.318274792536897" lon="10.712168040298435">
		<name>HE-012</name>
		<cmt>Einmündung K32 (Munastr.)</cmt>
		<desc>Einmündung K32 (Munastr.)</desc>
		<src>Niedersächsische Landesforsten</src>
	</wpt>
	<wpt lat="52.266457476262389" lon="10.921973586133259">
		<name>HE-028</name>
		<cmt>Nordwesteinfahr Dorm von K14</cmt>
		<desc>Nordwesteinfahr Dorm von K14</desc>
		<src>Niedersächsische Landesforsten</src>
	</wpt>
	<wpt lat="52.188753535844917" lon="10.533868258268106">
		<name>BS-003</name>
		<cmt>Sternhaus</cmt>
		<desc>Sternhaus</desc>
		<src>Niedersächsische Landesforsten</src>
	</wpt>
	<wpt lat="51.876104616616857" lon="10.228671227586345">
		<name>GS-116</name>
		<cmt>Parkplatz Neckelnberg, L 516 zwischen Seesen und Lautenthal,</cmt>
		<desc>Parkplatz Neckelnberg, L 516 zwischen Seesen und Lautenthal,</desc>
		<src>Niedersächsische Landesforsten</src>
	</wpt>
	<wpt lat="51.962611332461485" lon="10.139522822525931">
		<name>HI-028</name>
		<cmt>B243, Km 9,4; zwischen Bornum und Rhüden, am Autobahntunnel</cmt>
		<desc>B243, Km 9,4; zwischen Bornum und Rhüden, am Autobahntunnel</desc>
		<src>Niedersächsische Landesforsten</src>
	</wpt>
	<wpt lat="51.583111154049028" lon="9.9419197312632441">
		<name>GÖ-352</name>
		<cmt>Bovenden Sonnenberg, Kreisel geradeaus bis Ortsrand, Wurzelbruchweg</cmt>
		<desc>Bovenden Sonnenberg, Kreisel geradeaus bis Ortsrand, Wurzelbruchweg</desc>
		<src>Niedersächsische Landesforsten</src>
	</wpt>
	<wpt lat="51.620097710354585" lon="10.322052539803693">
		<name>OHA-713</name>
		<cmt>L530, Herzberg &amp;gt; Pöhlde, 1 km nach Kreisel links, "In den Birken"</cmt>
		<desc>L530, Herzberg &amp;gt; Pöhlde, 1 km nach Kreisel links, "In den Birken"</desc>
		<src>Niedersächsische Landesforsten</src>
	</wpt>
	<wpt lat="51.489579577887078" lon="10.056983856928069">
		<name>GÖ-325</name>
		<cmt>L569 Benniehausen &amp;gt; Wöllmarshausen, nach 200 m links</cmt>
		<desc>L569 Benniehausen &amp;gt; Wöllmarshausen, nach 200 m links</desc>
		<src>Niedersächsische Landesforsten</src>
	</wpt>
	<wpt lat="52.362407270820412" lon="10.570845331966286">
		<name>GF-001</name>
		<cmt>K 61; Wegekreuzung Weddesbüttel</cmt>
		<desc>K 61; Wegekreuzung Weddesbüttel</desc>
		<src>Niedersächsische Landesforsten</src>
	</wpt>
	<wpt lat="52.129420996138272" lon="10.66942700459215">
		<name>WF-003</name>
		<cmt>Asse, Schacht 2</cmt>
		<desc>Asse, Schacht 2</desc>
		<src>Niedersächsische Landesforsten</src>
	</wpt>
	<wpt lat="52.132369077575227" lon="9.9607703512850758">
		<name>HI-008</name>
		<cmt>Hildesheim, Wiesenstr. Haupteingang Concordia Stad</cmt>
		<desc>Hildesheim, Wiesenstr. Haupteingang Concordia Stad</desc>
		<src>Niedersächsische Landesforsten</src>
	</wpt>
	<wpt lat="52.057972578152722" lon="9.9201323633412528">
		<name>HI-018</name>
		<cmt>L 482  Km 1,2 Sibbesse - Petze</cmt>
		<desc>L 482  Km 1,2 Sibbesse - Petze</desc>
		<src>Niedersächsische Landesforsten</src>
	</wpt>
	<wpt lat="52.048090515867074" lon="10.010930075364861">
		<name>HI-020</name>
		<cmt>Bad Salzdethfurt, An der Schafweide 10</cmt>
		<desc>Bad Salzdethfurt, An der Schafweide 10</desc>
		<src>Niedersächsische Landesforsten</src>
	</wpt>
	<wpt lat="52.045492916062912" lon="10.030771355184608">
		<name>HI-021</name>
		<cmt>K 315   Km 2,1; 500m östl. vor Ortseingang Wehrstedt</cmt>
		<desc>K 315   Km 2,1; 500m östl. vor Ortseingang Wehrstedt</desc>
		<src>Niedersächsische Landesforsten</src>
	</wpt>
	<wpt lat="51.928729243594944" lon="10.317013834134448">
		<name>GS-176</name>
		<cmt>Langelsheim, Waldrand Abt. 283 Verzinkerei Langer</cmt>
		<desc>Langelsheim, Waldrand Abt. 283 Verzinkerei Langer</desc>
		<src>Niedersächsische Landesforsten</src>
	</wpt>
	<wpt lat="52.071956063235604" lon="10.330276744641582">
		<name>WF-014</name>
		<cmt>K 81 Km 4,8 südl. Ortseingang Steinlah</cmt>
		<desc>K 81 Km 4,8 südl. Ortseingang Steinlah</desc>
		<src>Niedersächsische Landesforsten</src>
	</wpt>
	<wpt lat="53.231089534709312" lon="8.6722741980405473">
		<name>OHZ-504</name>
		<cmt>L 149 - Heilshorn nach Brundorf - Einfahrt Lehnstedter Weg - km 3,6</cmt>
		<desc>L 149 - Heilshorn nach Brundorf - Einfahrt Lehnstedter Weg - km 3,6</desc>
		<src>Niedersächsische Landesforsten</src>
	</wpt>
	<wpt lat="53.257004934786778" lon="8.710381905491726">
		<name>OHZ-505</name>
		<cmt>L 135 - Heilshorn nach Brundorf - Einfahrt "Forstweg" - km 36,9</cmt>
		<desc>L 135 - Heilshorn nach Brundorf - Einfahrt "Forstweg" - km 36,9</desc>
		<src>Niedersächsische Landesforsten</src>
	</wpt>
	<wpt lat="53.273158155861175" lon="8.7427772733267499">
		<name>OHZ-506</name>
		<cmt>K 46 - Notrufsäule - km 6,2</cmt>
		<desc>K 46 - Notrufsäule - km 6,2</desc>
		<src>Niedersächsische Landesforsten</src>
	</wpt>
	<wpt lat="53.357247180612738" lon="8.8270298514973629">
		<name>OHZ-410</name>
		<cmt>Abzweig Klinkerstraße an der L128 zwischen Oldendorf und Lübberstedt</cmt>
		<desc>Abzweig Klinkerstraße an der L128 zwischen Oldendorf und Lübberstedt</desc>
		<src>Niedersächsische Landesforsten</src>
	</wpt>
	<wpt lat="53.38292653995402" lon="8.9560268794467639">
		<name>ROW-402</name>
		<cmt>L 122 - Kuhstedt Richtung Altwistedt, Abzweigung Schützenstraße</cmt>
		<desc>L 122 - Kuhstedt Richtung Altwistedt, Abzweigung Schützenstraße</desc>
		<src>Niedersächsische Landesforsten</src>
	</wpt>
	<wpt lat="52.624362047842268" lon="7.676829078949674">
		<name>OS-90</name>
		<cmt>Grafeld Berger Str. / Herzlaker Str.</cmt>
		<desc>Grafeld Berger Str. / Herzlaker Str.</desc>
		<src>Niedersächsische Landesforsten</src>
	</wpt>
	<wpt lat="52.666541102692435" lon="7.9141345173105702">
		<name>OS-91</name>
		<cmt>Mimmelager Str. / Fliegerhorst</cmt>
		<desc>Mimmelager Str. / Fliegerhorst</desc>
		<src>Niedersächsische Landesforsten</src>
	</wpt>
	<wpt lat="52.411304247153936" lon="7.4046085507733919">
		<name>EL-5</name>
		<cmt>Moolager Straße</cmt>
		<desc>Moolager Straße</desc>
		<src>Niedersächsische Landesforsten</src>
	</wpt>
	<wpt lat="53.234686346328097" lon="11.024713974754544">
		<name>LG-058</name>
		<cmt>Revierförsterei Falkenhof</cmt>
		<desc>Revierförsterei Falkenhof</desc>
		<src>Niedersächsische Landesforsten</src>
	</wpt>
	<wpt lat="53.234047761946186" lon="10.977821626343326">
		<name>LG-059</name>
		<cmt>B 195 Zeetze Bushalte Gutitz</cmt>
		<desc>B 195 Zeetze Bushalte Gutitz</desc>
		<src>Niedersächsische Landesforsten</src>
	</wpt>
	<wpt lat="52.390070323497447" lon="7.3819561353335441">
		<name>EL-3</name>
		<cmt>Moorlager Straße (K310)</cmt>
		<desc>Moorlager Straße (K310)</desc>
		<src>Niedersächsische Landesforsten</src>
	</wpt>
	<wpt lat="52.399194042809505" lon="7.4688981744749388">
		<name>EL-4</name>
		<cmt>Am Speller Sand</cmt>
		<desc>Am Speller Sand</desc>
		<src>Niedersächsische Landesforsten</src>
	</wpt>
	<wpt lat="52.440534575136894" lon="7.394193162454779">
		<name>EL-7</name>
		<cmt>Deponie Venneberg Bramscher Str. (B70)</cmt>
		<desc>Deponie Venneberg Bramscher Str. (B70)</desc>
		<src>Niedersächsische Landesforsten</src>
	</wpt>
	<wpt lat="52.511521053414647" lon="7.3512528760804416">
		<name>EL-20</name>
		<cmt>Auguststraße Reithalle</cmt>
		<desc>Auguststraße Reithalle</desc>
		<src>Niedersächsische Landesforsten</src>
	</wpt>
	<wpt lat="53.354160026646767" lon="8.8658396188254081">
		<name>OHZ-406</name>
		<cmt>K23 - Schild Vorgeschichtspfad in Paddewisch an K23 Abzweig Eckernhofstraße</cmt>
		<desc>K23 - Schild Vorgeschichtspfad in Paddewisch an K23 Abzweig Eckernhofstraße</desc>
		<src>Niedersächsische Landesforsten</src>
	</wpt>
	<wpt lat="53.066517502570079" lon="8.163325863218228">
		<name>OL-022</name>
		<cmt>Kreuzung "Wardenburger Str.", "Böseler Str." an der Fußgängerampel</cmt>
		<desc>Kreuzung "Wardenburger Str.", "Böseler Str." an der Fußgängerampel</desc>
		<src>Niedersächsische Landesforsten</src>
	</wpt>
	<wpt lat="53.008864052731461" lon="8.2529480118159348">
		<name>OL-033</name>
		<cmt>"Heidkampsweg" (K 237, km 17,4)</cmt>
		<desc>"Heidkampsweg" (K 237, km 17,4)</desc>
		<src>Niedersächsische Landesforsten</src>
	</wpt>
	<wpt lat="52.986023513608153" lon="8.2503867653205845">
		<name>OL-038</name>
		<cmt>Wanderparkplatz "Döhler Wehe" (K 337, Km 24,1)</cmt>
		<desc>Wanderparkplatz "Döhler Wehe" (K 337, Km 24,1)</desc>
		<src>Niedersächsische Landesforsten</src>
	</wpt>
	<wpt lat="52.97613911116995" lon="8.2476034598244841">
		<name>OL-039</name>
		<cmt>"Zum Döhler Wehe" - "An dem Wehe"</cmt>
		<desc>"Zum Döhler Wehe" - "An dem Wehe"</desc>
		<src>Niedersächsische Landesforsten</src>
	</wpt>
	<wpt lat="52.942485156070077" lon="8.606639316170817">
		<name>OL-062</name>
		<cmt>Straße "Lindensiek" (L776 bei km 3,7)</cmt>
		<desc>Straße "Lindensiek" (L776 bei km 3,7)</desc>
		<src>Niedersächsische Landesforsten</src>
	</wpt>
	<wpt lat="52.957297429406694" lon="8.632870610849519">
		<name>OL-061</name>
		<cmt>Einfahrt Standortschießanlage</cmt>
		<desc>Einfahrt Standortschießanlage</desc>
		<src>Niedersächsische Landesforsten</src>
	</wpt>
	<wpt lat="52.964973721093415" lon="8.7132657631094297">
		<name>DH-008</name>
		<cmt>Bartelshorn, B439, Abfahrt: Heiligenroder Str.</cmt>
		<desc>Bartelshorn, B439, Abfahrt: Heiligenroder Str.</desc>
		<src>Niedersächsische Landesforsten</src>
	</wpt>
	<wpt lat="52.03227822016396" lon="9.7332146418969501">
		<name>HI-133</name>
		<cmt>Lübrechtsen Ortsausgang Richtung Hoyershausen (Trafostation)</cmt>
		<desc>Lübrechtsen Ortsausgang Richtung Hoyershausen (Trafostation)</desc>
		<src>Niedersächsische Landesforsten</src>
	</wpt>
	<wpt lat="52.031951579787325" lon="9.7069350933735059">
		<name>HI-134</name>
		<cmt>Waldparkplatz Ahe</cmt>
		<desc>Waldparkplatz Ahe</desc>
		<src>Niedersächsische Landesforsten</src>
	</wpt>
	<wpt lat="52.007240612987054" lon="9.7105717004163115">
		<name>HI-141</name>
		<cmt>Alter Teichenweg; "Wulfseiche"</cmt>
		<desc>Alter Teichenweg; "Wulfseiche"</desc>
		<src>Niedersächsische Landesforsten</src>
	</wpt>
	<wpt lat="51.999439509941467" lon="9.6619058920687326">
		<name>HI-143</name>
		<cmt>Bruchseeparkplatz (direkt an der B 240)</cmt>
		<desc>Bruchseeparkplatz (direkt an der B 240)</desc>
		<src>Niedersächsische Landesforsten</src>
	</wpt>
	<wpt lat="51.987875458337165" lon="9.6504115721394115">
		<name>HI-144</name>
		<cmt>Fölziehausen, B 240 Abzweig Wallenstraße</cmt>
		<desc>Fölziehausen, B 240 Abzweig Wallenstraße</desc>
		<src>Niedersächsische Landesforsten</src>
	</wpt>
	<wpt lat="53.295086925307409" lon="8.642972030646165">
		<name>CUX-514</name>
		<cmt>Lehnstedt, Meyenburger Straße, Waldeingang</cmt>
		<desc>Lehnstedt, Meyenburger Straße, Waldeingang</desc>
		<src>Niedersächsische Landesforsten</src>
	</wpt>
	<wpt lat="51.951375965201748" lon="9.9135931350115012">
		<name>HI-156</name>
		<cmt>Feuerwehrhaus Everode, Koppelweg 9</cmt>
		<desc>Feuerwehrhaus Everode, Koppelweg 9</desc>
		<src>Niedersächsische Landesforsten</src>
	</wpt>
	<wpt lat="51.923788982804965" lon="9.8667637514618036">
		<name>HI-159</name>
		<cmt>"Selter-Cafe", Freden</cmt>
		<desc>"Selter-Cafe", Freden</desc>
		<src>Niedersächsische Landesforsten</src>
	</wpt>
	<wpt lat="52.485268461920953" lon="10.12585005783291">
		<name>H-172</name>
		<cmt>Klintweg Am Waldrand</cmt>
		<desc>Klintweg Am Waldrand</desc>
		<src>Niedersächsische Landesforsten</src>
	</wpt>
	<wpt lat="52.609900604967372" lon="10.024813631316588">
		<name>CE-028</name>
		<cmt>Wangelinweg 1 ehem. Rfö. Celle</cmt>
		<desc>Wangelinweg 1 ehem. Rfö. Celle</desc>
		<src>Niedersächsische Landesforsten</src>
	</wpt>
	<wpt lat="52.924770710557802" lon="8.5917336040359196">
		<name>OL-064</name>
		<cmt>Horstedter Weg, Schutzhütte</cmt>
		<desc>Horstedter Weg, Schutzhütte</desc>
		<src>Niedersächsische Landesforsten</src>
	</wpt>
	<wpt lat="52.614525530042812" lon="9.9305867103743548">
		<name>CE-033</name>
		<cmt>L 298 Abzweigung Knüppeldamm</cmt>
		<desc>L 298 Abzweigung Knüppeldamm</desc>
		<src>Niedersächsische Landesforsten</src>
	</wpt>
	<wpt lat="52.633047445893389" lon="9.9234744005615703">
		<name>CE-034</name>
		<cmt>Wietzer Str. 9 Rfö. Ovelgönne</cmt>
		<desc>Wietzer Str. 9 Rfö. Ovelgönne</desc>
		<src>Niedersächsische Landesforsten</src>
	</wpt>
	<wpt lat="52.632888621706783" lon="9.8382780809212509">
		<name>CE-035</name>
		<cmt>Fuhrberger Str. K 5 Ortseingang Wieckenberg von Süden</cmt>
		<desc>Fuhrberger Str. K 5 Ortseingang Wieckenberg von Süden</desc>
		<src>Niedersächsische Landesforsten</src>
	</wpt>
	<wpt lat="51.99198040917129" lon="9.6647616952102027">
		<name>HI-145</name>
		<cmt>Blumenffleck, ehe. Forsthaus</cmt>
		<desc>Blumenffleck, ehe. Forsthaus</desc>
		<src>Niedersächsische Landesforsten</src>
	</wpt>
	<wpt lat="52.513436189632138" lon="9.8981217339936229">
		<name>H-145</name>
		<cmt>Waldparkplatz Rahden K 119</cmt>
		<desc>Waldparkplatz Rahden K 119</desc>
		<src>Niedersächsische Landesforsten</src>
	</wpt>
	<wpt lat="52.551551649457728" lon="9.900977150607785">
		<name>H-146</name>
		<cmt>Knüppeldamm Tiefes Bruch</cmt>
		<desc>Knüppeldamm Tiefes Bruch</desc>
		<src>Niedersächsische Landesforsten</src>
	</wpt>
	<wpt lat="52.570107599211809" lon="9.8697078767206108">
		<name>H-149</name>
		<cmt>Grasbruchweg Holzlagerplatz</cmt>
		<desc>Grasbruchweg Holzlagerplatz</desc>
		<src>Niedersächsische Landesforsten</src>
	</wpt>
	<wpt lat="51.599860696709314" lon="10.537004971522757">
		<name>OHA-601</name>
		<cmt>Stadtforst Bad Sachsa, Ende Brandstraße, westl. Ortsrand</cmt>
		<desc>Stadtforst Bad Sachsa, Ende Brandstraße, westl. Ortsrand</desc>
		<src>Niedersächsische Landesforsten</src>
	</wpt>
	<wpt lat="52.582575069044132" lon="9.8730641644380874">
		<name>H-150</name>
		<cmt>Parkplatz an der L 310</cmt>
		<desc>Parkplatz an der L 310</desc>
		<src>Niedersächsische Landesforsten</src>
	</wpt>
	<wpt lat="52.608105994234279" lon="9.7637723680639255">
		<name>H-151</name>
		<cmt>Waldparkplatz an der K 108 im Rundshorn</cmt>
		<desc>Waldparkplatz an der K 108 im Rundshorn</desc>
		<src>Niedersächsische Landesforsten</src>
	</wpt>
	<wpt lat="51.604457885909746" lon="10.568520364998138">
		<name>OHA-603</name>
		<cmt>Stadtforst Bad Sachsa, Campingplatz Borntal, östl. Ortsrand</cmt>
		<desc>Stadtforst Bad Sachsa, Campingplatz Borntal, östl. Ortsrand</desc>
		<src>Niedersächsische Landesforsten</src>
	</wpt>
	<wpt lat="52.456146228456006" lon="9.4839206935986038">
		<name>H-153</name>
		<cmt>K339 Einmündung in die Ricklinger Str. in Bordenau</cmt>
		<desc>K339 Einmündung in die Ricklinger Str. in Bordenau</desc>
		<src>Niedersächsische Landesforsten</src>
	</wpt>
	<wpt lat="52.484790043582635" lon="9.495872506796033">
		<name>H-156</name>
		<cmt>Gaststätte Zum Dammhirsch an der B6</cmt>
		<desc>Gaststätte Zum Dammhirsch an der B6</desc>
		<src>Niedersächsische Landesforsten</src>
	</wpt>
	<wpt lat="52.533374933283959" lon="9.5728999179636958">
		<name>H-160</name>
		<cmt>Am Birkenkamp Scharrel Richtung Waldrand</cmt>
		<desc>Am Birkenkamp Scharrel Richtung Waldrand</desc>
		<src>Niedersächsische Landesforsten</src>
	</wpt>
	<wpt lat="52.548536837961564" lon="9.5564650179570361">
		<name>H-161</name>
		<cmt>Zur Heide Metel Abzweigung Richtung Waldrand</cmt>
		<desc>Zur Heide Metel Abzweigung Richtung Waldrand</desc>
		<src>Niedersächsische Landesforsten</src>
	</wpt>
	<wpt lat="51.981174816765865" lon="9.7918535256627468">
		<name>HI-150</name>
		<cmt>Warzen am Sportplatz</cmt>
		<desc>Warzen am Sportplatz</desc>
		<src>Niedersächsische Landesforsten</src>
	</wpt>
	<wpt lat="51.959327604162596" lon="9.7873687338927713">
		<name>HI-151</name>
		<cmt>Gerzen Richtung Grünenplan; Parkplatz/Haltebucht auf der Kuppe L 484</cmt>
		<desc>Gerzen Richtung Grünenplan; Parkplatz/Haltebucht auf der Kuppe L 484</desc>
		<src>Niedersächsische Landesforsten</src>
	</wpt>
	<wpt lat="51.9712706511881" lon="9.8075797999581784">
		<name>HI-152</name>
		<cmt>Gerzer Schlag</cmt>
		<desc>Gerzer Schlag</desc>
		<src>Niedersächsische Landesforsten</src>
	</wpt>
	<wpt lat="51.966816256382074" lon="9.8291738109362541">
		<name>HI-153</name>
		<cmt>Förste, Abzweig Heidegrunder Straße (Richtung Wald)</cmt>
		<desc>Förste, Abzweig Heidegrunder Straße (Richtung Wald)</desc>
		<src>Niedersächsische Landesforsten</src>
	</wpt>
	<wpt lat="52.482250268210187" lon="10.200015022913966">
		<name>H-168</name>
		<cmt>Dammstrasse Uetze OT Wilhelmshöhe</cmt>
		<desc>Dammstrasse Uetze OT Wilhelmshöhe</desc>
		<src>Niedersächsische Landesforsten</src>
	</wpt>
	<wpt lat="52.470807096450265" lon="10.139134101143343">
		<name>H-170</name>
		<cmt>Hoher Weg  Ecke Schilfbruchstr.  am Waldrand</cmt>
		<desc>Hoher Weg  Ecke Schilfbruchstr.  am Waldrand</desc>
		<src>Niedersächsische Landesforsten</src>
	</wpt>
	<wpt lat="51.603921519870497" lon="10.549693806823919">
		<name>OHA-602</name>
		<cmt>Stadtforst Bad Sachsa, Wohnmobilstellplatz / Schützenplatz</cmt>
		<desc>Stadtforst Bad Sachsa, Wohnmobilstellplatz / Schützenplatz</desc>
		<src>Niedersächsische Landesforsten</src>
	</wpt>
	<wpt lat="53.137037494416184" lon="9.3600974432973665">
		<name>ROW-094</name>
		<cmt>B 71 Waldeingang Nähe Domäne Luhne (östlich Lentkaserne)</cmt>
		<desc>B 71 Waldeingang Nähe Domäne Luhne (östlich Lentkaserne)</desc>
		<src>Niedersächsische Landesforsten</src>
	</wpt>
	<wpt lat="53.120219419501815" lon="9.378530192772887">
		<name>ROW-096</name>
		<cmt>Nördliche Ahe Maschinenpark Bremer Str. 57 (südlich  B 75)</cmt>
		<desc>Nördliche Ahe Maschinenpark Bremer Str. 57 (südlich  B 75)</desc>
		<src>Niedersächsische Landesforsten</src>
	</wpt>
	<wpt lat="53.121187293953376" lon="9.3806727873766782">
		<name>ROW-097</name>
		<cmt>nördlich B 71/75 Feldweg parallel zur Bundesstraße</cmt>
		<desc>nördlich B 71/75 Feldweg parallel zur Bundesstraße</desc>
		<src>Niedersächsische Landesforsten</src>
	</wpt>
	<wpt lat="53.105835204035465" lon="9.3769537169159349">
		<name>ROW-098</name>
		<cmt>Südliche Ahe Spielplatz</cmt>
		<desc>Südliche Ahe Spielplatz</desc>
		<src>Niedersächsische Landesforsten</src>
	</wpt>
	<wpt lat="53.131957457055762" lon="9.4227088243988142">
		<name>ROW-099</name>
		<cmt>Int.Forst Rtbg.Abt 1 nördlich  B 75 Nähe Mühlenbachsee</cmt>
		<desc>Int.Forst Rtbg.Abt 1 nördlich  B 75 Nähe Mühlenbachsee</desc>
		<src>Niedersächsische Landesforsten</src>
	</wpt>
	<wpt lat="53.125704586718292" lon="9.4092092914789252">
		<name>ROW-100</name>
		<cmt>Waldstück: "Kleine Domäne" Gasförderstation</cmt>
		<desc>Waldstück: "Kleine Domäne" Gasförderstation</desc>
		<src>Niedersächsische Landesforsten</src>
	</wpt>
	<wpt lat="53.121719381776742" lon="9.4269553337909162">
		<name>ROW-101</name>
		<cmt>Stüh Int.Forst. B 71 Westspitze des Waldstücks, im Anschluß an die Bebauung (Trimmpfad)</cmt>
		<desc>Stüh Int.Forst. B 71 Westspitze des Waldstücks, im Anschluß an die Bebauung (Trimmpfad)</desc>
		<src>Niedersächsische Landesforsten</src>
	</wpt>
	<wpt lat="53.114883172227884" lon="9.4434832084538751">
		<name>ROW-102</name>
		<cmt>Ahlsdorf Waldanfang östlich von Rtbg.</cmt>
		<desc>Ahlsdorf Waldanfang östlich von Rtbg.</desc>
		<src>Niedersächsische Landesforsten</src>
	</wpt>
	<wpt lat="53.101216453324554" lon="9.4425522877311909">
		<name>ROW-103</name>
		<cmt>Ellernhorn Int. Forst Rtbg. zw. B 71 und Bahngleis</cmt>
		<desc>Ellernhorn Int. Forst Rtbg. zw. B 71 und Bahngleis</desc>
		<src>Niedersächsische Landesforsten</src>
	</wpt>
	<wpt lat="53.099540157190475" lon="9.4129103083962224">
		<name>ROW-104</name>
		<cmt>Int.forst Rtbg. Stockforthweg nördlich B 440 Rodaubrücke</cmt>
		<desc>Int.forst Rtbg. Stockforthweg nördlich B 440 Rodaubrücke</desc>
		<src>Niedersächsische Landesforsten</src>
	</wpt>
	<wpt lat="52.868047565258109" lon="8.19695765495978">
		<name>CLP-025</name>
		<cmt>Eisenschranke</cmt>
		<desc>Eisenschranke</desc>
		<src>Niedersächsische Landesforsten</src>
	</wpt>
	<wpt lat="53.071437235869652" lon="9.3546141932515479">
		<name>ROW-106</name>
		<cmt>Forstort Unterstedt südlich Unterstedt Friedhof</cmt>
		<desc>Forstort Unterstedt südlich Unterstedt Friedhof</desc>
		<src>Niedersächsische Landesforsten</src>
	</wpt>
	<wpt lat="53.07292490195195" lon="9.3335072289342094">
		<name>ROW-105</name>
		<cmt>Forstort Unterstedt Int.forst Rtbg. Abt.13 K217 nordöstlich Ahausen</cmt>
		<desc>Forstort Unterstedt Int.forst Rtbg. Abt.13 K217 nordöstlich Ahausen</desc>
		<src>Niedersächsische Landesforsten</src>
	</wpt>
	<wpt lat="53.074077127544861" lon="9.3848352858131676">
		<name>ROW-109</name>
		<cmt>Grafel Alte Försterei</cmt>
		<desc>Grafel Alte Försterei</desc>
		<src>Niedersächsische Landesforsten</src>
	</wpt>
	<wpt lat="53.084060369395907" lon="9.4204614535196907">
		<name>ROW-108</name>
		<cmt>Bachenbruch und Lintel B 440 Rtg. Hartmannshof abbiegen</cmt>
		<desc>Bachenbruch und Lintel B 440 Rtg. Hartmannshof abbiegen</desc>
		<src>Niedersächsische Landesforsten</src>
	</wpt>
	<wpt lat="52.34203455613644" lon="10.85171370453001">
		<name>WOB-007</name>
		<cmt>Tankstelle Almke</cmt>
		<desc>Tankstelle Almke</desc>
		<src>Niedersächsische Landesforsten</src>
	</wpt>
	<wpt lat="52.334713234441033" lon="10.316296519622808">
		<name>PE-005</name>
		<cmt>K 71, Zum Campingplatz</cmt>
		<desc>K 71, Zum Campingplatz</desc>
		<src>Niedersächsische Landesforsten</src>
	</wpt>
	<wpt lat="53.058733128165777" lon="9.4225819928109527">
		<name>ROW-112</name>
		<cmt>Bullenseeparkplatz</cmt>
		<desc>Bullenseeparkplatz</desc>
		<src>Niedersächsische Landesforsten</src>
	</wpt>
	<wpt lat="52.306798855372001" lon="10.353775111213041">
		<name>PE-006</name>
		<cmt>Gaststätte Sophienruh</cmt>
		<desc>Gaststätte Sophienruh</desc>
		<src>Niedersächsische Landesforsten</src>
	</wpt>
	<wpt lat="52.193864340287547" lon="10.785058176566469">
		<name>WF-005</name>
		<cmt>Forsthaus Gr. Rode</cmt>
		<desc>Forsthaus Gr. Rode</desc>
		<src>Niedersächsische Landesforsten</src>
	</wpt>
	<wpt lat="52.165838773168588" lon="10.826594682445315">
		<name>WF-008</name>
		<cmt>Watzumer Häuschen</cmt>
		<desc>Watzumer Häuschen</desc>
		<src>Niedersächsische Landesforsten</src>
	</wpt>
	<wpt lat="52.459593382500294" lon="10.616980697317922">
		<name>GF-008</name>
		<cmt>Parkplatz am Tankumsee</cmt>
		<desc>Parkplatz am Tankumsee</desc>
		<src>Niedersächsische Landesforsten</src>
	</wpt>
	<wpt lat="52.262347383625297" lon="10.586655073483787">
		<name>BS-004</name>
		<cmt>Gaststätte Grüner Jäger</cmt>
		<desc>Gaststätte Grüner Jäger</desc>
		<src>Niedersächsische Landesforsten</src>
	</wpt>
	<wpt lat="51.684895714697227" lon="9.9415388445043558">
		<name>NOM-724</name>
		<cmt>Hillerse, Ortsausgang im W &amp;gt; Großenrode</cmt>
		<desc>Hillerse, Ortsausgang im W &amp;gt; Großenrode</desc>
		<src>Niedersächsische Landesforsten</src>
	</wpt>
	<wpt lat="51.728752582895204" lon="10.227754955520467">
		<name>OHA-547</name>
		<cmt>Stadtforst Osterode, Hövelstal  B 241 / Parkbucht gegenüber Hof</cmt>
		<desc>Stadtforst Osterode, Hövelstal  B 241 / Parkbucht gegenüber Hof</desc>
		<src>Niedersächsische Landesforsten</src>
	</wpt>
	<wpt lat="52.067791057112125" lon="9.550425608607723">
		<name>HM-063</name>
		<cmt>Lauensteiner Platte, direkt an der L425 zwischen "Haus Harderode" und Lauenstein</cmt>
		<desc>Lauensteiner Platte, direkt an der L425 zwischen "Haus Harderode" und Lauenstein</desc>
		<src>Niedersächsische Landesforsten</src>
	</wpt>
	<wpt lat="52.298609075498639" lon="9.7095533602848487">
		<name>H-128</name>
		<cmt>Sohlkamp 2 Cafe Webstuhl</cmt>
		<desc>Sohlkamp 2 Cafe Webstuhl</desc>
		<src>Niedersächsische Landesforsten</src>
	</wpt>
	<wpt lat="52.977769339734728" lon="10.218192121029196">
		<name>HK-030</name>
		<cmt>B 71; Lintzel - Oerrel Km 25 Notrufsäule (Kenn Nr. 7292)</cmt>
		<desc>B 71; Lintzel - Oerrel Km 25 Notrufsäule (Kenn Nr. 7292)</desc>
		<src>Niedersächsische Landesforsten</src>
	</wpt>
	<wpt lat="51.728689741657433" lon="10.04542403925873">
		<name>NOM-730</name>
		<cmt>K407 Siedlung Brunstein, Ortseingangsschild</cmt>
		<desc>K407 Siedlung Brunstein, Ortseingangsschild</desc>
		<src>Niedersächsische Landesforsten</src>
	</wpt>
	<wpt lat="51.696053719529687" lon="9.5418427041217111">
		<name>NOM-214</name>
		<cmt>B241 Waldeingang westl.Schönhagen</cmt>
		<desc>B241 Waldeingang westl.Schönhagen</desc>
		<src>Niedersächsische Landesforsten</src>
	</wpt>
	<wpt lat="51.762277601742767" lon="9.7112162543065015">
		<name>NOM-411</name>
		<cmt>Hilwartshausen Parkplatz Wasserbehälter am Waldrand</cmt>
		<desc>Hilwartshausen Parkplatz Wasserbehälter am Waldrand</desc>
		<src>Niedersächsische Landesforsten</src>
	</wpt>
	<wpt lat="52.507841134995004" lon="10.104359640059702">
		<name>H-173</name>
		<cmt>Celler Weg Einfahrt zum Waldlager Fa. Lorenz</cmt>
		<desc>Celler Weg Einfahrt zum Waldlager Fa. Lorenz</desc>
		<src>Niedersächsische Landesforsten</src>
	</wpt>
	<wpt lat="51.644151549713669" lon="9.6390668214865478">
		<name>NOM-412</name>
		<cmt>Uslar K444 Parkplatz Eichholz am Viadukt</cmt>
		<desc>Uslar K444 Parkplatz Eichholz am Viadukt</desc>
		<src>Niedersächsische Landesforsten</src>
	</wpt>
	<wpt lat="51.660552311620947" lon="10.522389606877425">
		<name>OHA-447</name>
		<cmt>B 27 Bad Lauterberg - Braunlage; Einmündung Hillebilleweg (Abt. 420)</cmt>
		<desc>B 27 Bad Lauterberg - Braunlage; Einmündung Hillebilleweg (Abt. 420)</desc>
		<src>Niedersächsische Landesforsten</src>
	</wpt>
	<wpt lat="52.464509831163767" lon="8.4236160666152351">
		<name>DH-5</name>
		<cmt>Brockum Rahdener Str. (L346) Zum Berge</cmt>
		<desc>Brockum Rahdener Str. (L346) Zum Berge</desc>
		<src>Niedersächsische Landesforsten</src>
	</wpt>
	<wpt lat="51.600588059607176" lon="9.9602584558334204">
		<name>GÖ-363</name>
		<cmt>K1 Eddigehausen &amp;gt; Reyershausen, 1 km nach Ampel links, Schäferhundeplatz</cmt>
		<desc>K1 Eddigehausen &amp;gt; Reyershausen, 1 km nach Ampel links, Schäferhundeplatz</desc>
		<src>Niedersächsische Landesforsten</src>
	</wpt>
	<wpt lat="52.936474883585078" lon="7.8371095221073537">
		<name>CLP-011</name>
		<cmt>Markhausen, Hauptstraße Abzweigung "Franz-sin-Damm"</cmt>
		<desc>Markhausen, Hauptstraße Abzweigung "Franz-sin-Damm"</desc>
		<src>Niedersächsische Landesforsten</src>
	</wpt>
	<wpt lat="51.672384408769268" lon="9.6574922445791742">
		<name>NOM-413</name>
		<cmt>Vahle K446 Ortsmitte an der zentralen Kreuzung</cmt>
		<desc>Vahle K446 Ortsmitte an der zentralen Kreuzung</desc>
		<src>Niedersächsische Landesforsten</src>
	</wpt>
	<wpt lat="52.742366977798703" lon="9.3993320142232104">
		<name>HK-078</name>
		<cmt>Frankenfelder Bruch L192 Abzweig zum ehemaligen Forsthaus Frankenfelderbruch</cmt>
		<desc>Frankenfelder Bruch L192 Abzweig zum ehemaligen Forsthaus Frankenfelderbruch</desc>
		<src>Niedersächsische Landesforsten</src>
	</wpt>
	<wpt lat="52.423522003286955" lon="9.1242660073053798">
		<name>NI-201</name>
		<cmt>Loccum, K 57 / Büchenberg, Waldeingang Ecke Landesgrenze NRW</cmt>
		<desc>Loccum, K 57 / Büchenberg, Waldeingang Ecke Landesgrenze NRW</desc>
		<src>Niedersächsische Landesforsten</src>
	</wpt>
	<wpt lat="52.46834300273148" lon="9.1921229993451377">
		<name>NI-202</name>
		<cmt>Rehburg, L 360 / Jägerstr., 1. Waldeingang aus Rehburg kommend</cmt>
		<desc>Rehburg, L 360 / Jägerstr., 1. Waldeingang aus Rehburg kommend</desc>
		<src>Niedersächsische Landesforsten</src>
	</wpt>
	<wpt lat="52.498551997342062" lon="9.1406950053109917">
		<name>NI-203</name>
		<cmt>Leese, Alter Hoop, Kreuzungsbereich Waldeingang</cmt>
		<desc>Leese, Alter Hoop, Kreuzungsbereich Waldeingang</desc>
		<src>Niedersächsische Landesforsten</src>
	</wpt>
	<wpt lat="52.547487000543619" lon="9.2492430054171102">
		<name>NI-501</name>
		<cmt>Husum, L 370/ Parkplatz Heyesee</cmt>
		<desc>Husum, L 370/ Parkplatz Heyesee</desc>
		<src>Niedersächsische Landesforsten</src>
	</wpt>
	<wpt lat="52.468482000219865" lon="8.8163389956332168">
		<name>NI-319</name>
		<cmt>Warmsen, Friedrich Kopp Str./ Zum Wehsand</cmt>
		<desc>Warmsen, Friedrich Kopp Str./ Zum Wehsand</desc>
		<src>Niedersächsische Landesforsten</src>
	</wpt>
	<wpt lat="52.582798002078754" lon="8.5620510055143271">
		<name>DH-321</name>
		<cmt>Wagenfeld, Am Wasserwerk/ Ostpreußenweg</cmt>
		<desc>Wagenfeld, Am Wasserwerk/ Ostpreußenweg</desc>
		<src>Niedersächsische Landesforsten</src>
	</wpt>
	<wpt lat="52.619152003098826" lon="8.6449530022481387">
		<name>DH-322</name>
		<cmt>Wehrbleck, B214/ Zum Delloh</cmt>
		<desc>Wehrbleck, B214/ Zum Delloh</desc>
		<src>Niedersächsische Landesforsten</src>
	</wpt>
	<wpt lat="51.83739099215407" lon="9.9493600077061846">
		<name>NOM-414</name>
		<cmt>L487 Ortsmitte Garsleben Bushaltestelle Abzweig K650</cmt>
		<desc>L487 Ortsmitte Garsleben Bushaltestelle Abzweig K650</desc>
		<src>Niedersächsische Landesforsten</src>
	</wpt>
	<wpt lat="52.602305004999408" lon="8.8576410059115123">
		<name>DH-320</name>
		<cmt>Kirchdorf, L 349 Steyerberger Str. -&amp;gt; Voigtei, Feldweg nähe Stromtrasse</cmt>
		<desc>Kirchdorf, L 349 Steyerberger Str. -&amp;gt; Voigtei, Feldweg nähe Stromtrasse</desc>
		<src>Niedersächsische Landesforsten</src>
	</wpt>
	<wpt lat="52.599750000905274" lon="9.0839659941270448">
		<name>NI-205</name>
		<cmt>Liebenau, Schulstraße/ Lönsweg, Waldeingang</cmt>
		<desc>Liebenau, Schulstraße/ Lönsweg, Waldeingang</desc>
		<src>Niedersächsische Landesforsten</src>
	</wpt>
	<wpt lat="52.576767003589019" lon="9.0381319980778034">
		<name>NI-204</name>
		<cmt>Steyerberg, Brücke Große Aue, Picknickplatz Pfarrbusch</cmt>
		<desc>Steyerberg, Brücke Große Aue, Picknickplatz Pfarrbusch</desc>
		<src>Niedersächsische Landesforsten</src>
	</wpt>
	<wpt lat="52.586605001621102" lon="9.1476420022316418">
		<name>NI-502</name>
		<cmt>Estorf, Neue Schulstraße/ Alter Postweg</cmt>
		<desc>Estorf, Neue Schulstraße/ Alter Postweg</desc>
		<src>Niedersächsische Landesforsten</src>
	</wpt>
	<wpt lat="52.618100004420455" lon="9.3472459993710562">
		<name>NI-503</name>
		<cmt>Linsburg -&amp;gt; Stöckse, Feldweg neben Kreuzung K4/ K5</cmt>
		<desc>Linsburg -&amp;gt; Stöckse, Feldweg neben Kreuzung K4/ K5</desc>
		<src>Niedersächsische Landesforsten</src>
	</wpt>
	<wpt lat="52.568072000829233" lon="9.4135289952039951">
		<name>H-999</name>
		<cmt>Borstel, Bahnübergang Isenbargsweg</cmt>
		<desc>Borstel, Bahnübergang Isenbargsweg</desc>
		<src>Niedersächsische Landesforsten</src>
	</wpt>
	<wpt lat="52.65660500092622" lon="9.449669006307273">
		<name>NI-505</name>
		<cmt>Wendenborstel -&amp;gt; Rodewald, B 214, LKW Rastplatz</cmt>
		<desc>Wendenborstel -&amp;gt; Rodewald, B 214, LKW Rastplatz</desc>
		<src>Niedersächsische Landesforsten</src>
	</wpt>
	<wpt lat="52.659970002281455" lon="9.3874199956726585">
		<name>NI-504</name>
		<cmt>Steimbke, K 37, Lichtenhorster Str./ Klostergarten, Parkplatz Waldbad</cmt>
		<desc>Steimbke, K 37, Lichtenhorster Str./ Klostergarten, Parkplatz Waldbad</desc>
		<src>Niedersächsische Landesforsten</src>
	</wpt>
	<wpt lat="52.706348997617575" lon="9.4463670030981319">
		<name>NI-506</name>
		<cmt>Lichtenhorst, L 192/ Lichtenhorster Str.,  "Todeskurve" Waldeingang</cmt>
		<desc>Lichtenhorst, L 192/ Lichtenhorster Str.,  "Todeskurve" Waldeingang</desc>
		<src>Niedersächsische Landesforsten</src>
	</wpt>
	<wpt lat="52.724955998849332" lon="9.1361030027977375">
		<name>NI-507</name>
		<cmt>Wietzen, Schwarzheidestr./ Balger Weg</cmt>
		<desc>Wietzen, Schwarzheidestr./ Balger Weg</desc>
		<src>Niedersächsische Landesforsten</src>
	</wpt>
	<wpt lat="52.907754998919025" lon="9.0641610042090051">
		<name>DH-812</name>
		<cmt>Schwarme, K 145, Forststr./ Verdener Str.</cmt>
		<desc>Schwarme, K 145, Forststr./ Verdener Str.</desc>
		<src>Niedersächsische Landesforsten</src>
	</wpt>
	<wpt lat="52.444958997071652" lon="9.2171400084448827">
		<name>NI-115</name>
		<cmt>Bad Rehburg, L 370, Waldeingang südl. Haus am Friedhof</cmt>
		<desc>Bad Rehburg, L 370, Waldeingang südl. Haus am Friedhof</desc>
		<src>Niedersächsische Landesforsten</src>
	</wpt>
	<wpt lat="52.55830933777078" lon="9.3485296287467765">
		<name>NI-413</name>
		<cmt>Südspitze Abteilung 3, Sperre</cmt>
		<desc>Südspitze Abteilung 3, Sperre</desc>
		<src>Niedersächsische Landesforsten</src>
	</wpt>
	<wpt lat="52.524583053175824" lon="9.23014702404814">
		<name>NI-116</name>
		<cmt>Waldeingang Abt. 378/380</cmt>
		<desc>Waldeingang Abt. 378/380</desc>
		<src>Niedersächsische Landesforsten</src>
	</wpt>
	<wpt lat="53.400646314240298" lon="8.9729367412103738">
		<name>ROW-408</name>
		<cmt>B74  - km 18,0 zw. Kuhstedt und Basdahl (Schild "Zum dicken Stein") ca. 1,3km nördlich vom Abzweig nach Gnarrenburg in Kuhstedt</cmt>
		<desc>B74  - km 18,0 zw. Kuhstedt und Basdahl (Schild "Zum dicken Stein") ca. 1,3km nördlich vom Abzweig nach Gnarrenburg in Kuhstedt</desc>
		<src>Niedersächsische Landesforsten</src>
	</wpt>
	<wpt lat="52.28591734580516" lon="9.4847059215318694">
		<name>H-121</name>
		<cmt>V Einsteinstr.</cmt>
		<desc>V Einsteinstr.</desc>
		<src>Niedersächsische Landesforsten</src>
	</wpt>
	<wpt lat="51.519096292984635" lon="10.086528133421963">
		<name>GÖ-331</name>
		<cmt>Potzwenden &amp;gt; Sattenhausen, nach 0,5 km auf Anhöhe rechts, Schießstand</cmt>
		<desc>Potzwenden &amp;gt; Sattenhausen, nach 0,5 km auf Anhöhe rechts, Schießstand</desc>
		<src>Niedersächsische Landesforsten</src>
	</wpt>
	<wpt lat="52.415903023170586" lon="10.009153598376333">
		<name>H-139</name>
		<cmt>K 123 Waldparkplatz</cmt>
		<desc>K 123 Waldparkplatz</desc>
		<src>Niedersächsische Landesforsten</src>
	</wpt>
	<wpt lat="52.100589637567928" lon="9.8838837209385506">
		<name>HI-013</name>
		<cmt>Diekholzen Mathildenhall, Broyhansweg 32</cmt>
		<desc>Diekholzen Mathildenhall, Broyhansweg 32</desc>
		<src>Niedersächsische Landesforsten</src>
	</wpt>
	<wpt lat="52.820649305549253" lon="8.7030664987813644">
		<name>DH-022</name>
		<cmt>AWG</cmt>
		<desc>AWG</desc>
		<src>Niedersächsische Landesforsten</src>
	</wpt>
	<wpt lat="53.273453183851331" lon="10.684327326897083">
		<name>LG-047</name>
		<cmt>L 221 Neu Süttorf Einfahrt Wasserwerk, km 18,4</cmt>
		<desc>L 221 Neu Süttorf Einfahrt Wasserwerk, km 18,4</desc>
		<src>Niedersächsische Landesforsten</src>
	</wpt>
	<wpt lat="52.910729474578652" lon="9.6657555754390518">
		<name>HK-151</name>
		<cmt>Wisselshorst Westteil, August-Wolff- Str. Abzweig Schützenhausweg&amp;#xD;
</cmt>
		<desc>Wisselshorst Westteil, August-Wolff- Str. Abzweig Schützenhausweg&amp;#xD;
</desc>
		<src>Niedersächsische Landesforsten</src>
	</wpt>
	<wpt lat="52.022004982066704" lon="9.2546650281057943">
		<name>HM-118</name>
		<cmt>Schutzhütte Schmitts Eiche</cmt>
		<desc>Schutzhütte Schmitts Eiche</desc>
		<src>Niedersächsische Landesforsten</src>
	</wpt>
	<wpt lat="52.510244274605547" lon="9.6308183548426829">
		<name>H-158</name>
		<cmt>Forststr.1 Revierförsterei Resse</cmt>
		<desc>Forststr.1 Revierförsterei Resse</desc>
		<src>Niedersächsische Landesforsten</src>
	</wpt>
	<wpt lat="52.486337646529215" lon="10.171241198238452">
		<name>H-169</name>
		<cmt>Wiese nördlich der Spreewaldseen</cmt>
		<desc>Wiese nördlich der Spreewaldseen</desc>
		<src>Niedersächsische Landesforsten</src>
	</wpt>
	<wpt lat="52.586902200614652" lon="9.9005911080857558">
		<name>H-175</name>
		<cmt>L 310 Parkplatz West</cmt>
		<desc>L 310 Parkplatz West</desc>
		<src>Niedersächsische Landesforsten</src>
	</wpt>
	<wpt lat="52.16742100071388" lon="10.866119000426782">
		<name>WF-010</name>
		<cmt>Einmündung Beierstedter Weg</cmt>
		<desc>Einmündung Beierstedter Weg</desc>
		<src>Niedersächsische Landesforsten</src>
	</wpt>
	<wpt lat="52.505196002731118" lon="10.882748999634616">
		<name>GF-013</name>
		<cmt>B 244; Südl.Waldrand Rühen nach Parsau</cmt>
		<desc>B 244; Südl.Waldrand Rühen nach Parsau</desc>
		<src>Niedersächsische Landesforsten</src>
	</wpt>
	<wpt lat="52.350621999790008" lon="10.945165001064874">
		<name>HE-022</name>
		<cmt>Waldeingang Straße nach Papenrode</cmt>
		<desc>Waldeingang Straße nach Papenrode</desc>
		<src>Niedersächsische Landesforsten</src>
	</wpt>
	<wpt lat="52.318806001468474" lon="10.951006994900823">
		<name>HE-030</name>
		<cmt>Abzweig Querenhorster Hauptweg - K51</cmt>
		<desc>Abzweig Querenhorster Hauptweg - K51</desc>
		<src>Niedersächsische Landesforsten</src>
	</wpt>
	<wpt lat="52.363436970234659" lon="10.504833092428196">
		<name>GF-002</name>
		<cmt>K 58; Vordorf nach Eickhorst, Waldparkplatz</cmt>
		<desc>K 58; Vordorf nach Eickhorst, Waldparkplatz</desc>
		<src>Niedersächsische Landesforsten</src>
	</wpt>
	<wpt lat="52.242914868695919" lon="10.603781191680289">
		<name>WF-001</name>
		<cmt>L 625, Schöppenstedter Turm</cmt>
		<desc>L 625, Schöppenstedter Turm</desc>
		<src>Niedersächsische Landesforsten</src>
	</wpt>
	<wpt lat="52.145296476830033" lon="10.627858431901045">
		<name>WF-002</name>
		<cmt>Denkte, Sportplatz am Waldrand</cmt>
		<desc>Denkte, Sportplatz am Waldrand</desc>
		<src>Niedersächsische Landesforsten</src>
	</wpt>
	<wpt lat="52.433893799446466" lon="10.663937652109054">
		<name>WOB-001</name>
		<cmt>K 114; Siedlung Ilkerbruch</cmt>
		<desc>K 114; Siedlung Ilkerbruch</desc>
		<src>Niedersächsische Landesforsten</src>
	</wpt>
	<wpt lat="52.356409876002132" lon="10.482227150293712">
		<name>GF-003</name>
		<cmt>K 58; Eickhorst nach Lagesbüttel - Zufahrt Klosterholz</cmt>
		<desc>K 58; Eickhorst nach Lagesbüttel - Zufahrt Klosterholz</desc>
		<src>Niedersächsische Landesforsten</src>
	</wpt>
	<wpt lat="52.515984090090967" lon="10.920936419255879">
		<name>GF-012</name>
		<cmt>Bushaltestelle Giebel</cmt>
		<desc>Bushaltestelle Giebel</desc>
		<src>Niedersächsische Landesforsten</src>
	</wpt>
	<wpt lat="52.18695100238422" lon="10.750275004392428">
		<name>WF-006</name>
		<cmt>Parkplatz Kuhberg</cmt>
		<desc>Parkplatz Kuhberg</desc>
		<src>Niedersächsische Landesforsten</src>
	</wpt>
	<wpt lat="52.219339428433351" lon="10.933919326310138">
		<name>HE-009</name>
		<cmt>L626, westlicher Waldrand Elz</cmt>
		<desc>L626, westlicher Waldrand Elz</desc>
		<src>Niedersächsische Landesforsten</src>
	</wpt>
	<wpt lat="52.209904169170869" lon="10.814704848924087">
		<name>HE-004</name>
		<cmt>L652 Parkplatz Langeleben</cmt>
		<desc>L652 Parkplatz Langeleben</desc>
		<src>Niedersächsische Landesforsten</src>
	</wpt>
	<wpt lat="52.444447035148563" lon="10.713389361744548">
		<name>WOB-002</name>
		<cmt>Weyhäuser Weg, Einfahrt Mülldeponie</cmt>
		<desc>Weyhäuser Weg, Einfahrt Mülldeponie</desc>
		<src>Niedersächsische Landesforsten</src>
	</wpt>
	<wpt lat="52.409639125149184" lon="10.506436452941653">
		<name>GF-004</name>
		<cmt>K 48; Maaßel - Einfahrt Campingplatz</cmt>
		<desc>K 48; Maaßel - Einfahrt Campingplatz</desc>
		<src>Niedersächsische Landesforsten</src>
	</wpt>
	<wpt lat="52.360073998323777" lon="10.332329005178337">
		<name>PE-004</name>
		<cmt>K 13, Parkplatz südl. Waldeingang</cmt>
		<desc>K 13, Parkplatz südl. Waldeingang</desc>
		<src>Niedersächsische Landesforsten</src>
	</wpt>
	<wpt lat="52.380702997360132" lon="10.821442992689194">
		<name>WOB-011</name>
		<cmt>ehemalige Rfö. Waldhof</cmt>
		<desc>ehemalige Rfö. Waldhof</desc>
		<src>Niedersächsische Landesforsten</src>
	</wpt>
	<wpt lat="52.273213035095381" lon="10.81782212452657">
		<name>HE-014</name>
		<cmt>L290, südl. Waldrand</cmt>
		<desc>L290, südl. Waldrand</desc>
		<src>Niedersächsische Landesforsten</src>
	</wpt>
	<wpt lat="52.280474036108465" lon="10.863931175934807">
		<name>HE-016</name>
		<cmt>Dorm westl. Waldrand</cmt>
		<desc>Dorm westl. Waldrand</desc>
		<src>Niedersächsische Landesforsten</src>
	</wpt>
	<wpt lat="52.220362050434858" lon="10.802941873645626">
		<name>HE-003</name>
		<cmt>L290 Zufahrt Funkturm</cmt>
		<desc>L290 Zufahrt Funkturm</desc>
		<src>Niedersächsische Landesforsten</src>
	</wpt>
	<wpt lat="52.246304196027609" lon="11.013516620043113">
		<name>HE-026</name>
		<cmt>Drillingskiefer</cmt>
		<desc>Drillingskiefer</desc>
		<src>Niedersächsische Landesforsten</src>
	</wpt>
	<wpt lat="52.380336874647533" lon="10.741975908359551">
		<name>WOB-010</name>
		<cmt>Parkplatz Waldeinfahrt Hattorfer Teiche</cmt>
		<desc>Parkplatz Waldeinfahrt Hattorfer Teiche</desc>
		<src>Niedersächsische Landesforsten</src>
	</wpt>
	<wpt lat="52.200982341698499" lon="10.969551538735359">
		<name>HE-010</name>
		<cmt>Notrufsäule B244 Südspitze Waldrand</cmt>
		<desc>Notrufsäule B244 Südspitze Waldrand</desc>
		<src>Niedersächsische Landesforsten</src>
	</wpt>
	<wpt lat="52.420170995645258" lon="10.901030002268081">
		<name>HE-029</name>
		<cmt>Parkplatz Ortsausgang Danndorf</cmt>
		<desc>Parkplatz Ortsausgang Danndorf</desc>
		<src>Niedersächsische Landesforsten</src>
	</wpt>
	<wpt lat="52.467646003495489" lon="10.680301006258498">
		<name>GF-041</name>
		<cmt>Abzweig Barnbruchstift - alte Dorfstraße</cmt>
		<desc>Abzweig Barnbruchstift - alte Dorfstraße</desc>
		<src>Niedersächsische Landesforsten</src>
	</wpt>
	<wpt lat="51.911194880246846" lon="9.6104128804883455">
		<name>HOL-050</name>
		<cmt>B 64 Abzweigung L581 Richtung Stadtoldendorf (Odfeld)</cmt>
		<desc>B 64 Abzweigung L581 Richtung Stadtoldendorf (Odfeld)</desc>
		<src>Niedersächsische Landesforsten</src>
	</wpt>
	<wpt lat="51.770974871641876" lon="9.4173320719890743">
		<name>HOL-085</name>
		<cmt>Waldparkplatz Steinkrug L550</cmt>
		<desc>Waldparkplatz Steinkrug L550</desc>
		<src>Niedersächsische Landesforsten</src>
	</wpt>
	<wpt lat="51.750313670944216" lon="9.433355028185721">
		<name>HOL-087</name>
		<cmt>Ehemalige Rfö Rottmünde L549, schlechter Empfang</cmt>
		<desc>Ehemalige Rfö Rottmünde L549, schlechter Empfang</desc>
		<src>Niedersächsische Landesforsten</src>
	</wpt>
	<wpt lat="51.665834297252204" lon="10.080647955162263">
		<name>NOM-706</name>
		<cmt>Wachenhausen &amp;gt; Suterode; 0,5 km links &amp;gt; Schild Wertholzlagerplatz &amp;gt; Waldeingang</cmt>
		<desc>Wachenhausen &amp;gt; Suterode; 0,5 km links &amp;gt; Schild Wertholzlagerplatz &amp;gt; Waldeingang</desc>
		<src>Niedersächsische Landesforsten</src>
	</wpt>
	<wpt lat="51.671950638333499" lon="10.067633237465291">
		<name>NOM-712</name>
		<cmt>K414 Katlenburg &amp;gt; Suterode, Ortseingang rechts &amp;gt; Friedhof</cmt>
		<desc>K414 Katlenburg &amp;gt; Suterode, Ortseingang rechts &amp;gt; Friedhof</desc>
		<src>Niedersächsische Landesforsten</src>
	</wpt>
	<wpt lat="51.941984219651431" lon="9.6103119841988711">
		<name>HOL-045</name>
		<cmt>Ehem.Rfö.Oelkassen Forststr.</cmt>
		<desc>Ehem.Rfö.Oelkassen Forststr.</desc>
		<src>Niedersächsische Landesforsten</src>
	</wpt>
	<wpt lat="51.901123761063985" lon="9.6471412565503396">
		<name>HOL-051</name>
		<cmt>Jugendwaldheim 25 Eichen Waldpädagogikzentrum</cmt>
		<desc>Jugendwaldheim 25 Eichen Waldpädagogikzentrum</desc>
		<src>Niedersächsische Landesforsten</src>
	</wpt>
	<wpt lat="51.916062925145638" lon="9.665333597672273">
		<name>HOL-049</name>
		<cmt>B 64 Abzweigung Wickensen Richtung Jugendwaldheim  Waldpädagogikzentrum</cmt>
		<desc>B 64 Abzweigung Wickensen Richtung Jugendwaldheim  Waldpädagogikzentrum</desc>
		<src>Niedersächsische Landesforsten</src>
	</wpt>
	<wpt lat="51.910277238789845" lon="9.5791221895806906">
		<name>HOL-047</name>
		<cmt>Parkplatz Sportplatz Holenberg</cmt>
		<desc>Parkplatz Sportplatz Holenberg</desc>
		<src>Niedersächsische Landesforsten</src>
	</wpt>
	<wpt lat="51.949674538015266" lon="9.5945424547658913">
		<name>HOL-044</name>
		<cmt>Kirchbrak K17 Richtung Oelkassen (ca.2 km Waldeinfahrt Wabachtal)</cmt>
		<desc>Kirchbrak K17 Richtung Oelkassen (ca.2 km Waldeinfahrt Wabachtal)</desc>
		<src>Niedersächsische Landesforsten</src>
	</wpt>
	<wpt lat="51.659213037782976" lon="9.436778696820344">
		<name>NOM-230</name>
		<cmt>Brüggefeld Gasthaus Forellenhof</cmt>
		<desc>Brüggefeld Gasthaus Forellenhof</desc>
		<src>Niedersächsische Landesforsten</src>
	</wpt>
	<wpt lat="51.647628411717029" lon="9.4509254457437635">
		<name>NOM-232</name>
		<cmt>Ortsausgang Bad Karlshafen</cmt>
		<desc>Ortsausgang Bad Karlshafen</desc>
		<src>Niedersächsische Landesforsten</src>
	</wpt>
	<wpt lat="51.66952380442283" lon="10.03813509327234">
		<name>NOM-711</name>
		<cmt>K414 Suterode &amp;gt; Sudheim, 2. Weg rechts, 1,5 km v. Ortsausgang</cmt>
		<desc>K414 Suterode &amp;gt; Sudheim, 2. Weg rechts, 1,5 km v. Ortsausgang</desc>
		<src>Niedersächsische Landesforsten</src>
	</wpt>
	<wpt lat="51.66920516897293" lon="10.044890782873926">
		<name>NOM-710</name>
		<cmt>K414 Suterode &amp;gt; Sudheim, 2. Weg links, 0,8 km vom Ortsausgang</cmt>
		<desc>K414 Suterode &amp;gt; Sudheim, 2. Weg links, 0,8 km vom Ortsausgang</desc>
		<src>Niedersächsische Landesforsten</src>
	</wpt>
	<wpt lat="51.682523827209238" lon="10.090886120864189">
		<name>NOM-714</name>
		<cmt>B274 Katlenburg, Schleckermarkt &amp;gt; Straße "Am Hagen", nach W</cmt>
		<desc>B274 Katlenburg, Schleckermarkt &amp;gt; Straße "Am Hagen", nach W</desc>
		<src>Niedersächsische Landesforsten</src>
	</wpt>
	<wpt lat="51.851856938684236" lon="9.9362806297523782">
		<name>NOM-304</name>
		<cmt>Parkplatz Burg Greene</cmt>
		<desc>Parkplatz Burg Greene</desc>
		<src>Niedersächsische Landesforsten</src>
	</wpt>
	<wpt lat="51.955716829675374" lon="9.6430911467226998">
		<name>HOL-011</name>
		<cmt>Von Scharfoldendorf (B 240) Richtung Cappellenhagen; Parkplatz Waldrand</cmt>
		<desc>Von Scharfoldendorf (B 240) Richtung Cappellenhagen; Parkplatz Waldrand</desc>
		<src>Niedersächsische Landesforsten</src>
	</wpt>
	<wpt lat="51.713802060067962" lon="9.6612581628325014">
		<name>NOM-342</name>
		<cmt>Wegekreuzung Alte Born Anfahrt L 548 Wolfsbachtal NOM-337</cmt>
		<desc>Wegekreuzung Alte Born Anfahrt L 548 Wolfsbachtal NOM-337</desc>
		<src>Niedersächsische Landesforsten</src>
	</wpt>
	<wpt lat="51.69513594265284" lon="9.5345611225451385">
		<name>NOM-215</name>
		<cmt>B241 Abzweig Hühnenbergweg</cmt>
		<desc>B241 Abzweig Hühnenbergweg</desc>
		<src>Niedersächsische Landesforsten</src>
	</wpt>
	<wpt lat="51.676383976228813" lon="9.604368403283372">
		<name>NOM-356</name>
		<cmt>Sohlingen Sportplatz</cmt>
		<desc>Sohlingen Sportplatz</desc>
		<src>Niedersächsische Landesforsten</src>
	</wpt>
	<wpt lat="51.692909361924706" lon="9.4534718127810766">
		<name>NOM-227</name>
		<cmt>Ehem.Forstamt Winnefeld, schlechter Empfang</cmt>
		<desc>Ehem.Forstamt Winnefeld, schlechter Empfang</desc>
		<src>Niedersächsische Landesforsten</src>
	</wpt>
	<wpt lat="51.688572073453464" lon="9.5589035996800025">
		<name>NOM-201</name>
		<cmt>Ortsmitte Schönhagen</cmt>
		<desc>Ortsmitte Schönhagen</desc>
		<src>Niedersächsische Landesforsten</src>
	</wpt>
	<wpt lat="51.675080465167127" lon="10.08741425003744">
		<name>NOM-713</name>
		<cmt>K414 Katlenburg &amp;gt; Suterode, 2. Weg nach Ortsausgang rechts</cmt>
		<desc>K414 Katlenburg &amp;gt; Suterode, 2. Weg nach Ortsausgang rechts</desc>
		<src>Niedersächsische Landesforsten</src>
	</wpt>
	<wpt lat="51.689581138303758" lon="10.085815619609834">
		<name>NOM-715</name>
		<cmt>B241 Katlenburg &amp;gt; Hammenstedt &amp;gt; Abzweig Deponie</cmt>
		<desc>B241 Katlenburg &amp;gt; Hammenstedt &amp;gt; Abzweig Deponie</desc>
		<src>Niedersächsische Landesforsten</src>
	</wpt>
	<wpt lat="51.808462383758453" lon="10.427486448850448">
		<name>GS-019</name>
		<cmt>Hellertal Brücke (K 38)</cmt>
		<desc>Hellertal Brücke (K 38)</desc>
		<src>Niedersächsische Landesforsten</src>
	</wpt>
	<wpt lat="51.841598202752429" lon="10.443392817141595">
		<name>GS-041</name>
		<cmt>Einfahrt Parkplatz Bramke-Brücke</cmt>
		<desc>Einfahrt Parkplatz Bramke-Brücke</desc>
		<src>Niedersächsische Landesforsten</src>
	</wpt>
	<wpt lat="51.823215342792629" lon="10.445957391498677">
		<name>GS-049</name>
		<cmt>B 498, Vorsperrmauer-Okertalsperre</cmt>
		<desc>B 498, Vorsperrmauer-Okertalsperre</desc>
		<src>Niedersächsische Landesforsten</src>
	</wpt>
	<wpt lat="51.868295130706358" lon="10.339266469952248">
		<name>GS-071</name>
		<cmt>Ferienpark Hahnenklee (Hotel)</cmt>
		<desc>Ferienpark Hahnenklee (Hotel)</desc>
		<src>Niedersächsische Landesforsten</src>
	</wpt>
	<wpt lat="51.843549122055833" lon="10.508880489704843">
		<name>GS-061</name>
		<cmt>Tor Diabas Steinbruch</cmt>
		<desc>Tor Diabas Steinbruch</desc>
		<src>Niedersächsische Landesforsten</src>
	</wpt>
	<wpt lat="51.805717549022958" lon="10.314468952698675">
		<name>GS-259</name>
		<cmt>B 242 Richtung Clausthal, linke Seite am Hundeplatz</cmt>
		<desc>B 242 Richtung Clausthal, linke Seite am Hundeplatz</desc>
		<src>Niedersächsische Landesforsten</src>
	</wpt>
	<wpt lat="51.798891703685207" lon="10.433135605621104">
		<name>GS-007</name>
		<cmt>Hüttenteich (vor altem Bahnhof Altenau)</cmt>
		<desc>Hüttenteich (vor altem Bahnhof Altenau)</desc>
		<src>Niedersächsische Landesforsten</src>
	</wpt>
	<wpt lat="51.808153726204054" lon="10.437743233392112">
		<name>GS-005</name>
		<cmt>Einfahrt Hüttenstraße 38 (ehemals Revierförsterei)</cmt>
		<desc>Einfahrt Hüttenstraße 38 (ehemals Revierförsterei)</desc>
		<src>Niedersächsische Landesforsten</src>
	</wpt>
	<wpt lat="51.851755944195588" lon="10.456623504872629">
		<name>GS-044</name>
		<cmt>Parkplatz Hauptsperrmauer, Okertalsperre (B 498)</cmt>
		<desc>Parkplatz Hauptsperrmauer, Okertalsperre (B 498)</desc>
		<src>Niedersächsische Landesforsten</src>
	</wpt>
	<wpt lat="51.85815736396453" lon="10.470383168167622">
		<name>GS-046</name>
		<cmt>Parkplatz Romkerhalle (Sülpkeweg vor Stollen)</cmt>
		<desc>Parkplatz Romkerhalle (Sülpkeweg vor Stollen)</desc>
		<src>Niedersächsische Landesforsten</src>
	</wpt>
	<wpt lat="51.798213844457251" lon="10.326195893582616">
		<name>GS-262</name>
		<cmt>Clausthal-Zellerfeld, Marie-Hedwig-Straße, am Baue</cmt>
		<desc>Clausthal-Zellerfeld, Marie-Hedwig-Straße, am Baue</desc>
		<src>Niedersächsische Landesforsten</src>
	</wpt>
	<wpt lat="51.581604143302606" lon="10.61469664130877">
		<name>OHA-403</name>
		<cmt>Waldeingang Großer Kutschweg/Röseberg, Abt.3137</cmt>
		<desc>Waldeingang Großer Kutschweg/Röseberg, Abt.3137</desc>
		<src>Niedersächsische Landesforsten</src>
	</wpt>
	<wpt lat="52.277242569186384" lon="10.442546767258058">
		<name>BS-001</name>
		<cmt>Abzweig Feldweg Richtung Lammer Holz</cmt>
		<desc>Abzweig Feldweg Richtung Lammer Holz</desc>
		<src>Niedersächsische Landesforsten</src>
	</wpt>
	<wpt lat="52.156494889163675" lon="10.909400160568934">
		<name>HE-027</name>
		<cmt>Alte Radarstation</cmt>
		<desc>Alte Radarstation</desc>
		<src>Niedersächsische Landesforsten</src>
	</wpt>
	<wpt lat="52.246920178015607" lon="10.79755384843534">
		<name>HE-001</name>
		<cmt>Königslutter Elmstraße am Waldrand</cmt>
		<desc>Königslutter Elmstraße am Waldrand</desc>
		<src>Niedersächsische Landesforsten</src>
	</wpt>
	<wpt lat="52.205732163763159" lon="10.718474787547489">
		<name>WF-004</name>
		<cmt>L 629, Wasserhäuschen</cmt>
		<desc>L 629, Wasserhäuschen</desc>
		<src>Niedersächsische Landesforsten</src>
	</wpt>
	<wpt lat="52.370931980333623" lon="10.99353436688715">
		<name>HE-023</name>
		<cmt>Kreuzung Zum Blanken</cmt>
		<desc>Kreuzung Zum Blanken</desc>
		<src>Niedersächsische Landesforsten</src>
	</wpt>
	<wpt lat="52.174689551234039" lon="10.920274472700378">
		<name>HE-007</name>
		<cmt>Am Wirtshaus Elmgarten</cmt>
		<desc>Am Wirtshaus Elmgarten</desc>
		<src>Niedersächsische Landesforsten</src>
	</wpt>
	<wpt lat="52.294321495668086" lon="10.785155140464145">
		<name>HE-013</name>
		<cmt>L633, Abzweigung Lauingen</cmt>
		<desc>L633, Abzweigung Lauingen</desc>
		<src>Niedersächsische Landesforsten</src>
	</wpt>
	<wpt lat="52.400491678668821" lon="10.455801630609248">
		<name>GF-006</name>
		<cmt>K 48; Heinewedel Kreuzung</cmt>
		<desc>K 48; Heinewedel Kreuzung</desc>
		<src>Niedersächsische Landesforsten</src>
	</wpt>
	<wpt lat="52.401338151825456" lon="10.478437226420342">
		<name>GF-005</name>
		<cmt>K 48; Maaßel - Einfahrt Algesbüttel</cmt>
		<desc>K 48; Maaßel - Einfahrt Algesbüttel</desc>
		<src>Niedersächsische Landesforsten</src>
	</wpt>
	<wpt lat="52.257300998984384" lon="10.455056005548625">
		<name>BS-005</name>
		<cmt>Madamenweg  - Eingang Wald</cmt>
		<desc>Madamenweg  - Eingang Wald</desc>
		<src>Niedersächsische Landesforsten</src>
	</wpt>
	<wpt lat="52.18959755231662" lon="10.856388968006938">
		<name>HE-005</name>
		<cmt>L626, Waldrand Schunterquelle</cmt>
		<desc>L626, Waldrand Schunterquelle</desc>
		<src>Niedersächsische Landesforsten</src>
	</wpt>
	<wpt lat="52.448576742384887" lon="10.946049742922911">
		<name>HE-034</name>
		<cmt>Grafhorst Kirchstraße 23 Feldweg in Drömling</cmt>
		<desc>Grafhorst Kirchstraße 23 Feldweg in Drömling</desc>
		<src>Niedersächsische Landesforsten</src>
	</wpt>
	<wpt lat="51.704165778939888" lon="10.153624388654659">
		<name>NOM-728</name>
		<cmt>K31 Dorste, Abzweig Sportplatz/Schützenverein</cmt>
		<desc>K31 Dorste, Abzweig Sportplatz/Schützenverein</desc>
		<src>Niedersächsische Landesforsten</src>
	</wpt>
	<wpt lat="51.862412998457792" lon="9.7258442287078353">
		<name>NOM-301</name>
		<cmt>Haus Wildwiese-nördl. Lüthorst</cmt>
		<desc>Haus Wildwiese-nördl. Lüthorst</desc>
		<src>Niedersächsische Landesforsten</src>
	</wpt>
	<wpt lat="51.670305290544327" lon="10.05351146878731">
		<name>NOM-708</name>
		<cmt>K414 Suterode &amp;gt; Sudheim, 1. Weg rechts, 0,2 km vom Ortsausgang</cmt>
		<desc>K414 Suterode &amp;gt; Sudheim, 1. Weg rechts, 0,2 km vom Ortsausgang</desc>
		<src>Niedersächsische Landesforsten</src>
	</wpt>
	<wpt lat="51.617564307527026" lon="9.9357367448620035">
		<name>NOM-716</name>
		<cmt>Angerstein, Hannoversche Straße, Gaststätte "Am Lindenkrug"</cmt>
		<desc>Angerstein, Hannoversche Straße, Gaststätte "Am Lindenkrug"</desc>
		<src>Niedersächsische Landesforsten</src>
	</wpt>
	<wpt lat="51.690985402852121" lon="9.5174801496455927">
		<name>NOM-216</name>
		<cmt>Amelith gegenüber ehemals Gasthaus Koch</cmt>
		<desc>Amelith gegenüber ehemals Gasthaus Koch</desc>
		<src>Niedersächsische Landesforsten</src>
	</wpt>
	<wpt lat="51.668677855697226" lon="9.4237446481147291">
		<name>NOM-229</name>
		<cmt>B 241 Waldeingang oberhalb Lauenförde Abt.5083/5097</cmt>
		<desc>B 241 Waldeingang oberhalb Lauenförde Abt.5083/5097</desc>
		<src>Niedersächsische Landesforsten</src>
	</wpt>
	<wpt lat="51.613075105927109" lon="9.9460209938869664">
		<name>NOM-717</name>
		<cmt>Angerstein, Hannoversche Str.&amp;gt;Springstr.&amp;gt;Am Roten Ufer, bis Waldeingang</cmt>
		<desc>Angerstein, Hannoversche Str.&amp;gt;Springstr.&amp;gt;Am Roten Ufer, bis Waldeingang</desc>
		<src>Niedersächsische Landesforsten</src>
	</wpt>
	<wpt lat="51.636936632724527" lon="9.9762224845358034">
		<name>NOM-718</name>
		<cmt>K415 Bishausen &amp;gt; Sudershausen, nach Ortsschild 400m rechts</cmt>
		<desc>K415 Bishausen &amp;gt; Sudershausen, nach Ortsschild 400m rechts</desc>
		<src>Niedersächsische Landesforsten</src>
	</wpt>
	<wpt lat="51.650689701147613" lon="10.00182532477889">
		<name>NOM-719</name>
		<cmt>B3 &amp;gt; K421 Bühle Burgberg &amp;gt; Golfplatz</cmt>
		<desc>B3 &amp;gt; K421 Bühle Burgberg &amp;gt; Golfplatz</desc>
		<src>Niedersächsische Landesforsten</src>
	</wpt>
	<wpt lat="51.664134352744014" lon="9.9663487078009325">
		<name>NOM-720</name>
		<cmt>B3 Göttingen &amp;gt; Sudheim, vor Sudheim - Carlshof</cmt>
		<desc>B3 Göttingen &amp;gt; Sudheim, vor Sudheim - Carlshof</desc>
		<src>Niedersächsische Landesforsten</src>
	</wpt>
	<wpt lat="51.660460039424969" lon="9.995258312168259">
		<name>NOM-721</name>
		<cmt>B3 &amp;gt; K421 &amp;gt; K414 Sudheim &amp;gt; Golfplatz, Waldeingang</cmt>
		<desc>B3 &amp;gt; K421 &amp;gt; K414 Sudheim &amp;gt; Golfplatz, Waldeingang</desc>
		<src>Niedersächsische Landesforsten</src>
	</wpt>
	<wpt lat="51.68722779811204" lon="10.12418357885617">
		<name>NOM-725</name>
		<cmt>B241 Berka &amp;gt; Dorste, nach 0,7 km Feldweg links</cmt>
		<desc>B241 Berka &amp;gt; Dorste, nach 0,7 km Feldweg links</desc>
		<src>Niedersächsische Landesforsten</src>
	</wpt>
	<wpt lat="51.70350217968744" lon="10.091602308338807">
		<name>NOM-727</name>
		<cmt>K409 Katlenburg &amp;gt; Elvershausen, hinter den Brücken Abzweig links</cmt>
		<desc>K409 Katlenburg &amp;gt; Elvershausen, hinter den Brücken Abzweig links</desc>
		<src>Niedersächsische Landesforsten</src>
	</wpt>
	<wpt lat="51.776977232973451" lon="9.6870244493542348">
		<name>NOM-341</name>
		<cmt>Ort Relliehausen L 548 Abzweigung nach Sievershausen</cmt>
		<desc>Ort Relliehausen L 548 Abzweigung nach Sievershausen</desc>
		<src>Niedersächsische Landesforsten</src>
	</wpt>
	<wpt lat="51.900331478765459" lon="9.682110790673411">
		<name>HOL-052</name>
		<cmt>Lenne Ortsausgang Richtung B 64 Bushaltestelle</cmt>
		<desc>Lenne Ortsausgang Richtung B 64 Bushaltestelle</desc>
		<src>Niedersächsische Landesforsten</src>
	</wpt>
	<wpt lat="51.892745030344138" lon="9.4248727079287313">
		<name>HOL-057</name>
		<cmt>Einfahrt ehem. Mülldeponie</cmt>
		<desc>Einfahrt ehem. Mülldeponie</desc>
		<src>Niedersächsische Landesforsten</src>
	</wpt>
	<wpt lat="51.669910126939705" lon="9.8274145612764219">
		<name>NOM-402</name>
		<cmt>K 435 Hardegsen/Leisenrode, Waldeinfahrt Weper/Waldparkplatz Leisenrode</cmt>
		<desc>K 435 Hardegsen/Leisenrode, Waldeinfahrt Weper/Waldparkplatz Leisenrode</desc>
		<src>Niedersächsische Landesforsten</src>
	</wpt>
	<wpt lat="51.697609189154129" lon="10.054441656863579">
		<name>NOM-726</name>
		<cmt>B241 Hammenstedt, an Ampelkreuzung links aus Richtung Katlenburg gesehen</cmt>
		<desc>B241 Hammenstedt, an Ampelkreuzung links aus Richtung Katlenburg gesehen</desc>
		<src>Niedersächsische Landesforsten</src>
	</wpt>
	<wpt lat="51.617603831669186" lon="10.081276021274574">
		<name>NOM-733</name>
		<cmt>K416 Holzerode&amp;gt;Gillersheim, 2,6km nach Ortsausgang Holzerode, rechts</cmt>
		<desc>K416 Holzerode&amp;gt;Gillersheim, 2,6km nach Ortsausgang Holzerode, rechts</desc>
		<src>Niedersächsische Landesforsten</src>
	</wpt>
	<wpt lat="51.438209192809836" lon="10.033798554422608">
		<name>GÖ-375</name>
		<cmt>L567, halbe Strecke zwischen Bremke u. Ischenrode, Abzweig Feldweg</cmt>
		<desc>L567, halbe Strecke zwischen Bremke u. Ischenrode, Abzweig Feldweg</desc>
		<src>Niedersächsische Landesforsten</src>
	</wpt>
	<wpt lat="51.629631433127294" lon="10.024726493712706">
		<name>GÖ-376</name>
		<cmt>K415 Sudershausen, Abzweig Leisenröder Str.&amp;gt;Kreikental</cmt>
		<desc>K415 Sudershausen, Abzweig Leisenröder Str.&amp;gt;Kreikental</desc>
		<src>Niedersächsische Landesforsten</src>
	</wpt>
	<wpt lat="51.582694943217653" lon="9.9660199678057531">
		<name>GÖ-377</name>
		<cmt>Deppoldshausen, Ortseingangsschild</cmt>
		<desc>Deppoldshausen, Ortseingangsschild</desc>
		<src>Niedersächsische Landesforsten</src>
	</wpt>
	<wpt lat="51.745001886637745" lon="10.050871235730616">
		<name>NOM-744</name>
		<cmt>K409 Lagershausen, Bushaltestelle, Abzweig &amp;gt; Denkershausen</cmt>
		<desc>K409 Lagershausen, Bushaltestelle, Abzweig &amp;gt; Denkershausen</desc>
		<src>Niedersächsische Landesforsten</src>
	</wpt>
	<wpt lat="51.716384706586425" lon="10.191200211439753">
		<name>NOM-745</name>
		<cmt>B241 Osterode &amp;gt; Dorste, Abzweig Gipswerk</cmt>
		<desc>B241 Osterode &amp;gt; Dorste, Abzweig Gipswerk</desc>
		<src>Niedersächsische Landesforsten</src>
	</wpt>
	<wpt lat="51.630021823737088" lon="10.090865105237855">
		<name>NOM-746</name>
		<cmt>K416 Holzerode&amp;gt;Gillersheim, erster Abzweig links in Gillersheim</cmt>
		<desc>K416 Holzerode&amp;gt;Gillersheim, erster Abzweig links in Gillersheim</desc>
		<src>Niedersächsische Landesforsten</src>
	</wpt>
	<wpt lat="51.669088996581657" lon="10.063090024938036">
		<name>NOM-747</name>
		<cmt>Suterode, Kreuzung Manthestr.&amp;gt;Eichholzweg</cmt>
		<desc>Suterode, Kreuzung Manthestr.&amp;gt;Eichholzweg</desc>
		<src>Niedersächsische Landesforsten</src>
	</wpt>
	<wpt lat="51.706272450602405" lon="10.209790251984778">
		<name>OHA-717</name>
		<cmt>1. Kreuzung in Ührde aus Richtung B241 Osterode</cmt>
		<desc>1. Kreuzung in Ührde aus Richtung B241 Osterode</desc>
		<src>Niedersächsische Landesforsten</src>
	</wpt>
	<wpt lat="53.423595130745895" lon="9.9968841917917342">
		<name>WL-004</name>
		<cmt>Meckelfeld, Höpenstr., P gegenüber Waldquelle/Ecke Fuchsberg</cmt>
		<desc>Meckelfeld, Höpenstr., P gegenüber Waldquelle/Ecke Fuchsberg</desc>
		<src>Niedersächsische Landesforsten</src>
	</wpt>
	<wpt lat="52.124506303684328" lon="9.9365683817488648">
		<name>HI-009</name>
		<cmt>Hildesheim, Gaststätte Kupferschmiede</cmt>
		<desc>Hildesheim, Gaststätte Kupferschmiede</desc>
		<src>Niedersächsische Landesforsten</src>
	</wpt>
	<wpt lat="52.027124246171589" lon="10.214058787370851">
		<name>WF-012</name>
		<cmt>L 498 Km 3,6  Potsdamer Platz</cmt>
		<desc>L 498 Km 3,6  Potsdamer Platz</desc>
		<src>Niedersächsische Landesforsten</src>
	</wpt>
	<wpt lat="51.893408827537812" lon="9.8067964560705683">
		<name>HOL-026</name>
		<cmt>K 62 Delligsen Wenzen Hilskamm Parkplatz Jägerlinde</cmt>
		<desc>K 62 Delligsen Wenzen Hilskamm Parkplatz Jägerlinde</desc>
		<src>Niedersächsische Landesforsten</src>
	</wpt>
	<wpt lat="51.883807762017106" lon="9.8076426443710147">
		<name>HOL-028</name>
		<cmt>K 666 Waldeingangsweg Osterhagen 200 m nördlich der Bahnlinie</cmt>
		<desc>K 666 Waldeingangsweg Osterhagen 200 m nördlich der Bahnlinie</desc>
		<src>Niedersächsische Landesforsten</src>
	</wpt>
	<wpt lat="51.885479439240733" lon="9.8237548120875324">
		<name>HOL-027</name>
		<cmt>Hilssiedlung Wenzen, Waldrand am Hils</cmt>
		<desc>Hilssiedlung Wenzen, Waldrand am Hils</desc>
		<src>Niedersächsische Landesforsten</src>
	</wpt>
	<wpt lat="51.906492721987604" lon="9.8300026805855829">
		<name>HOL-025</name>
		<cmt>Hilskamm "Kunst am Hilsbruch"</cmt>
		<desc>Hilskamm "Kunst am Hilsbruch"</desc>
		<src>Niedersächsische Landesforsten</src>
	</wpt>
	<wpt lat="51.909886454020338" lon="9.8541920691504394">
		<name>HOL-023</name>
		<cmt>Ammensen Ortsmitte; Gasthaus "Weiberg"</cmt>
		<desc>Ammensen Ortsmitte; Gasthaus "Weiberg"</desc>
		<src>Niedersächsische Landesforsten</src>
	</wpt>
	<wpt lat="51.913090773023818" lon="9.864769500467947">
		<name>HOL-024</name>
		<cmt>K 63 Ammensen - Freden Abzweig Ammensern Kampweg</cmt>
		<desc>K 63 Ammensen - Freden Abzweig Ammensern Kampweg</desc>
		<src>Niedersächsische Landesforsten</src>
	</wpt>
	<wpt lat="51.664746155129876" lon="9.740543398762096">
		<name>NOM-370</name>
		<cmt>Volpriehausen Kreuzung B241- K431 nach Delliehausen</cmt>
		<desc>Volpriehausen Kreuzung B241- K431 nach Delliehausen</desc>
		<src>Niedersächsische Landesforsten</src>
	</wpt>
	<wpt lat="51.683751075823089" lon="9.7436083164659237">
		<name>NOM-371</name>
		<cmt>Ortsmitte Delliehausen Gastwirtschaft Kohrs</cmt>
		<desc>Ortsmitte Delliehausen Gastwirtschaft Kohrs</desc>
		<src>Niedersächsische Landesforsten</src>
	</wpt>
	<wpt lat="51.935457644991018" lon="9.6695187477052578">
		<name>HOL-012</name>
		<cmt>L484 Holzen; Abzweigung Hüttenstraße</cmt>
		<desc>L484 Holzen; Abzweigung Hüttenstraße</desc>
		<src>Niedersächsische Landesforsten</src>
	</wpt>
	<wpt lat="51.94288132947208" lon="9.6993912990397853">
		<name>HOL-013</name>
		<cmt>Waldgaststätte "Roter Fuchs"</cmt>
		<desc>Waldgaststätte "Roter Fuchs"</desc>
		<src>Niedersächsische Landesforsten</src>
	</wpt>
	<wpt lat="51.631589111025448" lon="9.5224608570392864">
		<name>NOM-220</name>
		<cmt>Wahmbeck Kreuzung Neue Str, Bachstraße und Sohnreystraße</cmt>
		<desc>Wahmbeck Kreuzung Neue Str, Bachstraße und Sohnreystraße</desc>
		<src>Niedersächsische Landesforsten</src>
	</wpt>
	<wpt lat="51.790273280714011" lon="9.7676815131792551">
		<name>NOM-381</name>
		<cmt>Ortsmitte Hoppensen Abzweigung K 510</cmt>
		<desc>Ortsmitte Hoppensen Abzweigung K 510</desc>
		<src>Niedersächsische Landesforsten</src>
	</wpt>
	<wpt lat="51.77114632884421" lon="9.7583724053317198">
		<name>NOM-382</name>
		<cmt>Lauenberg Abzweigung L 547 nach L 580 Hilwartshausen</cmt>
		<desc>Lauenberg Abzweigung L 547 nach L 580 Hilwartshausen</desc>
		<src>Niedersächsische Landesforsten</src>
	</wpt>
	<wpt lat="51.748737634520701" lon="9.7581554858185129">
		<name>NOM-385</name>
		<cmt>Feldwegeinmündung auf der L 547 1,5 km südlich von Lauenberg</cmt>
		<desc>Feldwegeinmündung auf der L 547 1,5 km südlich von Lauenberg</desc>
		<src>Niedersächsische Landesforsten</src>
	</wpt>
	<wpt lat="51.669784734576012" lon="9.8483222240649759">
		<name>NOM-401</name>
		<cmt>B 241  1 km nördl. von Lutterhausen Kreuzung "Am Egelsee"</cmt>
		<desc>B 241  1 km nördl. von Lutterhausen Kreuzung "Am Egelsee"</desc>
		<src>Niedersächsische Landesforsten</src>
	</wpt>
	<wpt lat="51.675325407472307" lon="9.5810990804735052">
		<name>NOM-203</name>
		<cmt>B241 Kammerborn südl.Ortseingang</cmt>
		<desc>B241 Kammerborn südl.Ortseingang</desc>
		<src>Niedersächsische Landesforsten</src>
	</wpt>
	<wpt lat="51.914025443105984" lon="9.8474453676408604">
		<name>HOL-022</name>
		<cmt>B 3 nördl.Ammensen Abzweigung Auf dem Meierfelde (Bauer Funke)</cmt>
		<desc>B 3 nördl.Ammensen Abzweigung Auf dem Meierfelde (Bauer Funke)</desc>
		<src>Niedersächsische Landesforsten</src>
	</wpt>
	<wpt lat="51.820383094110234" lon="9.6648465101239278">
		<name>NOM-310</name>
		<cmt>L 580 Ortsmitte Mackensen Kriegerdenkmal</cmt>
		<desc>L 580 Ortsmitte Mackensen Kriegerdenkmal</desc>
		<src>Niedersächsische Landesforsten</src>
	</wpt>
	<wpt lat="51.64798920385293" lon="10.090816871656095">
		<name>NOM-705</name>
		<cmt>K413, Wachenhausen &amp;gt; Gillersheim, Kalkwerk-Gillersheim, Kalkwerk Langfast</cmt>
		<desc>K413, Wachenhausen &amp;gt; Gillersheim, Kalkwerk-Gillersheim, Kalkwerk Langfast</desc>
		<src>Niedersächsische Landesforsten</src>
	</wpt>
	<wpt lat="51.838998622004262" lon="9.6329375901818999">
		<name>HOL-064</name>
		<cmt>Heinade L580 Abzweigung Sportplatz Richtung Pilgrim</cmt>
		<desc>Heinade L580 Abzweigung Sportplatz Richtung Pilgrim</desc>
		<src>Niedersächsische Landesforsten</src>
	</wpt>
	<wpt lat="51.685492937168526" lon="9.6409124138509945">
		<name>NOM-358</name>
		<cmt>Wiese nördl. Eschershausen Forsthaus Escherhausen</cmt>
		<desc>Wiese nördl. Eschershausen Forsthaus Escherhausen</desc>
		<src>Niedersächsische Landesforsten</src>
	</wpt>
	<wpt lat="53.194193520937013" lon="9.1646803484850281">
		<name>ROW-085</name>
		<cmt>Linnewedel nördl. Vorwerk kurz vor dem Waldeingang</cmt>
		<desc>Linnewedel nördl. Vorwerk kurz vor dem Waldeingang</desc>
		<src>Niedersächsische Landesforsten</src>
	</wpt>
	<wpt lat="51.661924020644818" lon="9.6792728176271279">
		<name>NOM-369</name>
		<cmt>Sportplatz Dinkelhausen</cmt>
		<desc>Sportplatz Dinkelhausen</desc>
		<src>Niedersächsische Landesforsten</src>
	</wpt>
	<wpt lat="51.728538644576119" lon="9.5117086208061075">
		<name>NOM-212</name>
		<cmt>B497 Abzweig Neuhäuser Str.</cmt>
		<desc>B497 Abzweig Neuhäuser Str.</desc>
		<src>Niedersächsische Landesforsten</src>
	</wpt>
	<wpt lat="51.664307189324603" lon="9.5451355202395067">
		<name>NOM-233</name>
		<cmt>Waldeinfahrt L551 zwischen Bodenfelde und Polier ca. 2 km nach Bodenfelde</cmt>
		<desc>Waldeinfahrt L551 zwischen Bodenfelde und Polier ca. 2 km nach Bodenfelde</desc>
		<src>Niedersächsische Landesforsten</src>
	</wpt>
	<wpt lat="51.648912189118271" lon="9.549114165101491">
		<name>NOM-234</name>
		<cmt>L551 Bahnübergang</cmt>
		<desc>L551 Bahnübergang</desc>
		<src>Niedersächsische Landesforsten</src>
	</wpt>
	<wpt lat="51.663772606193639" lon="9.6217279186646927">
		<name>NOM-235</name>
		<cmt>Uslar B 241 Ortsausgang Richtung Sohlingen Abzweigung Flugplatz</cmt>
		<desc>Uslar B 241 Ortsausgang Richtung Sohlingen Abzweigung Flugplatz</desc>
		<src>Niedersächsische Landesforsten</src>
	</wpt>
	<wpt lat="53.225134113034287" lon="8.8074000885966353">
		<name>OHZ-509</name>
		<cmt>Erntefestplatz</cmt>
		<desc>Erntefestplatz</desc>
		<src>Niedersächsische Landesforsten</src>
	</wpt>
	<wpt lat="51.706557709089239" lon="9.5585295919619977">
		<name>NOM-345</name>
		<cmt>Parkplatz Naturbad/Expo-Erlebniswald Anfahrt über Schönhagen</cmt>
		<desc>Parkplatz Naturbad/Expo-Erlebniswald Anfahrt über Schönhagen</desc>
		<src>Niedersächsische Landesforsten</src>
	</wpt>
	<wpt lat="51.691225602865103" lon="9.5927199318656999">
		<name>NOM-355</name>
		<cmt>Reiterhof Kreuzbusch nördl. von Sohlingen</cmt>
		<desc>Reiterhof Kreuzbusch nördl. von Sohlingen</desc>
		<src>Niedersächsische Landesforsten</src>
	</wpt>
	<wpt lat="51.738312705786072" lon="9.7633567277048581">
		<name>NOM-387</name>
		<cmt>L 547 Einmündung Grimmerfeld 2 km westl. Fredelsloh</cmt>
		<desc>L 547 Einmündung Grimmerfeld 2 km westl. Fredelsloh</desc>
		<src>Niedersächsische Landesforsten</src>
	</wpt>
	<wpt lat="51.77568735627213" lon="9.8167320282112165">
		<name>NOM-388</name>
		<cmt>K 516 zwischen Dassensen/Rotenkirchen Abfahrt Schnepke</cmt>
		<desc>K 516 zwischen Dassensen/Rotenkirchen Abfahrt Schnepke</desc>
		<src>Niedersächsische Landesforsten</src>
	</wpt>
	<wpt lat="51.689535184618968" lon="9.4767966290119183">
		<name>NOM-224</name>
		<cmt>B-241 Höhe Wüstung Winnefeld, schlechter Empfang</cmt>
		<desc>B-241 Höhe Wüstung Winnefeld, schlechter Empfang</desc>
		<src>Niedersächsische Landesforsten</src>
	</wpt>
	<wpt lat="51.939831605048298" lon="9.4073776220163392">
		<name>HOL-005</name>
		<cmt>südlicher Ortsausgang von Ottenstein auf der L 428 Rich- tung Brevörde Hubschrauberlandeplatz</cmt>
		<desc>südlicher Ortsausgang von Ottenstein auf der L 428 Rich- tung Brevörde Hubschrauberlandeplatz</desc>
		<src>Niedersächsische Landesforsten</src>
	</wpt>
	<wpt lat="51.923486622341059" lon="9.4297284878443435">
		<name>HOL-008</name>
		<cmt>Brevörde  Richtung Ottenstein L428 Kastenbusch Hubschrauberlandeplatz</cmt>
		<desc>Brevörde  Richtung Ottenstein L428 Kastenbusch Hubschrauberlandeplatz</desc>
		<src>Niedersächsische Landesforsten</src>
	</wpt>
	<wpt lat="51.878976980651309" lon="9.4471693232388976">
		<name>HOL-010</name>
		<cmt>B83 östl.Heinsen Parkplatz Weihnachtsbaumkultur Hubschrauberlandeplatz</cmt>
		<desc>B83 östl.Heinsen Parkplatz Weihnachtsbaumkultur Hubschrauberlandeplatz</desc>
		<src>Niedersächsische Landesforsten</src>
	</wpt>
	<wpt lat="51.938977869148388" lon="9.4577194516547003">
		<name>HOL-006</name>
		<cmt>K11 südl. Hohe Eichelbach/Echternberg Parkplatz</cmt>
		<desc>K11 südl. Hohe Eichelbach/Echternberg Parkplatz</desc>
		<src>Niedersächsische Landesforsten</src>
	</wpt>
	<wpt lat="51.970896137067164" lon="9.3763588719290052">
		<name>HOL-001</name>
		<cmt>L 428 Ottenstein Richtung Lichtenhagen Abzweigung      K 87 Richtung Sievershagener Mühle (Hehlen)   Hubschrauberlandeplatz</cmt>
		<desc>L 428 Ottenstein Richtung Lichtenhagen Abzweigung      K 87 Richtung Sievershagener Mühle (Hehlen)   Hubschrauberlandeplatz</desc>
		<src>Niedersächsische Landesforsten</src>
	</wpt>
	<wpt lat="51.932783590464268" lon="10.015326248751697">
		<name>NOM-151</name>
		<cmt>Gehrenrode, Gaststätte "Korfu", L 489</cmt>
		<desc>Gehrenrode, Gaststätte "Korfu", L 489</desc>
		<src>Niedersächsische Landesforsten</src>
	</wpt>
	<wpt lat="51.875034915066998" lon="10.002689957034956">
		<name>NOM-150</name>
		<cmt>Bad Gandersheim, Westrand, Feuerwehrzentrale, K 641</cmt>
		<desc>Bad Gandersheim, Westrand, Feuerwehrzentrale, K 641</desc>
		<src>Niedersächsische Landesforsten</src>
	</wpt>
	<wpt lat="51.869889219065804" lon="9.9726500996267369">
		<name>NOM-148</name>
		<cmt>Orxhausen, Parkplatz Hotel "Grüner Jäger", an der B 64 westl. v. Bad Gandersheim</cmt>
		<desc>Orxhausen, Parkplatz Hotel "Grüner Jäger", an der B 64 westl. v. Bad Gandersheim</desc>
		<src>Niedersächsische Landesforsten</src>
	</wpt>
	<wpt lat="51.843060086063581" lon="9.9804022416496814">
		<name>NOM-147</name>
		<cmt>Billerbeck, südöstl. Ortseingang Billerbeck L 592, aus Richtung Opperhausen + Haieshausen</cmt>
		<desc>Billerbeck, südöstl. Ortseingang Billerbeck L 592, aus Richtung Opperhausen + Haieshausen</desc>
		<src>Niedersächsische Landesforsten</src>
	</wpt>
	<wpt lat="51.829818104459704" lon="10.010838311007484">
		<name>NOM-144</name>
		<cmt>B 445 zwischen Sebexen u. Bad Gandersheim, Abzweigung L 592 Opperhausen</cmt>
		<desc>B 445 zwischen Sebexen u. Bad Gandersheim, Abzweigung L 592 Opperhausen</desc>
		<src>Niedersächsische Landesforsten</src>
	</wpt>
	<wpt lat="51.725997689425206" lon="9.4105295618354248">
		<name>HOL-089</name>
		<cmt>Kamp Fürstenberg, Neuhäuserstr.</cmt>
		<desc>Kamp Fürstenberg, Neuhäuserstr.</desc>
		<src>Niedersächsische Landesforsten</src>
	</wpt>
	<wpt lat="51.855364245598032" lon="10.054806374994213">
		<name>NOM-145</name>
		<cmt>Südl. Seboldshausen, Domäne Schachtenbeck,Bushaltestelle Kreuzung K 638 / K617</cmt>
		<desc>Südl. Seboldshausen, Domäne Schachtenbeck,Bushaltestelle Kreuzung K 638 / K617</desc>
		<src>Niedersächsische Landesforsten</src>
	</wpt>
	<wpt lat="51.864243453600892" lon="10.078694285661134">
		<name>NOM-146</name>
		<cmt>Ístl. Seboldshausen, B 64 Abzweig "Hebersiedlung"</cmt>
		<desc>Ístl. Seboldshausen, B 64 Abzweig "Hebersiedlung"</desc>
		<src>Niedersächsische Landesforsten</src>
	</wpt>
	<wpt lat="51.866360777166399" lon="10.102944734149775">
		<name>NOM-155</name>
		<cmt>Dannhausen, Einfahrt zum Dorfgemeinschaftshaus</cmt>
		<desc>Dannhausen, Einfahrt zum Dorfgemeinschaftshaus</desc>
		<src>Niedersächsische Landesforsten</src>
	</wpt>
	<wpt lat="51.811492418438192" lon="10.096021300650213">
		<name>NOM-141</name>
		<cmt>B 248 nordwestl. v. Düderode, Kreuzung Ortseinfahrt Düderode u. Neukrug</cmt>
		<desc>B 248 nordwestl. v. Düderode, Kreuzung Ortseinfahrt Düderode u. Neukrug</desc>
		<src>Niedersächsische Landesforsten</src>
	</wpt>
	<wpt lat="51.815197686265144" lon="10.111689016171269">
		<name>NOM-142</name>
		<cmt>Oldenrode, Feuwehr Ortsmitte Oldenrode an der K602</cmt>
		<desc>Oldenrode, Feuwehr Ortsmitte Oldenrode an der K602</desc>
		<src>Niedersächsische Landesforsten</src>
	</wpt>
	<wpt lat="51.797156012460249" lon="10.032658733782123">
		<name>NOM-140</name>
		<cmt>Kalefeld, Kirche Ortsmitte</cmt>
		<desc>Kalefeld, Kirche Ortsmitte</desc>
		<src>Niedersächsische Landesforsten</src>
	</wpt>
	<wpt lat="51.783460942104234" lon="10.060392642978519">
		<name>NOM-139</name>
		<cmt>Echte, Kreissparkasse an der B 248</cmt>
		<desc>Echte, Kreissparkasse an der B 248</desc>
		<src>Niedersächsische Landesforsten</src>
	</wpt>
	<wpt lat="51.788652210841427" lon="10.112339420440202">
		<name>NOM-138</name>
		<cmt>K 602 zw. Willershausen u. Düderode, Abzweig K 603</cmt>
		<desc>K 602 zw. Willershausen u. Düderode, Abzweig K 603</desc>
		<src>Niedersächsische Landesforsten</src>
	</wpt>
	<wpt lat="51.756124313933682" lon="10.142845686833368">
		<name>NOM-125</name>
		<cmt>Nordwestl. von Nienstädt, "Nienstädter Paß", Geländekamm, L 525</cmt>
		<desc>Nordwestl. von Nienstädt, "Nienstädter Paß", Geländekamm, L 525</desc>
		<src>Niedersächsische Landesforsten</src>
	</wpt>
	<wpt lat="51.700076781116927" lon="9.7845949233651943">
		<name>NOM-396</name>
		<cmt>Ortsmitte Espol Feuerwehr und Kirche</cmt>
		<desc>Ortsmitte Espol Feuerwehr und Kirche</desc>
		<src>Niedersächsische Landesforsten</src>
	</wpt>
	<wpt lat="51.968991041098192" lon="9.4284202124506944">
		<name>HOL-002</name>
		<cmt>Sievershagener Mühle an der   L 586 zwischen Ottenstein u. Hehlen</cmt>
		<desc>Sievershagener Mühle an der   L 586 zwischen Ottenstein u. Hehlen</desc>
		<src>Niedersächsische Landesforsten</src>
	</wpt>
	<wpt lat="51.950460584744391" lon="9.4460800493441006">
		<name>HOL-004</name>
		<cmt>Ernestinental. von Hohe auf der K 11 und der K 38 Richtung Ottenstein. Ca. 3 km nach der Abzweigung das einzelne Haus-Loos</cmt>
		<desc>Ernestinental. von Hohe auf der K 11 und der K 38 Richtung Ottenstein. Ca. 3 km nach der Abzweigung das einzelne Haus-Loos</desc>
		<src>Niedersächsische Landesforsten</src>
	</wpt>
	<wpt lat="51.964160315225215" lon="9.4460552507542044">
		<name>HOL-003</name>
		<cmt>Vorwerk Ovelgönne. Ab Hehlen über die Mühlenstr. und den Bergweg ca.3 km bis zum Vorwerk Ovelgönne. Hubschrauberlandeplatz</cmt>
		<desc>Vorwerk Ovelgönne. Ab Hehlen über die Mühlenstr. und den Bergweg ca.3 km bis zum Vorwerk Ovelgönne. Hubschrauberlandeplatz</desc>
		<src>Niedersächsische Landesforsten</src>
	</wpt>
	<wpt lat="51.925170912488483" lon="9.378396328415656">
		<name>HOL-007</name>
		<cmt>Brevörde Richtung Glesse (Glessestr.) nach 5km Kreuzung Glesse/Vahlbruch</cmt>
		<desc>Brevörde Richtung Glesse (Glessestr.) nach 5km Kreuzung Glesse/Vahlbruch</desc>
		<src>Niedersächsische Landesforsten</src>
	</wpt>
	<wpt lat="51.882266000475049" lon="9.3730013520721727">
		<name>HOL-009</name>
		<cmt>K 32 (Robrexer Str.) Polle Richtung Hummersen Wilmeröderberg</cmt>
		<desc>K 32 (Robrexer Str.) Polle Richtung Hummersen Wilmeröderberg</desc>
		<src>Niedersächsische Landesforsten</src>
	</wpt>
	<wpt lat="51.895320132162759" lon="9.4668883566892834">
		<name>HOL-056</name>
		<cmt>Ortseingang Reileifzen Richtung Polle</cmt>
		<desc>Ortseingang Reileifzen Richtung Polle</desc>
		<src>Niedersächsische Landesforsten</src>
	</wpt>
	<wpt lat="51.928441495137967" lon="9.4648287248586502">
		<name>HOL-054</name>
		<cmt>Dölme K35 Gastwirtschaft Balke Rühler Str.</cmt>
		<desc>Dölme K35 Gastwirtschaft Balke Rühler Str.</desc>
		<src>Niedersächsische Landesforsten</src>
	</wpt>
	<wpt lat="51.770761393933007" lon="9.5516504138178888">
		<name>HOL-077</name>
		<cmt>Waldparkplatz Mecklenbruch L549-Hochmoor</cmt>
		<desc>Waldparkplatz Mecklenbruch L549-Hochmoor</desc>
		<src>Niedersächsische Landesforsten</src>
	</wpt>
	<wpt lat="51.778261489822832" lon="9.5236605046967338">
		<name>HOL-075</name>
		<cmt>B497 Mühlenberg Richtung Neuhaus Mühlgrundweg (Auf dem Plateau) Parkplatz</cmt>
		<desc>B497 Mühlenberg Richtung Neuhaus Mühlgrundweg (Auf dem Plateau) Parkplatz</desc>
		<src>Niedersächsische Landesforsten</src>
	</wpt>
	<wpt lat="51.772579445976532" lon="9.5364268666669041">
		<name>HOL-076</name>
		<cmt>K 60 Parkplatz Silberborn (Eingang TreeRock)</cmt>
		<desc>K 60 Parkplatz Silberborn (Eingang TreeRock)</desc>
		<src>Niedersächsische Landesforsten</src>
	</wpt>
	<wpt lat="51.762799868294849" lon="9.5631460482032935">
		<name>HOL-078</name>
		<cmt>L549 Torfhaus Abzweigung Lakenstraße, schlechter Empfang</cmt>
		<desc>L549 Torfhaus Abzweigung Lakenstraße, schlechter Empfang</desc>
		<src>Niedersächsische Landesforsten</src>
	</wpt>
	<wpt lat="51.756439669016551" lon="9.5375852234404555">
		<name>HOL-079</name>
		<cmt>Parkplatz Aussichtsturm L549 zwischen Neuhaus u. Silberborn</cmt>
		<desc>Parkplatz Aussichtsturm L549 zwischen Neuhaus u. Silberborn</desc>
		<src>Niedersächsische Landesforsten</src>
	</wpt>
	<wpt lat="51.751744993883364" lon="9.5240236446157933">
		<name>HOL-080</name>
		<cmt>Parkplatz Haus des Gastes</cmt>
		<desc>Parkplatz Haus des Gastes</desc>
		<src>Niedersächsische Landesforsten</src>
	</wpt>
	<wpt lat="51.748222219999413" lon="9.5140219029908568">
		<name>HOL-081</name>
		<cmt>Ehemalige Rfö. Wildenkiel, Neuhaus Derentaler Str.10</cmt>
		<desc>Ehemalige Rfö. Wildenkiel, Neuhaus Derentaler Str.10</desc>
		<src>Niedersächsische Landesforsten</src>
	</wpt>
	<wpt lat="51.707090268836957" lon="9.4230541849762517">
		<name>HOL-093</name>
		<cmt>Waldparkplatz Weideweg K53 zwischen Fürstenberg u.Derental (Waldende)</cmt>
		<desc>Waldparkplatz Weideweg K53 zwischen Fürstenberg u.Derental (Waldende)</desc>
		<src>Niedersächsische Landesforsten</src>
	</wpt>
	<wpt lat="51.723209879643029" lon="9.4160371479372422">
		<name>HOL-090</name>
		<cmt>Spitzkehre K 53 zwischen Fürstenberg u.Derental, schlechter Empfang</cmt>
		<desc>Spitzkehre K 53 zwischen Fürstenberg u.Derental, schlechter Empfang</desc>
		<src>Niedersächsische Landesforsten</src>
	</wpt>
	<wpt lat="51.795033963043394" lon="9.5141600887581657">
		<name>HOL-072</name>
		<cmt>Mühlenberg Bushaltestelle</cmt>
		<desc>Mühlenberg Bushaltestelle</desc>
		<src>Niedersächsische Landesforsten</src>
	</wpt>
	<wpt lat="51.891996757829141" lon="9.8536835670299272">
		<name>NOM-094</name>
		<cmt>Feuerwehr/DGH Stroit (Heukenberg)</cmt>
		<desc>Feuerwehr/DGH Stroit (Heukenberg)</desc>
		<src>Niedersächsische Landesforsten</src>
	</wpt>
	<wpt lat="52.489738131500054" lon="10.173868676554479">
		<name>H-178</name>
		<cmt>Parkplatz Friedwald</cmt>
		<desc>Parkplatz Friedwald</desc>
		<src>Niedersächsische Landesforsten</src>
	</wpt>
	<wpt lat="52.925150826806693" lon="8.2993496984886086">
		<name>OL-044</name>
		<cmt>"Buchenallee" - ca. 3750m bis zum Beginn der Aufforstungsflächen</cmt>
		<desc>"Buchenallee" - ca. 3750m bis zum Beginn der Aufforstungsflächen</desc>
		<src>Niedersächsische Landesforsten</src>
	</wpt>
	<wpt lat="52.913569561538836" lon="8.2795041548985306">
		<name>OL-047</name>
		<cmt>"Hageler Str."-"Hageler Höhe"</cmt>
		<desc>"Hageler Str."-"Hageler Höhe"</desc>
		<src>Niedersächsische Landesforsten</src>
	</wpt>
	<wpt lat="52.87584892063613" lon="8.0238404339964724">
		<name>CLP-026</name>
		<cmt>Friedwald Cloppenburg</cmt>
		<desc>Friedwald Cloppenburg</desc>
		<src>Niedersächsische Landesforsten</src>
	</wpt>
	<wpt lat="52.356880238163328" lon="10.085340272743872">
		<name>H-002</name>
		<cmt>Bahnübergang im Hämeler Wald; Verlängerung Hubertusstraße</cmt>
		<desc>Bahnübergang im Hämeler Wald; Verlängerung Hubertusstraße</desc>
		<src>Niedersächsische Landesforsten</src>
	</wpt>
	<wpt lat="52.368005572973971" lon="10.10452427899976">
		<name>H-001</name>
		<cmt>Zum Hämeler Wald; Waldeinfahrt südl. DIA Gewerbepark</cmt>
		<desc>Zum Hämeler Wald; Waldeinfahrt südl. DIA Gewerbepark</desc>
		<src>Niedersächsische Landesforsten</src>
	</wpt>
	<wpt lat="51.896564532432976" lon="9.8712402215384891">
		<name>NOM-095</name>
		<cmt>Kreuzung B 3/L 590</cmt>
		<desc>Kreuzung B 3/L 590</desc>
		<src>Niedersächsische Landesforsten</src>
	</wpt>
	<wpt lat="51.897314497457025" lon="9.890166479157239">
		<name>NOM-096</name>
		<cmt>über B 3 Weddehagener Weg; Domäne Weddehagen</cmt>
		<desc>über B 3 Weddehagener Weg; Domäne Weddehagen</desc>
		<src>Niedersächsische Landesforsten</src>
	</wpt>
	<wpt lat="51.893246963421412" lon="9.9089576260774059">
		<name>NOM-097</name>
		<cmt>Parkplatz Oberbecken Erzhausen; Zuwegung über Naensen</cmt>
		<desc>Parkplatz Oberbecken Erzhausen; Zuwegung über Naensen</desc>
		<src>Niedersächsische Landesforsten</src>
	</wpt>
	<wpt lat="51.893336305055769" lon="9.9294646032799196">
		<name>NOM-098</name>
		<cmt>Ortseingang Erzhausen von Freden kommend</cmt>
		<desc>Ortseingang Erzhausen von Freden kommend</desc>
		<src>Niedersächsische Landesforsten</src>
	</wpt>
	<wpt lat="51.608458350244383" lon="9.9054667591750007">
		<name>NOM-7H</name>
		<cmt>Rauschenberg</cmt>
		<desc>Rauschenberg</desc>
		<src>Niedersächsische Landesforsten</src>
	</wpt>
	<wpt lat="51.609455910680325" lon="9.6889232924935893">
		<name>NOM-15H</name>
		<cmt>Rfö. Verliehausen, Forstweg  26</cmt>
		<desc>Rfö. Verliehausen, Forstweg  26</desc>
		<src>Niedersächsische Landesforsten</src>
	</wpt>
	<wpt lat="51.62176158042022" lon="9.6910965564347933">
		<name>NOM-21H</name>
		<cmt>Schoninger Fischteichstraße</cmt>
		<desc>Schoninger Fischteichstraße</desc>
		<src>Niedersächsische Landesforsten</src>
	</wpt>
	<wpt lat="51.613915132838009" lon="9.7489238531008056">
		<name>NOM-14H</name>
		<cmt>Wildwiese nördl. der Bramburg</cmt>
		<desc>Wildwiese nördl. der Bramburg</desc>
		<src>Niedersächsische Landesforsten</src>
	</wpt>
	<wpt lat="51.632403229947677" lon="9.7547314985811457">
		<name>NOM-18H</name>
		<cmt>Wiese Bramburgweg</cmt>
		<desc>Wiese Bramburgweg</desc>
		<src>Niedersächsische Landesforsten</src>
	</wpt>
	<wpt lat="51.641362094893779" lon="9.7667290401022431">
		<name>NOM-17</name>
		<cmt>"Altes Forsthaus" Goseplack</cmt>
		<desc>"Altes Forsthaus" Goseplack</desc>
		<src>Niedersächsische Landesforsten</src>
	</wpt>
	<wpt lat="51.635326446321358" lon="9.7325382468387573">
		<name>NOM-20H</name>
		<cmt>Schlarper Kreuz</cmt>
		<desc>Schlarper Kreuz</desc>
		<src>Niedersächsische Landesforsten</src>
	</wpt>
	<wpt lat="51.64366622526186" lon="9.7337048525643439">
		<name>NOM-19H</name>
		<cmt>Naturerlebnispfard</cmt>
		<desc>Naturerlebnispfard</desc>
		<src>Niedersächsische Landesforsten</src>
	</wpt>
	<wpt lat="51.658436234422716" lon="9.7371554847171815">
		<name>NOM-25</name>
		<cmt>Landhotel "Am Rothenberg"</cmt>
		<desc>Landhotel "Am Rothenberg"</desc>
		<src>Niedersächsische Landesforsten</src>
	</wpt>
	<wpt lat="51.660323158831595" lon="9.7127525773930934">
		<name>NOM-26</name>
		<cmt>Gierswalde, Altes Feuerwehrgerätehaus</cmt>
		<desc>Gierswalde, Altes Feuerwehrgerätehaus</desc>
		<src>Niedersächsische Landesforsten</src>
	</wpt>
	<wpt lat="51.905241353911556" lon="10.04036670602143">
		<name>NOM-153</name>
		<cmt>Altgandersheim, westl. Ortsmitte, Landgasthaus "Köhler" / Landmaschinen "Reese"</cmt>
		<desc>Altgandersheim, westl. Ortsmitte, Landgasthaus "Köhler" / Landmaschinen "Reese"</desc>
		<src>Niedersächsische Landesforsten</src>
	</wpt>
	<wpt lat="51.911448669973851" lon="10.072059059452352">
		<name>NOM-154</name>
		<cmt>Schützenhaus Gremsheim, nordöstl. v. Gremsheim, am Waldrand</cmt>
		<desc>Schützenhaus Gremsheim, nordöstl. v. Gremsheim, am Waldrand</desc>
		<src>Niedersächsische Landesforsten</src>
	</wpt>
	<wpt lat="51.925610622357794" lon="10.034799419905944">
		<name>NOM-152</name>
		<cmt>Helmscherode, K 629, nördl. Ortsrand,  Ecke Spielplatz  - Friedhof</cmt>
		<desc>Helmscherode, K 629, nördl. Ortsrand,  Ecke Spielplatz  - Friedhof</desc>
		<src>Niedersächsische Landesforsten</src>
	</wpt>
	<wpt lat="51.881854323110545" lon="9.9620919053624633">
		<name>NOM-149</name>
		<cmt>Heckenbeck, Sportplatz südl. Ortsrand</cmt>
		<desc>Heckenbeck, Sportplatz südl. Ortsrand</desc>
		<src>Niedersächsische Landesforsten</src>
	</wpt>
	<wpt lat="51.825248053737937" lon="9.7048088904884757">
		<name>NOM-309</name>
		<cmt>Hunnesrück Ortsmitte</cmt>
		<desc>Hunnesrück Ortsmitte</desc>
		<src>Niedersächsische Landesforsten</src>
	</wpt>
	<wpt lat="51.768119130402283" lon="9.6449392584495985">
		<name>NOM-316</name>
		<cmt>Silberbornerstraße Revierförsterei Sievershausen</cmt>
		<desc>Silberbornerstraße Revierförsterei Sievershausen</desc>
		<src>Niedersächsische Landesforsten</src>
	</wpt>
	<wpt lat="51.769888048180199" lon="9.6020080846321338">
		<name>NOM-321</name>
		<cmt>Parkplatz mit kl.Hütte Silberborner Straße westl. Sievershausen</cmt>
		<desc>Parkplatz mit kl.Hütte Silberborner Straße westl. Sievershausen</desc>
		<src>Niedersächsische Landesforsten</src>
	</wpt>
	<wpt lat="51.784546432641292" lon="9.5998725224514558">
		<name>NOM-322</name>
		<cmt>Wegekreuzung an L 549 und Wachthausweg zwischen Dassel und Torfhaus</cmt>
		<desc>Wegekreuzung an L 549 und Wachthausweg zwischen Dassel und Torfhaus</desc>
		<src>Niedersächsische Landesforsten</src>
	</wpt>
	<wpt lat="51.755994996964489" lon="9.6768960153133943">
		<name>NOM-340</name>
		<cmt>Parkplatz Speerbergsbrücke Parkplatz an der L 548 Relliehausen/Eschershausen</cmt>
		<desc>Parkplatz Speerbergsbrücke Parkplatz an der L 548 Relliehausen/Eschershausen</desc>
		<src>Niedersächsische Landesforsten</src>
	</wpt>
	<wpt lat="51.708951795258436" lon="9.7752475610474416">
		<name>NOM-393</name>
		<cmt>Wiese bei Jagdhaus Fredelshagen an der K 431 1,5 km nördl. von Espol</cmt>
		<desc>Wiese bei Jagdhaus Fredelshagen an der K 431 1,5 km nördl. von Espol</desc>
		<src>Niedersächsische Landesforsten</src>
	</wpt>
	<wpt lat="51.712963142058797" lon="9.3934830099471949">
		<name>HOL-092</name>
		<cmt>L550 Gaststätte Eulenkrug</cmt>
		<desc>L550 Gaststätte Eulenkrug</desc>
		<src>Niedersächsische Landesforsten</src>
	</wpt>
	<wpt lat="51.686690432415936" lon="9.6633909387611556">
		<name>NOM-359</name>
		<cmt>Waldeingang Forsthaus Vahle Anfahrt über Vahle Verlängerung Oberstraße</cmt>
		<desc>Waldeingang Forsthaus Vahle Anfahrt über Vahle Verlängerung Oberstraße</desc>
		<src>Niedersächsische Landesforsten</src>
	</wpt>
	<wpt lat="51.652374415099295" lon="9.4385257439990742">
		<name>NOM-231</name>
		<cmt>Oberer Parkplatz Skywalk Waldrand südlich Brüggefeld</cmt>
		<desc>Oberer Parkplatz Skywalk Waldrand südlich Brüggefeld</desc>
		<src>Niedersächsische Landesforsten</src>
	</wpt>
	<wpt lat="51.731614795299322" lon="9.513030215473032">
		<name>HOL-094</name>
		<cmt>B497 zwischen Neuhaus u.Schönhagen Salzsteingrundweg gegenüber Ahlequelle</cmt>
		<desc>B497 zwischen Neuhaus u.Schönhagen Salzsteingrundweg gegenüber Ahlequelle</desc>
		<src>Niedersächsische Landesforsten</src>
	</wpt>
	<wpt lat="51.717541948980077" lon="9.4941261888793775">
		<name>NOM-223</name>
		<cmt>Kreuzung Neuhäuser Str. Abrahamweg</cmt>
		<desc>Kreuzung Neuhäuser Str. Abrahamweg</desc>
		<src>Niedersächsische Landesforsten</src>
	</wpt>
	<wpt lat="51.712634082621705" lon="9.5331192490711274">
		<name>NOM-211</name>
		<cmt>B497 zwischen Neuhaus und Schönhagen Parkplatz Ahlewiesen</cmt>
		<desc>B497 zwischen Neuhaus und Schönhagen Parkplatz Ahlewiesen</desc>
		<src>Niedersächsische Landesforsten</src>
	</wpt>
	<wpt lat="51.751916298515894" lon="9.6429962260786528">
		<name>NOM-324</name>
		<cmt>Abbecke Ortsmitte Gastwirtschaft</cmt>
		<desc>Abbecke Ortsmitte Gastwirtschaft</desc>
		<src>Niedersächsische Landesforsten</src>
	</wpt>
	<wpt lat="51.611189206110609" lon="10.074211885571083">
		<name>NOM-700</name>
		<cmt>B446 &amp;gt; K3 2,3 km nördlich Holzerode, Parkplatz hinter Wiese</cmt>
		<desc>B446 &amp;gt; K3 2,3 km nördlich Holzerode, Parkplatz hinter Wiese</desc>
		<src>Niedersächsische Landesforsten</src>
	</wpt>
	<wpt lat="51.928071862104403" lon="9.5108855366436309">
		<name>HOL-046</name>
		<cmt>Rühle L580 Golmbacherstr.Ecke Waldstr., schlechter Empfang</cmt>
		<desc>Rühle L580 Golmbacherstr.Ecke Waldstr., schlechter Empfang</desc>
		<src>Niedersächsische Landesforsten</src>
	</wpt>
	<wpt lat="51.840248963181907" lon="9.6584882461036354">
		<name>HOL-096</name>
		<cmt>Waldeingang an K46 zwischen Denkiehausen und Heinade</cmt>
		<desc>Waldeingang an K46 zwischen Denkiehausen und Heinade</desc>
		<src>Niedersächsische Landesforsten</src>
	</wpt>
	<wpt lat="51.865459716917698" lon="9.6599514615159681">
		<name>HOL-097</name>
		<cmt>K42 zwischen Linnenkamp und Stadtoldendorf/ Auf der Höhe am Wanderweg</cmt>
		<desc>K42 zwischen Linnenkamp und Stadtoldendorf/ Auf der Höhe am Wanderweg</desc>
		<src>Niedersächsische Landesforsten</src>
	</wpt>
	<wpt lat="51.886911259812308" lon="9.7475719760478512">
		<name>HOL-098</name>
		<cmt>B64 Ortseingang Mainholzen Richtung Vorwohle</cmt>
		<desc>B64 Ortseingang Mainholzen Richtung Vorwohle</desc>
		<src>Niedersächsische Landesforsten</src>
	</wpt>
	<wpt lat="51.649298743431494" lon="9.8256107944248008">
		<name>NOM-408</name>
		<cmt>Hardegsen Bushaltestelle und Parkplatz Friedhof</cmt>
		<desc>Hardegsen Bushaltestelle und Parkplatz Friedhof</desc>
		<src>Niedersächsische Landesforsten</src>
	</wpt>
	<wpt lat="51.659750473183955" lon="9.7563754666161113">
		<name>NOM-409</name>
		<cmt>Volpriehausen Auffahrt zur B241 Bollertsmühle</cmt>
		<desc>Volpriehausen Auffahrt zur B241 Bollertsmühle</desc>
		<src>Niedersächsische Landesforsten</src>
	</wpt>
	<wpt lat="51.710740234078699" lon="9.7318040768933844">
		<name>NOM-410</name>
		<cmt>Bohlweg/Senderstr. zwischen Espol - Delliehausen / Abzweig Grimmerfeld</cmt>
		<desc>Bohlweg/Senderstr. zwischen Espol - Delliehausen / Abzweig Grimmerfeld</desc>
		<src>Niedersächsische Landesforsten</src>
	</wpt>
	<wpt lat="51.619162428861813" lon="10.044886769694928">
		<name>NOM-701</name>
		<cmt>B446 &amp;gt; K2 Spanbeck &amp;gt; Sudershausen 1,3 km nach Norden bis Waldrand</cmt>
		<desc>B446 &amp;gt; K2 Spanbeck &amp;gt; Sudershausen 1,3 km nach Norden bis Waldrand</desc>
		<src>Niedersächsische Landesforsten</src>
	</wpt>
	<wpt lat="51.728616585641731" lon="10.018726798624215">
		<name>NOM-729</name>
		<cmt>B248 Langenholtensen &amp;gt; Dünenangerstraße,  Parkplatz Friedhof</cmt>
		<desc>B248 Langenholtensen &amp;gt; Dünenangerstraße,  Parkplatz Friedhof</desc>
		<src>Niedersächsische Landesforsten</src>
	</wpt>
	<wpt lat="51.625754120754067" lon="10.035373608328392">
		<name>NOM-702</name>
		<cmt>K415, Sudershausen &amp;gt; Spanbeck, ca. 700m Weg links</cmt>
		<desc>K415, Sudershausen &amp;gt; Spanbeck, ca. 700m Weg links</desc>
		<src>Niedersächsische Landesforsten</src>
	</wpt>
	<wpt lat="53.169178820513096" lon="10.913198434798877">
		<name>DAN-042</name>
		<cmt>K 19 Leitstade Bahnhof</cmt>
		<desc>K 19 Leitstade Bahnhof</desc>
		<src>Niedersächsische Landesforsten</src>
	</wpt>
	<wpt lat="53.027240925107925" lon="11.266855751471054">
		<name>DAN-025</name>
		<cmt>Dünsche gegenüber "Gasthaus Süntelmeyer"</cmt>
		<desc>Dünsche gegenüber "Gasthaus Süntelmeyer"</desc>
		<src>Niedersächsische Landesforsten</src>
	</wpt>
	<wpt lat="53.053358622263133" lon="11.225366825486997">
		<name>DAN-029</name>
		<cmt>Wegegabelung "Siemer Dorfstraße" und "Zur Lucie"</cmt>
		<desc>Wegegabelung "Siemer Dorfstraße" und "Zur Lucie"</desc>
		<src>Niedersächsische Landesforsten</src>
	</wpt>
	<wpt lat="53.016237278369225" lon="11.148661635678529">
		<name>DAN-036</name>
		<cmt>K 33 Rehbeck Sportflugplatz</cmt>
		<desc>K 33 Rehbeck Sportflugplatz</desc>
		<src>Niedersächsische Landesforsten</src>
	</wpt>
	<wpt lat="53.107445372172094" lon="10.885905288290081">
		<name>DAN-047</name>
		<cmt>ehem. Revierförsterei Zienitz</cmt>
		<desc>ehem. Revierförsterei Zienitz</desc>
		<src>Niedersächsische Landesforsten</src>
	</wpt>
	<wpt lat="53.161819485386339" lon="10.991833742203285">
		<name>DAN-038</name>
		<cmt>L 231 Siedlung Meudelfitz Bushaltestelle</cmt>
		<desc>L 231 Siedlung Meudelfitz Bushaltestelle</desc>
		<src>Niedersächsische Landesforsten</src>
	</wpt>
	<wpt lat="53.181422541090406" lon="10.985555722244388">
		<name>DAN-040</name>
		<cmt>K 36 Tiessau Abzweig Hitzacker</cmt>
		<desc>K 36 Tiessau Abzweig Hitzacker</desc>
		<src>Niedersächsische Landesforsten</src>
	</wpt>
	<wpt lat="53.022086531222925" lon="11.44780784976208">
		<name>DAN-056</name>
		<cmt>B493, Gartow Tischler und Tierarzt Herbst</cmt>
		<desc>B493, Gartow Tischler und Tierarzt Herbst</desc>
		<src>Niedersächsische Landesforsten</src>
	</wpt>
	<wpt lat="53.019723513052355" lon="11.529711700585333">
		<name>DAN-057</name>
		<cmt>B 493, Kapern Kirche</cmt>
		<desc>B 493, Kapern Kirche</desc>
		<src>Niedersächsische Landesforsten</src>
	</wpt>
	<wpt lat="53.183596202895117" lon="10.930238188154364">
		<name>DAN-041</name>
		<cmt>L 231 Wietzetze Gasthaus "Pferdeschulze"</cmt>
		<desc>L 231 Wietzetze Gasthaus "Pferdeschulze"</desc>
		<src>Niedersächsische Landesforsten</src>
	</wpt>
	<wpt lat="53.200174688056286" lon="10.878467911805878">
		<name>DAN-053</name>
		<cmt>L 231 Darzau-Hof Bushaltestelle</cmt>
		<desc>L 231 Darzau-Hof Bushaltestelle</desc>
		<src>Niedersächsische Landesforsten</src>
	</wpt>
	<wpt lat="52.933533496408472" lon="10.962660182425971">
		<name>DAN-058</name>
		<cmt>Dalitzer Weg, an der Konservenfabrik Grocholl</cmt>
		<desc>Dalitzer Weg, an der Konservenfabrik Grocholl</desc>
		<src>Niedersächsische Landesforsten</src>
	</wpt>
	<wpt lat="52.887825092522597" lon="10.958924892856412">
		<name>DAN-059</name>
		<cmt>Kornhaus Bergen, "Vor dem Lager"</cmt>
		<desc>Kornhaus Bergen, "Vor dem Lager"</desc>
		<src>Niedersächsische Landesforsten</src>
	</wpt>
	<wpt lat="52.807928" lon="7.278332">
		<name>EL-HA-001</name>
		<cmt>Südliche Grenze Großer Tannenkamp Raken</cmt>
		<desc>Südliche Grenze Großer Tannenkamp Raken</desc>
		<src>Stadt Haren (Ems)</src>
	</wpt>
	<wpt lat="52.814027" lon="7.279832">
		<name>EL-HA-002</name>
		<cmt>Großer Tannenkamp Emen</cmt>
		<desc>Großer Tannenkamp Emen</desc>
		<src>Stadt Haren (Ems)</src>
	</wpt>
	<wpt lat="52.814827" lon="7.29493">
		<name>EL-HA-003</name>
		<cmt>Nördliche Grenze Großer Tannenkamp Emen</cmt>
		<desc>Nördliche Grenze Großer Tannenkamp Emen</desc>
		<src>Stadt Haren (Ems)</src>
	</wpt>
	<wpt lat="52.805828" lon="7.299129">
		<name>EL-HA-004</name>
		<cmt>Rakener Heide Raken</cmt>
		<desc>Rakener Heide Raken</desc>
		<src>Stadt Haren (Ems)</src>
	</wpt>
	<wpt lat="53.047717" lon="7.285525">
		<name>EL-RH-001</name>
		<cmt>Badesee Sudfelde</cmt>
		<desc>Badesee Sudfelde</desc>
		<src>Gemeinde Rhede (Ems)</src>
	</wpt>
	<wpt lat="53.019386" lon="7.223265">
		<name>EL-RH-002</name>
		<cmt>Badesee Neurhede</cmt>
		<desc>Badesee Neurhede</desc>
		<src>Gemeinde Rhede (Ems)</src>
	</wpt>
	<wpt lat="53.095175" lon="7.27447">
		<name>EL-RH-003</name>
		<cmt>Badesee Brual</cmt>
		<desc>Badesee Brual</desc>
		<src>Gemeinde Rhede (Ems)</src>
	</wpt>
	<wpt lat="53.067455" lon="7.271862">
		<name>EL-RH-004</name>
		<cmt>Spieksee-Strand</cmt>
		<desc>Spieksee-Strand</desc>
		<src>Gemeinde Rhede (Ems)</src>
	</wpt>
	<wpt lat="53.063181" lon="7.30443">
		<name>EL-RH-005</name>
		<cmt>Rottsee</cmt>
		<desc>Rottsee</desc>
		<src>Gemeinde Rhede (Ems)</src>
	</wpt>
	<wpt lat="53.046953" lon="7.261241">
		<name>EL-RH-006</name>
		<cmt>Flaarsee</cmt>
		<desc>Flaarsee</desc>
		<src>Gemeinde Rhede (Ems)</src>
	</wpt>
	<wpt lat="53.037482" lon="7.268883">
		<name>EL-RH-007</name>
		<cmt>Borsumer Berge</cmt>
		<desc>Borsumer Berge</desc>
		<src>Gemeinde Rhede (Ems)</src>
	</wpt>
	<wpt lat="53.06609" lon="7.22181">
		<name>EL-RH-008</name>
		<cmt>Wanderhütte Zollstraße</cmt>
		<desc>Wanderhütte Zollstraße</desc>
		<src>Gemeinde Rhede (Ems)</src>
	</wpt>
	<wpt lat="53.04139" lon="7.268727">
		<name>EL-RH-009</name>
		<cmt>Wanderhütte Dohloff</cmt>
		<desc>Wanderhütte Dohloff</desc>
		<src>Gemeinde Rhede (Ems)</src>
	</wpt>
	<wpt lat="53.089504" lon="7.285235">
		<name>EL-RH-010</name>
		<cmt>Wanderhütte Schöpfwerk Brahe</cmt>
		<desc>Wanderhütte Schöpfwerk Brahe</desc>
		<src>Gemeinde Rhede (Ems)</src>
	</wpt>
	<wpt lat="53.058234" lon="7.278984">
		<name>EL-RH-011</name>
		<cmt>Skateranlage Rhede</cmt>
		<desc>Skateranlage Rhede</desc>
		<src>Gemeinde Rhede (Ems)</src>
	</wpt>
	<wpt lat="53.056093" lon="7.278413">
		<name>EL-RH-012</name>
		<cmt>Rodelberg Rhede</cmt>
		<desc>Rodelberg Rhede</desc>
		<src>Gemeinde Rhede (Ems)</src>
	</wpt>
	<wpt lat="53.033417" lon="7.300094">
		<name>EL-RH-013</name>
		<cmt>Segelflugplatz</cmt>
		<desc>Segelflugplatz</desc>
		<src>Gemeinde Rhede (Ems)</src>
	</wpt>
	<wpt lat="53.038564" lon="7.293884">
		<name>EL-RH-014</name>
		<cmt>Borsum Hagen</cmt>
		<desc>Borsum Hagen</desc>
		<src>Gemeinde Rhede (Ems)</src>
	</wpt>
	<wpt lat="53.038762" lon="7.287598">
		<name>EL-RH-015</name>
		<cmt>Borsum Lake</cmt>
		<desc>Borsum Lake</desc>
		<src>Gemeinde Rhede (Ems)</src>
	</wpt>
	<wpt lat="53.072322" lon="7.284973">
		<name>EL-RH-016</name>
		<cmt>Schleuse Rhede</cmt>
		<desc>Schleuse Rhede</desc>
		<src>Gemeinde Rhede (Ems)</src>
	</wpt>
	<wpt lat="53.036565" lon="7.300094">
		<name>EL-RH-017</name>
		<cmt>Schöpfwerk Borsum</cmt>
		<desc>Schöpfwerk Borsum</desc>
		<src>Gemeinde Rhede (Ems)</src>
	</wpt>
	<wpt lat="53.062375" lon="7.288212">
		<name>EL-RH-018</name>
		<cmt>Alte Rheder Straße</cmt>
		<desc>Alte Rheder Straße</desc>
		<src>Gemeinde Rhede (Ems)</src>
	</wpt>
	<wpt lat="53.035052" lon="7.273857">
		<name>EL-RH-019</name>
		<cmt>Borsumer Berge Südost</cmt>
		<desc>Borsumer Berge Südost</desc>
		<src>Gemeinde Rhede (Ems)</src>
	</wpt>
	<wpt lat="52.5223" lon="7.552381">
		<name>EL-FR-001</name>
		<cmt>Schutzhütte Kaninchenherberge Andervenne</cmt>
		<desc>Schutzhütte Kaninchenherberge Andervenne</desc>
		<src>Samtgemeinde Freren</src>
	</wpt>
	<wpt lat="52.45417" lon="7.498616">
		<name>EL-FR-002</name>
		<cmt>Schutzhütte Talger Eck Beesten</cmt>
		<desc>Schutzhütte Talger Eck Beesten</desc>
		<src>Samtgemeinde Freren</src>
	</wpt>
	<wpt lat="52.474047" lon="7.60875">
		<name>EL-FR-003</name>
		<cmt>Schutzhütte Zur Messlage Freren</cmt>
		<desc>Schutzhütte Zur Messlage Freren</desc>
		<src>Samtgemeinde Freren</src>
	</wpt>
	<wpt lat="52.40117" lon="7.54354">
		<name>EL-SP-001</name>
		<cmt>Schutzhütte Ecke Birkenstr./ Heckenstr. Schapen</cmt>
		<desc>Schutzhütte Ecke Birkenstr./ Heckenstr. Schapen</desc>
		<src>Samtgemeinde Spelle</src>
	</wpt>
	<wpt lat="52.39334" lon="7.56758">
		<name>EL-SP-002</name>
		<cmt>Schutzhütte Ecke Borkener Str./ Westfalendamm Schapen</cmt>
		<desc>Schutzhütte Ecke Borkener Str./ Westfalendamm Schapen</desc>
		<src>Samtgemeinde Spelle</src>
	</wpt>
	<wpt lat="52.701621" lon="7.313473">
		<name>EL-ME-001</name>
		<cmt>Einfahrt "Am Hasenkamp"</cmt>
		<desc>Einfahrt "Am Hasenkamp"</desc>
		<src>Stadt Meppen</src>
	</wpt>
	<wpt lat="52.699129" lon="7.322106">
		<name>EL-ME-002</name>
		<cmt>Einfahrt über "Vogelpohlstraße"</cmt>
		<desc>Einfahrt über "Vogelpohlstraße"</desc>
		<src>Stadt Meppen</src>
	</wpt>
	<wpt lat="52.701424" lon="7.324576">
		<name>EL-ME-003</name>
		<cmt>Einfahrt über Schotterweg Wasserwerk</cmt>
		<desc>Einfahrt über Schotterweg Wasserwerk</desc>
		<src>Stadt Meppen</src>
	</wpt>
	<wpt lat="52.705111" lon="7.326756">
		<name>EL-ME-004</name>
		<cmt>Gegenüber Einfahrt Kossehof</cmt>
		<desc>Gegenüber Einfahrt Kossehof</desc>
		<src>Stadt Meppen</src>
	</wpt>
	<wpt lat="52.698999" lon="7.329934">
		<name>EL-ME-005</name>
		<cmt>Einfahrt über "Vogelpohlstraße"</cmt>
		<desc>Einfahrt über "Vogelpohlstraße"</desc>
		<src>Stadt Meppen</src>
	</wpt>
	<wpt lat="53.31833" lon="10.39925">
		<name>LG-200</name>
		<cmt>Bardowick, Am St. Dionyser Weg</cmt>
		<desc>Bardowick, Am St. Dionyser Weg</desc>
		<src>LWK NDS FoA Uelzen</src>
	</wpt>
	<wpt lat="53.27379" lon="10.28166">
		<name>LG-201</name>
		<cmt>Mechtersen, Einemhofer Weg</cmt>
		<desc>Mechtersen, Einemhofer Weg</desc>
		<src>LWK NDS FoA Uelzen</src>
	</wpt>
	<wpt lat="53.26921" lon="10.33726">
		<name>LG-202</name>
		<cmt>Vögelsen, Waldrand</cmt>
		<desc>Vögelsen, Waldrand</desc>
		<src>LWK NDS FoA Uelzen</src>
	</wpt>
	<wpt lat="53.18663" lon="10.2892">
		<name>LG-203</name>
		<cmt>Deutsch Evern, Waldrand</cmt>
		<desc>Deutsch Evern, Waldrand</desc>
		<src>LWK NDS FoA Uelzen</src>
	</wpt>
	<wpt lat="53.18842" lon="10.4514">
		<name>LG-204</name>
		<cmt>Oerzen, an der K10</cmt>
		<desc>Oerzen, an der K10</desc>
		<src>LWK NDS FoA Uelzen</src>
	</wpt>
	<wpt lat="53.21383" lon="10.49569">
		<name>LG-205</name>
		<cmt>Am Kanal</cmt>
		<desc>Am Kanal</desc>
		<src>LWK NDS FoA Uelzen</src>
	</wpt>
	<wpt lat="53.22426" lon="10.60177">
		<name>LG-206</name>
		<cmt>Acker, Kreuzung "zur Dooren Elbe"</cmt>
		<desc>Acker, Kreuzung "zur Dooren Elbe"</desc>
		<src>LWK NDS FoA Uelzen</src>
	</wpt>
	<wpt lat="53.25907" lon="10.65448">
		<name>LG-207</name>
		<cmt>Gemeinde Neetze</cmt>
		<desc>Gemeinde Neetze</desc>
		<src>LWK NDS FoA Uelzen</src>
	</wpt>
	<wpt lat="53.25655" lon="10.61062">
		<name>LG-208</name>
		<cmt>Holzer Straße,Neetzer Kamp</cmt>
		<desc>Holzer Straße,Neetzer Kamp</desc>
		<src>LWK NDS FoA Uelzen</src>
	</wpt>
	<wpt lat="53.23427" lon="10.54601">
		<name>LG-209</name>
		<cmt>Gemeinde Reinstorf</cmt>
		<desc>Gemeinde Reinstorf</desc>
		<src>LWK NDS FoA Uelzen</src>
	</wpt>
	<wpt lat="53.23977" lon="10.53987">
		<name>LG-210</name>
		<cmt>Gemeinde Wendhausen</cmt>
		<desc>Gemeinde Wendhausen</desc>
		<src>LWK NDS FoA Uelzen</src>
	</wpt>
	<wpt lat="53.3207" lon="10.42593">
		<name>LG-211</name>
		<cmt>Gemeinde Brietlingen</cmt>
		<desc>Gemeinde Brietlingen</desc>
		<src>LWK NDS FoA Uelzen</src>
	</wpt>
	<wpt lat="53.32585" lon="10.40516">
		<name>LG-212</name>
		<cmt>Golfplatz</cmt>
		<desc>Golfplatz</desc>
		<src>LWK NDS FoA Uelzen</src>
	</wpt>
	<wpt lat="53.32634" lon="10.52858">
		<name>LG-213</name>
		<cmt>Südlich von Echem, Hanckenhorst</cmt>
		<desc>Südlich von Echem, Hanckenhorst</desc>
		<src>LWK NDS FoA Uelzen</src>
	</wpt>
	<wpt lat="53.27242" lon="10.58853">
		<name>LG-214</name>
		<cmt>Gemeinde Boltersen</cmt>
		<desc>Gemeinde Boltersen</desc>
		<src>LWK NDS FoA Uelzen</src>
	</wpt>
	<wpt lat="53.28501" lon="10.58311">
		<name>LG-215</name>
		<cmt>Gemeinde Boltersen</cmt>
		<desc>Gemeinde Boltersen</desc>
		<src>LWK NDS FoA Uelzen</src>
	</wpt>
	<wpt lat="53.28084" lon="10.63501">
		<name>LG-216</name>
		<cmt>Gemeinde Neetze</cmt>
		<desc>Gemeinde Neetze</desc>
		<src>LWK NDS FoA Uelzen</src>
	</wpt>
	<wpt lat="53.15293" lon="10.71659">
		<name>LG-217</name>
		<cmt>Vindorf Holzplatz</cmt>
		<desc>Vindorf Holzplatz</desc>
		<src>LWK NDS FoA Uelzen</src>
	</wpt>
	<wpt lat="53.14432" lon="10.75239">
		<name>LG-218</name>
		<cmt>Gemeinde Boitze</cmt>
		<desc>Gemeinde Boitze</desc>
		<src>LWK NDS FoA Uelzen</src>
	</wpt>
	<wpt lat="53.19799" lon="10.82488">
		<name>LG-219</name>
		<cmt>Gut Nüdlitz</cmt>
		<desc>Gut Nüdlitz</desc>
		<src>LWK NDS FoA Uelzen</src>
	</wpt>
	<wpt lat="53.17303" lon="10.8672">
		<name>LG-220</name>
		<cmt>Pommoissel</cmt>
		<desc>Pommoissel</desc>
		<src>LWK NDS FoA Uelzen</src>
	</wpt>
	<wpt lat="53.16414" lon="10.86216">
		<name>LG-221</name>
		<cmt>Abt. 6H</cmt>
		<desc>Abt. 6H</desc>
		<src>LWK NDS FoA Uelzen</src>
	</wpt>
	<wpt lat="53.16559" lon="10.88546">
		<name>LG-222</name>
		<cmt>Pommoissel Abt. 15E</cmt>
		<desc>Pommoissel Abt. 15E</desc>
		<src>LWK NDS FoA Uelzen</src>
	</wpt>
	<wpt lat="53.21866" lon="10.72731">
		<name>LG-223</name>
		<cmt>Ortseingang Vosshusen</cmt>
		<desc>Ortseingang Vosshusen</desc>
		<src>LWK NDS FoA Uelzen</src>
	</wpt>
	<wpt lat="53.20304" lon="10.75192">
		<name>LG-224</name>
		<cmt>an der L222 Höhe Dahlem</cmt>
		<desc>an der L222 Höhe Dahlem</desc>
		<src>LWK NDS FoA Uelzen</src>
	</wpt>
	<wpt lat="53.21301" lon="10.66097">
		<name>LG-225</name>
		<cmt>Gemarkung Eimstorf</cmt>
		<desc>Gemarkung Eimstorf</desc>
		<src>LWK NDS FoA Uelzen</src>
	</wpt>
	<wpt lat="53.3088" lon="10.91851">
		<name>LG-226</name>
		<cmt>Dorfmitte Preten</cmt>
		<desc>Dorfmitte Preten</desc>
		<src>LWK NDS FoA Uelzen</src>
	</wpt>
	<wpt lat="53.31794" lon="10.90605">
		<name>LG-227</name>
		<cmt>an der Straße Richtung Wald</cmt>
		<desc>an der Straße Richtung Wald</desc>
		<src>LWK NDS FoA Uelzen</src>
	</wpt>
	<wpt lat="53.32158" lon="10.95213">
		<name>LG-228</name>
		<cmt>Kreuzung Richtung Preten</cmt>
		<desc>Kreuzung Richtung Preten</desc>
		<src>LWK NDS FoA Uelzen</src>
	</wpt>
	<wpt lat="53.30284" lon="10.94057">
		<name>LG-229</name>
		<cmt>Waldkreuzung am Plattenweg</cmt>
		<desc>Waldkreuzung am Plattenweg</desc>
		<src>LWK NDS FoA Uelzen</src>
	</wpt>
	<wpt lat="53.1764" lon="11.1694">
		<name>LG-230</name>
		<cmt>von Wehningen aus kommend links am Wald</cmt>
		<desc>von Wehningen aus kommend links am Wald</desc>
		<src>LWK NDS FoA Uelzen</src>
	</wpt>
	<wpt lat="53.1658" lon="11.17417">
		<name>LG-231</name>
		<cmt>Am Wendeplatz</cmt>
		<desc>Am Wendeplatz</desc>
		<src>LWK NDS FoA Uelzen</src>
	</wpt>
	<wpt lat="53.21301" lon="10.92177">
		<name>DAN-060</name>
		<cmt>im Wald am Parkplatz zur Höhe</cmt>
		<desc>im Wald am Parkplatz zur Höhe</desc>
		<src>LWK NDS FoA Uelzen</src>
	</wpt>
	<wpt lat="53.08247" lon="10.98705">
		<name>DAN-070</name>
		<cmt>B191/ Abzweig Lenzen-Nausen</cmt>
		<desc>B191/ Abzweig Lenzen-Nausen</desc>
		<src>LWK NDS FoA Uelzen</src>
	</wpt>
	<wpt lat="53.10816" lon="11.02195">
		<name>DAN-071</name>
		<cmt>Kreuzung B216/ Riskau/Karwitz</cmt>
		<desc>Kreuzung B216/ Riskau/Karwitz</desc>
		<src>LWK NDS FoA Uelzen</src>
	</wpt>
	<wpt lat="53.13035" lon="11.00973">
		<name>DAN-072</name>
		<cmt>Kreuzung Sarenseek/ Kamerun/ Sarchem</cmt>
		<desc>Kreuzung Sarenseek/ Kamerun/ Sarchem</desc>
		<src>LWK NDS FoA Uelzen</src>
	</wpt>
	<wpt lat="53.11271" lon="10.96899">
		<name>DAN-073</name>
		<cmt>Schmardau/Bushaltestelle</cmt>
		<desc>Schmardau/Bushaltestelle</desc>
		<src>LWK NDS FoA Uelzen</src>
	</wpt>
	<wpt lat="53.11425" lon="10.94865">
		<name>DAN-074</name>
		<cmt>Plumbohm/ Bushaltestelle</cmt>
		<desc>Plumbohm/ Bushaltestelle</desc>
		<src>LWK NDS FoA Uelzen</src>
	</wpt>
	<wpt lat="52.654027" lon="9.672656">
		<name>HK-248</name>
		<cmt>Buchholz-Heidelbeer Plantage (L190)</cmt>
		<desc>Buchholz-Heidelbeer Plantage (L190)</desc>
		<src>LWK NDS FoA Nordheide-Heidmark</src>
	</wpt>
	<wpt lat="52.69283" lon="9.698722">
		<name>HK-243</name>
		<cmt>Engehausen-Drebberweg (Friedhof)</cmt>
		<desc>Engehausen-Drebberweg (Friedhof)</desc>
		<src>LWK NDS FoA Nordheide-Heidmark</src>
	</wpt>
	<wpt lat="52.704886" lon="9.662641">
		<name>HK-244</name>
		<cmt>Essel-Soldatenfriedhof (Parkplatz)</cmt>
		<desc>Essel-Soldatenfriedhof (Parkplatz)</desc>
		<src>LWK NDS FoA Nordheide-Heidmark</src>
	</wpt>
	<wpt lat="52.679469" lon="9.654332">
		<name>HK-249</name>
		<cmt>Essel-Parkplatz Naturbadesee (Essel)</cmt>
		<desc>Essel-Parkplatz Naturbadesee (Essel)</desc>
		<src>LWK NDS FoA Nordheide-Heidmark</src>
	</wpt>
	<wpt lat="52.710081" lon="9.67872">
		<name>HK-239</name>
		<cmt>Essel-Bohrbrunnen  Tanklagerstraße</cmt>
		<desc>Essel-Bohrbrunnen  Tanklagerstraße</desc>
		<src>LWK NDS FoA Nordheide-Heidmark</src>
	</wpt>
	<wpt lat="52.632172" lon="9.643828">
		<name>HK-269</name>
		<cmt>Hope-Bahnhof</cmt>
		<desc>Hope-Bahnhof</desc>
		<src>LWK NDS FoA Nordheide-Heidmark</src>
	</wpt>
	<wpt lat="52.621772" lon="9.655806">
		<name>HK-268</name>
		<cmt>Hope-Feuerwehr / DGH</cmt>
		<desc>Hope-Feuerwehr / DGH</desc>
		<src>LWK NDS FoA Nordheide-Heidmark</src>
	</wpt>
	<wpt lat="52.627738" lon="9.697004">
		<name>HK-266</name>
		<cmt>Lindwedel-Kreuzung L190 / Celler Weg</cmt>
		<desc>Lindwedel-Kreuzung L190 / Celler Weg</desc>
		<src>LWK NDS FoA Nordheide-Heidmark</src>
	</wpt>
	<wpt lat="52.615191" lon="9.708666">
		<name>HK-267</name>
		<cmt>Lindwedel-Brauner Kamp</cmt>
		<desc>Lindwedel-Brauner Kamp</desc>
		<src>LWK NDS FoA Nordheide-Heidmark</src>
	</wpt>
	<wpt lat="52.6696" lon="9.708423">
		<name>HK-241</name>
		<cmt>Marklendorf-Mühlenweg (Bushaltestelle)</cmt>
		<desc>Marklendorf-Mühlenweg (Bushaltestelle)</desc>
		<src>LWK NDS FoA Nordheide-Heidmark</src>
	</wpt>
	<wpt lat="52.666409" lon="9.74003">
		<name>HK-242</name>
		<cmt>Marklendorf-Parkplatz B214 (Süd)</cmt>
		<desc>Marklendorf-Parkplatz B214 (Süd)</desc>
		<src>LWK NDS FoA Nordheide-Heidmark</src>
	</wpt>
	<wpt lat="52.64472" lon="9.726252">
		<name>HK-240</name>
		<cmt>Marklendorf-Berkhofer Weg</cmt>
		<desc>Marklendorf-Berkhofer Weg</desc>
		<src>LWK NDS FoA Nordheide-Heidmark</src>
	</wpt>
	<wpt lat="52.696999" lon="9.605201">
		<name>HK-265</name>
		<cmt>Bothmer-Schule</cmt>
		<desc>Bothmer-Schule</desc>
		<src>LWK NDS FoA Nordheide-Heidmark</src>
	</wpt>
	<wpt lat="52.709774" lon="9.573755">
		<name>HK-264</name>
		<cmt>Gilten-Kreuzung Eschenworther Weg / L191 (Bushaltestelle)</cmt>
		<desc>Gilten-Kreuzung Eschenworther Weg / L191 (Bushaltestelle)</desc>
		<src>LWK NDS FoA Nordheide-Heidmark</src>
	</wpt>
	<wpt lat="52.657002" lon="9.617604">
		<name>HK-246</name>
		<cmt>Grindau-Grindau Marschweg (Bushaltestelle)</cmt>
		<desc>Grindau-Grindau Marschweg (Bushaltestelle)</desc>
		<src>LWK NDS FoA Nordheide-Heidmark</src>
	</wpt>
	<wpt lat="52.703507" lon="9.543795">
		<name>HK-263</name>
		<cmt>Nienhagen-Gilten-DGH / Feuerwehr</cmt>
		<desc>Nienhagen-Gilten-DGH / Feuerwehr</desc>
		<src>LWK NDS FoA Nordheide-Heidmark</src>
	</wpt>
	<wpt lat="52.68172" lon="9.580034">
		<name>HK-247</name>
		<cmt>Norddrebber-Norddrebber Ortsmitte/Dorfplatz</cmt>
		<desc>Norddrebber-Norddrebber Ortsmitte/Dorfplatz</desc>
		<src>LWK NDS FoA Nordheide-Heidmark</src>
	</wpt>
	<wpt lat="52.670969" lon="9.622444">
		<name>HK-245</name>
		<cmt>Schwarmstedt-Im Laab (Schützenhaus)</cmt>
		<desc>Schwarmstedt-Im Laab (Schützenhaus)</desc>
		<src>LWK NDS FoA Nordheide-Heidmark</src>
	</wpt>
	<wpt lat="52.676967" lon="9.526028">
		<name>HK-262</name>
		<cmt>Suderbruch-Spritzenhaus (Bushaltestelle)</cmt>
		<desc>Suderbruch-Spritzenhaus (Bushaltestelle)</desc>
		<src>LWK NDS FoA Nordheide-Heidmark</src>
	</wpt>
</gpx>