<?xml version="1.0" encoding="UTF-8"?>
<gpx xmlns="http://www.topografix.com/GPX/1/1" version="1.1" creator="FME(R) 2021.1.0.1">
	<metadata>
		<time>2025-10-20T13:45:49+02:00</time>
		<bounds minlat="49.127549437887765" minlon="6.3774056582287413" maxlat="49.627581905002955" maxlon="7.3791460702829523"/>
	</metadata>
	<wpt lat="49.173120656349759" lon="7.3183843989114399">
		<name>6809-602</name>
		<cmt>Sportplatz Altheim</cmt>
		<desc>Sportplatz Altheim</desc>
		<src>SaarForst</src>
	</wpt>
	<wpt lat="49.466054471021565" lon="6.560260216266844">
		<name>6505-805</name>
		<cmt>Scheidwald, Kreuzung Höhenweg</cmt>
		<desc>Scheidwald, Kreuzung Höhenweg</desc>
		<src>SaarForst</src>
	</wpt>
	<wpt lat="49.345116191007804" lon="7.2050872703971027">
		<name>6609-168</name>
		<cmt>Neunkirchen Parkplatz Zoo</cmt>
		<desc>Neunkirchen Parkplatz Zoo</desc>
		<src>SaarForst</src>
	</wpt>
	<wpt lat="49.603245758401158" lon="6.9604224532020416">
		<name>6307-752</name>
		<cmt>Aussiedlerhof Lauer, Zum Spillert</cmt>
		<desc>Aussiedlerhof Lauer, Zum Spillert</desc>
		<src>SaarForst</src>
	</wpt>
	<wpt lat="49.265206941031323" lon="6.9183367923653938">
		<name>6707-15</name>
		<cmt>L272 Friedhof Altenkessel</cmt>
		<desc>L272 Friedhof Altenkessel</desc>
		<src>SaarForst</src>
	</wpt>
	<wpt lat="49.458644145666213" lon="6.7972235689822913">
		<name>6506-309</name>
		<cmt>Oppener Wald, sog. Podsdamer Platz</cmt>
		<desc>Oppener Wald, sog. Podsdamer Platz</desc>
		<src>SaarForst</src>
	</wpt>
	<wpt lat="49.588827929240281" lon="6.882025835824213">
		<name>6407-37</name>
		<cmt>Wadrill L150 Richtung Grimburg, Waldeinfahrt rechts 300m nach Ortsende</cmt>
		<desc>Wadrill L150 Richtung Grimburg, Waldeinfahrt rechts 300m nach Ortsende</desc>
		<src>SaarForst</src>
	</wpt>
	<wpt lat="49.306855158190331" lon="6.9493624734617505">
		<name>6607-628</name>
		<cmt>Riegelsberg, Ende der Lampennester Straße</cmt>
		<desc>Riegelsberg, Ende der Lampennester Straße</desc>
		<src>SaarForst</src>
	</wpt>
	<wpt lat="49.137604229362125" lon="7.2097767137055184">
		<name>6809-614</name>
		<cmt>Parkplatz Grillhütte an der L209 Niedergailbach-Gersheim</cmt>
		<desc>Parkplatz Grillhütte an der L209 Niedergailbach-Gersheim</desc>
		<src>SaarForst</src>
	</wpt>
	<wpt lat="49.279006859602056" lon="7.260352667744991">
		<name>6709-701</name>
		<cmt>Kirkel, Peterseiche</cmt>
		<desc>Kirkel, Peterseiche</desc>
		<src>SaarForst</src>
	</wpt>
	<wpt lat="49.480278142204618" lon="6.9923476721426594">
		<name>6507-311</name>
		<cmt>L324, Bergweiler-Theley, Sägewerk im Ortsteil Lachmühle</cmt>
		<desc>L324, Bergweiler-Theley, Sägewerk im Ortsteil Lachmühle</desc>
		<src>SaarForst</src>
	</wpt>
	<wpt lat="49.425052845442295" lon="6.8906750009098783">
		<name>6507-308</name>
		<cmt>B268 Lebach-Schmelz, Waldparkplatz Tanneck nördlich Krankenhaus</cmt>
		<desc>B268 Lebach-Schmelz, Waldparkplatz Tanneck nördlich Krankenhaus</desc>
		<src>SaarForst</src>
	</wpt>
	<wpt lat="49.604276847435635" lon="6.9497472922892527">
		<name>6307-691</name>
		<cmt>Bierfeld, Abzweigung L149 / L365</cmt>
		<desc>Bierfeld, Abzweigung L149 / L365</desc>
		<src>SaarForst</src>
	</wpt>
	<wpt lat="49.390760155466005" lon="6.7144256147478867">
		<name>6606-452</name>
		<cmt>Beckingen, Behindertenparkplatz hinter der Reithalle Marienstrasse</cmt>
		<desc>Beckingen, Behindertenparkplatz hinter der Reithalle Marienstrasse</desc>
		<src>SaarForst</src>
	</wpt>
	<wpt lat="49.405898478316566" lon="6.7003771775735457">
		<name>6506-324</name>
		<cmt>Margaretenhof, Zufahrt über Beckingen Mühlenbachstrasse</cmt>
		<desc>Margaretenhof, Zufahrt über Beckingen Mühlenbachstrasse</desc>
		<src>SaarForst</src>
	</wpt>
	<wpt lat="49.423222078947063" lon="6.7269992758755981">
		<name>6506-306</name>
		<cmt>Honzrath, Ende der Strasse An Millesen, Waldeingang</cmt>
		<desc>Honzrath, Ende der Strasse An Millesen, Waldeingang</desc>
		<src>SaarForst</src>
	</wpt>
	<wpt lat="49.406118081607289" lon="6.7304652432056979">
		<name>6506-300</name>
		<cmt>Verbindungsstrasse Beckingen-Düppenweiler, Mosbachhütte</cmt>
		<desc>Verbindungsstrasse Beckingen-Düppenweiler, Mosbachhütte</desc>
		<src>SaarForst</src>
	</wpt>
	<wpt lat="49.398992259680831" lon="6.7435871792464486">
		<name>6506-301</name>
		<cmt>Düppenweiler, Waldweg Dreizehn Buchen Richtung Kondeler Bach, Eingang Litermont-Sagenweg</cmt>
		<desc>Düppenweiler, Waldweg Dreizehn Buchen Richtung Kondeler Bach, Eingang Litermont-Sagenweg</desc>
		<src>SaarForst</src>
	</wpt>
	<wpt lat="49.43570175402553" lon="6.7184563720907295">
		<name>6506-160</name>
		<cmt>L346 Merchingen - Honzrath, ca. 1 Km vor Honzrath</cmt>
		<desc>L346 Merchingen - Honzrath, ca. 1 Km vor Honzrath</desc>
		<src>SaarForst</src>
	</wpt>
	<wpt lat="49.458971010001378" lon="6.772923967848266">
		<name>6506-157</name>
		<cmt>Oppen, Waldrand Losheimer Strasse nach Rissenthal</cmt>
		<desc>Oppen, Waldrand Losheimer Strasse nach Rissenthal</desc>
		<src>SaarForst</src>
	</wpt>
	<wpt lat="49.462454365157427" lon="6.7179785539113404">
		<name>6506-172</name>
		<cmt>L370 Hargarten - Brotdorf, Abzweigung nach Rimlingen</cmt>
		<desc>L370 Hargarten - Brotdorf, Abzweigung nach Rimlingen</desc>
		<src>SaarForst</src>
	</wpt>
	<wpt lat="49.451106875072774" lon="6.7408172852674522">
		<name>6506-307</name>
		<cmt>Hargarten, Abzweigung der L370 von der L156 (Hargarter Kehr)</cmt>
		<desc>Hargarten, Abzweigung der L370 von der L156 (Hargarter Kehr)</desc>
		<src>SaarForst</src>
	</wpt>
	<wpt lat="49.425410888679956" lon="6.773499165099131">
		<name>6506-304</name>
		<cmt>Verbindungsstrasse Düppenweiler - Schmelz, Valentinushof</cmt>
		<desc>Verbindungsstrasse Düppenweiler - Schmelz, Valentinushof</desc>
		<src>SaarForst</src>
	</wpt>
	<wpt lat="49.420956125722988" lon="6.7900379421864105">
		<name>6506-303</name>
		<cmt>Verbindungsstrasse Düppenweiler-Hüttersdorf, Einfahrt Friedwald</cmt>
		<desc>Verbindungsstrasse Düppenweiler-Hüttersdorf, Einfahrt Friedwald</desc>
		<src>SaarForst</src>
	</wpt>
	<wpt lat="49.537852798895806" lon="6.6721637239661069">
		<name>6406-779</name>
		<cmt>Britten, Abzweigung  an der B268</cmt>
		<desc>Britten, Abzweigung  an der B268</desc>
		<src>SaarForst</src>
	</wpt>
	<wpt lat="49.539733623286587" lon="6.7426547129997196">
		<name>6406-128</name>
		<cmt>Paradies Scheiden, Zufahrt über Scheiden, zum Igelsborn, 350 m östl. Fachklinik</cmt>
		<desc>Paradies Scheiden, Zufahrt über Scheiden, zum Igelsborn, 350 m östl. Fachklinik</desc>
		<src>SaarForst</src>
	</wpt>
	<wpt lat="49.535915690903288" lon="6.7176471468475434">
		<name>6406-101</name>
		<cmt>Steinbruch am Metzenbach</cmt>
		<desc>Steinbruch am Metzenbach</desc>
		<src>SaarForst</src>
	</wpt>
	<wpt lat="49.540409758711348" lon="6.7092433049360469">
		<name>6406-113</name>
		<cmt>ca. 430 m nördlich der L373 Bergen-Scheiden, Holzlagerplatz Birnborner Hecke</cmt>
		<desc>ca. 430 m nördlich der L373 Bergen-Scheiden, Holzlagerplatz Birnborner Hecke</desc>
		<src>SaarForst</src>
	</wpt>
	<wpt lat="49.532706579094423" lon="6.736212881007174">
		<name>6406-103</name>
		<cmt>Langenbruchbachtal zwischen Scheiden und Losheim, Hochwälder</cmt>
		<desc>Langenbruchbachtal zwischen Scheiden und Losheim, Hochwälder</desc>
		<src>SaarForst</src>
	</wpt>
	<wpt lat="49.552284412861567" lon="6.7386280836747732">
		<name>6406-105</name>
		<cmt>L373 Scheiden-Waldhölzbach, Angelweiher</cmt>
		<desc>L373 Scheiden-Waldhölzbach, Angelweiher</desc>
		<src>SaarForst</src>
	</wpt>
	<wpt lat="49.488864675012557" lon="6.7971899550527377">
		<name>6506-171</name>
		<cmt>Wahlen, Verlängerung der Römerstrasse</cmt>
		<desc>Wahlen, Verlängerung der Römerstrasse</desc>
		<src>SaarForst</src>
	</wpt>
	<wpt lat="49.535778431486136" lon="6.6639288834884889">
		<name>6405-614</name>
		<cmt>Britten, Wegespinne am Waldrand im Norden</cmt>
		<desc>Britten, Wegespinne am Waldrand im Norden</desc>
		<src>SaarForst</src>
	</wpt>
	<wpt lat="49.512951791800859" lon="6.6667901473248099">
		<name>6406-112</name>
		<cmt>Verlängerung der Strasse Büschenberg um ca. 1500 m, Kahswald</cmt>
		<desc>Verlängerung der Strasse Büschenberg um ca. 1500 m, Kahswald</desc>
		<src>SaarForst</src>
	</wpt>
	<wpt lat="49.501877681087549" lon="6.800742493707685">
		<name>6406-794</name>
		<cmt>Niederlosheim, Umspannwerk</cmt>
		<desc>Niederlosheim, Umspannwerk</desc>
		<src>SaarForst</src>
	</wpt>
	<wpt lat="49.527771414594575" lon="6.6596099887504288">
		<name>6405-304</name>
		<cmt>Britten, Verlängerung des Hundscheiderweges um ca. 750 m, Britterhof</cmt>
		<desc>Britten, Verlängerung des Hundscheiderweges um ca. 750 m, Britterhof</desc>
		<src>SaarForst</src>
	</wpt>
	<wpt lat="49.53666523057975" lon="6.709277237221527">
		<name>6406-100</name>
		<cmt>L373 Scheiden - Bergen</cmt>
		<desc>L373 Scheiden - Bergen</desc>
		<src>SaarForst</src>
	</wpt>
	<wpt lat="49.469991131057213" lon="6.8037544043458844">
		<name>6506-156</name>
		<cmt>L156 Oppen-Nunkirchen, Einmündung der 369 von Wahlen</cmt>
		<desc>L156 Oppen-Nunkirchen, Einmündung der 369 von Wahlen</desc>
		<src>SaarForst</src>
	</wpt>
	<wpt lat="49.522999473694405" lon="6.7227099673962041">
		<name>6406-102</name>
		<cmt>nördl. Ende des Stausees</cmt>
		<desc>nördl. Ende des Stausees</desc>
		<src>SaarForst</src>
	</wpt>
	<wpt lat="49.540735697885296" lon="6.7712823994413602">
		<name>6406-129</name>
		<cmt>Feriendorf Mitlosheim</cmt>
		<desc>Feriendorf Mitlosheim</desc>
		<src>SaarForst</src>
	</wpt>
	<wpt lat="49.590063921815947" lon="6.8438859108938237">
		<name>6407-22</name>
		<cmt>Wadern-Wadrill, Jungviehalm, Landesgrenze, Kreuzung K74 in Richtung Steinberg</cmt>
		<desc>Wadern-Wadrill, Jungviehalm, Landesgrenze, Kreuzung K74 in Richtung Steinberg</desc>
		<src>SaarForst</src>
	</wpt>
	<wpt lat="49.260576568110828" lon="7.0753859730289408">
		<name>6708-203</name>
		<cmt>Rentrisch, Zur Blecherdell / Zigarrenberg</cmt>
		<desc>Rentrisch, Zur Blecherdell / Zigarrenberg</desc>
		<src>SaarForst</src>
	</wpt>
	<wpt lat="49.367002438158863" lon="7.209266292625208">
		<name>6609-196</name>
		<cmt>Wiebelskirchen L287, Rombachaufstieg gegenüber Einfahrt Bexbacher Straße</cmt>
		<desc>Wiebelskirchen L287, Rombachaufstieg gegenüber Einfahrt Bexbacher Straße</desc>
		<src>SaarForst</src>
	</wpt>
	<wpt lat="49.590533511016226" lon="6.8898206921318446">
		<name>6407-36</name>
		<cmt>Wadern-Wadrill, Nazareth Kapelle am Ende von In der Hohlgaß</cmt>
		<desc>Wadern-Wadrill, Nazareth Kapelle am Ende von In der Hohlgaß</desc>
		<src>SaarForst</src>
	</wpt>
	<wpt lat="49.537025521252502" lon="6.6934978594260786">
		<name>6406-793</name>
		<cmt>Bergen, Alter Sportplatz</cmt>
		<desc>Bergen, Alter Sportplatz</desc>
		<src>SaarForst</src>
	</wpt>
	<wpt lat="49.464924216369958" lon="6.7422376026546722">
		<name>6506-321</name>
		<cmt>Strasse Im Buchwald 17, dann ca. 1 Km durch den Wald</cmt>
		<desc>Strasse Im Buchwald 17, dann ca. 1 Km durch den Wald</desc>
		<src>SaarForst</src>
	</wpt>
	<wpt lat="49.524632777970972" lon="6.6617336478233833">
		<name>6405-611</name>
		<cmt>Britten, Waldrand am Ende des Hundscheiderweges</cmt>
		<desc>Britten, Waldrand am Ende des Hundscheiderweges</desc>
		<src>SaarForst</src>
	</wpt>
	<wpt lat="49.525004459025375" lon="6.7053307479464799">
		<name>6406-782</name>
		<cmt>B 268 Britten - Losheim, Abzweigung der L373 (im Strassendreieck)</cmt>
		<desc>B 268 Britten - Losheim, Abzweigung der L373 (im Strassendreieck)</desc>
		<src>SaarForst</src>
	</wpt>
	<wpt lat="49.50053200641684" lon="6.6960672021109788">
		<name>6406-123</name>
		<cmt>L 158 ca. 230m nach der Gabelung von der L374 links abbiegen, dann ca. 770m Waldweg, Söllenberg</cmt>
		<desc>L 158 ca. 230m nach der Gabelung von der L374 links abbiegen, dann ca. 770m Waldweg, Söllenberg</desc>
		<src>SaarForst</src>
	</wpt>
	<wpt lat="49.476673574314049" lon="6.7150577002849561">
		<name>6506-318</name>
		<cmt>Quellenstrasse 16, dann ca. 900 m weiter zum Wasserhochbehälter</cmt>
		<desc>Quellenstrasse 16, dann ca. 900 m weiter zum Wasserhochbehälter</desc>
		<src>SaarForst</src>
	</wpt>
	<wpt lat="49.493243942177422" lon="6.6969232709410589">
		<name>6506-153</name>
		<cmt>Merzig-Brotdorf, Kreuzung der L374 mit der L158 (Kleiner Potsdamer Platz)</cmt>
		<desc>Merzig-Brotdorf, Kreuzung der L374 mit der L158 (Kleiner Potsdamer Platz)</desc>
		<src>SaarForst</src>
	</wpt>
	<wpt lat="49.527823097774657" lon="6.7408538472590962">
		<name>6406-119</name>
		<cmt>Strasse Zum Stausee 192 (Brauhaus) gegenüber in Feldweg einbiegen, am Ende ca. 800m  links, Herkeswald</cmt>
		<desc>Strasse Zum Stausee 192 (Brauhaus) gegenüber in Feldweg einbiegen, am Ende ca. 800m  links, Herkeswald</desc>
		<src>SaarForst</src>
	</wpt>
	<wpt lat="49.341634036054863" lon="7.2623450559416227">
		<name>6609-195</name>
		<cmt>Bexbach, Bliestalstraße Abzweig Blumengarten</cmt>
		<desc>Bexbach, Bliestalstraße Abzweig Blumengarten</desc>
		<src>SaarForst</src>
	</wpt>
	<wpt lat="49.248771394526862" lon="7.2320374774418701">
		<name>6709-495</name>
		<cmt>Lautzkirchen, östl. Zufahrt zur Breitermühle / Bornbacherhof, Bahnübergang</cmt>
		<desc>Lautzkirchen, östl. Zufahrt zur Breitermühle / Bornbacherhof, Bahnübergang</desc>
		<src>SaarForst</src>
	</wpt>
	<wpt lat="49.210980605385792" lon="7.2493657723751284">
		<name>6709-488</name>
		<cmt>Blickweiler Abzweigung Ballweiler Strasse</cmt>
		<desc>Blickweiler Abzweigung Ballweiler Strasse</desc>
		<src>SaarForst</src>
	</wpt>
	<wpt lat="49.213797988115473" lon="7.2639725112644227">
		<name>6709-503</name>
		<cmt>L105 Mimbach - Breitfurt, Waldwegeeinmündung Duppklamm</cmt>
		<desc>L105 Mimbach - Breitfurt, Waldwegeeinmündung Duppklamm</desc>
		<src>SaarForst</src>
	</wpt>
	<wpt lat="49.163508208381813" lon="7.2800234557486272">
		<name>6809-618</name>
		<cmt>Seyweiler, Wegegabel L201 / L202</cmt>
		<desc>Seyweiler, Wegegabel L201 / L202</desc>
		<src>SaarForst</src>
	</wpt>
	<wpt lat="49.151428696027011" lon="7.3489819201562927">
		<name>6810-910</name>
		<cmt>L102,  Brenschelbach Sportplatz</cmt>
		<desc>L102,  Brenschelbach Sportplatz</desc>
		<src>SaarForst</src>
	</wpt>
	<wpt lat="49.24700306252214" lon="7.1923404041623176">
		<name>6709-505</name>
		<cmt>Niederwürzbach, Marxstrasse, Abzweigung Allmendstrasse (Annahof / Badeplatz)</cmt>
		<desc>Niederwürzbach, Marxstrasse, Abzweigung Allmendstrasse (Annahof / Badeplatz)</desc>
		<src>SaarForst</src>
	</wpt>
	<wpt lat="49.259031178243298" lon="7.3064941328949544">
		<name>6709-501</name>
		<cmt>Webenheim, Parkplatz an der Abzweigung von der B423 nach Wattweiler</cmt>
		<desc>Webenheim, Parkplatz an der Abzweigung von der B423 nach Wattweiler</desc>
		<src>SaarForst</src>
	</wpt>
	<wpt lat="49.261848174583463" lon="7.2477235264933819">
		<name>6709-493</name>
		<cmt>Blieskastel-Lautzkirchen, Bellem</cmt>
		<desc>Blieskastel-Lautzkirchen, Bellem</desc>
		<src>SaarForst</src>
	</wpt>
	<wpt lat="49.282669188232738" lon="7.2681415136883389">
		<name>6709-703</name>
		<cmt>Kirkel-Bierbacher Wald, Siebenfichten</cmt>
		<desc>Kirkel-Bierbacher Wald, Siebenfichten</desc>
		<src>SaarForst</src>
	</wpt>
	<wpt lat="49.245716899768532" lon="7.2740445998581542">
		<name>6709-500</name>
		<cmt>Webenheim, B423 am Ortsausgang in Richtung Einöd</cmt>
		<desc>Webenheim, B423 am Ortsausgang in Richtung Einöd</desc>
		<src>SaarForst</src>
	</wpt>
	<wpt lat="49.2605089765025" lon="7.2551361785564676">
		<name>6709-498</name>
		<cmt>Lautzkirchen, Strasse Pferchtal, Abzweigung zum Turnerheim</cmt>
		<desc>Lautzkirchen, Strasse Pferchtal, Abzweigung zum Turnerheim</desc>
		<src>SaarForst</src>
	</wpt>
	<wpt lat="49.217474060094801" lon="7.2509159310086719">
		<name>6709-489</name>
		<cmt>Blickweiler Waldrand am Ende der Strasse Am Sittersberg</cmt>
		<desc>Blickweiler Waldrand am Ende der Strasse Am Sittersberg</desc>
		<src>SaarForst</src>
	</wpt>
	<wpt lat="49.252270212880262" lon="7.2445286662608188">
		<name>6709-496</name>
		<cmt>Lautzkirchen, L111 in Richtung Niederwürzbach, Bahnübergang</cmt>
		<desc>Lautzkirchen, L111 in Richtung Niederwürzbach, Bahnübergang</desc>
		<src>SaarForst</src>
	</wpt>
	<wpt lat="49.235022098902299" lon="7.1987804662593993">
		<name>6709-485</name>
		<cmt>Niederwürzbach Motocrossbahn Lettkaul</cmt>
		<desc>Niederwürzbach Motocrossbahn Lettkaul</desc>
		<src>SaarForst</src>
	</wpt>
	<wpt lat="49.267157171285035" lon="7.2473765318326571">
		<name>6709-467</name>
		<cmt>Waldeinfahrt etwa halbe Strecke an der L113 Kirkel-Lautzkirchen</cmt>
		<desc>Waldeinfahrt etwa halbe Strecke an der L113 Kirkel-Lautzkirchen</desc>
		<src>SaarForst</src>
	</wpt>
	<wpt lat="49.244713905834296" lon="7.2498049996242804">
		<name>6709-490</name>
		<cmt>Blieskastel Gollenstein</cmt>
		<desc>Blieskastel Gollenstein</desc>
		<src>SaarForst</src>
	</wpt>
	<wpt lat="49.203464691565621" lon="7.2804236554820472">
		<name>6709-504</name>
		<cmt>L103 Mimbach - Böckweiler,  Waldrand Nähe Freyhauserhof</cmt>
		<desc>L103 Mimbach - Böckweiler,  Waldrand Nähe Freyhauserhof</desc>
		<src>SaarForst</src>
	</wpt>
	<wpt lat="49.262033794163465" lon="7.2743685997250696">
		<name>6709-491</name>
		<cmt>Bierbach L111, Ortseingang aus Richtung Lautzkirchen</cmt>
		<desc>Bierbach L111, Ortseingang aus Richtung Lautzkirchen</desc>
		<src>SaarForst</src>
	</wpt>
	<wpt lat="49.244933026230136" lon="7.2123840452584131">
		<name>6709-486</name>
		<cmt>Niederwürzbach, L111 Abzweigung Kirschendell / Tankstelle</cmt>
		<desc>Niederwürzbach, L111 Abzweigung Kirschendell / Tankstelle</desc>
		<src>SaarForst</src>
	</wpt>
	<wpt lat="49.190383366731822" lon="7.2398606167983441">
		<name>6809-623</name>
		<cmt>Wolfersheim Sportplatz in Verlängerung der Strasse Breitfurter Weg</cmt>
		<desc>Wolfersheim Sportplatz in Verlängerung der Strasse Breitfurter Weg</desc>
		<src>SaarForst</src>
	</wpt>
	<wpt lat="49.199240385509889" lon="7.2802459360836957">
		<name>6709-461</name>
		<cmt>Neukahlenbergerhof</cmt>
		<desc>Neukahlenbergerhof</desc>
		<src>SaarForst</src>
	</wpt>
	<wpt lat="49.147142840005699" lon="7.3167625732892621">
		<name>6809-619</name>
		<cmt>L102 Brenschelbach Riesweiler, Abzweigung des Feldweges nach Ormesviller (F)</cmt>
		<desc>L102 Brenschelbach Riesweiler, Abzweigung des Feldweges nach Ormesviller (F)</desc>
		<src>SaarForst</src>
	</wpt>
	<wpt lat="49.181877896674763" lon="7.2922391580378765">
		<name>6809-611</name>
		<cmt>Böckweiler Kirche</cmt>
		<desc>Böckweiler Kirche</desc>
		<src>SaarForst</src>
	</wpt>
	<wpt lat="49.272470130449591" lon="7.2763003328050262">
		<name>6709-471</name>
		<cmt>Bierbach, Gaststätte Waldschänke am Ende der Eckstrasse</cmt>
		<desc>Bierbach, Gaststätte Waldschänke am Ende der Eckstrasse</desc>
		<src>SaarForst</src>
	</wpt>
	<wpt lat="49.205156827406945" lon="7.2179432025718224">
		<name>6709-487</name>
		<cmt>Ballweiler, L233 Einmündung der Strasse Hinter den Weiden</cmt>
		<desc>Ballweiler, L233 Einmündung der Strasse Hinter den Weiden</desc>
		<src>SaarForst</src>
	</wpt>
	<wpt lat="49.193352266659744" lon="7.2719578040790589">
		<name>6809-607</name>
		<cmt>Feldwegkreuzung zw. Neukahlenbergerhof u. Kirchheimerhof</cmt>
		<desc>Feldwegkreuzung zw. Neukahlenbergerhof u. Kirchheimerhof</desc>
		<src>SaarForst</src>
	</wpt>
	<wpt lat="49.246705038784157" lon="7.2452815179015335">
		<name>6709-499</name>
		<cmt>Alschbach, Abzweigung zum Gut Lindenfels</cmt>
		<desc>Alschbach, Abzweigung zum Gut Lindenfels</desc>
		<src>SaarForst</src>
	</wpt>
	<wpt lat="49.22486640620086" lon="7.2705977523890031">
		<name>6709-502</name>
		<cmt>Mimbach, Parkplatz an der L105 Ortsausgang in Richtung Breitfurt</cmt>
		<desc>Mimbach, Parkplatz an der L105 Ortsausgang in Richtung Breitfurt</desc>
		<src>SaarForst</src>
	</wpt>
	<wpt lat="49.190695895305637" lon="7.2933332500080219">
		<name>6809-621</name>
		<cmt>L103 Mimbach - Böckweiler, Waldparkplatz vor Böckweiler</cmt>
		<desc>L103 Mimbach - Böckweiler, Waldparkplatz vor Böckweiler</desc>
		<src>SaarForst</src>
	</wpt>
	<wpt lat="49.156486131864703" lon="7.3230153462475691">
		<name>6809-622</name>
		<cmt>L 103 Altheim - Brenschelbach, ca. 600 m vor der Einmündung in die L 102 Richt. Brenschelbach</cmt>
		<desc>L 103 Altheim - Brenschelbach, ca. 600 m vor der Einmündung in die L 102 Richt. Brenschelbach</desc>
		<src>SaarForst</src>
	</wpt>
	<wpt lat="49.256897935539357" lon="7.2084184255387811">
		<name>6709-494</name>
		<cmt>Niederwürzbach, Ende der Strasse Am Wasserwerk, Wasserwerk</cmt>
		<desc>Niederwürzbach, Ende der Strasse Am Wasserwerk, Wasserwerk</desc>
		<src>SaarForst</src>
	</wpt>
	<wpt lat="49.173164936197772" lon="7.3333209401094512">
		<name>6810-911</name>
		<cmt>L 201 Altheim - Hornbach, Abzweigung Feldweg, ca. 370 m vor der Landesgrenze</cmt>
		<desc>L 201 Altheim - Hornbach, Abzweigung Feldweg, ca. 370 m vor der Landesgrenze</desc>
		<src>SaarForst</src>
	</wpt>
	<wpt lat="49.134945566125317" lon="7.2466718126619245">
		<name>6809-603</name>
		<cmt>Kreuzung Erzental an der L102 Gersheim-Medelsheim</cmt>
		<desc>Kreuzung Erzental an der L102 Gersheim-Medelsheim</desc>
		<src>SaarForst</src>
	</wpt>
	<wpt lat="49.175301193952748" lon="7.1964871519461937">
		<name>6809-701</name>
		<cmt>Rubenheim, am Ende der Wittersheimer Strasse ca. 300 m geradeaus, erste Abzweigung nach rechts.</cmt>
		<desc>Rubenheim, am Ende der Wittersheimer Strasse ca. 300 m geradeaus, erste Abzweigung nach rechts.</desc>
		<src>SaarForst</src>
	</wpt>
	<wpt lat="49.152353428118616" lon="7.2095739363935403">
		<name>6809-613</name>
		<cmt>Gersheim, ehemaliges Kalkwerk an der L105</cmt>
		<desc>Gersheim, ehemaliges Kalkwerk an der L105</desc>
		<src>SaarForst</src>
	</wpt>
	<wpt lat="49.142077698888805" lon="7.2939310597827598">
		<name>6809-601</name>
		<cmt>Einfahrt Feldweg bei Riesweiler</cmt>
		<desc>Einfahrt Feldweg bei Riesweiler</desc>
		<src>SaarForst</src>
	</wpt>
	<wpt lat="49.161357913559279" lon="7.1910910652415438">
		<name>6809-608</name>
		<cmt>Pfarrer Lindemann Hütte</cmt>
		<desc>Pfarrer Lindemann Hütte</desc>
		<src>SaarForst</src>
	</wpt>
	<wpt lat="49.182556675366015" lon="7.1897892786806645">
		<name>6809-609</name>
		<cmt>Parkplatz Golfplatz Katharinenhof</cmt>
		<desc>Parkplatz Golfplatz Katharinenhof</desc>
		<src>SaarForst</src>
	</wpt>
	<wpt lat="49.131368707312646" lon="7.2339341527771692">
		<name>6809-615</name>
		<cmt>Niedergailbach, Drehbrunnerhof am Ende des Sperrweges</cmt>
		<desc>Niedergailbach, Drehbrunnerhof am Ende des Sperrweges</desc>
		<src>SaarForst</src>
	</wpt>
	<wpt lat="49.15509957674891" lon="7.2389108296162847">
		<name>6809-616</name>
		<cmt>Walsheim, Abzweigung Medelsheimer Weg</cmt>
		<desc>Walsheim, Abzweigung Medelsheimer Weg</desc>
		<src>SaarForst</src>
	</wpt>
	<wpt lat="49.162442474595466" lon="7.2333763133191837">
		<name>6809-606</name>
		<cmt>Wochenendhäuser Walsheim, Auf der Platte  Waldeinfahrt</cmt>
		<desc>Wochenendhäuser Walsheim, Auf der Platte  Waldeinfahrt</desc>
		<src>SaarForst</src>
	</wpt>
	<wpt lat="49.149561898512047" lon="7.2545918370948579">
		<name>6809-617</name>
		<cmt>Medelsheim, Heuluckweg Waldrand</cmt>
		<desc>Medelsheim, Heuluckweg Waldrand</desc>
		<src>SaarForst</src>
	</wpt>
	<wpt lat="49.140609047648354" lon="7.243483458827467">
		<name>6809-610</name>
		<cmt>Medelsheim Arenaplatz</cmt>
		<desc>Medelsheim Arenaplatz</desc>
		<src>SaarForst</src>
	</wpt>
	<wpt lat="49.161409447476196" lon="7.2664910732719967">
		<name>6809-605</name>
		<cmt>Haus Dietz, Seyweiler</cmt>
		<desc>Haus Dietz, Seyweiler</desc>
		<src>SaarForst</src>
	</wpt>
	<wpt lat="49.187854665274124" lon="7.1953055465342537">
		<name>6809-700</name>
		<cmt>L231 Erfweiler-Ehlingen nach Rubenheim, Abfahrt Katharinenhof</cmt>
		<desc>L231 Erfweiler-Ehlingen nach Rubenheim, Abfahrt Katharinenhof</desc>
		<src>SaarForst</src>
	</wpt>
	<wpt lat="49.1564900859101" lon="7.2583314963559475">
		<name>6809-604</name>
		<cmt>Am Sangenwald bei Seyweiler ggü. Einfahrt Erlenhof</cmt>
		<desc>Am Sangenwald bei Seyweiler ggü. Einfahrt Erlenhof</desc>
		<src>SaarForst</src>
	</wpt>
	<wpt lat="49.148128607173838" lon="7.1679067726348116">
		<name>6809-702</name>
		<cmt>Reinheim Bannholz Bebelsheimer Straße</cmt>
		<desc>Reinheim Bannholz Bebelsheimer Straße</desc>
		<src>SaarForst</src>
	</wpt>
	<wpt lat="49.28333031544544" lon="7.3157545004859346">
		<name>6709-482</name>
		<cmt>Homburg Schwarzenacker, Römermuseum</cmt>
		<desc>Homburg Schwarzenacker, Römermuseum</desc>
		<src>SaarForst</src>
	</wpt>
	<wpt lat="49.29873266475218" lon="7.2911269091671276">
		<name>6709-466</name>
		<cmt>Parkplatz Taubental an der L222 Limbach Wöschweiler</cmt>
		<desc>Parkplatz Taubental an der L222 Limbach Wöschweiler</desc>
		<src>SaarForst</src>
	</wpt>
	<wpt lat="49.293389349640954" lon="7.3479864398096728">
		<name>6710-631</name>
		<cmt>Homburg vor der Waldgaststätte Emilienruhe</cmt>
		<desc>Homburg vor der Waldgaststätte Emilienruhe</desc>
		<src>SaarForst</src>
	</wpt>
	<wpt lat="49.312013515280093" lon="7.340875519661842">
		<name>6610-347</name>
		<cmt>Homburg Am Ring, Am Turm der Kuppelkirche</cmt>
		<desc>Homburg Am Ring, Am Turm der Kuppelkirche</desc>
		<src>SaarForst</src>
	</wpt>
	<wpt lat="49.262773530345335" lon="7.3182165704962649">
		<name>6709-481</name>
		<cmt>Homburg Einöd, Auffahrt zum Buchenhof, Autobahnunterführung Webenheimer Str.</cmt>
		<desc>Homburg Einöd, Auffahrt zum Buchenhof, Autobahnunterführung Webenheimer Str.</desc>
		<src>SaarForst</src>
	</wpt>
	<wpt lat="49.370536282666869" lon="7.332801094249052">
		<name>6610-356</name>
		<cmt>Jägersburg, Waldeinfahrt am Ende der Eichelscheidter Str.</cmt>
		<desc>Jägersburg, Waldeinfahrt am Ende der Eichelscheidter Str.</desc>
		<src>SaarForst</src>
	</wpt>
	<wpt lat="49.312087633204193" lon="7.3484142907103349">
		<name>6610-348</name>
		<cmt>Homburg L213 nach Kirrberg, ca. 300 m nach der Ampel</cmt>
		<desc>Homburg L213 nach Kirrberg, ca. 300 m nach der Ampel</desc>
		<src>SaarForst</src>
	</wpt>
	<wpt lat="49.333927200051349" lon="7.368452981959301">
		<name>6610-351</name>
		<cmt>Sanddorf, Carlsberger Hof</cmt>
		<desc>Sanddorf, Carlsberger Hof</desc>
		<src>SaarForst</src>
	</wpt>
	<wpt lat="49.341930369304777" lon="7.3022893266825255">
		<name>6609-171</name>
		<cmt>A6 Ausfahrt Homburg Mitfahrerparkplatz in Richtung Reiskirchen</cmt>
		<desc>A6 Ausfahrt Homburg Mitfahrerparkplatz in Richtung Reiskirchen</desc>
		<src>SaarForst</src>
	</wpt>
	<wpt lat="49.301918057347052" lon="7.3460741011887825">
		<name>6610-346</name>
		<cmt>Uniklinik Homburg, Hubschrauberlandeplatz</cmt>
		<desc>Uniklinik Homburg, Hubschrauberlandeplatz</desc>
		<src>SaarForst</src>
	</wpt>
	<wpt lat="49.300059235341415" lon="7.3581507947555274">
		<name>6610-344</name>
		<cmt>Homburg L213 in Richtung Kirrberg Grünschnittplatz</cmt>
		<desc>Homburg L213 in Richtung Kirrberg Grünschnittplatz</desc>
		<src>SaarForst</src>
	</wpt>
	<wpt lat="49.361937652075369" lon="7.3102107801970719">
		<name>6609-181</name>
		<cmt>Jägersburg, Brückweiher Parkplatz an der B423</cmt>
		<desc>Jägersburg, Brückweiher Parkplatz an der B423</desc>
		<src>SaarForst</src>
	</wpt>
	<wpt lat="49.375994207257378" lon="7.3202793821386374">
		<name>6609-194</name>
		<cmt>L222 Ortsausgang Jägersburg in Richtung Höchen</cmt>
		<desc>L222 Ortsausgang Jägersburg in Richtung Höchen</desc>
		<src>SaarForst</src>
	</wpt>
	<wpt lat="49.304143687655994" lon="7.3340476348828281">
		<name>6610-345</name>
		<cmt>Homburg AWO-Kindergarten am Ende des Ahornweges</cmt>
		<desc>Homburg AWO-Kindergarten am Ende des Ahornweges</desc>
		<src>SaarForst</src>
	</wpt>
	<wpt lat="49.313004920115759" lon="7.3713251264688173">
		<name>6610-357</name>
		<cmt>Homburg-Kirberg, Verlängerung der Eckstrasse, Weiheranlage</cmt>
		<desc>Homburg-Kirberg, Verlängerung der Eckstrasse, Weiheranlage</desc>
		<src>SaarForst</src>
	</wpt>
	<wpt lat="49.365496528017957" lon="7.3791460702829523">
		<name>6610-353</name>
		<cmt>Bruchhof L223 Einfahrt  Campingplatz Königsbruch</cmt>
		<desc>Bruchhof L223 Einfahrt  Campingplatz Königsbruch</desc>
		<src>SaarForst</src>
	</wpt>
	<wpt lat="49.326558132116851" lon="7.3741505058637822">
		<name>6610-343</name>
		<cmt>Homburg L120 in Richtung Käshofen, Parkplatz Stumpfer Gipfel</cmt>
		<desc>Homburg L120 in Richtung Käshofen, Parkplatz Stumpfer Gipfel</desc>
		<src>SaarForst</src>
	</wpt>
	<wpt lat="49.377923529572861" lon="7.3378210100391028">
		<name>6610-355</name>
		<cmt>Jägersburg, ehem. Bahnhof an der L225 in Richtung Waldmohr</cmt>
		<desc>Jägersburg, ehem. Bahnhof an der L225 in Richtung Waldmohr</desc>
		<src>SaarForst</src>
	</wpt>
	<wpt lat="49.287803867452809" lon="7.3680001690027952">
		<name>6710-632</name>
		<cmt>Homburg-Kirberg, L214 Richtung ZW, Parkplatz</cmt>
		<desc>Homburg-Kirberg, L214 Richtung ZW, Parkplatz</desc>
		<src>SaarForst</src>
	</wpt>
	<wpt lat="49.292933515357028" lon="7.3291256659799053">
		<name>6709-483</name>
		<cmt>Homburg Schwarzenbach, Ende der Strasse am Gedünner</cmt>
		<desc>Homburg Schwarzenbach, Ende der Strasse am Gedünner</desc>
		<src>SaarForst</src>
	</wpt>
	<wpt lat="49.334411929012674" lon="7.3127269055683444">
		<name>6609-172</name>
		<cmt>Einfahrt B423 zum Militärdepot Zunderbaum</cmt>
		<desc>Einfahrt B423 zum Militärdepot Zunderbaum</desc>
		<src>SaarForst</src>
	</wpt>
	<wpt lat="49.32137287027097" lon="7.3456278677353648">
		<name>6610-350</name>
		<cmt>Homburg Schlossberg, Parkplatz Plattenfelsen Schlossbergruine</cmt>
		<desc>Homburg Schlossberg, Parkplatz Plattenfelsen Schlossbergruine</desc>
		<src>SaarForst</src>
	</wpt>
	<wpt lat="49.384059320533034" lon="7.297301390397454">
		<name>6609-193</name>
		<cmt>Altbreitenfelderhof Wasserwerk</cmt>
		<desc>Altbreitenfelderhof Wasserwerk</desc>
		<src>SaarForst</src>
	</wpt>
	<wpt lat="49.364792755132207" lon="7.3247842844413107">
		<name>6609-170</name>
		<cmt>Jägersburg, Autowerkstatt Edinger Ortsende in Richtung Erbach</cmt>
		<desc>Jägersburg, Autowerkstatt Edinger Ortsende in Richtung Erbach</desc>
		<src>SaarForst</src>
	</wpt>
	<wpt lat="49.309356816481611" lon="7.3450941444966595">
		<name>6610-349</name>
		<cmt>Uniklinik Homburg, Haupteinfahrt, Pförtnerhaus</cmt>
		<desc>Uniklinik Homburg, Haupteinfahrt, Pförtnerhaus</desc>
		<src>SaarForst</src>
	</wpt>
	<wpt lat="49.314498618484244" lon="7.3506257411743556">
		<name>6610-342</name>
		<cmt>Homburg Kraepelinstrasse, Parkplatz Waldstadion</cmt>
		<desc>Homburg Kraepelinstrasse, Parkplatz Waldstadion</desc>
		<src>SaarForst</src>
	</wpt>
	<wpt lat="49.354204331802556" lon="7.3454500306450541">
		<name>6610-354</name>
		<cmt>Erbach Tierheim / ehemaliges Erbacher Bahnhofsgebäude</cmt>
		<desc>Erbach Tierheim / ehemaliges Erbacher Bahnhofsgebäude</desc>
		<src>SaarForst</src>
	</wpt>
	<wpt lat="49.283994395305683" lon="7.3111262425181769">
		<name>6709-492</name>
		<cmt>Wörschweiler, Abzweigung L111 / L222</cmt>
		<desc>Wörschweiler, Abzweigung L111 / L222</desc>
		<src>SaarForst</src>
	</wpt>
	<wpt lat="49.377507117224788" lon="7.2930386733638448">
		<name>6609-186</name>
		<cmt>Waldeinfahrt Ortsausgang am Altbreitenfelder Hof</cmt>
		<desc>Waldeinfahrt Ortsausgang am Altbreitenfelder Hof</desc>
		<src>SaarForst</src>
	</wpt>
	<wpt lat="49.370682466536614" lon="7.2865806614759183">
		<name>6609-184</name>
		<cmt>Waldrand südlich des Golferheimes Websweiler Hof</cmt>
		<desc>Waldrand südlich des Golferheimes Websweiler Hof</desc>
		<src>SaarForst</src>
	</wpt>
	<wpt lat="49.290885986211777" lon="7.201660948048322">
		<name>6709-478</name>
		<cmt>Brücke Wirtschaftsweg über die A6 zwischen Rohrbach und Kirkel</cmt>
		<desc>Brücke Wirtschaftsweg über die A6 zwischen Rohrbach und Kirkel</desc>
		<src>SaarForst</src>
	</wpt>
	<wpt lat="49.303359565269155" lon="7.2630175590879533">
		<name>6609-192</name>
		<cmt>A8, Anschlussstelle Limbach, L119 ca. 400 m in Richtung Kirkel</cmt>
		<desc>A8, Anschlussstelle Limbach, L119 ca. 400 m in Richtung Kirkel</desc>
		<src>SaarForst</src>
	</wpt>
	<wpt lat="49.282819933627806" lon="7.2523036774831269">
		<name>6709-700</name>
		<cmt>Kirkel,  Felsenpfad, Südostecke</cmt>
		<desc>Kirkel,  Felsenpfad, Südostecke</desc>
		<src>SaarForst</src>
	</wpt>
	<wpt lat="49.290876161896676" lon="7.2248522799637769">
		<name>6709-473</name>
		<cmt>Kirkel, Waldeinfahrt am Ende der Waldstrasse</cmt>
		<desc>Kirkel, Waldeinfahrt am Ende der Waldstrasse</desc>
		<src>SaarForst</src>
	</wpt>
	<wpt lat="49.335757779823894" lon="7.2938567647549526">
		<name>6609-173</name>
		<cmt>Einfahrt L219 Kleinottweiler Richtung Altstadt 250 m nach Autobahnbrücke</cmt>
		<desc>Einfahrt L219 Kleinottweiler Richtung Altstadt 250 m nach Autobahnbrücke</desc>
		<src>SaarForst</src>
	</wpt>
	<wpt lat="49.294111723484832" lon="7.2468470489335353">
		<name>6709-470</name>
		<cmt>Kirkel, Abstäberhof an der L119</cmt>
		<desc>Kirkel, Abstäberhof an der L119</desc>
		<src>SaarForst</src>
	</wpt>
	<wpt lat="49.291064461756029" lon="7.2507900787212227">
		<name>6709-702</name>
		<cmt>Kirkel,  Wegespinne Taubental</cmt>
		<desc>Kirkel,  Wegespinne Taubental</desc>
		<src>SaarForst</src>
	</wpt>
	<wpt lat="49.286460674938233" lon="7.2155330269998483">
		<name>6709-479</name>
		<cmt>Zufahrt Schulungsheim d. Arbeitskammer Kirkel</cmt>
		<desc>Zufahrt Schulungsheim d. Arbeitskammer Kirkel</desc>
		<src>SaarForst</src>
	</wpt>
	<wpt lat="49.311539653393993" lon="7.2616039066935913">
		<name>6609-164</name>
		<cmt>Limbach, geteerter Waldweg zur Gaststätte Oldtimerklause</cmt>
		<desc>Limbach, geteerter Waldweg zur Gaststätte Oldtimerklause</desc>
		<src>SaarForst</src>
	</wpt>
	<wpt lat="49.29350337034132" lon="7.2136303249325247">
		<name>6709-477</name>
		<cmt>Brücke L113 über die A6 bei Eschweilerhof</cmt>
		<desc>Brücke L113 über die A6 bei Eschweilerhof</desc>
		<src>SaarForst</src>
	</wpt>
	<wpt lat="49.274920137081914" lon="7.2362345453993608">
		<name>6709-468</name>
		<cmt>Kirkel, Einmündung Blieskasteler Strasse auf die  L113 Kirkel-Lautzkirchen</cmt>
		<desc>Kirkel, Einmündung Blieskasteler Strasse auf die  L113 Kirkel-Lautzkirchen</desc>
		<src>SaarForst</src>
	</wpt>
	<wpt lat="49.298303699756829" lon="7.2322683014500919">
		<name>6709-704</name>
		<cmt>Kirkel, Autobahnunterführung am Ende des Weges Zur Silbersandquelle</cmt>
		<desc>Kirkel, Autobahnunterführung am Ende des Weges Zur Silbersandquelle</desc>
		<src>SaarForst</src>
	</wpt>
	<wpt lat="49.279080265503815" lon="7.2179079219185853">
		<name>6709-469</name>
		<cmt>Kirkel, Abzweigung L113 in Richtung Lautzkirchen</cmt>
		<desc>Kirkel, Abzweigung L113 in Richtung Lautzkirchen</desc>
		<src>SaarForst</src>
	</wpt>
	<wpt lat="49.271999146622612" lon="7.2377830752303307">
		<name>6709-497</name>
		<cmt>L113 Lautzkirchen - Kirkel, Zufahrt zum Waldparkplatz Weidental</cmt>
		<desc>L113 Lautzkirchen - Kirkel, Zufahrt zum Waldparkplatz Weidental</desc>
		<src>SaarForst</src>
	</wpt>
	<wpt lat="49.278148679874512" lon="7.1934487236864468">
		<name>6709-480</name>
		<cmt>Waldeinfahrt an der L119 zwischen Rohrbach und Kirkel</cmt>
		<desc>Waldeinfahrt an der L119 zwischen Rohrbach und Kirkel</desc>
		<src>SaarForst</src>
	</wpt>
	<wpt lat="49.149017943410215" lon="7.1296578963748125">
		<name>6808-456</name>
		<cmt>Bliesmengen-Bolchen, Dreibrunnenhof</cmt>
		<desc>Bliesmengen-Bolchen, Dreibrunnenhof</desc>
		<src>SaarForst</src>
	</wpt>
	<wpt lat="49.174219770701662" lon="7.1327138427614569">
		<name>6808-452</name>
		<cmt>Aussichtsturm an der L238 Ormesheim-Gräfinthal</cmt>
		<desc>Aussichtsturm an der L238 Ormesheim-Gräfinthal</desc>
		<src>SaarForst</src>
	</wpt>
	<wpt lat="49.177713441568976" lon="7.1308865097207379">
		<name>6808-465</name>
		<cmt>Einfahrt zur ehem. Mülldeponie zwischen Ormesheim und Gräfinthal</cmt>
		<desc>Einfahrt zur ehem. Mülldeponie zwischen Ormesheim und Gräfinthal</desc>
		<src>SaarForst</src>
	</wpt>
	<wpt lat="49.238319509240441" lon="7.1549158887697244">
		<name>6708-180</name>
		<cmt>Wegespinne an der L245 Oberwürzbach-Ommersheim (Alter Fuhrweg)</cmt>
		<desc>Wegespinne an der L245 Oberwürzbach-Ommersheim (Alter Fuhrweg)</desc>
		<src>SaarForst</src>
	</wpt>
	<wpt lat="49.218827146033114" lon="7.1672139862295507">
		<name>6709-484</name>
		<cmt>Parkplatz an der L107 Ommersheim-Assweiler, Naherholungsgebiet Gangelbrunnen</cmt>
		<desc>Parkplatz an der L107 Ommersheim-Assweiler, Naherholungsgebiet Gangelbrunnen</desc>
		<src>SaarForst</src>
	</wpt>
	<wpt lat="49.16021926895948" lon="7.1571701489650943">
		<name>6808-453</name>
		<cmt>Bebelsheim B423 Abzweigung Parallelstrasse</cmt>
		<desc>Bebelsheim B423 Abzweigung Parallelstrasse</desc>
		<src>SaarForst</src>
	</wpt>
	<wpt lat="49.178145142232616" lon="7.1620733002413628">
		<name>6808-451</name>
		<cmt>B423 Wittersheim-Bebelsheim, Abzweigung zur Kläranlage</cmt>
		<desc>B423 Wittersheim-Bebelsheim, Abzweigung zur Kläranlage</desc>
		<src>SaarForst</src>
	</wpt>
	<wpt lat="49.190504072736182" lon="7.1829418842019344">
		<name>6809-620</name>
		<cmt>Erfweiler-Ehlingen, Bruchhof, Zufahrt über Riesengasse</cmt>
		<desc>Erfweiler-Ehlingen, Bruchhof, Zufahrt über Riesengasse</desc>
		<src>SaarForst</src>
	</wpt>
	<wpt lat="49.19954491785311" lon="7.1982653043322662">
		<name>6709-462</name>
		<cmt>Pensionärshütte Erfweiler</cmt>
		<desc>Pensionärshütte Erfweiler</desc>
		<src>SaarForst</src>
	</wpt>
	<wpt lat="49.156511616428801" lon="7.1672839545967433">
		<name>6809-612</name>
		<cmt>Grenzlandhof zwischen Reinheim und Bebelsheim</cmt>
		<desc>Grenzlandhof zwischen Reinheim und Bebelsheim</desc>
		<src>SaarForst</src>
	</wpt>
	<wpt lat="49.225123802844877" lon="7.1365600006380987">
		<name>6709-507</name>
		<cmt>Heckendalheim Wanderparkplatz Am Geißrech</cmt>
		<desc>Heckendalheim Wanderparkplatz Am Geißrech</desc>
		<src>SaarForst</src>
	</wpt>
	<wpt lat="49.162399619482365" lon="7.1325541729104982">
		<name>6808-466</name>
		<cmt>Bliesmengen-Bolchen Lauftreffparkplatz an der L238</cmt>
		<desc>Bliesmengen-Bolchen Lauftreffparkplatz an der L238</desc>
		<src>SaarForst</src>
	</wpt>
	<wpt lat="49.211579601548614" lon="7.1620192666499785">
		<name>6709-506</name>
		<cmt>Ommersheim Hüttenweg Bettelwald</cmt>
		<desc>Ommersheim Hüttenweg Bettelwald</desc>
		<src>SaarForst</src>
	</wpt>
	<wpt lat="49.298522888279471" lon="7.1134523629586885">
		<name>6708-165</name>
		<cmt>Abzweigung Schüren an der L112 IGB-Elversberg</cmt>
		<desc>Abzweigung Schüren an der L112 IGB-Elversberg</desc>
		<src>SaarForst</src>
	</wpt>
	<wpt lat="49.270568814108636" lon="7.0695096264930415">
		<name>6708-174</name>
		<cmt>L249 Dudweiler-Rentrisch, Parkplatz Naturfreundehaus</cmt>
		<desc>L249 Dudweiler-Rentrisch, Parkplatz Naturfreundehaus</desc>
		<src>SaarForst</src>
	</wpt>
	<wpt lat="49.267545620460389" lon="7.1734199564176873">
		<name>6709-463</name>
		<cmt>Waldparkplatz Fröschenpfuhl</cmt>
		<desc>Waldparkplatz Fröschenpfuhl</desc>
		<src>SaarForst</src>
	</wpt>
	<wpt lat="49.298272702426807" lon="7.1327093795943259">
		<name>6708-164</name>
		<cmt>Parkplatz an der L243 IGB-Spiesen</cmt>
		<desc>Parkplatz an der L243 IGB-Spiesen</desc>
		<src>SaarForst</src>
	</wpt>
	<wpt lat="49.254911646548663" lon="7.1190919270837663">
		<name>6708-158</name>
		<cmt>Waldparkplatz Reichenbrunn</cmt>
		<desc>Waldparkplatz Reichenbrunn</desc>
		<src>SaarForst</src>
	</wpt>
	<wpt lat="49.296967998035868" lon="7.1768683600389407">
		<name>6709-474</name>
		<cmt>Rohrbach Parkplatz Gaststätte am Glashütterweiher</cmt>
		<desc>Rohrbach Parkplatz Gaststätte am Glashütterweiher</desc>
		<src>SaarForst</src>
	</wpt>
	<wpt lat="49.286958097102428" lon="7.1735233755931445">
		<name>6709-476</name>
		<cmt>Rohrbach Waldparkplatz am Ende der Erlenstrasse /  Buchenstrasse</cmt>
		<desc>Rohrbach Waldparkplatz am Ende der Erlenstrasse /  Buchenstrasse</desc>
		<src>SaarForst</src>
	</wpt>
	<wpt lat="49.266514101764095" lon="7.1417650353090618">
		<name>6708-153</name>
		<cmt>A6 Abfahrt IGB-Mitte, Wanderparkplatz</cmt>
		<desc>A6 Abfahrt IGB-Mitte, Wanderparkplatz</desc>
		<src>SaarForst</src>
	</wpt>
	<wpt lat="49.271217323564649" lon="7.0914965924188413">
		<name>6708-156</name>
		<cmt>Einfahrt Tennisplatz Rentrisch</cmt>
		<desc>Einfahrt Tennisplatz Rentrisch</desc>
		<src>SaarForst</src>
	</wpt>
	<wpt lat="49.295834700123443" lon="7.0936488902604466">
		<name>6708-166</name>
		<cmt>Parkplatz 6-Eichen an der L244 IGB-Schnappach</cmt>
		<desc>Parkplatz 6-Eichen an der L244 IGB-Schnappach</desc>
		<src>SaarForst</src>
	</wpt>
	<wpt lat="49.286015909481996" lon="7.1473702040968243">
		<name>6708-179</name>
		<cmt>Rohrbach, Umspannwerk an der B40 Ortsende in Richtung St. Ingbert</cmt>
		<desc>Rohrbach, Umspannwerk an der B40 Ortsende in Richtung St. Ingbert</desc>
		<src>SaarForst</src>
	</wpt>
	<wpt lat="49.265288605986683" lon="7.102234114958641">
		<name>6708-155</name>
		<cmt>Hotel Absatzschmidt, Ensheimerstrasse</cmt>
		<desc>Hotel Absatzschmidt, Ensheimerstrasse</desc>
		<src>SaarForst</src>
	</wpt>
	<wpt lat="49.272066580989673" lon="7.1611594910804319">
		<name>6708-151</name>
		<cmt>Parkplatz Sesselbahn Kahlenberg</cmt>
		<desc>Parkplatz Sesselbahn Kahlenberg</desc>
		<src>SaarForst</src>
	</wpt>
	<wpt lat="49.266732142442976" lon="7.1204173781625233">
		<name>6708-154</name>
		<cmt>Einfahrt Südstrasse / Waldstadion Betzental, Parkplatz</cmt>
		<desc>Einfahrt Südstrasse / Waldstadion Betzental, Parkplatz</desc>
		<src>SaarForst</src>
	</wpt>
	<wpt lat="49.275379053112118" lon="7.0801819072109691">
		<name>6708-191</name>
		<cmt>L250 St.Ingbert-Dudweiler, Waldeinfahrt links</cmt>
		<desc>L250 St.Ingbert-Dudweiler, Waldeinfahrt links</desc>
		<src>SaarForst</src>
	</wpt>
	<wpt lat="49.292158995447863" lon="7.1802319578737599">
		<name>6709-475</name>
		<cmt>Rohrbach Schnittpunkt Alte Strasse Hochspannungsleitung</cmt>
		<desc>Rohrbach Schnittpunkt Alte Strasse Hochspannungsleitung</desc>
		<src>SaarForst</src>
	</wpt>
	<wpt lat="49.297649640393566" lon="7.1601519732428152">
		<name>6708-163</name>
		<cmt>Gasthaus Spieser Mühle</cmt>
		<desc>Gasthaus Spieser Mühle</desc>
		<src>SaarForst</src>
	</wpt>
	<wpt lat="49.255982537034932" lon="7.1698212214973305">
		<name>6709-464</name>
		<cmt>Wanderparkplatz Griesweiher</cmt>
		<desc>Wanderparkplatz Griesweiher</desc>
		<src>SaarForst</src>
	</wpt>
	<wpt lat="49.245238726050339" lon="7.1363434836268489">
		<name>6708-159</name>
		<cmt>Sportplatz Oberwürzbach</cmt>
		<desc>Sportplatz Oberwürzbach</desc>
		<src>SaarForst</src>
	</wpt>
	<wpt lat="49.279628271881876" lon="7.0996538366401278">
		<name>6708-190</name>
		<cmt>St. Ingbert, In den Schankgärten, Waldeinfahrt am Industriegebiet</cmt>
		<desc>St. Ingbert, In den Schankgärten, Waldeinfahrt am Industriegebiet</desc>
		<src>SaarForst</src>
	</wpt>
	<wpt lat="49.279077925149259" lon="7.1738448425790819">
		<name>6709-465</name>
		<cmt>A6 Abfahrt Rohrbach</cmt>
		<desc>A6 Abfahrt Rohrbach</desc>
		<src>SaarForst</src>
	</wpt>
	<wpt lat="49.284426661451853" lon="7.1334779424588435">
		<name>6708-152</name>
		<cmt>Hundedressurplatz Oststrasse</cmt>
		<desc>Hundedressurplatz Oststrasse</desc>
		<src>SaarForst</src>
	</wpt>
	<wpt lat="49.289568818841865" lon="7.0953935342556358">
		<name>6708-157</name>
		<cmt>Wendeplatz Am Rischbacher Rech</cmt>
		<desc>Wendeplatz Am Rischbacher Rech</desc>
		<src>SaarForst</src>
	</wpt>
	<wpt lat="49.257826548531163" lon="7.1039911992221469">
		<name>6708-160</name>
		<cmt>P+R Sengscheidt</cmt>
		<desc>P+R Sengscheidt</desc>
		<src>SaarForst</src>
	</wpt>
	<wpt lat="49.54028407371036" lon="7.2295297254764028">
		<name>6409-353</name>
		<cmt>L133 Freisen-Reitscheid, Einfahrt zum Weiher</cmt>
		<desc>L133 Freisen-Reitscheid, Einfahrt zum Weiher</desc>
		<src>SaarForst</src>
	</wpt>
	<wpt lat="49.556508960520816" lon="7.2138073070815993">
		<name>6409-354</name>
		<cmt>L315 Freisen-Eitzweiler, Parkplatz an der Weiheranlage</cmt>
		<desc>L315 Freisen-Eitzweiler, Parkplatz an der Weiheranlage</desc>
		<src>SaarForst</src>
	</wpt>
	<wpt lat="49.515227468529439" lon="7.2113624621082115">
		<name>6409-356</name>
		<cmt>Freisen-Grügelborn, alte Schule Vollingstrasse</cmt>
		<desc>Freisen-Grügelborn, alte Schule Vollingstrasse</desc>
		<src>SaarForst</src>
	</wpt>
	<wpt lat="49.529114645877264" lon="7.2931943343847987">
		<name>6409-357</name>
		<cmt>Freisen-Schwarzerden, Einfahrt zum Friedhof an der L317 nach Herchweiler</cmt>
		<desc>Freisen-Schwarzerden, Einfahrt zum Friedhof an der L317 nach Herchweiler</desc>
		<src>SaarForst</src>
	</wpt>
	<wpt lat="49.527904093813468" lon="7.2611423443484595">
		<name>6409-355</name>
		<cmt>Oberkirchen, L122 Richtung Freisen, Parkplatz an der alten Talbrücke</cmt>
		<desc>Oberkirchen, L122 Richtung Freisen, Parkplatz an der alten Talbrücke</desc>
		<src>SaarForst</src>
	</wpt>
	<wpt lat="49.476640853486828" lon="7.0626906006504759">
		<name>6508-472</name>
		<cmt>Alsweiler, Sporthalle in der Gartenstrasse</cmt>
		<desc>Alsweiler, Sporthalle in der Gartenstrasse</desc>
		<src>SaarForst</src>
	</wpt>
	<wpt lat="49.421444073908525" lon="7.0750468656402505">
		<name>6508-462</name>
		<cmt>L130 Ortseingang Urexweiler von Hirzweiler kommend</cmt>
		<desc>L130 Ortseingang Urexweiler von Hirzweiler kommend</desc>
		<src>SaarForst</src>
	</wpt>
	<wpt lat="49.443363638275137" lon="7.0587027711160593">
		<name>6508-468</name>
		<cmt>Marpingen, Reithalle an der L318</cmt>
		<desc>Marpingen, Reithalle an der L318</desc>
		<src>SaarForst</src>
	</wpt>
	<wpt lat="49.444950947512929" lon="7.0611226614065501">
		<name>6508-469</name>
		<cmt>Marpingen, Waldrand am Ende der Härtelhohlstr.</cmt>
		<desc>Marpingen, Waldrand am Ende der Härtelhohlstr.</desc>
		<src>SaarForst</src>
	</wpt>
	<wpt lat="49.433796375923954" lon="7.0318740195382663">
		<name>6508-466</name>
		<cmt>Berschweiler, Bushaltestelle Ortsmitte</cmt>
		<desc>Berschweiler, Bushaltestelle Ortsmitte</desc>
		<src>SaarForst</src>
	</wpt>
	<wpt lat="49.447958080110965" lon="7.0338952092193763">
		<name>6508-475</name>
		<cmt>Marpingen, Kreuzhof südl. des Segelflugplatzes</cmt>
		<desc>Marpingen, Kreuzhof südl. des Segelflugplatzes</desc>
		<src>SaarForst</src>
	</wpt>
	<wpt lat="49.437284568575016" lon="7.0954547681293798">
		<name>6508-492</name>
		<cmt>Habenichts, Ortsausgang in Richtung Urexweiler</cmt>
		<desc>Habenichts, Ortsausgang in Richtung Urexweiler</desc>
		<src>SaarForst</src>
	</wpt>
	<wpt lat="49.479914260381207" lon="7.0733460580124863">
		<name>6508-473</name>
		<cmt>Alsweiler, Schützenhaus, Ende der Hofstrasse</cmt>
		<desc>Alsweiler, Schützenhaus, Ende der Hofstrasse</desc>
		<src>SaarForst</src>
	</wpt>
	<wpt lat="49.416722728101497" lon="7.0741581037986467">
		<name>6508-461</name>
		<cmt>L130 Hirzweiler-Urexweiler, Waldeinfahrt in der S-Kurve</cmt>
		<desc>L130 Hirzweiler-Urexweiler, Waldeinfahrt in der S-Kurve</desc>
		<src>SaarForst</src>
	</wpt>
	<wpt lat="49.438644114054583" lon="7.0644612011817838">
		<name>6508-463</name>
		<cmt>L318 Urexweiler-Marpingen, Parkplatz Exelberg (auf der Kuppe)</cmt>
		<desc>L318 Urexweiler-Marpingen, Parkplatz Exelberg (auf der Kuppe)</desc>
		<src>SaarForst</src>
	</wpt>
	<wpt lat="49.427137140504186" lon="7.0642121026847313">
		<name>6508-464</name>
		<cmt>Urexweiler, Hundedressurplatz am Ende der Friedhofstrasse</cmt>
		<desc>Urexweiler, Hundedressurplatz am Ende der Friedhofstrasse</desc>
		<src>SaarForst</src>
	</wpt>
	<wpt lat="49.472429004390349" lon="7.0699261205190247">
		<name>6508-474</name>
		<cmt>Alsweiler, B269 Einmündung der Hübelstrasse</cmt>
		<desc>Alsweiler, B269 Einmündung der Hübelstrasse</desc>
		<src>SaarForst</src>
	</wpt>
	<wpt lat="49.455976038256622" lon="7.0918714207343507">
		<name>6508-470</name>
		<cmt>Marpingen, Ortsteil Rheinstrasse, Gaststätte</cmt>
		<desc>Marpingen, Ortsteil Rheinstrasse, Gaststätte</desc>
		<src>SaarForst</src>
	</wpt>
	<wpt lat="49.431362435142262" lon="7.0385920283370487">
		<name>6508-467</name>
		<cmt>Berschweiler, Rodenberger Hof</cmt>
		<desc>Berschweiler, Rodenberger Hof</desc>
		<src>SaarForst</src>
	</wpt>
	<wpt lat="49.458199765227057" lon="7.062622663789023">
		<name>6508-471</name>
		<cmt>L133 Marpingen-Alsweiler, Einmündung der Strasse Auf Lohren</cmt>
		<desc>L133 Marpingen-Alsweiler, Einmündung der Strasse Auf Lohren</desc>
		<src>SaarForst</src>
	</wpt>
	<wpt lat="49.508226387169834" lon="7.1902565151185449">
		<name>6409-359</name>
		<cmt>Roschberg Ortsmitte</cmt>
		<desc>Roschberg Ortsmitte</desc>
		<src>SaarForst</src>
	</wpt>
	<wpt lat="49.53690355159948" lon="7.1399579026223918">
		<name>6408-180</name>
		<cmt>Ortsmitte Namborn-Heisterberg</cmt>
		<desc>Ortsmitte Namborn-Heisterberg</desc>
		<src>SaarForst</src>
	</wpt>
	<wpt lat="49.538327470904044" lon="7.1948701892825673">
		<name>6409-358</name>
		<cmt>Waldhof zwischen Namborn-Gehweiler und Freisen-Asweiler</cmt>
		<desc>Waldhof zwischen Namborn-Gehweiler und Freisen-Asweiler</desc>
		<src>SaarForst</src>
	</wpt>
	<wpt lat="49.513233177902691" lon="7.065969187358335">
		<name>6408-175</name>
		<cmt>L134 Gronig-Selbach,  Ortsende Gronig in Richtung Selbach</cmt>
		<desc>L134 Gronig-Selbach,  Ortsende Gronig in Richtung Selbach</desc>
		<src>SaarForst</src>
	</wpt>
	<wpt lat="49.521553819091032" lon="7.0636364053440763">
		<name>6408-171</name>
		<cmt>Oberthal-Gronig, Parkplatz Kapellenwiese</cmt>
		<desc>Oberthal-Gronig, Parkplatz Kapellenwiese</desc>
		<src>SaarForst</src>
	</wpt>
	<wpt lat="49.520921456258421" lon="7.0842847311950443">
		<name>6408-170</name>
		<cmt>Oberthal, Wegekreuzung Neunkircher Strasse / Scheuerbergstrasse (Schullandheim)</cmt>
		<desc>Oberthal, Wegekreuzung Neunkircher Strasse / Scheuerbergstrasse (Schullandheim)</desc>
		<src>SaarForst</src>
	</wpt>
	<wpt lat="49.491128976887111" lon="7.0932608257775165">
		<name>6508-497</name>
		<cmt>Bliesen, Waldeinfahrt am Ende der Strasse Zum Augenborn</cmt>
		<desc>Bliesen, Waldeinfahrt am Ende der Strasse Zum Augenborn</desc>
		<src>SaarForst</src>
	</wpt>
	<wpt lat="49.430808907418601" lon="7.1181680762091464">
		<name>6508-486</name>
		<cmt>L130 Remmesweiler-Urexweiler, Abzweigung der L292</cmt>
		<desc>L130 Remmesweiler-Urexweiler, Abzweigung der L292</desc>
		<src>SaarForst</src>
	</wpt>
	<wpt lat="49.435874205634576" lon="7.1408674615574013">
		<name>6508-489</name>
		<cmt>Niederlinxweiler, Klopphof, Ende der Strasse Zur Heckwies</cmt>
		<desc>Niederlinxweiler, Klopphof, Ende der Strasse Zur Heckwies</desc>
		<src>SaarForst</src>
	</wpt>
	<wpt lat="49.464557710731107" lon="7.1390227693061643">
		<name>6508-502</name>
		<cmt>St. Wendel Gewerbegebiet West, Kreuzung Dortmunder Strasse /  Essener Strasse</cmt>
		<desc>St. Wendel Gewerbegebiet West, Kreuzung Dortmunder Strasse /  Essener Strasse</desc>
		<src>SaarForst</src>
	</wpt>
	<wpt lat="49.493275359179194" lon="7.2091363581581041">
		<name>6509-816</name>
		<cmt>Leitersweiler, Kirche Dorfmitte</cmt>
		<desc>Leitersweiler, Kirche Dorfmitte</desc>
		<src>SaarForst</src>
	</wpt>
	<wpt lat="49.43480871067397" lon="7.1248080311805069">
		<name>6508-485</name>
		<cmt>Remmesweiler, L130, Einmündung der Strasse Zur Ellerwies</cmt>
		<desc>Remmesweiler, L130, Einmündung der Strasse Zur Ellerwies</desc>
		<src>SaarForst</src>
	</wpt>
	<wpt lat="49.428182749339697" lon="7.1013727784938343">
		<name>6508-487</name>
		<cmt>L130 Remmesweiler-Urexweiler, Kreuzung der Alten Römerstrasse</cmt>
		<desc>L130 Remmesweiler-Urexweiler, Kreuzung der Alten Römerstrasse</desc>
		<src>SaarForst</src>
	</wpt>
	<wpt lat="49.485166566681507" lon="7.182893014180026">
		<name>6509-822</name>
		<cmt>St. Wendel-Urweiler, L309 Abzweigung der Roschberger Strasse</cmt>
		<desc>St. Wendel-Urweiler, L309 Abzweigung der Roschberger Strasse</desc>
		<src>SaarForst</src>
	</wpt>
	<wpt lat="49.485077540124415" lon="7.2750299901155584">
		<name>6509-810</name>
		<cmt>Marth, Klingelberger Hof</cmt>
		<desc>Marth, Klingelberger Hof</desc>
		<src>SaarForst</src>
	</wpt>
	<wpt lat="49.433131884732305" lon="7.1793796242299193">
		<name>6509-819</name>
		<cmt>Niederlinxweiler, Rodenbachparkplatz, Nähe Gärtnerei</cmt>
		<desc>Niederlinxweiler, Rodenbachparkplatz, Nähe Gärtnerei</desc>
		<src>SaarForst</src>
	</wpt>
	<wpt lat="49.454119316991729" lon="7.1959243829503992">
		<name>6509-818</name>
		<cmt>L131 St. Wendel-Werschweiler, Panoramaparkplatz</cmt>
		<desc>L131 St. Wendel-Werschweiler, Panoramaparkplatz</desc>
		<src>SaarForst</src>
	</wpt>
	<wpt lat="49.49229969376951" lon="7.2740443689001006">
		<name>6509-809</name>
		<cmt>Osterbrücken, Martinshof</cmt>
		<desc>Osterbrücken, Martinshof</desc>
		<src>SaarForst</src>
	</wpt>
	<wpt lat="49.443537617418201" lon="7.1166649394857151">
		<name>6508-491</name>
		<cmt>Remmesweiler, Friedhof, Strasse Auf der Hell</cmt>
		<desc>Remmesweiler, Friedhof, Strasse Auf der Hell</desc>
		<src>SaarForst</src>
	</wpt>
	<wpt lat="49.448696417307161" lon="7.1206299136829756">
		<name>6508-488</name>
		<cmt>L130 Oberlinxweiler-Remmesweiler, Feldweg nahe der grossen Kurve</cmt>
		<desc>L130 Oberlinxweiler-Remmesweiler, Feldweg nahe der grossen Kurve</desc>
		<src>SaarForst</src>
	</wpt>
	<wpt lat="49.43051437564106" lon="7.1427696719329745">
		<name>6508-484</name>
		<cmt>Niederlinxweiler, Waldeinfahrt in Verlängerung der Strasse Grosser Gänsberg</cmt>
		<desc>Niederlinxweiler, Waldeinfahrt in Verlängerung der Strasse Grosser Gänsberg</desc>
		<src>SaarForst</src>
	</wpt>
	<wpt lat="49.468919998936869" lon="7.2054046099562887">
		<name>6509-817</name>
		<cmt>L307 St. Wendel-Niederkirchen, Waldparkplatz ggü. Wendalinushof</cmt>
		<desc>L307 St. Wendel-Niederkirchen, Waldparkplatz ggü. Wendalinushof</desc>
		<src>SaarForst</src>
	</wpt>
	<wpt lat="49.471077167910657" lon="7.0971191088138808">
		<name>6508-495</name>
		<cmt>Winterbach, Strasse Am Girmesberg, Weiheranlage</cmt>
		<desc>Winterbach, Strasse Am Girmesberg, Weiheranlage</desc>
		<src>SaarForst</src>
	</wpt>
	<wpt lat="49.505130798267949" lon="7.1249288382975324">
		<name>6408-166</name>
		<cmt>Bliesen, Wackenborner Mühle</cmt>
		<desc>Bliesen, Wackenborner Mühle</desc>
		<src>SaarForst</src>
	</wpt>
	<wpt lat="49.490115962854787" lon="7.1257440210020633">
		<name>6508-499</name>
		<cmt>Bliesen, Kläranlage</cmt>
		<desc>Bliesen, Kläranlage</desc>
		<src>SaarForst</src>
	</wpt>
	<wpt lat="49.439606050674108" lon="7.2336420669255679">
		<name>6509-803</name>
		<cmt>Dörrenbach, Sportplatz /  Dorfgemeinschaftshaus Brückwiesstrasse</cmt>
		<desc>Dörrenbach, Sportplatz /  Dorfgemeinschaftshaus Brückwiesstrasse</desc>
		<src>SaarForst</src>
	</wpt>
	<wpt lat="49.482031735874429" lon="7.1808163787753898">
		<name>6509-821</name>
		<cmt>St. Wendel-Urweiler, L309  Abzweigung  Strasse in der Rumbach</cmt>
		<desc>St. Wendel-Urweiler, L309  Abzweigung  Strasse in der Rumbach</desc>
		<src>SaarForst</src>
	</wpt>
	<wpt lat="49.458768497332215" lon="7.2377372835636029">
		<name>6509-814</name>
		<cmt>Niederkirchen, Sägewerk Strasse Zum Tiefenbach</cmt>
		<desc>Niederkirchen, Sägewerk Strasse Zum Tiefenbach</desc>
		<src>SaarForst</src>
	</wpt>
	<wpt lat="49.470210369809521" lon="7.2178401117307818">
		<name>6509-815</name>
		<cmt>L307 St. Wendel-Niederkirchen, Waldparkplatz Tiefenbachtal</cmt>
		<desc>L307 St. Wendel-Niederkirchen, Waldparkplatz Tiefenbachtal</desc>
		<src>SaarForst</src>
	</wpt>
	<wpt lat="49.463369589791128" lon="7.2480204836257967">
		<name>6509-812</name>
		<cmt>Saal, Dorfmitte, Brunnen an der Gaststätte</cmt>
		<desc>Saal, Dorfmitte, Brunnen an der Gaststätte</desc>
		<src>SaarForst</src>
	</wpt>
	<wpt lat="49.488620923760294" lon="7.2427550718781042">
		<name>6509-802</name>
		<cmt>Hoof, Leitersweiler Strasse, Kirche Ortsmitte</cmt>
		<desc>Hoof, Leitersweiler Strasse, Kirche Ortsmitte</desc>
		<src>SaarForst</src>
	</wpt>
	<wpt lat="49.449034821062313" lon="7.1475445775861202">
		<name>6508-483</name>
		<cmt>Oberlinxweiler, L132, Abzweigung Hohlinger Strasse</cmt>
		<desc>Oberlinxweiler, L132, Abzweigung Hohlinger Strasse</desc>
		<src>SaarForst</src>
	</wpt>
	<wpt lat="49.451841328450875" lon="7.1428932018216083">
		<name>6508-501</name>
		<cmt>Oberlinxweiler, L130  Abzweigung Dillingstrasse</cmt>
		<desc>Oberlinxweiler, L130  Abzweigung Dillingstrasse</desc>
		<src>SaarForst</src>
	</wpt>
	<wpt lat="49.447862496216828" lon="7.1844358521293286">
		<name>6509-820</name>
		<cmt>Oberlinxweiler, Aussiedlerhof Billerborner Hof</cmt>
		<desc>Oberlinxweiler, Aussiedlerhof Billerborner Hof</desc>
		<src>SaarForst</src>
	</wpt>
	<wpt lat="49.436968575563938" lon="7.2406353636377743">
		<name>6509-804</name>
		<cmt>Dörrenbach, Biehlerhof</cmt>
		<desc>Dörrenbach, Biehlerhof</desc>
		<src>SaarForst</src>
	</wpt>
	<wpt lat="49.494161337564883" lon="7.1137583300871503">
		<name>6508-500</name>
		<cmt>Bliesen, L134, Abzweigung Niederhofer Strasse</cmt>
		<desc>Bliesen, L134, Abzweigung Niederhofer Strasse</desc>
		<src>SaarForst</src>
	</wpt>
	<wpt lat="49.437741749716224" lon="7.1050477409854773">
		<name>6508-490</name>
		<cmt>Verbindungsweg Remmesweiler-Habenichts, Schäfereiche</cmt>
		<desc>Verbindungsweg Remmesweiler-Habenichts, Schäfereiche</desc>
		<src>SaarForst</src>
	</wpt>
	<wpt lat="49.490070949649223" lon="7.2525366697223843">
		<name>6509-808</name>
		<cmt>Hoof, Sportplatz</cmt>
		<desc>Hoof, Sportplatz</desc>
		<src>SaarForst</src>
	</wpt>
	<wpt lat="49.484255973105" lon="7.2514635777680452">
		<name>6509-806</name>
		<cmt>Hoof, Erlenhof</cmt>
		<desc>Hoof, Erlenhof</desc>
		<src>SaarForst</src>
	</wpt>
	<wpt lat="49.464412139104773" lon="7.243894454683697">
		<name>6509-813</name>
		<cmt>Niederkirchen, Sportplatz</cmt>
		<desc>Niederkirchen, Sportplatz</desc>
		<src>SaarForst</src>
	</wpt>
	<wpt lat="49.476853585236825" lon="7.0976621649751452">
		<name>6508-496</name>
		<cmt>Winterbach, B269, Einmündung der Seitersstrasse</cmt>
		<desc>Winterbach, B269, Einmündung der Seitersstrasse</desc>
		<src>SaarForst</src>
	</wpt>
	<wpt lat="49.436378004304828" lon="7.1741963539530786">
		<name>6509-900</name>
		<cmt>Großer Matzenberg</cmt>
		<desc>Großer Matzenberg</desc>
		<src>SaarForst</src>
	</wpt>
	<wpt lat="49.470421632062475" lon="7.2635148660805484">
		<name>6509-811</name>
		<cmt>Bubach, Sportplatz Marther Strasse</cmt>
		<desc>Bubach, Sportplatz Marther Strasse</desc>
		<src>SaarForst</src>
	</wpt>
	<wpt lat="49.503700575888622" lon="7.276535786647381">
		<name>6409-350</name>
		<cmt>Osterbrücken, Osterhof</cmt>
		<desc>Osterbrücken, Osterhof</desc>
		<src>SaarForst</src>
	</wpt>
	<wpt lat="49.449091589051143" lon="7.2311770566645164">
		<name>6509-801</name>
		<cmt>Werschweiler, Dorfmitte, Buswendeplatz</cmt>
		<desc>Werschweiler, Dorfmitte, Buswendeplatz</desc>
		<src>SaarForst</src>
	</wpt>
	<wpt lat="49.467107459701538" lon="7.1088953218114117">
		<name>6508-493</name>
		<cmt>Winterbach, Waldparkplatz Wurzelbach</cmt>
		<desc>Winterbach, Waldparkplatz Wurzelbach</desc>
		<src>SaarForst</src>
	</wpt>
	<wpt lat="49.480121514139121" lon="7.1141711181735117">
		<name>6508-494</name>
		<cmt>Winterbach, L133, Einfahrt zum Schützenhaus</cmt>
		<desc>Winterbach, L133, Einfahrt zum Schützenhaus</desc>
		<src>SaarForst</src>
	</wpt>
	<wpt lat="49.497075106581626" lon="7.1033880245211112">
		<name>6508-498</name>
		<cmt>Bliesen, Neuer Friedhof, Abzweigung Friedhofstrasse / Feldstrasse</cmt>
		<desc>Bliesen, Neuer Friedhof, Abzweigung Friedhofstrasse / Feldstrasse</desc>
		<src>SaarForst</src>
	</wpt>
	<wpt lat="49.498339274055411" lon="7.2269042735378273">
		<name>6509-805</name>
		<cmt>Leitersweiler, L309, Waldeinfahrt Betzelbacher Mühle</cmt>
		<desc>Leitersweiler, L309, Waldeinfahrt Betzelbacher Mühle</desc>
		<src>SaarForst</src>
	</wpt>
	<wpt lat="49.5072838338154" lon="7.0021293513563716">
		<name>6408-501</name>
		<cmt>Theley, Gewerbepark BAB1</cmt>
		<desc>Theley, Gewerbepark BAB1</desc>
		<src>SaarForst</src>
	</wpt>
	<wpt lat="49.458565831114775" lon="6.9815497560167916">
		<name>6507-310</name>
		<cmt>A1, AS Tholey, Mitfahrerparkplatz</cmt>
		<desc>A1, AS Tholey, Mitfahrerparkplatz</desc>
		<src>SaarForst</src>
	</wpt>
	<wpt lat="49.457949843098191" lon="6.9936621578574822">
		<name>6507-309</name>
		<cmt>Tholey-Sotzweiler, Forsthaus am Ende der Ehlertstrasse</cmt>
		<desc>Tholey-Sotzweiler, Forsthaus am Ende der Ehlertstrasse</desc>
		<src>SaarForst</src>
	</wpt>
	<wpt lat="49.489359480678637" lon="7.0317182979576272">
		<name>6508-1</name>
		<cmt>Tholey, Strasse Zum Schaumbergturm, Parkplatz Herzweg</cmt>
		<desc>Tholey, Strasse Zum Schaumbergturm, Parkplatz Herzweg</desc>
		<src>SaarForst</src>
	</wpt>
	<wpt lat="49.497112348976415" lon="6.9259698484572674">
		<name>6507-319</name>
		<cmt>L362 Tholey-Lindscheid nach Altland, Naherholungsgebiet Waldborn</cmt>
		<desc>L362 Tholey-Lindscheid nach Altland, Naherholungsgebiet Waldborn</desc>
		<src>SaarForst</src>
	</wpt>
	<wpt lat="49.515410702313581" lon="7.0158449919120098">
		<name>6408-173</name>
		<cmt>Theley, Hofgut Imsbach, Busparkplatz</cmt>
		<desc>Theley, Hofgut Imsbach, Busparkplatz</desc>
		<src>SaarForst</src>
	</wpt>
	<wpt lat="49.489538924249722" lon="7.0384839982103546">
		<name>6508-507</name>
		<cmt>Tholey, Strasse Am Schaumberg, Abzweigung zum Schaumbergturm</cmt>
		<desc>Tholey, Strasse Am Schaumberg, Abzweigung zum Schaumbergturm</desc>
		<src>SaarForst</src>
	</wpt>
	<wpt lat="49.508954165138611" lon="7.0200055525578646">
		<name>6408-178</name>
		<cmt>Tholey-Theley, Johann-Adams-Mühle, Busparkplatz</cmt>
		<desc>Tholey-Theley, Johann-Adams-Mühle, Busparkplatz</desc>
		<src>SaarForst</src>
	</wpt>
	<wpt lat="49.482748624693237" lon="6.9130760427585685">
		<name>6507-500</name>
		<cmt>Neipel, Einfahrt der Strasse Zum Wäldchen</cmt>
		<desc>Neipel, Einfahrt der Strasse Zum Wäldchen</desc>
		<src>SaarForst</src>
	</wpt>
	<wpt lat="49.500461231052746" lon="6.966447541315933">
		<name>6407-301</name>
		<cmt>Hasborn, Verlängerung der Römerstrasse, Abzweigung zur Kompostieranlage</cmt>
		<desc>Hasborn, Verlängerung der Römerstrasse, Abzweigung zur Kompostieranlage</desc>
		<src>SaarForst</src>
	</wpt>
	<wpt lat="49.487819745058303" lon="6.9852540234386407">
		<name>6507-313</name>
		<cmt>A1, AS Tholey-Hasborn, Mitfahrerparkplatz</cmt>
		<desc>A1, AS Tholey-Hasborn, Mitfahrerparkplatz</desc>
		<src>SaarForst</src>
	</wpt>
	<wpt lat="49.476574256374832" lon="6.9978847897662408">
		<name>6507-501</name>
		<cmt>Bergweiler, Blasiusberg 4</cmt>
		<desc>Bergweiler, Blasiusberg 4</desc>
		<src>SaarForst</src>
	</wpt>
	<wpt lat="49.466684456442657" lon="7.0327596186344605">
		<name>6508-5</name>
		<cmt>Tholey, ca. 1 Km nach dem Ende der Dirminger Strasse, Einfahrt Schottwäldchen</cmt>
		<desc>Tholey, ca. 1 Km nach dem Ende der Dirminger Strasse, Einfahrt Schottwäldchen</desc>
		<src>SaarForst</src>
	</wpt>
	<wpt lat="49.500622672621311" lon="6.9715535670726805">
		<name>6407-34</name>
		<cmt>Hasborn, Waldrand am Ende der Waldstrasse</cmt>
		<desc>Hasborn, Waldrand am Ende der Waldstrasse</desc>
		<src>SaarForst</src>
	</wpt>
	<wpt lat="49.491947855230073" lon="7.0561682907422121">
		<name>6508-2</name>
		<cmt>Tholey, Varuswaldstrasse, Parkplatz Bahntrassenradweg</cmt>
		<desc>Tholey, Varuswaldstrasse, Parkplatz Bahntrassenradweg</desc>
		<src>SaarForst</src>
	</wpt>
	<wpt lat="49.485522957654652" lon="6.972979799671184">
		<name>6507-316</name>
		<cmt>L145 Hasborn-Dörsdorf, Salzlager</cmt>
		<desc>L145 Hasborn-Dörsdorf, Salzlager</desc>
		<src>SaarForst</src>
	</wpt>
	<wpt lat="49.499873578703962" lon="6.9458604772282877">
		<name>6407-35</name>
		<cmt>Tholey-Überroth, Einmündung der Strasse Zur Langheck in die Limbacher Strasse</cmt>
		<desc>Tholey-Überroth, Einmündung der Strasse Zur Langheck in die Limbacher Strasse</desc>
		<src>SaarForst</src>
	</wpt>
	<wpt lat="49.518073684008876" lon="7.0409527576331161">
		<name>6408-177</name>
		<cmt>L135 Theley-Selbach, Einmündung des Feldweges am keltischen Hügelgrab Fuchshübel</cmt>
		<desc>L135 Theley-Selbach, Einmündung des Feldweges am keltischen Hügelgrab Fuchshübel</desc>
		<src>SaarForst</src>
	</wpt>
	<wpt lat="49.494754779641887" lon="7.0131863769862708">
		<name>6508-509</name>
		<cmt>L323, Theley-Bergweiler, Einmündung des Feldweges ca. 250m vor Ortseingang Theley</cmt>
		<desc>L323, Theley-Bergweiler, Einmündung des Feldweges ca. 250m vor Ortseingang Theley</desc>
		<src>SaarForst</src>
	</wpt>
	<wpt lat="49.475238063856047" lon="7.0187529886944873">
		<name>6508-506</name>
		<cmt>B269 Tholey-Sotzweiler, Parkplatz ca. 400 m vor Ortseingang Tholey</cmt>
		<desc>B269 Tholey-Sotzweiler, Parkplatz ca. 400 m vor Ortseingang Tholey</desc>
		<src>SaarForst</src>
	</wpt>
	<wpt lat="49.473245987172817" lon="7.0018227879561339">
		<name>6508-505</name>
		<cmt>Tholey-Bergweiler, Friedhof am Ende der Friedhofstrasse</cmt>
		<desc>Tholey-Bergweiler, Friedhof am Ende der Friedhofstrasse</desc>
		<src>SaarForst</src>
	</wpt>
	<wpt lat="49.496808030138538" lon="6.9921606990484753">
		<name>6507-315</name>
		<cmt>L145 Hasborn-Theley, Parkplatz an der Autobahnbrücke</cmt>
		<desc>L145 Hasborn-Theley, Parkplatz an der Autobahnbrücke</desc>
		<src>SaarForst</src>
	</wpt>
	<wpt lat="49.478867846657245" lon="7.0223314024159667">
		<name>6508-3</name>
		<cmt>Tholey, B269 Ortsende in Richtung Sotzweiler, Einfahrt Bacchushütte</cmt>
		<desc>Tholey, B269 Ortsende in Richtung Sotzweiler, Einfahrt Bacchushütte</desc>
		<src>SaarForst</src>
	</wpt>
	<wpt lat="49.475940227938658" lon="7.028303978746564">
		<name>6508-4</name>
		<cmt>Tholey, Reitanlage am Ende der Schweichhauserstrasse</cmt>
		<desc>Tholey, Reitanlage am Ende der Schweichhauserstrasse</desc>
		<src>SaarForst</src>
	</wpt>
	<wpt lat="49.514896827706025" lon="6.9970436766096631">
		<name>6407-300</name>
		<cmt>A1 Abfahrt Primstal, Mitfahrerparkplatz</cmt>
		<desc>A1 Abfahrt Primstal, Mitfahrerparkplatz</desc>
		<src>SaarForst</src>
	</wpt>
	<wpt lat="49.47705475425817" lon="6.9877561279538263">
		<name>6507-502</name>
		<cmt>Bergweiler, Tennisplatz</cmt>
		<desc>Bergweiler, Tennisplatz</desc>
		<src>SaarForst</src>
	</wpt>
	<wpt lat="49.482494190074398" lon="6.923472134490904">
		<name>6507-317</name>
		<cmt>Tholey-Neipel, Einmündung der Steinbacher Strasse in die L145</cmt>
		<desc>Tholey-Neipel, Einmündung der Steinbacher Strasse in die L145</desc>
		<src>SaarForst</src>
	</wpt>
	<wpt lat="49.451749482551989" lon="7.0098251383338903">
		<name>6508-503</name>
		<cmt>L303 Tholey-Dirmingen,  Abzweigung der Waldstrasse nach Sotzweiler</cmt>
		<desc>L303 Tholey-Dirmingen,  Abzweigung der Waldstrasse nach Sotzweiler</desc>
		<src>SaarForst</src>
	</wpt>
	<wpt lat="49.469318415860911" lon="6.9838204074506622">
		<name>6507-312</name>
		<cmt>Tholey-Sotzweiler, Waldrand am Ende der Strasse Zum Schaumbergkreuz</cmt>
		<desc>Tholey-Sotzweiler, Waldrand am Ende der Strasse Zum Schaumbergkreuz</desc>
		<src>SaarForst</src>
	</wpt>
	<wpt lat="49.50487102839972" lon="7.0348724331499133">
		<name>6408-176</name>
		<cmt>L135 Theley-Selbach, Einmündung der Selbacher Strasse</cmt>
		<desc>L135 Theley-Selbach, Einmündung der Selbacher Strasse</desc>
		<src>SaarForst</src>
	</wpt>
	<wpt lat="49.504360605414995" lon="7.0124671413413484">
		<name>6408-172</name>
		<cmt>L147 Theley-Primstal, Abfahrt Hofgut Imsbach</cmt>
		<desc>L147 Theley-Primstal, Abfahrt Hofgut Imsbach</desc>
		<src>SaarForst</src>
	</wpt>
	<wpt lat="49.491772842121904" lon="6.9887841839111031">
		<name>6507-314</name>
		<cmt>Tholey-Hasborn, Waldrand am Ende der Brückenstrasse (Autobahnbrücke)</cmt>
		<desc>Tholey-Hasborn, Waldrand am Ende der Brückenstrasse (Autobahnbrücke)</desc>
		<src>SaarForst</src>
	</wpt>
	<wpt lat="49.45887064258141" lon="7.0005364090432858">
		<name>6508-504</name>
		<cmt>Tholey-Sotzweiler, Waldrand am Ende der Forststrasse</cmt>
		<desc>Tholey-Sotzweiler, Waldrand am Ende der Forststrasse</desc>
		<src>SaarForst</src>
	</wpt>
	<wpt lat="49.484222459316946" lon="6.9454898020416369">
		<name>6507-318</name>
		<cmt>Tholey-Scheuern, Einmündung der Jungenwaldstrasse in die L145</cmt>
		<desc>Tholey-Scheuern, Einmündung der Jungenwaldstrasse in die L145</desc>
		<src>SaarForst</src>
	</wpt>
	<wpt lat="49.445129297885359" lon="6.550577207885099">
		<name>6505-11</name>
		<cmt>Büdingen, Ortsmitte</cmt>
		<desc>Büdingen, Ortsmitte</desc>
		<src>SaarForst</src>
	</wpt>
	<wpt lat="49.453010518511896" lon="6.6496664981455629">
		<name>6505-813</name>
		<cmt>Parkplatz Garten der Sinne, Eller Weg</cmt>
		<desc>Parkplatz Garten der Sinne, Eller Weg</desc>
		<src>SaarForst</src>
	</wpt>
	<wpt lat="49.50202508319569" lon="6.6519835143465071">
		<name>6405-305</name>
		<cmt>Kuhlkes Linde, Zufahrt über L375</cmt>
		<desc>Kuhlkes Linde, Zufahrt über L375</desc>
		<src>SaarForst</src>
	</wpt>
	<wpt lat="49.416742539307165" lon="6.691290683414576">
		<name>6506-161</name>
		<cmt>Menningen,Nambornerweg, Waldrand</cmt>
		<desc>Menningen,Nambornerweg, Waldrand</desc>
		<src>SaarForst</src>
	</wpt>
	<wpt lat="49.476421416960576" lon="6.6231321980755524">
		<name>6505-810</name>
		<cmt>Strasse Zum Sonnenwald, VDK-Heim</cmt>
		<desc>Strasse Zum Sonnenwald, VDK-Heim</desc>
		<src>SaarForst</src>
	</wpt>
	<wpt lat="49.422833539244657" lon="6.6535537255449713">
		<name>6505-3</name>
		<cmt>Merzig, Kruzifix am Ende der Bergstrasse</cmt>
		<desc>Merzig, Kruzifix am Ende der Bergstrasse</desc>
		<src>SaarForst</src>
	</wpt>
	<wpt lat="49.414131976177401" lon="6.6240819980460426">
		<name>6505-809</name>
		<cmt>Feldwegekreuz, ca. 280 m nach dem Ende der Brunnenstrasse</cmt>
		<desc>Feldwegekreuz, ca. 280 m nach dem Ende der Brunnenstrasse</desc>
		<src>SaarForst</src>
	</wpt>
	<wpt lat="49.476724822866572" lon="6.687999677566836">
		<name>6506-310</name>
		<cmt>Abzweigung der Hausbacher Strasse von der L374 nach Brotdorf</cmt>
		<desc>Abzweigung der Hausbacher Strasse von der L374 nach Brotdorf</desc>
		<src>SaarForst</src>
	</wpt>
	<wpt lat="49.456305790841782" lon="6.5672817616898422">
		<name>6505-19</name>
		<cmt>L170  Schwemlingen - Büdingen, Ortsdurchfahrt Weiler</cmt>
		<desc>L170  Schwemlingen - Büdingen, Ortsdurchfahrt Weiler</desc>
		<src>SaarForst</src>
	</wpt>
	<wpt lat="49.433797717301772" lon="6.5436526811238114">
		<name>6505-807</name>
		<cmt>Heidwald, Steine an der Grenze</cmt>
		<desc>Heidwald, Steine an der Grenze</desc>
		<src>SaarForst</src>
	</wpt>
	<wpt lat="49.437825653805376" lon="6.5805116530388013">
		<name>6505-10</name>
		<cmt>L173 Hilbringen zur Bundesgrenze, Mülldeponie</cmt>
		<desc>L173 Hilbringen zur Bundesgrenze, Mülldeponie</desc>
		<src>SaarForst</src>
	</wpt>
	<wpt lat="49.429336487309904" lon="6.707815981431291">
		<name>6506-313</name>
		<cmt>Parkplatz WilderWaldweg, ca. 1 Km südl. der L346 Merchingen-Honzrath</cmt>
		<desc>Parkplatz WilderWaldweg, ca. 1 Km südl. der L346 Merchingen-Honzrath</desc>
		<src>SaarForst</src>
	</wpt>
	<wpt lat="49.452359893475098" lon="6.6974714771568955">
		<name>6506-311</name>
		<cmt>Vorderster Wald</cmt>
		<desc>Vorderster Wald</desc>
		<src>SaarForst</src>
	</wpt>
	<wpt lat="49.470561101173338" lon="6.588100781149687">
		<name>6505-12</name>
		<cmt>Schwemlingen, Abzweigung L175 / L383</cmt>
		<desc>Schwemlingen, Abzweigung L175 / L383</desc>
		<src>SaarForst</src>
	</wpt>
	<wpt lat="49.440380874515256" lon="6.6807299786287411">
		<name>6506-163</name>
		<cmt>Merchingen, L346 Einmündung der Strasse Langgarten</cmt>
		<desc>Merchingen, L346 Einmündung der Strasse Langgarten</desc>
		<src>SaarForst</src>
	</wpt>
	<wpt lat="49.470259170020476" lon="6.6414777438971608">
		<name>6505-6</name>
		<cmt>Merzig, Wolfsfreigehege, Schützenhaus</cmt>
		<desc>Merzig, Wolfsfreigehege, Schützenhaus</desc>
		<src>SaarForst</src>
	</wpt>
	<wpt lat="49.431274421787933" lon="6.613381724746076">
		<name>6505-808</name>
		<cmt>Strasse Im Seitert, Zufahrt Seitertwald</cmt>
		<desc>Strasse Im Seitert, Zufahrt Seitertwald</desc>
		<src>SaarForst</src>
	</wpt>
	<wpt lat="49.488988042756318" lon="6.6462654474671075">
		<name>6505-812</name>
		<cmt>L158 Mettlach-Losheim, Zufahrt Biereiche</cmt>
		<desc>L158 Mettlach-Losheim, Zufahrt Biereiche</desc>
		<src>SaarForst</src>
	</wpt>
	<wpt lat="49.414887869733221" lon="6.6724510162271011">
		<name>6506-326</name>
		<cmt>Hölbrich Menningen, Zufahrt über Bietzen, Geierweg</cmt>
		<desc>Hölbrich Menningen, Zufahrt über Bietzen, Geierweg</desc>
		<src>SaarForst</src>
	</wpt>
	<wpt lat="49.465084121518892" lon="6.6439899111675675">
		<name>6505-4</name>
		<cmt>Merzig, Waldfriedhof am Ende der Waldstrasse</cmt>
		<desc>Merzig, Waldfriedhof am Ende der Waldstrasse</desc>
		<src>SaarForst</src>
	</wpt>
	<wpt lat="49.437302976637952" lon="6.6499820449240863">
		<name>6505-2</name>
		<cmt>Merzig, Waldparkplatz am Ende des Panoramaweges / Scheiberweges</cmt>
		<desc>Merzig, Waldparkplatz am Ende des Panoramaweges / Scheiberweges</desc>
		<src>SaarForst</src>
	</wpt>
	<wpt lat="49.455512060352774" lon="6.5434325658610799">
		<name>6505-804</name>
		<cmt>Scheidwald, Napoleonsbuche</cmt>
		<desc>Scheidwald, Napoleonsbuche</desc>
		<src>SaarForst</src>
	</wpt>
	<wpt lat="49.416406551687331" lon="6.5984233395684875">
		<name>6505-8</name>
		<cmt>Mondorf, L381, Abzweigung Unterdorfstrasse</cmt>
		<desc>Mondorf, L381, Abzweigung Unterdorfstrasse</desc>
		<src>SaarForst</src>
	</wpt>
	<wpt lat="49.3984968524653" lon="6.6843722161834185">
		<name>6606-702</name>
		<cmt>Saarfels, Fischerberghaus</cmt>
		<desc>Saarfels, Fischerberghaus</desc>
		<src>SaarForst</src>
	</wpt>
	<wpt lat="49.430719551055716" lon="6.6838381786159582">
		<name>6506-325</name>
		<cmt>ca. 500 m südöstl. Sonnenhof Menningen, Zufahrt über Saarlouiser Weg, Merchingen</cmt>
		<desc>ca. 500 m südöstl. Sonnenhof Menningen, Zufahrt über Saarlouiser Weg, Merchingen</desc>
		<src>SaarForst</src>
	</wpt>
	<wpt lat="49.408857491049908" lon="6.6515116548336648">
		<name>6505-815</name>
		<cmt>Wanderparkplatz Saarmühlenstrasse</cmt>
		<desc>Wanderparkplatz Saarmühlenstrasse</desc>
		<src>SaarForst</src>
	</wpt>
	<wpt lat="49.485980299010699" lon="6.6074067588590371">
		<name>6505-811</name>
		<cmt>B51 Merzig-Mettlach, auf der Hardt</cmt>
		<desc>B51 Merzig-Mettlach, auf der Hardt</desc>
		<src>SaarForst</src>
	</wpt>
	<wpt lat="49.488989910601461" lon="6.6634888070517588">
		<name>6505-18</name>
		<cmt>L158 Mettlach - Losheim, Abzweigung nach Brotdorf</cmt>
		<desc>L158 Mettlach - Losheim, Abzweigung nach Brotdorf</desc>
		<src>SaarForst</src>
	</wpt>
	<wpt lat="49.447559176133893" lon="6.7160960536553951">
		<name>6506-312</name>
		<cmt>Parkplatz Waldlehrpfad</cmt>
		<desc>Parkplatz Waldlehrpfad</desc>
		<src>SaarForst</src>
	</wpt>
	<wpt lat="49.4011921868371" lon="6.678831411558245">
		<name>6506-314</name>
		<cmt>ca. 800 m nach dem Ende des Beckinger Weges, Zufahrt Sasselwald</cmt>
		<desc>ca. 800 m nach dem Ende des Beckinger Weges, Zufahrt Sasselwald</desc>
		<src>SaarForst</src>
	</wpt>
	<wpt lat="49.464598048499532" lon="6.660027617961549">
		<name>6505-5</name>
		<cmt>Merzig, BW-Standortschiessanlage</cmt>
		<desc>Merzig, BW-Standortschiessanlage</desc>
		<src>SaarForst</src>
	</wpt>
	<wpt lat="49.469981943014531" lon="6.6488022531037361">
		<name>6505-814</name>
		<cmt>Zufahrt über Kreuzung Waldstrasse-Strasse zur Ell , Kammerforst</cmt>
		<desc>Zufahrt über Kreuzung Waldstrasse-Strasse zur Ell , Kammerforst</desc>
		<src>SaarForst</src>
	</wpt>
	<wpt lat="49.46529071096078" lon="6.5776771108216359">
		<name>6505-20</name>
		<cmt>L170 Schwemlingen - Weiler, Forsthaus</cmt>
		<desc>L170 Schwemlingen - Weiler, Forsthaus</desc>
		<src>SaarForst</src>
	</wpt>
	<wpt lat="49.320228412831035" lon="7.1439009712520676">
		<name>6608-758</name>
		<cmt>Spiesen-Elversberg, L284 nach Heinitz, Einfahrt zum Heinitzer Weiher</cmt>
		<desc>Spiesen-Elversberg, L284 nach Heinitz, Einfahrt zum Heinitzer Weiher</desc>
		<src>SaarForst</src>
	</wpt>
	<wpt lat="49.306971466406139" lon="7.1808334149313273">
		<name>6609-162</name>
		<cmt>Spieser Feld, Marienheim</cmt>
		<desc>Spieser Feld, Marienheim</desc>
		<src>SaarForst</src>
	</wpt>
	<wpt lat="49.301664091840301" lon="7.1570562062857466">
		<name>6608-756</name>
		<cmt>Einfahrt von der L241 in das Rödgestal</cmt>
		<desc>Einfahrt von der L241 in das Rödgestal</desc>
		<src>SaarForst</src>
	</wpt>
	<wpt lat="49.310837267586464" lon="7.1551119466002921">
		<name>6608-755</name>
		<cmt>Parkplatz L241 ca. 140 Meter nach Ortsausgang Spiesen</cmt>
		<desc>Parkplatz L241 ca. 140 Meter nach Ortsausgang Spiesen</desc>
		<src>SaarForst</src>
	</wpt>
	<wpt lat="49.321588238445891" lon="7.1151830252240256">
		<name>6608-753</name>
		<cmt>Umspannwerk an der A8, AS Elversberg</cmt>
		<desc>Umspannwerk an der A8, AS Elversberg</desc>
		<src>SaarForst</src>
	</wpt>
	<wpt lat="49.304747432616999" lon="7.1472276827615007">
		<name>6608-757</name>
		<cmt>Spiesen THW-Parkplatz Am Wildbertstock</cmt>
		<desc>Spiesen THW-Parkplatz Am Wildbertstock</desc>
		<src>SaarForst</src>
	</wpt>
	<wpt lat="49.318653805270962" lon="7.1201510373286103">
		<name>6608-752</name>
		<cmt>Mitfahrerparkplatz A8 AS Elversberg</cmt>
		<desc>Mitfahrerparkplatz A8 AS Elversberg</desc>
		<src>SaarForst</src>
	</wpt>
	<wpt lat="49.319788433957768" lon="7.1680999893470698">
		<name>6609-157</name>
		<cmt>Spiesen, Parkplatz Am Beckerwald</cmt>
		<desc>Spiesen, Parkplatz Am Beckerwald</desc>
		<src>SaarForst</src>
	</wpt>
	<wpt lat="49.308487785812332" lon="7.1687815879420089">
		<name>6609-161</name>
		<cmt>Spieser Feld, Fünffingerkreuzung</cmt>
		<desc>Spieser Feld, Fünffingerkreuzung</desc>
		<src>SaarForst</src>
	</wpt>
	<wpt lat="49.373554277434756" lon="6.7506665041418747">
		<name>6606-462</name>
		<cmt>Dieflen, Ende der Strasse Im Waldwinkel, Waldeinfahrt</cmt>
		<desc>Dieflen, Ende der Strasse Im Waldwinkel, Waldeinfahrt</desc>
		<src>SaarForst</src>
	</wpt>
	<wpt lat="49.377360180608001" lon="6.7277957139714673">
		<name>6606-451</name>
		<cmt>Dillingen, Wasserturm Berliner Strasse</cmt>
		<desc>Dillingen, Wasserturm Berliner Strasse</desc>
		<src>SaarForst</src>
	</wpt>
	<wpt lat="49.362056973056688" lon="6.7404554093757412">
		<name>6606-461</name>
		<cmt>L143 entlang der Dillinger Hütte, Abzweig zum DH-Forsthaus</cmt>
		<desc>L143 entlang der Dillinger Hütte, Abzweig zum DH-Forsthaus</desc>
		<src>SaarForst</src>
	</wpt>
	<wpt lat="49.388859988962516" lon="6.8791522929831199">
		<name>6607-613</name>
		<cmt>L142 Lebach-Saarwellingen, Waldparkplatz an der Einmündung der Hoxbergstrasse</cmt>
		<desc>L142 Lebach-Saarwellingen, Waldparkplatz an der Einmündung der Hoxbergstrasse</desc>
		<src>SaarForst</src>
	</wpt>
	<wpt lat="49.391857793381291" lon="6.9168809218276124">
		<name>6607-625</name>
		<cmt>Lebach-Landsweiler, Eidenborner Strasse Abzweigung Hoffmannstrasse (Krispelt)</cmt>
		<desc>Lebach-Landsweiler, Eidenborner Strasse Abzweigung Hoffmannstrasse (Krispelt)</desc>
		<src>SaarForst</src>
	</wpt>
	<wpt lat="49.386548879186584" lon="6.8660949432411744">
		<name>6607-614</name>
		<cmt>L142 Lebach-Saarwellingen, Ortsausgang Hoxberg nach Lebach</cmt>
		<desc>L142 Lebach-Saarwellingen, Ortsausgang Hoxberg nach Lebach</desc>
		<src>SaarForst</src>
	</wpt>
	<wpt lat="49.478620302792592" lon="6.9564767165498624">
		<name>6507-329</name>
		<cmt>Lebach-Dörsdorf, Waldrand am Ende der Gerstenfeldstrasse (Sportplatz)</cmt>
		<desc>Lebach-Dörsdorf, Waldrand am Ende der Gerstenfeldstrasse (Sportplatz)</desc>
		<src>SaarForst</src>
	</wpt>
	<wpt lat="49.388368521411273" lon="6.8596255630303089">
		<name>6607-615</name>
		<cmt>Lebach-Hoxberg, Sendeanlage an der F414 (an der Motocrossstrecke)</cmt>
		<desc>Lebach-Hoxberg, Sendeanlage an der F414 (an der Motocrossstrecke)</desc>
		<src>SaarForst</src>
	</wpt>
	<wpt lat="49.455453487521943" lon="6.9056949071165166">
		<name>6507-323</name>
		<cmt>Lebach-Gresaubach, Waldrand am Ende der Strasse Im Hanfgarten</cmt>
		<desc>Lebach-Gresaubach, Waldrand am Ende der Strasse Im Hanfgarten</desc>
		<src>SaarForst</src>
	</wpt>
	<wpt lat="49.453496321317701" lon="6.9413399198411367">
		<name>6507-326</name>
		<cmt>Lebach-Steinbach, Nordring,  Abzweigung Steinbruch</cmt>
		<desc>Lebach-Steinbach, Nordring,  Abzweigung Steinbruch</desc>
		<src>SaarForst</src>
	</wpt>
	<wpt lat="49.396207751782939" lon="6.8694333957800682">
		<name>6607-616</name>
		<cmt>F414 Lebach-Knorscheid, 90-Grad-Kurve</cmt>
		<desc>F414 Lebach-Knorscheid, 90-Grad-Kurve</desc>
		<src>SaarForst</src>
	</wpt>
	<wpt lat="49.459541468054759" lon="6.889893249844115">
		<name>6507-304</name>
		<cmt>L333  Limbach-Gresaubach, Einmündung zum Waldkreuz</cmt>
		<desc>L333  Limbach-Gresaubach, Einmündung zum Waldkreuz</desc>
		<src>SaarForst</src>
	</wpt>
	<wpt lat="49.378326132536984" lon="6.8785924955539599">
		<name>6607-612</name>
		<cmt>Lebach-Falscheid, Waldparkplatz am Ende der Forststrasse</cmt>
		<desc>Lebach-Falscheid, Waldparkplatz am Ende der Forststrasse</desc>
		<src>SaarForst</src>
	</wpt>
	<wpt lat="49.429420730190493" lon="6.9572977748883131">
		<name>6507-332</name>
		<cmt>Lebach-Aschbach, Waldrand am Ende der Waldstrasse</cmt>
		<desc>Lebach-Aschbach, Waldrand am Ende der Waldstrasse</desc>
		<src>SaarForst</src>
	</wpt>
	<wpt lat="49.455241297921425" lon="6.963097289300026">
		<name>6507-325</name>
		<cmt>L304 Thalexweiler-Steinbach, Abzweig Steinbacher Wäldchen, ca. 350 m nach Abzw. Nordring</cmt>
		<desc>L304 Thalexweiler-Steinbach, Abzweig Steinbacher Wäldchen, ca. 350 m nach Abzw. Nordring</desc>
		<src>SaarForst</src>
	</wpt>
	<wpt lat="49.375617707544478" lon="6.917033090483435">
		<name>6607-618</name>
		<cmt>Lebach-Falscheid, Golocher Weg in Richtung B268, Munitionsdepot</cmt>
		<desc>Lebach-Falscheid, Golocher Weg in Richtung B268, Munitionsdepot</desc>
		<src>SaarForst</src>
	</wpt>
	<wpt lat="49.443674332254012" lon="6.9406277937708749">
		<name>6507-331</name>
		<cmt>Lebach-Aschbach, Parkplatz am Ende der Strasse Zur Homesmühle</cmt>
		<desc>Lebach-Aschbach, Parkplatz am Ende der Strasse Zur Homesmühle</desc>
		<src>SaarForst</src>
	</wpt>
	<wpt lat="49.462009247862468" lon="6.9666511063654237">
		<name>6507-327</name>
		<cmt>Lebach-Steinbach, Waldparkplatz am Ende der Hubertusstrasse (Naherholungsgebiet Etzelweiher)</cmt>
		<desc>Lebach-Steinbach, Waldparkplatz am Ende der Hubertusstrasse (Naherholungsgebiet Etzelweiher)</desc>
		<src>SaarForst</src>
	</wpt>
	<wpt lat="49.444928400144939" lon="6.9005778828665738">
		<name>6507-324</name>
		<cmt>Lebach-Gresaubach, L334 Abzweigung der Strasse Zur Kupp</cmt>
		<desc>Lebach-Gresaubach, L334 Abzweigung der Strasse Zur Kupp</desc>
		<src>SaarForst</src>
	</wpt>
	<wpt lat="49.450651125987271" lon="6.9273558226714274">
		<name>6507-322</name>
		<cmt>Lebach-Gresaubach, Verbindungsweg nach Steinbach (Nordring), Abzweigung rechts 2 Km</cmt>
		<desc>Lebach-Gresaubach, Verbindungsweg nach Steinbach (Nordring), Abzweigung rechts 2 Km</desc>
		<src>SaarForst</src>
	</wpt>
	<wpt lat="49.404497304034564" lon="6.8884428556408785">
		<name>6507-320</name>
		<cmt>B269 Lebach-Körprich, Einfahrt zur Tennishalle, ehem. Freibad</cmt>
		<desc>B269 Lebach-Körprich, Einfahrt zur Tennishalle, ehem. Freibad</desc>
		<src>SaarForst</src>
	</wpt>
	<wpt lat="49.39238977979911" lon="6.849625983380796">
		<name>6607-617</name>
		<cmt>B269 Lebach-Körprich, Einmündung Knorscheider Mühle</cmt>
		<desc>B269 Lebach-Körprich, Einmündung Knorscheider Mühle</desc>
		<src>SaarForst</src>
	</wpt>
	<wpt lat="49.470145233887756" lon="6.958174228516274">
		<name>6507-328</name>
		<cmt>Lebach-Dörsdorf, Ende der Strasse Zur Schnau, Friedhof</cmt>
		<desc>Lebach-Dörsdorf, Ende der Strasse Zur Schnau, Friedhof</desc>
		<src>SaarForst</src>
	</wpt>
	<wpt lat="49.434197915225852" lon="6.9238053617691797">
		<name>6507-321</name>
		<cmt>Lebach-Niedersaubach, Waldrand in Verlängerung der Steinheckstrasse, ca. 500m</cmt>
		<desc>Lebach-Niedersaubach, Waldrand in Verlängerung der Steinheckstrasse, ca. 500m</desc>
		<src>SaarForst</src>
	</wpt>
	<wpt lat="49.439118877489989" lon="6.9781555244484696">
		<name>6507-330</name>
		<cmt>Lebach-Thalexweiler, Verlängerung der Dirminger Strasse, Waldrand jenseits der A1</cmt>
		<desc>Lebach-Thalexweiler, Verlängerung der Dirminger Strasse, Waldrand jenseits der A1</desc>
		<src>SaarForst</src>
	</wpt>
	<wpt lat="49.389960185455756" lon="6.9304273972643946">
		<name>6607-626</name>
		<cmt>Lebach-Landsweiler, Halle am Ende der Stangenwaldstrasse</cmt>
		<desc>Lebach-Landsweiler, Halle am Ende der Stangenwaldstrasse</desc>
		<src>SaarForst</src>
	</wpt>
	<wpt lat="49.489044124141721" lon="6.500981333208971">
		<name>6505-7</name>
		<cmt>L178 Tünsdorf-Orscholz, Einmündung des Waldweges zum Mun-Depot</cmt>
		<desc>L178 Tünsdorf-Orscholz, Einmündung des Waldweges zum Mun-Depot</desc>
		<src>SaarForst</src>
	</wpt>
	<wpt lat="49.510606532489362" lon="6.5270094960819636">
		<name>6405-601</name>
		<cmt>Mettlach-Orscholz, Einmündung der Strasse Zum Leukbachtal in die L178</cmt>
		<desc>Mettlach-Orscholz, Einmündung der Strasse Zum Leukbachtal in die L178</desc>
		<src>SaarForst</src>
	</wpt>
	<wpt lat="49.489383835219684" lon="6.5713245157150029">
		<name>6505-816</name>
		<cmt>Zufahrt zur Burg Montclair über St. Gangolf</cmt>
		<desc>Zufahrt zur Burg Montclair über St. Gangolf</desc>
		<src>SaarForst</src>
	</wpt>
	<wpt lat="49.490262622428396" lon="6.630476275719511">
		<name>6505-17</name>
		<cmt>L158 Mettlach - Losheim, Abzweigung der Eichenlaubstrasse</cmt>
		<desc>L158 Mettlach - Losheim, Abzweigung der Eichenlaubstrasse</desc>
		<src>SaarForst</src>
	</wpt>
	<wpt lat="49.499518085982437" lon="6.6160605458803472">
		<name>6405-302</name>
		<cmt>Saarhölzbach, Am Ende der Hochwaldstrasse 200 m geradeaus, dann rechts abbiegen, Geisert</cmt>
		<desc>Saarhölzbach, Am Ende der Hochwaldstrasse 200 m geradeaus, dann rechts abbiegen, Geisert</desc>
		<src>SaarForst</src>
	</wpt>
	<wpt lat="49.502870576748592" lon="6.646391192512243">
		<name>6405-610</name>
		<cmt>L375 Mettlach - Britten, Abzweigung der L372</cmt>
		<desc>L375 Mettlach - Britten, Abzweigung der L372</desc>
		<src>SaarForst</src>
	</wpt>
	<wpt lat="49.511825529731865" lon="6.6285303114261218">
		<name>6405-609</name>
		<cmt>Saarhölzbach, Angelsportweiher</cmt>
		<desc>Saarhölzbach, Angelsportweiher</desc>
		<src>SaarForst</src>
	</wpt>
	<wpt lat="49.524564954984115" lon="6.4914135385764444">
		<name>6404-457</name>
		<cmt>Faha, Abzweigung Von-Fah-Str. /  Weitener Strasse</cmt>
		<desc>Faha, Abzweigung Von-Fah-Str. /  Weitener Strasse</desc>
		<src>SaarForst</src>
	</wpt>
	<wpt lat="49.50545860633099" lon="6.5100545481992906">
		<name>6405-616</name>
		<cmt>Orscholz, L177 , Waldeinfahrt in Richtung Hasenmühle</cmt>
		<desc>Orscholz, L177 , Waldeinfahrt in Richtung Hasenmühle</desc>
		<src>SaarForst</src>
	</wpt>
	<wpt lat="49.483101729691555" lon="6.5614363841348418">
		<name>6505-1</name>
		<cmt>Mettlach-Dreisbach, Jugendherberge an der L383</cmt>
		<desc>Mettlach-Dreisbach, Jugendherberge an der L383</desc>
		<src>SaarForst</src>
	</wpt>
	<wpt lat="49.490959728483105" lon="6.5154491385900055">
		<name>6505-800</name>
		<cmt>zwischen Tünsdorf und Orscholz, Feld- und Gemengelage</cmt>
		<desc>zwischen Tünsdorf und Orscholz, Feld- und Gemengelage</desc>
		<src>SaarForst</src>
	</wpt>
	<wpt lat="49.530642175341768" lon="6.6449200460887825">
		<name>6405-306</name>
		<cmt>Britten, Ende der Strasse Hundscheiderweg, dann ca. 2,7 Km Waldweg, Wendeplatz Eschenbruch</cmt>
		<desc>Britten, Ende der Strasse Hundscheiderweg, dann ca. 2,7 Km Waldweg, Wendeplatz Eschenbruch</desc>
		<src>SaarForst</src>
	</wpt>
	<wpt lat="49.512842523497632" lon="6.61328441218867">
		<name>6405-608</name>
		<cmt>Saarhölzbach, Waldparkplatz Langenkreuzberg</cmt>
		<desc>Saarhölzbach, Waldparkplatz Langenkreuzberg</desc>
		<src>SaarForst</src>
	</wpt>
	<wpt lat="49.475778396280425" lon="6.4955197235160274">
		<name>6504-752</name>
		<cmt>Tünsdorf, Abzweigung B406 (?) / L178</cmt>
		<desc>Tünsdorf, Abzweigung B406 (?) / L178</desc>
		<src>SaarForst</src>
	</wpt>
	<wpt lat="49.481460984193568" lon="6.5543876508343146">
		<name>6505-806</name>
		<cmt>Verbindungsstrasse Dreisbach - Nohn, Salzmühle</cmt>
		<desc>Verbindungsstrasse Dreisbach - Nohn, Salzmühle</desc>
		<src>SaarForst</src>
	</wpt>
	<wpt lat="49.497593752094417" lon="6.5703136101548791">
		<name>6505-802</name>
		<cmt>Mettlach, Verlängerung der Strasse Zum Schmalzfels</cmt>
		<desc>Mettlach, Verlängerung der Strasse Zum Schmalzfels</desc>
		<src>SaarForst</src>
	</wpt>
	<wpt lat="49.515596494384603" lon="6.6042458501903401">
		<name>6405-607</name>
		<cmt>Saarhölzbach, Aufgang zur Brücke über die Saar, rechte Saarseite</cmt>
		<desc>Saarhölzbach, Aufgang zur Brücke über die Saar, rechte Saarseite</desc>
		<src>SaarForst</src>
	</wpt>
	<wpt lat="49.527971840659248" lon="6.543827407897334">
		<name>6405-605</name>
		<cmt>Weiten, Kreuzung L178 / L176</cmt>
		<desc>Weiten, Kreuzung L178 / L176</desc>
		<src>SaarForst</src>
	</wpt>
	<wpt lat="49.531748359070093" lon="6.6403622911863351">
		<name>6405-613</name>
		<cmt>Saarhölzbach, Hundscheider Weiher</cmt>
		<desc>Saarhölzbach, Hundscheider Weiher</desc>
		<src>SaarForst</src>
	</wpt>
	<wpt lat="49.507700142400196" lon="6.6319888320229499">
		<name>6405-303</name>
		<cmt>Saarhölzbach, Naturdenkmal</cmt>
		<desc>Saarhölzbach, Naturdenkmal</desc>
		<src>SaarForst</src>
	</wpt>
	<wpt lat="49.502106131728588" lon="6.5617620610752816">
		<name>6405-300</name>
		<cmt>Mettlach, Leukerkopf</cmt>
		<desc>Mettlach, Leukerkopf</desc>
		<src>SaarForst</src>
	</wpt>
	<wpt lat="49.497220594020078" lon="6.5457371553103627">
		<name>6505-818</name>
		<cmt>Mettlach, Auf der Schleif, Zufahrt über Dreisbach, Anlegestelle Fähre</cmt>
		<desc>Mettlach, Auf der Schleif, Zufahrt über Dreisbach, Anlegestelle Fähre</desc>
		<src>SaarForst</src>
	</wpt>
	<wpt lat="49.48635031731299" lon="6.5844807165082146">
		<name>6505-16</name>
		<cmt>Mettlach, St. Gangolf Kapelle</cmt>
		<desc>Mettlach, St. Gangolf Kapelle</desc>
		<src>SaarForst</src>
	</wpt>
	<wpt lat="49.495799350478066" lon="6.5578941892718499">
		<name>6505-817</name>
		<cmt>Burg Montclair, Zufahrt über St. Gangolf</cmt>
		<desc>Burg Montclair, Zufahrt über St. Gangolf</desc>
		<src>SaarForst</src>
	</wpt>
	<wpt lat="49.520582161020485" lon="6.5160955059815331">
		<name>6405-604</name>
		<cmt>L385 Faha - Weiten, Brücke über den Leukbach</cmt>
		<desc>L385 Faha - Weiten, Brücke über den Leukbach</desc>
		<src>SaarForst</src>
	</wpt>
	<wpt lat="49.479797534244057" lon="6.5511316171577976">
		<name>6505-15</name>
		<cmt>Nohn - Dreisbach, Abzweigung nach Bethingen</cmt>
		<desc>Nohn - Dreisbach, Abzweigung nach Bethingen</desc>
		<src>SaarForst</src>
	</wpt>
	<wpt lat="49.473866107156105" lon="6.4876251553400897">
		<name>6504-505</name>
		<cmt>L170 Tünsdorf-Büschdorf</cmt>
		<desc>L170 Tünsdorf-Büschdorf</desc>
		<src>SaarForst</src>
	</wpt>
	<wpt lat="49.461881383072829" lon="6.5458386569494653">
		<name>6505-803</name>
		<cmt>L384 Dreisbach-Bethingen Abzweigung Scheidwald</cmt>
		<desc>L384 Dreisbach-Bethingen Abzweigung Scheidwald</desc>
		<src>SaarForst</src>
	</wpt>
	<wpt lat="49.499902324448584" lon="6.5451159033863329">
		<name>6405-307</name>
		<cmt>Saarschleife innen, Zufahrt über Schleuse Mettlach</cmt>
		<desc>Saarschleife innen, Zufahrt über Schleuse Mettlach</desc>
		<src>SaarForst</src>
	</wpt>
	<wpt lat="49.503357314545923" lon="6.5969400586138258">
		<name>6405-301</name>
		<cmt>Saarhölzbach, Herrgottstein</cmt>
		<desc>Saarhölzbach, Herrgottstein</desc>
		<src>SaarForst</src>
	</wpt>
	<wpt lat="49.470961763959316" lon="6.5486592952042981">
		<name>6505-14</name>
		<cmt>Bethingen, Scheuerhof</cmt>
		<desc>Bethingen, Scheuerhof</desc>
		<src>SaarForst</src>
	</wpt>
	<wpt lat="49.494578790639757" lon="6.5151733413966246">
		<name>6505-801</name>
		<cmt>ca. 200 m südlich der L178 Tünsdorf-Orscholz, Feld- und Gemengelage</cmt>
		<desc>ca. 200 m südlich der L178 Tünsdorf-Orscholz, Feld- und Gemengelage</desc>
		<src>SaarForst</src>
	</wpt>
	<wpt lat="49.452088793503926" lon="6.5194717188515634">
		<name>6505-13</name>
		<cmt>Wellingen, Kreuzung A8 / L170 (ehem. B406)</cmt>
		<desc>Wellingen, Kreuzung A8 / L170 (ehem. B406)</desc>
		<src>SaarForst</src>
	</wpt>
	<wpt lat="49.502556712450911" lon="6.5392656103042857">
		<name>6405-606</name>
		<cmt>Orscholz, Parkplatz Cloef</cmt>
		<desc>Orscholz, Parkplatz Cloef</desc>
		<src>SaarForst</src>
	</wpt>
	<wpt lat="49.510310172266749" lon="6.5686796481237986">
		<name>6405-602</name>
		<cmt>Mettlach, L176 in Richtung Weiten, Abzweigung L177 nach Orscholz</cmt>
		<desc>Mettlach, L176 in Richtung Weiten, Abzweigung L177 nach Orscholz</desc>
		<src>SaarForst</src>
	</wpt>
	<wpt lat="49.504573270897076" lon="6.5007258737689035">
		<name>6405-603</name>
		<cmt>L177 Orscholz-Oberleuken, Abzweigung zum Reiterhof / Ziegelei</cmt>
		<desc>L177 Orscholz-Oberleuken, Abzweigung zum Reiterhof / Ziegelei</desc>
		<src>SaarForst</src>
	</wpt>
	<wpt lat="49.508941510949562" lon="6.6197943711747627">
		<name>6405-612</name>
		<cmt>Saarhölzbach, Zeltplatz</cmt>
		<desc>Saarhölzbach, Zeltplatz</desc>
		<src>SaarForst</src>
	</wpt>
	<wpt lat="49.481986216420836" lon="6.4709627880695058">
		<name>6504-751</name>
		<cmt>Alte B406  Büschdorf-Hellendorf, Munitionsdepot</cmt>
		<desc>Alte B406  Büschdorf-Hellendorf, Munitionsdepot</desc>
		<src>SaarForst</src>
	</wpt>
	<wpt lat="49.46991467442043" lon="6.4016291122223095">
		<name>6504-501</name>
		<cmt>Oberperl, Verlängerung der Bergstrasse um ca. 430 m</cmt>
		<desc>Oberperl, Verlängerung der Bergstrasse um ca. 430 m</desc>
		<src>SaarForst</src>
	</wpt>
	<wpt lat="49.542497340551435" lon="6.4246349054681309">
		<name>6404-456</name>
		<cmt>Sinz, Kreuzung auf der Verbindungsstrasse nach Kreuzweiler</cmt>
		<desc>Sinz, Kreuzung auf der Verbindungsstrasse nach Kreuzweiler</desc>
		<src>SaarForst</src>
	</wpt>
	<wpt lat="49.540467315685682" lon="6.3774056582287413">
		<name>6404-453</name>
		<cmt>Nennig, Kreisel der B406 / B419</cmt>
		<desc>Nennig, Kreisel der B406 / B419</desc>
		<src>SaarForst</src>
	</wpt>
	<wpt lat="49.479330254049323" lon="6.4736061109871885">
		<name>6504-504</name>
		<cmt>nördlich Büschdorf, ca. 250 m östlich der L170,  Bei Dickenhau</cmt>
		<desc>nördlich Büschdorf, ca. 250 m östlich der L170,  Bei Dickenhau</desc>
		<src>SaarForst</src>
	</wpt>
	<wpt lat="49.520235265033094" lon="6.3914336525414477">
		<name>6404-454</name>
		<cmt>Verbindungsweg Tettingen-Butzdorf nach Nennig, Kohlenberg</cmt>
		<desc>Verbindungsweg Tettingen-Butzdorf nach Nennig, Kohlenberg</desc>
		<src>SaarForst</src>
	</wpt>
	<wpt lat="49.500193161277807" lon="6.4754863401233367">
		<name>6404-452</name>
		<cmt>Oberleuken, Einfahrt Campingplatz Sonnenrödchen</cmt>
		<desc>Oberleuken, Einfahrt Campingplatz Sonnenrödchen</desc>
		<src>SaarForst</src>
	</wpt>
	<wpt lat="49.505160445449555" lon="6.3930252913841228">
		<name>6404-459</name>
		<cmt>Verbindungsstrasse Besch - Wochern Wasserhochbehälter / Hydrant</cmt>
		<desc>Verbindungsstrasse Besch - Wochern Wasserhochbehälter / Hydrant</desc>
		<src>SaarForst</src>
	</wpt>
	<wpt lat="49.469071060089519" lon="6.4055118841526495">
		<name>6504-755</name>
		<cmt>Perl Hammelsberg, Wegegabelung an der Bundesgrenze</cmt>
		<desc>Perl Hammelsberg, Wegegabelung an der Bundesgrenze</desc>
		<src>SaarForst</src>
	</wpt>
	<wpt lat="49.49448776140521" lon="6.4332605355327823">
		<name>6504-754</name>
		<cmt>Borg, Abzweigung B407 / B406</cmt>
		<desc>Borg, Abzweigung B407 / B406</desc>
		<src>SaarForst</src>
	</wpt>
	<wpt lat="49.485011708724294" lon="6.4052989861398073">
		<name>6504-502</name>
		<cmt>Perl, B407, Rastplatz Pillinger Hof</cmt>
		<desc>Perl, B407, Rastplatz Pillinger Hof</desc>
		<src>SaarForst</src>
	</wpt>
	<wpt lat="49.492604549582332" lon="6.4428440817611765">
		<name>6504-503</name>
		<cmt>L170 von Borg nach Eft-Hellendorf, Loosenwinkel</cmt>
		<desc>L170 von Borg nach Eft-Hellendorf, Loosenwinkel</desc>
		<src>SaarForst</src>
	</wpt>
	<wpt lat="49.488306484185877" lon="6.3862790608431999">
		<name>6504-756</name>
		<cmt>Perl, Brücke der L 386 über die A8</cmt>
		<desc>Perl, Brücke der L 386 über die A8</desc>
		<src>SaarForst</src>
	</wpt>
	<wpt lat="49.515299185053308" lon="6.4529436715286792">
		<name>6404-455</name>
		<cmt>Oberleuken, Potsdamer Platz Kreuzung B406 / B407 / L177</cmt>
		<desc>Oberleuken, Potsdamer Platz Kreuzung B406 / B407 / L177</desc>
		<src>SaarForst</src>
	</wpt>
	<wpt lat="49.476834400569402" lon="6.4459650925163086">
		<name>6504-753</name>
		<cmt>Eft-Hellendorf, Kirche in Eft</cmt>
		<desc>Eft-Hellendorf, Kirche in Eft</desc>
		<src>SaarForst</src>
	</wpt>
	<wpt lat="49.515011526670548" lon="6.4818444245968516">
		<name>6404-458</name>
		<cmt>Kesslingen, Abzweigung nach Oberleuken von der Orscholzer Strasse</cmt>
		<desc>Kesslingen, Abzweigung nach Oberleuken von der Orscholzer Strasse</desc>
		<src>SaarForst</src>
	</wpt>
	<wpt lat="49.506365511413804" lon="6.4831263210582799">
		<name>6404-451</name>
		<cmt>L177 Orscholz-Oberleuken, Abzweigung Orscholzerstrasse nach Kesslingen</cmt>
		<desc>L177 Orscholz-Oberleuken, Abzweigung Orscholzerstrasse nach Kesslingen</desc>
		<src>SaarForst</src>
	</wpt>
	<wpt lat="49.484084662317429" lon="6.4611843354353029">
		<name>6504-757</name>
		<cmt>Hellendorf, L170 Abzweigung zum Sonnenrödchen</cmt>
		<desc>Hellendorf, L170 Abzweigung zum Sonnenrödchen</desc>
		<src>SaarForst</src>
	</wpt>
	<wpt lat="49.468011639142965" lon="6.3958313206523814">
		<name>6504-500</name>
		<cmt>Oberperl, Verlängerung der Bergstrasse ggü. Wassertretanlage rechts abbiegen, dann ca. 260 m  zum Waldrand</cmt>
		<desc>Oberperl, Verlängerung der Bergstrasse ggü. Wassertretanlage rechts abbiegen, dann ca. 260 m  zum Waldrand</desc>
		<src>SaarForst</src>
	</wpt>
	<wpt lat="49.52074606867815" lon="6.873422045166846">
		<name>6407-16</name>
		<cmt>Wadern-Bardenbach, Abzweigung von der L148 in Richtung NSG Bardenbacher Fels</cmt>
		<desc>Wadern-Bardenbach, Abzweigung von der L148 in Richtung NSG Bardenbacher Fels</desc>
		<src>SaarForst</src>
	</wpt>
	<wpt lat="49.573363182533534" lon="6.8456440759082193">
		<name>6407-27</name>
		<cmt>Wadern-Steinberg, Friedhof am Ende der Bergstrasse</cmt>
		<desc>Wadern-Steinberg, Friedhof am Ende der Bergstrasse</desc>
		<src>SaarForst</src>
	</wpt>
	<wpt lat="49.571218982692571" lon="6.8547871801471585">
		<name>6407-26</name>
		<cmt>Wadern-Steinberg Ortsaugang L365 Einmündung zum Aussiedlerhof Lauer</cmt>
		<desc>Wadern-Steinberg Ortsaugang L365 Einmündung zum Aussiedlerhof Lauer</desc>
		<src>SaarForst</src>
	</wpt>
	<wpt lat="49.520656900291748" lon="6.9106281923167368">
		<name>6407-17</name>
		<cmt>L362 Wadern-Lockweiler in Richtung Altland, Waldrand Haan-Weiheranlage</cmt>
		<desc>L362 Wadern-Lockweiler in Richtung Altland, Waldrand Haan-Weiheranlage</desc>
		<src>SaarForst</src>
	</wpt>
	<wpt lat="49.487957235918898" lon="6.8214944903926389">
		<name>6506-152</name>
		<cmt>Nunkirchen, Baumschule südl. B268</cmt>
		<desc>Nunkirchen, Baumschule südl. B268</desc>
		<src>SaarForst</src>
	</wpt>
	<wpt lat="49.579259089679624" lon="6.8996054749978653">
		<name>6407-6</name>
		<cmt>Wadern-Gehweiler, Waldrand am Ende der Strasse Zum Wandermichel</cmt>
		<desc>Wadern-Gehweiler, Waldrand am Ende der Strasse Zum Wandermichel</desc>
		<src>SaarForst</src>
	</wpt>
	<wpt lat="49.585813984747446" lon="6.8949409762766622">
		<name>6407-32</name>
		<cmt>Wadern-Wadrill, Buswendeplatz Sitzerather Strasse</cmt>
		<desc>Wadern-Wadrill, Buswendeplatz Sitzerather Strasse</desc>
		<src>SaarForst</src>
	</wpt>
	<wpt lat="49.474226894844143" lon="6.8190156186775948">
		<name>6506-151</name>
		<cmt>L156 Nunkirchen-Oppen, Waldrand</cmt>
		<desc>L156 Nunkirchen-Oppen, Waldrand</desc>
		<src>SaarForst</src>
	</wpt>
	<wpt lat="49.587498322776753" lon="6.8597232615196058">
		<name>6407-304</name>
		<cmt>Wadrill, Krankenwald</cmt>
		<desc>Wadrill, Krankenwald</desc>
		<src>SaarForst</src>
	</wpt>
	<wpt lat="49.573398936810385" lon="6.8544472028707997">
		<name>6407-303</name>
		<cmt>Steinberg, Ortsausgang Richt. Wadrill nach ca. 350 m links dann 250 m Waldweg , Steinbückel</cmt>
		<desc>Steinberg, Ortsausgang Richt. Wadrill nach ca. 350 m links dann 250 m Waldweg , Steinbückel</desc>
		<src>SaarForst</src>
	</wpt>
	<wpt lat="49.516755715335982" lon="6.8908623238796531">
		<name>6407-15</name>
		<cmt>Wadern-Buttnich, Waldparkplatz hinter der Reitanlage</cmt>
		<desc>Wadern-Buttnich, Waldparkplatz hinter der Reitanlage</desc>
		<src>SaarForst</src>
	</wpt>
	<wpt lat="49.590271532742534" lon="6.8704725905071893">
		<name>6407-24</name>
		<cmt>Wadern-Wadrill, in Richtung Jungviehalm bis Harteichhütte</cmt>
		<desc>Wadern-Wadrill, in Richtung Jungviehalm bis Harteichhütte</desc>
		<src>SaarForst</src>
	</wpt>
	<wpt lat="49.582861374439148" lon="6.9273433731963561">
		<name>6407-7</name>
		<cmt>Oberlöstern, Tennisplatz am Ende der Lohbachstrasse</cmt>
		<desc>Oberlöstern, Tennisplatz am Ende der Lohbachstrasse</desc>
		<src>SaarForst</src>
	</wpt>
	<wpt lat="49.525291813882404" lon="6.8559057839662234">
		<name>6407-31</name>
		<cmt>Wadern-Noswendel, Ende der Strasse Zum Röder Wald, Waldrand</cmt>
		<desc>Wadern-Noswendel, Ende der Strasse Zum Röder Wald, Waldrand</desc>
		<src>SaarForst</src>
	</wpt>
	<wpt lat="49.536361608024826" lon="6.9268911233841717">
		<name>6407-18</name>
		<cmt>Wadern-Lockweiler, Wegekreuz Verlängerung der Züscher Waldstrasse (Mewes-Kreuz)</cmt>
		<desc>Wadern-Lockweiler, Wegekreuz Verlängerung der Züscher Waldstrasse (Mewes-Kreuz)</desc>
		<src>SaarForst</src>
	</wpt>
	<wpt lat="49.543643652117879" lon="6.9524675735598356">
		<name>6407-19</name>
		<cmt>Wadern-Nuhweiler, Ortsmitte</cmt>
		<desc>Wadern-Nuhweiler, Ortsmitte</desc>
		<src>SaarForst</src>
	</wpt>
	<wpt lat="49.511873494183185" lon="6.8266729837550209">
		<name>6406-789</name>
		<cmt>L152 Nunkirchen - Thailen, Abzweigung zum Reitplatz Hirzenacker</cmt>
		<desc>L152 Nunkirchen - Thailen, Abzweigung zum Reitplatz Hirzenacker</desc>
		<src>SaarForst</src>
	</wpt>
	<wpt lat="49.553076218467666" lon="6.9053711520258343">
		<name>6407-20</name>
		<cmt>Wadern, Verbindungsweg L149-L150, Waldparkplatz</cmt>
		<desc>Wadern, Verbindungsweg L149-L150, Waldparkplatz</desc>
		<src>SaarForst</src>
	</wpt>
	<wpt lat="49.499266514847797" lon="6.8991039473809845">
		<name>6407-13</name>
		<cmt>Wadern-Vogelsbüsch, Teerweg in Richtung ehem. Mun-Depot, Abzweigung nach Büschfeld</cmt>
		<desc>Wadern-Vogelsbüsch, Teerweg in Richtung ehem. Mun-Depot, Abzweigung nach Büschfeld</desc>
		<src>SaarForst</src>
	</wpt>
	<wpt lat="49.519506556238831" lon="6.8292738680032814">
		<name>6406-778</name>
		<cmt>Weiskirchen L152 , Abzweigung nach Weierweiler</cmt>
		<desc>Weiskirchen L152 , Abzweigung nach Weierweiler</desc>
		<src>SaarForst</src>
	</wpt>
	<wpt lat="49.564601938442429" lon="6.9360242392156835">
		<name>6407-21</name>
		<cmt>L329 Wadern-Buweiler nach Kastel, Abzweigung Waldweg</cmt>
		<desc>L329 Wadern-Buweiler nach Kastel, Abzweigung Waldweg</desc>
		<src>SaarForst</src>
	</wpt>
	<wpt lat="49.476611896071596" lon="6.8337926642312601">
		<name>6507-334</name>
		<cmt>B268 Nunkirchen - Michelbach, Abzweigung der L156 nach Oppen</cmt>
		<desc>B268 Nunkirchen - Michelbach, Abzweigung der L156 nach Oppen</desc>
		<src>SaarForst</src>
	</wpt>
	<wpt lat="49.582810217624527" lon="6.8726630322016939">
		<name>6407-25</name>
		<cmt>Wadern-Wadrill, L365 nach Reidelbach, Waldeinfahrt ca. 100 m nach der Brücke</cmt>
		<desc>Wadern-Wadrill, L365 nach Reidelbach, Waldeinfahrt ca. 100 m nach der Brücke</desc>
		<src>SaarForst</src>
	</wpt>
	<wpt lat="49.597685829166949" lon="6.8589156687543449">
		<name>6407-23</name>
		<cmt>Wadern-Wadrill, Jungviehalm, Ende Alm</cmt>
		<desc>Wadern-Wadrill, Jungviehalm, Ende Alm</desc>
		<src>SaarForst</src>
	</wpt>
	<wpt lat="49.565369553512461" lon="6.8432249864685977">
		<name>6407-28</name>
		<cmt>Wadern-Steinberg, L365 nach Konfeld, Waldparkplatz Hundscheid-Weiher</cmt>
		<desc>Wadern-Steinberg, L365 nach Konfeld, Waldparkplatz Hundscheid-Weiher</desc>
		<src>SaarForst</src>
	</wpt>
	<wpt lat="49.481665130269782" lon="6.876342111405271">
		<name>6507-303</name>
		<cmt>L333 Büschfeld-Limbach, Waldeinfahrt gegenüber der Kläranlage</cmt>
		<desc>L333 Büschfeld-Limbach, Waldeinfahrt gegenüber der Kläranlage</desc>
		<src>SaarForst</src>
	</wpt>
	<wpt lat="49.542114388760311" lon="6.8510734920360168">
		<name>6407-29</name>
		<cmt>Wadern, L151 nach Weiskirchen, Kreuzung Bildchen</cmt>
		<desc>Wadern, L151 nach Weiskirchen, Kreuzung Bildchen</desc>
		<src>SaarForst</src>
	</wpt>
	<wpt lat="49.502588304441474" lon="6.897439058421126">
		<name>6407-14</name>
		<cmt>Wadern-Vogelsbüsch, Ortslage</cmt>
		<desc>Wadern-Vogelsbüsch, Ortslage</desc>
		<src>SaarForst</src>
	</wpt>
	<wpt lat="49.587256608448001" lon="6.9453091098443274">
		<name>6407-12</name>
		<cmt>L149 Bierfeld-Kostenbach, Waldparkplatz</cmt>
		<desc>L149 Bierfeld-Kostenbach, Waldparkplatz</desc>
		<src>SaarForst</src>
	</wpt>
	<wpt lat="49.535867676457151" lon="6.8384480246571275">
		<name>6407-30</name>
		<cmt>Weiskirchen-Thailen, Sportplatz, Strasse Beim Dorf</cmt>
		<desc>Weiskirchen-Thailen, Sportplatz, Strasse Beim Dorf</desc>
		<src>SaarForst</src>
	</wpt>
	<wpt lat="49.567736980248831" lon="6.7862498917262117">
		<name>6406-108</name>
		<cmt>Holzbachtal zwischen Weiskirchen und der Landesgrenze, Zufahrt über Strasse Im Hänfert</cmt>
		<desc>Holzbachtal zwischen Weiskirchen und der Landesgrenze, Zufahrt über Strasse Im Hänfert</desc>
		<src>SaarForst</src>
	</wpt>
	<wpt lat="49.565593744341044" lon="6.8002777639859371">
		<name>6406-790</name>
		<cmt>Weiskirchen, Hochwaldklinik</cmt>
		<desc>Weiskirchen, Hochwaldklinik</desc>
		<src>SaarForst</src>
	</wpt>
	<wpt lat="49.582848915531024" lon="6.8349423535971816">
		<name>6407-302</name>
		<cmt>Steinberg, Landesgrenze Kübelbach Wahnbach</cmt>
		<desc>Steinberg, Landesgrenze Kübelbach Wahnbach</desc>
		<src>SaarForst</src>
	</wpt>
	<wpt lat="49.57117529082003" lon="6.8076768149305007">
		<name>6406-109</name>
		<cmt>Weiskirchen, Strasse Zum Scheidwald, oberhalb Jagdhaus</cmt>
		<desc>Weiskirchen, Strasse Zum Scheidwald, oberhalb Jagdhaus</desc>
		<src>SaarForst</src>
	</wpt>
	<wpt lat="49.524288550919955" lon="6.8193822829988422">
		<name>6406-785</name>
		<cmt>Weierweiler, Ortsmitte</cmt>
		<desc>Weierweiler, Ortsmitte</desc>
		<src>SaarForst</src>
	</wpt>
	<wpt lat="49.557230744375886" lon="6.829774563437824">
		<name>6406-776</name>
		<cmt>Weiskirchen-Konfeld, Festplatz, Strasse In der Lohmühl</cmt>
		<desc>Weiskirchen-Konfeld, Festplatz, Strasse In der Lohmühl</desc>
		<src>SaarForst</src>
	</wpt>
	<wpt lat="49.554270886448222" lon="6.7862580815930951">
		<name>6406-797</name>
		<cmt>Waldhölzbach-Zwalbach, Ende der Braunswasen-strasse, Waldrand</cmt>
		<desc>Waldhölzbach-Zwalbach, Ende der Braunswasen-strasse, Waldrand</desc>
		<src>SaarForst</src>
	</wpt>
	<wpt lat="49.545819954329438" lon="6.7754684346566645">
		<name>6406-798</name>
		<cmt>Waldhölzach, Abzweigung zum Feriendorf Hasenbornsenke</cmt>
		<desc>Waldhölzach, Abzweigung zum Feriendorf Hasenbornsenke</desc>
		<src>SaarForst</src>
	</wpt>
	<wpt lat="49.543317549069201" lon="6.8048327813425562">
		<name>6406-777</name>
		<cmt>Weiskirchen L157 nach Rappweiler, Waldrand-Dillinger Wald</cmt>
		<desc>Weiskirchen L157 nach Rappweiler, Waldrand-Dillinger Wald</desc>
		<src>SaarForst</src>
	</wpt>
	<wpt lat="49.518248075279459" lon="6.7985653821828365">
		<name>6406-796</name>
		<cmt>Weierweiler, ca. 1700 m südwestlich Ortsmitte, Waldrand</cmt>
		<desc>Weierweiler, ca. 1700 m südwestlich Ortsmitte, Waldrand</desc>
		<src>SaarForst</src>
	</wpt>
	<wpt lat="49.576693749328719" lon="6.8170017451468574">
		<name>6406-110</name>
		<cmt>Weiskirchen, Hübelberg</cmt>
		<desc>Weiskirchen, Hübelberg</desc>
		<src>SaarForst</src>
	</wpt>
	<wpt lat="49.56749588820896" lon="6.7717613249858291">
		<name>6406-791</name>
		<cmt>Weiskirchen, L151 ca 2700 m nach Ortsende in Richtung Landesgrenze</cmt>
		<desc>Weiskirchen, L151 ca 2700 m nach Ortsende in Richtung Landesgrenze</desc>
		<src>SaarForst</src>
	</wpt>
	<wpt lat="49.570633418535124" lon="6.8301679678216569">
		<name>6406-111</name>
		<cmt>Weiskirchen, Hübelberg, Zufahrt über L365 Weiskirchen-Steinberg</cmt>
		<desc>Weiskirchen, Hübelberg, Zufahrt über L365 Weiskirchen-Steinberg</desc>
		<src>SaarForst</src>
	</wpt>
	<wpt lat="49.56878805311274" lon="6.8153852819805048">
		<name>6406-792</name>
		<cmt>Weiskirchen, Waldrand am Ende der Strasse In der Trift</cmt>
		<desc>Weiskirchen, Waldrand am Ende der Strasse In der Trift</desc>
		<src>SaarForst</src>
	</wpt>
	<wpt lat="49.377430797451119" lon="6.9540837183569089">
		<name>6607-610</name>
		<cmt>Eppelborn-Habach, L301, Pflegeheim Parkplatz</cmt>
		<desc>Eppelborn-Habach, L301, Pflegeheim Parkplatz</desc>
		<src>SaarForst</src>
	</wpt>
	<wpt lat="49.39704260137902" lon="7.0151775979725235">
		<name>6608-787</name>
		<cmt>Wustweiler, Waldrand am Ende der Humeser Strasse</cmt>
		<desc>Wustweiler, Waldrand am Ende der Humeser Strasse</desc>
		<src>SaarForst</src>
	</wpt>
	<wpt lat="49.404750970195948" lon="6.9846375867252766">
		<name>6507-504</name>
		<cmt>Eppelborn, ca. 560 m nach dem Ende der Strasse Am Steinhügel, Grillplatz Steinrausche</cmt>
		<desc>Eppelborn, ca. 560 m nach dem Ende der Strasse Am Steinhügel, Grillplatz Steinrausche</desc>
		<src>SaarForst</src>
	</wpt>
	<wpt lat="49.37812126454574" lon="6.9915518361968161">
		<name>6607-300</name>
		<cmt>Weiheranlage Wallenborn</cmt>
		<desc>Weiheranlage Wallenborn</desc>
		<src>SaarForst</src>
	</wpt>
	<wpt lat="49.414424593718266" lon="6.9827912411306468">
		<name>6507-301</name>
		<cmt>Eppelborn, B10 , Abzweigung zur Waldarbeitsschule</cmt>
		<desc>Eppelborn, B10 , Abzweigung zur Waldarbeitsschule</desc>
		<src>SaarForst</src>
	</wpt>
	<wpt lat="49.408304509987261" lon="6.9658020322994929">
		<name>6507-505</name>
		<cmt>Wanderparkplatz Bahnübergang Eppelborn, Prümburgstrasse</cmt>
		<desc>Wanderparkplatz Bahnübergang Eppelborn, Prümburgstrasse</desc>
		<src>SaarForst</src>
	</wpt>
	<wpt lat="49.424451134210457" lon="6.9994638697868119">
		<name>6508-476</name>
		<cmt>Dirmingen, Gaststätte am Ende der Thalexweiler Strasse</cmt>
		<desc>Dirmingen, Gaststätte am Ende der Thalexweiler Strasse</desc>
		<src>SaarForst</src>
	</wpt>
	<wpt lat="49.409396454374068" lon="7.0132000594805692">
		<name>6508-481</name>
		<cmt>Dirmingen, Humeser Strasse</cmt>
		<desc>Dirmingen, Humeser Strasse</desc>
		<src>SaarForst</src>
	</wpt>
	<wpt lat="49.411379797012394" lon="7.0053996781982413">
		<name>6508-478</name>
		<cmt>Dirmingen, Parkplatz Schöne Aussicht, Hierscheider Strasse</cmt>
		<desc>Dirmingen, Parkplatz Schöne Aussicht, Hierscheider Strasse</desc>
		<src>SaarForst</src>
	</wpt>
	<wpt lat="49.415048113158676" lon="7.0208137216896933">
		<name>6508-482</name>
		<cmt>Dirmingen, Sportplatz über die Strasse Ziegelhütte</cmt>
		<desc>Dirmingen, Sportplatz über die Strasse Ziegelhütte</desc>
		<src>SaarForst</src>
	</wpt>
	<wpt lat="49.426170004822147" lon="6.9643612527670484">
		<name>6507-302</name>
		<cmt>Eppelborn-Macherbach, Josefskapelle</cmt>
		<desc>Eppelborn-Macherbach, Josefskapelle</desc>
		<src>SaarForst</src>
	</wpt>
	<wpt lat="49.432975977629049" lon="6.9962588697416477">
		<name>6507-503</name>
		<cmt>Umwelt- und Freizeitzentrum Finkenrech zwischen Dirmingen und Tholey</cmt>
		<desc>Umwelt- und Freizeitzentrum Finkenrech zwischen Dirmingen und Tholey</desc>
		<src>SaarForst</src>
	</wpt>
	<wpt lat="49.384184648536227" lon="6.9945176451506077">
		<name>6607-301</name>
		<cmt>Friedhof Humes, Abzweigung L302 von der L 141</cmt>
		<desc>Friedhof Humes, Abzweigung L302 von der L 141</desc>
		<src>SaarForst</src>
	</wpt>
	<wpt lat="49.38486366920101" lon="6.9533003521254457">
		<name>6607-302</name>
		<cmt>Grosswaldstrasse, Einmündung Steinstrasse</cmt>
		<desc>Grosswaldstrasse, Einmündung Steinstrasse</desc>
		<src>SaarForst</src>
	</wpt>
	<wpt lat="49.396880696989527" lon="6.9733759324281737">
		<name>6607-608</name>
		<cmt>Eppelborn, Ende der Schleidstrasse, Tannenhof</cmt>
		<desc>Eppelborn, Ende der Schleidstrasse, Tannenhof</desc>
		<src>SaarForst</src>
	</wpt>
	<wpt lat="49.419299123415627" lon="7.0469214712212027">
		<name>6508-6</name>
		<cmt>Eingang Mun-Depot, Zufahrt über RP 6508-464 nach ca. 2 Km befestigtem Waldweg an der Schranke rechts</cmt>
		<desc>Eingang Mun-Depot, Zufahrt über RP 6508-464 nach ca. 2 Km befestigtem Waldweg an der Schranke rechts</desc>
		<src>SaarForst</src>
	</wpt>
	<wpt lat="49.400634602094755" lon="7.0449564151449424">
		<name>6508-477</name>
		<cmt>Wustweiler, Forsthaus, Jägerstrasse</cmt>
		<desc>Wustweiler, Forsthaus, Jägerstrasse</desc>
		<src>SaarForst</src>
	</wpt>
	<wpt lat="49.371131826127304" lon="7.0668750236660927">
		<name>6608-501</name>
		<cmt>Bollstrasse 61a, nach ca. 350 m links ab zum Kitagelände Haar am Waldrand</cmt>
		<desc>Bollstrasse 61a, nach ca. 350 m links ab zum Kitagelände Haar am Waldrand</desc>
		<src>SaarForst</src>
	</wpt>
	<wpt lat="49.392928052300086" lon="7.0859956322770099">
		<name>6608-793</name>
		<cmt>Welschbach, Hundesportplatz am Ende der Jungwaldstrasse</cmt>
		<desc>Welschbach, Hundesportplatz am Ende der Jungwaldstrasse</desc>
		<src>SaarForst</src>
	</wpt>
	<wpt lat="49.369230880385857" lon="7.0294611837765713">
		<name>6608-795</name>
		<cmt>Illingen, Strasse Auf der Kipp, Weiheranlage Rötelhumes</cmt>
		<desc>Illingen, Strasse Auf der Kipp, Weiheranlage Rötelhumes</desc>
		<src>SaarForst</src>
	</wpt>
	<wpt lat="49.377035725743028" lon="7.0563540384717935">
		<name>6608-794</name>
		<cmt>Illingen, Einmündung L112, Einmündung L294 an der Burganlage</cmt>
		<desc>Illingen, Einmündung L112, Einmündung L294 an der Burganlage</desc>
		<src>SaarForst</src>
	</wpt>
	<wpt lat="49.360256612908387" lon="6.9998273865463769">
		<name>6608-783</name>
		<cmt>L299 Uchtelfangen-Mangelhausen, Parkplatz Jakobshütte</cmt>
		<desc>L299 Uchtelfangen-Mangelhausen, Parkplatz Jakobshütte</desc>
		<src>SaarForst</src>
	</wpt>
	<wpt lat="49.393275181334502" lon="7.0592509027951511">
		<name>6608-792</name>
		<cmt>Hüttigweiler, Tennisplätze am Ende des Kiefernweges</cmt>
		<desc>Hüttigweiler, Tennisplätze am Ende des Kiefernweges</desc>
		<src>SaarForst</src>
	</wpt>
	<wpt lat="49.391981828753543" lon="7.0422794422635739">
		<name>6608-786</name>
		<cmt>Wustweiler, Waldparkplatz Stockberg (Wasserhochbehälter, Trimmpfad)</cmt>
		<desc>Wustweiler, Waldparkplatz Stockberg (Wasserhochbehälter, Trimmpfad)</desc>
		<src>SaarForst</src>
	</wpt>
	<wpt lat="49.399404618039881" lon="7.1084579245374915">
		<name>6508-479</name>
		<cmt>L292 Welschbach-Stennweiler am Lager der Strassenmeisterei</cmt>
		<desc>L292 Welschbach-Stennweiler am Lager der Strassenmeisterei</desc>
		<src>SaarForst</src>
	</wpt>
	<wpt lat="49.386084788262409" lon="7.016879993846409">
		<name>6608-785</name>
		<cmt>Uchtelfangen, Freibad, Parkplatz</cmt>
		<desc>Uchtelfangen, Freibad, Parkplatz</desc>
		<src>SaarForst</src>
	</wpt>
	<wpt lat="49.408569446683011" lon="7.0902542753248881">
		<name>6508-480</name>
		<cmt>Hirzweiler, Berghof am Ende der Faulenbergstrasse</cmt>
		<desc>Hirzweiler, Berghof am Ende der Faulenbergstrasse</desc>
		<src>SaarForst</src>
	</wpt>
	<wpt lat="49.398466167747451" lon="7.0648183407572063">
		<name>6608-791</name>
		<cmt>Hüttigweiler, Verlängerung der Tholeyer Strasse, Parkplatz im Wald</cmt>
		<desc>Hüttigweiler, Verlängerung der Tholeyer Strasse, Parkplatz im Wald</desc>
		<src>SaarForst</src>
	</wpt>
	<wpt lat="49.382536147212797" lon="7.0052239499210502">
		<name>6608-784</name>
		<cmt>Mitfahrerparkplatz an der A1, AS Illingen</cmt>
		<desc>Mitfahrerparkplatz an der A1, AS Illingen</desc>
		<src>SaarForst</src>
	</wpt>
	<wpt lat="49.410897060076934" lon="7.0740584926112282">
		<name>6508-460</name>
		<cmt>L130 Hirzweiler-Urexweiler, Parkplatz am Waldrand</cmt>
		<desc>L130 Hirzweiler-Urexweiler, Parkplatz am Waldrand</desc>
		<src>SaarForst</src>
	</wpt>
	<wpt lat="49.404608505884127" lon="7.0340039289497076">
		<name>6508-465</name>
		<cmt>Wustweiler, Waldrand am Ende des Urexweiler Weges</cmt>
		<desc>Wustweiler, Waldrand am Ende des Urexweiler Weges</desc>
		<src>SaarForst</src>
	</wpt>
	<wpt lat="49.362378924112406" lon="7.0715049274548107">
		<name>6608-502</name>
		<cmt>Wemmetsweiler in der Wolfskaul</cmt>
		<desc>Wemmetsweiler in der Wolfskaul</desc>
		<src>SaarForst</src>
	</wpt>
	<wpt lat="49.352620152543146" lon="7.0761745522794319">
		<name>6608-772</name>
		<cmt>L 112 Bildstock-Merchweiler Gaststätte Altsteigershaus</cmt>
		<desc>L 112 Bildstock-Merchweiler Gaststätte Altsteigershaus</desc>
		<src>SaarForst</src>
	</wpt>
	<wpt lat="49.348399741357099" lon="7.0675593958397931">
		<name>6608-503</name>
		<cmt>Merchweiler Schafswald Tennisplaetze</cmt>
		<desc>Merchweiler Schafswald Tennisplaetze</desc>
		<src>SaarForst</src>
	</wpt>
	<wpt lat="49.384500457825688" lon="7.235897967110855">
		<name>6609-706</name>
		<cmt>Frankenholz, Taubenkopfstrasse 1, dem Waldrand folgen, ab Waldeinfahrt ca. 800 m</cmt>
		<desc>Frankenholz, Taubenkopfstrasse 1, dem Waldrand folgen, ab Waldeinfahrt ca. 800 m</desc>
		<src>SaarForst</src>
	</wpt>
	<wpt lat="49.379998171809881" lon="7.1918102609194259">
		<name>6609-169</name>
		<cmt>Wiebelskirchen, Ortsrand am Ende des Steinbacher Weges</cmt>
		<desc>Wiebelskirchen, Ortsrand am Ende des Steinbacher Weges</desc>
		<src>SaarForst</src>
	</wpt>
	<wpt lat="49.371119558656915" lon="7.2230794623620245">
		<name>6609-708</name>
		<cmt>Hangard, Verl. der Jean-Mathieu-Strasse, am Waldrand ca. 500 m nach rechts, Lichtenkopf</cmt>
		<desc>Hangard, Verl. der Jean-Mathieu-Strasse, am Waldrand ca. 500 m nach rechts, Lichtenkopf</desc>
		<src>SaarForst</src>
	</wpt>
	<wpt lat="49.363791703844505" lon="7.1513410813658833">
		<name>6608-760</name>
		<cmt>B41 Neunkirchen-Ottweiler, Einfahrt Gegenortschacht</cmt>
		<desc>B41 Neunkirchen-Ottweiler, Einfahrt Gegenortschacht</desc>
		<src>SaarForst</src>
	</wpt>
	<wpt lat="49.327121328818087" lon="7.240967174463">
		<name>6609-165</name>
		<cmt>Sportplatz Kohlhof</cmt>
		<desc>Sportplatz Kohlhof</desc>
		<src>SaarForst</src>
	</wpt>
	<wpt lat="49.392756386872705" lon="7.2385939239640074">
		<name>6609-705</name>
		<cmt>Münchwies, In der Kohlwies 48, Waldeinfahrt</cmt>
		<desc>Münchwies, In der Kohlwies 48, Waldeinfahrt</desc>
		<src>SaarForst</src>
	</wpt>
	<wpt lat="49.31856685918472" lon="7.2269559141249307">
		<name>6609-163</name>
		<cmt>Parkplatz Kinderklinik Kohlhof</cmt>
		<desc>Parkplatz Kinderklinik Kohlhof</desc>
		<src>SaarForst</src>
	</wpt>
	<wpt lat="49.329621364698788" lon="7.1379013318989344">
		<name>6608-508</name>
		<cmt>Heinitzstollen Moselschachtstrasse</cmt>
		<desc>Heinitzstollen Moselschachtstrasse</desc>
		<src>SaarForst</src>
	</wpt>
	<wpt lat="49.403838915808649" lon="7.2426936273951723">
		<name>6509-800</name>
		<cmt>Bushaltestelle Eichelthaler Mühle Einmündung L116 / L290</cmt>
		<desc>Bushaltestelle Eichelthaler Mühle Einmündung L116 / L290</desc>
		<src>SaarForst</src>
	</wpt>
	<wpt lat="49.325658459658122" lon="7.1376298722157996">
		<name>6608-754</name>
		<cmt>Ortseingang Heinitz aus Richtung Elversberg Kaiserlinde</cmt>
		<desc>Ortseingang Heinitz aus Richtung Elversberg Kaiserlinde</desc>
		<src>SaarForst</src>
	</wpt>
	<wpt lat="49.38838249040073" lon="7.1880032279522581">
		<name>6609-701</name>
		<cmt>Wanderweg an der Hiemsklamm</cmt>
		<desc>Wanderweg an der Hiemsklamm</desc>
		<src>SaarForst</src>
	</wpt>
	<wpt lat="49.365159978419669" lon="7.2101482324184509">
		<name>6609-176</name>
		<cmt>Neunkirchen, Sportplatz Eberstein</cmt>
		<desc>Neunkirchen, Sportplatz Eberstein</desc>
		<src>SaarForst</src>
	</wpt>
	<wpt lat="49.387529002194526" lon="7.2043846430536886">
		<name>6609-704</name>
		<cmt>Hangard, vor Hofplatzweg 1 rechts abbiegen, dann ca. 650 m dem Weg folgen</cmt>
		<desc>Hangard, vor Hofplatzweg 1 rechts abbiegen, dann ca. 650 m dem Weg folgen</desc>
		<src>SaarForst</src>
	</wpt>
	<wpt lat="49.381518151109915" lon="7.2210584779856424">
		<name>6609-189</name>
		<cmt>Sportplatz Hangard, Höcherbergstrasse</cmt>
		<desc>Sportplatz Hangard, Höcherbergstrasse</desc>
		<src>SaarForst</src>
	</wpt>
	<wpt lat="49.307193672117954" lon="7.1942054306332714">
		<name>6609-160</name>
		<cmt>L113 Hofgut Menschenhaus</cmt>
		<desc>L113 Hofgut Menschenhaus</desc>
		<src>SaarForst</src>
	</wpt>
	<wpt lat="49.359478959928786" lon="7.2108347460976079">
		<name>6609-177</name>
		<cmt>Neunkirchen-Wellesweiler, L287 Richtung Industriegebiet Vogelsbach</cmt>
		<desc>Neunkirchen-Wellesweiler, L287 Richtung Industriegebiet Vogelsbach</desc>
		<src>SaarForst</src>
	</wpt>
	<wpt lat="49.327839855045504" lon="7.146182270934812">
		<name>6608-759</name>
		<cmt>Heinitz, Am Ende der Strasse Heiligengarten</cmt>
		<desc>Heinitz, Am Ende der Strasse Heiligengarten</desc>
		<src>SaarForst</src>
	</wpt>
	<wpt lat="49.329854128448858" lon="7.2173719751422851">
		<name>6609-175</name>
		<cmt>Neunkirchen Ludwigsthal, Friedhof am Ende der Hauptstrasse</cmt>
		<desc>Neunkirchen Ludwigsthal, Friedhof am Ende der Hauptstrasse</desc>
		<src>SaarForst</src>
	</wpt>
	<wpt lat="49.340242004159933" lon="7.2248115313217349">
		<name>6609-167</name>
		<cmt>Parkplatz Wasserwerk Wellesweiler</cmt>
		<desc>Parkplatz Wasserwerk Wellesweiler</desc>
		<src>SaarForst</src>
	</wpt>
	<wpt lat="49.344479007205884" lon="7.1475597567630871">
		<name>6608-771</name>
		<cmt>Neunkirchen, Abzweigung L125 / Frankenfeldstrasse</cmt>
		<desc>Neunkirchen, Abzweigung L125 / Frankenfeldstrasse</desc>
		<src>SaarForst</src>
	</wpt>
	<wpt lat="49.298495569133003" lon="7.2100406360221951">
		<name>6709-472</name>
		<cmt>Wasserwerk Eschweilerhof an der L113 NK-Kirkel</cmt>
		<desc>Wasserwerk Eschweilerhof an der L113 NK-Kirkel</desc>
		<src>SaarForst</src>
	</wpt>
	<wpt lat="49.33342554826158" lon="7.1269086303511919">
		<name>6608-507</name>
		<cmt>Heinitz Binseltalweiher Gartenstrasse</cmt>
		<desc>Heinitz Binseltalweiher Gartenstrasse</desc>
		<src>SaarForst</src>
	</wpt>
	<wpt lat="49.316488059702714" lon="7.2339976563368298">
		<name>6609-710</name>
		<cmt>Kohlhof, Ende der Strasse Zu den Grenzsteinen</cmt>
		<desc>Kohlhof, Ende der Strasse Zu den Grenzsteinen</desc>
		<src>SaarForst</src>
	</wpt>
	<wpt lat="49.311394268729309" lon="7.1897135341959029">
		<name>6609-159</name>
		<cmt>L113 Neunkirchen Kirkel</cmt>
		<desc>L113 Neunkirchen Kirkel</desc>
		<src>SaarForst</src>
	</wpt>
	<wpt lat="49.325444315041366" lon="7.1953485414811409">
		<name>6609-166</name>
		<cmt>Neunkirchen, Sportplatz Lakaienschäferei</cmt>
		<desc>Neunkirchen, Sportplatz Lakaienschäferei</desc>
		<src>SaarForst</src>
	</wpt>
	<wpt lat="49.322475292727653" lon="7.2065001576962295">
		<name>6609-711</name>
		<cmt>Furpach, Wendeplatz am Sportplatz an der Kirschenallee</cmt>
		<desc>Furpach, Wendeplatz am Sportplatz an der Kirschenallee</desc>
		<src>SaarForst</src>
	</wpt>
	<wpt lat="49.31520968708557" lon="7.1876873506552643">
		<name>6609-158</name>
		<cmt>L113 Neunkirchen-Kirkel, ca. 1,5 Km nach der Autobahnbrücke, Waldparkplatz Kaisereiche</cmt>
		<desc>L113 Neunkirchen-Kirkel, ca. 1,5 Km nach der Autobahnbrücke, Waldparkplatz Kaisereiche</desc>
		<src>SaarForst</src>
	</wpt>
	<wpt lat="49.320492110352461" lon="7.1872779710976777">
		<name>6609-156</name>
		<cmt>Holzlagerplatz an der L113 ca. 1 Km südlich der Autobahnunterquerung</cmt>
		<desc>Holzlagerplatz an der L113 ca. 1 Km südlich der Autobahnunterquerung</desc>
		<src>SaarForst</src>
	</wpt>
	<wpt lat="49.349382395508073" lon="7.1458842608434061">
		<name>6608-509</name>
		<cmt>Kleingartenanlage Sinnerthal</cmt>
		<desc>Kleingartenanlage Sinnerthal</desc>
		<src>SaarForst</src>
	</wpt>
	<wpt lat="49.393407537416302" lon="7.2059554276971625">
		<name>6609-703</name>
		<cmt>Kerbachtal, Finsternstern</cmt>
		<desc>Kerbachtal, Finsternstern</desc>
		<src>SaarForst</src>
	</wpt>
	<wpt lat="49.336993928627528" lon="7.1226724154993999">
		<name>6608-506</name>
		<cmt>Bildstock Geisheck</cmt>
		<desc>Bildstock Geisheck</desc>
		<src>SaarForst</src>
	</wpt>
	<wpt lat="49.326514761619478" lon="7.1724963643046271">
		<name>6609-155</name>
		<cmt>Neunkirchen Hermannstr. Abzweigung Franzosenweg</cmt>
		<desc>Neunkirchen Hermannstr. Abzweigung Franzosenweg</desc>
		<src>SaarForst</src>
	</wpt>
	<wpt lat="49.400869261681528" lon="7.2504169744832367">
		<name>6509-798</name>
		<cmt>Münchwies, Hütte am Waldrand in Verlängerung der Kirchstrasse</cmt>
		<desc>Münchwies, Hütte am Waldrand in Verlängerung der Kirchstrasse</desc>
		<src>SaarForst</src>
	</wpt>
	<wpt lat="49.35700008137745" lon="7.1683940294734727">
		<name>6608-511</name>
		<cmt>Saarstahl Torhaus2</cmt>
		<desc>Saarstahl Torhaus2</desc>
		<src>SaarForst</src>
	</wpt>
	<wpt lat="49.352692127456748" lon="7.1466597540914494">
		<name>6608-510</name>
		<cmt>Sinnerthal Praktiker</cmt>
		<desc>Sinnerthal Praktiker</desc>
		<src>SaarForst</src>
	</wpt>
	<wpt lat="49.333348355580362" lon="7.1946514958969052">
		<name>6609-713</name>
		<cmt>Neunkirchen an der L113, gegenüber Umspannwerk</cmt>
		<desc>Neunkirchen an der L113, gegenüber Umspannwerk</desc>
		<src>SaarForst</src>
	</wpt>
	<wpt lat="49.398824053127917" lon="7.1422267413649729">
		<name>6608-790</name>
		<cmt>Ottweiler, Waldparkplatz an der L128 in Richtung Stennweiler</cmt>
		<desc>Ottweiler, Waldparkplatz an der L128 in Richtung Stennweiler</desc>
		<src>SaarForst</src>
	</wpt>
	<wpt lat="49.388066929416787" lon="7.1515916932910315">
		<name>6608-788</name>
		<cmt>B41 Neunkirchen-Ottweiler, Zufahrt zum Baltersbacher Hof</cmt>
		<desc>B41 Neunkirchen-Ottweiler, Zufahrt zum Baltersbacher Hof</desc>
		<src>SaarForst</src>
	</wpt>
	<wpt lat="49.400455541326629" lon="7.2009194955328768">
		<name>6509-301</name>
		<cmt>Steinbach, ca. 400 m nach dem Ende der Strasse Zum Sportplatz am Waldrand entlang, Kerbacher Loch</cmt>
		<desc>Steinbach, ca. 400 m nach dem Ende der Strasse Zum Sportplatz am Waldrand entlang, Kerbacher Loch</desc>
		<src>SaarForst</src>
	</wpt>
	<wpt lat="49.402997985934434" lon="7.2858681748777947">
		<name>6509-796</name>
		<cmt>Höchen, Parkplatz der Gaststätte Nordfeld</cmt>
		<desc>Höchen, Parkplatz der Gaststätte Nordfeld</desc>
		<src>SaarForst</src>
	</wpt>
	<wpt lat="49.416989537587838" lon="7.2350524440470148">
		<name>6509-302</name>
		<cmt>Fürth, Werns Mühle</cmt>
		<desc>Fürth, Werns Mühle</desc>
		<src>SaarForst</src>
	</wpt>
	<wpt lat="49.415629092590315" lon="7.2698113542689153">
		<name>6509-797</name>
		<cmt>Lautenbacher Weiher, Waldmohrer Strasse</cmt>
		<desc>Lautenbacher Weiher, Waldmohrer Strasse</desc>
		<src>SaarForst</src>
	</wpt>
	<wpt lat="49.39408311130363" lon="7.1333276918526032">
		<name>6608-789</name>
		<cmt>Gabelung der L128 / L297 zwischen Ottweiler und Stennweiler, Stülze Hof</cmt>
		<desc>Gabelung der L128 / L297 zwischen Ottweiler und Stennweiler, Stülze Hof</desc>
		<src>SaarForst</src>
	</wpt>
	<wpt lat="49.407821143140303" lon="7.1941229821106347">
		<name>6509-304</name>
		<cmt>Steinbach, Scheune ca. 700 m nach dem Ende der Blattstrasse in westl. Richtung</cmt>
		<desc>Steinbach, Scheune ca. 700 m nach dem Ende der Blattstrasse in westl. Richtung</desc>
		<src>SaarForst</src>
	</wpt>
	<wpt lat="49.385842080410164" lon="7.1777287422966936">
		<name>6609-700</name>
		<cmt>L124 Ottweiler-Wiebelskirchen, Randsbachweiher</cmt>
		<desc>L124 Ottweiler-Wiebelskirchen, Randsbachweiher</desc>
		<src>SaarForst</src>
	</wpt>
	<wpt lat="49.396929585110904" lon="7.2159850452776206">
		<name>6609-188</name>
		<cmt>Hanauer Mühle an der L121 zwischen Hangard und Fürth</cmt>
		<desc>Hanauer Mühle an der L121 zwischen Hangard und Fürth</desc>
		<src>SaarForst</src>
	</wpt>
	<wpt lat="49.393152010566226" lon="7.1916674500488904">
		<name>6609-702</name>
		<cmt>Ottweiler, Hangarder Weg, Leimersbrunnen</cmt>
		<desc>Ottweiler, Hangarder Weg, Leimersbrunnen</desc>
		<src>SaarForst</src>
	</wpt>
	<wpt lat="49.400876921978806" lon="7.1929101656689438">
		<name>6509-300</name>
		<cmt>Steinbach, Ende der Ottweiler Strasse, dann ca. 1 Km über Feldweg zum Aussichtsturm Betzenhübel</cmt>
		<desc>Steinbach, Ende der Ottweiler Strasse, dann ca. 1 Km über Feldweg zum Aussichtsturm Betzenhübel</desc>
		<src>SaarForst</src>
	</wpt>
	<wpt lat="49.412039823552789" lon="7.1945032591009213">
		<name>6509-305</name>
		<cmt>Ottweiler, Fussgängerüberweg über die B420 am Pflegeheim</cmt>
		<desc>Ottweiler, Fussgängerüberweg über die B420 am Pflegeheim</desc>
		<src>SaarForst</src>
	</wpt>
	<wpt lat="49.40403771595615" lon="7.1965076857100287">
		<name>6509-306</name>
		<cmt>Ottweiler-Steinbach, am Ende der Ottweilerstrasse ca.500 m geradeaus</cmt>
		<desc>Ottweiler-Steinbach, am Ende der Ottweilerstrasse ca.500 m geradeaus</desc>
		<src>SaarForst</src>
	</wpt>
	<wpt lat="49.400493023334313" lon="7.2157286226475046">
		<name>6509-799</name>
		<cmt>Waldeinfahrt an der L288 zwischen Hanauer Mühle und Steinbach</cmt>
		<desc>Waldeinfahrt an der L288 zwischen Hanauer Mühle und Steinbach</desc>
		<src>SaarForst</src>
	</wpt>
	<wpt lat="49.381767431076369" lon="7.1051687673601966">
		<name>6608-775</name>
		<cmt>Waldeinfahrt an der L128 Schiffweiler - Stennweiler</cmt>
		<desc>Waldeinfahrt an der L128 Schiffweiler - Stennweiler</desc>
		<src>SaarForst</src>
	</wpt>
	<wpt lat="49.356477294362946" lon="7.0848621271797487">
		<name>6608-773</name>
		<cmt>Fünffingerkreuzung an der L129 Merchweiler - Heiligenwald</cmt>
		<desc>Fünffingerkreuzung an der L129 Merchweiler - Heiligenwald</desc>
		<src>SaarForst</src>
	</wpt>
	<wpt lat="49.34858351096895" lon="7.1095594054011224">
		<name>6608-500</name>
		<cmt>Reden, Waldeinfahrt am Haus Schachtstrasse 20</cmt>
		<desc>Reden, Waldeinfahrt am Haus Schachtstrasse 20</desc>
		<src>SaarForst</src>
	</wpt>
	<wpt lat="49.345822339649381" lon="7.1274078687046893">
		<name>6608-505</name>
		<cmt>Gewerbegebiet Nusskopf</cmt>
		<desc>Gewerbegebiet Nusskopf</desc>
		<src>SaarForst</src>
	</wpt>
	<wpt lat="49.350367640668402" lon="7.0957937331718526">
		<name>6608-768</name>
		<cmt>Heiligenwald, Parkplatz Itzenplitzer Weiher</cmt>
		<desc>Heiligenwald, Parkplatz Itzenplitzer Weiher</desc>
		<src>SaarForst</src>
	</wpt>
	<wpt lat="49.366389278105174" lon="7.1384516401609375">
		<name>6608-774</name>
		<cmt>Schiffweiler, Kohlwaldstrasse Ortsende in Richtung B41</cmt>
		<desc>Schiffweiler, Kohlwaldstrasse Ortsende in Richtung B41</desc>
		<src>SaarForst</src>
	</wpt>
	<wpt lat="49.34253813738831" lon="7.1063696044949376">
		<name>6608-504</name>
		<cmt>Broenchesthal Reden</cmt>
		<desc>Broenchesthal Reden</desc>
		<src>SaarForst</src>
	</wpt>
	<wpt lat="49.404286363174023" lon="6.7995820958463238">
		<name>6506-327</name>
		<cmt>Wanderparkplatz Litermontstrasse zwischen Piesbach und Düppenweiler</cmt>
		<desc>Wanderparkplatz Litermontstrasse zwischen Piesbach und Düppenweiler</desc>
		<src>SaarForst</src>
	</wpt>
	<wpt lat="49.398638176786207" lon="6.7856970323756123">
		<name>6606-703</name>
		<cmt>Nalbach Etzelbachstrasse, Parkplatz Maldix</cmt>
		<desc>Nalbach Etzelbachstrasse, Parkplatz Maldix</desc>
		<src>SaarForst</src>
	</wpt>
	<wpt lat="49.400172940486726" lon="6.778590184083761">
		<name>6506-328</name>
		<cmt>Walderlebnispfad, Zufahrt über Düppenweiler, Am Grauen Stein, ca. 600 m Waldweg</cmt>
		<desc>Walderlebnispfad, Zufahrt über Düppenweiler, Am Grauen Stein, ca. 600 m Waldweg</desc>
		<src>SaarForst</src>
	</wpt>
	<wpt lat="49.354266547615971" lon="6.6353697706388051">
		<name>6605-302</name>
		<cmt>Kerprich, Abzweigung L171 / L365</cmt>
		<desc>Kerprich, Abzweigung L171 / L365</desc>
		<src>SaarForst</src>
	</wpt>
	<wpt lat="49.382258834047015" lon="6.6448343672468235">
		<name>6605-306</name>
		<cmt>Verbindungsstrasse Eimersdorf - Gerlfangen, Waldrand</cmt>
		<desc>Verbindungsstrasse Eimersdorf - Gerlfangen, Waldrand</desc>
		<src>SaarForst</src>
	</wpt>
	<wpt lat="49.397622349514698" lon="6.6224280936350608">
		<name>6605-304</name>
		<cmt>Verbindung Gerlfangen / Fremersdorf, Abzweigung zum Sonnenhof</cmt>
		<desc>Verbindung Gerlfangen / Fremersdorf, Abzweigung zum Sonnenhof</desc>
		<src>SaarForst</src>
	</wpt>
	<wpt lat="49.380875375156187" lon="6.6149172805018708">
		<name>6605-303</name>
		<cmt>Gerlfangen, Abzweigung L112 / L365</cmt>
		<desc>Gerlfangen, Abzweigung L112 / L365</desc>
		<src>SaarForst</src>
	</wpt>
	<wpt lat="49.396463258063456" lon="6.5843907831918846">
		<name>6605-305</name>
		<cmt>L172 Gerlfangen - Oberesch, Wegespinne am Waldhof</cmt>
		<desc>L172 Gerlfangen - Oberesch, Wegespinne am Waldhof</desc>
		<src>SaarForst</src>
	</wpt>
	<wpt lat="49.410813620142719" lon="6.5457834255495442">
		<name>6505-9</name>
		<cmt>Biringen, Abzweigung nach Waldwisse (F)</cmt>
		<desc>Biringen, Abzweigung nach Waldwisse (F)</desc>
		<src>SaarForst</src>
	</wpt>
	<wpt lat="49.397269087293147" lon="6.6474006615017416">
		<name>6605-308</name>
		<cmt>Sportlerheim am Ende der Strasse Am Friedhof</cmt>
		<desc>Sportlerheim am Ende der Strasse Am Friedhof</desc>
		<src>SaarForst</src>
	</wpt>
	<wpt lat="49.358043482284884" lon="6.6916510029913105">
		<name>6606-460</name>
		<cmt>L170 Rehlingen - Wallerfangen, Waldeinfahrt Vogelhaid, an den Fischweihern</cmt>
		<desc>L170 Rehlingen - Wallerfangen, Waldeinfahrt Vogelhaid, an den Fischweihern</desc>
		<src>SaarForst</src>
	</wpt>
	<wpt lat="49.356484370650477" lon="6.778227724011348">
		<name>6606-701</name>
		<cmt>Spielgelände Kinderland Saarwellingen, Alfred-Nobel-Allee 43</cmt>
		<desc>Spielgelände Kinderland Saarwellingen, Alfred-Nobel-Allee 43</desc>
		<src>SaarForst</src>
	</wpt>
	<wpt lat="49.3421669214882" lon="6.8404211861058801">
		<name>6607-621</name>
		<cmt>L141 Saarwellingen-Schwarzenholz, Waldeinfahrt Nähe Hausermühle</cmt>
		<desc>L141 Saarwellingen-Schwarzenholz, Waldeinfahrt Nähe Hausermühle</desc>
		<src>SaarForst</src>
	</wpt>
	<wpt lat="49.351022619762048" lon="6.8380946458115348">
		<name>6607-622</name>
		<cmt>L339 Saarwellingen-Reisbach, Waldeinfahrt</cmt>
		<desc>L339 Saarwellingen-Reisbach, Waldeinfahrt</desc>
		<src>SaarForst</src>
	</wpt>
	<wpt lat="49.357800103350762" lon="6.9051384837967822">
		<name>6607-602</name>
		<cmt>Heusweiler, Waldrand nordöstlich der Grube Reisbach</cmt>
		<desc>Heusweiler, Waldrand nordöstlich der Grube Reisbach</desc>
		<src>SaarForst</src>
	</wpt>
	<wpt lat="49.336487533685478" lon="6.8097366761960441">
		<name>6606-454</name>
		<cmt>Waldparkplatz an der L341 Hülzweiler-Saarwellingen, Einfahrt zur Schiessanlage</cmt>
		<desc>Waldparkplatz an der L341 Hülzweiler-Saarwellingen, Einfahrt zur Schiessanlage</desc>
		<src>SaarForst</src>
	</wpt>
	<wpt lat="49.371066225771052" lon="6.8683700950467665">
		<name>6607-611</name>
		<cmt>Reisbach, Zufahrt zum Nordschacht der Grube Ensdorf, ca. 200 m vor dem Werkstor</cmt>
		<desc>Reisbach, Zufahrt zum Nordschacht der Grube Ensdorf, ca. 200 m vor dem Werkstor</desc>
		<src>SaarForst</src>
	</wpt>
	<wpt lat="49.364009723619105" lon="6.8047644167538675">
		<name>6606-459</name>
		<cmt>Saarwellingen, Sportplatz am Ende der Benediktinerstrasse</cmt>
		<desc>Saarwellingen, Sportplatz am Ende der Benediktinerstrasse</desc>
		<src>SaarForst</src>
	</wpt>
	<wpt lat="49.36183874914726" lon="6.8194043194524783">
		<name>6606-455</name>
		<cmt>L142 Saarwellingen-Hoxberg, Einfahrt zum Aussiedlerhof</cmt>
		<desc>L142 Saarwellingen-Hoxberg, Einfahrt zum Aussiedlerhof</desc>
		<src>SaarForst</src>
	</wpt>
	<wpt lat="49.359487592494979" lon="6.7916541065708183">
		<name>6606-458</name>
		<cmt>Saarwellingen, Waldrand am Ende der Dillinger Strasse</cmt>
		<desc>Saarwellingen, Waldrand am Ende der Dillinger Strasse</desc>
		<src>SaarForst</src>
	</wpt>
	<wpt lat="49.362355078616318" lon="6.8621316236192094">
		<name>6607-623</name>
		<cmt>Reisbach, Herrenwaldstrasse, Waldrand</cmt>
		<desc>Reisbach, Herrenwaldstrasse, Waldrand</desc>
		<src>SaarForst</src>
	</wpt>
	<wpt lat="49.44296829344318" lon="6.8132408339754589">
		<name>6506-167</name>
		<cmt>Schmelz-Auîen, Verbindungsweg nach Reimsbach, Wasserbehälter</cmt>
		<desc>Schmelz-Auîen, Verbindungsweg nach Reimsbach, Wasserbehälter</desc>
		<src>SaarForst</src>
	</wpt>
	<wpt lat="49.415580208918918" lon="6.8567794603320289">
		<name>6507-333</name>
		<cmt>Primsweiler, Waldrand am Ende der Strasse Zu den Eichen (Sportplatz)</cmt>
		<desc>Primsweiler, Waldrand am Ende der Strasse Zu den Eichen (Sportplatz)</desc>
		<src>SaarForst</src>
	</wpt>
	<wpt lat="49.468262659358203" lon="6.8923001037466172">
		<name>6507-307</name>
		<cmt>Schmelz-Limbach, L333 nach Gresaubach, Einfahrt zur Ferienhaussiedlung (alter Steinbruch)</cmt>
		<desc>Schmelz-Limbach, L333 nach Gresaubach, Einfahrt zur Ferienhaussiedlung (alter Steinbruch)</desc>
		<src>SaarForst</src>
	</wpt>
	<wpt lat="49.454596296761061" lon="6.863790536644232">
		<name>6507-305</name>
		<cmt>Schmelz, Waldparkplatz Strasse Am Kalkberg (Auf Renges)</cmt>
		<desc>Schmelz, Waldparkplatz Strasse Am Kalkberg (Auf Renges)</desc>
		<src>SaarForst</src>
	</wpt>
	<wpt lat="49.418503437701894" lon="6.8053799208365024">
		<name>6506-166</name>
		<cmt>Verbindungsstrasse Schmelz - Hüttersdorf, Abzw. zur Sodixhütte</cmt>
		<desc>Verbindungsstrasse Schmelz - Hüttersdorf, Abzw. zur Sodixhütte</desc>
		<src>SaarForst</src>
	</wpt>
	<wpt lat="49.462055673182689" lon="6.8521547265118761">
		<name>6507-306</name>
		<cmt>Schmelz, B268, Einfahrt zum Steinbruch</cmt>
		<desc>Schmelz, B268, Einfahrt zum Steinbruch</desc>
		<src>SaarForst</src>
	</wpt>
	<wpt lat="49.319494857761939" lon="6.8677238558062355">
		<name>6607-620</name>
		<cmt>Mitfahrerparkplatz, A8, AS Bous, Elm Schwarzenholz zur L140</cmt>
		<desc>Mitfahrerparkplatz, A8, AS Bous, Elm Schwarzenholz zur L140</desc>
		<src>SaarForst</src>
	</wpt>
	<wpt lat="49.318528661809076" lon="6.8300004011362763">
		<name>6606-705</name>
		<cmt>Freilichtbühne Hülzweiler</cmt>
		<desc>Freilichtbühne Hülzweiler</desc>
		<src>SaarForst</src>
	</wpt>
	<wpt lat="49.304478488437184" lon="6.8701414428447158">
		<name>6607-619</name>
		<cmt>L139 Elm-Sprengen nach Köllerbach, Waldparkplatz am Holzhauerhaus</cmt>
		<desc>L139 Elm-Sprengen nach Köllerbach, Waldparkplatz am Holzhauerhaus</desc>
		<src>SaarForst</src>
	</wpt>
	<wpt lat="49.327609332027727" lon="6.8134405993837905">
		<name>6606-704</name>
		<cmt>L341 zwischen Abfahrt A8 und Hülzweiler, Mitfahrerparkplatz</cmt>
		<desc>L341 zwischen Abfahrt A8 und Hülzweiler, Mitfahrerparkplatz</desc>
		<src>SaarForst</src>
	</wpt>
	<wpt lat="49.317454612961512" lon="6.8420910761098162">
		<name>6607-627</name>
		<cmt>L342 Schwalbach-Schwarzenholz, S-Kurve</cmt>
		<desc>L342 Schwalbach-Schwarzenholz, S-Kurve</desc>
		<src>SaarForst</src>
	</wpt>
	<wpt lat="49.292200359430851" lon="6.8165579854875959">
		<name>6706-769</name>
		<cmt>Schwalbach, Verlängerung der Schillerstrasse, Jahnhütte</cmt>
		<desc>Schwalbach, Verlängerung der Schillerstrasse, Jahnhütte</desc>
		<src>SaarForst</src>
	</wpt>
	<wpt lat="49.225165302891348" lon="6.7063090477001071">
		<name>6706-762</name>
		<cmt>Überherrn, L167 nach Creutzwald, Waldfriedhof</cmt>
		<desc>Überherrn, L167 nach Creutzwald, Waldfriedhof</desc>
		<src>SaarForst</src>
	</wpt>
	<wpt lat="49.26299708030249" lon="6.708690159076375">
		<name>6706-763</name>
		<cmt>L167 Altforweiler-Bisten, Einmündung Gärtnerei</cmt>
		<desc>L167 Altforweiler-Bisten, Einmündung Gärtnerei</desc>
		<src>SaarForst</src>
	</wpt>
	<wpt lat="49.273617779664875" lon="6.6815642332205298">
		<name>6706-767</name>
		<cmt>Berus, Wegespinne am Birkenhof (Nähe St. Oranna)</cmt>
		<desc>Berus, Wegespinne am Birkenhof (Nähe St. Oranna)</desc>
		<src>SaarForst</src>
	</wpt>
	<wpt lat="49.267070065987468" lon="6.7392974787689104">
		<name>6706-502</name>
		<cmt>B269 neu, Mitfahrerparkplatz ca. 3 Km nach der Abzweigung von der A620</cmt>
		<desc>B269 neu, Mitfahrerparkplatz ca. 3 Km nach der Abzweigung von der A620</desc>
		<src>SaarForst</src>
	</wpt>
	<wpt lat="49.264475846161361" lon="6.6931993295798984">
		<name>6706-764</name>
		<cmt>Berus, L351 Einmündung der Orannastrasse (Friedhof)</cmt>
		<desc>Berus, L351 Einmündung der Orannastrasse (Friedhof)</desc>
		<src>SaarForst</src>
	</wpt>
	<wpt lat="49.256515945530531" lon="6.69242348276053">
		<name>6706-503</name>
		<cmt>Verbindungsstrasse Bisten-Berus, Parkplatz an der  Kurve</cmt>
		<desc>Verbindungsstrasse Bisten-Berus, Parkplatz an der  Kurve</desc>
		<src>SaarForst</src>
	</wpt>
	<wpt lat="49.295453670271719" lon="6.6869660439342136">
		<name>6706-768</name>
		<cmt>Oberfelsberg, Gabelung B269 / B405</cmt>
		<desc>Oberfelsberg, Gabelung B269 / B405</desc>
		<src>SaarForst</src>
	</wpt>
	<wpt lat="49.572469187349355" lon="7.0432571683898741">
		<name>6408-163</name>
		<cmt>Bosen, Bostalstrasse, Ortsende in Richtung Schwarzenbach</cmt>
		<desc>Bosen, Bostalstrasse, Ortsende in Richtung Schwarzenbach</desc>
		<src>SaarForst</src>
	</wpt>
	<wpt lat="49.530864921787916" lon="7.019149240108348">
		<name>6408-174</name>
		<cmt>L134 Primstal-Selbach</cmt>
		<desc>L134 Primstal-Selbach</desc>
		<src>SaarForst</src>
	</wpt>
	<wpt lat="49.553734633809945" lon="7.0176212291120343">
		<name>6408-162</name>
		<cmt>Nohfelden-Eiweiler, L326 Ortsmitte vor der Gaststätte</cmt>
		<desc>Nohfelden-Eiweiler, L326 Ortsmitte vor der Gaststätte</desc>
		<src>SaarForst</src>
	</wpt>
	<wpt lat="49.615841818228397" lon="7.0553506458005568">
		<name>6308-801</name>
		<cmt>Eisen, Strasse zur Heide, Sportplatz</cmt>
		<desc>Eisen, Strasse zur Heide, Sportplatz</desc>
		<src>SaarForst</src>
	</wpt>
	<wpt lat="49.57432659044705" lon="7.1731840529692406">
		<name>6409-351</name>
		<cmt>Wolfersweiler, Heider Weg, Aussiedlerhof Gisch</cmt>
		<desc>Wolfersweiler, Heider Weg, Aussiedlerhof Gisch</desc>
		<src>SaarForst</src>
	</wpt>
	<wpt lat="49.627581905002955" lon="7.0437420790750283">
		<name>6308-803</name>
		<cmt>Eisen, Strasse zur Heide, aufgelassene Schwerspatgrube</cmt>
		<desc>Eisen, Strasse zur Heide, aufgelassene Schwerspatgrube</desc>
		<src>SaarForst</src>
	</wpt>
	<wpt lat="49.526793916737837" lon="7.0279843446428263">
		<name>6408-500</name>
		<cmt>Selbach, ca. 620 m nach dem Ende der Imsbacher Strasse, Parkplatz Bruderborn</cmt>
		<desc>Selbach, ca. 620 m nach dem Ende der Imsbacher Strasse, Parkplatz Bruderborn</desc>
		<src>SaarForst</src>
	</wpt>
	<wpt lat="49.56131346880526" lon="7.1725403684430908">
		<name>6409-352</name>
		<cmt>Wolfersweiler, B41, Abzweigung L322</cmt>
		<desc>Wolfersweiler, B41, Abzweigung L322</desc>
		<src>SaarForst</src>
	</wpt>
	<wpt lat="49.535036049988726" lon="7.0283956645824972">
		<name>6408-165</name>
		<cmt>Nohfelden-Selbach, Ortsende in Richtung A62</cmt>
		<desc>Nohfelden-Selbach, Ortsende in Richtung A62</desc>
		<src>SaarForst</src>
	</wpt>
	<wpt lat="49.578845158653955" lon="7.1135558058867714">
		<name>6408-151</name>
		<cmt>Türkismühle, Bahnhof, am östlichen Ende der Eisenbahnbrücke</cmt>
		<desc>Türkismühle, Bahnhof, am östlichen Ende der Eisenbahnbrücke</desc>
		<src>SaarForst</src>
	</wpt>
	<wpt lat="49.580662853332392" lon="7.0926609467939095">
		<name>6408-155</name>
		<cmt>Türkismühle, Trierer Strasse, Holzhauserhof</cmt>
		<desc>Türkismühle, Trierer Strasse, Holzhauserhof</desc>
		<src>SaarForst</src>
	</wpt>
	<wpt lat="49.588179982201503" lon="7.1189686425744902">
		<name>6408-157</name>
		<cmt>Türkismühle, Von-Boch-Strasse, vor der Feldspatgrube</cmt>
		<desc>Türkismühle, Von-Boch-Strasse, vor der Feldspatgrube</desc>
		<src>SaarForst</src>
	</wpt>
	<wpt lat="49.584556126685541" lon="7.1152762242413248">
		<name>6408-156</name>
		<cmt>Türkismühle, Von-Boch-Strasse, THW-Parkplatz</cmt>
		<desc>Türkismühle, Von-Boch-Strasse, THW-Parkplatz</desc>
		<src>SaarForst</src>
	</wpt>
	<wpt lat="49.56553481594311" lon="7.1369751229264935">
		<name>6408-154</name>
		<cmt>Walhausen, Waldeinfahrt am Ende der Strasse Zum Heidkopf</cmt>
		<desc>Walhausen, Waldeinfahrt am Ende der Strasse Zum Heidkopf</desc>
		<src>SaarForst</src>
	</wpt>
	<wpt lat="49.568553641074786" lon="7.0585746700644156">
		<name>6408-164</name>
		<cmt>Bosen, L325, Hotel Weingärtner</cmt>
		<desc>Bosen, L325, Hotel Weingärtner</desc>
		<src>SaarForst</src>
	</wpt>
	<wpt lat="49.575897211453345" lon="7.1087460030510616">
		<name>6408-160</name>
		<cmt>Türkismühle, Auf dem Ebert</cmt>
		<desc>Türkismühle, Auf dem Ebert</desc>
		<src>SaarForst</src>
	</wpt>
	<wpt lat="49.594463047793596" lon="7.0677945664670405">
		<name>6408-158</name>
		<cmt>Sötern, Lindenstrasse, Eisenbahnüberquerung</cmt>
		<desc>Sötern, Lindenstrasse, Eisenbahnüberquerung</desc>
		<src>SaarForst</src>
	</wpt>
	<wpt lat="49.574294590493004" lon="7.1513095197614343">
		<name>6408-153</name>
		<cmt>Nohfelden, Neubaugebiet in Richtung Buchwald</cmt>
		<desc>Nohfelden, Neubaugebiet in Richtung Buchwald</desc>
		<src>SaarForst</src>
	</wpt>
	<wpt lat="49.542612876569805" lon="7.0867407606262551">
		<name>6408-179</name>
		<cmt>Feldweg-Kreuzung zwischen Neunkirchen-Nahe und Güdesweiler (Bezeichnung?)</cmt>
		<desc>Feldweg-Kreuzung zwischen Neunkirchen-Nahe und Güdesweiler (Bezeichnung?)</desc>
		<src>SaarForst</src>
	</wpt>
	<wpt lat="49.573689025124871" lon="7.1425569390464041">
		<name>6408-152</name>
		<cmt>Nohfelden, Waldeinfahrt am Ende der Buchwaldstrasse</cmt>
		<desc>Nohfelden, Waldeinfahrt am Ende der Buchwaldstrasse</desc>
		<src>SaarForst</src>
	</wpt>
	<wpt lat="49.562559861370389" lon="7.1211888996758645">
		<name>6408-161</name>
		<cmt>Walhausen, Friedhof, Schoosbergstrasse</cmt>
		<desc>Walhausen, Friedhof, Schoosbergstrasse</desc>
		<src>SaarForst</src>
	</wpt>
	<wpt lat="49.58937746825363" lon="7.1445417073331745">
		<name>6408-159</name>
		<cmt>Nohfelden, Waldeinfahrt am Ende der Rosenwaldstrasse</cmt>
		<desc>Nohfelden, Waldeinfahrt am Ende der Rosenwaldstrasse</desc>
		<src>SaarForst</src>
	</wpt>
	<wpt lat="49.600062211001529" lon="7.1685309213987507">
		<name>6309-200</name>
		<cmt>A62, Ausfahrt Nohfelden/Birkenfeld</cmt>
		<desc>A62, Ausfahrt Nohfelden/Birkenfeld</desc>
		<src>SaarForst</src>
	</wpt>
	<wpt lat="49.611102976554243" lon="7.0642284869818841">
		<name>6308-800</name>
		<cmt>Eisen, Strasse zum Rothenberg, Friedhof</cmt>
		<desc>Eisen, Strasse zum Rothenberg, Friedhof</desc>
		<src>SaarForst</src>
	</wpt>
	<wpt lat="49.580770391838108" lon="7.0075080955556777">
		<name>6408-168</name>
		<cmt>Nonnweiler-Braunshausen, Turnerheim am Ende der Peterbergstrasse</cmt>
		<desc>Nonnweiler-Braunshausen, Turnerheim am Ende der Peterbergstrasse</desc>
		<src>SaarForst</src>
	</wpt>
	<wpt lat="49.608701744473073" lon="6.9195458018150333">
		<name>6307-695</name>
		<cmt>Sitzerath, Waldrand am Ende des Buchenweges</cmt>
		<desc>Sitzerath, Waldrand am Ende des Buchenweges</desc>
		<src>SaarForst</src>
	</wpt>
	<wpt lat="49.613740289624893" lon="6.9804571173964156">
		<name>6307-698</name>
		<cmt>Stausee Nonnweiler, Parkplatz Verwaltungsgebäude</cmt>
		<desc>Stausee Nonnweiler, Parkplatz Verwaltungsgebäude</desc>
		<src>SaarForst</src>
	</wpt>
	<wpt lat="49.568831872101192" lon="6.9553356516987366">
		<name>6407-9</name>
		<cmt>Nonnweiler-Kastel, Feldwegekreuzung am Ende der Buweiler Strasse</cmt>
		<desc>Nonnweiler-Kastel, Feldwegekreuzung am Ende der Buweiler Strasse</desc>
		<src>SaarForst</src>
	</wpt>
	<wpt lat="49.578207895022757" lon="6.9792079689131707">
		<name>6407-11</name>
		<cmt>Nonnweiler- Kastel, P+R Parkplatz am Kreisel L326 / L147</cmt>
		<desc>Nonnweiler- Kastel, P+R Parkplatz am Kreisel L326 / L147</desc>
		<src>SaarForst</src>
	</wpt>
	<wpt lat="49.598054586126082" lon="7.0143935696119186">
		<name>6408-167</name>
		<cmt>Nonnweiler-Schwarzenbach, Sportplatz am Ende der Strasse Zur Schellkaul</cmt>
		<desc>Nonnweiler-Schwarzenbach, Sportplatz am Ende der Strasse Zur Schellkaul</desc>
		<src>SaarForst</src>
	</wpt>
	<wpt lat="49.564374369232809" lon="6.9701920667616726">
		<name>6407-10</name>
		<cmt>L147 Primstal-Nonnweiler, Abzweigung zur Kläranlage Kastel</cmt>
		<desc>L147 Primstal-Nonnweiler, Abzweigung zur Kläranlage Kastel</desc>
		<src>SaarForst</src>
	</wpt>
	<wpt lat="49.572247919907241" lon="7.0032124595044483">
		<name>6408-169</name>
		<cmt>Nonnweiler-Braunshausen, Bergstation Sessellift</cmt>
		<desc>Nonnweiler-Braunshausen, Bergstation Sessellift</desc>
		<src>SaarForst</src>
	</wpt>
	<wpt lat="49.607471917445658" lon="6.9880241058013688">
		<name>6307-699</name>
		<cmt>Nonnweiler-Otzenhausen, Parkplatz Europäum</cmt>
		<desc>Nonnweiler-Otzenhausen, Parkplatz Europäum</desc>
		<src>SaarForst</src>
	</wpt>
	<wpt lat="49.561436177945616" lon="6.9699541293215139">
		<name>6407-8</name>
		<cmt>L147 Primstal-Nonnweiler, Abzweigung des geteerten Feldweges</cmt>
		<desc>L147 Primstal-Nonnweiler, Abzweigung des geteerten Feldweges</desc>
		<src>SaarForst</src>
	</wpt>
	<wpt lat="49.603657697072805" lon="6.937463789759132">
		<name>6307-696</name>
		<cmt>L365 Bierfeld-Sitzerath, Abzweigung Werk Diehl / Maasberg</cmt>
		<desc>L365 Bierfeld-Sitzerath, Abzweigung Werk Diehl / Maasberg</desc>
		<src>SaarForst</src>
	</wpt>
	<wpt lat="49.619238979973012" lon="6.9627287120724439">
		<name>6307-692</name>
		<cmt>Nonnweiler, L149 in Richtung Hermeskeil, Einmündung des Eichenschlagweges</cmt>
		<desc>Nonnweiler, L149 in Richtung Hermeskeil, Einmündung des Eichenschlagweges</desc>
		<src>SaarForst</src>
	</wpt>
	<wpt lat="49.600756463056129" lon="6.9248053936770653">
		<name>6307-693</name>
		<cmt>Sitzerath, Parkplatz am Sportplatz</cmt>
		<desc>Sitzerath, Parkplatz am Sportplatz</desc>
		<src>SaarForst</src>
	</wpt>
	<wpt lat="49.616013047453002" lon="6.9968086049671143">
		<name>6307-751</name>
		<cmt>Verbindungsstrasse Otzenhausen - Züsch, Parkplatz Hunnenring</cmt>
		<desc>Verbindungsstrasse Otzenhausen - Züsch, Parkplatz Hunnenring</desc>
		<src>SaarForst</src>
	</wpt>
	<wpt lat="49.609812330696101" lon="6.9728511937794257">
		<name>6307-697</name>
		<cmt>Nonnweiler, Waldrand am Ende des Mühlenweges</cmt>
		<desc>Nonnweiler, Waldrand am Ende des Mühlenweges</desc>
		<src>SaarForst</src>
	</wpt>
	<wpt lat="49.624718838887638" lon="6.961148185494233">
		<name>6307-700</name>
		<cmt>L149 Nonnweiler-Hermeskeil, Parkplatz ca. 600 m vor der Landesgrenze</cmt>
		<desc>L149 Nonnweiler-Hermeskeil, Parkplatz ca. 600 m vor der Landesgrenze</desc>
		<src>SaarForst</src>
	</wpt>
	<wpt lat="49.598788904541507" lon="6.9121520992095205">
		<name>6407-5</name>
		<cmt>L365 Sitzerath-Wadrill, Abzweigung des Geteerten Feldweges</cmt>
		<desc>L365 Sitzerath-Wadrill, Abzweigung des Geteerten Feldweges</desc>
		<src>SaarForst</src>
	</wpt>
	<wpt lat="49.611372208102082" lon="6.9550602197978941">
		<name>6307-690</name>
		<cmt>Bierfeld, Bahnübergang beim alten Bahnhof</cmt>
		<desc>Bierfeld, Bahnübergang beim alten Bahnhof</desc>
		<src>SaarForst</src>
	</wpt>
	<wpt lat="49.603101380882471" lon="7.0232833356915192">
		<name>6308-802</name>
		<cmt>Nonnweiler-Schwarzenbach, an der Eisenbahnbrücke, Steinkaul</cmt>
		<desc>Nonnweiler-Schwarzenbach, an der Eisenbahnbrücke, Steinkaul</desc>
		<src>SaarForst</src>
	</wpt>
	<wpt lat="49.609876631803502" lon="6.9004873064478556">
		<name>6307-694</name>
		<cmt>Sitzerath, Wegekreuzung nördlich des Ortes zwischen den Windkraftanlagen (Nagelstrasse)</cmt>
		<desc>Sitzerath, Wegekreuzung nördlich des Ortes zwischen den Windkraftanlagen (Nagelstrasse)</desc>
		<src>SaarForst</src>
	</wpt>
	<wpt lat="49.233505418238707" lon="6.7716090890451026">
		<name>6706-757</name>
		<cmt>Forsthaus Differten (Am Ende der Friedhofstrasse)</cmt>
		<desc>Forsthaus Differten (Am Ende der Friedhofstrasse)</desc>
		<src>SaarForst</src>
	</wpt>
	<wpt lat="49.244075214633611" lon="6.7789841801231905">
		<name>6706-760</name>
		<cmt>Differten, Bahnübergang Altforweilerstrasse</cmt>
		<desc>Differten, Bahnübergang Altforweilerstrasse</desc>
		<src>SaarForst</src>
	</wpt>
	<wpt lat="49.243450144081876" lon="6.7329936896137923">
		<name>6706-761</name>
		<cmt>Friedrichweiler, Einmündung der Forsthausstrasse in die L279 (Waldrand)</cmt>
		<desc>Friedrichweiler, Einmündung der Forsthausstrasse in die L279 (Waldrand)</desc>
		<src>SaarForst</src>
	</wpt>
	<wpt lat="49.234961173405814" lon="6.7968976030523933">
		<name>6706-755</name>
		<cmt>L280 Ludweiler-Werbeln, Waldeinfahrt unterhalb Wildpark</cmt>
		<desc>L280 Ludweiler-Werbeln, Waldeinfahrt unterhalb Wildpark</desc>
		<src>SaarForst</src>
	</wpt>
	<wpt lat="49.228388246167079" lon="6.7391436107106539">
		<name>6706-501</name>
		<cmt>L279 Überherrn - Warndtweiher, Grosser Stern</cmt>
		<desc>L279 Überherrn - Warndtweiher, Grosser Stern</desc>
		<src>SaarForst</src>
	</wpt>
	<wpt lat="49.292672786477382" lon="6.9801061765829262">
		<name>6707-6</name>
		<cmt>L259 Riegelsberg - Fischbach, nördliche Einfahrt zur Scheune Neuhaus</cmt>
		<desc>L259 Riegelsberg - Fischbach, nördliche Einfahrt zur Scheune Neuhaus</desc>
		<src>SaarForst</src>
	</wpt>
	<wpt lat="49.249532976150498" lon="7.0323807870007826">
		<name>6708-192</name>
		<cmt>Saarbrücken, Landessportschule Sportplatz / Tennishalle, Einfahrt vom Meerwieser Talweg</cmt>
		<desc>Saarbrücken, Landessportschule Sportplatz / Tennishalle, Einfahrt vom Meerwieser Talweg</desc>
		<src>SaarForst</src>
	</wpt>
	<wpt lat="49.305474293988389" lon="6.9936479117127428">
		<name>6607-303</name>
		<cmt>Netzbachtal, Zufahrt von der L260 über den geteerten Waldweg ca. 2,2 Km geradeaus, Waldwegekreuzung</cmt>
		<desc>Netzbachtal, Zufahrt von der L260 über den geteerten Waldweg ca. 2,2 Km geradeaus, Waldwegekreuzung</desc>
		<src>SaarForst</src>
	</wpt>
	<wpt lat="49.24832686885722" lon="7.0142525715174502">
		<name>6708-196</name>
		<cmt>Saarbrücken, Ende der Strasse Am Homburg, Waldeinfahrt</cmt>
		<desc>Saarbrücken, Ende der Strasse Am Homburg, Waldeinfahrt</desc>
		<src>SaarForst</src>
	</wpt>
	<wpt lat="49.296585260641564" lon="6.9639603429386536">
		<name>6707-21</name>
		<cmt>L259 Riegelsberg nach Fischbach, Waldparkplatz ca. 200m östlich der Autobahn A1</cmt>
		<desc>L259 Riegelsberg nach Fischbach, Waldparkplatz ca. 200m östlich der Autobahn A1</desc>
		<src>SaarForst</src>
	</wpt>
	<wpt lat="49.275016972153949" lon="7.0531832932767884">
		<name>6708-186</name>
		<cmt>L250 Dudweiler-St. Ingbert, Einfahrt zum Parkplatz am Freibad</cmt>
		<desc>L250 Dudweiler-St. Ingbert, Einfahrt zum Parkplatz am Freibad</desc>
		<src>SaarForst</src>
	</wpt>
	<wpt lat="49.252912668806701" lon="6.954125653010256">
		<name>6707-9</name>
		<cmt>Saarbrücken-Rastpfuhl, Kreuzung Hubert-Müller-Str. /  Moselstrasse</cmt>
		<desc>Saarbrücken-Rastpfuhl, Kreuzung Hubert-Müller-Str. /  Moselstrasse</desc>
		<src>SaarForst</src>
	</wpt>
	<wpt lat="49.255819971078459" lon="6.9428209540313759">
		<name>6707-5</name>
		<cmt>Saarbrücken Burbach, Weiherbachtal, Parkplatz am Burbacher Waldweiher</cmt>
		<desc>Saarbrücken Burbach, Weiherbachtal, Parkplatz am Burbacher Waldweiher</desc>
		<src>SaarForst</src>
	</wpt>
	<wpt lat="49.267579387329938" lon="6.9840058015300173">
		<name>6707-7</name>
		<cmt>L127 Russhütte-Fischbach, Waldparkplatz Steinbachtal</cmt>
		<desc>L127 Russhütte-Fischbach, Waldparkplatz Steinbachtal</desc>
		<src>SaarForst</src>
	</wpt>
	<wpt lat="49.201965293789385" lon="7.010065190642762">
		<name>6708-200</name>
		<cmt>Saarbrücken, Sonnenberg-Klinik</cmt>
		<desc>Saarbrücken, Sonnenberg-Klinik</desc>
		<src>SaarForst</src>
	</wpt>
	<wpt lat="49.300687885913575" lon="6.9647553769803805">
		<name>6607-605</name>
		<cmt>L128 Riegelsberg nach Holz, Parkplatz Jägerskreuz, Kasberg</cmt>
		<desc>L128 Riegelsberg nach Holz, Parkplatz Jägerskreuz, Kasberg</desc>
		<src>SaarForst</src>
	</wpt>
	<wpt lat="49.222806664406015" lon="6.9187997106536967">
		<name>6707-23</name>
		<cmt>Saarbrücken L274 , Grenzübergang nach Schoeneck</cmt>
		<desc>Saarbrücken L274 , Grenzübergang nach Schoeneck</desc>
		<src>SaarForst</src>
	</wpt>
	<wpt lat="49.275431361338981" lon="6.9306065493532785">
		<name>6707-12</name>
		<cmt>Saarbrücken, Forsthaus Pfaffenkopf, Einmündung L272 / L270</cmt>
		<desc>Saarbrücken, Forsthaus Pfaffenkopf, Einmündung L272 / L270</desc>
		<src>SaarForst</src>
	</wpt>
	<wpt lat="49.253100236786317" lon="7.0624010585822941">
		<name>6708-173</name>
		<cmt>Scheidt, Parkplatz am Friedhof, Eichendorffstrasse</cmt>
		<desc>Scheidt, Parkplatz am Friedhof, Eichendorffstrasse</desc>
		<src>SaarForst</src>
	</wpt>
	<wpt lat="49.278220699895627" lon="6.9707901319242991">
		<name>6707-1</name>
		<cmt>Naturfreundehaus Kirschheck</cmt>
		<desc>Naturfreundehaus Kirschheck</desc>
		<src>SaarForst</src>
	</wpt>
	<wpt lat="49.220437967437398" lon="6.8906007636697097">
		<name>6707-27</name>
		<cmt>Saarbrücken-Krughütte, Waldeinfahrt in Verlängerung der Kreisstrasse</cmt>
		<desc>Saarbrücken-Krughütte, Waldeinfahrt in Verlängerung der Kreisstrasse</desc>
		<src>SaarForst</src>
	</wpt>
	<wpt lat="49.264299062238116" lon="7.0392428166089376">
		<name>6708-195</name>
		<cmt>Dudweiler, Waldeinfahrt am Ende des Hofweges</cmt>
		<desc>Dudweiler, Waldeinfahrt am Ende des Hofweges</desc>
		<src>SaarForst</src>
	</wpt>
	<wpt lat="49.245892954440812" lon="7.1218546992594582">
		<name>6708-161</name>
		<cmt>L108 St. Ingbert - Flughafen, Wanderparkplatz Staffel</cmt>
		<desc>L108 St. Ingbert - Flughafen, Wanderparkplatz Staffel</desc>
		<src>SaarForst</src>
	</wpt>
	<wpt lat="49.254664770160019" lon="7.0535742427061061">
		<name>6708-172</name>
		<cmt>Regenrückhaltebecken an der L251 Dudweiler-Scheidt</cmt>
		<desc>Regenrückhaltebecken an der L251 Dudweiler-Scheidt</desc>
		<src>SaarForst</src>
	</wpt>
	<wpt lat="49.210153444465277" lon="7.0176296548177239">
		<name>6708-202</name>
		<cmt>Saarbrücken-St. Arnual, Autobahnunterführung am Ende der Strasse Zum Stiftswald</cmt>
		<desc>Saarbrücken-St. Arnual, Autobahnunterführung am Ende der Strasse Zum Stiftswald</desc>
		<src>SaarForst</src>
	</wpt>
	<wpt lat="49.25221684788994" lon="7.0319010730750575">
		<name>6708-198</name>
		<cmt>Wildpark Meerwiesertalweg</cmt>
		<desc>Wildpark Meerwiesertalweg</desc>
		<src>SaarForst</src>
	</wpt>
	<wpt lat="49.24014433424577" lon="7.071008266177687">
		<name>6708-176</name>
		<cmt>Scheidterberg, Strasse Zum Grumbach, Spielplatz</cmt>
		<desc>Scheidterberg, Strasse Zum Grumbach, Spielplatz</desc>
		<src>SaarForst</src>
	</wpt>
	<wpt lat="49.274281460973349" lon="7.0065943558245207">
		<name>6708-181</name>
		<cmt>Dudweiler-Herrensohr, Schützenhaus am Ende der Karlstrasse</cmt>
		<desc>Dudweiler-Herrensohr, Schützenhaus am Ende der Karlstrasse</desc>
		<src>SaarForst</src>
	</wpt>
	<wpt lat="49.266371051739888" lon="7.0297780785057764">
		<name>6708-199</name>
		<cmt>Dudweiler, Ende der Strasse Alter Stadtweg, Waldrand</cmt>
		<desc>Dudweiler, Ende der Strasse Alter Stadtweg, Waldrand</desc>
		<src>SaarForst</src>
	</wpt>
	<wpt lat="49.238435828001641" lon="7.0445086608463461">
		<name>6708-170</name>
		<cmt>Saarbrücken, Mecklenburgring Abenteuerspielplatz Eschberg (Nähe Telekom)</cmt>
		<desc>Saarbrücken, Mecklenburgring Abenteuerspielplatz Eschberg (Nähe Telekom)</desc>
		<src>SaarForst</src>
	</wpt>
	<wpt lat="49.218057021205247" lon="6.9534130484683283">
		<name>6707-26</name>
		<cmt>Saarbrücken, Deutschmühlental, Abzweigung Drahtzugweiher</cmt>
		<desc>Saarbrücken, Deutschmühlental, Abzweigung Drahtzugweiher</desc>
		<src>SaarForst</src>
	</wpt>
	<wpt lat="49.229363087176672" lon="6.9276261052486685">
		<name>6707-24</name>
		<cmt>Saarbrücken-Gersweiler, Ende der Strasse Am Hasenbühl, Waldrand</cmt>
		<desc>Saarbrücken-Gersweiler, Ende der Strasse Am Hasenbühl, Waldrand</desc>
		<src>SaarForst</src>
	</wpt>
	<wpt lat="49.210703286570144" lon="7.0030926179791306">
		<name>6708-201</name>
		<cmt>Saarbrücken-St. Arnual, Oberst-Petersen-Weg, Abzweigung zum Campingplatz</cmt>
		<desc>Saarbrücken-St. Arnual, Oberst-Petersen-Weg, Abzweigung zum Campingplatz</desc>
		<src>SaarForst</src>
	</wpt>
	<wpt lat="49.280139794111129" lon="6.9873069786986894">
		<name>6707-20</name>
		<cmt>L259 von SB-Russhütte nach Riegelsberg, Ortsdurchfahrt Neuhaus</cmt>
		<desc>L259 von SB-Russhütte nach Riegelsberg, Ortsdurchfahrt Neuhaus</desc>
		<src>SaarForst</src>
	</wpt>
	<wpt lat="49.277955691831814" lon="6.9485755045630242">
		<name>6707-2</name>
		<cmt>Wendeplatte in der Talsohle  Von der Heydt</cmt>
		<desc>Wendeplatte in der Talsohle  Von der Heydt</desc>
		<src>SaarForst</src>
	</wpt>
	<wpt lat="49.258463097473346" lon="6.9362496073553368">
		<name>6707-11</name>
		<cmt>L272 Burbach-Riegelsberg, (Kreisel) Jakobshütte</cmt>
		<desc>L272 Burbach-Riegelsberg, (Kreisel) Jakobshütte</desc>
		<src>SaarForst</src>
	</wpt>
	<wpt lat="49.228405579068308" lon="7.1104884098731747">
		<name>6708-167</name>
		<cmt>Parkplatz unten im Ensheimer Gelösch</cmt>
		<desc>Parkplatz unten im Ensheimer Gelösch</desc>
		<src>SaarForst</src>
	</wpt>
	<wpt lat="49.190833256378653" lon="7.0151889923670039">
		<name>6808-457</name>
		<cmt>Saarbrücken-Unner, Grenzübergang in Richtung Simbach / rue de Simbach, Waldrand</cmt>
		<desc>Saarbrücken-Unner, Grenzübergang in Richtung Simbach / rue de Simbach, Waldrand</desc>
		<src>SaarForst</src>
	</wpt>
	<wpt lat="49.262247354695241" lon="7.0151562296210637">
		<name>6708-194</name>
		<cmt>Dudweiler, Waldeinfahrt am Ende der Strasse Am Engelwirtsberg</cmt>
		<desc>Dudweiler, Waldeinfahrt am Ende der Strasse Am Engelwirtsberg</desc>
		<src>SaarForst</src>
	</wpt>
	<wpt lat="49.26052124823088" lon="6.973341609481067">
		<name>6707-4</name>
		<cmt>Saarbrücken-Russhütte am Ende der Strasse Hellenschlag</cmt>
		<desc>Saarbrücken-Russhütte am Ende der Strasse Hellenschlag</desc>
		<src>SaarForst</src>
	</wpt>
	<wpt lat="49.204185096093603" lon="7.0642478465395531">
		<name>6708-169</name>
		<cmt>Brebach-Fechingen, in Richtung Flughafen Abzweigung Langweilerweg von der L108</cmt>
		<desc>Brebach-Fechingen, in Richtung Flughafen Abzweigung Langweilerweg von der L108</desc>
		<src>SaarForst</src>
	</wpt>
	<wpt lat="49.257947674618528" lon="6.9639217220581155">
		<name>6707-8</name>
		<cmt>Saarbrücken-Rastpfuhl, Waldeinfahrt am Ende der Strasse Am Gilbenkopf</cmt>
		<desc>Saarbrücken-Rastpfuhl, Waldeinfahrt am Ende der Strasse Am Gilbenkopf</desc>
		<src>SaarForst</src>
	</wpt>
	<wpt lat="49.262656682810892" lon="6.9813248987615157">
		<name>6707-10</name>
		<cmt>L127 Saarbrücken Russhütte nach Fischbach, ca. 300 m nach Ortsende</cmt>
		<desc>L127 Saarbrücken Russhütte nach Fischbach, ca. 300 m nach Ortsende</desc>
		<src>SaarForst</src>
	</wpt>
	<wpt lat="49.22969627940256" lon="6.8415423556463537">
		<name>6707-102</name>
		<cmt>Klarenthal, Ende der Strasse Am Dietrichsberg</cmt>
		<desc>Klarenthal, Ende der Strasse Am Dietrichsberg</desc>
		<src>SaarForst</src>
	</wpt>
	<wpt lat="49.244151543284154" lon="7.052773609942526">
		<name>6708-171</name>
		<cmt>Sportplatz Scheidt, Strasse Auf den Hütten</cmt>
		<desc>Sportplatz Scheidt, Strasse Auf den Hütten</desc>
		<src>SaarForst</src>
	</wpt>
	<wpt lat="49.22503102816502" lon="6.8527234453318098">
		<name>6707-19</name>
		<cmt>L163 Klarenthal-Velsen, Waldwegestern</cmt>
		<desc>L163 Klarenthal-Velsen, Waldwegestern</desc>
		<src>SaarForst</src>
	</wpt>
	<wpt lat="49.228011315665086" lon="7.0497806570964228">
		<name>6708-177</name>
		<cmt>Schafbrücke, B40, Ortsausgang in Richtung Scheidt</cmt>
		<desc>Schafbrücke, B40, Ortsausgang in Richtung Scheidt</desc>
		<src>SaarForst</src>
	</wpt>
	<wpt lat="49.229985943633089" lon="6.9559905316131214">
		<name>6707-25</name>
		<cmt>Saarbrücken, Schanzenberg, Wegegabelung ca. 100 m nach der Reithalle</cmt>
		<desc>Saarbrücken, Schanzenberg, Wegegabelung ca. 100 m nach der Reithalle</desc>
		<src>SaarForst</src>
	</wpt>
	<wpt lat="49.229297668278463" lon="6.8749569615582811">
		<name>6707-18</name>
		<cmt>Klarenthal, Einmündung der L261 in die L163</cmt>
		<desc>Klarenthal, Einmündung der L261 in die L163</desc>
		<src>SaarForst</src>
	</wpt>
	<wpt lat="49.266739690289093" lon="6.9279422528880561">
		<name>6707-16</name>
		<cmt>Altenkessel, Gaststätte am Ende der Grosswaldstrasse</cmt>
		<desc>Altenkessel, Gaststätte am Ende der Grosswaldstrasse</desc>
		<src>SaarForst</src>
	</wpt>
	<wpt lat="49.230549689324221" lon="7.0806866185095361">
		<name>6708-162</name>
		<cmt>Bischmisheim, Verlängerung der Hochstrasse, Brücke über die A6</cmt>
		<desc>Bischmisheim, Verlängerung der Hochstrasse, Brücke über die A6</desc>
		<src>SaarForst</src>
	</wpt>
	<wpt lat="49.249508711352945" lon="7.0490415822383641">
		<name>6708-193</name>
		<cmt>Scheidt, Waldrand am Ende der Strasse Im Flürchen</cmt>
		<desc>Scheidt, Waldrand am Ende der Strasse Im Flürchen</desc>
		<src>SaarForst</src>
	</wpt>
	<wpt lat="49.214891754950635" lon="6.9939398215142745">
		<name>6707-22</name>
		<cmt>Saarbrücken, verlängerte Julius-Kiefer-Str. rechts vorbei am Tabaksweiher</cmt>
		<desc>Saarbrücken, verlängerte Julius-Kiefer-Str. rechts vorbei am Tabaksweiher</desc>
		<src>SaarForst</src>
	</wpt>
	<wpt lat="49.281346071924006" lon="7.0473805182650908">
		<name>6708-185</name>
		<cmt>Dudweiler, Parkplatz am Ende der Neuweiler Strasse (Friedhof Dudweiler)</cmt>
		<desc>Dudweiler, Parkplatz am Ende der Neuweiler Strasse (Friedhof Dudweiler)</desc>
		<src>SaarForst</src>
	</wpt>
	<wpt lat="49.250081085342849" lon="7.0631466537075136">
		<name>6708-175</name>
		<cmt>Scheidt, B40, Kaiserstrasse 150, Waldeinfahrt neben der Bäckerei</cmt>
		<desc>Scheidt, B40, Kaiserstrasse 150, Waldeinfahrt neben der Bäckerei</desc>
		<src>SaarForst</src>
	</wpt>
	<wpt lat="49.326820549887877" lon="6.6893148230064003">
		<name>6606-456</name>
		<cmt>Wallerfangen, Einfahrt zum Campingplatz  hinter dem Freibad</cmt>
		<desc>Wallerfangen, Einfahrt zum Campingplatz  hinter dem Freibad</desc>
		<src>SaarForst</src>
	</wpt>
	<wpt lat="49.335386186402076" lon="6.6317280084711223">
		<name>6605-301</name>
		<cmt>Rammelfangen, Infopunkt am Saarland-Radweg</cmt>
		<desc>Rammelfangen, Infopunkt am Saarland-Radweg</desc>
		<src>SaarForst</src>
	</wpt>
	<wpt lat="49.344007185809062" lon="6.6841742288829531">
		<name>6606-457</name>
		<cmt>Oberlimberg, Waldrand</cmt>
		<desc>Oberlimberg, Waldrand</desc>
		<src>SaarForst</src>
	</wpt>
	<wpt lat="49.297409520839267" lon="6.6342669011214923">
		<name>6705-601</name>
		<cmt>Ittersdorf, Abzweigung B405 / L345</cmt>
		<desc>Ittersdorf, Abzweigung B405 / L345</desc>
		<src>SaarForst</src>
	</wpt>
	<wpt lat="49.277740505310582" lon="6.8293340380601855">
		<name>6706-766</name>
		<cmt>Bous, Petershof</cmt>
		<desc>Bous, Petershof</desc>
		<src>SaarForst</src>
	</wpt>
	<wpt lat="49.312155981241702" lon="6.7915826284269167">
		<name>6606-453</name>
		<cmt>Ensdorf, Waldparkplatz am Ende der Prälat-Anheier-Strasse</cmt>
		<desc>Ensdorf, Waldparkplatz am Ende der Prälat-Anheier-Strasse</desc>
		<src>SaarForst</src>
	</wpt>
	<wpt lat="49.397976704863851" lon="7.2674960359580423">
		<name>6609-191</name>
		<cmt>Höcherbergturm am Ende der Römerstrasse</cmt>
		<desc>Höcherbergturm am Ende der Römerstrasse</desc>
		<src>SaarForst</src>
	</wpt>
	<wpt lat="49.39399901020591" lon="7.252956369113539">
		<name>6609-190</name>
		<cmt>Parkplatz am Friedhof Münchwies (L116)</cmt>
		<desc>Parkplatz am Friedhof Münchwies (L116)</desc>
		<src>SaarForst</src>
	</wpt>
	<wpt lat="49.348519028250486" lon="7.30265718070285">
		<name>6609-180</name>
		<cmt>Kleinottweiler, Strasse An der dicken Eiche ca. 100 m nach der Waldeinfahrt</cmt>
		<desc>Kleinottweiler, Strasse An der dicken Eiche ca. 100 m nach der Waldeinfahrt</desc>
		<src>SaarForst</src>
	</wpt>
	<wpt lat="49.357056091636728" lon="7.2997705005443212">
		<name>6609-182</name>
		<cmt>B423, Waldparkplatz zw. Kleinottweiler und Jägersburg</cmt>
		<desc>B423, Waldparkplatz zw. Kleinottweiler und Jägersburg</desc>
		<src>SaarForst</src>
	</wpt>
	<wpt lat="49.385993051090139" lon="7.2803278353452106">
		<name>6609-185</name>
		<cmt>Forsthaus Höchen, Saarpfalzstr. 137</cmt>
		<desc>Forsthaus Höchen, Saarpfalzstr. 137</desc>
		<src>SaarForst</src>
	</wpt>
	<wpt lat="49.372369268510212" lon="7.2434709093917871">
		<name>6609-707</name>
		<cmt>Reinhard-Schiestel-Strasse 127, ca. 700 m weiter zur Steinberghütte</cmt>
		<desc>Reinhard-Schiestel-Strasse 127, ca. 700 m weiter zur Steinberghütte</desc>
		<src>SaarForst</src>
	</wpt>
	<wpt lat="49.368276850505282" lon="7.2376247002115033">
		<name>6609-178</name>
		<cmt>Oberbexbach, Hochspannungsschaltfeld am Ende der Hangarder Str.</cmt>
		<desc>Oberbexbach, Hochspannungsschaltfeld am Ende der Hangarder Str.</desc>
		<src>SaarForst</src>
	</wpt>
	<wpt lat="49.383061547566449" lon="7.2474581662811515">
		<name>6609-179</name>
		<cmt>Frankenholz, Waldrand am Ende der Strasse Zum Frankenbrunnen</cmt>
		<desc>Frankenholz, Waldrand am Ende der Strasse Zum Frankenbrunnen</desc>
		<src>SaarForst</src>
	</wpt>
	<wpt lat="49.399991983270361" lon="7.2755665679897232">
		<name>6509-795</name>
		<cmt>Höchen, Waldrand in Verlängerung der Kohlstrasse</cmt>
		<desc>Höchen, Waldrand in Verlängerung der Kohlstrasse</desc>
		<src>SaarForst</src>
	</wpt>
	<wpt lat="49.353444881001558" lon="7.2841762262279159">
		<name>6609-183</name>
		<cmt>Kleinottweiler, Parkplatz am Ende der Mühlenstrasse</cmt>
		<desc>Kleinottweiler, Parkplatz am Ende der Mühlenstrasse</desc>
		<src>SaarForst</src>
	</wpt>
	<wpt lat="49.386959699358933" lon="7.2602841337673762">
		<name>6609-187</name>
		<cmt>Höchen, Waldeinfahrt an der L117 in Richtung Frankenholz</cmt>
		<desc>Höchen, Waldeinfahrt an der L117 in Richtung Frankenholz</desc>
		<src>SaarForst</src>
	</wpt>
	<wpt lat="49.326078306022346" lon="7.0894076358648208">
		<name>6608-762</name>
		<cmt>Friedrichsthal, Haupteingang Edith-Stein-Schule</cmt>
		<desc>Friedrichsthal, Haupteingang Edith-Stein-Schule</desc>
		<src>SaarForst</src>
	</wpt>
	<wpt lat="49.337081952804787" lon="7.1113638816799325">
		<name>6608-770</name>
		<cmt>L125 Ortsausgang Bildstock nach Neunkichen, Abzweigung Madenfalderhof</cmt>
		<desc>L125 Ortsausgang Bildstock nach Neunkichen, Abzweigung Madenfalderhof</desc>
		<src>SaarForst</src>
	</wpt>
	<wpt lat="49.330232450909001" lon="7.0740490205025983">
		<name>6608-764</name>
		<cmt>Mitfahrerparkplatz A8 Ausfahrt Bildstock</cmt>
		<desc>Mitfahrerparkplatz A8 Ausfahrt Bildstock</desc>
		<src>SaarForst</src>
	</wpt>
	<wpt lat="49.325130236649798" lon="7.0840904007438246">
		<name>6608-763</name>
		<cmt>Parkplatz an der L258 ggü.  Einmündung der Hölderlinstrasse</cmt>
		<desc>Parkplatz an der L258 ggü.  Einmündung der Hölderlinstrasse</desc>
		<src>SaarForst</src>
	</wpt>
	<wpt lat="49.336818949958023" lon="7.0803155628131682">
		<name>6608-766</name>
		<cmt>L112 Bildstock-Merchweiler, Parkplatz Schachtanlage Erkershöhe</cmt>
		<desc>L112 Bildstock-Merchweiler, Parkplatz Schachtanlage Erkershöhe</desc>
		<src>SaarForst</src>
	</wpt>
	<wpt lat="49.334598546421816" lon="7.0898296444493765">
		<name>6608-765</name>
		<cmt>Parkplatz Reithalle Bildstock am Ende der Strasse Am Westschacht</cmt>
		<desc>Parkplatz Reithalle Bildstock am Ende der Strasse Am Westschacht</desc>
		<src>SaarForst</src>
	</wpt>
	<wpt lat="49.33980206977764" lon="7.0766930113676976">
		<name>6608-767</name>
		<cmt>L112 Bildstock-Merchweiler, Einfahrt Kallenberg</cmt>
		<desc>L112 Bildstock-Merchweiler, Einfahrt Kallenberg</desc>
		<src>SaarForst</src>
	</wpt>
	<wpt lat="49.316840302618644" lon="7.1020916440575945">
		<name>6608-761</name>
		<cmt>Friedrichsthal, Brücke über die A8 am Ende der Elversberger Str. (Kolonie)</cmt>
		<desc>Friedrichsthal, Brücke über die A8 am Ende der Elversberger Str. (Kolonie)</desc>
		<src>SaarForst</src>
	</wpt>
	<wpt lat="49.172741131116858" lon="6.8135475533263055">
		<name>6806-303</name>
		<cmt>Wildfreigehege, Kiosk</cmt>
		<desc>Wildfreigehege, Kiosk</desc>
		<src>SaarForst</src>
	</wpt>
	<wpt lat="49.168490641076701" lon="6.8103903077252577">
		<name>6806-304</name>
		<cmt>Wildfreigehege, oberer Weiherdamm</cmt>
		<desc>Wildfreigehege, oberer Weiherdamm</desc>
		<src>SaarForst</src>
	</wpt>
	<wpt lat="49.204003855025796" lon="6.8342999424854174">
		<name>6707-101</name>
		<cmt>Waldeinfahrt Kohlwaldstrasse 13</cmt>
		<desc>Waldeinfahrt Kohlwaldstrasse 13</desc>
		<src>SaarForst</src>
	</wpt>
	<wpt lat="49.184105133585177" lon="6.8121158344958905">
		<name>6806-152</name>
		<cmt>L276 Ludweiler-Karlsbrunn, Einmündung der L278 an der Einfahrt zum Wasserturm</cmt>
		<desc>L276 Ludweiler-Karlsbrunn, Einmündung der L278 an der Einfahrt zum Wasserturm</desc>
		<src>SaarForst</src>
	</wpt>
	<wpt lat="49.186679214210301" lon="6.825755642891143">
		<name>6806-301</name>
		<cmt>Bahnunterführung</cmt>
		<desc>Bahnunterführung</desc>
		<src>SaarForst</src>
	</wpt>
	<wpt lat="49.172902395573516" lon="6.8000954248890038">
		<name>6806-306</name>
		<cmt>L277 Karlsbrunn-Lauterbach, ca. 50 m nach Ortsende Karlsbrunn</cmt>
		<desc>L277 Karlsbrunn-Lauterbach, ca. 50 m nach Ortsende Karlsbrunn</desc>
		<src>SaarForst</src>
	</wpt>
	<wpt lat="49.181796916672617" lon="6.8481273486137466">
		<name>6807-500</name>
		<cmt>ca. 70m nach dem Ende der Strasse Zum Waldsee</cmt>
		<desc>ca. 70m nach dem Ende der Strasse Zum Waldsee</desc>
		<src>SaarForst</src>
	</wpt>
	<wpt lat="49.165452770181865" lon="6.7909576488246692">
		<name>6806-305</name>
		<cmt>Aussichtsplattform Carricre</cmt>
		<desc>Aussichtsplattform Carricre</desc>
		<src>SaarForst</src>
	</wpt>
	<wpt lat="49.176616835104056" lon="6.7845215172486473">
		<name>6806-153</name>
		<cmt>L277 Karlsbrunn-Lauterbach, Einfahrt zur DSK Schachtanlage</cmt>
		<desc>L277 Karlsbrunn-Lauterbach, Einfahrt zur DSK Schachtanlage</desc>
		<src>SaarForst</src>
	</wpt>
	<wpt lat="49.190775909876002" lon="6.8161076059934009">
		<name>6806-162</name>
		<cmt>Dorf im Warndt, Einmündung der Forststrasse in die L278</cmt>
		<desc>Dorf im Warndt, Einmündung der Forststrasse in die L278</desc>
		<src>SaarForst</src>
	</wpt>
	<wpt lat="49.17527242489853" lon="6.8178199114038085">
		<name>6806-300</name>
		<cmt>Zufahrt Wasserturm Meisenberg</cmt>
		<desc>Zufahrt Wasserturm Meisenberg</desc>
		<src>SaarForst</src>
	</wpt>
	<wpt lat="49.183037238064308" lon="6.8344540686983937">
		<name>6807-501</name>
		<cmt>Zufahrt über Emmersweiler, Strasse Hanfgarten 5a, dann 1,5 Km , Grohbruchtal</cmt>
		<desc>Zufahrt über Emmersweiler, Strasse Hanfgarten 5a, dann 1,5 Km , Grohbruchtal</desc>
		<src>SaarForst</src>
	</wpt>
	<wpt lat="49.172602274832002" lon="6.8235510511504032">
		<name>6806-302</name>
		<cmt>L 276 St. Nikolaus - Karlsbrunn ,Zufahrt Naugelände</cmt>
		<desc>L 276 St. Nikolaus - Karlsbrunn ,Zufahrt Naugelände</desc>
		<src>SaarForst</src>
	</wpt>
	<wpt lat="49.180597975541566" lon="6.7980359520633762">
		<name>6806-307</name>
		<cmt>Karlsbrunner Feld, Waldrand</cmt>
		<desc>Karlsbrunner Feld, Waldrand</desc>
		<src>SaarForst</src>
	</wpt>
	<wpt lat="49.174746861519353" lon="6.8327146852864731">
		<name>6807-502</name>
		<cmt>ca. 250 m nach dem Ende der der Strasse Zu den Eichen</cmt>
		<desc>ca. 250 m nach dem Ende der der Strasse Zu den Eichen</desc>
		<src>SaarForst</src>
	</wpt>
	<wpt lat="49.174665314249282" lon="6.8105898433031511">
		<name>6806-161</name>
		<cmt>Karlbrunn, Einmündung der L277 in die L276</cmt>
		<desc>Karlbrunn, Einmündung der L277 in die L276</desc>
		<src>SaarForst</src>
	</wpt>
	<wpt lat="49.372338069819762" lon="6.9457507734475099">
		<name>6607-603</name>
		<cmt>Heusweiler, Grosswaldbrauerei an der L301</cmt>
		<desc>Heusweiler, Grosswaldbrauerei an der L301</desc>
		<src>SaarForst</src>
	</wpt>
	<wpt lat="49.322524802692882" lon="6.9896813389807502">
		<name>6607-607</name>
		<cmt>Holz, Einmündung der Blumenstrasse in die L128</cmt>
		<desc>Holz, Einmündung der Blumenstrasse in die L128</desc>
		<src>SaarForst</src>
	</wpt>
	<wpt lat="49.337002767038122" lon="6.8830025129584591">
		<name>6607-601</name>
		<cmt>L140 Heusweiler Obersalbach, ca. 250 m südlich der Kreuzung L140 / L141</cmt>
		<desc>L140 Heusweiler Obersalbach, ca. 250 m südlich der Kreuzung L140 / L141</desc>
		<src>SaarForst</src>
	</wpt>
	<wpt lat="49.356206180831485" lon="6.973990344668147">
		<name>6607-609</name>
		<cmt>Eppelborn-Mangelhausen, L299, Zufahrt zum Schützenhaus</cmt>
		<desc>Eppelborn-Mangelhausen, L299, Zufahrt zum Schützenhaus</desc>
		<src>SaarForst</src>
	</wpt>
	<wpt lat="49.350836440396627" lon="6.9984251448302146">
		<name>6607-604</name>
		<cmt>Autobahnunterführung der L265 zw. Heusweiler Kutzhof und Lummerschied</cmt>
		<desc>Autobahnunterführung der L265 zw. Heusweiler Kutzhof und Lummerschied</desc>
		<src>SaarForst</src>
	</wpt>
	<wpt lat="49.335059212700337" lon="7.0061280280982619">
		<name>6608-781</name>
		<cmt>Wasserturm Holz</cmt>
		<desc>Wasserturm Holz</desc>
		<src>SaarForst</src>
	</wpt>
	<wpt lat="49.173311666522764" lon="7.0634563693852694">
		<name>6808-458</name>
		<cmt>L254 Bübingen-Bliesransbach, Waldeinfahrt Dragonerweg, Wanderparkplatz Wolfsbuche</cmt>
		<desc>L254 Bübingen-Bliesransbach, Waldeinfahrt Dragonerweg, Wanderparkplatz Wolfsbuche</desc>
		<src>SaarForst</src>
	</wpt>
	<wpt lat="49.134988505777336" lon="7.0799033024184235">
		<name>6808-461</name>
		<cmt>L106 Sitterswald-Bliesgersweilermühle, Parkplatz Fischerhütte</cmt>
		<desc>L106 Sitterswald-Bliesgersweilermühle, Parkplatz Fischerhütte</desc>
		<src>SaarForst</src>
	</wpt>
	<wpt lat="49.150998061284298" lon="7.0743563986522409">
		<name>6808-460</name>
		<cmt>Wohngebiet Bliesgersweiler Mühle</cmt>
		<desc>Wohngebiet Bliesgersweiler Mühle</desc>
		<src>SaarForst</src>
	</wpt>
	<wpt lat="49.130151865459759" lon="7.0514074069211912">
		<name>6808-464</name>
		<cmt>Rilchingen-Hanweiler, Saarland-Therme, Waldeinfahrt Maiwald</cmt>
		<desc>Rilchingen-Hanweiler, Saarland-Therme, Waldeinfahrt Maiwald</desc>
		<src>SaarForst</src>
	</wpt>
	<wpt lat="49.157021568526638" lon="7.047070467622186">
		<name>6808-459</name>
		<cmt>Kleinblittersdorf, Ende der Rexrothstrasse, Einfahrt zum Waldfriedhof</cmt>
		<desc>Kleinblittersdorf, Ende der Rexrothstrasse, Einfahrt zum Waldfriedhof</desc>
		<src>SaarForst</src>
	</wpt>
	<wpt lat="49.128947933747902" lon="7.069099493302887">
		<name>6808-462</name>
		<cmt>Sitterswald, Ende der Strasse Zur Wackenmühle</cmt>
		<desc>Sitterswald, Ende der Strasse Zur Wackenmühle</desc>
		<src>SaarForst</src>
	</wpt>
	<wpt lat="49.127549437887765" lon="7.0616463442209048">
		<name>6808-463</name>
		<cmt>Sitterswald, Parkstrasse, Einfahrt zum Sportplatz</cmt>
		<desc>Sitterswald, Parkstrasse, Einfahrt zum Sportplatz</desc>
		<src>SaarForst</src>
	</wpt>
	<wpt lat="49.176186923107899" lon="7.0918595897461572">
		<name>6808-455</name>
		<cmt>Bliesransbach, Hartungshof (verl. Eschringer Strasse)</cmt>
		<desc>Bliesransbach, Hartungshof (verl. Eschringer Strasse)</desc>
		<src>SaarForst</src>
	</wpt>
	<wpt lat="49.156363832587139" lon="7.0595619793974844">
		<name>6808-454</name>
		<cmt>Auersmacher, Wasserbehälter am Wehrholzer Weg (verl. Hochstrasse)</cmt>
		<desc>Auersmacher, Wasserbehälter am Wehrholzer Weg (verl. Hochstrasse)</desc>
		<src>SaarForst</src>
	</wpt>
	<wpt lat="49.287974036587791" lon="6.9217426907200776">
		<name>6707-14</name>
		<cmt>L269 Püttlingen-Riegelsberg, Einmündung Sommerbergstrasse, Bushaltestelle</cmt>
		<desc>L269 Püttlingen-Riegelsberg, Einmündung Sommerbergstrasse, Bushaltestelle</desc>
		<src>SaarForst</src>
	</wpt>
	<wpt lat="49.324339989738213" lon="7.0597516613183435">
		<name>6608-777</name>
		<cmt>Bahnhof Quierschied</cmt>
		<desc>Bahnhof Quierschied</desc>
		<src>SaarForst</src>
	</wpt>
	<wpt lat="49.310786429176552" lon="7.0362875454025202">
		<name>6608-780</name>
		<cmt>Rehaklinik Fischbach</cmt>
		<desc>Rehaklinik Fischbach</desc>
		<src>SaarForst</src>
	</wpt>
	<wpt lat="49.308399472969946" lon="7.0236406535196778">
		<name>6608-779</name>
		<cmt>Grundschule Fischbach an der L247</cmt>
		<desc>Grundschule Fischbach an der L247</desc>
		<src>SaarForst</src>
	</wpt>
	<wpt lat="49.289619661441208" lon="7.0119517876993633">
		<name>6708-178</name>
		<cmt>Parkplatz Netzbachweiher, Einmündung L127 / L259</cmt>
		<desc>Parkplatz Netzbachweiher, Einmündung L127 / L259</desc>
		<src>SaarForst</src>
	</wpt>
	<wpt lat="49.319168522267397" lon="7.0076330621279652">
		<name>6608-782</name>
		<cmt>L247 Holz-Fischbach, Wanderparkplatz</cmt>
		<desc>L247 Holz-Fischbach, Wanderparkplatz</desc>
		<src>SaarForst</src>
	</wpt>
	<wpt lat="49.299072898101947" lon="7.0177689023757992">
		<name>6608-797</name>
		<cmt>L127 Russhütte-Fischbach, Ortseingang Fischbach</cmt>
		<desc>L127 Russhütte-Fischbach, Ortseingang Fischbach</desc>
		<src>SaarForst</src>
	</wpt>
	<wpt lat="49.340068578085599" lon="7.0486955563201903">
		<name>6608-769</name>
		<cmt>Mitfahrerparkplatz an der A8, Ausfahrt Merchweiler</cmt>
		<desc>Mitfahrerparkplatz an der A8, Ausfahrt Merchweiler</desc>
		<src>SaarForst</src>
	</wpt>
	<wpt lat="49.326934019220701" lon="7.0344666844857384">
		<name>6608-778</name>
		<cmt>Parkplatz Friedhof und Sportplatz Quierschied an der L262</cmt>
		<desc>Parkplatz Friedhof und Sportplatz Quierschied an der L262</desc>
		<src>SaarForst</src>
	</wpt>
	<wpt lat="49.284082618225625" lon="7.0127593517072739">
		<name>6708-168</name>
		<cmt>Dudweiler, Einfahrt zum ADAC Übungsplatz an der L256</cmt>
		<desc>Dudweiler, Einfahrt zum ADAC Übungsplatz an der L256</desc>
		<src>SaarForst</src>
	</wpt>
	<wpt lat="49.310199311585336" lon="7.0122496595631425">
		<name>6608-796</name>
		<cmt>L247 Holz-Fischbach, Wanderparkplatz</cmt>
		<desc>L247 Holz-Fischbach, Wanderparkplatz</desc>
		<src>SaarForst</src>
	</wpt>
	<wpt lat="49.295366392589635" lon="6.9526354836293409">
		<name>6707-3</name>
		<cmt>gegenüber Saarbahnhaltestelle Riegelsberg-Süd</cmt>
		<desc>gegenüber Saarbahnhaltestelle Riegelsberg-Süd</desc>
		<src>SaarForst</src>
	</wpt>
	<wpt lat="49.286442192436951" lon="6.9322296552293494">
		<name>6707-13</name>
		<cmt>L270 Saarbrücken-Riegelsberg, Parkplatz Scheerigeich</cmt>
		<desc>L270 Saarbrücken-Riegelsberg, Parkplatz Scheerigeich</desc>
		<src>SaarForst</src>
	</wpt>
	<wpt lat="49.294271974588092" lon="7.0438875181495622">
		<name>6708-182</name>
		<cmt>L257 Sulzbach, Hirschbachstrasse, Einfahrt zur DSK-Verbandsstube</cmt>
		<desc>L257 Sulzbach, Hirschbachstrasse, Einfahrt zur DSK-Verbandsstube</desc>
		<src>SaarForst</src>
	</wpt>
	<wpt lat="49.302146778147112" lon="7.0725719532778761">
		<name>6608-798</name>
		<cmt>Sulzbach, Schnappacher Weg (L244) Parkplatz an den Tennisplätzen</cmt>
		<desc>Sulzbach, Schnappacher Weg (L244) Parkplatz an den Tennisplätzen</desc>
		<src>SaarForst</src>
	</wpt>
	<wpt lat="49.281003091739478" lon="7.073954890250798">
		<name>6708-188</name>
		<cmt>Sulzbach-Neuweiler, St. Ingberter Strasse, Einfahrt zum Altenheim St. Anna</cmt>
		<desc>Sulzbach-Neuweiler, St. Ingberter Strasse, Einfahrt zum Altenheim St. Anna</desc>
		<src>SaarForst</src>
	</wpt>
	<wpt lat="49.290576524681455" lon="7.0635776996264328">
		<name>6708-183</name>
		<cmt>L126 Sulzbach-St. Ingbert, Abfahrt Neuweiler Schwimmbad</cmt>
		<desc>L126 Sulzbach-St. Ingbert, Abfahrt Neuweiler Schwimmbad</desc>
		<src>SaarForst</src>
	</wpt>
	<wpt lat="49.284063967480058" lon="7.0569910483585296">
		<name>6708-184</name>
		<cmt>Sulzbach-Neuweiler, Parkplatz am Ende der Brennender-Berg-Strasse</cmt>
		<desc>Sulzbach-Neuweiler, Parkplatz am Ende der Brennender-Berg-Strasse</desc>
		<src>SaarForst</src>
	</wpt>
	<wpt lat="49.290988954193651" lon="7.0801793974706282">
		<name>6708-189</name>
		<cmt>Sulzbach-Neuweiler, Industriegebiet Justus-von-Liebig-Str., Saarfernwärme-Heizkraftwerk</cmt>
		<desc>Sulzbach-Neuweiler, Industriegebiet Justus-von-Liebig-Str., Saarfernwärme-Heizkraftwerk</desc>
		<src>SaarForst</src>
	</wpt>
	<wpt lat="49.309470494878212" lon="7.0836640929464947">
		<name>6608-751</name>
		<cmt>Schnappach, Gastro-Grosshandel Wolf</cmt>
		<desc>Schnappach, Gastro-Grosshandel Wolf</desc>
		<src>SaarForst</src>
	</wpt>
	<wpt lat="49.304897284941518" lon="7.0909205637868293">
		<name>6608-799</name>
		<cmt>Sulzbach-Schnappach, Parkplatz am Ende des Schürer Weges (Bayerisch-Zell)</cmt>
		<desc>Sulzbach-Schnappach, Parkplatz am Ende des Schürer Weges (Bayerisch-Zell)</desc>
		<src>SaarForst</src>
	</wpt>
	<wpt lat="49.297495926835609" lon="7.0737633902857162">
		<name>6708-197</name>
		<cmt>Sulzbach, Ende der Strasse Am Friedhof, Schützenhaus</cmt>
		<desc>Sulzbach, Ende der Strasse Am Friedhof, Schützenhaus</desc>
		<src>SaarForst</src>
	</wpt>
	<wpt lat="49.280573117760738" lon="7.0630875809089124">
		<name>6708-187</name>
		<cmt>Sulzbach-Neuweiler, Parkplatz am Ende der Martin-Luther-Strasse (Friedhof Neuweiler)</cmt>
		<desc>Sulzbach-Neuweiler, Parkplatz am Ende der Martin-Luther-Strasse (Friedhof Neuweiler)</desc>
		<src>SaarForst</src>
	</wpt>
	<wpt lat="49.30778089543211" lon="7.0835720117318512">
		<name>6608-800</name>
		<cmt>Sulzbach-Schnappach, Bayernstrasse, Einmündung der Strasse Zur Tannenburg / Mariannenthalerstr.</cmt>
		<desc>Sulzbach-Schnappach, Bayernstrasse, Einmündung der Strasse Zur Tannenburg / Mariannenthalerstr.</desc>
		<src>SaarForst</src>
	</wpt>
	<wpt lat="49.304994295650992" lon="7.0474143312761788">
		<name>6608-776</name>
		<cmt>Waldeinfahrt Gewerbegebiet am T_V Sulzbach</cmt>
		<desc>Waldeinfahrt Gewerbegebiet am T_V Sulzbach</desc>
		<src>SaarForst</src>
	</wpt>
	<wpt lat="49.184028557008432" lon="6.7448035828020467">
		<name>6806-157</name>
		<cmt>Lauterbach Ortsmitte Abzweigung L165 / L277</cmt>
		<desc>Lauterbach Ortsmitte Abzweigung L165 / L277</desc>
		<src>SaarForst</src>
	</wpt>
	<wpt lat="49.200258223483594" lon="6.7776230264830106">
		<name>6706-752</name>
		<cmt>L165 Ludweiler-Lauterbach 160 m vor der Abzweigung der L279 (Warndweiherstr.)</cmt>
		<desc>L165 Ludweiler-Lauterbach 160 m vor der Abzweigung der L279 (Warndweiherstr.)</desc>
		<src>SaarForst</src>
	</wpt>
	<wpt lat="49.197180482006608" lon="6.801655055385611">
		<name>6806-151</name>
		<cmt>L276 Ludweiler-Karlsbrunn,  etwa auf halber Strecke</cmt>
		<desc>L276 Ludweiler-Karlsbrunn,  etwa auf halber Strecke</desc>
		<src>SaarForst</src>
	</wpt>
	<wpt lat="49.194360810394222" lon="6.7249411173524587">
		<name>6806-160</name>
		<cmt>Lauterbach, Kreutzwalderstrasse ca. 400 m vor der Bundesgrenze</cmt>
		<desc>Lauterbach, Kreutzwalderstrasse ca. 400 m vor der Bundesgrenze</desc>
		<src>SaarForst</src>
	</wpt>
	<wpt lat="49.204689522198478" lon="6.804519424135659">
		<name>6707-100</name>
		<cmt>Forsthaus Ludweiler (Aus Ludweiler auf der L276 nach ca. 650 m links in den Wald abzweigen)</cmt>
		<desc>Forsthaus Ludweiler (Aus Ludweiler auf der L276 nach ca. 650 m links in den Wald abzweigen)</desc>
		<src>SaarForst</src>
	</wpt>
	<wpt lat="49.1752280530254" lon="6.7609510908242267">
		<name>6806-154</name>
		<cmt>L277 Karlsbrunn-Lauterbach, Waldeinfahrt Aspenhübel, ca. 700 m vor Lauterbach</cmt>
		<desc>L277 Karlsbrunn-Lauterbach, Waldeinfahrt Aspenhübel, ca. 700 m vor Lauterbach</desc>
		<src>SaarForst</src>
	</wpt>
	<wpt lat="49.206851528355415" lon="6.790530620080343">
		<name>6706-753</name>
		<cmt>L165 Ludweiler Ortsende Richtung Lauterbach, nach dem Sportplatz</cmt>
		<desc>L165 Ludweiler Ortsende Richtung Lauterbach, nach dem Sportplatz</desc>
		<src>SaarForst</src>
	</wpt>
	<wpt lat="49.210465422895453" lon="6.7774126114484856">
		<name>6706-754</name>
		<cmt>Ludweiler, Florianshütte am Ende der Hugenottenstrasse</cmt>
		<desc>Ludweiler, Florianshütte am Ende der Hugenottenstrasse</desc>
		<src>SaarForst</src>
	</wpt>
	<wpt lat="49.215725869864364" lon="6.8265660024053174">
		<name>6706-765</name>
		<cmt>Velsen, Verteilerkreisel</cmt>
		<desc>Velsen, Verteilerkreisel</desc>
		<src>SaarForst</src>
	</wpt>
	<wpt lat="49.180886221041384" lon="6.7398596279964469">
		<name>6806-156</name>
		<cmt>Lauterbach, L165 Abzweigung Spitteler Strasse</cmt>
		<desc>Lauterbach, L165 Abzweigung Spitteler Strasse</desc>
		<src>SaarForst</src>
	</wpt>
	<wpt lat="49.190111789500186" lon="6.730009914008753">
		<name>6806-159</name>
		<cmt>Lauterbach, Waldeingang an der Kreutzwalderstrasse (F426)</cmt>
		<desc>Lauterbach, Waldeingang an der Kreutzwalderstrasse (F426)</desc>
		<src>SaarForst</src>
	</wpt>
	<wpt lat="49.17664361810759" lon="6.7325684150449066">
		<name>6806-155</name>
		<cmt>Lauterbach, L165 an der Abzweigung der Strasse Dellwieser Weg</cmt>
		<desc>Lauterbach, L165 an der Abzweigung der Strasse Dellwieser Weg</desc>
		<src>SaarForst</src>
	</wpt>
	<wpt lat="49.261880646080236" lon="6.9045772924487334">
		<name>6707-17</name>
		<cmt>Altenkessel, Kreuzung Altenkesselerstrasse / Gerhardstrasse (Pferdeställe)</cmt>
		<desc>Altenkessel, Kreuzung Altenkesselerstrasse / Gerhardstrasse (Pferdeställe)</desc>
		<src>SaarForst</src>
	</wpt>
	<wpt lat="49.195232417444593" lon="6.7667736698472201">
		<name>6806-158</name>
		<cmt>L165 Ludweiler-Lauterbach, Rastplatz Weiherdamm</cmt>
		<desc>L165 Ludweiler-Lauterbach, Rastplatz Weiherdamm</desc>
		<src>SaarForst</src>
	</wpt>
	<wpt lat="49.205050210129599" lon="6.8094642104299821">
		<name>6706-500</name>
		<cmt>L278 vom Kreisel Velsen nach Dorf im Warndt, Kurve am Westschacht</cmt>
		<desc>L278 vom Kreisel Velsen nach Dorf im Warndt, Kurve am Westschacht</desc>
		<src>SaarForst</src>
	</wpt>
	<wpt lat="49.209436878321746" lon="6.7963909918750387">
		<name>6706-751</name>
		<cmt>L276 Ortsausgang Ludweiler in Richtung Karlsbrunn</cmt>
		<desc>L276 Ortsausgang Ludweiler in Richtung Karlsbrunn</desc>
		<src>SaarForst</src>
	</wpt>
	<wpt lat="49.206525900282244" lon="6.7572869991356983">
		<name>6706-758</name>
		<cmt>L279 Ludweiler - Warndtweiher, Kreuzung Kreutzwalderweg</cmt>
		<desc>L279 Ludweiler - Warndtweiher, Kreuzung Kreutzwalderweg</desc>
		<src>SaarForst</src>
	</wpt>
	<wpt lat="49.423077500946555" lon="6.7551575152872987">
		<name>6506-305</name>
		<cmt>L346 Düppenweiler - Honzrath, Einfahrt Meerwald</cmt>
		<desc>L346 Düppenweiler - Honzrath, Einfahrt Meerwald</desc>
		<src>SaarForst</src>
	</wpt>
	<wpt lat="49.410315634943423" lon="6.7486916330985798">
		<name>6506-173</name>
		<cmt>L342 Düppenweiler - Haustadt, Abzweigung in Richtung Buchwald</cmt>
		<desc>L342 Düppenweiler - Haustadt, Abzweigung in Richtung Buchwald</desc>
		<src>SaarForst</src>
	</wpt>
	<wpt lat="49.44030276773465" lon="6.7651017657693027">
		<name>6506-308</name>
		<cmt>Reimsbach, ca. 530 m nach dem Ende der Kapellenstrasse, Johanneshof</cmt>
		<desc>Reimsbach, ca. 530 m nach dem Ende der Kapellenstrasse, Johanneshof</desc>
		<src>SaarForst</src>
	</wpt>
	<wpt lat="49.411290784775268" lon="6.784673694816548">
		<name>6506-164</name>
		<cmt>Düppenweiler, Waldrand am Ende der Piesbacherstrasse (Kupferbergwerk)</cmt>
		<desc>Düppenweiler, Waldrand am Ende der Piesbacherstrasse (Kupferbergwerk)</desc>
		<src>SaarForst</src>
	</wpt>
	<wpt lat="49.400838795401306" lon="6.7160185279037323">
		<name>6506-154</name>
		<cmt>Beckingen, Waldstrasse, Einfahrt Bauhof</cmt>
		<desc>Beckingen, Waldstrasse, Einfahrt Bauhof</desc>
		<src>SaarForst</src>
	</wpt>
	<wpt lat="49.392215871571793" lon="6.6833561426179866">
		<name>6606-700</name>
		<cmt>Saarfels, Wendelinushütte ca. 500 m in Verlängerung der Wendelinusstrasse</cmt>
		<desc>Saarfels, Wendelinushütte ca. 500 m in Verlängerung der Wendelinusstrasse</desc>
		<src>SaarForst</src>
	</wpt>
	<wpt lat="49.403107504083557" lon="6.7633384767566449">
		<name>6506-165</name>
		<cmt>L346 Düppenweiler - Diefflen, ca. 500 m südl. Ortsrand Düppenweiler</cmt>
		<desc>L346 Düppenweiler - Diefflen, ca. 500 m südl. Ortsrand Düppenweiler</desc>
		<src>SaarForst</src>
	</wpt>
	<wpt lat="49.404323127532784" lon="6.7819033380558205">
		<name>6506-302</name>
		<cmt>Düppenweiler, Ende der Litermontstrasse, Waldparkplatz Grauer Stein</cmt>
		<desc>Düppenweiler, Ende der Litermontstrasse, Waldparkplatz Grauer Stein</desc>
		<src>SaarForst</src>
	</wpt>
	<wpt lat="49.555027995483265" lon="6.7173876059593356">
		<name>6406-115</name>
		<cmt>Scheiden,  Strasse Hohe Tannen 16, dann links halten ca. 1,2 Km  Richtung Greimerath, Ferdinandshaus</cmt>
		<desc>Scheiden,  Strasse Hohe Tannen 16, dann links halten ca. 1,2 Km  Richtung Greimerath, Ferdinandshaus</desc>
		<src>SaarForst</src>
	</wpt>
	<wpt lat="49.543118013319543" lon="6.7670425318824856">
		<name>6406-117</name>
		<cmt>Mitlosheim, Strasse Lannenbach 21 nach 500 m links ab, dann 500 m entlang Waldrand, Geitzenwald</cmt>
		<desc>Mitlosheim, Strasse Lannenbach 21 nach 500 m links ab, dann 500 m entlang Waldrand, Geitzenwald</desc>
		<src>SaarForst</src>
	</wpt>
	<wpt lat="49.473066916871282" lon="6.7921784061326758">
		<name>6506-322</name>
		<cmt>L369 ca. 900 m südl Ortsausgang Wahlen, Eisenberg</cmt>
		<desc>L369 ca. 900 m südl Ortsausgang Wahlen, Eisenberg</desc>
		<src>SaarForst</src>
	</wpt>
	<wpt lat="49.482857003601858" lon="6.7829191089143945">
		<name>6506-158</name>
		<cmt>Wahlen, Einmündung der Hohbergstrasse in die L369</cmt>
		<desc>Wahlen, Einmündung der Hohbergstrasse in die L369</desc>
		<src>SaarForst</src>
	</wpt>
	<wpt lat="49.520659687797746" lon="6.7197509141671725">
		<name>6406-120</name>
		<cmt>Parkplatz an der B268 Stausee Losheim in Richtung Britten</cmt>
		<desc>Parkplatz an der B268 Stausee Losheim in Richtung Britten</desc>
		<src>SaarForst</src>
	</wpt>
	<wpt lat="49.535475304906868" lon="6.770160561866553">
		<name>6406-118</name>
		<cmt>Mitlosheim, Strasse Waldeck 5, dann ca. 320 m geradeaus, sog. Schwarzwald</cmt>
		<desc>Mitlosheim, Strasse Waldeck 5, dann ca. 320 m geradeaus, sog. Schwarzwald</desc>
		<src>SaarForst</src>
	</wpt>
	<wpt lat="49.547607256328618" lon="6.7287613550760179">
		<name>6406-783</name>
		<cmt>Scheiden, Parkplatz am Sportplatz</cmt>
		<desc>Scheiden, Parkplatz am Sportplatz</desc>
		<src>SaarForst</src>
	</wpt>
	<wpt lat="49.55565981865162" lon="6.7492154918259226">
		<name>6406-106</name>
		<cmt>Wegespinne zwischen der L373 Scheiden-Waldhölzbach und der Landesgrenze</cmt>
		<desc>Wegespinne zwischen der L373 Scheiden-Waldhölzbach und der Landesgrenze</desc>
		<src>SaarForst</src>
	</wpt>
	<wpt lat="49.510499243307514" lon="6.7182866528749221">
		<name>6406-121</name>
		<cmt>Strasse Vierherrenwald 66, dann ca. 600 m geradeaus bis über die Brücke über die L158</cmt>
		<desc>Strasse Vierherrenwald 66, dann ca. 600 m geradeaus bis über die Brücke über die L158</desc>
		<src>SaarForst</src>
	</wpt>
	<wpt lat="49.512934411040177" lon="6.6410969172174248">
		<name>6405-615</name>
		<cmt>Parkplatz Ruheforst</cmt>
		<desc>Parkplatz Ruheforst</desc>
		<src>SaarForst</src>
	</wpt>
	<wpt lat="49.560413873671266" lon="6.7616937770402341">
		<name>6406-107</name>
		<cmt>Wildpark zwischen Waldhölzbach und der Landesgrenze</cmt>
		<desc>Wildpark zwischen Waldhölzbach und der Landesgrenze</desc>
		<src>SaarForst</src>
	</wpt>
	<wpt lat="49.460522086410606" lon="6.7934881846911086">
		<name>6506-155</name>
		<cmt>L156 Oppen-Nunkirchen, Odilienparkplatz</cmt>
		<desc>L156 Oppen-Nunkirchen, Odilienparkplatz</desc>
		<src>SaarForst</src>
	</wpt>
	<wpt lat="49.535405039754991" lon="6.7582829577043837">
		<name>6406-784</name>
		<cmt>L157 Losheim - Waldhölzbach, Abzweigung nach Mitlosheim</cmt>
		<desc>L157 Losheim - Waldhölzbach, Abzweigung nach Mitlosheim</desc>
		<src>SaarForst</src>
	</wpt>
	<wpt lat="49.480593516786513" lon="6.7472376175886026">
		<name>6506-168</name>
		<cmt>L377 Losheim -Rissenthal, Kreuzung der Strasse von Rimlingen nach Wahlen</cmt>
		<desc>L377 Losheim -Rissenthal, Kreuzung der Strasse von Rimlingen nach Wahlen</desc>
		<src>SaarForst</src>
	</wpt>
	<wpt lat="49.545341373941042" lon="6.7382978956361814">
		<name>6406-104</name>
		<cmt>Scheiden, Lannenbach</cmt>
		<desc>Scheiden, Lannenbach</desc>
		<src>SaarForst</src>
	</wpt>
	<wpt lat="49.507496166580786" lon="6.8101475349438072">
		<name>6406-125</name>
		<cmt>ca. 900 m Luftlinie nordöstlich Holzwerkstoff-Fabrik, Herrenwald</cmt>
		<desc>ca. 900 m Luftlinie nordöstlich Holzwerkstoff-Fabrik, Herrenwald</desc>
		<src>SaarForst</src>
	</wpt>
	<wpt lat="49.471413854745052" lon="6.7071130651821562">
		<name>6506-159</name>
		<cmt>Bachem, Fortsetzung der Strasse Zum Kalkofen</cmt>
		<desc>Bachem, Fortsetzung der Strasse Zum Kalkofen</desc>
		<src>SaarForst</src>
	</wpt>
	<wpt lat="49.54918298009531" lon="6.705544357423264">
		<name>6406-114</name>
		<cmt>Ende der Bergener Strasse, dann ca. 1,7 Km parallel zum Rötenbach bis zur Landesgrenze</cmt>
		<desc>Ende der Bergener Strasse, dann ca. 1,7 Km parallel zum Rötenbach bis zur Landesgrenze</desc>
		<src>SaarForst</src>
	</wpt>
	<wpt lat="49.528673603810496" lon="6.7902938654515799">
		<name>6406-127</name>
		<cmt>Radweg Mitlosheim-Rappweiler,Feld-Wald-Grenze,  Ihl</cmt>
		<desc>Radweg Mitlosheim-Rappweiler,Feld-Wald-Grenze,  Ihl</desc>
		<src>SaarForst</src>
	</wpt>
	<wpt lat="49.556949577401333" lon="6.733964930879079">
		<name>6406-116</name>
		<cmt>L373 Scheiden-Waldhölzbach, 200 m nach Ortsausgang links dann 1 Km Waldweg, sog. Scheider Bahnhof</cmt>
		<desc>L373 Scheiden-Waldhölzbach, 200 m nach Ortsausgang links dann 1 Km Waldweg, sog. Scheider Bahnhof</desc>
		<src>SaarForst</src>
	</wpt>
	<wpt lat="49.496306929519008" lon="6.6919109300340915">
		<name>6506-316</name>
		<cmt>L374 ca. 1 Km nach Ortsende Hausbach in Richt. Brotdorf rechts ab in 150 m am Waldrand, Bachemer Land</cmt>
		<desc>L374 ca. 1 Km nach Ortsende Hausbach in Richt. Brotdorf rechts ab in 150 m am Waldrand, Bachemer Land</desc>
		<src>SaarForst</src>
	</wpt>
	<wpt lat="49.475461097653188" lon="6.7607648424761733">
		<name>6506-169</name>
		<cmt>Strasse von Wahlen nach Rissenthal , Abzweigung Handenkreuz</cmt>
		<desc>Strasse von Wahlen nach Rissenthal , Abzweigung Handenkreuz</desc>
		<src>SaarForst</src>
	</wpt>
	<wpt lat="49.51905561722171" lon="6.7421337663498191">
		<name>6406-775</name>
		<cmt>Losheim, Stausee, Einmündung der Strasse aus Richtung Scheiden in die B268</cmt>
		<desc>Losheim, Stausee, Einmündung der Strasse aus Richtung Scheiden in die B268</desc>
		<src>SaarForst</src>
	</wpt>
	<wpt lat="49.491709874024188" lon="6.7183928069245198">
		<name>6506-162</name>
		<cmt>L157 Losheim - Bachem, Waldparkplatz im Losheimer Forst</cmt>
		<desc>L157 Losheim - Bachem, Waldparkplatz im Losheimer Forst</desc>
		<src>SaarForst</src>
	</wpt>
	<wpt lat="49.498593024252393" lon="6.6726766696511248">
		<name>6506-315</name>
		<cmt>Boch scher Wald, Wegespinnel</cmt>
		<desc>Boch scher Wald, Wegespinnel</desc>
		<src>SaarForst</src>
	</wpt>
	<wpt lat="49.502140876189031" lon="6.7171700371821954">
		<name>6406-124</name>
		<cmt>Heimlinger Strasse 52, dann ca. 1 Km geradeaus, Heimlinger Tal</cmt>
		<desc>Heimlinger Strasse 52, dann ca. 1 Km geradeaus, Heimlinger Tal</desc>
		<src>SaarForst</src>
	</wpt>
	<wpt lat="49.456124493942468" lon="6.7513342863183601">
		<name>6506-320</name>
		<cmt>Reimsbach Schützenstrasse 64, weiter entlang Soldatenfriedhof nach ca. 700 m links abbiegen, Hahn</cmt>
		<desc>Reimsbach Schützenstrasse 64, weiter entlang Soldatenfriedhof nach ca. 700 m links abbiegen, Hahn</desc>
		<src>SaarForst</src>
	</wpt>
	<wpt lat="49.467338759801024" lon="6.7774428643552866">
		<name>6506-170</name>
		<cmt>Wahlen, Verlängerung der Hohbergstrasse, Waldrand</cmt>
		<desc>Wahlen, Verlängerung der Hohbergstrasse, Waldrand</desc>
		<src>SaarForst</src>
	</wpt>
	<wpt lat="49.535082200757479" lon="6.7851073934276611">
		<name>6406-788</name>
		<cmt>Mitlosheim, Abzweigung von der L157 in Richtung Rappweiler</cmt>
		<desc>Mitlosheim, Abzweigung von der L157 in Richtung Rappweiler</desc>
		<src>SaarForst</src>
	</wpt>
	<wpt lat="49.514211269825012" lon="6.7014696719949054">
		<name>6406-122</name>
		<cmt>Radweg Hausbach-Losheim, Bachtal</cmt>
		<desc>Radweg Hausbach-Losheim, Bachtal</desc>
		<src>SaarForst</src>
	</wpt>
	<wpt lat="49.541168756627222" lon="6.7202648155176696">
		<name>6406-780</name>
		<cmt>Abzweigung an der L373  Bergen - Scheiden</cmt>
		<desc>Abzweigung an der L373  Bergen - Scheiden</desc>
		<src>SaarForst</src>
	</wpt>
	<wpt lat="49.474184302563117" lon="6.7323613412387369">
		<name>6506-319</name>
		<cmt>Strasse Am Hansenberg 12, dann ca. 430 m weiter geradeaus auf dem Hauptweg</cmt>
		<desc>Strasse Am Hansenberg 12, dann ca. 430 m weiter geradeaus auf dem Hauptweg</desc>
		<src>SaarForst</src>
	</wpt>
	<wpt lat="49.495368254358361" lon="6.7957425921285282">
		<name>6506-323</name>
		<cmt>Dellborner Strasse  79, Dellborner Mühle</cmt>
		<desc>Dellborner Strasse  79, Dellborner Mühle</desc>
		<src>SaarForst</src>
	</wpt>
	<wpt lat="49.526300027010649" lon="6.7340939012118799">
		<name>6406-787</name>
		<cmt>Losheim, Hirzlochshecke, ca. 1 Km nördlich der Abfahrt von der B268</cmt>
		<desc>Losheim, Hirzlochshecke, ca. 1 Km nördlich der Abfahrt von der B268</desc>
		<src>SaarForst</src>
	</wpt>
	<wpt lat="49.507459078943313" lon="6.6695792408332748">
		<name>6406-781</name>
		<cmt>Hausbach, Waldrand am Ende der Mettlacher Strasse</cmt>
		<desc>Hausbach, Waldrand am Ende der Mettlacher Strasse</desc>
		<src>SaarForst</src>
	</wpt>
	<wpt lat="49.511391151825265" lon="6.7862468567524399">
		<name>6406-795</name>
		<cmt>Losheim, Sandgrube nahe der B268 am östlichen Ortsende</cmt>
		<desc>Losheim, Sandgrube nahe der B268 am östlichen Ortsende</desc>
		<src>SaarForst</src>
	</wpt>
	<wpt lat="49.553318389893974" lon="6.757883135228921">
		<name>6406-799</name>
		<cmt>Waldhölzbach, Ende der Grünstadtstrasse, Backhaus am Waldrand</cmt>
		<desc>Waldhölzbach, Ende der Grünstadtstrasse, Backhaus am Waldrand</desc>
		<src>SaarForst</src>
	</wpt>
	<wpt lat="49.525310862429855" lon="6.7781101961153718">
		<name>6406-126</name>
		<cmt>Strasse Flürchen 53, nach ca. 100 m links ab und weitere 250 m zur Rittscheid-Hütte</cmt>
		<desc>Strasse Flürchen 53, nach ca. 100 m links ab und weitere 250 m zur Rittscheid-Hütte</desc>
		<src>SaarForst</src>
	</wpt>
	<wpt lat="49.497245085782467" lon="6.7154817942361902">
		<name>6506-317</name>
		<cmt>L157 Losheim-Bachem am Waldrand rechts ab, dann ca. 1,3 Km Waldweg, Grosser Wald, Stern</cmt>
		<desc>L157 Losheim-Bachem am Waldrand rechts ab, dann ca. 1,3 Km Waldweg, Grosser Wald, Stern</desc>
		<src>SaarForst</src>
	</wpt>
	<wpt lat="49.514492518274132" lon="6.7580699171162202">
		<name>6406-786</name>
		<cmt>Losheim, L157 Abzweigung zum Stadion</cmt>
		<desc>Losheim, L157 Abzweigung zum Stadion</desc>
		<src>SaarForst</src>
	</wpt>
</gpx>